P1_P_PARTKEY,P1_P_NAME,P1_P_MFGR,P1_P_BRAND,P1_P_TYPE,P1_P_SIZE,P1_P_CONTAINER,P1_P_RETAILPRICE,P1_P_COMMENT
1,118385972,119630363,874250391,875838945,7,478264760,90100,1065823369
2,807037427,119630363,874250391,766427479,1,933592180,90200,520267978
3,509878971,769378664,907834889,673944718,21,157931518,90300,331226552
4,728953376,636734202,645096753,933659093,14,661352075,90400,355863097
5,886574316,636734202,92540590,346507224,15,358456330,90500,784561753
6,312911103,358198320,533813379,453561333,4,778442747,90600,1024215909
7,469775222,119630363,100627142,1067412090,45,950309306,90700,3555812
8,155721148,769378664,136548634,314681012,41,244966167,90800,405040307
9,843504670,769378664,323945030,967436704,12,157931518,90900,468827957
10,800754423,572414757,606029594,466715267,44,951436719,91001,355841913
11,296215397,358198320,149312461,580013018,43,633393698,91101,806182678
12,426049557,636734202,461996362,145719540,25,414053841,91201,1014849304
13,428647686,572414757,474336000,454651936,1,881407782,91301,133616985
14,813186086,119630363,874250391,518605273,28,969584240,91401,121108776
15,195689937,119630363,724565089,211230296,45,933592180,91501,244361187
16,211396879,636734202,92540590,154724362,2,150861774,91601,905979306
17,364507211,769378664,323945030,147979726,16,58170374,91701,884027067
18,111526853,119630363,100627142,967436704,42,881407782,91801,665789071
19,20071719,358198320,835727822,602193411,33,633393698,91901,21763927
20,656184891,119630363,805174136,922606174,48,778442747,92002,141364841
21,902899238,636734202,461996362,721449059,31,778442747,92102,213159803
22,1011551535,769378664,323945030,243251345,19,244966167,92202,963117170
23,970287460,636734202,912325741,217336653,42,862246538,92302,760805562
24,995112974,572414757,941774389,361008659,20,442629192,92402,602252197
25,84828020,572414757,474336000,743324822,3,914094596,92502,378088038
26,1056285133,636734202,92540590,903722543,32,685251842,92602,305139165
27,107059012,119630363,87904542,917505307,20,537974151,92702,582294294
28,952336789,769378664,136548634,1067412090,19,478264760,92802,814231654
29,806147217,636734202,461996362,240866317,7,244966167,92902,249271274
30,857569158,769378664,907834889,565302581,17,58170374,93003,782896109
31,997598465,572414757,1017314817,164223055,10,439432863,93103,547225781
32,827975038,769378664,907834889,199004570,31,933592180,93203,628995418
33,874497931,358198320,204013689,541259438,16,132859125,93303,454958815
34,656133558,119630363,874250391,806151297,8,969584240,93403,153543379
35,403016042,769378664,323945030,535706930,14,881407782,93503,466063937
36,53635152,358198320,149312461,57114535,3,1065123627,93603,601738542
37,1046338571,769378664,600616823,235794965,48,969584240,93703,767763964
38,970845133,769378664,323945030,448959962,11,1073378685,93803,295525661
39,695066165,572414757,1017314817,888362333,43,862246538,93903,462507655
40,966180493,358198320,149312461,1050502102,27,685251842,94004,344423739
41,703396054,358198320,835727822,741356596,7,990172696,94104,468340567
42,683184763,572414757,941774389,217336653,45,58170374,94204,858792128
43,657177096,769378664,136548634,145327273,5,157931518,94304,482760473
44,298980683,769378664,600616823,458807834,48,135724418,94404,737958861
45,46787591,769378664,323945030,763732228,9,275045273,94504,897147804
46,706779707,119630363,100627142,346507224,45,157931518,94604,843130251
47,869098102,769378664,600616823,651423291,14,881407782,94704,806839865
48,1014657095,572414757,1017314817,376126556,27,414053841,94804,373948739
49,104850864,358198320,533813379,721449059,31,661352075,94904,1061358535
50,622678982,636734202,461996362,917505307,25,841823385,95005,618177416
51,989098779,769378664,600616823,169105916,34,881407782,95105,557176065
52,1062782975,636734202,912325741,1015815959,25,157931518,95205,82953439
53,766205912,358198320,835727822,169105916,32,778442747,95305,532559622
54,718361134,358198320,92998158,454390549,19,157931518,95405,621426579
55,1033166729,358198320,835727822,908313182,9,778442747,95505,294232108
56,966773182,119630363,805174136,361008659,20,110255164,95605,514149486
57,666186119,636734202,92540590,773509879,49,537974151,95705,556462397
58,380547794,572414757,1017314817,346507224,44,376446406,95805,179086280
59,316993899,572414757,1017314817,711216073,2,439432863,95905,1007862368
60,899789265,119630363,100627142,513079986,27,414053841,96006,736975196
61,592050150,572414757,606029594,568963210,18,110255164,96106,1058341675
62,507705161,636734202,912325741,90946057,39,969584240,96206,150633864
63,862105307,636734202,92540590,580013018,10,1065123627,96306,1014849304
64,4362356,358198320,92998158,535706930,1,1065123627,96406,552003942
65,574043975,572414757,1017314817,525949287,3,128251339,96506,669356091
66,244492405,636734202,912325741,438953653,46,685251842,96606,424857292
67,1023291104,358198320,92998158,1037151810,31,110255164,96706,938111473
68,922026661,119630363,100627142,837770402,10,633393698,96806,1037492364
69,139087832,572414757,941774389,921540355,2,538046931,96906,392706770
70,22172411,119630363,100627142,376126556,42,376446406,97007,742633998
71,126005339,636734202,461996362,61542427,26,110255164,97107,942123952
72,272646535,358198320,835727822,699898675,25,881407782,97207,943328220
73,44081997,358198320,92998158,6071928,35,110255164,97307,467936068
74,965834411,572414757,474336000,448959962,25,414053841,97407,134984289
75,295839207,636734202,912325741,568963210,39,1073378685,97507,856007824
76,1038055771,636734202,645096753,525949287,9,358456330,97607,499745078
77,688227175,572414757,941774389,743324822,13,537974151,97707,500382765
78,529910270,119630363,87904542,626184819,24,912561269,97807,1031484992
79,661055314,769378664,600616823,676027218,22,914094596,97907,360583070
80,488764984,769378664,136548634,592282916,28,128251339,98008,1055530218
81,666674662,572414757,1017314817,886566218,21,778442747,98108,983542495
82,839725726,119630363,724565089,47982338,12,633393698,98208,631718318
83,357892527,119630363,805174136,361625467,47,476280133,98308,267254249
84,145794983,769378664,600616823,602193411,26,881407782,98408,928906224
85,670026467,572414757,474336000,438953653,16,439432863,98508,767763964
86,934979169,769378664,136548634,70352832,37,933592180,98608,229021517
87,378054583,769378664,445865090,794589534,41,793473108,98708,1020813924
88,313506867,769378664,136548634,240866317,16,685251842,98808,423278257
89,65407221,572414757,1017314817,816586290,7,722772889,98908,870235649
90,321934862,572414757,303571634,626184819,49,1065123627,99009,926598350
91,152086538,358198320,92998158,164223055,32,478264760,99109,289340756
92,1064267566,358198320,204013689,699898675,35,478264760,99209,870884981
93,167550403,358198320,533813379,917505307,2,110255164,99309,752196044
94,854621756,636734202,912325741,673944718,32,538046931,99409,469861338
95,1060528753,636734202,461996362,444697879,36,110255164,99509,745833257
96,704667772,572414757,1017314817,376126556,32,685251842,99609,14495753
97,86017897,636734202,461996362,921540355,49,330741533,99709,593496104
98,719022389,572414757,606029594,481146443,22,722772889,99809,884823639
99,585375707,358198320,92998158,967436704,11,478264760,99909,104431717
100,951251505,636734202,461996362,741356596,4,439432863,100010,847512124
101,694214883,636734202,92540590,856766955,26,862246538,100110,5076515
102,741318197,636734202,930522560,773509879,17,522444752,100210,532190141
103,308157625,358198320,149312461,491245267,45,110255164,100310,217248844
104,525039728,119630363,874250391,145719540,36,914094596,100410,172307976
105,488572474,119630363,724565089,746289111,27,244966167,100510,760781945
106,241018237,636734202,930522560,491245267,28,110255164,100610,185123723
107,77633134,572414757,1017314817,721449059,12,698851713,100710,717194492
108,1025248710,119630363,805174136,438615957,41,537974151,100810,885463693
109,16461894,636734202,461996362,47982338,11,376446406,100910,837289919
110,153401619,636734202,461996362,1055765761,46,244966167,101011,824341019
111,570160959,572414757,606029594,67819486,28,862246538,101111,726626734
112,449835147,769378664,323945030,498021420,42,1065123627,101211,885951661
113,146250680,636734202,930522560,138684891,23,951436719,101311,746393802
114,792441503,572414757,303571634,1039792716,41,150861774,101411,290518257
115,775107196,769378664,600616823,619639013,24,128251339,101511,298222436
116,62205468,572414757,1017314817,271753333,33,135724418,101611,298430814
117,439641042,119630363,87904542,1037151810,25,439432863,101711,926962481
118,675206225,358198320,149312461,565302581,31,150861774,101811,698772295
119,487030919,769378664,323945030,384902664,30,157931518,101911,1000440509
120,270746906,119630363,87904542,602193411,45,990172696,102012,583680001
121,77856106,119630363,87904542,908313182,13,358456330,102112,394994632
122,218286727,358198320,92998158,852051094,8,244966167,102212,479928225
123,203195672,119630363,805174136,721449059,31,478264760,102312,602446650
124,810003055,636734202,92540590,837770402,1,58170374,102411,209864198
125,833502442,119630363,805174136,90946057,17,275045273,102511,443389082
126,49296640,769378664,600616823,884593886,4,439432863,102611,377243789
127,303525504,572414757,941774389,568963210,14,912561269,102711,889968323
128,1048658084,358198320,204013689,154724362,5,950309306,102811,80392151
129,929215624,119630363,724565089,235794965,20,1073378685,102911,164154012
130,970364369,358198320,835727822,114745743,26,58170374,103013,436467544
131,332088380,572414757,941774389,481146443,43,661352075,103113,91886956
132,115969157,769378664,600616823,418834743,2,110255164,103213,579425040
133,159590722,119630363,874250391,763732228,19,132859125,103313,745833257
134,716635760,769378664,907834889,518605273,35,358456330,103413,633242744
135,722097412,358198320,92998158,311261128,24,414053841,103513,886770411
136,254329194,358198320,204013689,120107870,2,275045273,103613,254242266
137,286894029,636734202,930522560,35270045,25,150861774,103713,427258411
138,927225691,119630363,874250391,1050502102,42,857897645,103813,720986795
139,706439802,636734202,92540590,724890420,7,538046931,103913,210866289
140,902789692,572414757,1017314817,658772357,45,538046931,104014,823516584
141,434230764,636734202,912325741,299338386,23,358456330,104114,94740041
142,57836387,572414757,474336000,481146443,36,722772889,104214,159115613
143,758820900,636734202,645096753,16209127,44,778442747,104314,57723420
144,568042991,119630363,87904542,327822938,26,538046931,104414,452586454
145,178372771,572414757,1017314817,130450140,24,950309306,104514,341939967
146,30388751,636734202,645096753,743324822,11,793473108,104614,13980833
147,484905554,119630363,100627142,857999317,29,478264760,104714,164750435
148,113349063,636734202,930522560,658772357,20,538046931,104814,957624828
149,697733212,358198320,533813379,454651936,6,537974151,104914,910717011
150,354929248,636734202,912325741,444697879,21,950309306,105015,194197359
151,464540134,636734202,645096753,725491806,45,128251339,105115,513245478
152,1068529210,572414757,1017314817,983763394,48,442629192,105215,752330221
153,85719756,119630363,100627142,70352832,20,778442747,105315,127866162
154,911311984,119630363,100627142,741356596,1,914094596,105415,633046464
155,257252230,358198320,92998158,763732228,28,157931518,105515,629324968
156,505355801,769378664,323945030,714209204,2,132859125,105615,846907795
157,315221329,119630363,100627142,958677645,26,881407782,105715,137020443
158,245910191,769378664,600616823,436355334,47,912561269,105815,567521567
159,701165297,769378664,323945030,773719241,46,950309306,105915,247364740
160,136487480,572414757,474336000,253772148,47,1065123627,106016,755190966
161,297437855,358198320,204013689,70352832,17,135724418,106116,392797038
162,453057105,636734202,461996362,487409015,35,881407782,106216,893678580
163,483389172,358198320,92998158,16209127,34,110255164,106316,954615340
164,896983860,358198320,835727822,725491806,35,914094596,106416,306172004
165,962232332,119630363,724565089,658772357,24,476280133,106516,973277069
166,35735621,572414757,941774389,513079986,4,778442747,106616,347251351
167,637748296,636734202,92540590,856766955,46,633393698,106716,949661327
168,617811790,119630363,874250391,6071928,20,857897645,106816,757330576
169,343339192,572414757,474336000,673944718,10,414053841,106916,620136076
170,1012265776,636734202,461996362,513079986,28,244966167,107017,706128345
171,334470337,119630363,100627142,1055765761,40,912561269,107117,727674733
172,70148126,572414757,1017314817,438615957,28,442629192,107217,758883846
173,921126439,119630363,805174136,711889679,17,933592180,107317,533087559
174,362563736,119630363,724565089,908313182,25,933592180,107417,295963190
175,541133309,119630363,100627142,565302581,45,862246538,107517,615632130
176,591712145,358198320,533813379,470953656,40,128251339,107617,830698109
177,554298299,358198320,92998158,724890420,42,439432863,107717,1071625745
178,238536531,119630363,874250391,346507224,10,912561269,107817,593197909
179,701543198,769378664,323945030,147979726,20,912561269,107917,125017973
180,795694579,636734202,461996362,580013018,7,275045273,108018,417976896
181,277682663,358198320,533813379,361008659,19,330741533,108118,977849009
182,612677291,636734202,930522560,487409015,11,1065123627,108218,653270402
183,830759144,572414757,941774389,145327273,35,132859125,108318,772524077
184,514074826,572414757,1017314817,888362333,42,58170374,108418,748632318
185,840805080,769378664,136548634,47982338,4,275045273,108518,888660919
186,516336464,358198320,835727822,886566218,15,478264760,108618,652870879
187,423110028,769378664,600616823,676027218,45,128251339,108718,969257138
188,1042675439,572414757,606029594,448959962,9,128251339,108818,978557855
189,547742798,358198320,204013689,703164306,13,110255164,108918,903401268
190,207432970,572414757,1017314817,176313533,23,275045273,109019,146146017
191,770869374,636734202,930522560,921540355,36,633393698,109119,24309514
192,370127924,636734202,645096753,743324822,17,778442747,109219,718225729
193,27563124,769378664,600616823,1050489664,31,358456330,109319,553563271
194,205239242,572414757,303571634,626184819,7,476280133,109419,860898171
195,18942457,769378664,445865090,745479360,40,442629192,109519,439235722
196,480983251,636734202,461996362,568963210,3,862246538,109619,595567308
197,654692631,572414757,941774389,694894798,18,1073378685,109719,563158564
198,851920748,769378664,445865090,454716506,43,135724418,109819,187262581
199,337151207,636734202,930522560,35270045,23,857897645,109919,487027921
200,211058272,572414757,606029594,921540355,22,132859125,110020,1008196750
201,270601363,769378664,907834889,518605273,18,914094596,110120,1032808045
202,506341925,769378664,600616823,525949287,49,661352075,110220,634181952
203,3566095,572414757,474336000,299338386,42,778442747,110320,253194459
204,482748,572414757,606029594,454390549,22,1073378685,110420,542226316
205,250114828,572414757,606029594,541259438,2,857897645,110520,487856473
206,511558299,358198320,149312461,734914638,23,1065123627,110620,778240016
207,900209927,636734202,912325741,78432743,48,128251339,110720,233445180
208,301720131,636734202,912325741,980796360,5,150861774,110820,571230219
209,667532679,119630363,100627142,35270045,6,128251339,110920,1049937930
210,908257837,636734202,92540590,711889679,5,912561269,111021,483899311
211,595929793,636734202,92540590,421194723,43,132859125,111121,107790682
212,393385865,572414757,1017314817,189529079,42,969584240,111221,19817516
213,816543215,636734202,912325741,746289111,14,330741533,111321,230116597
214,607985351,769378664,445865090,592282916,30,439432863,111421,46843934
215,675859119,572414757,941774389,169105916,19,135724418,111521,889210795
216,447780461,769378664,600616823,973625706,35,722772889,111621,801812633
217,699239796,572414757,941774389,240866317,44,661352075,111721,400899926
218,146925296,769378664,445865090,314681012,24,793473108,111821,203693938
219,746074176,769378664,600616823,676027218,31,722772889,111921,1022868405
220,116205342,119630363,87904542,189529079,25,442629192,112022,713902811
221,53474838,572414757,303571634,130450140,7,244966167,112122,186212646
222,525162364,636734202,461996362,211230296,35,933592180,112222,730600650
223,315433277,636734202,461996362,856766955,29,778442747,112322,738553757
224,97948060,119630363,874250391,477013090,46,633393698,112422,282375787
225,187670654,769378664,600616823,886566218,23,442629192,112522,460977977
226,800337260,636734202,461996362,837770402,7,358456330,112622,415680853
227,144847908,769378664,136548634,1037151810,21,376446406,112722,675178141
228,251418391,769378664,136548634,35270045,12,522444752,112822,907366447
229,667313952,119630363,724565089,518605273,19,128251339,112922,196100433
230,785808166,572414757,303571634,658772357,20,358456330,113023,940916760
231,137292317,572414757,303571634,436355334,17,150861774,113123,819400230
232,829393187,572414757,1017314817,176313533,50,358456330,113223,334779162
233,769925835,636734202,645096753,535706930,25,135724418,113323,775708131
234,212149817,119630363,874250391,421194723,26,633393698,113423,494667620
235,95477268,636734202,92540590,908313182,4,722772889,113523,263820386
236,692528560,572414757,474336000,958677645,31,912561269,113623,734760472
237,703604577,358198320,149312461,1039281776,49,522444752,113723,974383466
238,1041695373,636734202,645096753,888362333,35,951436719,113823,132766875
239,1030516106,358198320,533813379,262774092,36,110255164,113923,274459239
240,667268392,636734202,92540590,454651936,1,951436719,114024,728713863
241,4455451,572414757,303571634,743324822,3,157931518,114124,34719755
242,559331138,636734202,912325741,518605273,42,439432863,114224,25827760
243,631391531,636734202,92540590,145719540,49,538046931,114324,285684215
244,523079635,572414757,303571634,1050489664,48,58170374,114424,1018113796
245,208170345,358198320,835727822,409851523,39,478264760,114524,485705970
246,629802090,358198320,92998158,189529079,18,476280133,114624,362849323
247,450977930,572414757,1017314817,651423291,4,881407782,114724,190030982
248,545495914,119630363,724565089,933659093,8,150861774,114824,675715093
249,884075339,769378664,136548634,1050489664,15,912561269,114924,341313016
250,271674756,769378664,136548634,271753333,35,157931518,115025,930368057
251,600847300,119630363,724565089,745479360,41,330741533,115125,70225037
252,508543998,119630363,100627142,438615957,22,110255164,115225,111644880
253,866857330,769378664,600616823,565302581,16,132859125,115325,941298659
254,264852172,769378664,136548634,458807834,10,722772889,115425,383615802
255,801885278,358198320,92998158,734914638,24,1065123627,115525,165945479
256,456914775,636734202,92540590,1039281776,2,522444752,115625,470082799
257,476564212,769378664,445865090,568793734,11,1073378685,115725,283057464
258,90552299,769378664,323945030,574905389,18,110255164,115825,1012052660
259,416408806,358198320,835727822,188881828,41,793473108,115925,468459580
260,610087950,572414757,474336000,299338386,10,439432863,116026,545915097
261,898805128,769378664,445865090,346507224,44,881407782,116126,172305620
262,209303987,572414757,941774389,973625706,16,914094596,116226,452715272
263,145569506,119630363,87904542,1050502102,46,442629192,116326,855039125
264,162479368,119630363,87904542,721449059,23,476280133,116426,1038317923
265,1015000941,769378664,323945030,518605273,19,157931518,116526,547620510
266,69818454,769378664,323945030,147979726,25,244966167,116626,530665778
267,201782041,358198320,533813379,749720854,41,881407782,116726,557436621
268,160113565,358198320,204013689,973625706,8,722772889,116826,303224605
269,401204474,119630363,874250391,725491806,5,633393698,116926,421289543
270,617595801,358198320,149312461,875838945,45,778442747,117027,652769798
271,1013279114,572414757,941774389,240866317,32,537974151,117127,1037298540
272,36277071,572414757,941774389,749720854,39,132859125,117227,461397314
273,355845863,358198320,149312461,90946057,50,58170374,117327,809533269
274,716956199,358198320,835727822,983763394,46,912561269,117427,923899271
275,31823313,769378664,600616823,651423291,37,538046931,117527,464362419
276,74687094,358198320,149312461,6071928,5,912561269,117627,756160517
277,934609855,769378664,323945030,251067217,49,862246538,117727,433898612
278,368684017,769378664,907834889,580013018,49,1073378685,117827,812855918
279,904193802,636734202,912325741,773719241,27,442629192,117927,718493124
280,836217402,358198320,92998158,816586290,33,951436719,118028,80211198
281,909458087,119630363,805174136,120107870,7,128251339,118128,628210681
282,737794039,119630363,100627142,6071928,44,330741533,118228,683002868
283,509156213,119630363,805174136,128219234,8,522444752,118328,211489322
284,110846587,572414757,303571634,568793734,9,661352075,118428,790208769
285,407154647,358198320,149312461,917505307,42,135724418,118528,867233102
286,562743596,572414757,1017314817,711216073,1,157931518,118628,315398026
287,246453650,119630363,724565089,114745743,27,522444752,118728,480574026
288,960163233,358198320,835727822,418834743,31,685251842,118828,1072164851
289,603331052,769378664,323945030,138684891,40,933592180,118928,36609814
290,443696902,119630363,805174136,651423291,19,862246538,119029,1062503693
291,746681330,572414757,606029594,199004570,26,1073378685,119129,75256721
292,82874189,119630363,805174136,114745743,2,128251339,119229,1037565444
293,918578976,572414757,941774389,619639013,24,135724418,119329,566659385
294,196040821,358198320,533813379,47982338,35,1073378685,119429,266916009
295,379783475,358198320,149312461,454651936,49,862246538,119529,775708131
296,813713848,119630363,874250391,651423291,28,358456330,119629,644247981
297,791221089,358198320,204013689,466715267,23,376446406,119729,209556114
298,567073501,769378664,600616823,130450140,13,1065123627,119829,248405645
299,1021198577,769378664,445865090,574905389,26,841823385,119929,193259335
300,1033873549,769378664,136548634,676027218,1,793473108,120030,890760493
301,341384320,769378664,907834889,147979726,6,330741533,120130,304408119
302,719794431,769378664,445865090,243251345,34,950309306,120230,378790167
303,608699396,769378664,600616823,199004570,7,414053841,120330,524263840
304,877531699,769378664,323945030,714209204,12,244966167,120430,107001962
305,154730100,119630363,724565089,327822938,6,950309306,120530,347428187
306,519295623,636734202,461996362,568963210,25,132859125,120630,483616919
307,723542815,358198320,92998158,651423291,30,110255164,120730,923938749
308,666520641,358198320,92998158,418834743,40,990172696,120830,537394184
309,842378192,769378664,907834889,734914638,49,478264760,120930,164154237
310,636641666,119630363,87904542,426551212,32,722772889,121031,802866872
311,1056801465,769378664,136548634,458807834,18,244966167,121131,799335477
312,667032293,636734202,92540590,1002109111,29,442629192,121231,1061378207
313,829476243,636734202,645096753,116158500,13,793473108,121331,824518980
314,853854715,636734202,912325741,658772357,14,244966167,121431,696054100
315,767771381,358198320,835727822,211230296,20,912561269,121531,629940229
316,879724886,769378664,445865090,100881916,9,442629192,121631,234636256
317,710369511,119630363,724565089,384902664,34,969584240,121731,971977587
318,582092693,119630363,805174136,361625467,20,414053841,121831,892966925
319,230178197,636734202,930522560,217336653,44,58170374,121931,368377269
320,409736524,572414757,1017314817,856766955,26,110255164,122032,572056041
321,1051712,572414757,303571634,958677645,9,1073378685,122132,797044915
322,365116379,636734202,912325741,658772357,32,414053841,122232,1046075064
323,417914094,769378664,445865090,703164306,15,442629192,122332,874738002
324,907130304,358198320,149312461,128219234,36,950309306,122432,637683378
325,513216072,119630363,724565089,980796360,22,150861774,122532,296198824
326,690628232,636734202,645096753,856766955,48,1065123627,122632,333323380
327,934557768,358198320,835727822,243251345,14,135724418,122732,267856385
328,203868613,636734202,645096753,58654230,24,414053841,122832,546283474
329,170235052,636734202,930522560,421194723,21,132859125,122932,394265026
330,684972726,636734202,912325741,980796360,18,912561269,123033,641557090
331,479882334,358198320,149312461,57114535,15,990172696,123133,103259432
332,1028673959,358198320,533813379,90946057,14,476280133,123233,788414537
333,812557498,358198320,92998158,568793734,1,244966167,123333,1032304956
334,198588694,636734202,930522560,199004570,32,912561269,123433,795682204
335,927478516,636734202,92540590,6071928,3,1073378685,123533,904276756
336,869339457,358198320,149312461,565302581,3,990172696,123633,28913626
337,242194121,358198320,835727822,525949287,29,661352075,123733,56799991
338,810911470,119630363,87904542,734914638,26,862246538,123833,134497164
339,1003833608,358198320,835727822,875838945,14,376446406,123933,686551976
340,190126414,358198320,835727822,164223055,3,969584240,124033,979096338
341,225360087,769378664,600616823,58654230,34,537974151,124133,898968547
342,272481899,769378664,323945030,176313533,37,1065123627,124233,146858576
343,716810536,636734202,912325741,438953653,7,1073378685,124333,795913196
344,526353880,769378664,600616823,917505307,39,538046931,124433,173517753
345,156070495,769378664,600616823,169105916,22,951436719,124533,890530593
346,1065835871,572414757,303571634,908313182,8,132859125,124633,281810
347,847219954,636734202,645096753,327822938,28,275045273,124733,87862040
348,823143983,572414757,1017314817,983763394,16,633393698,124833,839719477
349,266180939,358198320,533813379,169105916,12,722772889,124933,529426143
350,703523077,636734202,92540590,649360893,25,330741533,125034,6646990
351,851439621,636734202,92540590,70352832,48,330741533,125134,777196000
352,301723180,769378664,907834889,773509879,44,1065123627,125234,858808679
353,795437711,636734202,645096753,314681012,43,990172696,125334,454411908
354,466534501,769378664,907834889,1002109111,38,951436719,125434,56625008
355,997826188,572414757,941774389,431513001,16,862246538,125534,612028125
356,433340797,119630363,87904542,745479360,46,275045273,125634,560035759
357,841378437,769378664,907834889,78432743,19,522444752,125734,400009899
358,87764212,358198320,533813379,673944718,39,881407782,125834,837100013
359,756472159,636734202,912325741,592282916,19,244966167,125934,973236002
360,1011237135,636734202,912325741,746289111,14,633393698,126035,372501762
361,344259653,572414757,941774389,694894798,42,110255164,126135,1067029067
362,469484510,119630363,874250391,568793734,9,914094596,126235,393458157
363,634470089,358198320,204013689,535706930,16,990172696,126335,798541348
364,696852273,769378664,323945030,894497667,21,537974151,126435,1038647754
365,152813885,636734202,930522560,518605273,8,951436719,126535,1022331252
366,803047709,572414757,1017314817,275404538,46,110255164,126635,13980833
367,958385931,358198320,835727822,61542427,2,881407782,126735,604924084
368,887110281,572414757,941774389,886566218,8,135724418,126835,462268311
369,1024432145,358198320,92998158,775829305,11,538046931,126935,71526855
370,819027622,572414757,941774389,67819486,46,969584240,127036,871291114
371,767373855,769378664,600616823,91948629,27,778442747,127136,632813852
372,945451063,636734202,92540590,856766955,35,951436719,127236,884027067
373,580789386,572414757,1017314817,70352832,37,881407782,127336,685501898
374,355563129,119630363,100627142,794589534,18,698851713,127436,598377471
375,683780201,119630363,724565089,775829305,16,862246538,127536,461066183
376,115188919,769378664,136548634,724890420,44,358456330,127636,225942563
377,375214102,769378664,136548634,1055765761,16,633393698,127736,980845915
378,1060935284,636734202,92540590,1067412090,45,881407782,127836,53715679
379,777648593,636734202,461996362,626184819,5,685251842,127936,447229314
380,658984966,769378664,445865090,444697879,6,857897645,128038,526449054
381,580949899,572414757,1017314817,91948629,37,933592180,128138,533969984
382,973671468,769378664,445865090,749720854,4,476280133,128238,345976123
383,760897944,358198320,835727822,6071928,45,135724418,128338,794531814
384,768159742,769378664,323945030,1015815959,2,330741533,128438,239102646
385,382486847,119630363,805174136,70352832,41,990172696,128538,167181651
386,106088360,119630363,874250391,658772357,4,538046931,128638,541940253
387,82912376,636734202,645096753,67819486,23,157931518,128738,190991197
388,814960995,119630363,100627142,619639013,20,132859125,128838,329918683
389,917135224,119630363,100627142,116158500,16,537974151,128938,900160742
390,585201491,572414757,606029594,694894798,24,661352075,129039,414005523
391,53901445,769378664,445865090,120107870,18,376446406,129139,844551407
392,1030515703,769378664,907834889,525949287,21,538046931,129239,434350499
393,371222659,636734202,645096753,888267572,36,1065123627,129339,952213120
394,716112805,119630363,100627142,983763394,33,722772889,129439,620273189
395,85205573,636734202,92540590,773509879,9,58170374,129539,548394132
396,581087503,636734202,912325741,57114535,37,685251842,129639,261158862
397,169295702,119630363,724565089,91322759,3,862246538,129739,113030600
398,142890961,636734202,92540590,884593886,32,522444752,129839,570420705
399,15356525,358198320,92998158,766427479,37,275045273,129939,810759382
400,22477874,358198320,92998158,500347223,32,538046931,130040,249157591
401,218069239,358198320,92998158,626184819,10,358456330,130140,808820582
402,899016091,769378664,600616823,211230296,16,135724418,130240,776995298
403,588275569,769378664,600616823,311261128,19,857897645,130340,470325259
404,230256606,769378664,445865090,649360893,9,685251842,130440,391501423
405,835575220,636734202,645096753,90946057,17,990172696,130540,443257362
406,535000447,358198320,92998158,658772357,43,862246538,130640,765222087
407,149157188,572414757,1017314817,894497667,39,1073378685,130740,196859553
408,248008977,358198320,533813379,145327273,4,537974151,130840,463472253
409,123877000,769378664,136548634,114745743,40,442629192,130940,982358419
410,690638404,358198320,149312461,888267572,36,969584240,131041,136852847
411,778929192,119630363,805174136,275404538,17,857897645,131141,351452410
412,1056101878,119630363,87904542,470953656,33,841823385,131241,802691069
413,120411387,636734202,461996362,453561333,49,537974151,131341,942883082
414,613668741,769378664,445865090,967436704,50,157931518,131441,316465102
415,854495606,358198320,204013689,487409015,42,522444752,131541,845212650
416,425141252,119630363,874250391,983763394,11,990172696,131641,462091845
417,966128914,119630363,87904542,458807834,31,439432863,131741,176714611
418,203090531,119630363,100627142,421194723,32,862246538,131841,220827647
419,614371717,769378664,323945030,886566218,42,275045273,131941,529778189
420,926180453,358198320,835727822,116158500,15,912561269,132042,798786859
421,833006945,119630363,805174136,794589534,36,793473108,132142,267856385
422,403925553,636734202,461996362,346507224,16,951436719,132242,725209959
423,94371262,636734202,930522560,189529079,2,1073378685,132342,54746360
424,553201196,636734202,645096753,1037151810,9,933592180,132442,769139532
425,883923577,636734202,92540590,498021420,23,969584240,132542,593127049
426,161960984,119630363,87904542,649360893,42,793473108,132642,1014389385
427,785312649,358198320,204013689,361625467,47,1065123627,132742,328017543
428,965371385,572414757,606029594,1039281776,14,414053841,132842,375880048
429,418839917,769378664,600616823,908313182,21,661352075,132942,1067824290
430,617689806,636734202,645096753,361625467,34,128251339,133043,441032940
431,641846143,769378664,600616823,711216073,30,135724418,133143,583293039
432,802130191,358198320,92998158,491245267,6,722772889,133243,1045816612
433,1025406359,119630363,805174136,1015815959,2,135724418,133343,222088905
434,688124043,572414757,303571634,1050502102,20,914094596,133443,867834008
435,157721780,636734202,912325741,448959962,17,275045273,133543,665204830
436,228606374,119630363,87904542,749720854,50,157931518,133643,246212735
437,216557411,572414757,606029594,16209127,17,793473108,133743,9113847
438,835600587,119630363,724565089,1039281776,31,244966167,133843,60312946
439,866594439,358198320,92998158,217336653,32,358456330,133943,921870027
440,560975283,636734202,645096753,1050489664,22,442629192,134044,449045032
441,210165964,636734202,912325741,1002109111,24,698851713,134144,546884463
442,777318423,769378664,445865090,1039281776,22,150861774,134244,934055241
443,5589581,769378664,136548634,418834743,10,538046931,134344,186379813
444,29323969,636734202,92540590,487409015,42,912561269,134444,471348068
445,198910553,119630363,805174136,176313533,47,522444752,134544,530648381
446,373320038,119630363,805174136,580013018,11,157931518,134644,764066531
447,32013110,572414757,1017314817,1055765761,22,912561269,134744,143167852
448,353859376,119630363,874250391,243251345,31,951436719,134844,261628594
449,833555938,358198320,149312461,703164306,47,914094596,134944,771061068
450,250836415,769378664,323945030,217336653,23,685251842,135045,675726292
451,296355301,769378664,907834889,154724362,28,110255164,135145,113795035
452,774149468,119630363,100627142,299338386,48,969584240,135245,370273867
453,1068707489,636734202,645096753,741356596,20,933592180,135345,993526431
454,635176766,572414757,1017314817,311261128,32,58170374,135445,924940926
455,573476141,358198320,204013689,766427479,18,722772889,135545,750838795
456,941360390,572414757,1017314817,243251345,40,358456330,135645,1027883197
457,625978837,572414757,941774389,888362333,46,476280133,135745,290864788
458,553531943,358198320,204013689,130450140,38,778442747,135845,357271859
459,269228668,358198320,835727822,421194723,27,135724418,135945,158039428
460,939021123,636734202,912325741,481146443,47,857897645,136046,1020457344
461,1043547374,572414757,606029594,1037151810,44,414053841,136146,503031261
462,585141172,572414757,606029594,773509879,11,330741533,136246,250249913
463,754911756,358198320,92998158,487409015,48,150861774,136346,800611190
464,970264087,769378664,907834889,176313533,34,58170374,136446,732002315
465,908732025,769378664,907834889,775829305,12,722772889,136546,860208968
466,498353596,636734202,461996362,243251345,12,132859125,136646,776113432
467,224394118,358198320,533813379,816586290,48,881407782,136746,712536577
468,572593888,769378664,445865090,311261128,24,135724418,136846,187293586
469,915095615,119630363,874250391,983763394,43,841823385,136946,531029228
470,867031702,358198320,533813379,164223055,38,414053841,137047,427739400
471,255713418,119630363,100627142,806151297,21,914094596,137147,446236086
472,442553166,636734202,930522560,130450140,24,1073378685,137247,720090346
473,827907965,119630363,805174136,35270045,2,661352075,137347,120295951
474,71119408,119630363,87904542,35270045,45,376446406,137447,985419171
475,757746307,636734202,645096753,649360893,30,150861774,137547,280273637
476,775276428,636734202,461996362,253772148,33,793473108,137647,417301393
477,85931808,119630363,100627142,91948629,35,914094596,137747,485708908
478,701562193,769378664,600616823,253772148,11,442629192,137847,212789134
479,607958351,358198320,149312461,361008659,35,950309306,137947,1021184475
480,80892628,572414757,606029594,145719540,31,633393698,138048,904948098
481,688611679,119630363,87904542,773509879,17,881407782,138148,792777842
482,1033276767,572414757,1017314817,983763394,11,522444752,138248,411741422
483,400435404,119630363,724565089,487409015,9,358456330,138348,330060904
484,572240252,119630363,724565089,921540355,34,685251842,138448,221406276
485,452993609,636734202,930522560,453561333,44,912561269,138548,1072533702
486,671118104,769378664,600616823,1067412090,15,537974151,138648,322776517
487,444095411,572414757,941774389,6071928,43,793473108,138748,378261294
488,248363824,358198320,92998158,592282916,47,862246538,138848,780226739
489,624452202,358198320,204013689,1039281776,36,951436719,138948,890197429
490,669871660,769378664,445865090,114745743,11,698851713,139049,718407867
491,509977420,636734202,930522560,775829305,42,722772889,139149,462391246
492,1052074212,769378664,907834889,525949287,13,857897645,139249,309108515
493,916792761,769378664,600616823,773509879,8,537974151,139349,507130452
494,39095788,769378664,907834889,745479360,40,537974151,139449,83241631
495,624198474,769378664,907834889,550351346,28,537974151,139549,268463620
496,41557307,119630363,805174136,90946057,11,950309306,139649,109742142
497,206225119,358198320,149312461,154724362,1,476280133,139749,245355956
498,1043786708,358198320,149312461,983763394,21,157931518,139849,418181678
499,790901268,636734202,912325741,1067412090,38,478264760,139949,24617536
500,294566419,769378664,445865090,983763394,13,1073378685,140050,909209469
501,84041487,769378664,600616823,57114535,37,950309306,140150,483662509
502,1056765005,358198320,92998158,128219234,6,857897645,140250,227977482
503,517598425,358198320,533813379,454716506,30,358456330,140350,792158841
504,1059972190,358198320,533813379,498021420,10,1073378685,140450,634527065
505,862120230,769378664,907834889,61542427,32,990172696,140550,145978810
506,256723505,119630363,87904542,454716506,30,793473108,140650,292475522
507,16429461,769378664,323945030,773719241,20,685251842,140750,691544586
508,30943726,119630363,87904542,917505307,40,841823385,140850,777609336
509,563266935,119630363,874250391,884593886,30,128251339,140950,94008649
510,1036571084,769378664,323945030,114745743,25,881407782,141051,76241174
511,192944591,119630363,724565089,743324822,2,912561269,141151,757330576
512,59875078,572414757,303571634,809135577,18,376446406,141251,34802814
513,789839502,636734202,92540590,724890420,10,330741533,141351,70145354
514,611976156,769378664,907834889,749720854,10,969584240,141451,14489298
515,508642058,572414757,1017314817,458807834,37,633393698,141551,1012426530
516,472602431,119630363,805174136,763732228,28,951436719,141651,789182825
517,567132626,636734202,645096753,57114535,30,330741533,141751,484401075
518,956401056,769378664,323945030,189529079,33,857897645,141851,720511405
519,591589432,636734202,92540590,766427479,24,793473108,141951,829102062
520,1017489698,119630363,805174136,409851523,49,442629192,142052,282021060
521,245580210,636734202,912325741,498021420,21,857897645,142152,371829831
522,563457396,636734202,92540590,745479360,15,442629192,142252,46199103
523,562288637,769378664,907834889,426551212,7,862246538,142352,632028752
524,780972073,119630363,87904542,470953656,17,881407782,142452,652870879
525,394951198,636734202,461996362,816586290,47,1065123627,142552,719777455
526,113831215,572414757,1017314817,676027218,47,478264760,142652,580946160
527,110694591,636734202,92540590,1039792716,39,912561269,142752,175217489
528,554237594,358198320,533813379,658772357,40,951436719,142852,484457691
529,240673185,636734202,930522560,973625706,33,358456330,142952,601924529
530,320726421,769378664,907834889,453561333,45,414053841,143053,563755255
531,949831229,358198320,204013689,431513001,16,110255164,143153,581594997
532,912591305,119630363,87904542,894497667,45,275045273,143253,48116194
533,129650736,358198320,533813379,453561333,38,881407782,143353,633243922
534,98324551,572414757,1017314817,888267572,27,933592180,143453,490116396
535,678443151,572414757,1017314817,70352832,17,685251842,143553,538344258
536,924779524,358198320,835727822,658772357,36,914094596,143653,141184198
537,972129022,119630363,724565089,886566218,26,633393698,143753,424790139
538,901778162,119630363,724565089,626184819,24,135724418,143853,312222284
539,230676516,636734202,645096753,217336653,4,522444752,143953,606147211
540,675278988,119630363,87904542,973625706,7,376446406,144054,226437898
541,178676774,636734202,912325741,649360893,34,912561269,144154,892583743
542,687666429,119630363,100627142,903722543,40,157931518,144254,797326072
543,629111619,572414757,606029594,500347223,4,969584240,144354,407592602
544,286074469,358198320,204013689,580013018,42,685251842,144454,80607218
545,956080090,636734202,930522560,262774092,14,722772889,144554,1070495446
546,315020860,358198320,149312461,958677645,8,933592180,144654,365205670
547,305005643,769378664,323945030,436355334,48,110255164,144754,538783710
548,716397451,636734202,461996362,741356596,28,476280133,144854,388636455
549,570706969,572414757,1017314817,550351346,36,476280133,144954,704801711
550,744137087,769378664,136548634,376126556,27,1073378685,145055,563347603
551,703219105,572414757,606029594,1039281776,10,722772889,145155,788147406
552,710280390,769378664,136548634,749720854,1,1065123627,145255,391173827
553,346767732,358198320,835727822,714209204,1,110255164,145355,786325198
554,917923097,572414757,1017314817,376126556,31,912561269,145455,446946596
555,854645944,769378664,907834889,314681012,49,1073378685,145555,130496550
556,502554804,358198320,835727822,550351346,49,990172696,145655,935562253
557,806064643,636734202,912325741,1039281776,8,478264760,145755,199503464
558,322241297,636734202,930522560,61542427,25,698851713,145855,94008649
559,871555823,636734202,930522560,794589534,27,358456330,145955,381611929
560,302731164,358198320,149312461,743324822,37,841823385,146056,127539283
561,793879888,119630363,87904542,518605273,44,414053841,146156,932402661
562,507712466,636734202,92540590,967436704,16,150861774,146256,518476329
563,897799528,636734202,930522560,983763394,39,661352075,146356,540598501
564,629553227,358198320,204013689,211230296,41,358456330,146456,879408150
565,724511965,119630363,87904542,498021420,9,862246538,146556,267031897
566,184930082,358198320,149312461,711889679,19,132859125,146656,901089819
567,744663101,572414757,474336000,376126556,19,914094596,146756,955098813
568,1005265723,636734202,930522560,145327273,6,538046931,146856,677933260
569,135922980,769378664,445865090,1037151810,46,698851713,146956,713476491
570,117324225,572414757,303571634,908313182,44,358456330,147057,1042974802
571,10401637,358198320,204013689,466070234,1,330741533,147157,823615803
572,1010432030,769378664,323945030,454390549,3,538046931,147257,761014668
573,342495974,358198320,835727822,128219234,42,793473108,147357,536219449
574,883268710,358198320,835727822,933659093,36,135724418,147457,830701577
575,399169120,119630363,87904542,763732228,10,128251339,147557,83404588
576,313263979,636734202,92540590,314681012,27,476280133,147657,335577521
577,58946639,358198320,204013689,806151297,34,914094596,147757,898444199
578,98621118,769378664,445865090,421194723,9,110255164,147857,571816909
579,763953306,636734202,930522560,619639013,8,990172696,147957,234122560
580,676297666,119630363,805174136,454390549,30,881407782,148058,213559096
581,393391687,358198320,149312461,448959962,44,950309306,148158,243569859
582,398445646,769378664,600616823,444697879,23,722772889,148258,70764558
583,1051422645,636734202,461996362,176313533,35,1065123627,148358,440634129
584,366928575,119630363,805174136,746289111,42,722772889,148458,506945832
585,855275093,572414757,1017314817,1067412090,7,478264760,148558,995997504
586,265378014,119630363,100627142,676027218,11,244966167,148658,68214563
587,564369099,769378664,136548634,518605273,35,537974151,148758,625458654
588,475083929,572414757,474336000,1067412090,45,275045273,148858,541566170
589,2655097,119630363,874250391,749720854,3,358456330,148958,687659792
590,325547089,769378664,907834889,513079986,38,841823385,149059,694021198
591,194747182,119630363,87904542,541259438,40,358456330,149159,706893207
592,832332625,358198320,835727822,384902664,7,661352075,149259,157209486
593,589698208,358198320,149312461,145327273,20,414053841,149359,588892683
594,143121976,636734202,930522560,189529079,28,1073378685,149459,863470737
595,554444524,572414757,303571634,189529079,23,862246538,149559,676243567
596,782285242,572414757,941774389,346507224,35,862246538,149659,368552127
597,609668576,769378664,136548634,649360893,36,522444752,149759,357567274
598,150521380,358198320,533813379,921540355,9,722772889,149859,199615561
599,904510985,572414757,303571634,884593886,30,881407782,149959,167514967
600,53086093,769378664,907834889,477013090,4,1073378685,150060,250058826
601,520507318,119630363,874250391,673944718,13,358456330,150160,928209355
602,323569507,119630363,805174136,130450140,8,950309306,150260,126826145
603,931323241,119630363,805174136,809135577,41,841823385,150360,544968287
604,482455019,769378664,445865090,361008659,19,150861774,150460,615447430
605,503553056,119630363,100627142,384902664,30,912561269,150560,954630116
606,660134283,636734202,92540590,658772357,36,244966167,150660,790308090
607,473238973,572414757,606029594,711216073,13,722772889,150760,609898205
608,822629949,358198320,149312461,592282916,35,478264760,150860,1011750069
609,307132542,358198320,92998158,886566218,49,857897645,150960,1002539864
610,989139780,119630363,100627142,711889679,38,969584240,151061,795625820
611,947499144,769378664,907834889,458807834,45,522444752,151161,627062151
612,416297090,769378664,907834889,453561333,19,58170374,151261,439306151
613,43692440,636734202,645096753,454390549,22,244966167,151361,305641966
614,686064855,358198320,835727822,580013018,6,841823385,151461,397705250
615,311473857,769378664,445865090,809135577,4,841823385,151561,874232150
616,966879732,358198320,149312461,376126556,1,990172696,151661,481055525
617,323334144,358198320,204013689,421194723,37,110255164,151761,543721221
618,235793815,358198320,204013689,189529079,9,58170374,151861,103503530
619,313490272,636734202,645096753,856766955,46,722772889,151961,859990433
620,414071839,636734202,912325741,525949287,4,132859125,152062,822493549
621,164863389,572414757,1017314817,154724362,47,857897645,152162,88607957
622,509306842,572414757,303571634,384902664,19,275045273,152262,840528053
623,489700770,636734202,92540590,431513001,8,698851713,152362,823615803
624,210194030,119630363,805174136,176313533,29,950309306,152462,845362220
625,17675893,636734202,912325741,1067412090,38,912561269,152562,381761486
626,361387911,119630363,805174136,694894798,23,1073378685,152662,371353081
627,217690615,769378664,136548634,438953653,13,950309306,152762,339078416
628,193362704,636734202,461996362,447488005,40,58170374,152862,744886007
629,478958891,572414757,303571634,923562184,25,633393698,152962,1012706440
630,557902613,358198320,149312461,973625706,20,244966167,153063,127344014
631,981203316,358198320,204013689,649360893,34,275045273,153163,512627778
632,971518201,636734202,645096753,438615957,2,150861774,153263,128746087
633,724238482,636734202,461996362,431513001,24,537974151,153363,905589760
634,468892136,636734202,912325741,602193411,34,661352075,153463,257821549
635,731083785,572414757,303571634,145327273,49,990172696,153563,387615515
636,166203651,572414757,474336000,498021420,36,135724418,153663,973236002
637,744668198,572414757,303571634,176313533,48,414053841,153763,736081416
638,533711934,572414757,606029594,128219234,37,881407782,153863,23435280
639,721605964,358198320,149312461,673944718,33,950309306,153963,51367622
640,12389083,119630363,805174136,100881916,20,157931518,154064,344368288
641,1053110009,572414757,474336000,857999317,18,1073378685,154164,682400517
642,903157517,769378664,323945030,447488005,12,150861774,154264,518531663
643,844478555,636734202,92540590,983763394,8,661352075,154364,945455151
644,90471946,572414757,941774389,794589534,34,135724418,154464,190673263
645,133425129,769378664,600616823,454651936,45,933592180,154564,354220291
646,133779612,572414757,941774389,746289111,21,376446406,154664,424042519
647,630374256,636734202,912325741,466715267,38,537974151,154764,721100152
648,626817995,636734202,645096753,903722543,2,990172696,154864,1021893534
649,582116559,119630363,805174136,1015815959,33,857897645,154964,908289219
650,673968734,572414757,1017314817,438953653,40,722772889,155065,858990229
651,377373953,572414757,941774389,921540355,4,275045273,155165,925526392
652,901841617,119630363,805174136,444697879,39,841823385,155265,15715682
653,588440569,119630363,724565089,1050489664,28,857897645,155365,603167174
654,977843674,358198320,835727822,240866317,2,275045273,155465,202103855
655,880305731,119630363,805174136,1015815959,23,1065123627,155565,494435083
656,845873807,119630363,724565089,1055765761,17,442629192,155665,76496218
657,89542475,636734202,930522560,1050502102,36,376446406,155765,47691554
658,645012944,119630363,724565089,857999317,27,1073378685,155865,518441129
659,335440873,636734202,645096753,703164306,20,912561269,155965,383430923
660,331429753,572414757,303571634,346507224,8,476280133,156066,1054501454
661,823871950,636734202,92540590,453561333,35,358456330,156166,366301334
662,1035675508,769378664,600616823,658772357,35,376446406,156266,117159737
663,1069710164,769378664,445865090,58654230,6,793473108,156366,691076525
664,131942793,769378664,323945030,217336653,26,439432863,156466,4018171
665,898100775,119630363,874250391,983763394,14,661352075,156566,1049621229
666,280118418,119630363,874250391,169105916,20,150861774,156666,430154498
667,462840124,769378664,323945030,361008659,42,722772889,156766,725976258
668,404006319,358198320,204013689,602193411,10,376446406,156866,507882045
669,1022098049,119630363,100627142,164223055,37,778442747,156966,308105765
670,627112098,119630363,805174136,87951864,24,244966167,157067,92725379
671,509346495,572414757,1017314817,120107870,31,969584240,157167,685226051
672,741788585,358198320,835727822,1002109111,13,376446406,157267,758633719
673,817161669,358198320,835727822,487409015,26,522444752,157367,971502313
674,581914725,636734202,912325741,1037151810,5,132859125,157467,820199040
675,701462049,119630363,100627142,67819486,2,476280133,157567,130380801
676,28790773,119630363,100627142,535706930,45,476280133,157667,978173347
677,253147858,769378664,136548634,676027218,6,275045273,157767,1030285013
678,873742451,769378664,136548634,116158500,15,950309306,157867,535599784
679,1058242441,769378664,445865090,721449059,50,698851713,157967,958562489
680,554801615,119630363,87904542,1067412090,44,376446406,158068,108300282
681,41437573,636734202,92540590,87951864,9,330741533,158168,482377126
682,504115978,572414757,1017314817,922606174,48,538046931,158268,541099182
683,941885272,572414757,1017314817,176313533,1,150861774,158368,243443544
684,709781421,636734202,461996362,314681012,6,633393698,158468,204312649
685,242391443,636734202,930522560,1067412090,36,912561269,158568,946918665
686,296695753,572414757,606029594,743324822,15,275045273,158668,623017605
687,816900839,572414757,303571634,922606174,47,969584240,158768,935537764
688,10955882,769378664,600616823,130450140,38,1065123627,158868,384077361
689,81512369,769378664,323945030,980796360,22,135724418,158968,192799743
690,74120673,636734202,92540590,933659093,31,793473108,159069,830918578
691,879868105,636734202,912325741,409851523,3,1073378685,159169,191375159
692,621426789,119630363,87904542,703164306,20,522444752,159269,752133261
693,928534419,572414757,606029594,128219234,14,157931518,159369,307905799
694,188815646,636734202,912325741,35270045,35,414053841,159469,127056444
695,109254132,358198320,835727822,809135577,19,661352075,159569,67246564
696,916463580,636734202,461996362,535706930,3,951436719,159669,655986054
697,382674625,769378664,445865090,466070234,8,128251339,159769,869036045
698,1070718830,769378664,907834889,91948629,44,376446406,159869,143632077
699,742826466,119630363,100627142,361008659,5,330741533,159969,179802091
700,165783793,636734202,645096753,498021420,31,1073378685,160070,451447428
701,476963039,769378664,323945030,487409015,36,110255164,160170,339340439
702,861468527,769378664,445865090,418834743,26,476280133,160270,139146048
703,68554200,636734202,92540590,47982338,20,157931518,160370,134551402
704,117418670,636734202,645096753,211230296,23,128251339,160470,936896022
705,119348846,636734202,461996362,16209127,47,132859125,160570,309739700
706,11501809,636734202,461996362,725491806,6,358456330,160670,834390024
707,338363601,119630363,100627142,775829305,17,950309306,160770,522912262
708,634742,636734202,92540590,763732228,29,522444752,160870,125831020
709,489145806,769378664,323945030,1037151810,16,950309306,160970,607531894
710,670100934,119630363,724565089,888362333,27,881407782,161071,91062397
711,389164449,119630363,100627142,454716506,24,244966167,161171,690439988
712,766421122,636734202,461996362,908313182,25,685251842,161271,603658913
713,882094334,358198320,149312461,694894798,20,476280133,161371,403205668
714,279822980,119630363,100627142,1039792716,35,1073378685,161471,984685368
715,1003681022,358198320,533813379,444697879,28,275045273,161571,893168192
716,697226421,119630363,805174136,888362333,37,1065123627,161671,925987156
717,16828931,358198320,204013689,70352832,28,862246538,161771,326714083
718,119511236,636734202,912325741,875838945,24,476280133,161871,116137174
719,517300428,636734202,912325741,745479360,49,914094596,161971,361108929
720,88398135,769378664,600616823,568963210,8,914094596,162072,656006981
721,39890915,572414757,941774389,299338386,33,537974151,162172,400657475
722,549178515,769378664,323945030,169105916,43,914094596,162272,108936161
723,968465649,636734202,930522560,766427479,34,157931518,162372,1063083126
724,909157799,636734202,912325741,58654230,28,969584240,162472,841556069
725,140556423,769378664,323945030,262774092,11,969584240,162572,532206646
726,674331924,769378664,323945030,271753333,41,914094596,162672,852267547
727,84824566,636734202,912325741,592282916,35,358456330,162772,260414003
728,58973613,636734202,461996362,16209127,27,912561269,162872,1008857380
729,604809843,636734202,912325741,886566218,6,912561269,162972,811637482
730,139397445,769378664,600616823,458807834,8,358456330,163073,309739700
731,834803686,636734202,461996362,361625467,34,442629192,163173,114151249
732,662624565,358198320,92998158,703164306,1,950309306,163273,842071966
733,1039079674,769378664,323945030,837770402,1,442629192,163373,250610296
734,1042306169,358198320,92998158,724890420,34,110255164,163473,558427755
735,16479032,769378664,907834889,903722543,44,476280133,163573,401945863
736,702788910,636734202,92540590,676027218,44,857897645,163673,959305911
737,523689877,572414757,1017314817,271753333,25,950309306,163773,356454026
738,394268951,358198320,92998158,1050502102,29,1065123627,163873,810168974
739,366950382,636734202,930522560,908313182,24,969584240,163973,971174904
740,937477822,636734202,912325741,253772148,7,793473108,164074,761660926
741,104983787,769378664,136548634,70352832,33,793473108,164174,940032378
742,163649867,572414757,303571634,745479360,30,135724418,164274,801135537
743,183767722,769378664,907834889,91322759,4,722772889,164374,210683906
744,779305888,572414757,1017314817,436355334,47,537974151,164474,79334737
745,156419087,636734202,930522560,58654230,25,969584240,164574,767763964
746,1061813240,358198320,835727822,958677645,31,128251339,164674,156259685
747,427466056,119630363,100627142,176313533,20,841823385,164774,487224503
748,979226927,572414757,606029594,418834743,32,476280133,164874,141994183
749,360614158,358198320,533813379,1067412090,16,722772889,164974,531732195
750,700856667,769378664,323945030,922606174,47,150861774,165075,1040102296
751,848544335,119630363,100627142,888362333,17,522444752,165175,222927978
752,211292102,572414757,1017314817,487409015,1,150861774,165275,423329665
753,826344065,358198320,149312461,699898675,13,244966167,165375,634070040
754,286547067,572414757,303571634,470953656,42,990172696,165475,102509846
755,433900277,358198320,204013689,70352832,12,793473108,165575,985539580
756,366591400,572414757,941774389,61542427,44,778442747,165675,729653173
757,760538079,636734202,912325741,431513001,12,414053841,165775,809241389
758,1043285913,119630363,100627142,741356596,25,698851713,165875,229546509
759,750563443,636734202,645096753,1039281776,20,1065123627,165975,857964590
760,943881596,769378664,136548634,923562184,6,912561269,166076,1042971170
761,821731468,636734202,645096753,741356596,7,1073378685,166176,776597898
762,519722484,119630363,724565089,235794965,35,537974151,166276,773250210
763,208598454,769378664,136548634,444697879,50,358456330,166376,763601806
764,85649495,119630363,874250391,602193411,11,912561269,166476,1054087986
765,520593404,636734202,912325741,90946057,3,275045273,166576,516820743
766,811901513,358198320,533813379,454651936,20,150861774,166676,23042976
767,50840952,358198320,533813379,235794965,50,661352075,166776,70676472
768,401689835,769378664,323945030,67819486,41,522444752,166876,181288206
769,608772861,358198320,533813379,100881916,8,933592180,166976,943022883
770,409825674,358198320,149312461,444697879,7,135724418,167077,426458565
771,607142045,119630363,724565089,721449059,17,244966167,167177,590324453
772,193836689,636734202,912325741,933659093,33,537974151,167277,32345867
773,37454384,636734202,92540590,1002109111,16,933592180,167377,795471092
774,694991041,358198320,533813379,649360893,26,157931518,167477,186841146
775,543929297,119630363,87904542,466070234,2,150861774,167577,271479750
776,847745038,572414757,303571634,481146443,21,110255164,167677,73840236
777,244064556,572414757,1017314817,470953656,50,862246538,167777,686384919
778,1013225762,636734202,92540590,1002109111,20,633393698,167877,1053414942
779,531187696,358198320,204013689,147979726,26,110255164,167977,810925541
780,676726266,572414757,474336000,145719540,31,442629192,168078,255816540
781,779148033,119630363,874250391,35270045,22,244966167,168178,11402319
782,352474578,119630363,874250391,749720854,29,950309306,168278,291812878
783,292945607,119630363,874250391,114745743,4,661352075,168378,294155862
784,445814548,119630363,805174136,525949287,47,244966167,168478,1064956136
785,966477399,636734202,461996362,565302581,41,135724418,168578,747396039
786,137126882,358198320,835727822,888267572,20,135724418,168678,949102377
787,338161054,572414757,474336000,602193411,35,841823385,168778,1008395245
788,351185669,636734202,645096753,794589534,10,912561269,168878,787726853
789,881531408,636734202,912325741,1002109111,14,376446406,168978,1039496327
790,586511438,769378664,907834889,58654230,35,969584240,169079,278328314
791,680812679,358198320,533813379,574905389,24,150861774,169179,60595923
792,724926109,119630363,874250391,188881828,8,537974151,169279,42920152
793,354405537,572414757,303571634,922606174,28,1065123627,169379,325037717
794,796851221,572414757,303571634,240866317,47,537974151,169479,245155274
795,322528208,572414757,606029594,711216073,46,722772889,169579,886432696
796,627295275,572414757,303571634,147979726,50,330741533,169679,179025748
797,879733823,769378664,445865090,816586290,10,275045273,169779,748761635
798,103106513,119630363,805174136,541259438,18,912561269,169879,670295259
799,21566959,636734202,912325741,138684891,7,722772889,169979,171875863
800,12638861,119630363,100627142,189529079,29,275045273,170080,47638044
801,398141916,572414757,606029594,894497667,18,857897645,170180,384870569
802,173313361,636734202,645096753,199004570,41,990172696,170280,55013005
803,191812883,572414757,941774389,327822938,50,537974151,170380,649298969
804,408569360,358198320,835727822,775829305,9,950309306,170480,881064929
805,236960502,572414757,941774389,61542427,8,478264760,170580,394508636
806,730565725,636734202,92540590,314681012,45,439432863,170680,78010541
807,864987027,358198320,533813379,734914638,25,990172696,170780,620323764
808,694113827,572414757,303571634,1037151810,36,537974151,170880,23229914
809,134097850,636734202,92540590,743324822,17,950309306,170980,285161706
810,241514007,572414757,606029594,917505307,13,633393698,171081,588542168
811,1030578650,636734202,461996362,454716506,32,538046931,171181,12811799
812,467728999,636734202,461996362,466070234,11,275045273,171281,29071674
813,874559813,769378664,323945030,983763394,2,110255164,171381,797251669
814,30570029,572414757,606029594,541259438,43,537974151,171481,21360210
815,237198617,358198320,204013689,426551212,5,376446406,171581,481125105
816,201404406,119630363,874250391,477013090,35,951436719,171681,932819958
817,227566839,769378664,445865090,699898675,36,478264760,171781,297723591
818,310829337,769378664,323945030,189529079,36,722772889,171881,693034630
819,1004141235,572414757,606029594,147979726,27,476280133,171981,498936870
820,749754618,119630363,100627142,816586290,20,990172696,172082,126447478
821,506489174,769378664,907834889,138684891,15,698851713,172182,337385794
822,1062640738,572414757,941774389,676027218,21,933592180,172282,186738249
823,344010092,358198320,149312461,57114535,21,157931518,172382,645562599
824,59170669,119630363,724565089,1039281776,34,778442747,172482,186896923
825,25871276,119630363,874250391,154724362,47,951436719,172582,285809136
826,238042526,636734202,645096753,16209127,21,685251842,172682,798465841
827,992592790,119630363,874250391,58654230,15,881407782,172782,485422255
828,1019877811,769378664,136548634,894497667,11,132859125,172882,380398409
829,730003381,636734202,912325741,773509879,33,1073378685,172982,576389346
830,747003977,572414757,606029594,888362333,37,1065123627,173083,551319620
831,102113260,572414757,303571634,253772148,8,951436719,173183,328014884
832,867867632,769378664,136548634,574905389,3,275045273,173283,915224585
833,1037183024,769378664,445865090,903722543,34,1065123627,173383,1036784852
834,938997983,572414757,941774389,711216073,43,1065123627,173483,1058249355
835,390044037,572414757,1017314817,361008659,21,538046931,173583,376843185
836,1050289240,636734202,930522560,1039281776,32,1073378685,173683,174426612
837,342368361,119630363,874250391,773509879,27,841823385,173783,456426407
838,2964350,358198320,204013689,852051094,9,275045273,173883,89085887
839,403036034,358198320,149312461,894497667,19,1065123627,173983,499685333
840,68822102,769378664,136548634,448959962,42,841823385,174084,182286484
841,820514666,119630363,724565089,773509879,48,633393698,174184,210995476
842,153736190,119630363,100627142,773719241,4,150861774,174284,925352824
843,426978517,119630363,724565089,983763394,50,376446406,174384,809814894
844,249818329,636734202,912325741,725491806,22,685251842,174484,878256256
845,116560124,769378664,445865090,794589534,25,912561269,174584,886432696
846,247890400,358198320,533813379,431513001,6,950309306,174684,958129715
847,886167070,358198320,149312461,120107870,21,135724418,174784,573292595
848,313587653,572414757,1017314817,1039281776,26,912561269,174884,549801213
849,10633161,769378664,136548634,346507224,41,661352075,174984,131249006
850,833234294,769378664,445865090,745479360,31,857897645,175085,1041187761
851,1009096602,572414757,606029594,1050502102,30,951436719,175185,785589016
852,397549930,358198320,533813379,438615957,47,969584240,175285,375931923
853,351375389,572414757,303571634,602193411,42,414053841,175385,706212275
854,497152914,769378664,445865090,746289111,29,414053841,175485,340941052
855,943809348,636734202,930522560,1015815959,46,698851713,175585,302351966
856,437365780,119630363,874250391,724890420,12,778442747,175685,562656958
857,749548478,636734202,912325741,154724362,8,150861774,175785,158185632
858,245764824,636734202,461996362,1050502102,14,476280133,175885,1038171691
859,757609889,636734202,912325741,91948629,10,275045273,175985,898178424
860,387494534,636734202,92540590,518605273,36,132859125,176086,883377825
861,44667588,769378664,323945030,908313182,48,969584240,176186,461397314
862,309719553,572414757,606029594,922606174,12,132859125,176286,851124567
863,415368758,358198320,149312461,574905389,41,951436719,176386,60207567
864,290515795,119630363,100627142,346507224,39,881407782,176486,784008802
865,777562868,119630363,100627142,773719241,12,881407782,176586,425429782
866,280779927,119630363,100627142,78432743,13,633393698,176686,305843795
867,355166668,572414757,606029594,271753333,4,58170374,176786,888243601
868,873360348,636734202,461996362,189529079,48,478264760,176886,361902852
869,265446191,358198320,533813379,574905389,28,439432863,176986,642622825
870,703555569,572414757,606029594,114745743,11,1065123627,177087,732922987
871,886868341,572414757,474336000,773719241,27,358456330,177187,909794974
872,1009559264,119630363,724565089,361008659,41,933592180,177287,257058262
873,908797036,119630363,100627142,703164306,45,128251339,177387,335098553
874,566170219,119630363,724565089,458807834,9,698851713,177487,976901260
875,973394311,358198320,533813379,908313182,1,661352075,177587,595070400
876,962348093,636734202,930522560,973625706,25,476280133,177687,357338419
877,7117898,636734202,930522560,649360893,20,150861774,177787,829457242
878,793457048,636734202,92540590,477013090,40,414053841,177887,395030819
879,728393505,636734202,645096753,1015815959,23,537974151,177987,409939983
880,140037967,358198320,149312461,574905389,10,933592180,178088,923540429
881,968250517,358198320,92998158,766427479,12,150861774,178188,221634258
882,409889900,769378664,136548634,147979726,12,778442747,178288,92117159
883,295141594,636734202,930522560,888267572,18,376446406,178388,552072535
884,538359511,119630363,100627142,714209204,38,275045273,178488,567102202
885,156139228,769378664,907834889,147979726,31,110255164,178588,721378378
886,725809527,572414757,474336000,67819486,46,778442747,178688,267880971
887,915072673,769378664,445865090,903722543,48,1065123627,178788,733818811
888,985491124,636734202,930522560,745479360,44,522444752,178888,474111616
889,18662684,572414757,303571634,651423291,19,857897645,178988,498772806
890,668370180,572414757,941774389,903722543,23,537974151,179089,561872895
891,552879260,769378664,907834889,626184819,5,442629192,179189,565380425
892,746849864,358198320,204013689,763732228,3,244966167,179289,106705856
893,155830786,119630363,87904542,498021420,9,912561269,179389,30974161
894,375676974,636734202,912325741,721449059,43,778442747,179489,49855977
895,961994387,769378664,445865090,724890420,17,538046931,179589,1015734007
896,692704266,769378664,323945030,565302581,7,933592180,179689,414365366
897,826635800,769378664,445865090,6071928,26,1073378685,179789,253534964
898,928744229,769378664,600616823,271753333,8,275045273,179889,397303437
899,543556186,358198320,149312461,602193411,50,157931518,179989,422300379
900,714187070,358198320,92998158,888267572,40,951436719,180090,717956955
901,932770007,358198320,835727822,16209127,38,951436719,180190,727307203
902,287334670,358198320,835727822,91322759,14,128251339,180290,669324206
903,204699251,769378664,136548634,1050489664,4,950309306,180390,454549896
904,805705517,119630363,805174136,699898675,20,110255164,180490,989087853
905,914927982,358198320,149312461,189529079,27,442629192,180590,428973573
906,78837229,769378664,136548634,436355334,45,661352075,180690,539321527
907,213490013,572414757,941774389,958677645,8,933592180,180790,769168319
908,597529654,358198320,149312461,217336653,13,862246538,180890,199721609
909,574732865,119630363,805174136,70352832,40,841823385,180990,736456491
910,542004377,769378664,907834889,699898675,15,862246538,181091,826134751
911,384169706,119630363,87904542,711889679,23,128251339,181191,488703265
912,680503256,572414757,474336000,477013090,17,950309306,181291,729014787
913,89132342,358198320,835727822,725491806,49,522444752,181391,798022430
914,1034378436,636734202,912325741,626184819,8,132859125,181491,341777000
915,785103039,358198320,92998158,211230296,25,275045273,181591,521303269
916,157096798,358198320,92998158,773509879,28,128251339,181691,65735608
917,33261472,358198320,533813379,694894798,3,685251842,181791,870021508
918,669137035,572414757,474336000,16209127,15,132859125,181891,30527030
919,220852371,119630363,874250391,130450140,49,698851713,181991,942764132
920,4094874,769378664,136548634,724890420,19,330741533,182092,456966252
921,871689306,119630363,100627142,466715267,35,857897645,182192,344298308
922,317454278,636734202,645096753,651423291,30,685251842,182292,784818429
923,1038053423,358198320,533813379,70352832,26,157931518,182392,1029805869
924,635378254,119630363,100627142,626184819,41,478264760,182492,633542727
925,486225265,769378664,136548634,477013090,44,150861774,182592,269801056
926,1073433435,769378664,600616823,164223055,39,722772889,182692,801296127
927,305224512,119630363,87904542,917505307,13,275045273,182792,992565245
928,480766766,769378664,323945030,327822938,43,538046931,182892,84741309
929,178530851,636734202,461996362,980796360,40,661352075,182992,420425866
930,454250825,358198320,835727822,550351346,26,244966167,183093,537167351
931,990810414,636734202,930522560,649360893,37,951436719,183193,772082545
932,74798314,358198320,533813379,694894798,12,58170374,183293,939411541
933,516688267,636734202,461996362,376126556,25,933592180,183393,1064740149
934,271462955,769378664,600616823,481146443,40,722772889,183493,430055055
935,416640695,572414757,1017314817,376126556,8,857897645,183593,61216257
936,321108816,358198320,533813379,491245267,6,110255164,183693,487019061
937,294337655,636734202,461996362,565302581,2,1065123627,183793,973236002
938,1032377388,358198320,204013689,894497667,1,414053841,183893,136853040
939,247958177,119630363,87904542,409851523,41,793473108,183993,132448560
940,799236924,119630363,724565089,138684891,49,862246538,184094,251035764
941,701442730,358198320,149312461,973625706,8,132859125,184194,163208856
942,163240079,636734202,912325741,138684891,44,778442747,184294,1051724843
943,830793299,572414757,474336000,447488005,46,358456330,184394,327849644
944,972584838,636734202,461996362,120107870,1,951436719,184494,871069716
945,172822539,572414757,941774389,973625706,22,722772889,184594,226033183
946,970749369,358198320,149312461,458807834,30,58170374,184694,591671494
947,897726533,119630363,874250391,311261128,16,862246538,184794,93533343
948,985101508,358198320,204013689,535706930,31,841823385,184894,543721221
949,323323242,572414757,303571634,1039281776,47,132859125,184994,76461720
950,915453872,636734202,930522560,470953656,26,157931518,185095,675835019
951,28905039,358198320,92998158,816586290,40,862246538,185195,800720970
952,834002372,636734202,930522560,100881916,4,150861774,185295,800074060
953,782821000,769378664,445865090,565302581,2,990172696,185395,241180436
954,363378399,572414757,474336000,958677645,35,414053841,185495,543721221
955,432329605,636734202,92540590,1002109111,43,685251842,185595,217260331
956,672152721,119630363,874250391,376126556,7,933592180,185695,73664832
957,275923392,636734202,461996362,694894798,23,476280133,185795,275030165
958,1698634,636734202,912325741,262774092,13,58170374,185895,471555291
959,331807090,769378664,445865090,967436704,5,990172696,185995,336993518
960,105691216,572414757,474336000,980796360,26,933592180,186096,877729808
961,468079236,119630363,724565089,189529079,1,135724418,186196,336222853
962,689216620,119630363,874250391,491245267,38,969584240,186296,586568117
963,917125771,769378664,136548634,491245267,44,933592180,186396,750221299
964,113923701,572414757,606029594,775829305,48,698851713,186496,829174754
965,136757973,636734202,645096753,361008659,39,132859125,186596,1007116794
966,509597382,769378664,907834889,314681012,24,128251339,186696,1070748904
967,381122552,572414757,474336000,57114535,16,1065123627,186796,972070938
968,646738647,119630363,100627142,466070234,23,132859125,186896,764996565
969,74438042,572414757,474336000,145327273,34,414053841,186996,969112694
970,773300948,119630363,100627142,816586290,44,476280133,187097,309739700
971,895439915,572414757,606029594,749720854,19,522444752,187197,621015296
972,884600765,636734202,92540590,491245267,21,862246538,187297,1057874906
973,132405969,358198320,204013689,299338386,42,376446406,187397,942764132
974,1014718043,769378664,136548634,535706930,35,275045273,187497,525838493
975,986724379,636734202,645096753,487409015,22,912561269,187597,1017415230
976,608141398,572414757,303571634,745479360,19,881407782,187697,726202924
977,472125688,572414757,1017314817,376126556,2,933592180,187797,731066845
978,36785502,769378664,600616823,711216073,46,244966167,187897,789731620
979,488437562,769378664,600616823,699898675,4,128251339,187997,77699061
980,427838105,769378664,445865090,470953656,45,933592180,188098,30910109
981,804061918,358198320,149312461,923562184,31,330741533,188198,484475542
982,996924835,636734202,930522560,775829305,28,950309306,188298,714928842
983,557996513,769378664,323945030,47982338,39,698851713,188398,566997974
984,525598295,358198320,204013689,466070234,40,950309306,188498,177280897
985,1067138587,572414757,1017314817,311261128,10,478264760,188598,332795076
986,646495848,636734202,461996362,189529079,50,857897645,188698,681427959
987,546644490,572414757,1017314817,243251345,39,58170374,188798,286318388
988,404065940,358198320,533813379,1055765761,27,841823385,188898,958213488
989,288424011,572414757,474336000,466070234,9,862246538,188998,143665108
990,112623538,119630363,87904542,57114535,14,950309306,189099,631610379
991,90969283,636734202,92540590,921540355,9,685251842,189199,489262398
992,56084382,572414757,303571634,875838945,39,969584240,189299,229546509
993,133733618,572414757,606029594,884593886,2,722772889,189399,791131437
994,69987680,358198320,149312461,837770402,38,969584240,189499,685518760
995,114827457,636734202,645096753,886566218,47,661352075,189599,10583191
996,699898739,636734202,930522560,253772148,13,951436719,189699,1046335244
997,748878404,572414757,303571634,481146443,22,914094596,189799,51203296
998,1071841196,572414757,1017314817,745479360,2,698851713,189899,339961348
999,1020490675,769378664,136548634,658772357,16,330741533,189999,435317141
1000,303132718,358198320,533813379,426551212,10,522444752,90100,114837532
1001,41274849,572414757,1017314817,894497667,29,793473108,90200,1051703588
1002,737975288,636734202,930522560,602193411,5,537974151,90300,301081388
1003,811228174,119630363,87904542,958677645,19,969584240,90400,676389391
1004,1041918064,358198320,92998158,766427479,16,157931518,90500,707500522
1005,383077272,572414757,941774389,498021420,39,330741533,90600,205036779
1006,359011249,119630363,100627142,923562184,3,157931518,90700,107389838
1007,17775664,119630363,87904542,16209127,9,478264760,90800,331171708
1008,846176571,572414757,474336000,154724362,8,244966167,90900,145436252
1009,568335863,769378664,907834889,454651936,47,1073378685,91000,470015117
1010,43018626,769378664,323945030,568963210,38,857897645,91101,493814433
1011,454860686,572414757,606029594,35270045,37,58170374,91201,1256597
1012,238446425,769378664,136548634,694894798,23,862246538,91301,757725440
1013,705068881,358198320,533813379,376126556,14,969584240,91401,536308452
1014,310724656,572414757,606029594,980796360,13,330741533,91501,338592605
1015,795343017,769378664,445865090,703164306,15,128251339,91601,405859839
1016,769641222,119630363,87904542,673944718,40,358456330,91701,10163542
1017,629411054,119630363,724565089,481146443,13,933592180,91801,606459042
1018,740803852,769378664,445865090,857999317,35,135724418,91901,840081391
1019,490163392,769378664,445865090,487409015,18,538046931,92001,938892157
1020,276708199,636734202,930522560,235794965,8,157931518,92102,922942225
1021,554644094,636734202,461996362,565302581,46,914094596,92202,206182579
1022,694562365,119630363,874250391,57114535,33,330741533,92302,185727556
1023,265873286,358198320,533813379,58654230,50,685251842,92402,647705234
1024,559551019,572414757,474336000,746289111,2,150861774,92502,1021938777
1025,878382903,358198320,149312461,574905389,25,244966167,92602,973197741
1026,1020138728,769378664,445865090,741356596,47,476280133,92702,808182143
1027,331094930,636734202,930522560,438953653,9,914094596,92802,788393647
1028,20974047,119630363,805174136,130450140,14,1065123627,92902,16072404
1029,1035651333,769378664,136548634,262774092,46,478264760,93002,228219894
1030,582544740,358198320,92998158,376126556,20,722772889,93103,575426780
1031,374805337,636734202,92540590,454651936,13,950309306,93203,594608179
1032,184859865,119630363,724565089,448959962,32,439432863,93303,488374681
1033,769040604,119630363,805174136,491245267,23,722772889,93403,115870719
1034,383070830,572414757,941774389,500347223,46,244966167,93503,98624023
1035,973114185,572414757,941774389,743324822,13,442629192,93603,972524597
1036,65318863,636734202,912325741,525949287,46,275045273,93703,1030285013
1037,531116508,119630363,724565089,958677645,36,862246538,93803,828003751
1038,276119942,769378664,136548634,376126556,40,330741533,93903,492932377
1039,1017614743,636734202,645096753,458807834,32,778442747,94003,373862305
1040,588448730,636734202,930522560,724890420,40,841823385,94104,161532425
1041,850230182,572414757,606029594,734914638,12,330741533,94204,263805733
1042,689246132,636734202,92540590,169105916,42,914094596,94304,909839234
1043,166549273,769378664,445865090,1050502102,32,476280133,94404,654599211
1044,530116743,358198320,149312461,70352832,25,128251339,94504,986689964
1045,389151873,636734202,912325741,958677645,24,414053841,94604,627725943
1046,257735389,358198320,835727822,518605273,33,722772889,94704,745833257
1047,910114290,572414757,606029594,481146443,18,244966167,94804,105112945
1048,895136323,358198320,533813379,724890420,50,376446406,94904,820936565
1049,1027084940,572414757,941774389,763732228,2,933592180,95004,361141965
1050,801934278,636734202,645096753,90946057,4,442629192,95105,154184549
1051,642094440,119630363,724565089,500347223,12,537974151,95205,797357105
1052,480266754,572414757,474336000,154724362,11,157931518,95305,456551476
1053,820738910,572414757,606029594,886566218,19,912561269,95405,824340355
1054,349643337,358198320,533813379,806151297,35,951436719,95505,590168314
1055,745055251,119630363,87904542,513079986,18,778442747,95605,494238988
1056,750446529,769378664,323945030,487409015,13,478264760,95705,38171738
1057,412232878,119630363,805174136,199004570,25,58170374,95805,523155008
1058,946870941,572414757,1017314817,91948629,24,661352075,95905,509738118
1059,565935351,769378664,323945030,852051094,40,969584240,96005,801729642
1060,54795903,636734202,461996362,673944718,46,685251842,96106,848819127
1061,729377968,119630363,724565089,217336653,50,439432863,96206,995001209
1062,267874088,119630363,805174136,235794965,12,857897645,96306,903970368
1063,1020437967,572414757,474336000,188881828,42,778442747,96406,493814433
1064,514314552,636734202,930522560,114745743,4,358456330,96506,565395010
1065,805245924,769378664,323945030,70352832,14,414053841,96606,56511968
1066,620826614,636734202,930522560,568963210,30,685251842,96706,596242699
1067,79149886,636734202,461996362,550351346,39,698851713,96806,17570184
1068,960234465,119630363,100627142,251067217,33,698851713,96906,388730812
1069,331263992,572414757,474336000,128219234,1,244966167,97006,149458316
1070,108868538,769378664,600616823,775829305,31,110255164,97107,488491124
1071,59496505,358198320,204013689,967436704,23,110255164,97207,188469271
1072,689668988,358198320,204013689,211230296,31,135724418,97307,5549815
1073,799688311,358198320,204013689,703164306,14,376446406,97407,785315054
1074,844091670,572414757,1017314817,649360893,46,376446406,97507,1939711
1075,908765154,358198320,92998158,734914638,33,376446406,97607,21997942
1076,526005387,119630363,874250391,189529079,18,414053841,97707,955296753
1077,444419297,769378664,445865090,699898675,49,778442747,97807,918089232
1078,229101878,769378664,445865090,763732228,22,330741533,97907,491408560
1079,947502915,358198320,149312461,574905389,22,685251842,98007,11402319
1080,298767918,572414757,941774389,78432743,21,478264760,98108,262491492
1081,92649882,119630363,724565089,271753333,44,358456330,98208,450445322
1082,1035872367,119630363,100627142,327822938,45,478264760,98308,749296672
1083,977512255,119630363,100627142,87951864,20,414053841,98408,910487169
1084,292455183,358198320,204013689,164223055,10,914094596,98508,103268843
1085,340366728,769378664,600616823,240866317,26,951436719,98608,348983735
1086,34818169,769378664,600616823,67819486,49,522444752,98708,1022597686
1087,864324635,769378664,907834889,91322759,32,442629192,98808,389323639
1088,921036557,636734202,912325741,470953656,7,128251339,98908,157934425
1089,11161355,358198320,533813379,1039281776,26,157931518,99008,439346257
1090,873624267,119630363,874250391,128219234,6,537974151,99109,37410981
1091,437598937,358198320,204013689,466715267,45,358456330,99209,141555516
1092,912380668,119630363,805174136,481146443,3,358456330,99309,208359849
1093,771850057,358198320,149312461,699898675,9,969584240,99409,472653117
1094,559827780,769378664,907834889,694894798,2,358456330,99509,912836741
1095,674672993,636734202,912325741,217336653,24,857897645,99609,390541510
1096,624368090,572414757,303571634,114745743,33,244966167,99709,461397314
1097,23734023,636734202,930522560,147979726,1,414053841,99809,407584352
1098,132469338,358198320,92998158,626184819,44,914094596,99909,113751581
1099,476615969,636734202,92540590,240866317,43,244966167,100009,470423346
1100,263641204,769378664,445865090,147979726,8,537974151,100110,875464680
1101,364533120,572414757,1017314817,673944718,21,969584240,100210,155070991
1102,969846444,769378664,600616823,240866317,21,476280133,100310,293332192
1103,245358724,572414757,1017314817,448959962,35,244966167,100410,353939878
1104,588764001,358198320,835727822,100881916,22,778442747,100510,156775344
1105,419481557,358198320,149312461,857999317,7,857897645,100610,126447478
1106,388062960,119630363,87904542,852051094,25,275045273,100710,744195683
1107,1027821319,636734202,645096753,908313182,47,244966167,100810,851554488
1108,612078648,119630363,874250391,921540355,24,157931518,100910,788073915
1109,677101505,572414757,606029594,169105916,13,881407782,101010,722890850
1110,801243745,769378664,136548634,1015815959,41,330741533,101111,985941319
1111,303695021,119630363,100627142,67819486,41,330741533,101211,727526524
1112,449420241,119630363,100627142,525949287,21,414053841,101311,408633543
1113,766477766,636734202,461996362,275404538,39,135724418,101411,487856473
1114,430525526,769378664,323945030,513079986,43,661352075,101511,358520136
1115,92789361,358198320,533813379,438615957,47,951436719,101611,901777103
1116,115190084,636734202,645096753,741356596,49,414053841,101711,939793178
1117,828098591,119630363,874250391,875838945,28,793473108,101811,1059486668
1118,872787979,572414757,474336000,714209204,37,538046931,101911,762999965
1119,762898929,119630363,87904542,426551212,24,990172696,102011,459349290
1120,661249583,358198320,204013689,128219234,1,442629192,102112,117090168
1121,250397093,636734202,912325741,806151297,25,912561269,102212,106501464
1122,130260901,769378664,136548634,745479360,7,950309306,102312,221328656
1123,375757289,358198320,835727822,169105916,29,275045273,102411,360558672
1124,418597206,358198320,204013689,217336653,23,990172696,102511,15901676
1125,229400581,358198320,835727822,114745743,12,110255164,102611,978401647
1126,725439356,358198320,835727822,217336653,27,376446406,102711,438380980
1127,751346231,358198320,204013689,120107870,37,358456330,102811,996688415
1128,587220354,572414757,941774389,619639013,19,476280133,102911,362894378
1129,785802889,769378664,136548634,327822938,45,1073378685,103011,538302684
1130,232403081,769378664,600616823,658772357,27,522444752,103113,185166376
1131,1060802199,636734202,461996362,361008659,49,633393698,103213,99385584
1132,383251327,358198320,204013689,70352832,19,358456330,103313,238694824
1133,679750276,572414757,303571634,327822938,43,478264760,103413,1064749973
1134,796185660,119630363,87904542,592282916,10,135724418,103513,6758670
1135,777271497,119630363,874250391,361008659,27,990172696,103613,282600051
1136,786594493,769378664,445865090,271753333,38,1073378685,103713,661160965
1137,908905888,769378664,136548634,725491806,21,990172696,103813,1066565652
1138,142589888,119630363,87904542,114745743,30,132859125,103913,515209304
1139,814848419,769378664,445865090,886566218,13,157931518,104013,151709513
1140,1050763968,119630363,724565089,651423291,22,522444752,104114,996234400
1141,326162860,572414757,941774389,1039281776,45,414053841,104214,493378583
1142,279275201,769378664,136548634,251067217,36,951436719,104314,588752550
1143,310005780,358198320,204013689,923562184,20,951436719,104414,35843131
1144,420951779,358198320,149312461,541259438,23,990172696,104514,203803324
1145,1037221914,358198320,533813379,438953653,30,135724418,104614,912389398
1146,538965711,358198320,835727822,580013018,26,358456330,104714,855128093
1147,468299285,119630363,724565089,1050489664,14,442629192,104814,343674008
1148,106686876,572414757,941774389,852051094,8,358456330,104914,264176238
1149,693584870,769378664,907834889,673944718,35,698851713,105014,29758331
1150,712452594,358198320,92998158,235794965,20,330741533,105115,454699315
1151,444889624,769378664,136548634,431513001,23,150861774,105215,467026557
1152,797035305,572414757,941774389,116158500,32,439432863,105315,6264010
1153,882811944,572414757,606029594,100881916,35,951436719,105415,431965253
1154,611377361,119630363,724565089,580013018,8,857897645,105515,654599211
1155,284895900,358198320,204013689,361008659,40,58170374,105615,381806294
1156,544243881,572414757,474336000,725491806,8,414053841,105715,240338291
1157,350625816,358198320,92998158,470953656,1,478264760,105815,960144971
1158,919350743,358198320,92998158,980796360,16,58170374,105915,448558303
1159,135360481,119630363,874250391,500347223,9,950309306,106015,832281066
1160,567046174,636734202,461996362,903722543,3,857897645,106116,704620090
1161,316394830,769378664,445865090,794589534,2,841823385,106216,28110949
1162,316984155,572414757,606029594,651423291,49,951436719,106316,363460754
1163,1039417736,636734202,461996362,766427479,13,376446406,106416,290826076
1164,509115467,572414757,941774389,299338386,6,376446406,106516,79493713
1165,344461615,769378664,445865090,745479360,4,132859125,106616,790415323
1166,603857635,636734202,912325741,649360893,14,912561269,106716,547196381
1167,430433265,358198320,92998158,61542427,49,661352075,106816,1072326213
1168,260858924,358198320,204013689,894497667,42,442629192,106916,1004267947
1169,297179155,358198320,149312461,458807834,8,912561269,107016,696846530
1170,793261839,572414757,1017314817,470953656,10,110255164,107117,192894456
1171,953995997,769378664,600616823,703164306,27,110255164,107217,927081258
1172,701517357,769378664,600616823,923562184,15,841823385,107317,430349867
1173,613500228,119630363,87904542,541259438,37,862246538,107417,304958145
1174,985261126,769378664,907834889,477013090,16,685251842,107517,932318149
1175,828773595,358198320,533813379,711216073,29,862246538,107617,208295983
1176,623154002,769378664,907834889,438615957,22,330741533,107717,458861479
1177,665308306,572414757,606029594,426551212,42,933592180,107817,283123805
1178,323000531,358198320,533813379,711216073,46,330741533,107917,986403583
1179,947959875,769378664,323945030,91948629,19,244966167,108017,774169823
1180,268216325,119630363,724565089,513079986,8,442629192,108118,123480238
1181,829356881,358198320,835727822,189529079,17,439432863,108218,810453012
1182,909428267,119630363,724565089,513079986,24,1073378685,108318,1028026989
1183,291921983,358198320,149312461,384902664,25,633393698,108418,458810270
1184,131138945,119630363,87904542,454651936,32,841823385,108518,1064115561
1185,739054878,358198320,92998158,154724362,12,135724418,108618,632009517
1186,464291300,769378664,323945030,875838945,13,933592180,108718,626399057
1187,1026667612,119630363,724565089,923562184,44,990172696,108818,733353305
1188,509555321,636734202,912325741,806151297,42,951436719,108918,172884653
1189,770478821,572414757,303571634,253772148,20,862246538,109018,1034307044
1190,821917076,358198320,92998158,550351346,24,150861774,109119,49488676
1191,905514902,119630363,874250391,1039281776,49,685251842,109219,594491670
1192,1062364372,769378664,907834889,888362333,15,951436719,109319,983518927
1193,349250430,119630363,100627142,477013090,45,476280133,109419,856264549
1194,146545288,572414757,1017314817,724890420,35,857897645,109519,340305082
1195,41823805,119630363,874250391,857999317,19,110255164,109619,567352530
1196,343343350,119630363,874250391,35270045,23,722772889,109719,871756774
1197,659701928,572414757,1017314817,983763394,26,857897645,109819,551128313
1198,857060511,572414757,941774389,311261128,26,778442747,109919,1052955420
1199,1054932909,119630363,805174136,211230296,1,132859125,110019,881050893
1200,382046568,119630363,100627142,314681012,42,358456330,110120,13629823
1201,356285730,572414757,606029594,513079986,21,857897645,110220,620771276
1202,510022416,119630363,87904542,314681012,17,439432863,110320,520441437
1203,400736584,572414757,303571634,453561333,35,990172696,110420,353926934
1204,524420628,358198320,149312461,1039792716,15,912561269,110520,200046800
1205,480566363,358198320,204013689,743324822,22,58170374,110620,495661537
1206,392511048,636734202,645096753,1039792716,43,442629192,110720,867937103
1207,35436141,769378664,600616823,983763394,41,722772889,110820,952673422
1208,500169997,119630363,100627142,746289111,27,881407782,110920,309918600
1209,748885945,572414757,941774389,1055765761,32,914094596,111020,433376565
1210,83024151,572414757,606029594,933659093,23,522444752,111121,885916422
1211,989579695,636734202,912325741,327822938,39,476280133,111221,360983563
1212,813705556,119630363,805174136,917505307,45,376446406,111321,82922553
1213,737753636,119630363,874250391,70352832,50,862246538,111421,868474587
1214,1009126944,572414757,303571634,466070234,33,414053841,111521,361620679
1215,713616667,572414757,941774389,448959962,14,522444752,111621,241718140
1216,527402999,769378664,445865090,921540355,14,478264760,111721,437356270
1217,769666745,572414757,941774389,487409015,29,522444752,111821,404595159
1218,83535354,358198320,204013689,164223055,34,685251842,111921,471632487
1219,532970408,769378664,323945030,91322759,21,157931518,112021,186870129
1220,307712275,636734202,930522560,721449059,18,478264760,112122,415966760
1221,1037245305,358198320,835727822,651423291,5,157931518,112222,324558916
1222,720531622,358198320,92998158,711216073,8,722772889,112322,557724200
1223,221702169,119630363,805174136,145719540,16,522444752,112422,857736418
1224,560299700,636734202,912325741,568963210,29,135724418,112522,462391246
1225,283023782,636734202,92540590,169105916,38,841823385,112622,797973335
1226,528525986,572414757,941774389,922606174,36,841823385,112722,779990298
1227,424890008,119630363,87904542,438615957,2,476280133,112822,930111380
1228,812761997,636734202,645096753,711889679,2,881407782,112922,266573716
1229,938377513,358198320,533813379,466715267,47,857897645,113022,608703540
1230,940638818,572414757,941774389,164223055,12,722772889,113123,631422054
1231,444360950,769378664,907834889,734914638,4,1065123627,113223,512218377
1232,192600722,769378664,323945030,973625706,2,950309306,113323,544046134
1233,888093653,358198320,92998158,188881828,32,698851713,113423,486972182
1234,549683594,769378664,907834889,903722543,28,912561269,113523,760915263
1235,5954008,769378664,136548634,114745743,12,950309306,113623,229726004
1236,1071414248,769378664,907834889,421194723,26,951436719,113723,828427057
1237,14059300,358198320,149312461,481146443,10,661352075,113823,989999499
1238,893364332,119630363,100627142,199004570,13,442629192,113923,703259910
1239,885686931,572414757,303571634,1002109111,24,933592180,114023,113140190
1240,39073428,358198320,204013689,169105916,19,722772889,114124,791392221
1241,712928718,769378664,445865090,90946057,10,244966167,114224,725358667
1242,485249648,636734202,930522560,91948629,25,661352075,114324,353133725
1243,609553321,358198320,835727822,894497667,47,969584240,114424,150185020
1244,1003896902,119630363,805174136,973625706,24,150861774,114524,450318775
1245,96109861,636734202,461996362,714209204,4,793473108,114624,386587444
1246,208437703,119630363,100627142,253772148,27,857897645,114724,637470298
1247,198074678,636734202,912325741,775829305,18,990172696,114824,996236743
1248,976476576,636734202,92540590,967436704,33,951436719,114924,621888083
1249,1053858338,636734202,912325741,574905389,1,157931518,115024,1051659134
1250,605367190,572414757,303571634,714209204,10,439432863,115125,679189080
1251,55194856,119630363,805174136,299338386,16,914094596,115225,368211925
1252,567943398,358198320,92998158,498021420,23,969584240,115325,440634129
1253,738222836,119630363,87904542,734914638,9,135724418,115425,86703233
1254,1038623067,358198320,533813379,498021420,7,793473108,115525,185297146
1255,935838823,572414757,941774389,922606174,1,633393698,115625,756212700
1256,399247446,572414757,1017314817,243251345,16,110255164,115725,410107866
1257,897244081,572414757,941774389,773509879,1,950309306,115825,627522027
1258,824756642,572414757,941774389,724890420,30,244966167,115925,440310798
1259,624821067,572414757,606029594,922606174,43,442629192,116025,410576396
1260,244767760,769378664,323945030,498021420,15,132859125,116126,1064303248
1261,556211666,572414757,474336000,973625706,21,58170374,116226,78408721
1262,456422132,636734202,912325741,550351346,37,157931518,116326,503453469
1263,318546255,769378664,136548634,574905389,34,150861774,116426,198498902
1264,267766417,769378664,907834889,649360893,7,722772889,116526,573406270
1265,975515431,572414757,1017314817,454390549,8,1065123627,116626,925777871
1266,74630965,636734202,461996362,327822938,10,376446406,116726,50797646
1267,1026544456,119630363,100627142,409851523,36,442629192,116826,314056153
1268,445084718,636734202,930522560,626184819,47,132859125,116926,383787521
1269,903882854,572414757,303571634,120107870,28,330741533,117026,417823380
1270,98215090,636734202,912325741,917505307,30,950309306,117127,107001962
1271,289702160,358198320,835727822,884593886,3,912561269,117227,858622254
1272,967640440,636734202,461996362,361625467,10,275045273,117327,686374628
1273,502838493,358198320,149312461,525949287,11,912561269,117427,571122224
1274,964812216,572414757,474336000,775829305,39,537974151,117527,888590365
1275,169989590,572414757,303571634,973625706,29,476280133,117627,334505948
1276,989366672,119630363,724565089,888267572,19,157931518,117727,603833591
1277,186147590,636734202,930522560,1002109111,48,857897645,117827,405721556
1278,276864283,769378664,323945030,658772357,13,862246538,117927,335635251
1279,668868330,358198320,533813379,376126556,40,793473108,118027,736967944
1280,412876438,636734202,912325741,438615957,37,522444752,118128,22642254
1281,263734168,769378664,136548634,816586290,41,132859125,118228,742258298
1282,442332451,119630363,87904542,346507224,33,793473108,118328,960978241
1283,597012050,358198320,204013689,409851523,7,857897645,118428,748524302
1284,80795439,119630363,874250391,908313182,40,476280133,118528,968582457
1285,402481420,572414757,474336000,384902664,36,439432863,118628,334692209
1286,236878156,358198320,835727822,917505307,35,275045273,118728,274630114
1287,702462150,769378664,445865090,116158500,33,538046931,118828,238130710
1288,60324803,636734202,645096753,580013018,48,135724418,118928,446608350
1289,990824500,769378664,323945030,346507224,29,881407782,119028,780417904
1290,332739482,769378664,600616823,574905389,10,951436719,119129,927284007
1291,609375746,636734202,912325741,1067412090,26,157931518,119229,781194547
1292,136664119,769378664,323945030,487409015,49,778442747,119329,760653752
1293,924044943,769378664,600616823,525949287,29,841823385,119429,671464452
1294,90126601,119630363,100627142,1015815959,30,244966167,119529,895621869
1295,930075142,769378664,600616823,421194723,16,722772889,119629,372642949
1296,139034622,358198320,835727822,176313533,27,135724418,119729,1046335244
1297,146767649,636734202,92540590,147979726,5,537974151,119829,309879212
1298,803618004,636734202,912325741,138684891,16,950309306,119929,127344014
1299,334930180,636734202,461996362,361008659,10,478264760,120029,489250802
1300,214549874,358198320,149312461,568963210,39,933592180,120130,850085327
1301,955234981,572414757,941774389,725491806,30,157931518,120230,23451145
1302,876121459,119630363,100627142,1015815959,27,522444752,120330,656130440
1303,484050544,358198320,835727822,199004570,7,951436719,120430,942540958
1304,56109295,358198320,204013689,525949287,3,969584240,120530,390492015
1305,225074875,572414757,941774389,235794965,32,157931518,120630,459049258
1306,873136641,119630363,724565089,70352832,3,414053841,120730,869336018
1307,396552703,636734202,930522560,763732228,23,538046931,120830,381315185
1308,593825180,769378664,136548634,145719540,34,376446406,120930,432009628
1309,317574446,358198320,92998158,773509879,21,969584240,121030,1056867841
1310,632552256,572414757,1017314817,240866317,18,330741533,121131,916383653
1311,593171543,572414757,1017314817,856766955,28,862246538,121231,792441515
1312,969713671,572414757,1017314817,78432743,11,376446406,121331,87327459
1313,439013917,769378664,323945030,47982338,45,439432863,121431,125936362
1314,168530598,358198320,149312461,980796360,50,522444752,121531,84943073
1315,799236022,769378664,136548634,444697879,3,1065123627,121631,1007757714
1316,869139185,119630363,87904542,592282916,32,1065123627,121731,188598903
1317,837428807,769378664,600616823,809135577,36,1065123627,121831,788000012
1318,928441305,636734202,645096753,749720854,8,933592180,121931,694112731
1319,495630376,358198320,204013689,217336653,19,376446406,122031,756811399
1320,734848081,358198320,92998158,116158500,42,58170374,122132,674148317
1321,196380900,636734202,92540590,91948629,36,132859125,122232,730073671
1322,1053761701,636734202,912325741,699898675,21,522444752,122332,361930592
1323,551835124,769378664,600616823,888362333,47,912561269,122432,1000223964
1324,1002884131,769378664,136548634,1039792716,40,414053841,122532,190465777
1325,1055365380,572414757,474336000,211230296,17,633393698,122632,492848762
1326,77426338,769378664,136548634,1050489664,35,157931518,122732,20076074
1327,670826883,636734202,461996362,418834743,43,1073378685,122832,66005091
1328,413149501,119630363,805174136,87951864,28,442629192,122932,1018344499
1329,1043533765,119630363,805174136,243251345,21,881407782,123032,304916712
1330,900840655,636734202,930522560,57114535,1,478264760,123133,186738249
1331,545321099,358198320,204013689,100881916,18,862246538,123233,739535674
1332,169587375,636734202,930522560,327822938,21,990172696,123333,439076575
1333,397188815,358198320,835727822,983763394,50,990172696,123433,516243761
1334,135926691,769378664,907834889,154724362,29,442629192,123533,558440025
1335,160519992,119630363,724565089,426551212,15,1073378685,123633,536512422
1336,437270527,572414757,474336000,299338386,42,1065123627,123733,249214918
1337,696301016,572414757,1017314817,724890420,45,330741533,123833,791251398
1338,296507114,358198320,533813379,447488005,36,442629192,123933,703654457
1339,188968115,119630363,87904542,619639013,7,132859125,124033,539283632
1340,990450815,769378664,907834889,886566218,42,969584240,124133,68160249
1341,332004005,769378664,600616823,346507224,38,132859125,124233,267856385
1342,251830928,636734202,92540590,837770402,11,132859125,124333,244678902
1343,442879618,636734202,930522560,314681012,11,841823385,124433,1059195644
1344,763612523,636734202,461996362,917505307,7,414053841,124533,417551778
1345,206545241,636734202,461996362,741356596,29,661352075,124633,862666355
1346,967293008,769378664,600616823,458807834,34,698851713,124733,686384919
1347,685654788,572414757,606029594,251067217,12,1065123627,124833,917183463
1348,429021110,769378664,323945030,448959962,47,914094596,124933,168332649
1349,1068109761,358198320,533813379,658772357,13,537974151,125033,499891773
1350,69328774,119630363,874250391,525949287,26,862246538,125134,968517604
1351,150727082,769378664,907834889,1037151810,25,881407782,125234,1058526799
1352,23986687,358198320,835727822,746289111,5,685251842,125334,805952184
1353,300663624,119630363,100627142,438953653,25,698851713,125434,708878015
1354,111235191,119630363,874250391,253772148,22,150861774,125534,936297828
1355,78737462,769378664,907834889,466070234,7,476280133,125634,400313766
1356,638774767,636734202,645096753,57114535,11,157931518,125734,149708630
1357,339278795,636734202,645096753,550351346,27,841823385,125834,206806186
1358,427630566,769378664,600616823,154724362,18,157931518,125934,536149068
1359,387631767,358198320,92998158,466070234,29,110255164,126034,658614547
1360,115274766,358198320,92998158,816586290,31,414053841,126135,471556253
1361,381885428,358198320,533813379,87951864,36,661352075,126235,7970575
1362,895733509,119630363,87904542,592282916,8,538046931,126335,967246338
1363,40076617,636734202,92540590,58654230,30,661352075,126435,994981276
1364,78141722,636734202,645096753,741356596,5,1065123627,126535,267704444
1365,102793742,119630363,805174136,1039281776,30,442629192,126635,971266364
1366,774897814,358198320,204013689,525949287,45,912561269,126735,709101180
1367,226663058,769378664,600616823,87951864,47,1073378685,126835,111841642
1368,784051428,636734202,912325741,487409015,32,950309306,126935,142195164
1369,222242047,572414757,606029594,1050502102,7,358456330,127035,505312406
1370,735720243,636734202,461996362,888267572,36,793473108,127136,835574606
1371,60976274,572414757,606029594,958677645,42,538046931,127236,18259357
1372,211626838,119630363,87904542,809135577,41,990172696,127336,461397314
1373,290086954,636734202,461996362,741356596,13,135724418,127436,385380976
1374,8543631,119630363,805174136,91948629,43,914094596,127536,696556216
1375,825173675,572414757,303571634,888362333,35,914094596,127636,808713343
1376,78279050,636734202,645096753,436355334,5,275045273,127736,276107356
1377,805256139,769378664,907834889,116158500,46,862246538,127836,29861996
1378,1026564463,119630363,724565089,189529079,8,157931518,127936,207502096
1379,310234659,636734202,461996362,550351346,33,150861774,128036,278781240
1380,482342711,119630363,87904542,724890420,30,778442747,128138,121979829
1381,251981679,636734202,645096753,1055765761,30,857897645,128238,550066278
1382,1064324822,572414757,303571634,1055765761,17,912561269,128338,56385779
1383,1055529150,636734202,645096753,806151297,5,476280133,128438,494932217
1384,109839568,572414757,941774389,314681012,27,793473108,128538,250620550
1385,131653387,572414757,1017314817,1050502102,5,914094596,128638,752675823
1386,248703616,636734202,645096753,649360893,36,478264760,128738,585570869
1387,695067463,119630363,874250391,1039281776,17,841823385,128838,1070380541
1388,298508271,572414757,303571634,188881828,11,722772889,128938,700579136
1389,1009387405,119630363,805174136,535706930,21,128251339,129038,525462019
1390,133951793,769378664,907834889,1055765761,8,275045273,129139,281746889
1391,94666432,769378664,323945030,746289111,17,478264760,129239,220667266
1392,709472986,572414757,606029594,703164306,18,150861774,129339,405908464
1393,116521481,636734202,645096753,875838945,34,128251339,129439,883895470
1394,970739280,119630363,87904542,884593886,29,275045273,129539,97040889
1395,295110477,119630363,805174136,376126556,40,522444752,129639,27782821
1396,827709887,358198320,92998158,886566218,48,476280133,129739,965841181
1397,811838673,572414757,303571634,1050489664,10,951436719,129839,388636455
1398,500377166,636734202,92540590,711216073,27,110255164,129939,458848876
1399,692622884,572414757,606029594,568793734,48,862246538,130039,64630809
1400,200522591,119630363,87904542,973625706,44,969584240,130140,1053331908
1401,660430195,572414757,941774389,535706930,17,478264760,130240,805137784
1402,289531393,572414757,303571634,70352832,13,1073378685,130340,853410410
1403,194286785,636734202,912325741,894497667,42,58170374,130440,235057266
1404,1007315056,358198320,835727822,725491806,34,522444752,130540,264160047
1405,189889096,636734202,461996362,500347223,14,951436719,130640,463349638
1406,19971415,636734202,645096753,376126556,26,1065123627,130740,405845689
1407,326906869,572414757,474336000,438953653,25,951436719,130840,508327296
1408,49512184,119630363,805174136,418834743,17,1065123627,130940,324922860
1409,73649700,358198320,204013689,57114535,11,950309306,131040,512507171
1410,849153721,769378664,323945030,694894798,44,376446406,131141,804346272
1411,634876519,572414757,474336000,454716506,2,857897645,131241,1069677476
1412,478281516,769378664,907834889,973625706,35,914094596,131341,518670584
1413,874926962,769378664,600616823,568793734,28,633393698,131441,361510760
1414,1023831204,769378664,445865090,734914638,44,135724418,131541,656636729
1415,32991987,358198320,204013689,498021420,36,128251339,131641,23519706
1416,247308725,119630363,805174136,888362333,21,990172696,131741,119012560
1417,57554458,769378664,136548634,458807834,35,132859125,131841,885951661
1418,442760471,572414757,941774389,694894798,31,244966167,131941,121356198
1419,914939260,119630363,724565089,235794965,6,951436719,132041,181931541
1420,234898899,119630363,874250391,454651936,1,376446406,132142,673275358
1421,66291484,119630363,874250391,626184819,39,881407782,132242,469080669
1422,862637001,119630363,87904542,673944718,43,150861774,132342,809757359
1423,855062260,119630363,724565089,447488005,36,793473108,132442,739037103
1424,497973350,769378664,600616823,169105916,25,376446406,132542,422931084
1425,966102400,769378664,907834889,725491806,11,128251339,132642,953800136
1426,348544930,636734202,92540590,35270045,21,633393698,132742,1063032824
1427,856809888,358198320,835727822,421194723,17,537974151,132842,986324760
1428,15296815,636734202,645096753,626184819,42,537974151,132942,181577179
1429,337068814,358198320,835727822,933659093,27,330741533,133042,489808231
1430,626208052,119630363,805174136,314681012,33,358456330,133143,849274477
1431,995041733,572414757,941774389,275404538,17,135724418,133243,342414193
1432,443489503,636734202,930522560,1039281776,21,537974151,133343,52341360
1433,584785620,119630363,724565089,448959962,26,478264760,133443,266741747
1434,765026253,769378664,907834889,888362333,30,969584240,133543,471170845
1435,544695340,572414757,941774389,699898675,10,135724418,133643,654599211
1436,200008580,572414757,606029594,91948629,10,439432863,133743,627084533
1437,370188611,769378664,136548634,875838945,43,862246538,133843,930413019
1438,533121268,358198320,149312461,908313182,50,722772889,133943,84943073
1439,878596153,119630363,724565089,903722543,21,1065123627,134043,131781527
1440,1018340096,119630363,87904542,90946057,16,157931518,134144,658870601
1441,642775685,119630363,87904542,699898675,42,881407782,134244,626907041
1442,124167936,119630363,87904542,888362333,7,881407782,134344,705062692
1443,126381899,358198320,204013689,271753333,40,990172696,134444,528009049
1444,522078485,636734202,930522560,454716506,34,476280133,134544,1065964273
1445,411791558,572414757,606029594,487409015,42,330741533,134644,380148988
1446,1049341897,358198320,92998158,426551212,39,414053841,134744,52291116
1447,1021131188,119630363,100627142,574905389,16,376446406,134844,292966540
1448,2920888,119630363,724565089,711216073,7,1065123627,134944,681427959
1449,314783819,572414757,474336000,888267572,11,1073378685,135044,391700645
1450,332566880,572414757,303571634,6071928,1,841823385,135145,222302567
1451,277955642,572414757,606029594,967436704,19,110255164,135245,587266368
1452,353714492,636734202,930522560,458807834,36,1065123627,135345,861602341
1453,44323851,119630363,874250391,491245267,16,685251842,135445,1052888972
1454,721064716,636734202,92540590,973625706,8,376446406,135545,347679738
1455,444730046,572414757,1017314817,806151297,42,135724418,135645,26549522
1456,884407170,572414757,474336000,649360893,24,857897645,135745,107486089
1457,847372914,636734202,92540590,933659093,6,132859125,135845,966338419
1458,261727715,636734202,912325741,454716506,47,698851713,135945,591583099
1459,600073635,636734202,912325741,426551212,6,1065123627,136045,289036375
1460,405121696,769378664,323945030,128219234,43,128251339,136146,717560907
1461,503871345,358198320,149312461,626184819,41,633393698,136246,936691369
1462,163725459,119630363,724565089,525949287,2,685251842,136346,843026111
1463,149633983,636734202,645096753,128219234,16,933592180,136446,78415343
1464,425876124,358198320,204013689,922606174,19,135724418,136546,431771942
1465,737596130,572414757,474336000,470953656,34,633393698,136646,761224660
1466,831996055,572414757,606029594,500347223,6,685251842,136746,934376495
1467,40932415,119630363,724565089,262774092,30,778442747,136846,601751994
1468,459718561,358198320,204013689,426551212,27,1073378685,136946,589458026
1469,682399176,636734202,912325741,602193411,12,522444752,137046,356490172
1470,1798147,572414757,941774389,894497667,19,414053841,137147,50819761
1471,515022467,572414757,474336000,649360893,38,912561269,137247,639620295
1472,615453860,358198320,204013689,856766955,3,990172696,137347,361345457
1473,725612234,769378664,445865090,922606174,26,778442747,137447,341082165
1474,429657207,572414757,941774389,626184819,28,1073378685,137547,967524511
1475,465430267,636734202,92540590,444697879,21,132859125,137647,60905501
1476,604611039,769378664,600616823,120107870,38,132859125,137747,926302045
1477,991392258,636734202,461996362,448959962,11,951436719,137847,799335477
1478,1065810497,636734202,645096753,933659093,50,722772889,137947,700843831
1479,831376279,636734202,912325741,651423291,2,950309306,138047,859588435
1480,910570751,119630363,805174136,253772148,35,478264760,138148,407798540
1481,925461248,636734202,930522560,619639013,29,110255164,138248,78408721
1482,1005005220,769378664,907834889,703164306,20,478264760,138348,186503024
1483,781465522,358198320,92998158,626184819,44,275045273,138448,84596462
1484,405666656,358198320,92998158,602193411,38,478264760,138548,363778494
1485,307703815,119630363,805174136,980796360,46,950309306,138648,126061415
1486,679441395,769378664,445865090,346507224,22,862246538,138748,266874187
1487,649318565,769378664,600616823,253772148,44,969584240,138848,755370870
1488,170506304,769378664,907834889,498021420,19,537974151,138948,630382380
1489,948816535,358198320,92998158,240866317,20,537974151,139048,951653754
1490,393679701,119630363,87904542,856766955,35,58170374,139149,658654819
1491,752236580,119630363,724565089,91948629,28,376446406,139249,270455264
1492,18523662,636734202,92540590,477013090,10,685251842,139349,842088883
1493,599737120,636734202,645096753,147979726,16,358456330,139449,94764831
1494,389977933,119630363,724565089,47982338,47,990172696,139549,478711829
1495,226854055,572414757,474336000,746289111,43,476280133,139649,603431101
1496,87431372,636734202,645096753,852051094,20,862246538,139749,675645463
1497,981240,119630363,874250391,658772357,38,722772889,139849,443783586
1498,964569590,119630363,724565089,852051094,47,157931518,139949,362304655
1499,165247007,636734202,92540590,856766955,14,132859125,140049,361644360
1500,497609902,572414757,303571634,470953656,4,1073378685,140150,512241911
1501,898613906,119630363,100627142,676027218,49,330741533,140250,692973871
1502,861689567,358198320,149312461,837770402,22,414053841,140350,891462524
1503,535923878,358198320,92998158,346507224,36,476280133,140450,576241144
1504,308414515,358198320,149312461,794589534,18,476280133,140550,339943162
1505,526632719,119630363,874250391,61542427,5,685251842,140650,299282556
1506,58007958,358198320,149312461,857999317,41,538046931,140750,817859876
1507,507969569,358198320,533813379,16209127,13,722772889,140850,46039956
1508,518547754,769378664,445865090,745479360,11,439432863,140950,66221027
1509,504419141,769378664,907834889,116158500,40,914094596,141050,272765687
1510,108629707,119630363,100627142,346507224,1,244966167,141151,57532890
1511,550902288,358198320,149312461,724890420,8,881407782,141251,383122554
1512,757447990,119630363,724565089,967436704,22,914094596,141351,150413447
1513,41045928,636734202,645096753,888267572,28,1065123627,141451,932325830
1514,537075952,636734202,92540590,592282916,18,1073378685,141551,362606375
1515,731362960,358198320,92998158,91948629,25,685251842,141651,242006142
1516,947144001,358198320,92998158,875838945,7,914094596,141751,420040152
1517,320025761,636734202,92540590,384902664,43,778442747,141851,967801229
1518,992232895,769378664,323945030,299338386,26,275045273,141951,670008695
1519,650194291,358198320,204013689,724890420,4,135724418,142051,909361363
1520,910534719,119630363,805174136,376126556,40,914094596,142152,504606369
1521,229905579,572414757,303571634,741356596,42,857897645,142252,17335076
1522,892228493,119630363,87904542,568793734,41,951436719,142352,210640936
1523,978855401,358198320,835727822,513079986,42,857897645,142452,938647855
1524,100172682,572414757,941774389,794589534,9,538046931,142552,217957122
1525,64226338,358198320,533813379,448959962,2,951436719,142652,164908116
1526,597727885,119630363,805174136,856766955,32,990172696,142752,854897706
1527,377834885,572414757,303571634,626184819,15,778442747,142852,1024392753
1528,656820341,119630363,874250391,346507224,1,414053841,142952,909573509
1529,210309882,119630363,724565089,481146443,25,1073378685,143052,12285606
1530,813894347,572414757,303571634,327822938,18,522444752,143153,109462128
1531,721235986,769378664,600616823,513079986,33,661352075,143253,534202844
1532,408282117,358198320,533813379,128219234,10,135724418,143353,731999110
1533,746736562,119630363,805174136,458807834,48,537974151,143453,71369523
1534,284482382,358198320,533813379,217336653,48,537974151,143553,1945615
1535,810902684,636734202,930522560,176313533,5,157931518,143653,676374706
1536,437826676,358198320,533813379,676027218,50,698851713,143753,318870936
1537,692464724,358198320,92998158,626184819,33,912561269,143853,980845915
1538,6100654,636734202,912325741,470953656,43,110255164,143953,522093651
1539,701554555,572414757,606029594,888362333,46,157931518,144053,592277896
1540,841642252,572414757,941774389,619639013,2,358456330,144154,492597787
1541,654319427,769378664,136548634,454390549,11,110255164,144254,533549084
1542,718314725,636734202,930522560,1050502102,21,722772889,144354,388636455
1543,59379814,769378664,600616823,580013018,1,110255164,144454,745403129
1544,526300375,572414757,303571634,466715267,28,358456330,144554,982765039
1545,983887325,572414757,606029594,773509879,41,442629192,144654,461397314
1546,274774509,769378664,323945030,16209127,19,414053841,144754,701430815
1547,272771242,358198320,835727822,70352832,19,951436719,144854,252229446
1548,670780820,572414757,941774389,673944718,39,414053841,144954,692432563
1549,52277758,358198320,204013689,746289111,38,442629192,145054,388318686
1550,130767977,358198320,533813379,921540355,42,132859125,145155,99276553
1551,971655161,358198320,149312461,525949287,39,990172696,145255,48116194
1552,75495728,769378664,445865090,888362333,10,157931518,145355,347627905
1553,703343588,572414757,1017314817,67819486,21,914094596,145455,715930252
1554,295424236,769378664,136548634,857999317,14,661352075,145555,1035034319
1555,781551519,636734202,912325741,466715267,6,132859125,145655,49621209
1556,347696322,769378664,907834889,1050489664,17,358456330,145755,858579272
1557,886151001,636734202,912325741,649360893,4,135724418,145855,707572322
1558,68140524,119630363,100627142,57114535,39,933592180,145955,536106608
1559,235629998,119630363,87904542,699898675,1,698851713,146055,814620283
1560,106336625,572414757,941774389,602193411,36,110255164,146156,1019567657
1561,1056623697,636734202,461996362,1067412090,7,990172696,146256,178320242
1562,950048742,572414757,606029594,311261128,3,442629192,146356,357530463
1563,98368506,572414757,1017314817,447488005,5,128251339,146456,811313496
1564,354379483,358198320,92998158,199004570,41,914094596,146556,108708170
1565,1035575155,769378664,445865090,70352832,49,150861774,146656,960331799
1566,1063133409,572414757,474336000,466715267,46,969584240,146756,775449941
1567,622531506,636734202,912325741,299338386,35,841823385,146856,858444485
1568,607383240,572414757,303571634,983763394,27,442629192,146956,157690142
1569,739519927,119630363,874250391,314681012,1,376446406,147056,431006846
1570,73527601,119630363,724565089,466715267,41,933592180,147157,558062681
1571,360152504,572414757,941774389,481146443,22,698851713,147257,824699856
1572,747384747,769378664,600616823,568793734,50,912561269,147357,939005992
1573,439927917,572414757,941774389,91948629,36,793473108,147457,469804873
1574,164775106,119630363,874250391,189529079,27,442629192,147557,38993892
1575,283051772,636734202,92540590,651423291,47,132859125,147657,585123280
1576,740325588,358198320,533813379,466715267,21,685251842,147757,772401994
1577,900650744,572414757,474336000,550351346,35,1065123627,147857,311007050
1578,813643566,119630363,874250391,361008659,47,442629192,147957,537773467
1579,824622799,358198320,533813379,794589534,25,914094596,148057,1016534123
1580,6000720,636734202,92540590,1067412090,26,244966167,148158,972349823
1581,231948062,572414757,474336000,852051094,7,538046931,148258,76536411
1582,980035235,636734202,912325741,525949287,42,414053841,148358,898816104
1583,37972051,119630363,805174136,626184819,50,1073378685,148458,61864395
1584,670868246,769378664,136548634,361008659,6,661352075,148558,97624712
1585,619260613,769378664,323945030,743324822,20,275045273,148658,34292012
1586,443849262,769378664,445865090,164223055,45,414053841,148758,785098841
1587,241718434,119630363,874250391,154724362,19,722772889,148858,490279277
1588,617935975,572414757,474336000,711889679,6,135724418,148958,873610263
1589,916147662,119630363,87904542,894497667,7,914094596,149058,458506462
1590,370005545,572414757,1017314817,498021420,12,722772889,149159,633173635
1591,252562369,358198320,835727822,235794965,42,862246538,149259,960941272
1592,998553688,636734202,930522560,694894798,45,914094596,149359,596247662
1593,848108817,769378664,136548634,91948629,1,912561269,149459,938246341
1594,823213654,769378664,907834889,1050489664,16,330741533,149559,289809780
1595,598783156,572414757,941774389,491245267,48,685251842,149659,959796102
1596,406279656,769378664,323945030,487409015,20,442629192,149759,218325011
1597,336411195,572414757,474336000,773719241,1,132859125,149859,230443615
1598,658872223,119630363,805174136,1050502102,45,439432863,149959,714909119
1599,980470700,572414757,474336000,361625467,12,722772889,150059,227949299
1600,1042567878,358198320,92998158,78432743,21,244966167,150160,810220216
1601,466724195,636734202,645096753,518605273,29,661352075,150260,887960659
1602,416170844,572414757,303571634,518605273,49,881407782,150360,846684491
1603,683867913,769378664,323945030,235794965,45,244966167,150460,54746360
1604,989447023,358198320,149312461,466070234,6,522444752,150560,280996968
1605,270659371,119630363,874250391,271753333,37,478264760,150660,507346791
1606,448631577,572414757,1017314817,734914638,32,476280133,150760,302202184
1607,290282081,358198320,835727822,550351346,30,1065123627,150860,196058420
1608,624688877,636734202,930522560,436355334,3,685251842,150960,52559058
1609,1059509900,358198320,533813379,1050489664,34,330741533,151060,627610184
1610,152423554,358198320,533813379,568963210,29,1065123627,151161,14842677
1611,844708016,572414757,303571634,766427479,1,157931518,151261,399227739
1612,685736364,358198320,92998158,711889679,29,933592180,151361,920851796
1613,213075374,769378664,136548634,78432743,28,442629192,151461,910693783
1614,758869438,358198320,835727822,275404538,2,132859125,151561,1009928772
1615,141189485,636734202,92540590,580013018,29,862246538,151661,588899819
1616,350354211,636734202,461996362,711216073,48,476280133,151761,911230899
1617,796250110,769378664,323945030,749720854,44,157931518,151861,576088107
1618,152862680,769378664,600616823,649360893,9,793473108,151961,289834753
1619,863233886,119630363,100627142,491245267,12,132859125,152061,863886979
1620,96302035,572414757,606029594,1039281776,42,135724418,152162,838107299
1621,792026264,358198320,835727822,565302581,17,881407782,152262,206404239
1622,626996341,636734202,461996362,694894798,10,442629192,152362,211919763
1623,192640882,572414757,303571634,541259438,49,110255164,152462,190525624
1624,255102216,769378664,136548634,211230296,19,132859125,152562,282048659
1625,517867074,769378664,136548634,128219234,43,661352075,152662,549334236
1626,467202811,769378664,600616823,16209127,34,661352075,152762,643972900
1627,724638885,636734202,461996362,724890420,13,522444752,152862,662384790
1628,164491802,636734202,930522560,436355334,40,478264760,152962,88984551
1629,529307455,358198320,149312461,884593886,10,793473108,153062,660227366
1630,417021129,769378664,600616823,243251345,3,661352075,153163,745778990
1631,624791871,358198320,835727822,57114535,49,881407782,153263,464555143
1632,92609645,769378664,323945030,78432743,4,135724418,153363,1049539356
1633,397538835,636734202,912325741,724890420,33,633393698,153463,758405078
1634,367498183,358198320,92998158,199004570,15,951436719,153563,681667633
1635,747963366,358198320,835727822,262774092,34,522444752,153663,472074717
1636,552726248,358198320,204013689,453561333,50,135724418,153763,720651547
1637,1038094072,769378664,907834889,189529079,48,244966167,153863,286792049
1638,439848585,572414757,303571634,980796360,35,275045273,153963,316384541
1639,348791594,769378664,445865090,525949287,5,135724418,154063,522431801
1640,522419071,572414757,303571634,145719540,2,275045273,154164,361203724
1641,729850862,119630363,805174136,491245267,21,244966167,154264,164522239
1642,529552919,572414757,941774389,967436704,47,969584240,154364,467365618
1643,730985744,119630363,874250391,917505307,19,414053841,154464,506987236
1644,674534722,636734202,930522560,453561333,38,150861774,154564,629328396
1645,194523906,119630363,87904542,743324822,41,862246538,154664,553659172
1646,928516417,769378664,323945030,837770402,11,522444752,154764,523864393
1647,773020870,119630363,87904542,346507224,38,476280133,154864,1007760104
1648,29110862,769378664,907834889,749720854,13,275045273,154964,546765189
1649,932237215,572414757,606029594,211230296,49,442629192,155064,185385996
1650,599961489,119630363,724565089,619639013,34,793473108,155165,338218292
1651,447325490,636734202,92540590,734914638,33,857897645,155265,833691445
1652,686450655,119630363,805174136,498021420,20,969584240,155365,203693938
1653,52061934,636734202,912325741,580013018,27,376446406,155465,174981632
1654,1016807269,358198320,204013689,721449059,2,912561269,155565,659166008
1655,779815200,636734202,912325741,525949287,6,685251842,155665,543474378
1656,429584695,358198320,204013689,243251345,7,862246538,155765,259399586
1657,638965625,636734202,461996362,154724362,17,157931518,155865,500032514
1658,487181217,636734202,645096753,217336653,20,950309306,155965,21311116
1659,392457295,572414757,474336000,1002109111,14,476280133,156065,129459497
1660,144000800,769378664,600616823,884593886,38,685251842,156166,840750181
1661,1010315897,636734202,645096753,91948629,41,358456330,156266,931948291
1662,265299856,119630363,100627142,147979726,34,537974151,156366,371888786
1663,258589968,358198320,835727822,809135577,2,793473108,156466,588542168
1664,860954306,358198320,204013689,773719241,31,442629192,156566,908464659
1665,219721407,769378664,600616823,418834743,27,110255164,156666,448596458
1666,258414410,636734202,912325741,725491806,24,841823385,156766,478433563
1667,733396218,636734202,645096753,470953656,23,439432863,156866,948797351
1668,889564617,358198320,149312461,240866317,33,951436719,156966,766737269
1669,397294109,119630363,805174136,773719241,39,912561269,157066,40343250
1670,829390448,119630363,87904542,711216073,49,157931518,157167,468758328
1671,875008926,358198320,149312461,809135577,28,135724418,157267,1052955420
1672,275072466,572414757,941774389,856766955,41,128251339,157367,129964583
1673,378741961,358198320,204013689,852051094,7,150861774,157467,146111790
1674,900376562,119630363,874250391,361008659,38,778442747,157567,83723818
1675,244211048,636734202,92540590,888362333,45,150861774,157667,182927311
1676,1053371668,769378664,600616823,773509879,33,1073378685,157767,460513833
1677,447137015,636734202,92540590,436355334,44,58170374,157867,676938039
1678,354545884,119630363,724565089,903722543,20,522444752,157967,98863203
1679,681752943,636734202,645096753,923562184,38,478264760,158067,147129009
1680,487861201,358198320,533813379,592282916,18,950309306,158168,508451139
1681,498373275,119630363,724565089,454716506,18,1065123627,158268,1005250328
1682,146084632,636734202,930522560,694894798,3,157931518,158368,284149545
1683,799666191,119630363,805174136,498021420,34,58170374,158468,486195668
1684,827574948,358198320,835727822,894497667,26,912561269,158568,178434336
1685,32450058,636734202,645096753,908313182,48,722772889,158668,959004021
1686,353176218,358198320,92998158,311261128,23,950309306,158768,191629973
1687,972008977,572414757,606029594,477013090,6,478264760,158868,721346845
1688,684514802,572414757,606029594,431513001,22,722772889,158968,203943276
1689,380290712,358198320,204013689,466715267,7,1073378685,159068,290459807
1690,1027047231,636734202,461996362,714209204,34,414053841,159169,650991444
1691,234563994,572414757,474336000,409851523,12,538046931,159269,131554506
1692,1009867228,572414757,941774389,1037151810,31,661352075,159369,1020979153
1693,51765815,358198320,92998158,766427479,27,537974151,159469,467722321
1694,567663091,636734202,930522560,580013018,33,275045273,159569,622904263
1695,535146585,636734202,912325741,243251345,28,476280133,159669,186050557
1696,843282421,119630363,100627142,1067412090,46,522444752,159769,700005732
1697,896945959,636734202,912325741,466715267,44,633393698,159869,305918046
1698,981284736,636734202,461996362,189529079,30,150861774,159969,435419433
1699,217706703,769378664,136548634,147979726,26,58170374,160069,178947200
1700,333426527,119630363,805174136,541259438,27,722772889,160170,1028968436
1701,41115485,358198320,204013689,78432743,20,969584240,160270,562615516
1702,137906153,119630363,874250391,884593886,26,442629192,160370,471205584
1703,61792406,358198320,204013689,199004570,40,244966167,160470,107590241
1704,288575080,358198320,533813379,568963210,48,414053841,160570,413017899
1705,1028956589,358198320,149312461,1002109111,18,793473108,160670,629411580
1706,909428656,119630363,874250391,447488005,7,478264760,160770,749627185
1707,924708319,572414757,303571634,922606174,46,275045273,160870,961660445
1708,157301975,358198320,92998158,908313182,30,150861774,160970,575586343
1709,697065052,572414757,474336000,91322759,7,135724418,161070,816952602
1710,660131027,769378664,323945030,1002109111,3,969584240,161171,314785443
1711,414944062,572414757,474336000,100881916,45,439432863,161271,283318276
1712,235068224,358198320,149312461,384902664,1,414053841,161371,538557824
1713,552957944,358198320,533813379,498021420,12,793473108,161471,894032958
1714,318841462,636734202,930522560,711216073,44,128251339,161571,57455618
1715,225400493,769378664,136548634,87951864,37,933592180,161671,654690001
1716,765578771,636734202,92540590,6071928,12,110255164,161771,684776465
1717,334176042,636734202,461996362,721449059,21,722772889,161871,108171570
1718,597327731,358198320,533813379,477013090,14,990172696,161971,650147049
1719,781742395,572414757,941774389,431513001,29,862246538,162071,819347748
1720,556400925,636734202,912325741,251067217,1,157931518,162172,174062635
1721,608289214,119630363,724565089,275404538,39,135724418,162272,1041869137
1722,899353480,572414757,474336000,70352832,44,330741533,162372,680348784
1723,115317363,572414757,474336000,444697879,50,793473108,162472,910820564
1724,600096274,636734202,461996362,35270045,34,157931518,162572,214546335
1725,429972500,572414757,303571634,481146443,22,951436719,162672,411224460
1726,116344402,636734202,912325741,980796360,28,862246538,162772,28183188
1727,321415404,636734202,461996362,933659093,6,330741533,162872,109883714
1728,979766552,572414757,474336000,775829305,10,376446406,162972,775078586
1729,310706372,636734202,461996362,6071928,17,275045273,163072,741583378
1730,520626742,119630363,874250391,908313182,47,150861774,163173,344252835
1731,582349917,636734202,92540590,35270045,40,661352075,163273,38429208
1732,775197398,119630363,724565089,454390549,6,244966167,163373,212178951
1733,482996635,636734202,461996362,888267572,8,110255164,163473,498772806
1734,1050193809,572414757,606029594,271753333,42,933592180,163573,263076838
1735,213304873,769378664,136548634,70352832,7,862246538,163673,22914949
1736,1036639127,358198320,533813379,431513001,38,358456330,163773,268892764
1737,506938737,636734202,92540590,500347223,29,841823385,163873,1055687067
1738,508763750,572414757,941774389,734914638,4,330741533,163973,287206233
1739,480864180,358198320,533813379,436355334,47,969584240,164073,638040853
1740,800055918,358198320,92998158,1015815959,16,330741533,164174,993546634
1741,9544013,572414757,941774389,470953656,9,914094596,164274,917056752
1742,1061725344,572414757,606029594,418834743,43,110255164,164374,30714692
1743,438995839,636734202,930522560,794589534,30,862246538,164474,283318276
1744,452532075,358198320,533813379,749720854,27,969584240,164574,696305778
1745,925536572,636734202,930522560,57114535,24,537974151,164674,636466661
1746,869115691,119630363,874250391,1039792716,37,110255164,164774,600556641
1747,918833660,572414757,474336000,57114535,28,951436719,164874,800175484
1748,286686523,769378664,600616823,626184819,34,1065123627,164974,291079031
1749,96622226,636734202,92540590,454390549,29,442629192,165074,512498251
1750,345173330,358198320,835727822,114745743,44,914094596,165175,863957619
1751,118225440,358198320,92998158,87951864,24,685251842,165275,550250076
1752,933779255,119630363,100627142,454716506,22,135724418,165375,221897293
1753,302166459,358198320,533813379,47982338,50,150861774,165475,367685311
1754,585670849,119630363,100627142,176313533,39,933592180,165575,479414868
1755,1011024358,769378664,445865090,35270045,43,376446406,165675,784316295
1756,265541456,572414757,941774389,568793734,10,157931518,165775,378308531
1757,847623948,769378664,323945030,447488005,33,522444752,165875,761006023
1758,757375622,119630363,874250391,438953653,39,661352075,165975,1057363247
1759,945538685,119630363,724565089,138684891,43,950309306,166075,53416839
1760,947720208,358198320,204013689,888267572,3,58170374,166176,643088304
1761,531962812,769378664,445865090,481146443,42,1073378685,166276,67824584
1762,800444911,636734202,645096753,57114535,7,522444752,166376,560088582
1763,447858600,358198320,204013689,1039281776,36,950309306,166476,503633003
1764,429452347,572414757,303571634,1037151810,13,914094596,166576,932564955
1765,558784882,358198320,533813379,837770402,50,857897645,166676,1016296969
1766,237429046,636734202,461996362,100881916,18,969584240,166776,254840978
1767,602836367,769378664,907834889,47982338,1,633393698,166876,538194706
1768,723604250,572414757,606029594,421194723,10,244966167,166976,159227103
1769,453840386,572414757,474336000,894497667,9,110255164,167076,397427303
1770,669991492,572414757,474336000,70352832,24,841823385,167177,563005050
1771,1004306499,769378664,907834889,973625706,2,990172696,167277,582376984
1772,605395629,769378664,136548634,145327273,6,778442747,167377,85078232
1773,191052183,572414757,941774389,917505307,12,722772889,167477,1014849304
1774,104124239,769378664,600616823,794589534,22,522444752,167577,653743754
1775,30698362,769378664,445865090,299338386,12,132859125,167677,1069775621
1776,511210584,358198320,533813379,438615957,13,1065123627,167777,708175603
1777,224790907,636734202,461996362,35270045,48,990172696,167877,1010382768
1778,155735641,636734202,92540590,327822938,9,857897645,167977,489143675
1779,543506557,572414757,1017314817,725491806,9,244966167,168077,470812606
1780,461409826,636734202,930522560,70352832,38,862246538,168178,114574057
1781,985358853,769378664,600616823,676027218,11,330741533,168278,795409312
1782,249261324,572414757,303571634,1055765761,19,990172696,168378,107869208
1783,526965840,636734202,645096753,448959962,30,793473108,168478,1053061888
1784,19445996,358198320,835727822,454716506,34,537974151,168578,953912951
1785,1574651,636734202,461996362,903722543,42,414053841,168678,650892964
1786,929389368,636734202,645096753,658772357,11,150861774,168778,4354662
1787,740947191,572414757,606029594,809135577,38,933592180,168878,459814410
1788,815872484,636734202,930522560,453561333,34,969584240,168978,663272910
1789,981686863,358198320,92998158,453561333,29,841823385,169078,829975350
1790,424103766,636734202,92540590,87951864,31,128251339,169179,610213221
1791,970952023,119630363,87904542,894497667,18,793473108,169279,203692214
1792,827763512,769378664,907834889,128219234,30,135724418,169379,420348608
1793,779824382,119630363,874250391,169105916,27,132859125,169479,928140561
1794,1039933448,636734202,92540590,426551212,11,358456330,169579,173582621
1795,280193139,769378664,323945030,741356596,13,722772889,169679,446038412
1796,52868462,769378664,907834889,749720854,6,414053841,169779,898834347
1797,378144161,769378664,136548634,894497667,25,951436719,169879,208960072
1798,860019965,769378664,600616823,438615957,3,135724418,169979,522577882
1799,892348499,572414757,303571634,87951864,15,476280133,170079,971494789
1800,1012760604,358198320,204013689,176313533,8,950309306,170180,697652753
1801,768809140,769378664,136548634,147979726,40,633393698,170280,4703331
1802,385192317,119630363,100627142,314681012,32,135724418,170380,645303355
1803,226871010,119630363,87904542,745479360,15,1065123627,170480,60133322
1804,714837131,119630363,874250391,100881916,33,633393698,170580,413846311
1805,898007010,572414757,606029594,983763394,43,376446406,170680,820015575
1806,678142509,358198320,533813379,100881916,16,128251339,170780,32000198
1807,366064936,769378664,323945030,91322759,44,414053841,170880,647044348
1808,1071466848,358198320,835727822,91322759,13,132859125,170980,136922277
1809,607660948,358198320,92998158,251067217,13,857897645,171080,97541380
1810,598565086,769378664,136548634,444697879,11,476280133,171181,1073144146
1811,562025005,358198320,204013689,568963210,42,1065123627,171281,907002969
1812,700845371,636734202,930522560,384902664,4,990172696,171381,255137050
1813,789101693,572414757,303571634,980796360,48,969584240,171481,261538490
1814,306297903,572414757,606029594,145327273,42,661352075,171581,1030285013
1815,468196721,572414757,1017314817,327822938,37,476280133,171681,522843019
1816,294399436,358198320,92998158,100881916,13,950309306,171781,588359743
1817,1005649787,769378664,445865090,574905389,40,661352075,171881,328523753
1818,364332880,769378664,136548634,973625706,30,330741533,171981,650397568
1819,772099531,636734202,461996362,1039792716,18,110255164,172081,431375941
1820,881614651,636734202,912325741,243251345,26,330741533,172182,542415907
1821,463949302,358198320,149312461,626184819,39,478264760,172282,858097108
1822,108119121,636734202,461996362,711216073,2,244966167,172382,696265474
1823,577545077,572414757,474336000,500347223,24,698851713,172482,388049740
1824,356424163,572414757,606029594,61542427,1,950309306,172582,133139188
1825,849878509,572414757,474336000,852051094,27,841823385,172682,365612082
1826,217507934,572414757,474336000,138684891,38,685251842,172782,857964590
1827,645133226,572414757,941774389,453561333,34,476280133,172882,308594649
1828,701408135,119630363,87904542,525949287,10,914094596,172982,181454124
1829,197420786,358198320,149312461,649360893,25,933592180,173082,374592773
1830,171580904,358198320,92998158,958677645,19,58170374,173183,392055662
1831,713194338,769378664,323945030,436355334,37,150861774,173283,1007238242
1832,484513204,769378664,323945030,481146443,3,132859125,173383,802724053
1833,405163591,769378664,907834889,444697879,17,950309306,173483,1056938005
1834,690920338,636734202,912325741,361625467,29,862246538,173583,470006495
1835,182983862,636734202,645096753,35270045,39,538046931,173683,1014468583
1836,765373425,769378664,323945030,1037151810,4,778442747,173783,482218027
1837,974600877,769378664,323945030,980796360,10,1073378685,173883,116677274
1838,90892791,769378664,600616823,550351346,35,722772889,173983,957412516
1839,784489909,572414757,606029594,806151297,5,244966167,174083,871634307
1840,531268748,358198320,204013689,491245267,49,442629192,174184,679057151
1841,661573131,769378664,445865090,444697879,35,990172696,174284,153631896
1842,67405667,119630363,724565089,164223055,6,275045273,174384,639871943
1843,674282526,119630363,874250391,188881828,45,157931518,174484,440726812
1844,641981867,769378664,445865090,1002109111,2,150861774,174584,918980706
1845,985834368,572414757,303571634,933659093,40,442629192,174684,160617020
1846,623270170,119630363,724565089,816586290,45,478264760,174784,980972317
1847,230353683,636734202,461996362,746289111,48,633393698,174884,712420202
1848,746107975,572414757,1017314817,130450140,11,969584240,174984,79655773
1849,683200364,769378664,907834889,888362333,24,150861774,175084,1027245013
1850,829972272,572414757,303571634,57114535,1,358456330,175185,858138516
1851,961543984,636734202,645096753,454651936,3,862246538,175285,289834753
1852,464411566,572414757,941774389,16209127,23,951436719,175385,897285713
1853,865361949,769378664,136548634,458807834,34,793473108,175485,634226035
1854,492519934,358198320,533813379,243251345,14,841823385,175585,500144957
1855,830953156,358198320,92998158,852051094,9,442629192,175685,522402736
1856,476459526,572414757,606029594,1055765761,31,778442747,175785,895303036
1857,854602767,119630363,874250391,888267572,48,793473108,175885,925582529
1858,376108211,358198320,533813379,626184819,15,157931518,175985,989246164
1859,14910294,119630363,87904542,734914638,20,1073378685,176085,754457436
1860,355867509,572414757,474336000,917505307,26,950309306,176186,394139451
1861,359608571,119630363,100627142,676027218,3,244966167,176286,794531814
1862,328368907,572414757,303571634,253772148,8,722772889,176386,196503138
1863,1056816921,572414757,606029594,500347223,49,969584240,176486,213044105
1864,232285309,572414757,303571634,694894798,20,914094596,176586,722309614
1865,712998315,636734202,92540590,565302581,39,150861774,176686,1056914129
1866,704051807,769378664,445865090,458807834,18,722772889,176786,518810881
1867,846630717,572414757,1017314817,794589534,49,330741533,176886,872963682
1868,81833264,636734202,92540590,275404538,16,862246538,176986,191151690
1869,964291380,358198320,149312461,470953656,6,857897645,177086,49807157
1870,860176784,636734202,645096753,1039281776,49,522444752,177187,368342342
1871,930967423,119630363,87904542,773719241,21,862246538,177287,444407651
1872,270699006,358198320,204013689,1039281776,45,330741533,177387,59408241
1873,881565491,119630363,805174136,114745743,48,150861774,177487,58069722
1874,83295784,358198320,149312461,438615957,3,950309306,177587,944971959
1875,258621163,358198320,149312461,837770402,26,128251339,177687,756769893
1876,845162558,572414757,303571634,498021420,50,442629192,177787,707592938
1877,198209194,572414757,606029594,773509879,7,881407782,177887,210866289
1878,154726074,572414757,474336000,1015815959,10,778442747,177987,859204417
1879,771895849,572414757,303571634,816586290,10,128251339,178087,761079341
1880,752170249,636734202,645096753,251067217,27,358456330,178188,453216147
1881,752693635,572414757,941774389,922606174,41,439432863,178288,94570100
1882,764675581,769378664,907834889,922606174,1,914094596,178388,261435701
1883,457499590,636734202,912325741,67819486,39,244966167,178488,391323859
1884,521529283,636734202,645096753,541259438,47,132859125,178588,337530033
1885,275611927,636734202,92540590,766427479,31,912561269,178688,1006029688
1886,100983100,769378664,136548634,852051094,43,857897645,178788,684519444
1887,314711297,769378664,907834889,199004570,46,633393698,178888,238414787
1888,285402692,572414757,941774389,466070234,9,950309306,178988,753346877
1889,674479899,769378664,445865090,438953653,35,439432863,179088,94605410
1890,605483208,119630363,874250391,580013018,35,1065123627,179189,139141155
1891,286628056,769378664,445865090,875838945,20,330741533,179289,84943073
1892,843779824,119630363,87904542,454716506,37,58170374,179389,752448934
1893,59436555,572414757,941774389,773509879,48,722772889,179489,204742650
1894,104658344,769378664,907834889,908313182,14,778442747,179589,1007116794
1895,350398173,358198320,149312461,100881916,4,841823385,179689,140750488
1896,216163144,358198320,835727822,100881916,40,522444752,179789,377180658
1897,470294127,636734202,645096753,164223055,19,414053841,179889,917470012
1898,363596027,769378664,445865090,311261128,17,661352075,179989,1047908720
1899,539456234,358198320,92998158,884593886,26,538046931,180089,724887213
1900,919793994,119630363,100627142,436355334,44,1065123627,180190,909844881
1901,453217813,769378664,445865090,746289111,14,414053841,180290,141578679
1902,379073721,636734202,92540590,431513001,12,358456330,180390,552170402
1903,612817547,769378664,600616823,6071928,33,414053841,180490,974674905
1904,720952901,119630363,874250391,299338386,20,244966167,180590,889540492
1905,96660978,572414757,606029594,1002109111,29,951436719,180690,471835212
1906,436497791,358198320,92998158,384902664,41,358456330,180790,216924585
1907,75009023,358198320,92998158,875838945,19,633393698,180890,291194393
1908,734452084,769378664,445865090,541259438,37,862246538,180990,237714973
1909,268040740,769378664,600616823,745479360,26,685251842,181090,23412975
1910,540103660,572414757,941774389,275404538,36,157931518,181191,768827288
1911,75608721,769378664,136548634,651423291,38,275045273,181291,934735073
1912,338299120,769378664,323945030,922606174,2,1065123627,181391,112668914
1913,845851261,119630363,805174136,518605273,35,442629192,181491,956810541
1914,214239263,358198320,835727822,61542427,9,722772889,181591,483750733
1915,768269102,119630363,100627142,169105916,49,778442747,181691,768447620
1916,556202158,572414757,606029594,1039281776,2,538046931,181791,657210411
1917,517227644,769378664,445865090,438953653,9,698851713,181891,768365635
1918,855533726,358198320,533813379,734914638,38,969584240,181991,767845484
1919,290369074,636734202,92540590,903722543,39,633393698,182091,937343565
1920,525406681,358198320,533813379,477013090,26,244966167,182192,435270598
1921,1060629483,769378664,600616823,806151297,6,58170374,182292,142202275
1922,476345184,572414757,941774389,454716506,32,522444752,182392,509738118
1923,303957987,119630363,805174136,816586290,8,990172696,182492,853699657
1924,31661197,769378664,907834889,145719540,1,1065123627,182592,1050409584
1925,381884258,769378664,323945030,809135577,47,914094596,182692,262249624
1926,148306264,636734202,645096753,498021420,28,698851713,182792,936691369
1927,350827142,119630363,100627142,602193411,26,157931518,182892,496246222
1928,336910167,769378664,136548634,1002109111,13,244966167,182992,432136596
1929,802625419,119630363,87904542,725491806,17,244966167,183092,453004633
1930,309301349,636734202,930522560,592282916,5,275045273,183193,666442302
1931,964415007,636734202,930522560,466070234,10,951436719,183293,628210681
1932,1064852713,119630363,724565089,745479360,31,522444752,183393,641797838
1933,852073557,769378664,323945030,421194723,31,990172696,183493,871059618
1934,603636995,636734202,645096753,933659093,33,244966167,183593,237235242
1935,545790260,119630363,100627142,699898675,24,990172696,183693,174754649
1936,535992122,358198320,835727822,886566218,1,1073378685,183793,661160965
1937,146691129,358198320,149312461,592282916,35,538046931,183893,142914225
1938,501069321,769378664,323945030,164223055,44,330741533,183993,814131576
1939,876979197,358198320,92998158,346507224,7,1073378685,184093,1007683393
1940,260793656,636734202,912325741,763732228,26,150861774,184194,604892475
1941,716369065,769378664,907834889,749720854,20,376446406,184294,737083400
1942,595022989,119630363,874250391,568963210,17,722772889,184394,275183285
1943,445544934,769378664,323945030,694894798,16,862246538,184494,478208299
1944,1045064771,119630363,100627142,147979726,24,914094596,184594,406686106
1945,640681968,119630363,724565089,35270045,45,132859125,184694,454310248
1946,794538775,636734202,645096753,773509879,32,358456330,184794,932667338
1947,139217161,572414757,474336000,314681012,18,128251339,184894,517253797
1948,124093226,358198320,92998158,376126556,41,522444752,184994,488930529
1949,997977870,358198320,835727822,409851523,35,439432863,185094,236175868
1950,241770180,572414757,303571634,703164306,48,442629192,185195,782451788
1951,186860119,769378664,323945030,466070234,24,275045273,185295,1015546784
1952,107066106,358198320,835727822,852051094,30,110255164,185395,394771341
1953,627676031,572414757,303571634,568963210,33,135724418,185495,1059782405
1954,106490114,769378664,323945030,743324822,24,157931518,185595,44555862
1955,723463173,572414757,303571634,852051094,14,135724418,185695,987984263
1956,840001561,572414757,474336000,235794965,42,110255164,185795,110430985
1957,404952403,636734202,461996362,145327273,9,110255164,185895,686384919
1958,126904310,119630363,724565089,568793734,22,376446406,185995,810420128
1959,1023713466,636734202,645096753,734914638,47,950309306,186095,764241696
1960,718419599,636734202,461996362,409851523,30,950309306,186196,1045608518
1961,45915495,358198320,92998158,703164306,29,722772889,186296,373023691
1962,525259575,769378664,907834889,894497667,11,633393698,186396,919271974
1963,315702985,572414757,1017314817,1055765761,37,685251842,186496,252748251
1964,119227502,358198320,149312461,649360893,42,722772889,186596,950771016
1965,476271566,119630363,874250391,70352832,34,132859125,186696,902175928
1966,895857954,358198320,835727822,1015815959,40,969584240,186796,887372638
1967,716875979,572414757,303571634,917505307,42,376446406,186896,19902161
1968,368030937,572414757,606029594,477013090,26,862246538,186996,938440965
1969,832593087,636734202,92540590,477013090,43,914094596,187096,527465835
1970,890100258,572414757,606029594,16209127,50,990172696,187197,897959466
1971,536959998,769378664,323945030,1037151810,10,698851713,187297,918980706
1972,476834647,119630363,874250391,418834743,17,881407782,187397,502297058
1973,321131212,769378664,136548634,933659093,13,1073378685,187497,660833022
1974,792427389,636734202,461996362,436355334,14,1065123627,187597,40011743
1975,795387521,572414757,1017314817,189529079,6,722772889,187697,8306038
1976,788369982,358198320,835727822,346507224,32,969584240,187797,455120067
1977,93463404,769378664,445865090,91948629,33,128251339,187897,450722220
1978,229738256,119630363,874250391,933659093,44,244966167,187997,184457323
1979,501478448,572414757,941774389,746289111,50,358456330,188097,786224292
1980,412432868,358198320,533813379,447488005,13,793473108,188198,594308474
1981,909176798,769378664,136548634,454651936,23,950309306,188298,725209959
1982,1051987857,119630363,874250391,311261128,18,538046931,188398,459904434
1983,397988307,358198320,149312461,491245267,22,330741533,188498,258780694
1984,603666746,572414757,303571634,884593886,26,951436719,188598,121659797
1985,72695619,119630363,805174136,199004570,26,793473108,188698,793080662
1986,143238154,636734202,461996362,154724362,49,439432863,188798,40188504
1987,1026262092,572414757,474336000,299338386,5,376446406,188898,108782985
1988,552816088,572414757,303571634,6071928,38,969584240,188998,704583560
1989,909259850,636734202,92540590,466715267,15,633393698,189098,108039699
1990,223938051,358198320,149312461,444697879,31,358456330,189199,179736861
1991,257432365,119630363,805174136,773719241,47,358456330,189299,292501647
1992,1026981842,636734202,645096753,100881916,14,537974151,189399,987580887
1993,970643872,769378664,445865090,346507224,4,414053841,189499,868207271
1994,891793363,119630363,805174136,658772357,36,135724418,189599,753320924
1995,243532882,119630363,805174136,16209127,31,914094596,189699,420909393
1996,416215975,358198320,204013689,470953656,22,414053841,189799,356490172
1997,965310404,636734202,92540590,580013018,15,722772889,189899,430606888
1998,444658064,358198320,149312461,1039281776,37,793473108,189999,690273541
1999,224308535,358198320,149312461,651423291,35,358456330,190099,666778204
2000,168238127,119630363,805174136,837770402,46,950309306,90200,260437808
