PS_PARTKEY,PS_SUPPKEY,PS_AVAILQTY,PS_SUPPLYCOST,PS_COMMENT
1,2,3325,77164,88293112
1,27,8076,99349,751584023
1,52,3956,33709,130467716
1,77,4069,35784,148072346
2,3,8895,37849,890332928
2,28,4969,91527,245625543
2,53,8539,43837,16218273
2,78,3025,30639,652969010
3,4,4651,92092,907835625
3,29,4093,49813,884599385
3,54,3917,64540,466332125
3,79,9942,19192,879520048
4,5,1339,11397,319985334
4,30,6377,59117,741077420
4,55,2694,5137,1023652230
4,80,2480,44437,444346229
5,6,3735,25588,902700408
5,31,9653,5052,247072030
5,56,1329,21983,692493372
5,81,6925,53798,111592728
6,7,8851,13072,702784035
6,32,1627,42425,802647353
6,57,3336,64213,5794471
6,82,6451,17532,219578025
7,8,7454,76398,414099870
7,33,2770,14966,553337593
7,58,3377,6877,108498767
7,83,9460,29958,112248910
8,9,6834,24963,291361490
8,34,396,95734,856476921
8,59,9845,22062,491425612
8,84,8126,91691,808324854
9,10,7054,8420,940987550
9,35,7542,81184,1068071338
9,60,9583,38131,314835071
9,85,3063,29183,87934108
10,11,2952,99612,680213048
10,36,3335,67327,720564078
10,61,5691,16400,410103387
10,86,841,37402,47494202
11,12,4540,70987,459746227
11,37,4729,89490,526842775
11,62,3708,81874,936713744
11,87,3213,47198,1022371928
12,13,3610,65973,647530176
12,38,7606,33281,996837625
12,63,824,33706,203907406
12,88,5454,90170,550532532
13,14,612,16944,526784839
13,39,7268,86270,859013936
13,64,864,3864,1067997921
13,89,9736,32718,412453378
14,15,5278,65007,642080610
14,40,5334,88950,80305879
14,65,3676,89339,711753001
14,90,4947,31013,878223293
15,16,7047,83570,869286297
15,41,3336,78455,973268266
15,66,3316,26589,338672727
15,91,5255,45867,907260260
16,17,5282,70916,934636956
16,42,9412,88753,888989512
16,67,854,78191,255659309
16,92,1491,91851,996088470
17,18,8555,99535,1025726852
17,43,7737,64875,984605665
17,68,3123,55504,909328853
17,93,3203,6440,787420293
18,19,1125,66417,18920199
18,44,8132,5244,786544646
18,69,3133,56861,920594033
18,94,6475,38629,323526899
19,20,1416,14480,944649700
19,45,5467,40570,532080275
19,70,8800,63566,380630226
19,95,1340,34692,351166395
20,21,2927,67554,76526187
20,46,2723,30583,586991039
20,71,5905,54666,596946630
20,96,4271,11589,871911685
21,22,6571,94444,95870567
21,47,1704,13905,668718078
21,72,7153,66450,1035392811
21,97,367,58486,376432287
22,23,4410,78618,607108420
22,48,9779,63584,731685196
22,73,7834,35916,530997932
22,98,1434,59721,210456219
23,24,2739,46012,107059498
23,49,5739,10313,791694595
23,74,9898,23394,619541073
23,99,7035,5175,800040662
24,25,5180,90541,520512267
24,50,2227,51120,378454392
24,75,7182,58203,459556460
24,100,5318,6215,1010079690
25,26,9029,83274,548411202
25,51,9062,92896,881672749
25,76,9946,69435,736111097
25,1,7340,74659,235567303
26,27,5020,68396,348800985
26,52,6577,89220,129665797
26,77,3499,38211,805343459
26,2,9702,82189,165241331
27,28,2111,44401,658442130
27,53,9080,15703,851188923
27,78,3407,15134,188087108
27,3,4283,34861,873451395
28,29,6643,20486,569323933
28,54,2452,74457,442129391
28,79,302,69030,950585823
28,4,9988,66653,172004174
29,30,3506,79927,663589995
29,55,8106,98133,487092080
29,80,9193,73444,71265761
29,5,6252,18621,46335114
30,31,4767,98905,938670323
30,56,535,74326,699201330
30,81,7756,56886,208421343
30,6,7945,58384,843462510
31,32,9685,62084,248268303
31,57,1951,12099,1059219875
31,82,1402,76164,253875607
31,7,137,84911,709608918
32,33,2203,40603,180266221
32,58,467,10934,806451665
32,83,7975,74714,10077887
32,8,7938,85609,1043614121
33,34,4028,89146,881130490
33,59,4410,92905,105273240
33,84,1287,31076,1052282051
33,9,6006,32719,57800425
34,35,9934,84875,526048164
34,60,4749,26531,881797744
34,85,5459,82469,21181102
34,10,5884,60969,765678988
35,36,2500,45158,355736717
35,61,8875,53772,587374866
35,86,596,66919,405470048
35,11,2025,41117,170134375
36,37,3907,63091,46520837
36,62,174,43447,707694478
36,87,2625,56991,1012877634
36,12,8209,28914,1059250225
37,38,7171,82496,897185412
37,63,5542,12659,478235657
37,88,7113,1572,1023231075
37,13,1449,74564,118774894
38,39,1226,57011,693337515
38,64,4237,66275,428467716
38,89,1135,16069,1048097765
38,14,3516,84709,479448391
39,40,3633,46310,1048831316
39,65,3682,30043,440069915
39,90,5475,53226,229686340
39,15,6259,73786,1056310266
40,41,7690,77613,1013782468
40,66,1704,56582,584105450
40,91,4521,37471,707448496
40,16,6617,19664,377404493
41,42,9040,48855,934566794
41,67,5946,39181,956968882
41,92,1550,91655,796274677
41,17,560,3759,712811464
42,43,2893,71681,622838825
42,68,2927,70906,853100989
42,93,3500,20000,440405238
42,18,3662,2946,862258593
43,44,3211,80578,827207672
43,69,6770,49319,640968761
43,94,9506,49365,980094541
43,19,3232,30712,873954097
44,45,486,16422,855947314
44,70,5310,11437,611348934
44,95,3534,38301,76218660
44,20,4798,83315,703757264
45,46,1685,91963,878729133
45,71,5202,87729,506172282
45,96,5669,53270,198129029
45,21,1872,15532,942692305
46,47,4171,24465,795966167
46,72,8518,10680,767263477
46,97,7225,1478,518199683
46,22,1381,98588,1064321306
47,48,6989,29252,88193464
47,73,4458,53947,839201195
47,98,2896,7454,1018955952
47,23,5873,29663,615495820
48,49,5052,61116,25631136
48,74,9451,19136,52768859
48,99,5564,66819,725545515
48,24,1719,60616,140109407
49,50,9056,3511,1069388684
49,75,6646,90815,935827453
49,100,5336,71325,469780654
49,25,597,81262,405311922
50,51,1832,56554,918607288
50,76,43,69087,527847750
50,1,6160,30106,804382379
50,26,2104,10717,283415800
51,52,837,31074,125494728
51,77,7318,8503,240984053
51,2,138,72895,773443691
51,27,8062,90104,969441051
52,53,6533,5492,384783046
52,78,1937,21044,827612966
52,3,4084,62853,284192224
52,28,5524,42493,881309709
53,54,6443,19278,274789383
53,79,5319,56344,572388851
53,4,8200,38808,415475594
53,29,6929,22483,170599557
54,55,2515,68651,200195679
54,80,7079,79898,413295973
54,5,2386,2378,221446552
54,30,536,25924,443369348
55,56,7874,61104,556961357
55,81,8460,23627,61610124
55,6,8278,13462,879328017
55,31,1289,13033,671727722
56,57,241,85539,630251297
56,82,9104,5479,382952991
56,7,1330,5229,1047454519
56,32,5799,92625,34513450
57,58,2972,12311,690843282
57,83,4721,41108,701016993
57,8,3788,21166,807045471
57,33,4583,13768,794653868
58,59,4328,54252,76505718
58,84,4307,44831,519428022
58,9,4136,51224,532343864
58,34,9689,2509,23680889
59,60,8374,35722,778679158
59,85,4226,8098,621113556
59,10,99,59854,928350617
59,35,8184,4550,452345606
60,61,6642,80072,993515663
60,86,5017,31481,346048902
60,11,148,50410,852296102
60,36,5792,9264,1072037825
61,62,1540,85864,743091882
61,87,9170,77126,835574366
61,12,4762,63374,131575109
61,37,7312,15374,830753315
62,63,1780,69242,510227617
62,88,5896,34882,201882748
62,13,9127,62008,231094122
62,38,9542,25578,777136548
63,64,1804,49884,512625226
63,89,1998,50916,748558042
63,14,6839,27414,157373692
63,39,6325,46369,867743747
64,65,5567,22861,644971652
64,90,4542,39892,147809172
64,15,9110,60265,1055604152
64,40,2064,2577,233651265
65,66,2918,84626,110876615
65,91,1779,39363,181529660
65,16,2054,50310,770094810
65,41,2188,28873,706987371
66,67,3077,80913,766217999
66,92,1076,78575,785480234
66,17,2568,44708,669112490
66,42,296,79727,643775511
67,68,9923,30637,872783309
67,93,7908,54675,432003832
67,18,3368,62562,303502846
67,43,5826,39734,404258347
68,69,3444,3137,485495049
68,94,6762,516,530464714
68,19,8300,8086,477100413
68,44,5399,68359,884267267
69,70,6197,69424,44738254
69,95,8235,84649,58082520
69,20,9294,38696,898126368
69,45,7017,34428,816261701
70,71,4536,34827,274242145
70,96,8063,45280,807585428
70,21,2990,94081,1009475963
70,46,9074,18258,855653433
71,72,508,84221,1040894617
71,97,8329,23957,161530906
71,22,6768,74467,512489761
71,47,5179,32913,178213951
72,73,9855,49726,456331855
72,98,9346,4104,577166998
72,23,2654,76261,927524502
72,48,4526,15447,34665551
73,74,9873,94799,901583339
73,99,7729,92066,526366623
73,24,5327,10896,366176154
73,49,3928,30957,732989516
74,75,3128,34592,630411590
74,100,2479,93097,1044261586
74,25,9473,49636,711658479
74,50,6234,84966,725682247
75,76,7086,62439,79817873
75,1,6308,75936,114520878
75,26,9080,43359,144654150
75,51,5439,88401,641165796
76,77,6754,49483,952668071
76,2,2009,10897,157015658
76,27,6371,55238,283795495
76,52,7986,25203,907222768
77,78,552,25492,483825966
77,3,8170,87583,1034220600
77,28,8541,93613,1014062740
77,53,1713,40214,935153343
78,79,9915,72994,989853120
78,4,7246,57723,305808228
78,29,1801,43434,34668552
78,54,9599,38282,606715405
79,80,4248,76534,35520188
79,5,465,2833,809340126
79,30,3309,88023,439099803
79,55,8627,89118,104431237
80,81,8893,12765,248705598
80,6,2243,77579,47629029
80,31,5385,94572,846676219
80,56,4034,79705,655542314
81,82,1605,55029,12544244
81,7,5923,22023,591704911
81,32,2942,40973,227342171
81,57,58,49219,608738592
82,83,7793,69731,307324127
82,8,7698,58586,6775823
82,33,8268,60425,72006847
82,58,5532,90007,62085253
83,84,3010,74551,1058440944
83,9,8200,39964,311467088
83,34,5974,65722,471768838
83,59,3890,2473,475320507
84,85,5711,23361,715473398
84,10,208,46980,785139132
84,35,2909,96944,399309382
84,60,903,70777,594741555
85,86,2628,60877,346692176
85,11,118,91783,229665453
85,36,2074,49120,825340281
85,61,8289,7381,751760212
86,87,806,6598,843380041
86,12,2773,25004,462704591
86,37,5546,81653,371945024
86,62,1418,33265,867728804
87,88,5679,68833,673191396
87,13,1272,43542,1003095148
87,38,9041,61720,1002748193
87,63,1892,86860,1004679866
88,89,6116,33458,332402168
88,14,395,7150,1049454822
88,39,9979,8181,1022443331
88,64,276,82143,575021137
89,90,3430,74487,961026838
89,15,8599,77653,99277755
89,40,7876,41761,450773060
89,65,924,92002,905738781
90,91,8037,40938,804337392
90,16,9683,49843,579999029
90,41,7849,66613,317605092
90,66,7629,5084,202609081
91,92,7986,52864,610820803
91,17,3257,90620,397302288
91,42,483,82321,366404753
91,67,1265,70341,705456549
92,93,9337,22401,792026335
92,18,2246,98503,555916433
92,43,3199,9163,103549
92,68,1044,85489,137919416
93,94,3008,61598,863134659
93,19,5275,37647,306869170
93,44,3869,86881,587477612
93,69,7188,80590,172313174
94,95,5433,36556,761381604
94,20,7784,35808,930700770
94,45,7232,47894,822282074
94,70,3261,82408,960872239
95,96,5186,29102,363376976
95,21,6552,45636,809863810
95,46,367,98722,179596254
95,71,7379,97374,296612165
96,97,5739,20206,708678128
96,22,4942,57129,19640277
96,47,9985,67229,1010382882
96,72,7250,58708,473379580
97,98,6371,12977,578041045
97,23,2390,45834,624412969
97,48,2618,23934,732049984
97,73,4580,76141,9569231
98,99,9486,90821,828416210
98,24,8550,65716,553972098
98,49,3443,13900,902555412
98,74,3759,81155,877078801
99,100,8487,43838,148882663
99,25,7567,49693,235643947
99,50,7970,36583,255744108
99,75,2789,84388,431855405
100,1,7885,49061,713663243
100,26,2070,19673,762807183
100,51,4994,92957,113981148
100,76,9688,2200,241514410
101,2,5589,30539,937410315
101,28,8263,21871,490536172
101,54,6324,78653,655740169
101,80,55,61209,282422283
102,3,1384,87675,916987333
102,29,9137,33271,893530311
102,55,9156,61800,28172021
102,81,6942,23102,737216792
103,4,5913,90588,1049585130
103,30,7742,41442,948331031
103,56,5164,36148,665158935
103,82,429,60520,727266940
104,5,2368,94639,657208052
104,31,6110,1557,308304595
104,57,6269,21389,856024762
104,83,3369,72938,383304487
105,6,4602,2775,619474420
105,32,269,15862,161254869
105,58,8855,81086,38514110
105,84,8519,90417,433442458
106,7,8649,73215,724282319
106,33,3144,77968,492062011
106,59,1411,31039,746924427
106,85,2297,28198,753361307
107,8,7249,16803,906099195
107,34,4029,9131,597910282
107,60,4667,37294,367353535
107,86,7912,47477,588003676
108,9,4149,55885,823925559
108,35,4898,24147,713903339
108,61,5534,62689,197854763
108,87,3142,92227,216038675
109,10,524,27519,731405170
109,36,4470,99221,60129904
109,62,8176,93660,490424258
109,88,7524,37449,799383229
110,11,2782,56646,803370023
110,37,8914,18347,975160479
110,63,1160,93208,856270991
110,89,4927,19663,1004479332
111,12,1890,32197,949840217
111,38,9587,97865,1051918143
111,64,8069,74533,636974080
111,90,2175,49608,740114580
112,13,8509,11142,366760010
112,39,7652,78352,483212922
112,65,4835,91375,209751728
112,91,1211,81588,567357226
113,14,9981,39626,478656820
113,40,3804,86068,839901310
113,66,522,98141,134041805
113,92,4692,14147,259154475
114,15,7146,44724,798488290
114,41,3062,55512,454491545
114,67,4519,38287,288695884
114,93,2113,57079,774537477
115,16,1817,8284,241337952
115,42,983,86745,1070826379
115,68,7781,86193,97922525
115,94,3002,8152,1039527825
116,17,6580,70550,263804804
116,43,4975,41386,5782647
116,69,8679,86656,716559831
116,95,5632,3729,364050247
117,18,5906,70651,890265801
117,44,1986,32208,888545828
117,70,2577,76186,723285786
117,96,4762,55288,1016433254
118,19,694,74473,496750918
118,45,6326,32561,467525160
118,71,7806,28327,591748488
118,97,4951,97655,418934550
119,20,2307,47364,682619677
119,46,1452,67692,440012699
119,72,4955,48893,371754459
119,98,583,78247,887885417
120,21,4976,20121,849103351
120,47,7744,36579,786364365
120,73,5329,24961,425439870
120,99,3102,56634,1009695898
121,22,9741,14744,362869991
121,48,4246,85042,40154881
121,74,7670,44939,1064753842
121,100,8709,65522,362825509
122,23,1019,45129,898726914
122,49,2490,63728,819786830
122,75,4957,65084,732887516
122,1,2083,73925,160782943
123,24,9881,10703,629775791
123,50,5638,81819,534190937
123,76,2692,21701,753454365
123,2,5311,14965,440443993
124,25,7102,90198,897516507
124,51,3969,90864,1052381947
124,77,9295,88254,1048076147
124,3,9416,82278,527188341
125,26,2263,35845,235066450
125,52,8276,66865,110712638
125,78,2600,45570,618911736
125,4,5546,80666,296646889
126,27,2647,22189,356888145
126,53,2373,19438,886622838
126,79,1532,45161,301734775
126,5,5458,92943,708202064
127,28,7658,71233,661815620
127,54,1467,23798,450769453
127,80,8281,314,843567998
127,6,8894,7342,521525693
128,29,6982,42529,887415511
128,55,7602,22449,44486823
128,81,3766,94716,421860202
128,7,7023,87578,977580179
129,30,5721,12969,589606808
129,56,7242,20026,719284300
129,82,5299,33059,318338074
129,8,1968,2722,335755774
130,31,4928,22338,468533599
130,57,6909,27558,531030226
130,83,4850,44281,1010740540
130,9,7387,88399,945179987
131,32,3263,21170,476730553
131,58,125,86184,751979256
131,84,5138,57242,363723471
131,10,8945,61309,854506697
132,33,3092,68729,879058198
132,59,1904,92573,385543887
132,85,7441,35706,619560676
132,11,5303,35306,157923917
133,34,5727,4917,679670203
133,60,404,47818,51959638
133,86,4568,5748,846259906
133,12,2813,27726,21505344
134,35,8879,84814,31556384
134,61,9013,10299,849858121
134,87,852,92745,696939438
134,13,6270,38828,1036360358
135,36,6940,46582,1009743279
135,62,2443,983,151275272
135,88,7453,69842,337727174
135,14,2771,30643,412742809
136,37,2237,54819,948920734
136,63,6068,80619,415869741
136,89,8979,38757,869062003
136,15,9617,52580,139388773
137,38,9057,30226,92624288
137,64,4078,44111,509211530
137,90,467,37185,96983089
137,16,7850,18731,30483229
138,39,133,57696,428581705
138,65,2535,88535,109227765
138,91,7907,11983,312683709
138,17,967,30902,866142736
139,40,2886,28575,708711491
139,66,9255,68461,981638266
139,92,1042,97223,1047563661
139,18,3285,69000,15732289
140,41,2379,50105,146956762
140,67,3533,78145,1067922565
140,93,304,4584,371759353
140,19,7346,42952,650260799
141,42,6776,29363,279710449
141,68,1660,13918,402839108
141,94,7628,83808,424592552
141,20,90,81068,1003616158
142,43,9219,89749,742041490
142,69,13,33433,3843893
142,95,3076,86055,1053762405
142,21,3858,85408,915837538
143,44,7326,96064,435167816
143,70,3923,74101,581449496
143,96,7152,77224,46879400
143,22,1952,19937,261903936
144,45,6295,45737,1033243915
144,71,494,84996,960350920
144,97,1799,71388,198627145
144,23,5427,36183,431074279
145,46,11,64166,488667704
145,72,3838,56891,258078873
145,98,1344,42260,813691037
145,24,4332,89457,24583174
146,47,2726,23115,166639092
146,73,4628,12391,840530442
146,99,5893,85859,169197726
146,25,9687,88237,701839241
147,48,7442,93914,685608263
147,74,7647,10219,7689756
147,100,1596,46637,802518365
147,26,4235,23591,300570304
148,49,8007,17740,372291055
148,75,1904,77456,303968265
148,1,5393,26408,384190591
148,27,2957,25098,795944055
149,50,959,67910,151567325
149,76,7283,20103,144646958
149,2,7392,26652,737965007
149,28,4104,31237,507635203
150,51,8091,52471,441315293
150,77,2721,81479,700358795
150,3,3172,3371,1061639344
150,29,1640,32733,1011402426
151,52,391,28189,282139320
151,78,253,84006,958613780
151,4,1484,7168,1049364981
151,30,9417,24406,408135739
152,53,1396,16460,125218237
152,79,2653,43212,742028866
152,5,3599,7738,1044656174
152,31,1283,14272,188128293
153,54,4695,53986,201429419
153,80,8464,68014,930416561
153,6,2916,68552,785810537
153,32,6397,28592,211353726
154,55,3961,47419,748013829
154,81,3231,82929,206186730
154,7,7315,96019,414186271
154,33,1682,16031,1073444600
155,56,2893,22202,285972417
155,82,7077,41324,155821743
155,8,3029,41302,95598311
155,34,977,75145,217873706
156,57,4755,45369,349356936
156,83,7228,99419,865604795
156,9,3043,25266,275990548
156,35,3191,986,526674299
157,58,5414,36944,971252715
157,84,763,56846,981055267
157,10,3718,90153,714183761
157,36,3400,28841,886947641
158,59,2845,40872,973178856
158,85,8715,45231,84526079
158,11,4465,83716,651583427
158,37,4251,43190,613805970
159,60,9200,35666,303405587
159,86,3585,62929,550512355
159,12,6085,17140,828488478
159,38,3717,79087,1038232960
160,61,2434,52573,290371
160,87,8324,99993,558778094
160,13,6034,73359,362079257
160,39,6872,87220,1008356759
161,62,9365,79003,388508740
161,88,8421,39405,920645587
161,14,9679,68847,950759813
161,40,679,89372,648401278
162,63,315,92304,315001331
162,89,2604,10420,923800106
162,15,7014,23607,774890009
162,41,4381,82436,996085926
163,64,9241,95581,316318588
163,90,3427,49951,363404662
163,16,5323,92075,388799904
163,42,9676,57348,1061753411
164,65,1295,34195,965675048
164,91,2134,8402,272521737
164,17,3245,81467,1053892019
164,43,3028,6489,44689511
165,66,4424,94382,710994761
165,92,5534,71783,95837198
165,18,3780,73028,489324074
165,44,6114,21084,511748948
166,67,6527,30900,305192469
166,93,6508,71449,1071910531
166,19,9364,58152,708464871
166,45,6713,63158,907489285
167,68,4933,66670,35997356
167,94,5789,52427,485363521
167,20,4756,33675,485309569
167,46,6748,70497,492156089
168,69,347,39483,11365737
168,95,1281,77190,648264470
168,21,9089,50837,868241404
168,47,7519,96343,809096706
169,70,6914,61953,265297920
169,96,6589,94703,71518731
169,22,6731,71335,703086307
169,48,7691,47619,541891890
170,71,7516,58165,774389109
170,97,838,66716,157018795
170,23,6498,25119,363919469
170,49,6593,20207,328751960
171,72,8217,85960,636424627
171,98,2311,86496,8820093
171,24,8561,2269,398927898
171,50,7589,93529,264918389
172,73,9799,18496,6209679
172,99,8333,92074,964381910
172,25,3589,43786,350336739
172,51,1661,68713,532018558
173,74,2536,35384,395890464
173,100,8307,7022,986462743
173,26,6050,68378,1038415360
173,52,6162,87784,100336121
174,75,2103,68195,404563970
174,1,6795,14347,973015493
174,27,111,13546,791764465
174,53,8404,12620,437247500
175,76,5515,48768,81281836
175,2,7522,78493,153905231
175,28,8501,70661,447639143
175,54,9456,97856,317322870
176,77,7180,17909,264405756
176,3,3589,15738,538295685
176,29,5407,94751,805913595
176,55,1783,86163,805150506
177,78,1239,4475,421984624
177,4,4349,6336,1070304118
177,30,9872,25242,797439549
177,56,4727,85982,380295233
178,79,4231,55855,117551588
178,5,1919,36226,679183143
178,31,6836,86493,353593593
178,57,6922,47518,1067010355
179,80,6956,44438,250663101
179,6,1954,37275,195078187
179,32,2710,27714,38091915
179,58,4776,839,758201180
180,81,2467,44025,452292312
180,7,1108,93459,148110597
180,33,724,42616,671410695
180,59,5899,86483,1027714597
181,82,2416,84444,875393406
181,8,3242,88653,137271184
181,34,215,93829,1033208715
181,60,1122,65725,322807398
182,83,9699,53527,378942337
182,9,960,51936,586751381
182,35,6243,74146,484383334
182,61,6146,36500,299396822
183,84,30,87544,899602225
183,10,4482,42486,405024260
183,36,8707,88426,932867643
183,62,333,67816,793395702
184,85,7069,44945,599445313
184,11,9193,57688,913473793
184,37,6400,55190,1019701095
184,63,831,18684,1041244058
185,86,1475,53858,207954578
185,12,6244,21304,882478195
185,38,7245,42674,32339642
185,64,8014,51023,436069564
186,87,1095,25284,121370103
186,13,1945,1875,800094498
186,39,8838,72942,126860297
186,65,7898,81237,952526189
187,88,8656,23866,683702352
187,14,4945,31664,588152871
187,40,3183,36275,722495854
187,66,7440,98971,747287619
188,89,4835,77195,117841428
188,15,2620,33170,51642624
188,41,730,71362,1050166843
188,67,5430,92020,834121193
189,90,1305,39250,449611905
189,16,8777,57322,746794729
189,42,6369,94607,997963130
189,68,2505,59323,61399916
190,91,535,62153,137260828
190,17,5845,60891,630390730
190,43,4579,39660,701121121
190,69,2861,45800,436281399
191,92,8310,52105,873972058
191,18,1693,46446,111736122
191,44,597,12696,496666860
191,70,9673,11941,336821299
192,93,606,19869,909891382
192,19,2656,91616,668910908
192,45,1811,35959,482828407
192,71,8305,86123,40024556
193,94,6184,33598,840450626
193,20,4762,60619,577225214
193,46,385,57171,62546388
193,72,9791,47852,100475758
194,95,4289,66217,339153849
194,21,377,43021,351499586
194,47,5294,91346,307526586
194,73,7890,7940,230923102
195,96,9985,2039,168717801
195,22,2947,27139,60784410
195,48,319,10258,474998620
195,74,2803,99227,858998379
196,97,3843,85990,588480131
196,23,2515,96601,299439732
196,49,4778,3761,386256647
196,75,1068,92825,273753408
197,98,9678,75388,90503343
197,24,2631,27905,1071552947
197,50,7598,84551,479942165
197,76,8950,89733,109747795
198,99,6878,58741,254477791
198,25,6493,67399,1041679449
198,51,8410,16693,262351909
198,77,6190,69710,809402917
199,100,9343,7970,519260899
199,26,8199,4652,372493936
199,52,2742,89063,764410256
199,78,7167,88456,758093560
200,1,3120,77641,538159883
200,27,5392,24252,616595767
200,53,9408,30779,43479413
200,79,331,46607,515320112
201,2,8649,28098,327645044
201,29,2078,34049,647644982
201,56,4125,53411,660162998
201,83,848,94759,178010580
202,3,7822,24744,895738707
202,30,3182,18081,55384078
202,57,2720,16044,929840634
202,84,6202,65617,292045828
203,4,1677,39916,569878739
203,31,3591,58285,1072682439
203,58,6239,88246,1020335471
203,85,5644,48927,279877725
204,5,9265,50461,3932199
204,32,2203,60926,64798004
204,59,6344,17265,494551542
204,86,1238,81914,2289684
205,6,9942,22671,617344744
205,33,7965,42725,867828630
205,60,1974,21701,738543024
205,87,9207,12308,377061962
206,7,1961,93654,492124483
206,34,425,36230,826567044
206,61,7816,38988,457743038
206,88,548,48004,979010536
207,8,9319,33516,18323945
207,35,3567,81091,476875520
207,62,9711,67318,1050268798
207,89,7316,55772,786353533
208,9,7366,13551,1058569794
208,36,7251,5446,47267095
208,63,5255,47475,528749648
208,90,7066,30980,476709798
209,10,7176,23677,689608139
209,37,3344,57501,990075459
209,64,5580,8180,734811565
209,91,1513,50738,14951857
210,11,6774,26701,457626534
210,38,8671,37795,86083281
210,65,6596,81736,70653374
210,92,4516,25905,659321148
211,12,4572,47568,410462832
211,39,6045,85697,512950921
211,66,6901,70701,940916786
211,93,4247,75141,568447576
212,13,1040,71890,377550091
212,40,6519,77838,341573943
212,67,6217,42619,309458876
212,94,9266,31874,919897011
213,14,3959,56571,1030602105
213,41,8685,59192,726905437
213,68,9296,62344,642797030
213,95,9377,79764,1071953847
214,15,2244,40315,266166939
214,42,5174,71969,447066675
214,69,7901,1750,1016096960
214,96,6358,64691,992541235
215,16,1710,76563,550071629
215,43,290,93270,1016780262
215,70,3754,63610,300830154
215,97,7130,83857,663116394
216,17,5429,14297,896566357
216,44,9076,50255,659645814
216,71,6245,2522,240778546
216,98,3277,52802,53606911
217,18,20,47917,802935529
217,45,3036,71436,380099014
217,72,875,46383,485314636
217,99,9247,63764,947173202
218,19,3896,62216,828469004
218,46,4848,25748,109939682
218,73,1431,5536,863229009
218,100,3941,56824,773163503
219,20,2369,16895,261035123
219,47,491,65850,102181894
219,74,5116,58017,758967622
219,1,145,143,1012386957
220,21,2941,34113,885683067
220,48,2118,39671,851192745
220,75,6654,32205,1069670788
220,2,8767,29783,996618660
221,22,1469,91633,93855128
221,49,9153,32488,37471349
221,76,5484,89837,886084856
221,3,2849,8070,549428484
222,23,8085,96781,529383330
222,50,8065,42277,943393471
222,77,7808,73478,166835219
222,4,8855,92610,618979766
223,24,582,69387,1039573057
223,51,1488,73588,410916705
223,78,259,52337,22918397
223,5,4893,28724,870325656
224,25,7119,74597,230673031
224,52,7374,25276,811309292
224,79,1227,67382,561880474
224,6,9097,40464,451824319
225,26,6101,77545,385340480
225,53,4421,11617,407084475
225,80,5365,61735,423826786
225,7,2137,27611,189428026
226,27,9130,46581,289248932
226,54,966,93143,830545772
226,81,2680,34314,322671307
226,8,4772,5838,185221921
227,28,8809,45333,135137996
227,55,1408,87771,683040994
227,82,6607,47258,993747903
227,9,5426,73686,380093544
228,29,831,86215,417867290
228,56,235,72711,518603791
228,83,6712,97689,935655955
228,10,6694,13330,345853279
229,30,4074,83521,392758728
229,57,4781,49784,859863261
229,84,2241,82067,1062908035
229,11,5560,98471,377355215
230,31,5361,72371,203240096
230,58,7726,63461,502395128
230,85,1549,75270,504738436
230,12,4949,49183,884729520
231,32,6305,69586,667851098
231,59,4995,25334,135171915
231,86,5360,30895,383146943
231,13,803,97124,619378186
232,33,5028,4214,81230988
232,60,1108,24070,485368160
232,87,9154,71637,495052790
232,14,1828,26683,965936728
233,34,2689,44629,826717516
233,61,8231,52451,812116377
233,88,444,37296,589194773
233,15,3009,76762,503145574
234,35,3807,43837,827764615
234,62,90,19446,765175388
234,89,367,82604,1051507197
234,16,600,25258,766215690
235,36,9292,61014,748497014
235,63,3827,9625,51090013
235,90,3030,49388,77761772
235,17,9681,10094,166827770
236,37,3270,42371,635910263
236,64,5757,63684,877082877
236,91,4959,19244,774188465
236,18,2932,83400,246996068
237,38,7643,25501,455791448
237,65,5360,43819,1057176510
237,92,2263,19632,587417786
237,19,5241,6783,905772455
238,39,7285,45434,607431689
238,66,1615,99992,858370443
238,93,7504,55695,224490461
238,20,9231,17118,298956502
239,40,8638,15522,107419864
239,67,3755,57010,118552670
239,94,6890,41132,922486692
239,21,4889,16850,696548226
240,41,6917,9189,181870704
240,68,4238,19243,620759283
240,95,1972,57134,788252494
240,22,1831,24303,925241517
241,42,1907,87695,179036487
241,69,6274,84449,1061664922
241,96,3003,75181,184055865
241,23,60,52041,792957381
242,43,6454,53650,199491918
242,70,394,9724,127768345
242,97,2514,20839,510394539
242,24,6902,14738,528794107
243,44,1961,81756,152349837
243,71,8930,61810,680704830
243,98,3830,88699,545020447
243,25,3272,64129,692800084
244,45,5942,14884,389359650
244,72,4940,29362,423595437
244,99,1352,97874,618336177
244,26,8850,25700,427680535
245,46,6034,99556,281037616
245,73,3533,18740,749924624
245,100,9116,7954,1022781694
245,27,5694,40735,198747334
246,47,6561,42660,264621477
246,74,3607,19436,929314992
246,1,7493,17068,590498827
246,28,8359,64545,787296962
247,48,3492,5815,44654259
247,75,9811,47985,839255696
247,2,7397,14338,850643378
247,29,9639,65032,37349610
248,49,7731,6554,223130420
248,76,8847,93564,379578491
248,3,6329,14879,418016490
248,30,8054,42578,558731832
249,50,7234,51616,268603494
249,77,5568,5074,476937542
249,4,1861,91416,435424818
249,31,7766,81594,301820234
250,51,3525,29330,127280781
250,78,5208,61759,188145571
250,5,7071,37436,999992820
250,32,4647,28106,654509045
251,52,6748,70347,146259310
251,79,6020,15411,154871308
251,6,9298,88357,597513703
251,33,5130,18319,30344300
252,53,8207,16805,704629951
252,80,1220,41254,736014143
252,7,2813,73415,560660515
252,34,7645,27523,323570250
253,54,544,65808,565885453
253,81,1705,51591,993314526
253,8,6523,78387,708075174
253,35,3540,79750,345300093
254,55,2058,11111,682111121
254,82,717,56477,666388923
254,9,8773,72913,570997377
254,36,1762,94029,234998594
255,56,7540,30777,109554526
255,83,8151,22564,601010081
255,10,2314,36237,562390778
255,37,8412,72085,31745796
256,57,7261,58385,679704591
256,84,1240,82240,256933784
256,11,9145,3372,455973266
256,38,4423,51149,490015786
257,58,5042,39132,200355728
257,85,276,61244,156818368
257,12,8951,65766,79412620
257,39,6401,51053,181913256
258,59,2767,31017,935471588
258,86,6110,47392,915535923
258,13,7290,37776,109011318
258,40,8527,61052,764759734
259,60,649,36181,321202914
259,87,7418,30494,148316276
259,14,2359,49952,623749460
259,41,5176,1299,240247229
260,61,4208,75083,592484432
260,88,681,1199,320853227
260,15,5247,98881,592401766
260,42,4944,74118,194069444
261,62,3590,53709,639255674
261,89,6312,247,885805479
261,16,9167,74791,775391157
261,43,6807,79856,480284045
262,63,6615,1182,916088498
262,90,8397,16188,143272645
262,17,6837,82286,505046739
262,44,7139,77788,38676567
263,64,5592,12318,474642974
263,91,2034,61749,888678459
263,18,6697,65509,117568971
263,45,6421,32123,665742771
264,65,7115,55065,894956873
264,92,6442,23905,730619115
264,19,8245,88754,841947205
264,46,6978,98671,688790962
265,66,5951,28842,694484324
265,93,3699,56598,796433010
265,20,2706,7222,1063350335
265,47,1452,32752,57339048
266,67,2552,26217,596247129
266,94,3521,90357,771904418
266,21,3955,55547,63214438
266,48,1533,37956,964642333
267,68,9780,79691,131784073
267,95,2112,21465,326181834
267,22,9243,47866,334229638
267,49,5747,11149,874347977
268,69,8242,89367,431067866
268,96,532,99583,524020534
268,23,3331,74257,426418548
268,50,6321,96207,187262602
269,70,1186,75385,198540686
269,97,3650,75077,230101670
269,24,8833,93699,23444711
269,51,2695,87442,814680208
270,71,4380,22288,295244709
270,98,8479,85132,596643876
270,25,5513,55902,570795054
270,52,2408,886,332908219
271,72,2155,44283,463532084
271,99,7762,29666,401099031
271,26,3118,20241,421873208
271,53,8112,50483,71679938
272,73,6032,33671,591378683
272,100,2196,93889,645658588
272,27,9403,76421,93292604
272,54,7284,1385,648963528
273,74,1227,29992,914955237
273,1,252,2634,233286384
273,28,9810,36860,664567577
273,55,459,39665,479225113
274,75,9773,40679,886687433
274,2,6020,92595,599183003
274,29,3194,20868,319505301
274,56,7541,7195,739260816
275,76,309,76160,1039449933
275,3,7630,8824,264707738
275,30,5084,80578,367235109
275,57,7063,37714,48464222
276,77,3238,21008,416264704
276,4,2309,61263,626747056
276,31,1966,87826,594729297
276,58,2154,78237,146111935
277,78,9537,59055,4676427
277,5,8662,59719,298978080
277,32,5298,21021,959297570
277,59,7264,76015,651033502
278,79,3792,82045,509301899
278,6,4046,21742,251760832
278,33,3228,6703,621844896
278,60,9568,91833,64990824
279,80,1729,89465,780352994
279,7,6616,50876,931979615
279,34,9390,48206,328393697
279,61,599,34051,149212726
280,81,1048,81732,187591595
280,8,606,64120,427962914
280,35,828,53874,55523499
280,62,3046,86386,253216950
281,82,935,58766,1043851439
281,9,1961,1541,877407037
281,36,7689,49620,119973677
281,63,51,9996,369895743
282,83,17,3701,98146293
282,10,517,86966,506309703
282,37,7339,10076,521864018
282,64,6840,42868,756557196
283,84,80,23032,254819279
283,11,3008,12539,420961107
283,38,484,76699,910111032
283,65,7750,75703,455256157
284,85,3166,26110,652533077
284,12,4409,97364,87081081
284,39,3010,40219,25157725
284,66,2608,58844,803031118
285,86,3017,98375,52775165
285,13,996,44803,4640471
285,40,8086,83559,1031751339
285,67,723,1285,877625654
286,87,1243,37675,117571363
286,14,4231,49889,366907444
286,41,6267,37951,569868289
286,68,5285,96013,955737418
287,88,8571,21971,389792065
287,15,9210,53648,270579569
287,42,1449,78767,483420056
287,69,9865,67451,192729323
288,89,1353,91577,592752475
288,16,9337,81416,877496425
288,43,7811,36102,939399677
288,70,8056,669,789991059
289,90,8148,88414,941848364
289,17,4570,71563,741468214
289,44,2659,82255,908401196
289,71,7441,51998,414023963
290,91,2802,19707,702731885
290,18,5235,67051,179777308
290,45,1424,64666,593789854
290,72,3125,58698,95203545
291,92,380,38356,443996272
291,19,5571,21957,948075998
291,46,7165,27039,723037865
291,73,9023,33850,307498724
292,93,8086,99620,696101800
292,20,9673,92785,545061454
292,47,4133,14375,68572283
292,74,2221,59753,668563052
293,94,3765,91992,370869294
293,21,9232,59744,150832046
293,48,3007,42132,390980518
293,75,7704,32362,988566172
294,95,4958,75515,168990431
294,22,5459,64244,971439809
294,49,2954,38779,99706213
294,76,8698,32437,381886293
295,96,2911,27394,813302048
295,23,5745,86051,542541661
295,50,9953,12333,226549537
295,77,2157,4525,520345149
296,97,8081,60091,27378229
296,24,6040,95478,607487124
296,51,14,17509,1033434176
296,78,6192,87452,355671061
297,98,3869,91893,726568444
297,25,3206,98058,425851808
297,52,2952,28194,770033007
297,79,8465,43974,175422577
298,99,9804,31449,826190755
298,26,7273,21043,666863985
298,53,5321,38094,983141257
298,80,1664,1820,655485281
299,100,4365,43880,128885388
299,27,1747,48979,773457141
299,54,2035,24811,420632486
299,81,590,44406,321395199
300,1,6518,92441,801066780
300,28,7010,19059,994668003
300,55,7118,74378,937920001
300,82,2714,33922,328953492
301,2,7050,25111,539863769
301,30,3908,87738,238750856
301,58,2880,95420,231717176
301,86,8169,33510,111174608
302,3,6118,88576,415211722
302,31,9419,3878,268933472
302,59,9134,76404,179599264
302,87,3921,14856,218551715
303,4,9794,49932,115266671
303,32,8459,71765,990549250
303,60,2331,68284,115400435
303,88,3092,10623,352155874
304,5,644,41929,983224684
304,33,1696,31595,555366514
304,61,851,94489,149623714
304,89,4334,77075,75286493
305,6,2828,10528,105875002
305,34,1846,42885,254573876
305,62,2863,14736,413780314
305,90,2758,44256,308611441
306,7,3429,67111,1039989367
306,35,9417,78902,390974916
306,63,6950,40525,1069121399
306,91,7651,3395,1065875168
307,8,1809,35410,421707678
307,36,4455,57821,421668152
307,64,259,86798,77716322
307,92,8178,90214,616519424
308,9,1421,51171,861540131
308,37,264,16931,883282138
308,65,4206,63966,45800422
308,93,3473,83530,364629560
309,10,6409,1241,205594899
309,38,1870,98946,484147440
309,66,5619,63509,826282345
309,94,3596,71958,697486472
310,11,5820,25197,854619180
310,39,9797,37830,439751855
310,67,2896,69604,807689223
310,95,786,18563,855856238
311,12,799,25670,98833395
311,40,2464,6215,96709838
311,68,3560,89972,496585445
311,96,7092,81330,822914238
312,13,2222,96488,202181323
312,41,2789,301,922305476
312,69,4410,90066,710440197
312,97,608,71573,243369733
313,14,3787,41331,293371706
313,42,3617,65608,123711425
313,70,2264,97579,391825986
313,98,2574,67056,380688867
314,15,8985,61317,692241776
314,43,910,18883,549132670
314,71,573,8510,710526421
314,99,4839,92367,417883133
315,16,8068,69612,933248694
315,44,1267,60815,748480742
315,72,5609,53630,110035949
315,100,8071,93174,544077822
316,17,8732,45659,199423311
316,45,8839,82303,66197647
316,73,8752,59179,983413381
316,1,8192,32550,1043564966
317,18,3554,33200,281377431
317,46,6084,63324,871633420
317,74,5004,73248,1003141424
317,2,52,31963,278623045
318,19,9115,62500,810368084
318,47,4020,97274,136890519
318,75,9011,27264,622313617
318,3,2036,20906,621339896
319,20,9918,46597,36723352
319,48,8816,60695,1058217822
319,76,7694,32682,240637961
319,4,2417,55791,234557095
320,21,1322,32425,908812821
320,49,9604,30983,950960551
320,77,7644,66354,241207557
320,5,1129,43378,423703173
321,22,2538,4275,481854078
321,50,429,46622,595821768
321,78,5325,83334,861125891
321,6,5778,4651,391217401
322,23,7488,70081,776030747
322,51,808,41061,291231352
322,79,9986,19097,914151219
322,7,6413,13472,344114364
323,24,7168,78433,1037133689
323,52,2470,57484,301706929
323,80,4158,13193,518240007
323,8,7782,86238,676907968
324,25,8571,57592,398433660
324,53,1057,47394,550543040
324,81,8011,58366,91109278
324,9,5352,78953,451677945
325,26,8818,98296,1050456745
325,54,3085,31481,827892171
325,82,511,45753,974660413
325,10,7915,52161,467574480
326,27,464,71788,860504939
326,55,7160,59260,703235535
326,83,8293,93901,1032143757
326,11,2648,81321,603907899
327,28,5214,44789,628688580
327,56,2157,35169,106901998
327,84,4890,5195,117728042
327,12,7862,29017,501569002
328,29,9311,97649,294031597
328,57,5566,34600,1029716034
328,85,7348,21364,638143786
328,13,4267,51757,752157464
329,30,3180,75713,452037190
329,58,1135,97430,749953621
329,86,8056,56579,57860939
329,14,8133,16754,238340666
330,31,3634,83923,233598451
330,59,9489,21460,691397915
330,87,9145,53912,1041695771
330,15,521,18379,798758752
331,32,5261,27580,265187929
331,60,5649,17615,328250787
331,88,6616,83053,522215630
331,16,4664,88246,87908622
332,33,238,47135,800335181
332,61,7465,15188,76754377
332,89,2373,51754,873164320
332,17,6771,40496,709774827
333,34,229,24997,736394356
333,62,5833,59086,170277494
333,90,6697,64782,852565854
333,18,3264,93723,212032744
334,35,1349,85429,436411384
334,63,3036,55550,81335709
334,91,1715,75864,313494747
334,19,5313,40696,751963199
335,36,8763,73818,192879838
335,64,8252,13065,783989265
335,92,2622,33078,59421698
335,20,7246,13057,222858644
336,37,4173,95409,540101392
336,65,7958,49861,276618328
336,93,7360,64862,468613145
336,21,1661,33932,1015798142
337,38,5120,84890,892898356
337,66,8361,83989,1033771767
337,94,4671,22987,940532512
337,22,7643,45143,776469612
338,39,3179,93861,756467786
338,67,9828,7337,726539340
338,95,2514,68608,636186523
338,23,3354,68915,1042866465
339,40,1413,20458,385846178
339,68,9921,4845,72589399
339,96,7273,31249,308214310
339,24,1279,51149,439845021
340,41,7657,47188,146652280
340,69,4440,97744,270530763
340,97,7300,41514,429632215
340,25,9067,44156,670996453
341,42,6928,94316,1026549198
341,70,9855,62922,308651280
341,98,539,12574,63973532
341,26,7697,63254,788299752
342,43,1221,83151,245700189
342,71,3567,38047,424223352
342,99,6128,10532,769299859
342,27,2518,7922,504210763
343,44,3058,1848,203509532
343,72,5322,24279,52082990
343,100,458,85763,422174995
343,28,7323,77194,738846839
344,45,8115,6081,535083432
344,73,948,32426,495644972
344,1,7118,46306,953301244
344,29,7524,54123,364652335
345,46,2457,78654,841293697
345,74,7767,66742,445947670
345,2,8463,63837,602324113
345,30,9498,99531,676105232
346,47,6697,2692,84581757
346,75,6640,9213,819321397
346,3,8858,26172,820804166
346,31,5835,30224,1035375675
347,48,5863,856,227034651
347,76,9132,30686,815303479
347,4,4618,83343,720231981
347,32,478,67562,695612380
348,49,4129,60376,921865854
348,77,4958,64025,417273405
348,5,4606,65938,462238085
348,33,7744,45286,378525125
349,50,2419,96927,433609595
349,78,253,95716,924486499
349,6,7454,20504,483570371
349,34,8502,82877,590264869
350,51,5552,28608,151651411
350,79,1219,41260,728932870
350,7,3715,77114,333757749
350,35,2336,68944,737482192
351,52,4245,14181,872726677
351,80,1754,95121,260847101
351,8,3954,10733,682004466
351,36,9106,98430,838420524
352,53,1751,75734,754559869
352,81,6905,53411,948407996
352,9,3116,89922,738421325
352,37,2576,42298,163751357
353,54,8705,25061,806297354
353,82,6230,49176,457706099
353,10,8479,42550,857716784
353,38,7642,69838,322673125
354,55,7041,51787,306107862
354,83,4171,74659,1057907038
354,11,4564,68221,769288874
354,39,5127,55961,852359087
355,56,6679,88163,578863985
355,84,4837,54319,1050267819
355,12,3157,63673,168405910
355,40,9387,32897,883205897
356,57,5640,65989,424151679
356,85,5077,96117,1009583838
356,13,1357,72125,1021452636
356,41,3285,30849,345193060
357,58,9623,16985,181152293
357,86,3547,83651,52851716
357,14,4786,49430,190797641
357,42,7086,27245,480816217
358,59,8036,81242,878640409
358,87,216,6319,800697243
358,15,8393,32339,126449994
358,43,6497,2727,973540779
359,60,3678,6767,514910718
359,88,7459,67793,739478481
359,16,4180,52157,830794910
359,44,4489,96983,682136515
360,61,5834,42019,337739693
360,89,4885,36225,791087432
360,17,9191,71051,8904757
360,45,2781,60373,461581361
361,62,8423,23947,1027346853
361,90,809,3297,50125556
361,18,3324,12437,631707195
361,46,7628,56391,979744600
362,63,9122,30920,190314311
362,91,6711,35700,704426845
362,19,7455,32225,906048020
362,47,9990,68032,536710134
363,64,442,67858,916289660
363,92,968,41365,486401659
363,20,5171,37326,591206426
363,48,6752,85786,247656606
364,65,9828,66785,935461425
364,93,5570,94012,304006151
364,21,7766,54132,160888805
364,49,8146,32586,320638888
365,66,7178,41680,365032627
365,94,4870,29080,237930808
365,22,1931,53660,672623830
365,50,7792,91686,651911027
366,67,8509,16103,642207467
366,95,8356,45623,68280142
366,23,2143,75561,1022543184
366,51,8545,34332,1049007588
367,68,2874,23230,909674371
367,96,4845,31344,425098554
367,24,3938,43943,327532562
367,52,7919,99551,413103940
368,69,2368,41628,507062987
368,97,5549,60688,896111547
368,25,2379,28324,335263661
368,53,1356,38864,265703319
369,70,215,62105,43180557
369,98,202,69031,428979872
369,26,5102,75065,856023874
369,54,4479,88272,1008475850
370,71,473,78358,819224449
370,99,4006,89240,17107022
370,27,5236,69564,766190331
370,55,7527,55241,1005630348
371,72,4707,84913,756668282
371,100,7194,79526,1002023947
371,28,5155,45470,116025829
371,56,3644,4759,257307232
372,73,4051,83563,1035044392
372,1,64,64309,705409826
372,29,3420,37477,889668928
372,57,4572,33286,875263252
373,74,6598,24947,859931420
373,2,2376,26230,672465551
373,30,2838,8194,230727025
373,58,6119,70873,239853894
374,75,1876,71484,688043543
374,3,1826,39946,990833741
374,31,9828,64100,265239268
374,59,9204,15028,983371528
375,76,2822,47583,902750433
375,4,4114,46086,891914887
375,32,8680,67303,56909092
375,60,3965,15166,502460690
376,77,3666,89566,361067449
376,5,4524,52952,88621987
376,33,680,73193,138670739
376,61,9418,3990,41571559
377,78,9022,66573,628199326
377,6,966,29670,226750276
377,34,762,75799,240681561
377,62,7490,44857,728692538
378,79,5057,89475,832312593
378,7,5433,15938,49275216
378,35,6012,67142,631876553
378,63,2909,3465,185308671
379,80,1136,24336,1038843453
379,8,4070,47381,939341670
379,36,4749,49178,510448608
379,64,2160,73881,422816811
380,81,5384,68064,240825068
380,9,6216,13472,463745831
380,37,9253,77465,757080482
380,65,2627,73090,147565178
381,82,2984,69199,189140386
381,10,8803,5431,271263628
381,38,6258,1065,1035389812
381,66,8277,40253,222015058
382,83,8797,34268,94033782
382,11,3300,35544,663939681
382,39,7897,1497,882198073
382,67,6546,16515,675288868
383,84,8632,68173,512685822
383,12,9731,48418,103892188
383,40,573,98252,650156151
383,68,2123,79213,987620085
384,85,3933,75369,787204591
384,13,5772,4513,622997958
384,41,7321,56483,191508681
384,69,5218,82088,498095415
385,86,2378,38305,741180234
385,14,595,53923,964332091
385,42,8387,12969,511468638
385,70,7996,12160,1031125259
386,87,344,6071,920556794
386,15,183,63708,354251153
386,43,5970,20307,800304795
386,71,8599,63680,505198084
387,88,9827,71312,819420927
387,16,8555,61541,575973217
387,44,669,83204,215619630
387,72,9507,14071,44201094
388,89,8032,56191,506437364
388,17,2913,58222,607572338
388,45,8090,35891,416457896
388,73,1385,41485,804478230
389,90,6248,56142,875511099
389,18,7591,52884,280692277
389,46,1746,26501,518579722
389,74,3524,71514,757125585
390,91,6098,61317,596571222
390,19,1254,11598,301843822
390,47,3132,41566,467765545
390,75,721,19400,718345478
391,92,8256,99390,779455043
391,20,6653,28335,211750766
391,48,6291,27487,224960628
391,76,4228,57036,660248328
392,93,3185,79483,421533745
392,21,3169,13979,520017499
392,49,623,12385,352040347
392,77,1589,85262,617424262
393,94,3620,41016,689467422
393,22,1801,69808,786664014
393,50,6265,58970,53404938
393,78,3096,16427,1066644273
394,95,5265,87834,981092406
394,23,2113,20354,822529127
394,51,5767,54067,318508827
394,79,8848,54170,586134516
395,96,2647,62984,342455327
395,24,9382,47277,663361926
395,52,4144,97804,123102169
395,80,473,47363,610726250
396,97,5543,51679,748105828
396,25,7149,72633,240676682
396,53,3749,74111,356490781
396,81,1112,50486,222098857
397,98,4646,82508,1003865398
397,26,1877,18449,486036514
397,54,6029,14007,669736870
397,82,3814,67639,17477463
398,99,4636,53963,666855666
398,27,3187,87315,226216321
398,55,7390,91592,267673701
398,83,1139,32352,467248735
399,100,3827,29829,336783136
399,28,4875,64859,612922178
399,56,9191,89827,202815080
399,84,6776,37650,186302563
400,1,5833,35042,921869812
400,29,2214,56551,629644634
400,57,5043,18051,656365810
400,85,4648,4065,974340316
401,2,3408,21406,366867174
401,31,2047,46458,838619449
401,60,4316,17075,718926786
401,89,7220,94889,801200407
402,3,2471,1755,1021283019
402,32,1108,48124,424467003
402,61,6840,45801,682802025
402,90,7942,61507,445668523
403,4,8199,94281,437310070
403,33,6665,76911,238434133
403,62,9121,46960,815859627
403,91,6484,65873,587264731
404,5,6948,46290,681120771
404,34,891,97640,486055193
404,63,3556,85173,512711568
404,92,6032,51648,1032180923
405,6,2243,41906,912554477
405,35,9153,41734,12786596
405,64,1365,42161,608924949
405,93,9819,35883,1065381368
406,7,9475,9103,680133263
406,36,1083,68293,70422605
406,65,6489,66424,858257069
406,94,7271,24921,333092266
407,8,6142,82614,351241174
407,37,6126,90815,627938133
407,66,9234,63684,640033928
407,95,8359,29433,530647174
408,9,9899,3525,970227606
408,38,5282,30352,676216864
408,67,2110,56658,447326662
408,96,3815,21893,372547684
409,10,2897,54348,697417276
409,39,8770,53970,898642746
409,68,3321,96494,465225791
409,97,5938,14811,915824482
410,11,6977,8908,402477019
410,40,876,95350,73672819
410,69,8242,60423,639204397
410,98,846,55157,316749916
411,12,8740,71171,39435437
411,41,6955,80321,736633756
411,70,8715,24529,489488680
411,99,7555,98970,642794890
412,13,5892,56547,500129946
412,42,2630,55004,708436326
412,71,5349,93245,633887988
412,100,5212,42935,607888254
413,14,6320,54238,230321384
413,43,9412,8056,894975039
413,72,8423,54520,309009047
413,1,6598,45506,721448357
414,15,8403,8328,200110544
414,44,6665,30452,969629392
414,73,5558,49014,664810305
414,2,1276,19130,872434559
415,16,2514,55720,368784758
415,45,1246,44960,700535555
415,74,616,25851,918455520
415,3,484,26686,732761472
416,17,4241,81399,696799079
416,46,2414,61505,975795648
416,75,8089,73530,104126272
416,4,2185,62482,212000268
417,18,2485,94827,884698509
417,47,6391,62561,90956356
417,76,2896,28783,875171029
417,5,7626,58103,930094398
418,19,6664,24118,308036899
418,48,9519,76779,161406129
418,77,5054,21336,533204567
418,6,3607,73287,444039889
419,20,2257,89251,988262746
419,49,4017,52873,735971270
419,78,3271,43943,964761720
419,7,6802,10512,166005976
420,21,9500,73891,679195587
420,50,8947,47615,23607120
420,79,8920,85031,556256355
420,8,1074,59090,846677028
421,22,8121,40229,971281529
421,51,1190,23457,786833453
421,80,6215,53950,1029586561
421,9,9804,66860,438377090
422,23,6976,53753,233069361
422,52,1054,50365,952633131
422,81,1741,42815,463433325
422,10,8386,32323,356243719
423,24,9892,12561,692045178
423,53,7433,48460,685094797
423,82,3989,5019,236804293
423,11,4210,65423,544632425
424,25,6729,77889,1025546455
424,54,1676,5389,121679129
424,83,9030,94657,846412652
424,12,930,4830,791532025
425,26,2802,89535,529824812
425,55,6354,32576,955209278
425,84,8696,70510,353888891
425,13,9573,65922,606928794
426,27,8175,80932,271769851
426,56,631,97515,656332022
426,85,3949,88298,812055054
426,14,5463,21328,1066165480
427,28,2163,41563,108731304
427,57,5473,63766,534962283
427,86,6523,12874,1018376981
427,15,5348,14866,467966337
428,29,9917,27330,943396548
428,58,658,17941,931096631
428,87,6127,56197,451785159
428,16,1649,65428,790366547
429,30,1492,72015,201384650
429,59,6398,78757,333025964
429,88,3641,4351,983999349
429,17,9468,31291,684723727
430,31,15,48373,965279323
430,60,7890,35747,1030800743
430,89,4716,29106,995077240
430,18,4037,92981,337631407
431,32,1891,99490,576373384
431,61,983,14363,806432880
431,90,291,84286,427833809
431,19,5332,22617,498411689
432,33,1202,30826,596121469
432,62,2794,28002,292592334
432,91,9183,42468,947659985
432,20,6137,89317,876603422
433,34,8880,69781,85265056
433,63,2803,96251,1004463826
433,92,1798,12856,594506069
433,21,6651,10232,1040791475
434,35,5295,58357,646725707
434,64,6409,7466,150274452
434,93,3606,37426,891349076
434,22,9115,60547,789330902
435,36,2641,51395,924799963
435,65,8630,81182,17779737
435,94,2159,98813,1045405502
435,23,8697,22491,825265379
436,37,1868,7845,553177316
436,66,8034,32435,266932769
436,95,5508,2674,29985496
436,24,9301,16249,317140635
437,38,1543,90468,305170110
437,67,1491,36237,54335222
437,96,7237,63191,1034344104
437,25,7344,34175,258989229
438,39,5882,81187,241636503
438,68,5448,88762,1017956201
438,97,8510,28439,71093333
438,26,799,73023,626589019
439,40,7843,48006,308981282
439,69,3951,57159,188376789
439,98,7746,51391,331015953
439,27,2909,17861,205607889
440,41,2315,13812,414391617
440,70,9144,1689,406771069
440,99,9546,37993,442393984
440,28,2183,10431,349113418
441,42,8758,17897,383619430
441,71,9507,16016,604469806
441,100,5737,68807,319805087
441,29,994,18453,455947646
442,43,4798,65832,961208791
442,72,5787,65869,421754749
442,1,4901,83812,408429630
442,30,9278,49752,362347665
443,44,6065,39277,106120610
443,73,7419,3349,1005331943
443,2,1824,65033,479524976
443,31,6755,19679,230501190
444,45,2874,6136,71775569
444,74,3183,49499,156867414
444,3,6627,78519,829691740
444,32,4905,8020,514859432
445,46,9666,71794,364786141
445,75,1116,65239,243881600
445,4,7637,91784,745675154
445,33,9549,64172,935139768
446,47,6137,30754,533397147
446,76,4438,22388,975759636
446,5,5678,72326,350314621
446,34,2473,11931,634421069
447,48,1629,51577,858153381
447,77,5276,34457,359604952
447,6,2465,26026,706159551
447,35,2811,75218,1066434962
448,49,1683,64177,422332363
448,78,1777,13327,39268107
448,7,138,35579,848517361
448,36,9993,99480,712449408
449,50,7428,36958,24636020
449,79,218,93462,860580320
449,8,9763,3569,575670383
449,37,1823,71411,178709760
450,51,1191,11860,573354751
450,80,4989,54394,747310210
450,9,8434,27856,875821069
450,38,3696,68860,1011633647
451,52,6028,11226,343622542
451,81,7722,91761,947609723
451,10,3958,73932,94907653
451,39,6163,38246,461603623
452,53,9580,60940,27689871
452,82,1723,63971,553602534
452,11,7692,57938,1030806174
452,40,7533,49485,487088768
453,54,9998,47540,186848322
453,83,8418,20270,658350411
453,12,6657,45086,48333586
453,41,2988,35190,52427544
454,55,4742,54551,970387527
454,84,2377,67761,275079449
454,13,6906,19533,787361415
454,42,1648,40409,496270836
455,56,9811,48268,492598035
455,85,9403,75128,974274908
455,14,8258,59098,637720825
455,43,12,73306,524752207
456,57,8189,5022,707274220
456,86,3200,13749,964208989
456,15,5331,42463,13290291
456,44,6334,5698,805785522
457,58,9934,86274,271190235
457,87,5304,72913,42242416
457,16,1790,95478,855717063
457,45,8338,17897,42561361
458,59,8519,11801,935585421
458,88,7376,69938,271408747
458,17,3039,47155,923064416
458,46,1569,53423,759410844
459,60,5540,4389,940037079
459,89,4030,64829,197209202
459,18,2280,92661,135187990
459,47,1296,31202,526543822
460,61,9226,62527,111027956
460,90,6813,65562,362020627
460,19,4864,12067,437477582
460,48,5691,40677,311746573
461,62,3174,59167,28891294
461,91,123,44186,20351209
461,20,3756,92117,901758306
461,49,39,63398,817770971
462,63,4427,15769,328476748
462,92,1191,42510,430828567
462,21,2701,3196,464181709
462,50,4947,2816,427088976
463,64,6695,97373,1027814804
463,93,5451,1904,863086619
463,22,8632,53479,827562732
463,51,586,46311,570426038
464,65,6084,50488,317510435
464,94,8439,11429,574953616
464,23,4317,6210,616969575
464,52,9366,1918,233542966
465,66,7010,89598,764219150
465,95,5904,93791,364457747
465,24,9364,36614,76294801
465,53,4660,12239,996987407
466,67,5994,31360,54197970
466,96,2733,20180,143382296
466,25,7893,23322,1031577545
466,54,5264,93531,829050469
467,68,6404,62198,943727859
467,97,9125,22609,806723314
467,26,8930,99679,225841179
467,55,4107,93601,759009537
468,69,233,37855,111869101
468,98,4819,79323,1034141898
468,27,7846,24304,849577580
468,56,3933,2203,314929837
469,70,7523,95428,784443720
469,99,5178,80225,82762929
469,28,9652,98324,121110565
469,57,553,90355,890240698
470,71,8598,29589,415906831
470,100,3215,19364,542476738
470,29,2500,94446,223593596
470,58,144,57127,895685376
471,72,4978,7401,15007144
471,1,311,44721,588031391
471,30,3575,96529,65182775
471,59,9777,934,268488961
472,73,2771,42291,728412852
472,2,1319,22396,72460626
472,31,410,10202,466419688
472,60,8731,60794,1044903923
473,74,4750,5741,576679697
473,3,4126,4660,732747234
473,32,7455,24311,583477729
473,61,3862,27577,121734926
474,75,3200,72815,154835963
474,4,6439,42098,956620720
474,33,6252,65960,197703626
474,62,6728,6776,283198653
475,76,2890,25052,758397224
475,5,4931,96355,592648740
475,34,8806,72281,307645033
475,63,1131,51724,359660793
476,77,9171,17786,297533639
476,6,4393,45107,198907216
476,35,6969,97292,291402042
476,64,8829,26264,768342744
477,78,5089,77355,565024931
477,7,2551,16795,458673976
477,36,3921,84446,425865843
477,65,1463,18957,714375441
478,79,4424,50655,272725154
478,8,2049,20250,1012979259
478,37,9781,10759,221179351
478,66,4653,38341,985408982
479,80,657,57291,792247850
479,9,7940,79219,543734553
479,38,7560,77728,492346671
479,67,8063,401,452527109
480,81,2289,94016,962401677
480,10,2496,13096,251845909
480,39,1163,54264,590916134
480,68,5383,43028,1051370372
481,82,8117,14208,772005752
481,11,1764,51640,938144103
481,40,7951,91608,19755547
481,69,589,5620,146763307
482,83,5246,82267,223196973
482,12,1471,62354,901962062
482,41,4933,50192,842566724
482,70,4382,33660,84975727
483,84,8999,13344,677175901
483,13,8687,15868,652300484
483,42,6707,86070,571048837
483,71,8420,43584,289499521
484,85,1469,67497,526939612
484,14,7015,77758,314432693
484,43,9883,96911,472213024
484,72,1923,21897,606301393
485,86,1562,10926,410263165
485,15,8677,43500,114676421
485,44,5676,62694,49778869
485,73,30,65719,954312029
486,87,9050,59551,246154498
486,16,2053,90829,624344327
486,45,6935,96581,108825333
486,74,2806,70197,37783965
487,88,4119,4684,943132174
487,17,4119,21452,105599096
487,46,8891,28483,1046409041
487,75,7655,7108,83036273
488,89,4385,973,684983949
488,18,102,93521,200200786
488,47,2837,84067,705278927
488,76,3654,38227,570949700
489,90,3178,36062,356369804
489,19,7196,17434,99129602
489,48,1317,34176,374914229
489,77,3471,93730,849182191
490,91,7994,1768,155257754
490,20,6306,70455,861333714
490,49,1820,39598,608798130
490,78,7975,13241,1040369415
491,92,2484,11531,125905346
491,21,2491,20395,294533793
491,50,7537,52604,980787080
491,79,9869,41080,41447273
492,93,2545,35998,178591473
492,22,3619,52012,855150423
492,51,8732,58128,526039999
492,80,6875,52471,1009238356
493,94,8029,76535,635346459
493,23,1481,31999,482165105
493,52,718,63458,860929279
493,81,2818,23716,633553909
494,95,5007,15349,300735201
494,24,3735,59223,122482630
494,53,1227,78042,985693381
494,82,7793,70246,880934854
495,96,8482,24113,364675568
495,25,8354,1427,680263165
495,54,7185,25898,219446755
495,83,9753,27041,112291383
496,97,1478,48645,640218627
496,26,5685,8666,579097982
496,55,7761,24804,609385105
496,84,7955,18016,445110268
497,98,5708,15241,344119255
497,27,9136,28523,966708154
497,56,7810,82249,587863685
497,85,8148,57820,360571909
498,99,2846,64919,952404204
498,28,6199,94863,526754946
498,57,5145,65224,448787829
498,86,6764,30388,120328882
499,100,1941,68126,450883452
499,29,6904,48178,826054971
499,58,9665,51537,441008645
499,87,3271,63957,788215744
500,1,3366,20489,774166163
500,30,3667,27402,555004732
500,59,7351,32976,569832301
500,88,5853,3089,581801690
501,2,6317,96153,614259119
501,32,8242,71916,334904421
501,62,5157,18638,552092126
501,92,6109,93108,113130604
502,3,1735,45579,784656783
502,33,7173,38768,671061457
502,63,5071,46180,497628028
502,93,282,48935,865850015
503,4,7474,97308,834278411
503,34,3793,6879,1022524431
503,64,3034,49086,319291521
503,94,7055,32155,522369342
504,5,3641,84166,173975229
504,35,2814,9622,990454177
504,65,3211,6822,646336814
504,95,6273,91987,527652711
505,6,5542,75843,732734276
505,36,4737,80619,187784637
505,66,1616,27842,719220709
505,96,9262,25855,738372787
506,7,7436,5221,285087878
506,37,6994,68503,174603420
506,67,6986,94066,923466595
506,97,3087,51675,476267708
507,8,3324,83387,715408027
507,38,5655,93386,378260447
507,68,6037,14199,772914462
507,98,3909,99552,8063922
508,9,1551,59644,889184734
508,39,6032,63211,958697411
508,69,5730,69627,1052999024
508,99,9761,6395,873074017
509,10,3984,17695,153788050
509,40,5145,16736,110369946
509,70,9901,79969,985674605
509,100,4917,96231,1073469941
510,11,8629,81063,823824625
510,41,5812,2166,733499964
510,71,7035,73398,756863852
510,1,6587,46396,750541699
511,12,90,78367,492047205
511,42,9906,44075,147813443
511,72,1439,37124,564568792
511,2,9923,92827,811741749
512,13,3546,13159,88749110
512,43,7627,3300,1009856003
512,73,3640,42157,231078626
512,3,8928,57829,541508115
513,14,5666,37865,407803541
513,44,9502,56561,863010475
513,74,378,86994,822441745
513,4,3061,75683,366567139
514,15,4454,93827,598082668
514,45,4739,41926,207142083
514,75,3784,78783,562823936
514,5,5879,40467,292849951
515,16,6431,34914,1059393540
515,46,767,99520,878183796
515,76,6886,19640,900095662
515,6,9134,48077,56411676
516,17,6105,60029,1046823176
516,47,5414,25458,83872476
516,77,125,26726,73295383
516,7,8650,54067,334618151
517,18,1790,55636,719694497
517,48,1205,26356,216403943
517,78,9495,23299,411430458
517,8,8049,94707,39325848
518,19,1996,41227,327239978
518,49,8880,6572,826051352
518,79,8100,93478,647462155
518,9,6002,61259,840509116
519,20,3637,18594,710636667
519,50,777,37471,486003944
519,80,7887,25082,37344144
519,10,9789,4586,1027378058
520,21,1888,73635,1015255605
520,51,9987,36252,513278799
520,81,6592,11447,131781803
520,11,2585,10458,292740387
521,22,7639,72823,76763380
521,52,5346,73196,347145841
521,82,4196,55303,88408823
521,12,2510,22813,1049927210
522,23,6343,16291,134285628
522,53,5885,4955,328910532
522,83,4672,89639,636030504
522,13,1705,74837,711568192
523,24,8216,60302,993863149
523,54,3056,20552,388856552
523,84,4826,89832,506026141
523,14,4259,26870,559920986
524,25,8293,94768,503606359
524,55,5771,74919,171818094
524,85,6113,33294,1048733019
524,15,7321,57921,407564632
525,26,4884,71433,194260613
525,56,8567,93878,1049665245
525,86,1771,92249,233341864
525,16,2166,90834,233190892
526,27,6808,85585,770935136
526,57,4445,73230,263233615
526,87,2002,17229,513019380
526,17,6209,86173,479122339
527,28,8832,71420,1064365137
527,58,1981,70057,304865847
527,88,8577,40560,374705779
527,18,8097,96327,445589945
528,29,4555,95557,1018697629
528,59,8671,37678,861987027
528,89,1635,99772,229247917
528,19,6658,49028,631959081
529,30,9026,58007,4432656
529,60,1487,9824,234009282
529,90,1732,8667,788733829
529,20,2587,38415,947914688
530,31,869,12157,392969176
530,61,4541,48513,386423634
530,91,605,92474,202074088
530,21,5480,76738,848381793
531,32,3497,43881,1007707914
531,62,6229,64891,64680340
531,92,5292,30512,997707283
531,22,5154,52350,728322512
532,33,4517,37244,134964363
532,63,4112,6953,958561058
532,93,6441,187,727722322
532,23,6709,79081,334033860
533,34,6031,50558,330357950
533,64,1001,91779,488330113
533,94,1920,82414,317193635
533,24,2511,36935,553852950
534,35,805,4860,514367385
534,65,3296,84471,711166488
534,95,6438,37601,637466627
534,25,8933,19970,738277490
535,36,6234,95721,1012656651
535,66,3424,94968,192998648
535,96,1363,35665,717647026
535,26,5565,38128,541974887
536,37,8830,79214,550278586
536,67,377,98985,668402118
536,97,352,14393,640983794
536,27,7609,62353,839747798
537,38,2145,34858,194862188
537,68,2662,61722,565251314
537,98,4507,20179,560129285
537,28,4230,11234,932193439
538,39,4074,23027,343775264
538,69,4895,20850,388433323
538,99,6115,3659,970326716
538,29,9617,88265,584092290
539,40,8720,60836,928464746
539,70,9489,2209,498865495
539,100,7405,86577,861251368
539,30,9448,64091,683049652
540,41,3787,73446,723275379
540,71,8758,62899,667994575
540,1,5142,10641,400247665
540,31,758,42857,691300248
541,42,2537,38466,487634677
541,72,1654,72512,232103583
541,2,2179,49865,938138339
541,32,9694,30447,951782972
542,43,9826,54963,166829133
542,73,3455,8463,326174936
542,3,2453,99883,362398745
542,33,1707,21538,734297346
543,44,6362,81564,962053278
543,74,4511,25521,516652639
543,4,2910,74480,904959872
543,34,210,51532,272162074
544,45,7143,76196,508183432
544,75,5555,18810,586434690
544,5,9843,80477,264703915
544,35,7770,47682,1029250788
545,46,7790,16810,1011421830
545,76,8547,25826,60104123
545,6,7282,7743,558286099
545,36,8100,87365,684055076
546,47,7624,21877,671199589
546,77,4052,68807,715888033
546,7,2872,13500,373611551
546,37,5233,49813,805867096
547,48,3093,65458,453136700
547,78,6506,74827,784461205
547,8,3277,94939,118498919
547,38,8825,50517,1072137354
548,49,4316,5287,397538251
548,79,8170,72114,3062880
548,9,2997,53303,401759025
548,39,9598,71590,298254690
549,50,8245,39293,863739012
549,80,3834,80188,769389097
549,10,9550,74505,5258351
549,40,2116,73817,637546593
550,51,4396,2702,583596892
550,81,4204,79693,536954056
550,11,2788,58158,1040648208
550,41,2559,54699,727357855
551,52,7451,66871,984196826
551,82,13,34490,772773190
551,12,2409,76251,762582127
551,42,4208,49742,408611043
552,53,4641,76610,541742569
552,83,7758,87489,763647744
552,13,4729,13171,876715631
552,43,2250,7545,948455396
553,54,7153,62716,319943943
553,84,7642,43301,86503682
553,14,2160,5580,323261769
553,44,899,2869,574360075
554,55,7964,96246,65711480
554,85,9175,27307,657856581
554,15,6477,33722,918465241
554,45,8097,47801,17107460
555,56,6725,20162,617052047
555,86,3577,24301,701257276
555,16,543,55604,744095343
555,46,3648,835,101318121
556,57,2760,68703,561181880
556,87,1352,68424,708342089
556,17,3441,63790,468183846
556,47,7464,13636,504137718
557,58,5418,30906,287020580
557,88,106,82328,429029094
557,18,5051,77592,170690596
557,48,8086,8340,633896114
558,59,3711,42817,821528873
558,89,310,71564,666898804
558,19,5927,731,786964188
558,49,8641,31589,860074500
559,60,550,69967,448489886
559,90,8203,24228,347225182
559,20,6928,34089,338565462
559,50,6714,22301,87051694
560,61,1493,16748,94572414
560,91,8132,93403,626234167
560,21,8024,13255,217017834
560,51,8116,29506,487775223
561,62,5190,21330,819960954
561,92,8491,80980,648216279
561,22,946,98337,176660401
561,52,8347,21537,20895657
562,63,9575,53603,766388892
562,93,7480,20088,849662954
562,23,503,78723,381564936
562,53,2106,26954,105531072
563,64,6050,93984,465511438
563,94,8489,76910,198638162
563,24,6971,39561,258235441
563,54,702,91638,953183203
564,65,2209,17003,398544578
564,95,4777,77040,539940097
564,25,9891,27594,847714073
564,55,3416,50571,644216531
565,66,8193,23604,473114508
565,96,7485,32062,435164289
565,26,2032,23991,145318629
565,56,4922,35995,155204081
566,67,2700,1095,123607504
566,97,9470,44604,1026031719
566,27,9181,23959,201407509
566,57,7958,9348,517865058
567,68,4443,91859,300659335
567,98,728,35577,14172708
567,28,2824,55030,314984794
567,58,7557,44625,808032364
568,69,8365,77222,444605184
568,99,1328,77496,988880354
568,29,7616,89648,444888241
568,59,8820,28869,346602225
569,70,2176,5799,278572508
569,100,1731,81887,39982618
569,30,3123,68793,997181998
569,60,1350,82043,147222510
570,71,4292,82459,858519082
570,1,8347,91839,561186299
570,31,9367,291,315046916
570,61,2521,18534,309070826
571,72,4070,34605,233496944
571,2,5772,12384,60142980
571,32,425,65221,799848201
571,62,744,83316,583943740
572,73,6996,2313,386696833
572,3,3266,46964,522536571
572,33,3303,27433,160963352
572,63,9986,51684,198493327
573,74,242,35579,244562784
573,4,2523,87993,711029862
573,34,9444,81595,913596559
573,64,8904,58158,415126060
574,75,1556,54745,268241516
574,5,788,29827,4070553
574,35,261,17018,181812666
574,65,4930,36461,860332536
575,76,1828,39802,1017196240
575,6,1960,46603,493766860
575,36,1841,60375,384783517
575,66,3177,50549,960985985
576,77,3715,47425,518485033
576,7,5860,83914,344304802
576,37,5711,67589,518138025
576,67,831,18183,687325606
577,78,4109,22449,150986549
577,8,4194,96763,692919989
577,38,9072,37375,291128363
577,68,1097,6010,1068081975
578,79,5898,40475,186405413
578,9,9747,64766,712510924
578,39,917,48088,52554483
578,69,7215,43302,384647430
579,80,1672,22232,1051159306
579,10,1338,52002,385122326
579,40,4863,84472,227920802
579,70,7945,60325,1012032271
580,81,8561,21396,48653742
580,11,3695,87038,11767903
580,41,3173,15790,1016273472
580,71,6905,70329,114904242
581,82,2216,21124,676614418
581,12,3322,9756,44326004
581,42,9392,51445,578480944
581,72,1259,21460,189300299
582,83,6910,53794,984332811
582,13,2236,45285,922636072
582,43,5652,93435,1054721836
582,73,5337,37843,687538873
583,84,4495,91536,935586360
583,14,1597,3942,447301297
583,44,4161,41472,732498856
583,74,7685,32201,183748871
584,85,6170,62299,463075120
584,15,9080,20123,701168050
584,45,6948,72418,371215905
584,75,5132,67832,138305440
585,86,8051,366,378251896
585,16,1636,75159,555919290
585,46,7476,83506,278242368
585,76,9020,10092,458796487
586,87,1195,8690,380191455
586,17,4391,25238,596105937
586,47,818,22634,929908033
586,77,4787,10434,1959464
587,88,9456,70751,900923962
587,18,6442,11468,740475161
587,48,9575,60792,721525917
587,78,1825,93270,516366094
588,89,1076,72351,232045897
588,19,1289,30004,744240076
588,49,6497,5495,113408165
588,79,3566,75213,876355230
589,90,7784,82937,862002464
589,20,6579,27302,150076464
589,50,379,39103,460404731
589,80,2591,74300,885009449
590,91,5959,31850,1032999232
590,21,6924,56959,863416017
590,51,1804,79172,921773908
590,81,1278,81256,835562778
591,92,4047,41660,918044741
591,22,3080,5038,363448231
591,52,5168,81593,13953493
591,82,4628,17743,574121342
592,93,2676,35936,164630197
592,23,3489,5940,635759976
592,53,575,54449,625786667
592,83,9716,62585,112550542
593,94,960,39768,423152404
593,24,6161,72956,302570888
593,54,1577,8704,889469174
593,84,3954,67411,478367456
594,95,1588,19873,84392089
594,25,1290,61698,491725809
594,55,2209,4424,397055759
594,85,5453,58269,212008412
595,96,5057,19213,577200376
595,26,7752,53614,197438268
595,56,3290,17095,790789035
595,86,3878,34815,806170042
596,97,8343,48543,991397398
596,27,3658,89244,500392478
596,57,6735,40570,610144804
596,87,2420,58285,438767719
597,98,6577,94011,176536281
597,28,5327,31755,881070364
597,58,7452,58257,109000051
597,88,1963,23705,264150123
598,99,6443,26539,404781890
598,29,455,20583,560363577
598,59,666,8681,926301519
598,89,30,69654,628853869
599,100,9558,66896,453778603
599,30,8285,61332,1029116798
599,60,9024,49780,771932007
599,90,272,1955,1027993802
600,1,5324,9767,727135942
600,31,9175,38031,545853137
600,61,5063,50762,48154181
600,91,7681,29095,866523290
601,2,876,5820,992979927
601,33,1945,31668,852032868
601,64,6857,5918,289806515
601,95,6255,88146,822096470
602,3,1645,59872,770971631
602,34,9523,88444,208043781
602,65,5184,76104,904371835
602,96,4265,68318,524300301
603,4,4867,86951,482999913
603,35,255,55321,171558260
603,66,655,32408,916123693
603,97,4383,72212,434256286
604,5,2194,98046,419116384
604,36,2016,13743,538915332
604,67,224,27136,721676500
604,98,3706,54342,793130456
605,6,5187,77287,424079965
605,37,5475,70731,899044842
605,68,7391,85050,720819296
605,99,115,84926,920870500
606,7,650,86991,678893263
606,38,5576,33323,620727941
606,69,27,48444,554090751
606,100,9523,23430,248983071
607,8,2515,4172,229473834
607,39,672,14155,430554958
607,70,560,57811,1048718968
607,1,8453,21276,862887
608,9,9733,66331,192634578
608,40,3974,56002,609502887
608,71,6686,80836,82156315
608,2,1627,87841,926657412
609,10,2599,32699,700385341
609,41,8000,50020,891515934
609,72,4133,50860,20502681
609,3,8133,81854,226704793
610,11,41,13601,908954016
610,42,8605,41626,766776974
610,73,6489,34000,415215839
610,4,731,37229,300974531
611,12,1107,55641,668840921
611,43,3903,5801,746035461
611,74,939,21390,454925542
611,5,2789,79773,316680863
612,13,8618,6260,374473435
612,44,885,41570,21109242
612,75,7469,78899,632723926
612,6,9998,88814,939639321
613,14,4545,9295,907074604
613,45,2029,9144,155280468
613,76,6133,62430,410055960
613,7,5859,37037,1050839000
614,15,9232,18800,198119848
614,46,3057,5001,280511735
614,77,6915,63003,272348819
614,8,5720,60466,215043861
615,16,1647,82256,566879133
615,47,2009,65613,184680964
615,78,5658,79552,506273666
615,9,3056,78148,643394767
616,17,6902,58013,839983942
616,48,3865,19604,630401032
616,79,5497,33888,722754025
616,10,4824,45429,712498426
617,18,9916,2082,330495399
617,49,1573,60584,1053239282
617,80,6762,73854,754415298
617,11,4954,23372,1035729964
618,19,2693,26033,351338949
618,50,4885,2863,145454461
618,81,7579,95861,79655936
618,12,5996,57837,481148
619,20,3727,62028,568195070
619,51,8881,71860,941454458
619,82,3273,81131,179515861
619,13,2036,44278,475042433
620,21,7932,37852,468991426
620,52,580,42502,807291639
620,83,2396,73349,66757643
620,14,3254,30032,710125879
621,22,9013,74383,740445992
621,53,1195,19534,479792997
621,84,6309,53872,77230771
621,15,4897,43191,583321484
622,23,6731,51955,645136518
622,54,7330,8810,785556884
622,85,994,45240,293352173
622,16,2320,30819,489000963
623,24,3554,19868,670995016
623,55,5369,79582,480061324
623,86,9819,86099,520588201
623,17,2613,34023,567117778
624,25,9320,25188,553465261
624,56,8439,78546,546034631
624,87,1763,57087,844760883
624,18,1218,41489,470558299
625,26,8106,25572,142120824
625,57,7539,37928,618261999
625,88,8070,5595,3864381
625,19,2657,59841,15926516
626,27,6277,68235,655798604
626,58,2753,88315,891285705
626,89,7062,332,519880445
626,20,3666,16506,306882379
627,28,7346,24484,296263222
627,59,3952,30649,190896589
627,90,1558,55430,917415660
627,21,3919,77811,682686664
628,29,6770,98477,551740482
628,60,4240,75195,573796449
628,91,5225,72682,830354166
628,22,2169,95776,740500403
629,30,6664,23967,573031717
629,61,5892,31973,131733160
629,92,2329,20608,328551546
629,23,353,26589,511212300
630,31,7299,61241,591379305
630,62,396,40007,232563504
630,93,5167,86621,217035024
630,24,3822,13740,1052295411
631,32,8673,78637,785870616
631,63,9631,82791,287562605
631,94,1305,78099,236433662
631,25,5310,42982,523538204
632,33,3291,42786,386087769
632,64,1342,40023,1008555751
632,95,7247,62024,889306300
632,26,2010,89125,568117183
633,34,5953,31989,725569706
633,65,7862,550,84268279
633,96,143,72843,110203123
633,27,2249,19040,308106808
634,35,7521,49940,839168023
634,66,3738,6098,55571196
634,97,2405,17474,272805416
634,28,221,99881,1022288255
635,36,3254,97672,811051505
635,67,9989,33043,689559466
635,98,1326,36451,317374473
635,29,5181,69814,273236952
636,37,9395,45689,756220908
636,68,2151,84053,700185589
636,99,7161,12592,674420670
636,30,6516,67524,698188068
637,38,3173,22493,374639680
637,69,8230,37324,807898816
637,100,2879,56179,274312275
637,31,4859,85778,858623815
638,39,3447,18973,29119542
638,70,4080,29567,260427230
638,1,8889,56141,706931705
638,32,7359,30835,573422825
639,40,4237,89876,840793113
639,71,7011,64513,785994815
639,2,7349,67939,271103825
639,33,2334,7992,397457367
640,41,6547,76626,835010197
640,72,8428,53548,470263595
640,3,9574,986,966533506
640,34,670,12486,713634128
641,42,488,93455,896602815
641,73,7434,81154,181645341
641,4,1432,25367,364058135
641,35,7740,91627,290798061
642,43,4535,19027,826587652
642,74,3571,23512,1058571500
642,5,8683,86426,1010652104
642,36,4027,28586,965996313
643,44,3020,50094,19634159
643,75,9303,84225,374569970
643,6,3768,92720,914123238
643,37,7018,9916,748567518
644,45,4595,55019,493269910
644,76,4676,40051,302104180
644,7,9654,32099,622387091
644,38,7708,56636,338903054
645,46,4248,58690,200982271
645,77,9482,6412,532941222
645,8,4002,257,500457946
645,39,2604,54464,501544358
646,47,3716,16692,667215584
646,78,4626,45749,80959624
646,9,3818,84035,84478621
646,40,9463,1025,478341296
647,48,7294,64028,535095556
647,79,7431,16774,862437939
647,10,9636,33466,607632713
647,41,6712,46594,229542389
648,49,5845,14097,211238237
648,80,3238,6951,699949196
648,11,9122,74733,139280132
648,42,5563,15251,301207665
649,50,339,98011,448223662
649,81,2242,35322,45766765
649,12,9775,71551,100953413
649,43,1392,74153,811563412
650,51,6341,43835,154787984
650,82,1544,94071,123345400
650,13,6065,47277,887969578
650,44,8443,4393,977134831
651,52,3543,36892,717642270
651,83,7711,79630,589667645
651,14,7243,98082,651001981
651,45,5776,24245,565991261
652,53,7436,8548,29004565
652,84,694,34292,1021931360
652,15,9114,44026,131862915
652,46,7050,97870,1010999918
653,54,2203,56223,437327986
653,85,797,98993,495253903
653,16,1770,54878,454656889
653,47,6254,75941,314794371
654,55,9438,30664,611724201
654,86,7928,8354,383869441
654,17,2899,68985,697126340
654,48,5173,11008,851793126
655,56,9772,27924,520975466
655,87,2749,8400,65642513
655,18,7989,42306,506251958
655,49,9816,73103,123168166
656,57,4347,94005,939256054
656,88,7587,30907,280233138
656,19,5044,1836,1009152562
656,50,1156,20208,122120949
657,58,8394,98463,457379011
657,89,5428,41771,639388900
657,20,6487,66237,897838722
657,51,8505,66846,1042441265
658,59,9224,19860,483823713
658,90,9176,51645,975713325
658,21,9641,77503,336440713
658,52,9696,9227,881473203
659,60,4689,66165,932646003
659,91,2478,67841,291154504
659,22,9028,64903,606176962
659,53,2479,38495,217195552
660,61,4004,47996,689425758
660,92,4775,2079,772892856
660,23,4564,9396,721076350
660,54,3457,9173,883470312
661,62,3362,50861,680666528
661,93,3101,89422,350245517
661,24,1354,29011,743058151
661,55,3582,91968,141326422
662,63,7854,61436,680990031
662,94,1051,2672,238147414
662,25,3739,86207,54508645
662,56,3502,40251,731697539
663,64,2691,94477,48565080
663,95,5853,70774,12330904
663,26,9390,95426,860544181
663,57,5985,33239,65862247
664,65,6891,22061,1054348797
664,96,6156,80181,15316308
664,27,7402,71579,814036236
664,58,6104,54616,622207063
665,66,115,59251,49904160
665,97,8218,42520,162820787
665,28,3362,69824,228164866
665,59,1234,13002,810922351
666,67,9860,59608,416882658
666,98,8372,45156,610737097
666,29,1000,9636,677172345
666,60,6150,36135,955338759
667,68,9129,49065,772004456
667,99,6304,83076,746771233
667,30,1626,72363,790204580
667,61,1766,32408,180641234
668,69,4931,62024,389389728
668,100,3214,91161,895526964
668,31,8173,84377,555456667
668,62,6276,60116,69537129
669,70,6768,5405,208349435
669,1,7485,51596,267500075
669,32,7163,66896,490641992
669,63,8417,56466,204124228
670,71,6190,93771,983059713
670,2,9088,88677,344295789
670,33,7960,91708,449952054
670,64,5344,96921,635107260
671,72,2692,92419,948276347
671,3,6874,53205,1035936731
671,34,460,48264,76117610
671,65,8576,5541,1005910981
672,73,73,46489,426573156
672,4,4345,34856,374410624
672,35,7170,27095,576414032
672,66,4968,78719,425940686
673,74,9038,61892,368556809
673,5,8210,99112,1059572859
673,36,8205,54553,273517977
673,67,3078,99016,275040114
674,75,9757,41819,698745519
674,6,2476,72652,974600972
674,37,3092,2216,325714952
674,68,9894,12222,843416639
675,76,598,48456,773502010
675,7,4272,34198,210370319
675,38,4618,66667,403383530
675,69,1044,1144,369669098
676,77,4834,77280,139471809
676,8,5671,55204,722124838
676,39,1703,53254,609612610
676,70,9436,56900,739436968
677,78,685,97488,744225224
677,9,5342,30770,221263622
677,40,3682,88249,69306273
677,71,5976,89582,1047086971
678,79,8623,20681,395380349
678,10,9099,57483,613598462
678,41,9071,6232,927678546
678,72,7607,65012,662919311
679,80,6574,66605,982480764
679,11,1307,65298,502893293
679,42,3654,82395,849430745
679,73,6899,17754,218231444
680,81,8945,9858,25665547
680,12,8530,70298,814541875
680,43,1158,278,1060062777
680,74,212,1657,188848347
681,82,7314,1607,85520890
681,13,6359,70911,791966762
681,44,3473,2447,183886081
681,75,3202,98297,138460389
682,83,6146,42551,181539941
682,14,590,90063,564209939
682,45,5218,13775,1069767766
682,76,5161,74507,298061713
683,84,8854,4446,28526663
683,15,3859,18288,824650867
683,46,1051,91783,631148811
683,77,5735,49337,926081819
684,85,1122,50935,678207520
684,16,2684,36835,451681263
684,47,8949,29608,745976972
684,78,3665,39348,912092766
685,86,8614,98370,483459311
685,17,4832,71965,972321655
685,48,7999,48090,14771144
685,79,7760,78214,357875757
686,87,5026,77862,36074491
686,18,6375,56441,47460118
686,49,6289,94896,930922643
686,80,3412,25905,911950308
687,88,4682,39833,502780462
687,19,5181,55394,541946067
687,50,9281,50376,625032033
687,81,3237,32608,677348868
688,89,3292,5328,77186393
688,20,3778,61530,645874793
688,51,7416,1421,14858369
688,82,2895,31010,527393793
689,90,6180,28664,727693125
689,21,4408,67502,86680110
689,52,5115,63737,402095046
689,83,1757,21205,557210352
690,91,1485,66272,443605060
690,22,5194,69782,196411954
690,53,1102,12144,921571060
690,84,8781,32322,543000267
691,92,7808,8545,965496446
691,23,180,77470,77382880
691,54,6775,50520,352950696
691,85,9908,56859,848596319
692,93,3861,95342,1025193170
692,24,9109,26035,971797365
692,55,5013,27904,719344872
692,86,7323,71959,226519282
693,94,5136,35025,301282475
693,25,6049,80787,906831312
693,56,6139,65498,107065156
693,87,2973,41756,142725235
694,95,616,14100,642528350
694,26,1473,37881,504143833
694,57,8731,25119,93145536
694,88,6674,14346,1010270634
695,96,7952,72094,130653519
695,27,3248,9262,174385748
695,58,1343,52215,43490198
695,89,5336,77946,495667050
696,97,6314,64748,922351353
696,28,4053,22794,274251341
696,59,2774,98853,1001664013
696,90,5083,266,924775626
697,98,6567,96059,81559368
697,29,8132,95427,962711477
697,60,423,61929,1016212020
697,91,5240,13138,986491595
698,99,5329,49502,123475281
698,30,2651,34141,768357088
698,61,6810,97228,227326966
698,92,4011,51888,190382838
699,100,5457,77409,562297985
699,31,1996,31826,264414867
699,62,7300,59047,831042058
699,93,51,8709,1008177977
700,1,2592,44380,432987285
700,32,3248,59904,995342525
700,63,9682,46559,963271998
700,94,4633,14916,858511782
701,2,4457,65909,194025149
701,34,807,60204,771130773
701,66,198,82139,542845042
701,98,2371,11338,681489196
702,3,8251,73251,419327496
702,35,9951,68668,889441426
702,67,2259,66642,47528719
702,99,2684,86470,459408250
703,4,2813,60276,387673647
703,36,3126,96627,892489180
703,68,103,50494,219541795
703,100,4744,11694,67266015
704,5,5245,63065,545084566
704,37,1116,12811,723227931
704,69,7507,48209,114375464
704,1,3391,81435,1067634248
705,6,7977,66513,977172377
705,38,1674,10228,668825487
705,70,1087,3049,579591272
705,2,3371,22292,720773125
706,7,9747,60914,788214974
706,39,2545,15424,378074411
706,71,2559,9276,213887610
706,3,8215,85789,832293535
707,8,7878,9990,1060783169
707,40,9076,1391,27897196
707,72,9493,32976,289235785
707,4,5405,8382,803671825
708,9,8896,47284,971662277
708,41,6600,16774,589258444
708,73,5261,24772,808571131
708,5,3879,76544,138671810
709,10,8822,80914,71328166
709,42,4072,87925,1066593417
709,74,9817,37602,70739964
709,6,9533,32618,556884946
710,11,7236,84412,454022205
710,43,3868,37754,769374945
710,75,664,93925,918823298
710,7,8607,95631,559801192
711,12,1124,89480,40354609
711,44,3589,3156,669531357
711,76,3783,13846,532328222
711,8,3746,60151,395348412
712,13,467,87503,364241913
712,45,687,53041,794567230
712,77,4688,79985,569998846
712,9,4128,63822,375846983
713,14,1062,50303,487195439
713,46,7124,5752,800701774
713,78,2453,99567,852147202
713,10,106,6704,934350934
714,15,8770,14238,77497031
714,47,7474,53655,1058008578
714,79,2472,17333,205422413
714,11,26,31185,412816801
715,16,7573,65671,78072603
715,48,2426,50426,591249485
715,80,7092,77692,400507995
715,12,8294,86992,75045537
716,17,2166,51137,93655723
716,49,1472,44144,641258025
716,81,9350,94526,309447095
716,13,5181,92545,58047181
717,18,9376,70972,42463592
717,50,7474,34444,619810007
717,82,1229,7743,150212018
717,14,2617,91677,553205240
718,19,4556,64924,49063501
718,51,6680,85126,450717961
718,83,6361,59003,210258896
718,15,2249,70924,242154427
719,20,8187,21493,603113084
719,52,235,19987,333884960
719,84,9530,88837,6816828
719,16,521,82453,256080668
720,21,2402,88337,480584637
720,53,7795,73509,483426243
720,85,5764,11473,137642017
720,17,146,49001,904223395
721,22,1106,5845,937877606
721,54,3210,64295,721889437
721,86,859,4231,56410399
721,18,9237,12763,599003476
722,23,4943,48206,810015051
722,55,1009,33470,502402478
722,87,3533,21688,954043604
722,19,2940,98171,701998429
723,24,1682,22066,445037413
723,56,9349,55088,619909807
723,88,5230,12042,469188916
723,20,6971,10821,751124072
724,25,644,77830,345232405
724,57,5104,6207,295477339
724,89,1041,49443,954911741
724,21,1088,31167,154359503
725,26,2273,69323,718358404
725,58,606,85197,637656688
725,90,7626,57747,1020622780
725,22,2252,45653,615399002
726,27,353,72948,579514892
726,59,2778,76418,110639945
726,91,7940,54876,80075686
726,23,6037,47971,650541576
727,28,4534,80485,688690385
727,60,3750,81362,468464585
727,92,3973,39897,88548028
727,24,3324,42739,1031622872
728,29,3215,45210,924680533
728,61,4964,15687,582233096
728,93,871,39557,791621991
728,25,4646,26117,759473176
729,30,2546,17184,752239413
729,62,9356,28927,696499837
729,94,2508,93558,648634430
729,26,3357,7888,883104176
730,31,1509,23727,863744959
730,63,6504,93413,722232862
730,95,8748,69731,37176040
730,27,8874,64157,627229568
731,32,6788,81078,493280951
731,64,1965,58829,26596458
731,96,7853,62780,277796044
731,28,3992,36624,562085533
732,33,6654,74133,432939908
732,65,7501,21743,382373667
732,97,272,14481,991024766
732,29,9804,45670,93115763
733,34,8204,65663,87196096
733,66,1741,16062,192720249
733,98,917,45057,480131391
733,30,799,54629,131083663
734,35,4410,81717,639697245
734,67,7230,98706,918817021
734,99,6547,17974,43957343
734,31,7476,18946,62416607
735,36,9318,66626,618369482
735,68,8838,16933,157699583
735,100,286,93902,433606224
735,32,1628,2340,144117009
736,37,7236,87253,485775122
736,69,5233,32772,463078845
736,1,7431,69425,434291102
736,33,3956,1065,841468020
737,38,2639,44900,798566104
737,70,4834,7202,243043438
737,2,1213,91731,480802654
737,34,679,77196,718619370
738,39,8416,40061,145926565
738,71,3945,95590,137199054
738,3,1864,7075,558266656
738,35,6065,47603,471315287
739,40,3248,85061,666330713
739,72,9028,63369,753382120
739,4,3558,19783,219049377
739,36,6488,45644,523505384
740,41,4969,24849,67448526
740,73,9484,84464,322477264
740,5,5420,26200,76499224
740,37,6886,13793,229880563
741,42,8201,76176,407867840
741,74,2855,81029,380025041
741,6,4592,27664,746987338
741,38,5270,44625,1062725331
742,43,6812,75584,537914481
742,75,5286,20386,362851198
742,7,2076,90332,742820993
742,39,8455,41654,922442924
743,44,5539,90978,176548467
743,76,8562,10009,33252401
743,8,3928,13002,229849738
743,40,8086,59905,1033329115
744,45,4,69875,7090127
744,77,1605,73696,627119566
744,9,6545,56550,100591753
744,41,1733,822,114700817
745,46,8648,47353,476644330
745,78,4033,69470,329943088
745,10,5339,65009,998784355
745,42,6992,11197,49677828
746,47,5732,96424,932281548
746,79,3729,34206,117655922
746,11,1661,1880,686901551
746,43,8252,48238,773331226
747,48,4031,72231,548733872
747,80,626,9187,250104796
747,12,911,90979,955593458
747,44,7914,31738,339412998
748,49,2102,82753,795677262
748,81,5262,38239,608415721
748,13,5503,50341,171789163
748,45,7953,40435,43973510
749,50,1989,87889,134567205
749,82,9099,47173,732544932
749,14,2728,48173,567616698
749,46,747,70041,395888657
750,51,7824,63507,196975781
750,83,8062,40142,318297962
750,15,7180,58442,10634296
750,47,2441,53078,985926984
751,52,7720,84607,480559537
751,84,7337,28833,1039750103
751,16,1645,15065,1021047219
751,48,9385,67498,462218508
752,53,5650,85784,853731101
752,85,2495,20526,1009777448
752,17,2173,50731,416216089
752,49,4946,15282,1069009582
753,54,2888,29083,939776931
753,86,1224,24337,690329732
753,18,9499,57026,608145636
753,50,1677,14228,712993426
754,55,6813,88591,767601529
754,87,1884,58876,702574892
754,19,6323,35115,527201664
754,51,9078,85509,25009681
755,56,5119,7394,889987208
755,88,3309,16766,587413460
755,20,9659,85398,540439957
755,52,9520,38184,328529092
756,57,3692,28427,710026024
756,89,9232,86253,337039630
756,21,8738,14416,203742408
756,53,6994,49605,624015211
757,58,7815,66738,1024374910
757,90,7677,6393,235117105
757,22,1703,78269,364453813
757,54,8358,94738,446753887
758,59,4777,60778,833217423
758,91,2929,31995,936423101
758,23,1694,15201,1070582993
758,55,652,59299,460330858
759,60,6048,43712,567927476
759,92,6351,24778,163482669
759,24,1514,85368,724772069
759,56,563,32289,726809168
760,61,5893,60002,1023335188
760,93,4721,80429,956587371
760,25,8078,40537,1062969118
760,57,9874,9035,687210307
761,62,4909,35485,756618098
761,94,1517,18866,541181720
761,26,8470,23592,66807930
761,58,5826,35475,695318521
762,63,6504,44654,593217485
762,95,1683,65922,620937669
762,27,2613,81137,445625026
762,59,3635,43858,428326797
763,64,8866,85161,1056052439
763,96,9608,37945,283536137
763,28,1070,105,708254284
763,60,3364,560,150491743
764,65,8069,45411,235622297
764,97,1098,1135,923219563
764,29,1018,24898,271293042
764,61,1024,6906,49297598
765,66,7058,4003,634412933
765,98,473,74129,244373289
765,30,8059,43335,981789372
765,62,7642,84540,761300668
766,67,8004,5045,134225137
766,99,2749,9457,605342307
766,31,7322,32502,935933333
766,63,167,37438,775599460
767,68,1662,74551,698733815
767,100,1424,44295,398181147
767,32,2620,37684,784981363
767,64,1454,7816,728129089
768,69,9252,15541,29073911
768,1,2578,99977,601520003
768,33,6847,428,872397085
768,65,3977,33532,653262137
769,70,7177,51939,898633357
769,2,4513,22061,958679465
769,34,4774,68965,607386179
769,66,3461,67473,60401207
770,71,8688,63212,390361558
770,3,1428,79751,397013908
770,35,3678,34649,804209684
770,67,6439,50993,269088941
771,72,9322,22785,896817365
771,4,8479,60284,269584079
771,36,6409,26550,953841658
771,68,6686,99119,123327133
772,73,773,64027,386415508
772,5,1303,94293,834369956
772,37,1011,80194,289854520
772,69,8712,75210,244003694
773,74,606,36343,414498551
773,6,4077,54134,1070791829
773,38,2274,60285,427485806
773,70,8040,40603,775513298
774,75,5149,12072,94669224
774,7,1336,13522,880532815
774,39,3147,26243,491469172
774,71,1059,22806,1052290738
775,76,7992,10620,162339579
775,8,4036,89579,340197021
775,40,3943,77666,715729084
775,72,4802,59716,404815269
776,77,3909,64121,1073719288
776,9,4057,80288,642394902
776,41,708,60522,206384639
776,73,8298,20265,512808178
777,78,4741,59224,146709271
777,10,7388,97131,358162281
777,42,8587,19806,182470310
777,74,1859,34497,303630516
778,79,1219,95630,968141916
778,11,1563,77058,682376120
778,43,1283,15905,675523301
778,75,786,8115,477202504
779,80,4246,56825,84625973
779,12,913,26977,652643147
779,44,5037,70669,257186761
779,76,8715,35543,910381676
780,81,207,83541,100703341
780,13,7741,84140,1031110314
780,45,6152,65620,474040026
780,77,149,91474,178734525
781,82,3475,57921,745823655
781,14,7796,76434,415275367
781,46,3424,25515,1039218336
781,78,9903,77428,723026792
782,83,4291,43505,572611254
782,15,8886,43551,491285485
782,47,8819,19578,290482894
782,79,1883,6976,1051850505
783,84,9238,88044,930315850
783,16,2087,49423,224582212
783,48,8701,99604,202260559
783,80,72,28501,505616163
784,85,8779,15119,963655372
784,17,1617,81006,355466585
784,49,5295,49987,91615976
784,81,7555,93839,129298611
785,86,4685,45275,864939535
785,18,2403,25185,767271521
785,50,2780,33561,567084701
785,82,1737,41285,12664278
786,87,4352,90659,691277604
786,19,7441,36162,707700504
786,51,8028,8380,1056670314
786,83,7406,2023,351255184
787,88,2589,83913,520228771
787,20,5511,52216,128654394
787,52,9682,88514,189408097
787,84,9746,51236,947686861
788,89,9631,98872,151625610
788,21,5731,10459,1019051668
788,53,9881,88376,471555072
788,85,1853,41350,728258273
789,90,5756,80945,42745167
789,22,4353,15527,93353533
789,54,5552,50123,301807868
789,86,6422,80390,769558473
790,91,1875,75508,866062689
790,23,6758,40452,999823013
790,55,6131,84618,255821139
790,87,3362,5145,409148178
791,92,7727,90514,642191295
791,24,8601,1885,844998716
791,56,2113,34191,997905499
791,88,4293,49244,644277438
792,93,1076,84474,847675075
792,25,9272,90483,882283716
792,57,3457,88886,21097658
792,89,6779,7965,913828607
793,94,5130,21074,148235199
793,26,3749,60128,443702645
793,58,9402,90429,1007119603
793,90,4685,70189,798451933
794,95,3011,68414,228048596
794,27,4360,3574,844196839
794,59,9415,51235,373274674
794,91,7087,89455,455698397
795,96,1465,86272,875417319
795,28,4068,37377,381534286
795,60,3561,43129,510894951
795,92,2981,16147,947799217
796,97,1032,1097,947617558
796,29,9821,89548,123942124
796,61,3803,55749,379960867
796,93,7359,30961,1050737638
797,98,9400,96273,878134414
797,30,304,94706,523544867
797,62,5891,20052,824929717
797,94,2586,75866,810734677
798,99,7074,63174,525972433
798,31,9981,44987,865659973
798,63,3332,78302,759718480
798,95,2517,52188,13594375
799,100,3948,18859,585515343
799,32,5336,3161,303427725
799,64,5863,3179,186163019
799,96,8570,986,40038291
800,1,7051,11121,692378677
800,33,2455,27023,539289095
800,65,7184,52492,888114168
800,97,8994,45034,155849088
801,2,1441,70488,750795226
801,35,5236,88684,1009623645
801,68,2046,9536,489350731
801,1,8841,56676,1044326460
802,3,3035,23439,741394837
802,36,4703,52711,972115833
802,69,9514,24821,386733674
802,2,4810,2710,294758956
803,4,7980,23354,921565550
803,37,8444,18764,98039593
803,70,8800,5684,536176468
803,3,6113,46432,235427917
804,5,455,73937,1058252225
804,38,1521,14630,1051322242
804,71,5794,61984,292058010
804,4,9664,29574,886880140
805,6,4158,61405,980886814
805,39,5156,6187,1072390584
805,72,322,10462,577991697
805,5,6830,29877,838229387
806,7,2301,60227,742299522
806,40,5367,62266,688400930
806,73,268,59662,682939716
806,6,3818,59190,170949756
807,8,8960,13140,170566020
807,41,3060,86149,43846483
807,74,4641,64877,407575100
807,7,4467,94936,979860858
808,9,458,90883,423976373
808,42,5100,10794,564265365
808,75,5599,15444,844774776
808,8,8363,61865,166589518
809,10,5442,15516,229999752
809,43,7697,74534,929670211
809,76,1773,58978,636027901
809,9,1451,59134,729111665
810,11,9420,71337,435703417
810,44,7803,83565,706565542
810,77,1752,3200,289559082
810,10,6030,62189,546009046
811,12,2279,69057,189949031
811,45,1962,17584,680535114
811,78,3235,50854,612585251
811,11,9613,74131,224673347
812,13,6199,82725,731631008
812,46,3515,58789,653199647
812,79,6920,69035,776150960
812,12,8903,42924,1039577718
813,14,3390,60540,255380916
813,47,1629,31929,563011017
813,80,6555,80617,610357917
813,13,209,96801,134732049
814,15,1837,65020,418401495
814,48,5566,97068,853793027
814,81,4548,60614,989059582
814,14,2154,67750,294558604
815,16,2259,20725,120279005
815,49,8598,4396,415512019
815,82,1973,86276,952007073
815,15,1400,98589,21026801
816,17,8247,52463,178397083
816,50,962,50182,1065653408
816,83,6133,72909,117129547
816,16,1321,24315,456611262
817,18,5208,87188,478053816
817,51,7306,43249,141736339
817,84,7358,28208,211556321
817,17,2688,6354,517269565
818,19,8456,30724,864973834
818,52,8954,13691,863533550
818,85,4854,73940,987507359
818,18,1898,72655,342653898
819,20,1104,43390,1005956417
819,53,5670,3377,458936525
819,86,5167,41650,870360676
819,19,4781,31661,874456002
820,21,167,72210,1005681310
820,54,7032,62054,726603511
820,87,2432,18991,455352005
820,20,8580,24719,18931802
821,22,8207,96015,287992167
821,55,6813,43173,728034922
821,88,3092,57817,691203214
821,21,9180,29327,407415005
822,23,6760,34911,200060129
822,56,7767,49813,274887696
822,89,5932,54963,749701510
822,22,6009,11717,508502114
823,24,857,45964,820522727
823,57,6461,4490,246974085
823,90,8632,71758,188945412
823,23,8587,63207,919408541
824,25,541,5362,712315512
824,58,9732,31520,631308267
824,91,7178,19747,264862289
824,24,7908,41951,700410460
825,26,162,99642,294504801
825,59,4002,61234,380701322
825,92,4836,97823,686877388
825,25,9909,73555,459783488
826,27,857,96567,531796629
826,60,3147,38146,729692882
826,93,5311,83036,961217902
826,26,4882,1248,346622889
827,28,9107,17481,868397018
827,61,8766,27429,21313043
827,94,581,85178,220729270
827,27,9535,32532,536429839
828,29,4655,29807,807353019
828,62,7300,82564,216589271
828,95,1018,52909,634630161
828,28,7239,46799,783798724
829,30,3846,61052,840153574
829,63,1772,47402,469014188
829,96,1303,404,185295239
829,29,8760,19180,723063441
830,31,7873,10094,375779477
830,64,1820,49371,572138616
830,97,7371,29499,906555146
830,30,3028,12696,1010043777
831,32,9983,12933,989559520
831,65,8093,12022,153208183
831,98,1550,77945,768158393
831,31,7654,38658,856505379
832,33,3657,94278,316430627
832,66,7531,19532,210367876
832,99,2365,30610,219535920
832,32,7125,5155,533424417
833,34,461,50563,503526780
833,67,2550,78733,663446305
833,100,5532,9468,1011046639
833,33,7423,5369,531218853
834,35,8635,57392,3067697
834,68,9559,89153,614662435
834,1,1908,11436,539410899
834,34,4491,29194,891580645
835,36,4003,68115,359431589
835,69,9638,62913,793253331
835,2,6535,52091,915464138
835,35,96,85959,606412408
836,37,248,71816,441010390
836,70,5281,26893,1032833050
836,3,7718,69000,383870201
836,36,7883,56970,717320268
837,38,3126,68332,320358852
837,71,1424,26035,1032061843
837,4,9637,37773,642987665
837,37,8979,98928,278307893
838,39,5844,60038,379146310
838,72,3945,88976,939519767
838,5,5891,24346,289664145
838,38,9578,12070,493706953
839,40,826,93736,208357599
839,73,3113,963,1022296149
839,6,8879,33034,170406230
839,39,8733,83650,739449731
840,41,5222,28458,203072060
840,74,7819,16600,708189762
840,7,4333,96631,755967760
840,40,2737,14926,288177365
841,42,7766,44044,453029813
841,75,6221,10390,662263657
841,8,4936,23680,63070917
841,41,3292,16900,303042020
842,43,239,43346,638230995
842,76,1069,63730,447749139
842,9,7980,12776,319361618
842,42,3970,57611,82654328
843,44,1057,55815,855351884
843,77,1251,31087,807208660
843,10,381,29144,558413064
843,43,1829,41402,289341775
844,45,1928,55516,713211587
844,78,5515,8364,884123275
844,11,6591,33460,348240028
844,44,2383,51435,568766237
845,46,241,51325,134532328
845,79,8472,6324,745389706
845,12,6230,14759,476825720
845,45,8449,24615,713784012
846,47,9906,48481,719981838
846,80,405,57447,843574650
846,13,3782,98524,655233206
846,46,8082,52612,976199806
847,48,9944,60651,915913735
847,81,5087,99108,781867606
847,14,4420,79111,380957410
847,47,1073,61466,448096344
848,49,1473,2292,633965560
848,82,5322,82376,523533603
848,15,130,97192,630691751
848,48,3830,55772,942752384
849,50,9836,12457,350576938
849,83,3262,90072,260608880
849,16,8903,62715,910827878
849,49,4149,19972,326421260
850,51,7371,36251,240613377
850,84,8052,3269,253460969
850,17,2205,21921,214632116
850,50,6897,9718,1029243476
851,52,5555,25206,445060583
851,85,228,80747,72498210
851,18,5975,91436,157892144
851,51,7975,7631,100798322
852,53,544,12454,805471959
852,86,850,45642,636970543
852,19,759,86057,923509946
852,52,3434,17171,642438665
853,54,6185,11036,659948732
853,87,4585,169,942172970
853,20,8724,64405,480499511
853,53,256,73919,641260314
854,55,4415,8582,842412944
854,88,7846,11061,1004273103
854,21,9727,5670,441444196
854,54,5470,18715,891274392
855,56,247,76914,321484131
855,89,5037,2009,858337146
855,22,760,26639,808227854
855,55,1601,16085,284424798
856,57,4108,36692,441377069
856,90,360,26652,137538693
856,23,7616,18739,310168690
856,56,2905,76140,69092520
857,58,7579,70822,750285235
857,91,9068,5268,351090868
857,24,9900,51010,158254586
857,57,9270,99964,850542946
858,59,3244,78488,37477311
858,92,9839,73966,825841547
858,25,4312,1194,655839453
858,58,4333,16397,253413588
859,60,7405,76758,249896302
859,93,6111,68666,504341045
859,26,2128,33052,742657628
859,59,5980,86977,955924170
860,61,2966,4307,398325697
860,94,2825,89802,887006309
860,27,1771,29186,749025009
860,60,418,41105,93162942
861,62,3897,54698,9294222
861,95,7328,42072,216495805
861,28,8734,22945,96769931
861,61,6664,47319,44362672
862,63,7729,3300,731489502
862,96,3154,45517,1024977206
862,29,3777,92737,432975296
862,62,6866,96974,558190230
863,64,2856,84360,856998688
863,97,1978,70369,1014641972
863,30,4406,84333,142383164
863,63,5619,13683,372250067
864,65,6309,18005,200941769
864,98,9226,40416,117914962
864,31,7303,71443,204261610
864,64,1238,64078,254459946
865,66,1248,44731,589965135
865,99,7153,68498,787599946
865,32,9385,7211,517678225
865,65,7463,37861,35710636
866,67,2209,90537,162707232
866,100,627,86672,354981615
866,33,4388,62740,605343565
866,66,8394,47691,368196529
867,68,9167,55121,876188619
867,1,995,58735,746027656
867,34,4023,69643,363771786
867,67,773,83346,332759852
868,69,4076,8176,149127580
868,2,3534,76024,1035541699
868,35,2122,35273,425218737
868,68,5761,45077,1015721064
869,70,8181,91787,44300513
869,3,7324,21609,629389626
869,36,5477,76232,991590723
869,69,130,29572,979934923
870,71,9259,28976,302926972
870,4,5492,13741,618158834
870,37,2010,10706,215468148
870,70,2020,40849,265447462
871,72,6748,48291,538927332
871,5,2497,63351,165249103
871,38,5725,28033,827153310
871,71,1391,64112,944682005
872,73,5572,27493,950236957
872,6,8098,66974,283425489
872,39,8629,74950,284683374
872,72,6277,59741,522533876
873,74,8493,12897,409785771
873,7,5291,12592,222211138
873,40,394,67224,225398260
873,73,5564,71393,956973122
874,75,31,22095,1021829358
874,8,6879,44027,171748588
874,41,3027,27573,68765916
874,74,1195,10949,187089826
875,76,5325,23060,428067065
875,9,9852,87705,448708309
875,42,6282,45839,629404136
875,75,9349,97661,249830189
876,77,2213,38059,561269228
876,10,2355,22395,753933513
876,43,6600,98832,496482196
876,76,3579,49084,92216520
877,78,5315,674,129175387
877,11,2095,60440,470624428
877,44,4539,40322,665747565
877,77,129,97840,31830702
878,79,2294,58015,1041530163
878,12,6560,58591,219385258
878,45,3237,60196,427734517
878,78,5677,46927,785394086
879,80,8603,6826,344591734
879,13,583,57692,176214960
879,46,1936,35770,439374106
879,79,1669,16062,146109668
880,81,31,52804,981325518
880,14,1492,82242,217996160
880,47,8990,35516,86038430
880,80,272,29325,264388647
881,82,3507,83688,532960525
881,15,9524,63663,244978618
881,48,5726,78420,147294682
881,81,6188,36075,773421421
882,83,5684,40834,1052216822
882,16,8673,95968,646538017
882,49,745,61137,334018870
882,82,9924,70476,336235580
883,84,5055,89869,952764871
883,17,7098,55059,898472279
883,50,6826,14718,929079518
883,83,9812,34127,104199767
884,85,3166,66566,311388691
884,18,882,4631,570118222
884,51,4190,28299,233434160
884,84,1514,22951,526678842
885,86,7749,52133,674879273
885,19,4112,2052,26330933
885,52,1939,43160,366543734
885,85,9596,39871,934193064
886,87,4069,1955,184641089
886,20,2513,26695,179327506
886,53,7566,43645,428421996
886,86,6239,87369,187252949
887,88,8389,98292,901377029
887,21,6367,53395,364870170
887,54,1181,22108,547965171
887,87,6844,66861,847343319
888,89,6664,66053,963090216
888,22,9155,72437,207553263
888,55,8547,85505,699372531
888,88,7959,34843,642666587
889,90,5025,8706,303495504
889,23,341,93112,161289434
889,56,1669,10899,465239903
889,89,9227,87487,753424735
890,91,2292,79064,51138377
890,24,1665,70719,63850327
890,57,5700,81788,546631849
890,90,8226,98632,409332534
891,92,5260,81129,1019650646
891,25,1302,17977,567710197
891,58,8611,71008,666720010
891,91,3838,37325,125997681
892,93,5917,66043,194027241
892,26,2607,7620,448192201
892,59,3775,39507,489049039
892,92,9558,70803,460684845
893,94,1729,88702,1042566673
893,27,4336,25958,431598827
893,60,9057,32012,271532082
893,93,6796,84447,81550554
894,95,1433,32460,577296089
894,28,4915,29589,369029057
894,61,6842,26195,808564551
894,94,4562,45368,1058610754
895,96,5570,80595,933492169
895,29,2385,21737,630301552
895,62,3334,30024,589671659
895,95,9654,45013,109080245
896,97,5966,13212,1031392285
896,30,6567,2207,549822284
896,63,6849,59488,327630874
896,96,7655,38296,761271697
897,98,9271,3317,285518743
897,31,7779,23690,278307063
897,64,3436,85196,133084597
897,97,2110,36866,865879679
898,99,1670,47680,1046730340
898,32,3350,77809,1040590324
898,65,7539,59527,222102976
898,98,7940,93377,909758283
899,100,446,73647,585629226
899,33,785,38470,334386954
899,66,3747,37407,193797590
899,99,8453,42983,363915507
900,1,1133,58405,127189219
900,34,6876,26230,761588776
900,67,1586,10387,302697525
900,100,2030,80367,255974916
901,2,7364,94314,448410621
901,36,4471,37176,1031329342
901,70,7122,58591,185841502
901,4,9510,54936,196816830
902,3,8617,48302,279672954
902,37,9735,35536,97091515
902,71,8166,77864,79717903
902,5,7960,89919,561903479
903,4,2639,337,134048406
903,38,6434,1237,102418017
903,72,1483,42100,216674391
903,6,9074,4924,563570389
904,5,263,67907,975187422
904,39,7551,63510,713702391
904,73,3690,391,31965583
904,7,3396,5008,136313668
905,6,3562,75920,70412927
905,40,7593,71815,883236779
905,74,2827,13760,201508818
905,8,5818,11880,543545943
906,7,9257,91116,785083754
906,41,3730,27881,837216901
906,75,2997,83573,1068647495
906,9,6048,30139,13061960
907,8,4812,73407,527403832
907,42,5923,3143,633407426
907,76,8332,6955,445346432
907,10,6931,27216,371838256
908,9,1371,5287,49820119
908,43,1944,78129,860903768
908,77,9020,45331,338296488
908,11,2951,58778,775150108
909,10,4672,78800,663494248
909,44,460,38065,89065
909,78,3978,19861,685690725
909,12,8468,65249,820233848
910,11,658,53278,663281616
910,45,4353,62435,848691990
910,79,939,17443,182749843
910,13,8620,82820,850127111
911,12,4794,53899,221260606
911,46,7298,96070,832382018
911,80,8509,72579,957606654
911,14,4212,77751,361427784
912,13,6655,74970,531626969
912,47,4031,2794,644620767
912,81,4657,35363,116694379
912,15,6025,69144,738884402
913,14,216,84428,768628119
913,48,2785,15288,1032337508
913,82,3666,39794,804759913
913,16,1380,2601,611803424
914,15,636,81056,601242754
914,49,5204,83440,194372700
914,83,4678,99965,533494291
914,17,3039,96344,294421647
915,16,2667,79960,834976297
915,50,9197,52578,142466684
915,84,8311,81503,133360514
915,18,5274,10640,784193994
916,17,530,27695,86379005
916,51,6289,73507,323845606
916,85,6385,78226,760658696
916,19,6981,81363,1003904226
917,18,6787,41486,171121402
917,52,6086,71189,164955263
917,86,9519,84172,437647824
917,20,8797,13396,416044738
918,19,6815,97802,716373651
918,53,726,18632,889815387
918,87,1789,76591,803683731
918,21,513,74193,275755817
919,20,2792,26654,772581788
919,54,471,37455,1016651610
919,88,3153,51321,521988280
919,22,9598,38874,833177976
920,21,5338,21937,832349455
920,55,3330,89185,1030433607
920,89,2847,44519,178923854
920,23,8630,93875,400203507
921,22,5299,40358,505735120
921,56,7142,931,1062227782
921,90,1359,84184,824220084
921,24,5780,4103,243937261
922,23,352,47598,953790658
922,57,3764,97834,645666748
922,91,7407,45736,250924922
922,25,3355,80694,292780268
923,24,731,86129,904851061
923,58,8368,26583,55776597
923,92,147,68995,302612908
923,26,2193,75062,521473771
924,25,5695,49013,152510227
924,59,8689,893,664138516
924,93,9254,43841,803253438
924,27,7029,95496,499017825
925,26,2023,24419,867205542
925,60,5525,47084,807704786
925,94,2332,59119,750011476
925,28,2592,29969,396025025
926,27,7265,21629,635099638
926,61,2768,3672,1018031642
926,95,6621,23718,1056062840
926,29,1224,43984,848867888
927,28,8919,90034,640085103
927,62,3189,31458,407137154
927,96,8490,84610,432627261
927,30,2356,77514,754180303
928,29,5625,95561,163420395
928,63,2735,17404,879951355
928,97,8960,33287,898164644
928,31,8459,35884,657996224
929,30,4399,34434,548249891
929,64,4584,24463,153735408
929,98,4462,76537,887517759
929,32,9166,59584,586656571
930,31,5248,41950,568021930
930,65,8678,74803,1020136794
930,99,5308,78817,355051878
930,33,5424,15357,968332083
931,32,525,87937,192636367
931,66,4049,48378,663423929
931,100,1523,26718,677391850
931,34,5583,27051,677661491
932,33,6162,15913,898899550
932,67,4023,60687,215474693
932,1,115,1594,609666369
932,35,8324,37475,584472358
933,34,4906,98594,694009123
933,68,2578,35992,813151797
933,2,6675,50458,303139241
933,36,4662,10682,955248081
934,35,3224,42260,388227747
934,69,6897,86549,652837369
934,3,5267,90991,1021081168
934,37,8321,27195,651982616
935,36,2143,68028,656469039
935,70,5064,98814,307058854
935,4,9381,41149,354136370
935,38,962,9622,835906836
936,37,9045,8999,165693832
936,71,4424,25327,624101166
936,5,1285,11988,4505058
936,39,8539,14746,231036116
937,38,2013,3540,761323666
937,72,539,6008,626943096
937,6,6581,7145,68619110
937,40,5247,32362,718815460
938,39,1805,78130,616642234
938,73,7206,63634,685740871
938,7,5237,88710,706621923
938,41,1667,50887,1014063440
939,40,7230,38024,359736788
939,74,1138,27956,37369387
939,8,6449,48721,87915004
939,42,256,84694,1069779947
940,41,7386,84715,416721560
940,75,3537,50297,696228579
940,9,176,98873,1071785585
940,43,2820,32283,1012752269
941,42,4672,49843,382248505
941,76,8513,62465,733599009
941,10,308,11127,751571265
941,44,9013,28704,405664533
942,43,5402,30919,1069044996
942,77,7823,96012,776908138
942,11,6510,90577,591548310
942,45,8942,60490,1029473123
943,44,6953,92890,441691682
943,78,3679,74426,867141418
943,12,5540,37486,139793869
943,46,9354,75383,395691427
944,45,1685,35322,778068651
944,79,2302,76678,487734640
944,13,396,36671,234573113
944,47,9651,69780,467186933
945,46,7605,76845,930979831
945,80,5635,36043,196030977
945,14,5330,97735,747593712
945,48,7587,88700,181844670
946,47,3303,79112,973595810
946,81,797,80682,754769144
946,15,4402,95775,104388617
946,49,7673,9210,221003916
947,48,9732,67516,440295654
947,82,314,91053,402463103
947,16,3832,70287,545530363
947,50,9905,16403,97680710
948,49,2759,76402,363131297
948,83,2108,94605,999165554
948,17,2543,24462,120457283
948,51,4425,74604,527143364
949,50,1436,43458,186109278
949,84,8090,56300,1037601732
949,18,1929,96468,555900431
949,52,9139,78756,1062125876
950,51,9680,88574,945100610
950,85,4792,58537,100536155
950,19,871,33036,535195284
950,53,7713,4669,77386774
951,52,7244,70923,409179945
951,86,895,14202,681006287
951,20,6874,60959,230397517
951,54,8830,86876,307958324
952,53,1094,91196,773805013
952,87,5489,82893,585064565
952,21,8800,94047,272553887
952,55,9704,42338,845722593
953,54,5475,7694,293984656
953,88,3879,61891,899699558
953,22,1788,63171,1033018159
953,56,1901,88461,889877948
954,55,670,56952,782054839
954,89,790,72997,774768018
954,23,4793,94917,790508454
954,57,7797,68667,305378746
955,56,1635,52786,973586974
955,90,9350,75213,1021719384
955,24,5395,76508,734262118
955,58,4605,76883,305552979
956,57,8204,80366,452438145
956,91,3862,72164,493567320
956,25,8449,90569,37767017
956,59,6948,28744,606123975
957,58,6490,99068,1048559930
957,92,9857,18747,380818569
957,26,9159,24173,752520558
957,60,3274,543,722592687
958,59,4136,66200,140055161
958,93,614,53566,440039869
958,27,6632,16247,538509877
958,61,3846,80676,311750778
959,60,2714,98250,427545421
959,94,8674,43106,468227126
959,28,4053,20763,1038620929
959,62,8316,43536,638211376
960,61,4313,64301,541387043
960,95,9336,9780,810938249
960,29,6882,62862,392840137
960,63,9481,97138,353693152
961,62,7983,47786,238122293
961,96,3420,53388,1004134783
961,30,9194,814,212601339
961,64,7507,12813,170122545
962,63,6407,3576,889897316
962,97,1025,82597,185052696
962,31,4372,13906,1049968492
962,65,2536,70356,326835890
963,64,1234,74749,910474393
963,98,6190,79036,929711673
963,32,8988,5247,353382436
963,66,109,6456,801001057
964,65,517,51738,109239418
964,99,9244,49498,688819522
964,33,4153,71065,1001291163
964,67,1935,99803,569528639
965,66,5311,77674,426675483
965,100,6053,88181,880301149
965,34,6368,51539,1046071339
965,68,215,8539,19559982
966,67,6745,78370,600197612
966,1,8807,92697,332797785
966,35,6276,31173,353867579
966,69,8468,75661,840540559
967,68,6700,20727,394972728
967,2,7532,22900,691910002
967,36,9331,83608,827383466
967,70,528,14228,371135323
968,69,2351,93824,40684703
968,3,9343,97080,173553286
968,37,2282,61730,24331781
968,71,3422,60067,1070857792
969,70,7599,88425,862229744
969,4,3956,66100,994371762
969,38,2172,72373,972320591
969,72,3914,2375,873738157
970,71,5827,81460,7514863
970,5,2780,76218,337003890
970,39,2929,92279,31661734
970,73,9665,94938,618867748
971,72,796,31879,333840301
971,6,2924,45468,745862521
971,40,5891,60159,613913887
971,74,6935,23148,779390260
972,73,7583,61060,171086603
972,7,47,84340,359404094
972,41,5831,35276,873652601
972,75,7278,96771,950646476
973,74,88,67052,435107050
973,8,5830,81698,499253693
973,42,8017,87433,301188420
973,76,9014,73395,475756034
974,75,3352,99463,314977321
974,9,7109,53886,608261511
974,43,2205,92587,473031784
974,77,3847,76930,269816148
975,76,7957,63827,938642854
975,10,2193,25724,702794727
975,44,1427,1346,199252054
975,78,2006,74584,338184603
976,77,4405,4482,603079079
976,11,1765,33953,898291890
976,45,4740,40782,706982766
976,79,713,31039,768579537
977,78,8,10228,991269944
977,12,6079,3517,446336898
977,46,8521,1426,605942434
977,80,4386,21711,56774496
978,79,993,88494,795732015
978,13,6432,22021,191308902
978,47,529,1528,784966695
978,81,9008,27945,241148965
979,80,5466,65324,84890471
979,14,9793,22841,770226570
979,48,9982,96400,816607395
979,82,7397,19086,382865798
980,81,9599,29802,549343975
980,15,2721,99522,125663400
980,49,2181,47443,889812601
980,83,4487,83263,404209586
981,82,7640,17036,245136872
981,16,4695,39448,221319709
981,50,4547,93679,854642254
981,84,5099,51042,397733906
982,83,373,41601,506328722
982,17,3705,1427,828234141
982,51,9951,33378,940946208
982,85,6346,69201,251092241
983,84,1147,36269,716636059
983,18,3216,99158,1057038233
983,52,1297,23221,1027626322
983,86,5765,96192,146320975
984,85,9836,22817,877662090
984,19,4919,98328,1037429802
984,53,5976,65138,1011385440
984,87,6244,78493,500247922
985,86,297,61360,212839496
985,20,7497,20580,8671171
985,54,3381,49786,175484654
985,88,7,5551,717440101
986,87,5525,14925,583204381
986,21,1621,12388,528790367
986,55,5236,40164,969414297
986,89,6045,28847,654216713
987,88,2543,34229,368138610
987,22,2691,75323,990453691
987,56,2440,41799,1017616533
987,90,5539,38508,985736847
988,89,6092,70133,1056595548
988,23,602,20562,368814674
988,57,9046,46475,760032631
988,91,23,5956,143674597
989,90,265,28407,837019662
989,24,3027,43035,907224285
989,58,4452,32778,948414310
989,92,8943,77948,659252566
990,91,8087,1342,81173631
990,25,6261,1748,258476851
990,59,3737,37876,347269877
990,93,7925,41446,923319725
991,92,1066,93696,704865869
991,26,703,31285,838185619
991,60,5761,52095,977090063
991,94,651,49940,752554879
992,93,5880,1383,298837800
992,27,1364,204,626317265
992,61,1935,69902,60462958
992,95,6691,31708,988850190
993,94,6688,74358,196762891
993,28,35,4094,1083826
993,62,6925,1977,850135113
993,96,6231,90221,368557978
994,95,8828,68336,241016344
994,29,4006,92696,721346228
994,63,6627,15822,482496843
994,97,1000,14428,746264671
995,96,8665,65192,146458603
995,30,1429,9244,267468460
995,64,5187,48449,638687420
995,98,8018,9766,281209144
996,97,7172,26492,925035266
996,31,1845,14177,632046302
996,65,1943,31198,30066574
996,99,4928,84012,132863545
997,98,1763,20514,269575601
997,32,9023,44017,1067437218
997,66,3548,55029,926766460
997,100,2003,23472,326938304
998,99,5751,14951,823444029
998,33,6629,62872,484173644
998,67,55,57613,165592508
998,1,7711,80334,168155104
999,100,2622,33588,159889941
999,34,6658,7456,643969585
999,68,5162,68189,554597795
999,2,1550,13613,663649769
1000,1,6044,64316,1013125908
1000,35,8219,65345,991263940
1000,69,3768,71168,287044880
1000,3,1547,24880,61860722
1001,2,7621,3247,5902902
1001,37,8139,77212,21598953
1001,72,2967,14368,1007020162
1001,7,8142,55799,120619993
1002,3,2791,75568,238775677
1002,38,1379,54254,178818256
1002,73,2282,92379,881448058
1002,8,676,85095,501992339
1003,4,4413,40678,176305022
1003,39,4268,70600,431920268
1003,74,8907,78705,436463335
1003,9,9251,38272,587297214
1004,5,2101,1682,373783681
1004,40,2472,28013,104991625
1004,75,5356,4670,143905211
1004,10,592,91747,337418351
1005,6,324,38769,568418961
1005,41,2870,64610,962046634
1005,76,6715,9848,580255861
1005,11,9646,10260,949847457
1006,7,4501,36940,558285623
1006,42,7686,87979,952583139
1006,77,7548,62717,128218931
1006,12,7401,77742,962520861
1007,8,8409,29513,945670949
1007,43,6107,44272,370701374
1007,78,9733,50122,675129294
1007,13,2312,66949,252187780
1008,9,469,48922,812471883
1008,44,5757,79305,407934642
1008,79,5517,19241,697178620
1008,14,1577,24968,515221051
1009,10,2303,77789,575254066
1009,45,7115,27460,390647425
1009,80,8567,97794,579937800
1009,15,7031,70771,252347744
1010,11,1567,53947,1027277833
1010,46,4669,12140,485055062
1010,81,1339,60229,1042633012
1010,16,2835,95352,985276360
1011,12,2337,88092,346409649
1011,47,8142,54237,968997832
1011,82,4719,82834,416557159
1011,17,9880,97256,61900974
1012,13,8732,34496,961510109
1012,48,1862,73659,460682070
1012,83,4922,42753,1002169068
1012,18,712,89316,135483041
1013,14,9442,55333,96266202
1013,49,2126,27639,49849160
1013,84,9752,29764,106800037
1013,19,6953,70593,981262912
1014,15,489,57779,896322964
1014,50,517,92701,409985099
1014,85,4214,3713,598489363
1014,20,6924,86411,5896104
1015,16,9057,79539,420793298
1015,51,3353,62198,417299975
1015,86,4584,25397,116089180
1015,21,8161,92907,536366752
1016,17,1817,66925,246230411
1016,52,9659,46618,45688411
1016,87,4250,10911,688465628
1016,22,3071,83195,207580577
1017,18,8673,73538,906735330
1017,53,6633,10784,479534102
1017,88,6246,49424,185952589
1017,23,7762,16422,849670994
1018,19,7527,8926,689736483
1018,54,2255,1553,1032755013
1018,89,1366,58471,961100976
1018,24,4195,19478,318821126
1019,20,9178,16240,709787380
1019,55,4083,45483,52076346
1019,90,672,9511,350258256
1019,25,2143,40988,972502293
1020,21,3287,88527,895343368
1020,56,8465,71520,443405864
1020,91,550,56113,325057132
1020,26,4188,44640,1044161365
1021,22,8312,30997,65180393
1021,57,7843,6350,553504065
1021,92,5178,63099,607383526
1021,27,8624,74371,564822515
1022,23,9118,13075,552659197
1022,58,7171,94903,58905606
1022,93,5760,45865,627302102
1022,28,7540,40432,55607258
1023,24,3286,36123,651457037
1023,59,4257,48630,858813768
1023,94,1065,60883,163657839
1023,29,7613,93359,1073021189
1024,25,9824,64903,221400983
1024,60,8268,33272,1060212928
1024,95,396,80722,309363382
1024,30,8182,57669,58493896
1025,26,6647,31087,609023031
1025,61,961,20647,1057275162
1025,96,2114,86089,612330512
1025,31,1849,63644,42989864
1026,27,2474,47362,414948610
1026,62,52,22038,885436213
1026,97,4706,86557,276853598
1026,32,6945,23264,354492720
1027,28,8529,16140,739733936
1027,63,3138,55385,139566276
1027,98,4185,400,884990252
1027,33,9400,58414,665567398
1028,29,3228,55736,895080165
1028,64,6824,5478,417675006
1028,99,2520,79616,611048001
1028,34,2974,58548,219142754
1029,30,6409,21015,1073209674
1029,65,7138,73965,115536772
1029,100,4972,95044,145020253
1029,35,2847,6159,1071328633
1030,31,5575,38276,1530403
1030,66,7986,73459,769109209
1030,1,8636,71173,704137503
1030,36,3726,12641,1041456023
1031,32,7443,91688,522155560
1031,67,8165,48552,529982096
1031,2,9745,53744,1004660476
1031,37,1591,88756,482774512
1032,33,607,24120,1068643552
1032,68,9165,13828,274277313
1032,3,6606,55735,262160481
1032,38,4653,88465,158429618
1033,34,5911,23974,385041670
1033,69,3948,57555,736198157
1033,4,8940,23182,149933600
1033,39,9315,38636,899544597
1034,35,4858,20709,1005552009
1034,70,3162,34512,23206236
1034,5,7071,50222,507039642
1034,40,6128,51566,366812399
1035,36,7121,50052,171075793
1035,71,8766,82527,947477993
1035,6,2971,38303,419464186
1035,41,8053,21246,887247940
1036,37,4338,63887,1047979437
1036,72,9708,35254,1016000750
1036,7,75,23692,922799950
1036,42,6560,16362,552716110
1037,38,7705,2301,611016814
1037,73,1123,45430,1016127521
1037,8,4130,24161,1044548832
1037,43,635,10194,379000906
1038,39,1373,27769,330526645
1038,74,2985,5497,614679613
1038,9,1566,7454,89001531
1038,44,9667,21691,297251924
1039,40,3652,45203,349704358
1039,75,1222,3965,77811636
1039,10,5523,27183,553599290
1039,45,5884,51150,285671157
1040,41,320,52676,880363923
1040,76,6172,24191,14904098
1040,11,1209,930,246610466
1040,46,6890,70658,326548034
1041,42,3620,43690,467266389
1041,77,5434,50388,38586556
1041,12,7723,33170,459619692
1041,47,2680,58403,569712419
1042,43,2968,81301,531884607
1042,78,3296,98930,508655244
1042,13,7049,90561,937312815
1042,48,1512,86196,1049061106
1043,44,8561,56371,432929003
1043,79,7307,90378,547003650
1043,14,7862,10559,756644395
1043,49,8761,73763,606962151
1044,45,9251,85755,340166573
1044,80,5402,35779,880227618
1044,15,9057,65732,694263424
1044,50,2349,70673,94190399
1045,46,2977,12125,306510625
1045,81,7527,12562,227669872
1045,16,6423,66540,711861039
1045,51,1546,72933,120505451
1046,47,5150,27208,783820456
1046,82,2104,60471,487833012
1046,17,9190,76279,927268097
1046,52,230,15958,443398627
1047,48,2810,90716,1059812335
1047,83,4521,96300,986617319
1047,18,9660,37580,827283570
1047,53,1455,54379,69485855
1048,49,5744,76116,633321115
1048,84,1414,79352,312452591
1048,19,3083,21857,1014191831
1048,54,1741,32901,626544730
1049,50,7637,45988,540498920
1049,85,412,20311,151884236
1049,20,8448,29636,163613249
1049,55,6584,14159,640976401
1050,51,3058,25207,732368374
1050,86,146,93255,875949544
1050,21,9035,12514,990372163
1050,56,4888,49424,722704778
1051,52,5470,15066,153089921
1051,87,3345,13422,848442449
1051,22,1371,55098,616066096
1051,57,5355,74387,926569703
1052,53,7880,90845,29446861
1052,88,9278,70559,89678798
1052,23,3818,92604,70887427
1052,58,6344,62204,928442169
1053,54,9755,18942,625276759
1053,89,5370,6329,598973753
1053,24,8761,10670,367829876
1053,59,9052,41270,1015653443
1054,55,7765,38352,103535594
1054,90,8901,39642,578085313
1054,25,9703,41414,1023354404
1054,60,4050,66052,1068136678
1055,56,5016,64192,795328001
1055,91,9138,78914,1039309272
1055,26,4439,49016,188399322
1055,61,7057,62089,399495415
1056,57,4170,90063,41233975
1056,92,9062,18430,897302401
1056,27,1084,78948,727175753
1056,62,4742,16282,42406804
1057,58,4661,52677,60264701
1057,93,9062,48163,128746747
1057,28,586,95694,89139851
1057,63,4992,56589,346285183
1058,59,5494,64973,867698820
1058,94,5154,14772,279062049
1058,29,606,62005,174161486
1058,64,2620,97158,69962117
1059,60,2046,80523,267228409
1059,95,8992,21787,779901616
1059,30,6975,59011,575046534
1059,65,8110,3647,509913968
1060,61,9808,86937,1043684102
1060,96,8528,30189,327226281
1060,31,2651,8652,285389012
1060,66,8287,87123,897742203
1061,62,8044,46586,886550055
1061,97,3706,79747,394108098
1061,32,7415,68368,94817254
1061,67,8451,23106,141149594
1062,63,1307,50387,991864247
1062,98,534,24548,60090303
1062,33,2783,11730,262588359
1062,68,9103,75318,975735710
1063,64,4723,45483,772967325
1063,99,6860,8210,354386102
1063,34,1184,39947,518153679
1063,69,626,80249,756110109
1064,65,2997,6338,1031878324
1064,100,7996,50373,289075599
1064,35,1145,87892,686503085
1064,70,3868,98002,779141810
1065,66,9282,75307,66804512
1065,1,9334,60250,776523342
1065,36,1261,48030,944235937
1065,71,3701,59933,418990933
1066,67,2392,12159,643766461
1066,2,3791,90091,823357066
1066,37,6468,84132,882236748
1066,72,3302,34762,1067975199
1067,68,2683,53542,530497879
1067,3,7291,14556,862613352
1067,38,7384,11692,565286635
1067,73,3627,26236,813444659
1068,69,9801,4068,655382988
1068,4,1260,69318,905738736
1068,39,1258,10060,605618634
1068,74,8624,66441,284013639
1069,70,8884,2988,335447991
1069,5,7345,99289,56807103
1069,40,8722,30036,159773145
1069,75,9766,35219,45045396
1070,71,6822,44509,488539628
1070,6,9272,22727,728921798
1070,41,9134,74979,414016662
1070,76,7444,47690,324547045
1071,72,6791,49417,628523639
1071,7,4420,1975,443703885
1071,42,2034,55575,380968755
1071,77,9574,98060,446376171
1072,73,3880,54429,100661559
1072,8,712,45328,688427557
1072,43,8957,16244,621583142
1072,78,6783,13297,210784985
1073,74,2223,45105,881115537
1073,9,646,63101,665792138
1073,44,8919,11531,548595758
1073,79,5047,15341,453817315
1074,75,7447,39746,631227382
1074,10,7311,93308,701163421
1074,45,2681,10444,96678351
1074,80,2393,24574,454682956
1075,76,7455,44819,891731255
1075,11,4347,47540,573300844
1075,46,1966,26319,960046130
1075,81,6189,2761,1004383927
1076,77,9628,71432,365715854
1076,12,1659,66281,397794345
1076,47,7411,16547,322181457
1076,82,9345,6372,874809255
1077,78,4476,34130,925092074
1077,13,3544,18043,601156349
1077,48,3397,78824,954439839
1077,83,2347,37544,739056740
1078,79,4814,50536,967064600
1078,14,7132,25507,614942202
1078,49,6831,48507,51059062
1078,84,4499,87403,624823496
1079,80,8848,63561,117047435
1079,15,9167,62366,379944713
1079,50,1327,74076,500580832
1079,85,4649,50839,565408150
1080,81,658,28233,563948853
1080,16,7909,20947,640494547
1080,51,6226,37121,429114212
1080,86,5043,34538,825068516
1081,82,8100,85722,818860272
1081,17,8102,89976,709512085
1081,52,5527,59541,570640394
1081,87,9721,24831,621905975
1082,83,1443,75198,157897282
1082,18,6543,34265,431926999
1082,53,6875,82647,321353526
1082,88,6139,53070,379350140
1083,84,6119,64847,263917367
1083,19,9551,95535,1035130170
1083,54,5673,77788,238920070
1083,89,1744,10745,452690413
1084,85,9043,96312,708744896
1084,20,6341,37746,55353695
1084,55,8629,51697,834010248
1084,90,3453,62290,428059622
1085,86,9437,69271,886557783
1085,21,2480,23442,532567078
1085,56,460,11176,567304792
1085,91,5827,54379,94157277
1086,87,278,96348,556681716
1086,22,3499,46565,138374296
1086,57,4452,26183,285301238
1086,92,8448,35980,327664197
1087,88,3282,34503,616259967
1087,23,4412,99023,555860633
1087,58,4737,62253,295908308
1087,93,6404,44470,865197464
1088,89,2418,72539,839959662
1088,24,2932,4680,598272064
1088,59,4598,62440,506068893
1088,94,584,91187,920866249
1089,90,4013,20991,1050521018
1089,25,7407,72158,559875559
1089,60,4192,92388,1016918284
1089,95,5543,26655,328721517
1090,91,4797,57025,645122628
1090,26,6913,90366,335015434
1090,61,8371,19015,461860827
1090,96,1484,23216,106204984
1091,92,5407,5663,622082757
1091,27,5950,99308,460677142
1091,62,9849,46596,556067092
1091,97,3959,38746,1017955665
1092,93,2722,79756,817435189
1092,28,1971,20565,124453197
1092,63,1239,9797,27045083
1092,98,1295,46778,549010074
1093,94,5143,4188,111174057
1093,29,5087,79695,785354439
1093,64,3536,95152,650712121
1093,99,1471,25772,409301732
1094,95,1152,13505,314589577
1094,30,584,37586,246423999
1094,65,733,64447,862680928
1094,100,7289,55127,361922386
1095,96,4889,68220,162957889
1095,31,6100,35948,831678532
1095,66,1392,4124,136829538
1095,1,6739,6983,507139805
1096,97,1032,2855,901635280
1096,32,5703,61847,451733668
1096,67,8697,18103,486696128
1096,2,7463,80733,37650238
1097,98,6459,50018,82287019
1097,33,6169,3795,202719744
1097,68,8526,76990,271304978
1097,3,2108,71746,965521849
1098,99,4398,51283,1036920310
1098,34,3350,88284,65688145
1098,69,3014,90458,727474661
1098,4,8623,65859,739002619
1099,100,6368,11746,776293160
1099,35,6552,28738,606183946
1099,70,4430,2494,191632715
1099,5,405,77084,32178081
1100,1,8841,62754,339823333
1100,36,2746,99880,794256170
1100,71,9421,78548,362351755
1100,6,9710,91556,16982340
1101,2,7067,25844,16158602
1101,38,6223,11649,1032411736
1101,74,7381,96976,488876410
1101,10,2702,9957,480979170
1102,3,5031,41432,277736849
1102,39,5021,64429,942753835
1102,75,7160,63444,683662540
1102,11,2842,78460,1044016656
1103,4,1887,10144,663473205
1103,40,2579,93324,512416426
1103,76,2922,77679,499589353
1103,12,6587,66149,991797798
1104,5,9424,88950,559534902
1104,41,7879,84110,302917306
1104,77,7430,58513,931692759
1104,13,76,34779,691180516
1105,6,3003,33292,998471100
1105,42,3907,11875,315598189
1105,78,4377,6002,664442373
1105,14,8638,7539,183324113
1106,7,8678,64054,636646848
1106,43,1259,64769,728725248
1106,79,8865,69265,256790644
1106,15,7475,13431,618998139
1107,8,4090,79191,1061591687
1107,44,5764,5930,169584988
1107,80,9010,84535,173875543
1107,16,6066,11330,432220915
1108,9,2022,41719,89093754
1108,45,6344,92118,599307893
1108,81,2722,90032,360291277
1108,17,6876,86022,739912379
1109,10,5622,36486,391438196
1109,46,2866,48961,224577513
1109,82,1221,21115,615815250
1109,18,2244,59983,883667131
1110,11,9142,54632,2542570
1110,47,6989,38266,519240632
1110,83,1561,1632,658890561
1110,19,8398,88331,440844670
1111,12,7891,72845,296886753
1111,48,668,46100,436110282
1111,84,1726,2272,123521804
1111,20,1547,56069,467438702
1112,13,2508,5592,524141029
1112,49,5818,7381,411462904
1112,85,3566,15497,87266783
1112,21,6598,54439,120946826
1113,14,1283,87186,504225105
1113,50,7532,14729,635826981
1113,86,8504,17830,172046058
1113,22,5145,84743,460006794
1114,15,6864,12656,377689472
1114,51,8746,38615,385318786
1114,87,836,76514,164847018
1114,23,9729,68013,394845307
1115,16,750,48557,853805684
1115,52,6858,33847,42834895
1115,88,9404,62353,1041096216
1115,24,2752,31133,127985376
1116,17,5142,97085,19318205
1116,53,3722,49774,1022233041
1116,89,5105,10312,363829582
1116,25,2282,12725,1016639172
1117,18,5089,8706,483585505
1117,54,5941,91517,268154654
1117,90,4997,77125,134688914
1117,26,2544,44044,7224593
1118,19,6041,14501,383347478
1118,55,8806,86187,188990128
1118,91,9990,14181,13845301
1118,27,3593,1627,266301602
1119,20,2249,92716,422462319
1119,56,4953,41487,498443953
1119,92,2022,93635,384050907
1119,28,5219,2935,869590773
1120,21,4386,5163,716016794
1120,57,9022,90608,391689874
1120,93,3633,86749,407080896
1120,29,4894,64635,374011427
1121,22,5116,29920,494375418
1121,58,9262,11498,582727621
1121,94,6525,61553,140014678
1121,30,735,67671,834500804
1122,23,4303,96580,646745984
1122,59,7865,62417,1058353302
1122,95,7906,24565,301927798
1122,31,48,94085,32226642
1123,24,8162,71559,82629425
1123,60,6901,3710,1041942949
1123,96,4277,36547,599064610
1123,32,392,84137,724917439
1124,25,749,13743,40244777
1124,61,8918,38303,266139724
1124,97,6379,16650,905123365
1124,33,9568,32852,959862412
1125,26,4829,14905,979950860
1125,62,6626,83221,413567207
1125,98,9995,2517,380503758
1125,34,9434,76123,536160695
1126,27,2117,87858,739012576
1126,63,3477,19599,674107453
1126,99,8023,51796,141954501
1126,35,2092,21822,118175907
1127,28,999,44587,944984886
1127,64,9898,42534,923459941
1127,100,5873,97089,389359855
1127,36,2041,20284,351043159
1128,29,5248,73800,923331854
1128,65,6604,16450,56719572
1128,1,6701,82396,1055835273
1128,37,2869,26938,463517710
1129,30,2620,14140,1058835799
1129,66,2721,4375,467711172
1129,2,4428,30693,657349167
1129,38,7971,89966,883281559
1130,31,4409,90979,579482755
1130,67,6286,29558,217139147
1130,3,1997,96850,620611174
1130,39,4330,99854,341629643
1131,32,493,32836,294853273
1131,68,9099,51641,495474218
1131,4,897,20239,895170195
1131,40,7259,26450,338570267
1132,33,3548,12838,436182718
1132,69,7896,14328,149659253
1132,5,8967,77644,392456079
1132,41,7660,81372,527826271
1133,34,1950,93183,124858386
1133,70,2752,96799,148465765
1133,6,7647,42487,810054112
1133,42,3136,18394,1066549370
1134,35,7448,81615,86683271
1134,71,8915,83918,980663128
1134,7,7182,38806,124090887
1134,43,624,85836,496944279
1135,36,5073,8473,1019086693
1135,72,1691,78381,629645280
1135,8,1804,88116,723500802
1135,44,6889,58716,894196237
1136,37,8400,58287,211090153
1136,73,475,18278,7003739
1136,9,9833,28214,347976210
1136,45,8700,9916,785476336
1137,38,7160,57094,2782483
1137,74,4314,63311,983573666
1137,10,1736,45299,666287533
1137,46,7239,28275,102437363
1138,39,4806,8441,129277100
1138,75,6767,40043,191135530
1138,11,548,90513,511451006
1138,47,5713,93009,314367746
1139,40,2492,69835,273446678
1139,76,4747,6751,411603005
1139,12,4889,3915,36264963
1139,48,869,6066,606467305
1140,41,2327,85307,548524749
1140,77,7249,95592,342597364
1140,13,7178,27536,209146199
1140,49,6788,81961,485721243
1141,42,1051,4269,892593991
1141,78,9548,50776,1007979983
1141,14,5762,71592,378956465
1141,50,6900,61819,82444166
1142,43,4366,40594,77424082
1142,79,2474,73439,714764094
1142,15,137,44876,128401642
1142,51,7945,5110,469102887
1143,44,2595,1187,957774743
1143,80,1124,93662,139311218
1143,16,7679,63939,801525898
1143,52,3323,19862,99364923
1144,45,8423,84674,1017287502
1144,81,8544,45767,516035731
1144,17,6811,88272,1035827858
1144,53,5896,87761,554636491
1145,46,2467,89737,884056280
1145,82,6494,36119,897768629
1145,18,8183,73737,1025476035
1145,54,9042,44110,1022216116
1146,47,1302,21797,3618552
1146,83,6931,26050,694292330
1146,19,9822,75284,962490543
1146,55,1931,73361,645994068
1147,48,2284,19499,664630491
1147,84,677,75388,46067066
1147,20,5363,35355,739277458
1147,56,627,26967,639899901
1148,49,4318,6127,220539346
1148,85,7929,6504,416741279
1148,21,4691,41325,255024686
1148,57,7976,62855,473053737
1149,50,9712,98497,35219403
1149,86,1315,98069,962646203
1149,22,5061,6196,22610767
1149,58,5823,57954,1052838819
1150,51,8986,27645,346371952
1150,87,1841,29549,124035738
1150,23,2904,51104,622441441
1150,59,638,74500,164554313
1151,52,534,90156,1010808062
1151,88,8615,79361,908102443
1151,24,3916,72259,248926845
1151,60,7332,88977,344144003
1152,53,1078,51576,531855700
1152,89,7302,18719,821600680
1152,25,2669,40444,88628544
1152,61,1269,41737,928194640
1153,54,5746,1523,289183653
1153,90,9015,52839,420256299
1153,26,554,70702,151876886
1153,62,592,98668,806160682
1154,55,4923,82238,183450749
1154,91,3904,69821,481209465
1154,27,3707,66707,679607272
1154,63,3537,81718,937297313
1155,56,3141,26688,903675429
1155,92,2710,21185,862199334
1155,28,3941,34191,727690473
1155,64,16,50607,918525471
1156,57,3132,24724,1029203362
1156,93,1928,68074,871428026
1156,29,290,77480,785514865
1156,65,3850,22556,1054162512
1157,58,4522,7569,539870655
1157,94,8926,64704,548963058
1157,30,3781,84441,598689248
1157,66,6661,39513,95645531
1158,59,8958,78845,249672874
1158,95,4904,86254,763688651
1158,31,8763,37464,475832325
1158,67,1877,9890,392177631
1159,60,1195,15718,370057171
1159,96,292,61063,163238706
1159,32,2116,22863,280998341
1159,68,5827,64553,120346592
1160,61,6412,43619,826020417
1160,97,5670,57270,801077710
1160,33,3427,13078,133299717
1160,69,6562,40505,63646919
1161,62,4216,69461,142963216
1161,98,8280,12314,195617684
1161,34,8930,88109,666796502
1161,70,8332,47400,567551248
1162,63,1130,59555,120293256
1162,99,8763,83626,969702162
1162,35,9087,21825,133326995
1162,71,5644,2525,461665205
1163,64,1919,6511,390147824
1163,100,1896,63054,204868256
1163,36,8955,30489,655026376
1163,72,1321,72717,642396240
1164,65,7404,88855,271087014
1164,1,4702,99632,671939810
1164,37,5547,96498,513348348
1164,73,7434,77169,606052663
1165,66,4909,88459,254746706
1165,2,2040,25666,209925349
1165,38,8396,24585,245014183
1165,74,2070,40274,338543865
1166,67,2434,80153,962046874
1166,3,6578,84654,136453289
1166,39,8859,10093,528712007
1166,75,4180,27525,645721039
1167,68,8901,99696,66313230
1167,4,41,75802,93788288
1167,40,6974,98515,333246556
1167,76,4237,7089,516001969
1168,69,2993,84076,913002560
1168,5,7386,91244,622312685
1168,41,2529,78388,526078635
1168,77,9122,97368,540699184
1169,70,8373,5215,405532412
1169,6,7397,61944,443861703
1169,42,8117,49279,927890129
1169,78,2316,78460,689057037
1170,71,6056,11532,55095194
1170,7,4292,28192,159190145
1170,43,9498,22118,955880151
1170,79,7483,30717,615101306
1171,72,4920,1944,822144105
1171,8,5884,27525,365527570
1171,44,7822,4282,99999537
1171,80,6410,65349,57543418
1172,73,219,40467,1003372457
1172,9,5393,26380,5747195
1172,45,3578,39238,412949197
1172,81,2127,51960,178913453
1173,74,7197,77294,794737908
1173,10,7314,97828,802120328
1173,46,9863,53375,1059457041
1173,82,834,82177,902850918
1174,75,3041,41129,353768223
1174,11,1330,71523,69803040
1174,47,2448,2553,562471549
1174,83,6384,69086,131229316
1175,76,9858,3768,327215993
1175,12,7320,25663,532373624
1175,48,5618,74503,687123830
1175,84,9141,45497,1064133939
1176,77,2626,46482,729378225
1176,13,4996,26148,933007010
1176,49,5727,35672,621339034
1176,85,8957,65201,228061960
1177,78,1647,52920,748841892
1177,14,7173,29486,718179988
1177,50,8680,92458,940612868
1177,86,4939,2348,151334722
1178,79,5952,32047,587143281
1178,15,4307,66285,1368101
1178,51,9895,83119,598380742
1178,87,5638,84792,733765656
1179,80,3594,35644,889005037
1179,16,6926,94516,456117958
1179,52,4867,25520,124445818
1179,88,6911,65508,855050931
1180,81,1436,11959,524759091
1180,17,2047,19145,715579231
1180,53,1650,17785,924672384
1180,89,2518,30122,1029847634
1181,82,8149,91972,301616166
1181,18,7974,33096,691123763
1181,54,361,28560,464499157
1181,90,7826,15110,310024934
1182,83,9781,27326,267633797
1182,19,1642,53212,403329991
1182,55,5439,38550,134851684
1182,91,1461,80699,707375644
1183,84,5681,78288,822214375
1183,20,1852,18279,708376693
1183,56,4311,43886,57131178
1183,92,3491,51064,261836449
1184,85,8329,16882,501374518
1184,21,6469,35797,638368201
1184,57,3067,70648,489407579
1184,93,845,88112,966055095
1185,86,8084,99875,725841839
1185,22,1601,88547,834129471
1185,58,4664,4385,581896914
1185,94,3710,97975,420379103
1186,87,8674,23095,778715322
1186,23,9790,72920,916006638
1186,59,7353,7755,422976179
1186,95,1018,98856,585082079
1187,88,1162,38508,923519784
1187,24,3216,73711,942971790
1187,60,6271,12262,489479677
1187,96,5921,11505,687462017
1188,89,2356,84179,847459373
1188,25,4597,22701,463145679
1188,61,1522,38763,181589101
1188,97,7945,60366,56103158
1189,90,9972,26494,1018415057
1189,26,6757,47332,520974481
1189,62,7004,17202,294825894
1189,98,3423,28436,466204708
1190,91,4105,26392,1009687762
1190,27,1890,43488,645663371
1190,63,3572,51463,199732304
1190,99,8695,16175,345322488
1191,92,620,40758,81388509
1191,28,8945,19324,557611593
1191,64,8142,22872,873305035
1191,100,8198,20952,207574708
1192,93,9743,18729,676349183
1192,29,2854,15997,252330278
1192,65,6432,71221,633996404
1192,1,5287,17673,44141458
1193,94,260,57992,9877182
1193,30,1245,74300,1021116958
1193,66,4281,15381,566401294
1193,2,3798,98874,847348504
1194,95,7293,47713,234791326
1194,31,997,26537,507107331
1194,67,6288,73996,826596692
1194,3,6619,11298,556423341
1195,96,4573,91508,760635648
1195,32,3289,24983,678622261
1195,68,386,33919,314110451
1195,4,7196,62237,275626771
1196,97,83,83994,750467188
1196,33,3908,15927,44743050
1196,69,1703,77422,973842341
1196,5,941,53738,861054166
1197,98,409,2469,7854861
1197,34,4681,59901,61139546
1197,70,4959,77868,1023728338
1197,6,5890,47022,787568496
1198,99,2873,16028,487150577
1198,35,6840,68454,300073537
1198,71,5772,68456,281550301
1198,7,7240,4299,15492135
1199,100,427,55554,984251052
1199,36,5891,56404,814934058
1199,72,8733,67203,1006953521
1199,8,3652,19229,175750016
1200,1,594,34926,868618607
1200,37,9045,8824,178514952
1200,73,1862,74585,825804526
1200,9,4719,14022,229122035
1201,2,6212,49501,72716059
1201,39,4340,5991,46481401
1201,76,4535,21804,250202755
1201,13,6432,46053,708721431
1202,3,2052,99318,152248615
1202,40,8892,9963,287023059
1202,77,1374,40307,32895345
1202,14,2282,33952,266691379
1203,4,7142,27756,474588357
1203,41,1235,89026,624838229
1203,78,5422,71701,857446070
1203,15,3372,92310,357799553
1204,5,6847,11199,799321763
1204,42,4418,35693,120406683
1204,79,4815,12239,546100702
1204,16,3509,33392,745043996
1205,6,7022,93624,619845976
1205,43,3523,29579,268060607
1205,80,5076,50878,681951445
1205,17,3956,75113,712186346
1206,7,9044,8220,833505195
1206,44,4567,21947,994364844
1206,81,1501,62685,1010166718
1206,18,2053,19079,975932227
1207,8,2417,12603,672259915
1207,45,5470,58110,17027010
1207,82,6471,46533,846720900
1207,19,6470,80240,142662497
1208,9,6976,62077,458530281
1208,46,7123,87667,1042429122
1208,83,8503,6548,986335091
1208,20,3206,94135,828007355
1209,10,5176,19352,71614548
1209,47,5720,5920,600782680
1209,84,2165,22774,332927381
1209,21,603,70195,441664440
1210,11,3838,68248,22106005
1210,48,3589,12744,252541544
1210,85,8799,28308,601838640
1210,22,3636,76416,1000018955
1211,12,6558,18496,250650151
1211,49,8148,2688,456784337
1211,86,1788,48952,221390019
1211,23,2814,82298,735688225
1212,13,7754,73908,636863322
1212,50,3959,25662,323699379
1212,87,4432,46609,382568640
1212,24,1139,58116,584304156
1213,14,2997,73348,901719386
1213,51,5070,99999,177618176
1213,88,6836,81954,169743551
1213,25,7962,84493,671102327
1214,15,8550,11883,100473683
1214,52,2313,43822,941852937
1214,89,6279,66696,72286619
1214,26,6859,98408,454035922
1215,16,1421,11705,506777013
1215,53,3020,44516,284213756
1215,90,6030,48088,567483005
1215,27,6994,41916,407612237
1216,17,7947,604,604581945
1216,54,8558,83147,615941915
1216,91,6769,65822,280016027
1216,28,7064,753,977670722
1217,18,510,99855,771728143
1217,55,6476,46068,987418066
1217,92,9570,53039,728829145
1217,29,4197,31114,1043835688
1218,19,6915,99995,289791508
1218,56,8742,14832,576866199
1218,93,5709,58915,954465453
1218,30,9864,91235,942359642
1219,20,9065,24189,335421941
1219,57,1064,66517,617904120
1219,94,4788,77606,503470356
1219,31,3590,43053,15129452
1220,21,7602,26712,409162255
1220,58,2079,24327,878389377
1220,95,1200,90295,746200367
1220,32,9470,11958,615480430
1221,22,7066,97462,547803758
1221,59,9348,94491,140866380
1221,96,1657,6094,640796598
1221,33,3838,42467,450793365
1222,23,9856,75818,656641900
1222,60,6320,69790,542141225
1222,97,794,43714,620019093
1222,34,3829,53363,588919481
1223,24,3419,87520,864448189
1223,61,3290,25355,995029399
1223,98,59,84860,751993153
1223,35,7902,77452,974724331
1224,25,8260,55308,504244644
1224,62,5471,4157,678172908
1224,99,2009,64861,538101129
1224,36,4494,26518,15609919
1225,26,7554,60783,515495510
1225,63,1471,19087,354960683
1225,100,5317,30924,580265396
1225,37,6310,75219,445569014
1226,27,1441,76777,880062114
1226,64,5476,99541,669455436
1226,1,8940,69083,818321498
1226,38,8368,60071,715886641
1227,28,9007,44630,247935947
1227,65,5330,68112,550433116
1227,2,9372,20656,125925092
1227,39,8609,29829,1024131828
1228,29,2338,65894,304013507
1228,66,6051,5513,799496142
1228,3,4526,79753,500055074
1228,40,5792,60294,686731973
1229,30,1343,94895,915010005
1229,67,3848,8257,266487707
1229,4,6812,32744,156330147
1229,41,402,3112,46946580
1230,31,657,85264,7202720
1230,68,2730,70362,579168144
1230,5,6578,70588,644689337
1230,42,3857,72412,160303788
1231,32,3689,67916,785520465
1231,69,8011,23171,41881185
1231,6,7322,39849,1006852434
1231,43,9510,26654,282244563
1232,33,4056,37129,384652391
1232,70,1922,66181,660505895
1232,7,6085,30139,669791259
1232,44,6870,96153,581596937
1233,34,9230,72807,1055537156
1233,71,2121,13951,272055601
1233,8,5139,32175,805500967
1233,45,6110,31708,501283920
1234,35,7300,74198,954899202
1234,72,2380,7566,1005155585
1234,9,8459,12058,965885704
1234,46,1804,87895,234853594
1235,36,2929,46629,578807356
1235,73,3481,4121,462009999
1235,10,5990,51372,552938832
1235,47,968,97619,1000393186
1236,37,4522,39642,572713033
1236,74,3585,48001,723016874
1236,11,7703,86618,317165173
1236,48,8060,61679,1063557602
1237,38,6690,91638,664522562
1237,75,8619,5457,387564380
1237,12,7650,35230,956941189
1237,49,3773,25217,104116665
1238,39,5052,61910,419136838
1238,76,1098,86163,604092736
1238,13,22,94969,670379643
1238,50,3934,53177,1012980175
1239,40,3425,56448,380276609
1239,77,2863,84010,211413559
1239,14,1439,83566,399912502
1239,51,7996,6459,676757130
1240,41,2365,87114,507795955
1240,78,9816,5418,504539192
1240,15,1045,82894,317741369
1240,52,4996,8281,344406251
1241,42,6966,36357,1409821
1241,79,4765,90913,846284310
1241,16,9940,9652,518018384
1241,53,6321,99746,15643611
1242,43,6329,22943,280971794
1242,80,7353,4262,811718487
1242,17,7502,24680,684040450
1242,54,663,27026,157183914
1243,44,3049,6545,507248822
1243,81,5839,47846,869983282
1243,18,8213,76129,442515617
1243,55,8598,95642,889788444
1244,45,427,76345,501730244
1244,82,9310,28361,609025988
1244,19,224,64182,285419425
1244,56,2729,94422,865948730
1245,46,4009,45508,845793135
1245,83,5706,37942,667314373
1245,20,9509,56107,478211709
1245,57,9453,55287,876400830
1246,47,5785,48205,56810081
1246,84,2526,18223,733348546
1246,21,556,96619,409585123
1246,58,6160,16752,471870137
1247,48,5453,62539,933887896
1247,85,4272,52424,395408556
1247,22,6620,97752,568849844
1247,59,740,64358,342815041
1248,49,3751,55880,688985984
1248,86,9823,42320,741449914
1248,23,8913,11395,696930592
1248,60,5338,25421,800912280
1249,50,1558,3579,1065396655
1249,87,2390,36628,161381004
1249,24,9548,35240,248758942
1249,61,9183,84733,577997019
1250,51,3336,51652,1007848299
1250,88,761,964,301358797
1250,25,798,41887,1043899236
1250,62,5256,10806,519507861
1251,52,9317,24809,510481607
1251,89,3006,295,371363749
1251,26,5695,95698,764743721
1251,63,9429,20512,175216835
1252,53,1985,7994,643620148
1252,90,6432,21012,964069724
1252,27,4666,23072,618774262
1252,64,5367,76138,247445652
1253,54,9074,44397,244987992
1253,91,9566,46964,292467397
1253,28,9372,31722,847841878
1253,65,7260,212,640260415
1254,55,8947,85049,23739300
1254,92,1950,57620,325358878
1254,29,8035,4501,653290427
1254,66,5385,57272,949239228
1255,56,70,58713,966379189
1255,93,5085,87067,506450778
1255,30,6715,11103,379286261
1255,67,7477,15536,137229009
1256,57,2797,90641,177728786
1256,94,587,46483,1023512831
1256,31,8659,44882,680598441
1256,68,9711,13388,450112827
1257,58,8317,71108,199985045
1257,95,2365,24529,867165333
1257,32,6728,93001,58364249
1257,69,1194,40615,923305167
1258,59,3323,25930,817873898
1258,96,4245,59766,181736554
1258,33,821,28441,179413565
1258,70,9166,848,3432719
1259,60,317,94111,131202044
1259,97,3342,9240,593378396
1259,34,2423,70605,247733857
1259,71,5144,63716,960113665
1260,61,3294,64932,1031905469
1260,98,6691,26577,254785598
1260,35,4323,60144,394526510
1260,72,853,63364,84185934
1261,62,965,32361,937239827
1261,99,5714,52696,647504379
1261,36,9215,71202,400172249
1261,73,6008,4680,383957328
1262,63,9897,61997,189050342
1262,100,9056,46193,699054215
1262,37,4687,53697,941994005
1262,74,1428,12620,202621750
1263,64,2585,37816,309007931
1263,1,1704,33558,159704608
1263,38,8403,94263,626179155
1263,75,676,66647,296660811
1264,65,6836,70787,13538668
1264,2,999,19602,676266033
1264,39,9427,99353,43220119
1264,76,6505,438,207245945
1265,66,7492,13990,298904886
1265,3,6615,81922,663878618
1265,40,1311,53854,116904660
1265,77,686,39516,232717994
1266,67,4077,22729,278139965
1266,4,2485,11096,72515603
1266,41,6628,2863,17462594
1266,78,1344,96408,686510836
1267,68,7991,65475,500410537
1267,5,1903,54409,975794554
1267,42,340,77364,918613670
1267,79,3176,74844,948980547
1268,69,9681,71394,1076596
1268,6,9620,30982,820384119
1268,43,2888,63012,703181034
1268,80,8005,24147,10893492
1269,70,2476,58507,982900457
1269,7,4324,19583,912241112
1269,44,4465,78621,33909829
1269,81,3324,21478,382067532
1270,71,2495,63219,271299466
1270,8,4803,94228,121907047
1270,45,2737,87745,346498659
1270,82,3420,25716,491150110
1271,72,3287,69654,114956112
1271,9,7301,58925,342408010
1271,46,4874,58559,684600126
1271,83,4592,10193,974329286
1272,73,3033,8139,399258930
1272,10,4105,53525,896710588
1272,47,393,9169,143971144
1272,84,7762,88738,275297041
1273,74,6285,26518,331834694
1273,11,1677,63077,867886018
1273,48,9917,12280,636758590
1273,85,6871,25531,1026928812
1274,75,7622,43199,577453554
1274,12,9345,90671,768041011
1274,49,9865,42223,894630601
1274,86,988,71971,699548527
1275,76,3670,39000,936391148
1275,13,5519,50190,281629561
1275,50,955,7068,347125672
1275,87,9944,40146,361035118
1276,77,5518,26595,830458250
1276,14,5052,71121,772519417
1276,51,6697,48927,992610817
1276,88,3471,65411,955694144
1277,78,1538,74317,231759017
1277,15,6316,10208,459520356
1277,52,9872,66846,410614610
1277,89,7030,26902,889683183
1278,79,4185,14613,414610970
1278,16,8972,75658,839870727
1278,53,5258,69477,60876029
1278,90,9689,76329,357032752
1279,80,6217,62490,402303709
1279,17,2633,33316,175072085
1279,54,5683,24073,782934459
1279,91,3175,22365,220947289
1280,81,3309,86418,867118794
1280,18,9144,91286,641661017
1280,55,4334,95472,726472572
1280,92,4862,18284,679881718
1281,82,54,25128,732919097
1281,19,2654,76512,1048067328
1281,56,9480,40013,904833497
1281,93,2280,98534,711406663
1282,83,8379,35626,449041731
1282,20,3999,90338,700571854
1282,57,5566,38372,782972736
1282,94,341,82357,250152150
1283,84,5331,78271,195985681
1283,21,4174,27857,696676491
1283,58,5806,84295,775420519
1283,95,8272,79906,165837416
1284,85,2079,32286,736415684
1284,22,9884,95137,563840135
1284,59,4022,74014,1012039041
1284,96,7143,8322,568797548
1285,86,6501,34777,1045408149
1285,23,7501,4828,397521501
1285,60,230,48521,705489277
1285,97,246,24808,646147059
1286,87,8795,91651,1054943958
1286,24,690,24966,354655500
1286,61,3912,43871,535317132
1286,98,5214,3404,675692993
1287,88,3815,6436,720097690
1287,25,9855,703,959541086
1287,62,5294,56391,1052620416
1287,99,9755,45261,451582699
1288,89,6977,75964,142066647
1288,26,1663,12406,738548476
1288,63,199,32408,205919326
1288,100,3881,62976,712108009
1289,90,3285,12541,562911479
1289,27,3400,17172,866082790
1289,64,9213,23739,938263772
1289,1,6798,96364,808102419
1290,91,1189,20856,718155974
1290,28,2901,96900,568834631
1290,65,5833,42203,405677892
1290,2,6950,32133,709830956
1291,92,1935,34325,573707778
1291,29,7400,2350,21235552
1291,66,7435,61870,597856439
1291,3,97,4086,468010706
1292,93,7694,64078,346336558
1292,30,8304,59879,973540781
1292,67,5583,23007,685214825
1292,4,3896,92438,722032222
1293,94,7827,72458,740427926
1293,31,1290,27122,343071484
1293,68,5107,20161,923445216
1293,5,7541,11735,1062581518
1294,95,8339,48079,1014878476
1294,32,1931,91871,206031964
1294,69,7677,26252,1064202845
1294,6,2796,4983,253458630
1295,96,6295,52597,213276341
1295,33,7504,3539,990338332
1295,70,8833,59504,603689061
1295,7,7311,17209,634554702
1296,97,6112,39208,799574094
1296,34,5358,43766,351936823
1296,71,3020,36830,521397460
1296,8,8463,44087,72571216
1297,98,1079,36400,1038886377
1297,35,8123,8073,108301122
1297,72,6023,35850,702316959
1297,9,4079,52910,513395092
1298,99,7523,61537,418484548
1298,36,292,96594,441039289
1298,73,8852,87834,580107850
1298,10,7770,10028,406889753
1299,100,801,32133,115580142
1299,37,6665,26249,822959025
1299,74,5533,23794,101927875
1299,11,355,21612,841905320
1300,1,4576,18485,377123136
1300,38,3565,15569,1024148493
1300,75,5761,75025,828755023
1300,12,9814,25916,204790781
1301,2,3698,25252,408298027
1301,40,47,59283,238017750
1301,78,4341,89299,484937819
1301,16,1168,62473,992733067
1302,3,5278,54579,813352737
1302,41,4259,60864,564587459
1302,79,3807,78893,79940064
1302,17,6995,409,552317055
1303,4,5587,24663,961121598
1303,42,4479,55280,1024046643
1303,80,7376,51265,874920522
1303,18,8972,91106,262885825
1304,5,5326,69126,767205434
1304,43,122,76160,522579121
1304,81,7315,7590,133955072
1304,19,9129,23971,52352000
1305,6,4776,3229,869358787
1305,44,1551,45993,166057690
1305,82,1186,90564,768901635
1305,20,4901,36118,277528739
1306,7,3834,54620,223002876
1306,45,8649,34228,688979131
1306,83,5017,66739,863688930
1306,21,5994,26477,438572887
1307,8,3950,59404,284353171
1307,46,2020,18205,1058082200
1307,84,1892,95337,221667743
1307,22,6500,51180,607239020
1308,9,4431,55623,769137623
1308,47,7084,2860,774620965
1308,85,9545,43511,143864231
1308,23,3697,33447,385599370
1309,10,5410,31064,928947725
1309,48,2592,34075,372796641
1309,86,8505,84812,676765255
1309,24,6768,81113,156022880
1310,11,289,45912,443523240
1310,49,5616,35911,104330768
1310,87,3837,76331,397564805
1310,25,6978,307,545004990
1311,12,6944,97850,190407386
1311,50,9568,15277,501639459
1311,88,1278,42312,867815319
1311,26,8946,62149,566621638
1312,13,9379,94190,492016569
1312,51,6731,48157,95032966
1312,89,5645,97372,525409176
1312,27,5646,86788,8261343
1313,14,270,22035,844765494
1313,52,7835,30745,503113666
1313,90,9271,67028,503608600
1313,28,9148,78606,717814896
1314,15,2026,73130,866381297
1314,53,2593,47982,1007864085
1314,91,8750,62050,70900925
1314,29,4995,37170,756763493
1315,16,7880,65410,166706137
1315,54,6984,58104,504375325
1315,92,7461,40267,960684285
1315,30,3312,68089,100870984
1316,17,229,24126,62969304
1316,55,638,15193,940559448
1316,93,7444,20048,892693800
1316,31,9334,13112,40393563
1317,18,8939,14627,716923854
1317,56,3539,5589,168645144
1317,94,2522,60630,194292204
1317,32,1922,55784,562648089
1318,19,3689,8648,143034556
1318,57,6576,13652,133880714
1318,95,662,99093,388087510
1318,33,6382,32142,618746212
1319,20,8449,78933,789269931
1319,58,1755,62613,1042422959
1319,96,4591,12846,904151427
1319,34,7946,50968,458644792
1320,21,1865,87797,270956008
1320,59,5573,94902,102328557
1320,97,3768,29824,84518761
1320,35,4159,77469,803549538
1321,22,5949,36244,884186958
1321,60,6715,81986,223087770
1321,98,7242,35643,400519584
1321,36,5870,76709,766553363
1322,23,5319,48185,71518741
1322,61,1261,74378,51715032
1322,99,3989,36259,997650073
1322,37,4868,41740,846520574
1323,24,4319,38218,547109825
1323,62,8307,85953,750072085
1323,100,9852,77594,501448254
1323,38,7965,35530,491608245
1324,25,6028,65453,783517571
1324,63,4688,89055,1033146877
1324,1,8373,56510,746622185
1324,39,5573,29658,595049874
1325,26,3236,606,768281841
1325,64,8495,21883,1010312564
1325,2,7643,86090,646875076
1325,40,2887,75500,319203797
1326,27,1061,11299,757962219
1326,65,3735,21949,684822892
1326,3,5497,83619,604340010
1326,41,5857,11515,288581715
1327,28,7643,45820,47687275
1327,66,1251,93803,210880575
1327,4,234,30827,231719047
1327,42,8918,43498,28371824
1328,29,6547,24075,1052453042
1328,67,2893,47986,881189291
1328,5,568,22659,75189455
1328,43,5950,34423,784671394
1329,30,5801,46138,543238340
1329,68,5816,43219,841256639
1329,6,5458,32479,522964809
1329,44,6223,37054,364259146
1330,31,68,11832,81611347
1330,69,5377,84940,527986771
1330,7,1633,30782,623116139
1330,45,8126,88298,526211650
1331,32,4866,13906,846376650
1331,70,6724,72710,1011028528
1331,8,6811,67630,832495586
1331,46,6346,16300,356921911
1332,33,3259,58884,438034447
1332,71,8688,69333,495099829
1332,9,1393,58447,400303699
1332,47,2503,9967,951470636
1333,34,7075,9406,209749043
1333,72,1056,68053,309547268
1333,10,967,20293,408398035
1333,48,7888,22371,598761507
1334,35,8431,95824,643098578
1334,73,4376,29088,556340481
1334,11,1417,84569,619206309
1334,49,4514,84657,461006184
1335,36,1524,70892,371063028
1335,74,905,91610,705273016
1335,12,1859,37864,14172598
1335,50,5642,31002,719203565
1336,37,2205,3201,82475950
1336,75,47,77444,557663717
1336,13,7153,12492,764287198
1336,51,2917,79067,535920826
1337,38,4682,23154,102400585
1337,76,6218,56305,958537725
1337,14,4393,93982,565837762
1337,52,8310,47551,566570003
1338,39,8399,2050,498758158
1338,77,4757,18166,1060080670
1338,15,1178,39870,97358629
1338,53,8975,82782,434566919
1339,40,5513,13966,593797819
1339,78,2543,93291,154307830
1339,16,3813,18711,295401118
1339,54,7066,6154,630889424
1340,41,4006,58663,781823237
1340,79,9002,47333,93278929
1340,17,7457,40637,580238112
1340,55,4656,86591,759377051
1341,42,3397,2249,634529965
1341,80,8732,55516,29539091
1341,18,3373,14740,485953441
1341,56,3332,2557,982988342
1342,43,132,47579,382564308
1342,81,1230,80479,602151078
1342,19,6834,77935,898752266
1342,57,9302,75915,300354887
1343,44,1116,89436,945120274
1343,82,8291,62644,959269393
1343,20,3256,23700,320065432
1343,58,9218,40638,1047673703
1344,45,9449,98511,763752676
1344,83,7046,44718,750228215
1344,21,3803,51395,893446126
1344,59,3935,72673,992000804
1345,46,604,59430,1058640420
1345,84,5455,72730,933641946
1345,22,9597,4776,820267662
1345,60,6896,75085,992150559
1346,47,8478,31258,669741105
1346,85,1573,22291,419600140
1346,23,3354,49924,651892437
1346,61,5287,25898,203333473
1347,48,6388,30414,979820184
1347,86,2132,7241,415434499
1347,24,1441,52320,642252190
1347,62,8750,32327,567636946
1348,49,7996,7089,164325902
1348,87,6267,96049,588269858
1348,25,4257,28275,985794860
1348,63,5821,12444,937471144
1349,50,227,74203,572519365
1349,88,9407,84883,795577556
1349,26,9577,76028,1028082415
1349,64,2306,93361,1071426763
1350,51,8145,91874,1012435810
1350,89,1777,85974,121275248
1350,27,5301,16904,690846905
1350,65,8848,17204,477674179
1351,52,6232,64916,931641951
1351,90,6542,42235,411273002
1351,28,6905,71212,414037879
1351,66,373,75359,969278711
1352,53,912,48242,969295646
1352,91,4115,38635,111734015
1352,29,807,15394,380808181
1352,67,8914,2002,908488507
1353,54,8589,14200,363800994
1353,92,4763,15377,447416144
1353,30,5541,21635,201548831
1353,68,3019,12246,894303774
1354,55,4032,52654,813264760
1354,93,4082,61086,751325512
1354,31,4353,10314,828170618
1354,69,593,37552,921579542
1355,56,5966,80573,936812677
1355,94,4595,65123,853081176
1355,32,9548,28936,137869544
1355,70,5526,39858,536726113
1356,57,8405,75545,827495117
1356,95,7753,66976,984461842
1356,33,4999,13316,1064773055
1356,71,6548,71435,742803262
1357,58,1947,23137,1034459004
1357,96,3259,75600,143130784
1357,34,9775,96438,259378640
1357,72,3307,67135,379039221
1358,59,3638,81910,861713735
1358,97,8165,47381,532394694
1358,35,7752,43816,1008740996
1358,73,6587,65274,640137379
1359,60,2856,73928,112459064
1359,98,9529,71155,294287071
1359,36,5439,5765,520705437
1359,74,9606,10942,381734206
1360,61,6788,6064,644416283
1360,99,3652,39974,805330282
1360,37,301,39552,414066791
1360,75,4270,27877,323726068
1361,62,1998,28549,460763002
1361,100,2859,19811,331633872
1361,38,9407,25439,604585164
1361,76,6508,6970,108318267
1362,63,3185,4247,805174290
1362,1,9737,79994,317458279
1362,39,9194,24078,599246376
1362,77,3991,99776,217172142
1363,64,3056,28961,809400084
1363,2,5333,64048,62161508
1363,40,5800,44614,463406456
1363,78,6854,93350,784683106
1364,65,3819,18143,949447537
1364,3,1397,60569,233243439
1364,41,9013,11717,298768482
1364,79,6198,44373,633231316
1365,66,9732,36519,260549594
1365,4,936,6140,125373328
1365,42,6347,27939,536364194
1365,80,753,87148,395488489
1366,67,3791,73285,378245266
1366,5,8413,46141,1008514186
1366,43,8556,92931,1051470561
1366,81,6354,62859,550842051
1367,68,8335,51239,250158259
1367,6,9326,55192,53366067
1367,44,7401,72325,168934795
1367,82,2894,95121,689368433
1368,69,4059,2757,227824506
1368,7,9775,3672,254176937
1368,45,737,7252,711625899
1368,83,52,38561,11906193
1369,70,9597,60815,584658254
1369,8,4117,60117,534440536
1369,46,9187,30139,615202471
1369,84,5711,71370,1070173329
1370,71,7725,24375,694878725
1370,9,2323,96119,932916745
1370,47,4702,3016,804418130
1370,85,6906,66085,131287813
1371,72,2394,17425,1017632299
1371,10,7993,85464,218559973
1371,48,3703,46644,608585028
1371,86,6788,54182,102600271
1372,73,3384,57078,581807350
1372,11,9378,79161,104437201
1372,49,7493,5402,258624466
1372,87,4716,3758,501951713
1373,74,6867,52953,248066263
1373,12,4862,85274,1063669842
1373,50,723,42989,32136574
1373,88,2558,52371,767107391
1374,75,5955,89929,392833754
1374,13,3933,54479,746979744
1374,51,3339,58682,575418488
1374,89,4062,78122,761870337
1375,76,5528,29799,345913006
1375,14,9330,48038,326247539
1375,52,1210,97366,1053755253
1375,90,3682,73347,656516056
1376,77,6059,97568,528403508
1376,15,2402,73710,349143927
1376,53,8067,91231,420867362
1376,91,4071,71633,530209537
1377,78,2319,53202,105589871
1377,16,25,70386,808478148
1377,54,6216,67563,16379362
1377,92,5311,84706,401349360
1378,79,3097,83295,570660306
1378,17,1915,58587,784917523
1378,55,2973,72739,706329395
1378,93,5417,62051,242211045
1379,80,1967,52954,265086551
1379,18,1013,13947,955992462
1379,56,8775,74112,386706391
1379,94,5919,63130,219274642
1380,81,3694,18636,405502315
1380,19,7131,58897,217734450
1380,57,4123,88791,661244663
1380,95,8398,12147,80376405
1381,82,7113,76633,22298599
1381,20,3704,72588,598905691
1381,58,9893,19570,842927040
1381,96,9242,58404,986776245
1382,83,7411,8671,569391942
1382,21,4413,2830,943135195
1382,59,154,41973,317130763
1382,97,8177,57884,110676405
1383,84,9977,48503,784193949
1383,22,5140,20089,637148614
1383,60,1408,2189,913983574
1383,98,6322,53915,1052836141
1384,85,8766,71632,482769924
1384,23,4353,44592,842044980
1384,61,9956,21022,851112463
1384,99,9312,94955,239591584
1385,86,8769,19245,761939285
1385,24,2120,99997,679321178
1385,62,894,40749,310451912
1385,100,2644,67213,40176658
1386,87,2086,96191,95781773
1386,25,9720,11793,983308438
1386,63,6165,30114,902245855
1386,1,2720,61637,225480881
1387,88,6870,81803,351274307
1387,26,836,59557,394476402
1387,64,9205,88060,57857858
1387,2,2235,16910,646080838
1388,89,666,6300,690439912
1388,27,2533,7000,809310472
1388,65,8718,95323,346402483
1388,3,6839,2272,148732189
1389,90,169,51739,1043836465
1389,28,9828,73052,658526071
1389,66,9647,28694,537947089
1389,4,8431,60875,244673979
1390,91,8071,61213,4161099
1390,29,7205,49522,299807245
1390,67,3979,66074,939050369
1390,5,2150,30423,503489797
1391,92,4273,58349,293971945
1391,30,2717,73139,306962600
1391,68,7440,93461,23177059
1391,6,2366,75669,1073211657
1392,93,2448,62505,1020833694
1392,31,7250,6022,850951899
1392,69,1314,32142,88596609
1392,7,3242,67351,112548286
1393,94,7154,15734,36721810
1393,32,3793,34661,898287921
1393,70,687,52526,642924980
1393,8,2518,99677,1071232439
1394,95,237,50703,887113643
1394,33,9673,42621,971242645
1394,71,6996,75166,341943081
1394,9,8743,94420,220372925
1395,96,4192,21460,658384649
1395,34,3451,53998,392276592
1395,72,9262,65248,407341403
1395,10,2975,39227,657881545
1396,97,3879,62722,997773641
1396,35,4173,43532,899688318
1396,73,9579,96789,28482344
1396,11,9359,64609,1049788673
1397,98,7971,82634,1260600
1397,36,8254,24043,327093816
1397,74,7077,22137,219703653
1397,12,8634,43501,456444977
1398,99,4347,72652,565335768
1398,37,372,5459,975707286
1398,75,6458,74035,247244447
1398,13,2188,73519,1042184599
1399,100,7314,82225,122713998
1399,38,4097,58525,771096722
1399,76,9321,25391,212311666
1399,14,9923,91373,722084989
1400,1,7460,48295,209673565
1400,39,944,25431,1016238133
1400,77,3170,67503,674025080
1400,15,2210,74173,517947991
1401,2,5122,84628,697796427
1401,41,5303,72690,499522989
1401,80,4600,30152,538817477
1401,19,6109,96492,442997222
1402,3,1878,77104,1063966246
1402,42,9053,98904,742887311
1402,81,2424,58226,1069850658
1402,20,5233,7476,473379704
1403,4,5804,91433,949922044
1403,43,1988,55604,404639737
1403,82,2069,91002,589116954
1403,21,3126,17362,209823049
1404,5,7593,15411,707816131
1404,44,306,90215,320706112
1404,83,5959,71645,566939725
1404,22,816,48598,718941860
1405,6,8969,16550,1032681447
1405,45,6024,58925,192299881
1405,84,7825,52201,750232514
1405,23,1589,43630,341603241
1406,7,2624,49850,186358236
1406,46,7563,79212,720275688
1406,85,8156,62799,658023861
1406,24,3626,31185,384921666
1407,8,6617,69794,312403274
1407,47,6125,10342,736804398
1407,86,752,8447,78278820
1407,25,3680,33260,702079266
1408,9,2559,79274,494279865
1408,48,7752,1366,474510130
1408,87,5009,1244,779940255
1408,26,322,57944,978267265
1409,10,133,63974,194332221
1409,49,8885,97946,105486971
1409,88,2360,28368,1048495674
1409,27,2653,79941,969736551
1410,11,1022,32983,502004583
1410,50,2514,15069,528682466
1410,89,7890,49333,705252799
1410,28,145,81825,188289167
1411,12,2070,18566,113004277
1411,51,1962,79182,396062161
1411,90,7781,63934,447649783
1411,29,1008,28418,380993162
1412,13,4476,28750,691662375
1412,52,8995,8824,242975293
1412,91,9418,78790,411696001
1412,30,5206,68146,902686102
1413,14,2395,89564,341712560
1413,53,6746,13888,747254000
1413,92,4027,97226,1037298344
1413,31,7813,24221,137032684
1414,15,4138,4710,273402589
1414,54,3612,71233,327400897
1414,93,9978,33850,705185918
1414,32,9261,5289,475695846
1415,16,8192,13538,843146817
1415,55,566,83099,766315603
1415,94,7064,47984,442048209
1415,33,9556,88651,116943590
1416,17,9912,68156,882921154
1416,56,6618,61401,746894463
1416,95,2265,23482,317580594
1416,34,4555,74205,379705144
1417,18,756,32963,483959811
1417,57,3793,83965,850499115
1417,96,6987,16617,730287039
1417,35,3591,90140,532722377
1418,19,8081,18746,56496108
1418,58,8894,3756,589903288
1418,97,7898,15902,927255217
1418,36,2785,54034,540476234
1419,20,9812,80451,1014979188
1419,59,7434,1176,1002438468
1419,98,799,12621,221848901
1419,37,4225,50690,6987863
1420,21,1401,23690,706890067
1420,60,6294,74006,155653696
1420,99,9779,79941,628418548
1420,38,3366,25365,1033716394
1421,22,9933,57760,929075956
1421,61,9879,63054,731133194
1421,100,9446,19063,344292695
1421,39,6444,43422,227187193
1422,23,2288,47279,409974745
1422,62,5056,28400,181950500
1422,1,4416,10543,669862140
1422,40,2899,90201,1025293597
1423,24,2409,37507,27214123
1423,63,8518,32762,298542816
1423,2,8285,841,491207347
1423,41,282,80036,386190443
1424,25,8394,30266,554271060
1424,64,1100,9642,879716270
1424,3,4252,37309,311967569
1424,42,758,3865,51716372
1425,26,4423,70891,288822890
1425,65,946,71944,1054571027
1425,4,5505,80823,849463912
1425,43,9789,56910,762112873
1426,27,1403,60466,566082864
1426,66,429,8080,6793687
1426,5,9734,64399,955399146
1426,44,1315,47775,47024816
1427,28,3,74680,177796808
1427,67,6152,22090,211863150
1427,6,3075,60974,289941671
1427,45,4361,24798,517068066
1428,29,1482,14038,518153673
1428,68,7088,90959,1053852527
1428,7,3564,80600,909756187
1428,46,221,10802,219085491
1429,30,8080,59026,446193991
1429,69,3733,51287,780041776
1429,8,6619,55426,182498204
1429,47,6411,773,749232967
1430,31,7569,30411,777119514
1430,70,9407,44864,61797844
1430,9,353,1272,650271180
1430,48,1124,33694,566926190
1431,32,853,75261,524276095
1431,71,1072,91901,213974224
1431,10,5896,30770,766062709
1431,49,6756,83188,505466681
1432,33,6001,45216,340383777
1432,72,8092,17359,557703300
1432,11,1214,73237,799739275
1432,50,1704,45959,498533059
1433,34,6792,32763,759510364
1433,73,2307,14676,734190672
1433,12,7924,36196,633912273
1433,51,3282,73840,758926253
1434,35,3964,90970,408813609
1434,74,1568,68905,67937322
1434,13,2888,52099,393153534
1434,52,5525,16393,6251123
1435,36,1352,23109,996794925
1435,75,4806,95798,358994563
1435,14,6339,95951,643130012
1435,53,5430,67387,577943302
1436,37,4102,15343,956145954
1436,76,4329,57585,442805395
1436,15,2379,23149,517719355
1436,54,7821,75043,497686499
1437,38,7527,26577,889875696
1437,77,8426,59810,410011775
1437,16,9735,46716,466316828
1437,55,9477,67978,519906379
1438,39,9224,68320,337647665
1438,78,8974,22090,30274919
1438,17,5744,55073,788797835
1438,56,4667,53201,570023902
1439,40,2549,58657,448165937
1439,79,9765,47747,467922333
1439,18,603,1244,983258906
1439,57,9045,62253,275029842
1440,41,5109,54458,298658628
1440,80,6324,12124,151978924
1440,19,4641,90394,688651518
1440,58,1213,87958,467581555
1441,42,6300,1422,19074478
1441,81,3547,41331,822408869
1441,20,3216,71656,230443184
1441,59,3807,42113,452748083
1442,43,5417,27812,424604289
1442,82,3100,27229,856919687
1442,21,1330,14346,180780859
1442,60,3058,73376,318695009
1443,44,4493,81388,19724514
1443,83,9068,71469,1045520355
1443,22,753,96549,784761986
1443,61,3513,38601,908506025
1444,45,8251,32091,977062150
1444,84,7871,14254,255590405
1444,23,5347,34046,654981056
1444,62,9709,764,89637341
1445,46,882,85072,357830751
1445,85,293,56276,720174007
1445,24,4903,97339,659639035
1445,63,9190,27839,302662848
1446,47,8452,3997,614050774
1446,86,1149,64967,356994150
1446,25,3249,22749,804268830
1446,64,9143,45939,60976695
1447,48,5404,94267,564877769
1447,87,5507,39233,748527095
1447,26,4605,70775,187095821
1447,65,1200,12112,414266695
1448,49,3373,90599,326256005
1448,88,8606,38736,528916495
1448,27,2354,6509,439836811
1448,66,6512,37308,707709173
1449,50,5538,76508,546532670
1449,89,3134,64399,125549904
1449,28,4801,54005,899475448
1449,67,871,97121,384236457
1450,51,7585,63929,326116189
1450,90,2877,59265,250913183
1450,29,4491,86948,859361167
1450,68,3152,2625,110349687
1451,52,9420,80823,735828841
1451,91,3821,67905,520550796
1451,30,4580,42077,467905826
1451,69,3182,15837,682297704
1452,53,5432,64079,688889891
1452,92,52,78311,847289911
1452,31,6,96962,549223112
1452,70,9866,80876,475605057
1453,54,1337,48437,625333136
1453,93,556,19339,889111810
1453,32,5553,72599,877217618
1453,71,4476,10010,635692111
1454,55,6667,35888,41870900
1454,94,9335,97283,427970302
1454,33,7323,77766,1071721754
1454,72,4187,34401,754157983
1455,56,1831,72791,357495352
1455,95,8769,38115,25146464
1455,34,3298,56344,933058144
1455,73,1277,42296,2178181
1456,57,3914,1511,548878151
1456,96,2690,44209,980449224
1456,35,7173,83718,996354612
1456,74,6091,69775,832255700
1457,58,4346,3639,894120865
1457,97,6375,47721,29708748
1457,36,5324,65136,745354918
1457,75,8526,47555,767766493
1458,59,802,79468,547222193
1458,98,8411,65835,131817142
1458,37,7746,17111,775800440
1458,76,2859,98777,269984465
1459,60,4419,15319,425536191
1459,99,5938,61498,406073249
1459,38,7945,40365,166508541
1459,77,8455,20906,963664910
1460,61,3989,47895,221230758
1460,100,9832,95933,223666050
1460,39,1369,63135,188305356
1460,78,3875,91677,625606478
1461,62,804,71747,626245273
1461,1,2879,78161,477231546
1461,40,6219,75751,847670439
1461,79,6029,34929,373016391
1462,63,5841,67416,784057853
1462,2,6869,5684,1062541214
1462,41,7633,44717,353416102
1462,80,1534,27745,967436893
1463,64,3836,10387,872749820
1463,3,826,79993,514460614
1463,42,842,93655,501601555
1463,81,5519,43674,78048996
1464,65,4924,89220,353141248
1464,4,9334,35405,299567691
1464,43,757,60145,784298892
1464,82,9466,82053,646218510
1465,66,9601,60262,563869929
1465,5,8622,51660,565186964
1465,44,215,28520,707481431
1465,83,2557,31458,255257370
1466,67,5045,62036,23211515
1466,6,6532,1687,1049730947
1466,45,7263,11958,177252962
1466,84,986,2758,629348869
1467,68,9333,27725,889907589
1467,7,2935,56901,522432757
1467,46,9285,7245,178976793
1467,85,87,6270,977795678
1468,69,9093,12018,337302035
1468,8,7309,14299,397332284
1468,47,2557,94699,805112585
1468,86,8185,15912,255690431
1469,70,2346,15732,926168289
1469,9,1643,98677,480520588
1469,48,9558,33558,718978285
1469,87,3523,97931,296396788
1470,71,3019,84160,61216897
1470,10,4209,873,936814812
1470,49,8373,18245,881987338
1470,88,9001,73766,807984683
1471,72,9639,36054,207871931
1471,11,9150,87251,830032819
1471,50,4541,5323,1057455492
1471,89,2910,79702,656172967
1472,73,8842,97365,440774916
1472,12,9900,61865,719900014
1472,51,6006,21248,1021884157
1472,90,3872,91716,990725747
1473,74,6672,17721,364620674
1473,13,722,49690,78941900
1473,52,1112,89704,236809267
1473,91,9008,80652,208792705
1474,75,6000,86821,13706417
1474,14,624,70019,837708351
1474,53,6018,93298,204927006
1474,92,5101,47447,517782457
1475,76,1558,57870,681805497
1475,15,7859,6399,967502073
1475,54,7362,80326,267957208
1475,93,9075,204,135713557
1476,77,154,56426,358404685
1476,16,5800,13194,119923509
1476,55,4804,13086,708418899
1476,94,3327,74657,339446351
1477,78,7502,24345,177835996
1477,17,2886,92165,942873358
1477,56,4519,82222,832478272
1477,95,7526,1561,777823001
1478,79,6504,80473,368286504
1478,18,3184,77690,521727917
1478,57,6077,61016,621673469
1478,96,8099,43152,724944058
1479,80,649,96530,89791524
1479,19,5736,21265,171978259
1479,58,9404,79965,169734467
1479,97,4956,22915,986151224
1480,81,2982,38112,130123423
1480,20,373,15486,935046918
1480,59,2881,65254,678097869
1480,98,3492,34746,242363853
1481,82,4222,76183,808097880
1481,21,5739,2046,114646591
1481,60,1431,54770,42853479
1481,99,8980,62529,679912428
1482,83,7141,4413,187149086
1482,22,58,65907,214949818
1482,61,9730,22913,490588688
1482,100,5631,12728,295807870
1483,84,5661,51714,822349935
1483,23,2888,41478,245751559
1483,62,8253,35362,170659952
1483,1,6740,40828,476455802
1484,85,6377,7251,863496869
1484,24,6361,15054,102789016
1484,63,3417,92424,352309682
1484,2,5464,32744,919352871
1485,86,4553,98450,358432209
1485,25,1409,6734,429815897
1485,64,7341,23582,119335188
1485,3,819,56520,706527731
1486,87,1086,96152,208135991
1486,26,3477,61445,940719289
1486,65,2307,63188,700828960
1486,4,1408,86467,613388970
1487,88,6235,21347,744600660
1487,27,4529,56866,545595595
1487,66,4054,16068,481677654
1487,5,6213,46787,299299036
1488,89,2296,61715,627746589
1488,28,2475,93047,119330088
1488,67,8831,8400,733615304
1488,6,945,46159,204002276
1489,90,9471,81763,661440174
1489,29,4108,80760,603889307
1489,68,3452,7850,944761001
1489,7,8941,96161,668174256
1490,91,3428,1418,524004637
1490,30,5905,77367,569021041
1490,69,5343,18440,271518263
1490,8,7470,55586,760816796
1491,92,45,90013,702899153
1491,31,1188,71283,934571197
1491,70,6796,68075,999730798
1491,9,1097,94113,417301527
1492,93,4575,42873,648309195
1492,32,6486,6772,40578281
1492,71,7644,51143,596389772
1492,10,512,40229,248200420
1493,94,3415,31398,913970935
1493,33,6060,56879,899370839
1493,72,9935,35217,536952957
1493,11,7736,4741,344438811
1494,95,6935,82016,1017622947
1494,34,2281,39664,128855504
1494,73,5081,15556,604934985
1494,12,7477,35431,930151494
1495,96,5328,9858,78231859
1495,35,1001,72527,1056307078
1495,74,8565,88460,676575110
1495,13,2784,49127,963258893
1496,97,3252,16880,514638744
1496,36,6676,9634,405681660
1496,75,1745,5812,585776020
1496,14,8646,6104,951774737
1497,98,1971,19019,1007318309
1497,37,8428,89539,974530765
1497,76,1337,1263,900640699
1497,15,7496,72601,481186629
1498,99,2171,38078,839220601
1498,38,8131,43386,552905436
1498,77,1985,44881,430891504
1498,16,9311,85867,225096391
1499,100,7418,15525,957054648
1499,39,2565,14432,55726701
1499,78,6458,23597,325781577
1499,17,4633,12834,247685458
1500,1,4457,48457,1038593006
1500,40,4975,55485,17481142
1500,79,3277,78283,385369388
1500,18,5097,36599,18784063
1501,2,1552,52289,118748417
1501,42,5799,14047,163771916
1501,82,3353,69623,117940911
1501,22,7235,35889,864522117
1502,3,5795,6770,263954960
1502,43,6012,15250,327442895
1502,83,9497,89656,166250645
1502,23,6445,74003,302168705
1503,4,823,31743,1050777833
1503,44,8330,60635,1013114669
1503,84,9576,28780,277140364
1503,24,5454,14363,127940953
1504,5,410,75373,221517627
1504,45,5701,69492,371283593
1504,85,910,40749,1062069726
1504,25,9044,66814,180861006
1505,6,7917,87772,691750504
1505,46,3050,75858,870054713
1505,86,7102,38949,147572894
1505,26,9505,90479,843430358
1506,7,443,14951,383420765
1506,47,2178,60280,849852037
1506,87,5952,65981,378214326
1506,27,3147,72738,245213403
1507,8,6518,36931,893643227
1507,48,5378,48353,818307832
1507,88,8336,5177,514231570
1507,28,3444,23019,851533090
1508,9,2633,88525,932222494
1508,49,8662,46535,1060090883
1508,89,7994,13999,651117261
1508,29,4663,32283,1022664673
1509,10,4938,68598,198715415
1509,50,8189,95278,780234477
1509,90,2197,57129,324253768
1509,30,5388,38631,778067012
1510,11,9539,32966,663796620
1510,51,9088,35368,130273127
1510,91,589,41251,619069868
1510,31,996,21212,753823798
1511,12,5184,89112,654447262
1511,52,9934,15803,238559866
1511,92,5009,82225,885781333
1511,32,3829,51400,330450010
1512,13,9536,54975,446387230
1512,53,4271,8325,116186227
1512,93,2076,80398,399085866
1512,33,2230,14658,485592887
1513,14,4376,30033,906652630
1513,54,9004,2485,299868639
1513,94,9607,35260,316367228
1513,34,3776,29917,443730238
1514,15,4313,44502,91569290
1514,55,6989,11134,228309974
1514,95,1901,33008,587756192
1514,35,5253,40243,707674467
1515,16,6910,52667,348928580
1515,56,2570,87808,435733699
1515,96,3108,75662,190596933
1515,36,6791,37189,565185837
1516,17,6750,75660,8083317
1516,57,3464,10686,502059782
1516,97,8391,2093,1042028535
1516,37,3197,35301,370706741
1517,18,6173,15727,504781103
1517,58,7486,14216,1010643783
1517,98,2906,9779,1062033383
1517,38,3826,47049,497698967
1518,19,772,61997,760174175
1518,59,5689,36033,228957866
1518,99,1285,33515,912090792
1518,39,8089,78998,185866019
1519,20,2315,67805,612321490
1519,60,5489,55788,25742002
1519,100,8990,78711,809558762
1519,40,9796,36902,96148800
1520,21,8941,53990,447565841
1520,61,3870,41830,795082468
1520,1,6696,59442,389966110
1520,41,9899,77763,895832288
1521,22,5583,84286,680193571
1521,62,3383,25607,792177487
1521,2,9471,30876,224348240
1521,42,4029,71435,517257374
1522,23,4350,30289,444908871
1522,63,632,19578,724553844
1522,3,2134,99744,482710699
1522,43,9567,86122,300334054
1523,24,8461,10726,135365214
1523,64,5295,73115,260114025
1523,4,5216,84894,511320395
1523,44,449,58610,140872095
1524,25,6672,62222,239434879
1524,65,2462,21734,1054485090
1524,5,948,71750,138055829
1524,45,2552,24967,978924941
1525,26,7063,56209,523502028
1525,66,4756,69968,44941813
1525,6,6693,51590,595788265
1525,46,6730,50562,1059428294
1526,27,6519,63086,221439270
1526,67,399,62839,993041119
1526,7,176,12431,7274918
1526,47,542,60880,210026609
1527,28,6653,62108,1010137902
1527,68,6916,8420,793707459
1527,8,6427,78754,32064233
1527,48,1126,56169,382653494
1528,29,763,86992,281237674
1528,69,4077,51199,831653824
1528,9,2569,83254,420196112
1528,49,9344,63838,174848625
1529,30,6545,15957,349426363
1529,70,3894,79824,327853583
1529,10,3823,64192,785749372
1529,50,1962,79325,116736644
1530,31,8434,54745,718816631
1530,71,689,31399,461732959
1530,11,5263,69216,515686718
1530,51,1489,88640,386935319
1531,32,6817,74310,571356128
1531,72,1008,86055,996023233
1531,12,8891,93035,633081796
1531,52,5769,11260,329824035
1532,33,7501,67100,78851965
1532,73,1476,90415,709157437
1532,13,2948,34363,716520987
1532,53,5415,40428,7094461
1533,34,1305,77027,755071359
1533,74,1173,3986,130319076
1533,14,1101,89774,120220090
1533,54,813,57094,799004906
1534,35,201,63161,652064812
1534,75,5920,32940,957728070
1534,15,1938,96146,413651366
1534,55,9607,48184,1010149140
1535,36,5465,64165,357032126
1535,76,9375,8474,1049124533
1535,16,9509,94455,348721773
1535,56,705,3585,714300718
1536,37,3717,32164,569637109
1536,77,3629,51235,272466259
1536,17,8090,81102,500612458
1536,57,9634,64475,304440813
1537,38,6507,24224,181944456
1537,78,8905,67169,160419385
1537,18,58,60864,135387713
1537,58,4804,86914,9855858
1538,39,3687,31842,980876440
1538,79,9255,24603,85715159
1538,19,8249,38603,550957666
1538,59,9286,63885,642613487
1539,40,4843,99432,298547828
1539,80,2579,27533,152236253
1539,20,3625,55605,1044088931
1539,60,519,29820,754414819
1540,41,787,31936,300230012
1540,81,5940,99564,1046403005
1540,21,7877,63290,1029160170
1540,61,2317,94811,691989464
1541,42,1843,224,673699080
1541,82,7056,95525,710609385
1541,22,6330,720,924043943
1541,62,8183,31812,887213455
1542,43,1681,23279,210616779
1542,83,1597,67171,988652545
1542,23,4341,84906,210230155
1542,63,5162,52492,59771888
1543,44,9756,42636,868015372
1543,84,515,27889,168006779
1543,24,8628,44575,564096281
1543,64,8056,41509,207876301
1544,45,7255,56964,540203061
1544,85,4793,68612,51618768
1544,25,536,24156,826171192
1544,65,876,17020,87330135
1545,46,8732,62442,670263438
1545,86,9802,53013,365527445
1545,26,3162,98598,1033835079
1545,66,7871,687,823519618
1546,47,5866,89317,874822828
1546,87,7765,70674,130580230
1546,27,5743,17944,281554874
1546,67,8421,2994,244613748
1547,48,6630,88000,41044813
1547,88,4650,433,867821958
1547,28,3626,12600,60199544
1547,68,8131,9948,359276582
1548,49,8908,86872,879067645
1548,89,793,27069,76411237
1548,29,1447,23168,213383912
1548,69,337,94754,610302696
1549,50,5633,39824,427847207
1549,90,7825,4093,752930269
1549,30,4829,80522,569980352
1549,70,6590,7988,461768519
1550,51,6807,8019,439454254
1550,91,7902,35782,62442482
1550,31,5840,15390,28238159
1550,71,3464,49272,784153580
1551,52,8394,67526,318079793
1551,92,3182,58108,8445517
1551,32,3304,18276,912667334
1551,72,1774,89511,524396945
1552,53,5358,28914,153395078
1552,93,7030,80233,599019760
1552,33,8648,32450,731189869
1552,73,3658,53779,988156783
1553,54,9417,95330,932374519
1553,94,3273,20932,590035634
1553,34,8045,77579,948412119
1553,74,2868,96574,153360838
1554,55,4758,53404,420385798
1554,95,2934,89957,950682208
1554,35,9256,36443,488745796
1554,75,5156,29398,776948847
1555,56,1734,2817,745099747
1555,96,2825,13209,342000485
1555,36,1281,47964,91930804
1555,76,8783,60304,71849728
1556,57,8116,71407,347176721
1556,97,5003,51106,864535891
1556,37,8161,10584,225183506
1556,77,4198,92823,285198206
1557,58,3677,52883,475172161
1557,98,9800,9553,849757293
1557,38,3408,50226,827997614
1557,78,3784,11271,681423244
1558,59,3296,41542,924536844
1558,99,6901,15328,914902534
1558,39,2595,3483,912965276
1558,79,2097,25553,215509303
1559,60,680,21182,994146702
1559,100,589,84541,748727181
1559,40,6774,16755,491439843
1559,80,9485,458,382154049
1560,61,7096,27038,917440793
1560,1,4166,11901,960178253
1560,41,3114,46793,801022119
1560,81,9226,57560,125211659
1561,62,4050,91648,846743099
1561,2,3911,75549,826683852
1561,42,1264,29825,583214716
1561,82,3191,96062,54409253
1562,63,4004,33107,914761188
1562,3,8746,11512,902364137
1562,43,784,5687,751628806
1562,83,266,97179,843579636
1563,64,6198,33145,455663027
1563,4,5180,46503,672867711
1563,44,7813,76516,325957028
1563,84,5432,8625,413215883
1564,65,4177,37924,638240715
1564,5,6426,53925,581906564
1564,45,4955,49754,770275295
1564,85,3962,71088,431338680
1565,66,140,77920,705684553
1565,6,2599,20891,99022369
1565,46,2317,83543,306598417
1565,86,4022,22901,640901752
1566,67,2660,6887,340677110
1566,7,7488,84239,708990704
1566,47,3693,36980,715535347
1566,87,2708,57165,102889203
1567,68,7871,56764,234405014
1567,8,3126,8419,119089593
1567,48,2439,61626,1040724936
1567,88,5651,96296,602797854
1568,69,1251,82417,531403887
1568,9,8837,86320,127881584
1568,49,470,50100,655688462
1568,89,1895,89923,857106822
1569,70,7228,55277,340626970
1569,10,6858,90878,40941051
1569,50,6769,29591,1057290651
1569,90,5865,47629,503347138
1570,71,7082,16781,825544748
1570,11,9736,45938,341899735
1570,51,3092,73428,677645185
1570,91,6307,51554,718115309
1571,72,2661,55924,99311325
1571,12,7273,71856,912823117
1571,52,2537,6165,607038691
1571,92,519,46809,138972391
1572,73,9991,18482,289191862
1572,13,4030,59155,830988902
1572,53,3452,47826,976675613
1572,93,4912,27460,645308371
1573,74,8043,5966,247695647
1573,14,6944,96665,444790575
1573,54,3458,91965,704125020
1573,94,8981,14263,528433646
1574,75,7011,95643,875000018
1574,15,5563,92610,356636428
1574,55,5410,66384,447707591
1574,95,7412,49947,904081002
1575,76,4468,24361,247405195
1575,16,2091,61177,748718555
1575,56,4184,38737,849802641
1575,96,4906,23055,990439387
1576,77,507,97515,541326589
1576,17,5992,88479,109212080
1576,57,821,59813,30774309
1576,97,9361,95992,123520027
1577,78,2755,58590,521710272
1577,18,2391,19790,124482839
1577,58,4671,72766,311359016
1577,98,3075,14074,252085014
1578,79,1720,99635,508436054
1578,19,7478,47952,499980945
1578,59,293,56842,596476410
1578,99,9143,30954,85998777
1579,80,1278,77277,831348749
1579,20,9355,99556,89280696
1579,60,6175,29908,257129649
1579,100,9777,83302,352833095
1580,81,3874,71786,954222657
1580,21,8717,32652,27342759
1580,61,7456,70831,718269106
1580,1,7327,56434,311155896
1581,82,320,58376,66306444
1581,22,2765,28267,838547206
1581,62,7770,87003,690012696
1581,2,2081,36181,1044760062
1582,83,3839,21093,47771146
1582,23,7863,88877,112497500
1582,63,5310,61400,459890472
1582,3,1959,94146,44700468
1583,84,188,1872,1059305499
1583,24,1002,22432,98377054
1583,64,2690,7737,256346791
1583,4,5607,86740,686546480
1584,85,1957,14234,119706200
1584,25,5501,127,811432442
1584,65,3417,56980,945607883
1584,5,5238,54883,578242827
1585,86,5742,63410,1046162231
1585,26,9526,12849,907368702
1585,66,1526,95501,1055634595
1585,6,4500,817,675226646
1586,87,7545,71719,417873197
1586,27,4829,9266,51939245
1586,67,6693,13163,244463113
1586,7,3328,83930,937227162
1587,88,2305,38754,996721633
1587,28,8988,13319,769565854
1587,68,3309,13240,271227850
1587,8,7934,71958,295752229
1588,89,3853,25559,971180355
1588,29,8503,28039,84349308
1588,69,1090,54146,502626131
1588,9,8150,54029,1032024596
1589,90,7148,92728,656830817
1589,30,1064,43988,523108909
1589,70,3048,68159,762831926
1589,10,1947,12834,687867204
1590,91,9431,47959,471240675
1590,31,6259,76507,865508537
1590,71,4337,46256,460631943
1590,11,171,20601,1023882619
1591,92,2341,15053,958225104
1591,32,5242,66296,914773003
1591,72,1617,72878,324614839
1591,12,7035,92151,1032545115
1592,93,4190,35560,265911521
1592,33,6420,75253,239169181
1592,73,5365,60603,1068488834
1592,13,869,87167,831434276
1593,94,2639,99184,225014596
1593,34,8015,58394,2536182
1593,74,532,23280,985143622
1593,14,7134,72404,56539565
1594,95,1801,23209,468658413
1594,35,1121,79108,273136353
1594,75,4100,17195,311729822
1594,15,2995,9021,11107579
1595,96,9275,93910,993325714
1595,36,569,28483,1015509950
1595,76,1649,21154,452034879
1595,16,6928,21742,114411610
1596,97,4083,14121,469954828
1596,37,5065,94883,770784305
1596,77,1404,7875,790097253
1596,17,2783,18154,708792300
1597,98,8409,37772,1061629682
1597,38,2060,82479,343053796
1597,78,4443,17728,632380286
1597,18,571,70956,91747222
1598,99,2861,70288,908804622
1598,39,2559,23069,576056580
1598,79,3257,25571,383964016
1598,19,8689,23773,88283460
1599,100,3105,69520,1067120310
1599,40,4635,12013,292382155
1599,80,7360,28076,930059836
1599,20,8251,66530,640432472
1600,1,3836,96526,599953683
1600,41,4463,46903,1055304920
1600,81,9605,7817,16068385
1600,21,874,32433,185557606
1601,2,5505,87381,662826383
1601,43,9546,85643,649761685
1601,84,2987,47128,583994419
1601,25,5804,95512,548491956
1602,3,5922,83322,866520741
1602,44,5591,8918,1027903450
1602,85,5472,54705,253831914
1602,26,4323,83077,328182654
1603,4,9774,83749,599262949
1603,45,9225,90832,232948972
1603,86,6381,50066,726105066
1603,27,9953,23415,674566087
1604,5,3984,53336,846652669
1604,46,3169,30408,1011759378
1604,87,7402,16468,364689726
1604,28,1681,82253,557815902
1605,6,7365,26292,111178102
1605,47,4791,49737,932262404
1605,88,4513,87852,477621181
1605,29,4528,14813,1061263200
1606,7,9228,26606,766054633
1606,48,14,44338,627203329
1606,89,6054,48642,578126894
1606,30,8803,55595,174999180
1607,8,4552,43117,490083772
1607,49,710,16399,3707656
1607,90,1762,14732,724732453
1607,31,6123,77164,898509581
1608,9,9288,11936,233363881
1608,50,7302,25872,158318995
1608,91,6046,88552,1013142118
1608,32,3770,93785,408992198
1609,10,2111,27422,235053896
1609,51,307,65428,431248448
1609,92,5600,70261,993947048
1609,33,8048,74835,541050556
1610,11,6086,22060,61979515
1610,52,4395,56041,116738975
1610,93,485,48681,25203577
1610,34,1563,23214,247325306
1611,12,5793,76951,893657002
1611,53,6457,23693,218315230
1611,94,417,33372,65123640
1611,35,8918,62700,6245233
1612,13,3431,64789,766625470
1612,54,3452,17530,629409473
1612,95,1384,45284,896626152
1612,36,5848,73434,708740836
1613,14,9877,51015,166596660
1613,55,3357,77576,106087652
1613,96,1504,31012,1016970533
1613,37,9689,69574,53916626
1614,15,50,12726,924428841
1614,56,6165,17510,7080389
1614,97,5161,16294,727868598
1614,38,7452,64291,711747069
1615,16,6804,29972,216254524
1615,57,5941,63638,935508549
1615,98,8318,56157,963396000
1615,39,605,91047,446847223
1616,17,7160,71115,214151255
1616,58,6990,48442,266881060
1616,99,9767,99100,457763782
1616,40,8923,55362,818895208
1617,18,5632,17697,823698598
1617,59,1196,55190,378558263
1617,100,1452,22330,263223585
1617,41,2150,89893,599453378
1618,19,3493,60028,825981401
1618,60,3360,11261,273144436
1618,1,3777,80357,470151334
1618,42,5569,25952,775389512
1619,20,1561,38743,669095378
1619,61,7539,27605,252267428
1619,2,8765,37194,408316756
1619,43,7460,71116,964730911
1620,21,6734,58655,759210311
1620,62,2369,40125,163640312
1620,3,8079,78132,316421302
1620,44,2048,98150,586806882
1621,22,401,62302,1034386077
1621,63,7628,70563,883891032
1621,4,5197,49020,956074516
1621,45,2619,28925,433528170
1622,23,6050,44053,540542357
1622,64,9430,63173,56814113
1622,5,5706,33059,848555631
1622,46,9797,4326,306396848
1623,24,9473,759,508291310
1623,65,5365,2234,326815958
1623,6,1923,13453,991163521
1623,47,1002,58989,460947519
1624,25,8464,29691,440166713
1624,66,9670,35085,321656184
1624,7,8199,92362,938815691
1624,48,4882,84978,282301741
1625,26,7713,74236,314551594
1625,67,1363,48892,885551566
1625,8,6824,67972,673623796
1625,49,7254,66268,645076476
1626,27,6189,95567,561934329
1626,68,3153,12834,208291530
1626,9,8608,47217,791087152
1626,50,7123,80413,219364073
1627,28,6812,63733,643116930
1627,69,8191,48811,660140777
1627,10,8902,2178,610287754
1627,51,9151,65175,621566507
1628,29,6468,3708,546346581
1628,70,1761,99995,1034547803
1628,11,1578,2434,672268804
1628,52,1048,79424,976572172
1629,30,4587,27938,21990175
1629,71,6430,42656,661286087
1629,12,4549,57516,724093492
1629,53,7704,74028,941075000
1630,31,6006,44403,51889656
1630,72,8369,50907,341703745
1630,13,8506,63977,36688728
1630,54,1951,47812,142082166
1631,32,445,92633,853966093
1631,73,4380,58959,125450655
1631,14,9227,32803,690108942
1631,55,2143,85020,439149375
1632,33,5870,68327,823801358
1632,74,1419,30267,211477348
1632,15,942,28252,468785626
1632,56,6044,36707,625282063
1633,34,129,71148,379825900
1633,75,2412,95775,1042136800
1633,16,1466,17852,791157864
1633,57,5321,69385,37555730
1634,35,6707,37229,914847183
1634,76,8060,62151,919580106
1634,17,4677,37286,601692979
1634,58,1839,13949,969454896
1635,36,5737,97720,166789552
1635,77,614,41504,587367211
1635,18,6007,68857,622879202
1635,59,6037,52976,53774760
1636,37,8264,79473,378122079
1636,78,2774,59363,10440122
1636,19,1218,27900,968481553
1636,60,2463,4668,679596279
1637,38,9364,55032,508117662
1637,79,3329,63599,461383503
1637,20,4839,93110,524851093
1637,61,6487,80489,12514681
1638,39,8573,41835,662152088
1638,80,4918,48381,265140037
1638,21,499,75883,369882266
1638,62,4484,49794,361304985
1639,40,99,37719,280612684
1639,81,1824,98544,1014292839
1639,22,2237,95167,128949668
1639,63,1941,74698,757297298
1640,41,9150,19923,204184873
1640,82,5179,5249,242454445
1640,23,5078,34203,71342434
1640,64,8680,53039,452839497
1641,42,1165,41674,188839237
1641,83,4485,28695,180607273
1641,24,8752,84191,1053762252
1641,65,5042,20092,685234201
1642,43,9293,40163,1030026522
1642,84,4905,6691,934041451
1642,25,602,95538,38785749
1642,66,5935,16580,544156876
1643,44,9805,64897,883425981
1643,85,4481,35990,5363235
1643,26,5839,5551,652850663
1643,67,3493,10243,279419019
1644,45,6098,47526,44439279
1644,86,6440,83654,436394117
1644,27,7170,89088,799771152
1644,68,3036,13228,510482304
1645,46,9458,62575,247319155
1645,87,7485,71453,684336898
1645,28,7112,34320,154228597
1645,69,2107,7506,39088677
1646,47,7199,26450,856117694
1646,88,3276,5472,166165708
1646,29,9645,79360,255203662
1646,70,9920,46340,228331822
1647,48,6432,41257,863088097
1647,89,7464,19964,230540290
1647,30,8240,93457,710206607
1647,71,3726,17075,457062008
1648,49,3474,91985,313109185
1648,90,2944,48574,57934900
1648,31,7586,16338,901354791
1648,72,9903,3184,628604701
1649,50,1004,91725,613280892
1649,91,9861,72860,983960920
1649,32,9023,4612,848452553
1649,73,2963,16634,401058511
1650,51,3722,75178,228550495
1650,92,7333,1393,822460383
1650,33,5258,65001,253246450
1650,74,9003,73944,898193815
1651,52,6360,31139,626817518
1651,93,7131,1864,829621559
1651,34,6072,86039,329548587
1651,75,738,11540,288144300
1652,53,6142,70967,325321740
1652,94,8659,49956,493768237
1652,35,3547,67721,300424520
1652,76,4686,41242,562209800
1653,54,4496,70584,1065619876
1653,95,3433,15294,744221652
1653,36,5113,44935,333969945
1653,77,6982,99535,1008747122
1654,55,6730,63016,54562017
1654,96,2295,2178,142178743
1654,37,595,74548,354895472
1654,78,3375,91121,694759336
1655,56,4921,19734,388907063
1655,97,2952,32183,447145178
1655,38,5431,60807,554356443
1655,79,497,16222,350867006
1656,57,4426,39745,7698967
1656,98,4184,80517,288848560
1656,39,9771,14618,783705323
1656,80,7026,54237,4988597
1657,58,5372,93155,605381508
1657,99,6916,40347,550928324
1657,40,8131,9107,142659723
1657,81,2164,37734,258830316
1658,59,6265,48777,383551779
1658,100,557,37390,648665818
1658,41,7307,58927,882551984
1658,82,5517,96884,473746297
1659,60,40,68911,874855740
1659,1,9897,58697,804668374
1659,42,3822,18911,558428809
1659,83,1993,74272,1068561734
1660,61,2177,61009,873237934
1660,2,8409,25115,426963289
1660,43,9657,54267,148567577
1660,84,9220,19466,944412141
1661,62,7554,9714,535053781
1661,3,7928,55320,580521902
1661,44,4959,13978,317877575
1661,85,1973,85018,521010838
1662,63,2426,34123,1008898622
1662,4,5704,91844,103268053
1662,45,6343,81597,208674717
1662,86,3306,79932,354599075
1663,64,5078,74311,397605812
1663,5,4415,15103,506328501
1663,46,5479,11776,615753271
1663,87,4285,39937,37784937
1664,65,4636,19261,20369769
1664,6,236,61140,251121596
1664,47,1638,30754,834647469
1664,88,6847,23137,850388519
1665,66,8722,73645,68379343
1665,7,377,98835,358117587
1665,48,6025,90221,800870479
1665,89,5628,73520,957395102
1666,67,8186,2339,909918957
1666,8,3350,82085,354527743
1666,49,8812,99382,236714228
1666,90,454,89847,10858570
1667,68,4987,79116,392188402
1667,9,7747,39039,485596737
1667,50,305,96987,145859311
1667,91,5303,99936,881708624
1668,69,5762,15565,190178036
1668,10,4954,93014,274266700
1668,51,9903,57094,381724784
1668,92,5911,50509,1045413412
1669,70,6987,65304,496862069
1669,11,8709,148,382281157
1669,52,3494,14709,799999800
1669,93,4738,86922,701054507
1670,71,7360,66765,779760969
1670,12,7254,62185,678085724
1670,53,883,96721,609063047
1670,94,533,26795,796364253
1671,72,8199,37735,421913835
1671,13,2334,59712,914674888
1671,54,626,92931,638202355
1671,95,3863,72956,668168233
1672,73,2653,19170,158304353
1672,14,8873,43917,396356686
1672,55,3505,73104,386299211
1672,96,9977,10815,69262664
1673,74,7169,66587,165153744
1673,15,6747,57037,733500637
1673,56,82,93063,1004979692
1673,97,6539,81896,452076244
1674,75,7560,23258,429130830
1674,16,974,14746,300700151
1674,57,6723,4467,408517259
1674,98,8998,80009,694196766
1675,76,2696,70752,978226029
1675,17,2914,36534,831905180
1675,58,4953,57791,353076239
1675,99,2482,88378,114819142
1676,77,3064,58822,333397364
1676,18,6199,28492,640235463
1676,59,4718,66690,39080430
1676,100,3708,95528,362425978
1677,78,8745,55360,785596443
1677,19,8987,83593,209271684
1677,60,2565,71026,226495096
1677,1,5189,43641,465892674
1678,79,3942,28800,488457873
1678,20,5050,48770,926991665
1678,61,3578,13965,756716145
1678,2,7120,73919,753600560
1679,80,1159,7544,365502459
1679,21,9033,42811,43810359
1679,62,6788,61228,765014903
1679,3,4304,9986,172098401
1680,81,2660,25476,454569241
1680,22,6418,24207,413910739
1680,63,5900,79063,771359406
1680,4,3680,62804,818198273
1681,82,7466,26139,650528608
1681,23,7206,99364,826146539
1681,64,9770,89592,558283347
1681,5,2300,97624,963113533
1682,83,6500,18675,65182131
1682,24,5054,14083,487589677
1682,65,1216,51304,320992123
1682,6,7985,55822,214737058
1683,84,7039,49878,638399186
1683,25,2347,51669,131585206
1683,66,9032,83514,1048020520
1683,7,4986,39724,666209679
1684,85,581,34662,812450764
1684,26,59,65253,389652194
1684,67,365,16970,683298695
1684,8,4217,25072,1071229330
1685,86,1986,33315,31081211
1685,27,6066,13736,387974015
1685,68,6368,16261,529142927
1685,9,7962,706,111291600
1686,87,2801,10027,290978385
1686,28,708,23979,394578680
1686,69,5941,32330,471075027
1686,10,8712,27439,450691330
1687,88,4625,49497,901584380
1687,29,9032,42233,476770406
1687,70,5644,41114,62856894
1687,11,2608,7556,657853228
1688,89,6429,69972,479105978
1688,30,5116,19107,977824814
1688,71,4638,74578,662562115
1688,12,8215,96625,203108787
1689,90,8437,11248,695196010
1689,31,8767,57721,40103523
1689,72,5050,2211,233130051
1689,13,544,18468,724718257
1690,91,443,23086,221778639
1690,32,3424,15865,730503232
1690,73,7069,26102,416022937
1690,14,5551,48744,666997428
1691,92,1344,74669,79243141
1691,33,7226,31292,639451784
1691,74,4876,72224,407193257
1691,15,7027,4954,125005680
1692,93,8019,78653,536230327
1692,34,4391,51115,845607169
1692,75,1033,59264,409064678
1692,16,983,71202,26692025
1693,94,1459,98578,814948957
1693,35,3702,67278,805959159
1693,76,2665,92380,951805230
1693,17,292,2177,1033953500
1694,95,4014,53894,23694032
1694,36,7465,20970,99609809
1694,77,2959,12722,226331782
1694,18,3120,61965,687709937
1695,96,8147,2930,628753723
1695,37,1455,13638,659789554
1695,78,4264,66660,826653601
1695,19,9154,91470,198587802
1696,97,6084,85162,884740718
1696,38,4554,69468,773068252
1696,79,3998,34126,302711259
1696,20,6697,50049,406809314
1697,98,2464,31027,994426831
1697,39,4240,12072,724219845
1697,80,7503,24546,966303536
1697,21,3912,81316,962607138
1698,99,518,50722,108321185
1698,40,4565,61390,66322164
1698,81,8881,38158,13958905
1698,22,2282,88213,901120441
1699,100,2775,87892,660839281
1699,41,518,95455,254654386
1699,82,2541,20350,500218482
1699,23,7425,84012,87418311
1700,1,2073,19845,563320073
1700,42,813,84342,548415667
1700,83,2978,75194,453186689
1700,24,3420,62982,496895355
1701,2,6042,10081,322975115
1701,44,6193,20008,1046461028
1701,86,3247,30620,594388062
1701,28,9232,69525,713049943
1702,3,3762,85764,925238489
1702,45,2638,97655,450987581
1702,87,8839,40439,100513564
1702,29,8750,51535,684496852
1703,4,7638,33713,99219731
1703,46,9728,6031,467471454
1703,88,2870,94828,1071418790
1703,30,7164,82487,531041303
1704,5,1454,52812,781001164
1704,47,4214,18306,156564291
1704,89,7757,93910,425931359
1704,31,1034,34125,923285627
1705,6,7127,38805,746319635
1705,48,8923,66499,135555309
1705,90,3916,75995,779104311
1705,32,744,39776,873560668
1706,7,7877,8823,1016185847
1706,49,5213,65502,46565397
1706,91,1570,6581,686588844
1706,33,1886,62785,385879221
1707,8,2539,92048,11016628
1707,50,2000,6120,1060641753
1707,92,3375,81131,1058348974
1707,34,1551,47638,720533119
1708,9,2781,72759,914020058
1708,51,1780,1710,925109492
1708,93,5750,1247,69776026
1708,35,4854,13407,380106180
1709,10,359,83033,579900612
1709,52,2360,39290,64780441
1709,94,7879,29951,910654576
1709,36,340,4824,58956947
1710,11,8155,82932,265952316
1710,53,2137,37974,346916026
1710,95,1474,90352,668358641
1710,37,2587,79677,483980351
1711,12,3805,78903,103634349
1711,54,6727,57415,87077549
1711,96,6614,51277,86564847
1711,38,3115,93969,642752228
1712,13,5058,33860,162651822
1712,55,5043,70601,966047320
1712,97,9725,85852,659671968
1712,39,2717,76926,421114545
1713,14,4080,508,38339844
1713,56,6315,80047,189285904
1713,98,3266,7198,323622840
1713,40,8091,42388,1031232776
1714,15,2397,42249,234825321
1714,57,4877,14897,805177638
1714,99,4467,54648,1025901452
1714,41,3103,13033,793695107
1715,16,3034,96130,692193081
1715,58,2194,86487,226629753
1715,100,830,48156,746653438
1715,42,2820,80106,1024030309
1716,17,6195,98725,314505406
1716,59,8619,43220,18173390
1716,1,6627,47777,138634260
1716,43,469,3922,556604646
1717,18,9879,29188,360260830
1717,60,939,79793,793180570
1717,2,2016,43146,137233261
1717,44,3779,3925,647214419
1718,19,4223,61354,877489372
1718,61,8456,39448,1000809036
1718,3,606,78967,158624125
1718,45,4288,36401,242706718
1719,20,4809,19088,272460243
1719,62,6903,59416,225188347
1719,4,5564,25276,296832920
1719,46,6075,53715,14311401
1720,21,8996,12438,781649101
1720,63,7653,79440,1052038395
1720,5,4005,91107,845051885
1720,47,92,84581,855199913
1721,22,70,86895,4976763
1721,64,404,12626,308611318
1721,6,7910,37673,5768705
1721,48,2602,24206,138517519
1722,23,7912,62600,482719208
1722,65,8485,83663,888770633
1722,7,5739,47992,111612456
1722,49,3738,19860,971379847
1723,24,9695,41668,428815544
1723,66,5563,35327,832807366
1723,8,4948,56789,945908423
1723,50,107,28633,163492968
1724,25,5974,56857,357446196
1724,67,8800,72974,829604633
1724,9,4278,9593,458853697
1724,51,5366,16649,1024641318
1725,26,2522,19848,694728510
1725,68,9030,41230,783801799
1725,10,8368,60471,672153713
1725,52,5746,75546,469469883
1726,27,6956,77652,464493948
1726,69,855,15012,649210143
1726,11,6167,74938,842873592
1726,53,1592,63987,643707223
1727,28,4810,16044,447743729
1727,70,8682,63344,484662483
1727,12,8921,1919,853982475
1727,54,4566,3871,387648257
1728,29,584,58682,563567308
1728,71,2322,73466,375900994
1728,13,3629,98977,207242370
1728,55,5849,85032,417530608
1729,30,4803,71238,850144632
1729,72,6442,10520,227795092
1729,14,1302,7462,403547497
1729,56,2183,58655,126999849
1730,31,9792,27356,452518443
1730,73,8850,50644,617710013
1730,15,3008,43592,618160007
1730,57,6776,94874,926086841
1731,32,9393,55126,313531988
1731,74,69,44881,553041116
1731,16,7460,95591,843759944
1731,58,9179,22219,668911326
1732,33,4552,36310,198771464
1732,75,8770,92563,384863694
1732,17,5382,68669,955371515
1732,59,9568,89852,733626502
1733,34,1199,69564,1011720981
1733,76,2253,50246,937723479
1733,18,5770,45460,379463059
1733,60,5644,23341,348651576
1734,35,2645,13932,268864364
1734,77,3865,19756,969420915
1734,19,9353,90532,925562805
1734,61,2399,7559,247974239
1735,36,9514,10836,388967408
1735,78,2873,30814,866401150
1735,20,3170,49631,78722693
1735,62,3235,6772,408279991
1736,37,788,53029,908813857
1736,79,8928,67117,151271013
1736,21,2729,83350,288144847
1736,63,4686,83264,601433092
1737,38,9256,38671,415178937
1737,80,6253,17684,442379813
1737,22,2238,29230,207175848
1737,64,1547,81792,971468249
1738,39,8410,61803,370574204
1738,81,4740,83310,462586799
1738,23,3283,10558,573483957
1738,65,9869,55772,274292198
1739,40,2391,17372,195519268
1739,82,7364,87881,719743650
1739,24,3120,11831,98838579
1739,66,847,73258,299344722
1740,41,6508,86963,715655391
1740,83,7464,62850,423346084
1740,25,6137,98795,759173256
1740,67,2153,11964,61142847
1741,42,7436,98783,192133888
1741,84,2827,22229,931279753
1741,26,3685,99184,426545705
1741,68,9948,64648,568111115
1742,43,1056,40339,1000670968
1742,85,2490,81092,720693759
1742,27,5665,97376,348903717
1742,69,9675,39661,299150753
1743,44,4383,62603,915647454
1743,86,543,39979,234202713
1743,28,1489,17872,502748600
1743,70,170,97610,528860158
1744,45,2288,81942,655342236
1744,87,7283,84992,419993269
1744,29,1656,95197,894493789
1744,71,2389,84074,511505831
1745,46,26,62053,957385848
1745,88,9486,82052,932088612
1745,30,3416,44949,864418438
1745,72,2594,34918,574151101
1746,47,8251,75450,152077171
1746,89,3756,65141,386589583
1746,31,6993,37426,661346060
1746,73,1759,70053,74350194
1747,48,7604,75015,1023100928
1747,90,7347,46167,247415586
1747,32,9887,25716,670587865
1747,74,7486,60860,980778613
1748,49,9920,18415,209552722
1748,91,5583,29283,358284837
1748,33,9560,66334,649364960
1748,75,7731,4830,234414793
1749,50,3946,90092,395650599
1749,92,4212,98002,886056756
1749,34,2441,69610,661611214
1749,76,4657,21855,495970516
1750,51,3447,14026,453635291
1750,93,7722,87419,558995340
1750,35,3724,37925,428679802
1750,77,553,56461,725627227
1751,52,1869,7501,1046842580
1751,94,8910,13950,373381037
1751,36,7296,18217,895500436
1751,78,6274,97230,396940096
1752,53,2424,91999,409280
1752,95,6786,79414,27463585
1752,37,2109,62659,740692318
1752,79,6976,80068,672140362
1753,54,361,57865,662181938
1753,96,1439,26919,722026611
1753,38,4423,3546,186372136
1753,80,7250,90399,368609810
1754,55,240,73350,361643822
1754,97,774,33966,608101322
1754,39,7468,64208,810767914
1754,81,9681,40111,334707242
1755,56,6393,46625,535082045
1755,98,3281,31676,12324798
1755,40,4151,32238,768434061
1755,82,8094,81589,273779063
1756,57,7753,49961,260150378
1756,99,6644,52749,717748535
1756,41,4476,57296,611049799
1756,83,2629,57849,623724941
1757,58,6930,56447,73181025
1757,100,2121,75744,264479982
1757,42,6338,21877,609203306
1757,84,1946,80439,864040283
1758,59,8740,2279,300560392
1758,1,9064,63837,78347531
1758,43,9686,99226,531318664
1758,85,1158,72649,135936009
1759,60,5656,40575,114015769
1759,2,6045,38804,626986377
1759,44,6318,52279,120667854
1759,86,3889,61388,826615335
1760,61,1335,95882,953372196
1760,3,9189,7694,928152973
1760,45,2352,74994,916633288
1760,87,2134,7405,66521208
1761,62,2428,7500,556667691
1761,4,785,8756,800153650
1761,46,9264,37645,1019383488
1761,88,186,48663,294428296
1762,63,8184,10796,870326488
1762,5,5013,62154,433294820
1762,47,9150,8126,426048538
1762,89,3156,28380,470319718
1763,64,2560,88004,1004077775
1763,6,4705,70274,928419084
1763,48,106,86973,445871470
1763,90,4154,30029,860881324
1764,65,7802,25101,614972748
1764,7,4009,23697,281822607
1764,49,2764,97922,241882326
1764,91,6784,25562,272611481
1765,66,2488,66767,130582919
1765,8,648,87085,64797200
1765,50,673,18346,282821434
1765,92,9938,78575,17083945
1766,67,8948,46666,953718832
1766,9,3660,16852,731587686
1766,51,8598,34206,745230818
1766,93,4325,722,11836073
1767,68,7189,67473,348131576
1767,10,91,67087,713718723
1767,52,740,83030,403565905
1767,94,7360,88154,157874111
1768,69,6366,3911,136408348
1768,11,1645,15512,495586404
1768,53,9365,98315,939340868
1768,95,9134,46547,973413023
1769,70,8556,12445,984302550
1769,12,6996,91228,875277862
1769,54,8380,21634,914460311
1769,96,1631,82171,7469596
1770,71,472,49931,1010800524
1770,13,5791,45856,803042342
1770,55,5281,91492,89939661
1770,97,8845,61216,91768517
1771,72,8009,13016,950357872
1771,14,2736,832,211428783
1771,56,2456,29498,619995283
1771,98,2792,85322,982355686
1772,73,6912,56470,160461931
1772,15,9798,58370,812486585
1772,57,3675,22879,77597777
1772,99,7781,33432,560464307
1773,74,6009,77069,327733816
1773,16,1291,9103,992945796
1773,58,3876,78884,1061884517
1773,100,9579,47531,1052198667
1774,75,6771,67848,317343124
1774,17,3163,70095,882850490
1774,59,9349,77328,433924618
1774,1,3133,65796,98597406
1775,76,1199,56044,942325046
1775,18,5786,93581,910115907
1775,60,835,5288,545580111
1775,2,8741,91620,699083341
1776,77,1695,13816,237284546
1776,19,6985,55764,828721451
1776,61,4619,79602,1029891304
1776,3,7551,27943,62960558
1777,78,6444,33923,924173006
1777,20,3081,40759,599085102
1777,62,9042,34366,1021618685
1777,4,128,88358,162493142
1778,79,6263,30023,549627299
1778,21,9023,15721,1025385203
1778,63,4411,6895,897284801
1778,5,7198,26843,730779059
1779,80,6798,26802,883500680
1779,22,8670,25852,704248683
1779,64,919,72656,579159126
1779,6,9857,70989,934280095
1780,81,3995,18600,950017916
1780,23,9379,52866,508375679
1780,65,5520,20772,825892323
1780,7,4911,87266,832136549
1781,82,5498,66083,946697881
1781,24,5816,81720,394189227
1781,66,795,49259,387355580
1781,8,6579,44449,725407419
1782,83,7112,15654,85271330
1782,25,556,81777,936934217
1782,67,4302,17192,525073430
1782,9,7637,59462,1039232072
1783,84,2708,85870,715754336
1783,26,7419,69175,637879528
1783,68,1859,440,558777205
1783,10,6044,36184,844861647
1784,85,7985,78245,132176125
1784,27,7935,90645,41800372
1784,69,3424,9675,654235843
1784,11,5842,89020,891331581
1785,86,427,70479,339301772
1785,28,2430,48370,319849904
1785,70,886,89687,563914126
1785,12,6973,84164,594177774
1786,87,4227,67120,491697549
1786,29,1424,24764,1015476176
1786,71,8403,42132,627698602
1786,13,7356,32760,1031183891
1787,88,1137,70793,529746575
1787,30,8332,24594,639220154
1787,72,9214,84026,965091529
1787,14,7298,50271,547887832
1788,89,9384,72372,943540986
1788,31,1230,80627,927624
1788,73,475,66493,942737281
1788,15,6735,80637,1045860753
1789,90,6044,35984,465729624
1789,32,8573,15813,649564235
1789,74,592,55764,231268923
1789,16,2464,83592,353870779
1790,91,3194,51653,199066692
1790,33,4546,19334,847210093
1790,75,2112,89872,62128
1790,17,5030,5516,637647484
1791,92,4265,23295,669106957
1791,34,2369,36883,406125274
1791,76,9747,40361,251643894
1791,18,8804,51805,557296565
1792,93,7227,654,940461681
1792,35,2212,27911,998948224
1792,77,1913,83970,254797100
1792,19,6252,14330,878879160
1793,94,9846,13194,186337078
1793,36,5136,99992,284833715
1793,78,3391,58867,182485445
1793,20,4813,8315,642946668
1794,95,2261,15722,655982321
1794,37,7411,23132,971285097
1794,79,5709,91304,1034136992
1794,21,7281,92309,34138120
1795,96,9534,4603,984562654
1795,38,2891,70381,348758686
1795,80,9998,83519,848913417
1795,22,5134,16157,55655812
1796,97,2086,51225,974196288
1796,39,3439,15622,317217498
1796,81,561,64026,296565420
1796,23,7916,84829,720329609
1797,98,9442,53727,75182562
1797,40,1257,15027,213846347
1797,82,1388,40355,12569799
1797,24,9838,39408,315068646
1798,99,1772,10240,224723057
1798,41,8704,93043,114975648
1798,83,5885,46298,153090041
1798,25,1832,25212,374781271
1799,100,8527,80438,831861
1799,42,3297,93471,131727281
1799,84,2437,57054,898641788
1799,26,4311,6111,765965237
1800,1,1554,28176,364562388
1800,43,3297,44422,751600185
1800,85,849,62039,56954421
1800,27,6086,53984,211183781
1801,2,6341,41886,195441047
1801,45,1080,95545,31718028
1801,88,5082,46708,926060099
1801,31,3941,30425,887774233
1802,3,7695,81377,294988188
1802,46,1908,78228,662195022
1802,89,8290,2346,711964674
1802,32,9323,92022,767044720
1803,4,8279,68568,522045792
1803,47,5967,84539,963089216
1803,90,7254,87890,173403480
1803,33,2222,59723,90972015
1804,5,7171,79446,543053237
1804,48,2719,92121,916923549
1804,91,4064,42854,978664227
1804,34,9721,84790,869193275
1805,6,5296,9881,948482678
1805,49,5750,64379,487934301
1805,92,6935,30418,896739319
1805,35,5464,67456,274849383
1806,7,708,90557,687317558
1806,50,5054,26723,338682379
1806,93,442,1086,36242028
1806,36,4730,3021,255629312
1807,8,4593,42434,817397089
1807,51,9122,26541,270397230
1807,94,5052,50843,767004563
1807,37,4075,86152,82889850
1808,9,6774,13428,285225111
1808,52,5786,34669,31568089
1808,95,4968,77078,139012252
1808,38,203,65607,345091169
1809,10,4234,73957,1066250717
1809,53,4086,51952,1057096045
1809,96,8318,50968,534808483
1809,39,1567,99160,290854474
1810,11,3376,58805,349373704
1810,54,1296,51018,274553836
1810,97,6835,33749,118932697
1810,40,3335,6898,338841624
1811,12,4995,95359,347609142
1811,55,2662,5614,405513524
1811,98,8110,70808,295486200
1811,41,281,69630,192788752
1812,13,2096,63574,945630697
1812,56,3656,79785,2883031
1812,99,6168,9585,836017632
1812,42,1858,80114,201480345
1813,14,6651,29657,59699031
1813,57,8439,73392,527739359
1813,100,5092,48808,856828238
1813,43,4017,46872,247560936
1814,15,6638,76841,121483249
1814,58,2473,74457,103438276
1814,1,6658,71441,746866142
1814,44,6720,32941,168865586
1815,16,4670,8679,35049647
1815,59,9731,45885,15630430
1815,2,9220,78854,696941600
1815,45,3708,45607,213657484
1816,17,2890,7555,310217196
1816,60,5615,36242,846512330
1816,3,471,51903,431896775
1816,46,1261,17714,476685016
1817,18,3539,34153,573678215
1817,61,9559,120,636137033
1817,4,2761,45907,286589431
1817,47,2411,46988,173739971
1818,19,5020,28183,890094677
1818,62,229,70415,265573752
1818,5,3468,57201,682295098
1818,48,4884,59755,117442408
1819,20,2192,34587,839729492
1819,63,1659,7136,1041758338
1819,6,2767,83698,547035024
1819,49,9338,33423,500481511
1820,21,7641,25330,740230162
1820,64,3242,73100,997421277
1820,7,690,40380,118643569
1820,50,3928,65799,690255126
1821,22,6974,7168,127926729
1821,65,7469,22411,390021200
1821,8,2569,61126,979040792
1821,51,5500,88250,709015583
1822,23,5485,6091,11880615
1822,66,597,5360,264676402
1822,9,2603,97454,863999986
1822,52,1999,66933,664475415
1823,24,3920,90142,56808088
1823,67,6454,40067,392600760
1823,10,7038,7301,999351396
1823,53,2835,51579,865262680
1824,25,5596,92906,516091763
1824,68,7577,36750,480717348
1824,11,7004,2876,805165009
1824,54,1421,3297,639828571
1825,26,2270,14809,217477204
1825,69,4932,64948,452244186
1825,12,417,81526,646785137
1825,55,8232,90096,296810565
1826,27,6774,73764,473525481
1826,70,9757,316,971012937
1826,13,9872,41221,104847113
1826,56,9455,8952,786210238
1827,28,2484,35857,606351002
1827,71,838,71625,87857652
1827,14,2589,21360,506931206
1827,57,2946,84948,85589766
1828,29,2911,69004,515325666
1828,72,9877,21775,143575268
1828,15,8704,61920,168165053
1828,58,9958,40107,845259439
1829,30,7250,80357,820598708
1829,73,1098,27379,797868508
1829,16,691,44384,64706462
1829,59,7784,25578,1032423619
1830,31,2568,40840,178747397
1830,74,8276,1206,818376772
1830,17,2382,18747,817150229
1830,60,4627,25782,122610981
1831,32,3739,70950,829618695
1831,75,9172,69772,453952643
1831,18,7301,43774,812715123
1831,61,2545,59703,809469353
1832,33,8724,42515,70266155
1832,76,4477,80050,972693539
1832,19,859,53454,583238570
1832,62,1545,19965,376456996
1833,34,6229,3374,181149893
1833,77,6125,89004,533726292
1833,20,7351,5674,17027235
1833,63,8704,75518,429724672
1834,35,7419,12163,666838647
1834,78,9513,50188,923706916
1834,21,4914,65675,125693
1834,64,3930,23334,735918094
1835,36,6150,97017,519589713
1835,79,3022,10510,936840381
1835,22,570,38773,154507596
1835,65,4601,32501,482532012
1836,37,5168,8242,971462399
1836,80,2700,86131,997193553
1836,23,9134,62883,1061113454
1836,66,7225,46353,410979361
1837,38,10,48358,182056090
1837,81,5214,78086,286372667
1837,24,5037,26044,266994308
1837,67,3427,83720,81327363
1838,39,5733,4921,152136991
1838,82,1734,21756,723300778
1838,25,4565,48577,76492519
1838,68,8708,64353,940745786
1839,40,7626,76668,176002516
1839,83,8972,64036,860007994
1839,26,5798,43350,914138612
1839,69,3736,28194,380967586
1840,41,4568,44969,151342327
1840,84,9246,76166,722825145
1840,27,1356,9611,167848924
1840,70,2373,24269,950906342
1841,42,5471,23068,80264696
1841,85,5526,17411,478477432
1841,28,2046,37769,146389988
1841,71,9703,44271,104027248
1842,43,9291,18863,1072124532
1842,86,9517,78860,350790615
1842,29,654,38854,531223125
1842,72,8466,96061,783068835
1843,44,1955,15829,1001251632
1843,87,9467,26139,903498425
1843,30,2172,93398,1004050421
1843,73,7026,26323,1013516565
1844,45,8183,70790,278951929
1844,88,6605,68575,891545887
1844,31,9119,12682,959865182
1844,74,3878,85412,295723294
1845,46,1585,60775,617272737
1845,89,2886,76073,435095326
1845,32,6203,48514,943353849
1845,75,513,12905,52693309
1846,47,102,27651,469816920
1846,90,933,19985,674249518
1846,33,1604,38720,454536736
1846,76,1548,38428,524285213
1847,48,3239,33836,27933429
1847,91,7057,72030,656500231
1847,34,3612,26743,1044902327
1847,77,2827,42519,1040874240
1848,49,1125,54512,978468827
1848,92,3194,9401,511006427
1848,35,1695,82122,589733693
1848,78,2373,24758,784586752
1849,50,7562,38250,641475954
1849,93,1330,26474,1038106304
1849,36,2644,16921,975334726
1849,79,5399,94404,3701556
1850,51,6687,38315,39309832
1850,94,2502,29844,653883549
1850,37,188,11605,737101859
1850,80,8515,66163,1062995784
1851,52,5765,21905,124903412
1851,95,4909,54101,869649170
1851,38,7982,6138,562691682
1851,81,6005,86703,968741552
1852,53,4462,87921,199724217
1852,96,105,80315,554037189
1852,39,3998,12640,383870535
1852,82,645,84843,519130266
1853,54,8286,87181,1016520041
1853,97,3561,21316,193886336
1853,40,9351,40613,999786016
1853,83,3758,86342,488279277
1854,55,3825,15059,922630037
1854,98,9635,68161,381915046
1854,41,7147,42451,878091168
1854,84,8252,99896,614773298
1855,56,7749,33949,174587093
1855,99,4451,67070,1003854678
1855,42,9411,89552,466336565
1855,85,1559,10559,315099038
1856,57,7134,66598,663332414
1856,100,2050,44567,795806558
1856,43,6083,98999,576305730
1856,86,766,58758,560253914
1857,58,8314,42805,35458638
1857,1,6540,57880,433362246
1857,44,2456,886,766311315
1857,87,1584,54925,648555024
1858,59,109,65714,437074622
1858,2,9448,74591,52628028
1858,45,7268,19208,74505435
1858,88,9175,83109,826259144
1859,60,3090,19311,274870441
1859,3,8542,8915,253499230
1859,46,742,4149,411534887
1859,89,9800,20340,91511622
1860,61,8882,13124,67670078
1860,4,8112,21552,787176189
1860,47,1851,17311,397806490
1860,90,8702,67585,965185842
1861,62,3956,48739,18828150
1861,5,2379,87434,30019892
1861,48,5719,82054,739514891
1861,91,6700,77585,1049973153
1862,63,3249,86748,314067632
1862,6,5277,47653,406072191
1862,49,5515,16705,553220879
1862,92,6066,61128,795565707
1863,64,2473,27635,92876336
1863,7,6866,43978,948212753
1863,50,8256,95333,343112016
1863,93,8883,76793,823581443
1864,65,8998,62476,383110564
1864,8,1484,94361,608384947
1864,51,2402,25165,501130183
1864,94,5217,98753,692514123
1865,66,6994,12270,16795762
1865,9,3341,44348,644395911
1865,52,2786,19656,656585760
1865,95,2365,14309,953331981
1866,67,6424,54822,527545866
1866,10,3059,29277,513183094
1866,53,2720,93597,1059745827
1866,96,8168,66103,196671215
1867,68,848,14481,300319416
1867,11,9464,54859,395058102
1867,54,9810,48888,762072836
1867,97,8716,3449,238715104
1868,69,1000,50687,982294419
1868,12,6243,62678,936268707
1868,55,1228,2631,800441251
1868,98,6200,85552,1065807064
1869,70,1462,19788,692734814
1869,13,5652,28073,825404171
1869,56,772,17766,283026529
1869,99,5080,8582,977548492
1870,71,4792,12104,268861939
1870,14,6472,52764,486075256
1870,57,1194,16467,672338345
1870,100,8225,60858,164079993
1871,72,309,73088,1072927354
1871,15,9101,35787,423415579
1871,58,5504,91762,1040691965
1871,1,8420,97186,8651666
1872,73,4049,44775,562304592
1872,16,7877,6783,15523571
1872,59,8482,35357,955085984
1872,2,7011,60975,499428401
1873,74,2893,55995,354484387
1873,17,3180,62917,657525795
1873,60,6909,31813,248781584
1873,3,9489,40531,1029508289
1874,75,9264,5362,76593066
1874,18,3841,28106,925787229
1874,61,3130,63997,299453145
1874,4,891,93495,237374418
1875,76,662,61302,801782320
1875,19,9412,48517,1043950518
1875,62,6727,56491,498277048
1875,5,6575,24516,71882100
1876,77,8057,68487,784007533
1876,20,2144,21493,784272722
1876,63,966,9253,1023811882
1876,6,6544,87455,340411469
1877,78,2300,36391,410123379
1877,21,9797,61732,933567821
1877,64,5569,84081,531840663
1877,7,370,80442,732927734
1878,79,3320,56735,201094328
1878,22,2556,24570,616973666
1878,65,8183,90304,143901872
1878,8,6260,70819,707272362
1879,80,934,64360,447724155
1879,23,6795,89487,786823325
1879,66,4287,18066,844816028
1879,9,8505,54148,967388541
1880,81,4483,95349,715100928
1880,24,6785,43679,633127900
1880,67,5745,66972,726364595
1880,10,7547,42402,21031888
1881,82,341,81063,968326805
1881,25,6776,3511,1046001482
1881,68,7365,97873,647386193
1881,11,8105,10547,383439634
1882,83,9673,66202,105673635
1882,26,6238,80005,649629577
1882,69,1940,98044,608841398
1882,12,8928,84509,22768596
1883,84,2359,77826,433689532
1883,27,1411,42243,455160877
1883,70,1157,9367,537691004
1883,13,8548,20225,843541636
1884,85,9702,77442,710392010
1884,28,3308,82575,157739119
1884,71,3047,33450,843877742
1884,14,3465,71089,1059818898
1885,86,3167,2351,1052510102
1885,29,4703,79583,260654822
1885,72,1018,2946,550034922
1885,15,7657,87912,787807537
1886,87,9501,31782,400114480
1886,30,9063,7198,572308112
1886,73,6773,44522,993035920
1886,16,1177,52055,573188981
1887,88,1763,95071,294751389
1887,31,4155,66123,191949965
1887,74,9721,58444,717143494
1887,17,6852,72012,603811100
1888,89,6777,29723,469174268
1888,32,8829,78194,713866073
1888,75,9696,28076,252167145
1888,18,162,69914,50744241
1889,90,6330,39291,66402145
1889,33,3382,48446,271387924
1889,76,9824,57410,1043046655
1889,19,5512,67337,444336782
1890,91,5417,74825,875262868
1890,34,9100,51291,399084728
1890,77,9243,27683,373104380
1890,20,995,62958,385189864
1891,92,9067,11948,200996019
1891,35,3676,26949,1029916933
1891,78,9897,10098,882492170
1891,21,5443,8050,972059165
1892,93,4562,50049,390868116
1892,36,5184,34430,676741132
1892,79,472,57273,380926741
1892,22,3763,63942,829473665
1893,94,8578,85848,211799941
1893,37,1282,11063,722104825
1893,80,3414,52437,687893250
1893,23,1434,12001,847469375
1894,95,1373,30195,450112532
1894,38,1651,17758,819029264
1894,81,5910,73824,831596501
1894,24,6928,20454,1070386077
1895,96,7358,34067,61648919
1895,39,7052,55927,445686683
1895,82,4450,30179,580543478
1895,25,4930,41731,1006846107
1896,97,4860,88481,279802078
1896,40,5531,94209,849256040
1896,83,264,70209,704622558
1896,26,1512,93050,993584388
1897,98,4442,59277,721891460
1897,41,4801,75671,409636158
1897,84,9701,81156,477498318
1897,27,8470,63051,812717601
1898,99,554,77472,115208815
1898,42,1335,85493,938682540
1898,85,8381,25416,863771650
1898,28,1298,18025,874801732
1899,100,6296,68033,111095142
1899,43,5769,95690,84739861
1899,86,9884,76395,362552750
1899,29,1008,65563,817561421
1900,1,2512,42704,1015582252
1900,44,9587,58328,954154258
1900,87,263,23098,902229948
1900,30,6955,18888,80791191
1901,2,4457,87264,208770032
1901,46,8938,33104,89159998
1901,90,8181,55354,193289807
1901,34,6712,6053,998957967
1902,3,4705,58179,163824484
1902,47,2430,3459,940689376
1902,91,133,11998,410685005
1902,35,1723,82936,738412657
1903,4,7439,8137,376516495
1903,48,4695,13701,443722144
1903,92,867,34574,759985042
1903,36,1293,88590,147502405
1904,5,4974,37925,678433070
1904,49,4758,66427,721710879
1904,93,4107,65508,1060118834
1904,37,496,8499,414246623
1905,6,2650,13679,462235953
1905,50,8180,62385,715099172
1905,94,3299,77392,363430682
1905,38,553,42519,140294109
1906,7,2500,43646,785947983
1906,51,6118,11335,703767041
1906,95,9309,17470,344538275
1906,39,1821,38655,394135821
1907,8,4774,51607,1021147047
1907,52,3655,38881,462648518
1907,96,5786,38996,48351120
1907,40,627,76125,560899931
1908,9,8822,20118,259244214
1908,53,5074,87070,646686438
1908,97,31,58721,841266482
1908,41,2987,33263,415506708
1909,10,9284,29356,907421203
1909,54,8668,9284,1038707996
1909,98,8614,10499,562493260
1909,42,4705,62367,119935498
1910,11,7879,91618,382051094
1910,55,4062,82143,186833397
1910,99,2789,79844,297917411
1910,43,8252,94176,649697075
1911,12,3823,7001,359526235
1911,56,7996,13286,795290059
1911,100,9552,39773,955934856
1911,44,3028,58773,665887393
1912,13,1828,96850,962803353
1912,57,3658,95212,215155543
1912,1,2388,38845,693831162
1912,45,3971,48764,139711129
1913,14,4928,19657,186795906
1913,58,3074,22545,588999428
1913,2,7958,16766,831716217
1913,46,4808,83871,68510306
1914,15,9865,35703,135299013
1914,59,3584,83094,855322573
1914,3,3962,66037,828093015
1914,47,2697,11700,32750063
1915,16,7309,64965,614221653
1915,60,6131,74213,418701675
1915,4,9606,56178,770839114
1915,48,3044,43785,579869492
1916,17,3644,55784,1058290590
1916,61,3639,24508,620650761
1916,5,4599,38031,849116481
1916,49,800,44543,31787458
1917,18,6642,3963,1001195015
1917,62,6403,97256,368729244
1917,6,4174,21364,36881667
1917,50,5939,42821,862123302
1918,19,3892,28068,1028293149
1918,63,6920,40603,821977250
1918,7,245,19516,905098456
1918,51,8443,63754,384498474
1919,20,1933,13643,12263610
1919,64,2496,49435,291196637
1919,8,3892,11582,324417284
1919,52,3925,82524,413226916
1920,21,5249,73554,456043273
1920,65,7651,74684,899605033
1920,9,9214,90133,675325091
1920,53,3846,94849,445265394
1921,22,175,31229,3034389
1921,66,8386,8546,55029276
1921,10,2383,4481,564304700
1921,54,1142,16774,17095538
1922,23,10,25969,429523257
1922,67,4370,15041,986453248
1922,11,2633,64104,764696192
1922,55,4061,7340,504796562
1923,24,4076,4299,573063836
1923,68,8770,55247,975896045
1923,12,6385,86940,828877215
1923,56,6357,71909,943302609
1924,25,2433,94205,513915636
1924,69,7234,97112,557623385
1924,13,7210,3733,646405540
1924,57,4542,25780,570628047
1925,26,1095,34620,586924303
1925,70,4563,53148,181019021
1925,14,3791,72495,563274088
1925,58,8139,50144,500809998
1926,27,3197,33002,401747714
1926,71,2200,42436,525720554
1926,15,2027,51238,553750072
1926,59,9827,39266,100839635
1927,28,2362,16752,943999843
1927,72,6180,51562,804341154
1927,16,2820,86490,361643682
1927,60,5005,3533,399076572
1928,29,2293,65436,894928441
1928,73,5753,4007,231038241
1928,17,8711,45516,138122525
1928,61,1372,65404,813948407
1929,30,2641,67204,58056239
1929,74,3554,39319,444207192
1929,18,6749,21286,938900562
1929,62,3086,36672,749395486
1930,31,1392,76097,1023259677
1930,75,5204,59395,386190751
1930,19,8579,65114,310025569
1930,63,6163,87052,862406629
1931,32,9887,64651,603981
1931,76,9842,98116,190241163
1931,20,5425,92720,884448759
1931,64,7897,18543,410803741
1932,33,2424,80635,642023874
1932,77,1325,99344,1003992597
1932,21,5040,60762,966203368
1932,65,5582,58727,58211913
1933,34,4298,36382,709175282
1933,78,6461,10733,694967361
1933,22,4703,91609,390435930
1933,66,9517,22221,1046891212
1934,35,8439,63317,92629374
1934,79,7741,63573,1027069061
1934,23,8765,56146,449072198
1934,67,1932,5087,958945547
1935,36,7648,7494,472370057
1935,80,5662,1011,112669449
1935,24,9731,51671,200242047
1935,68,2565,25731,197588617
1936,37,2959,7513,805619800
1936,81,8604,29417,1048234892
1936,25,2682,21826,1029708946
1936,69,5188,27514,289053952
1937,38,4417,14428,387627814
1937,82,408,53234,753467107
1937,26,6340,22184,622747892
1937,70,4045,50107,819582098
1938,39,155,4395,81263012
1938,83,3808,58970,452925065
1938,27,8785,16099,744187762
1938,71,8057,76412,187031813
1939,40,1005,60451,453189029
1939,84,1695,36645,568259046
1939,28,5522,31245,884132916
1939,72,2014,88569,450461893
1940,41,9543,76079,812526023
1940,85,9490,53416,595847169
1940,29,1615,84807,225936465
1940,73,4195,88012,537802113
1941,42,586,3964,384204649
1941,86,5591,10628,535376458
1941,30,6027,33055,948370230
1941,74,4298,33985,622699548
1942,43,4860,78348,543307193
1942,87,1279,19563,775317945
1942,31,5561,46500,807954625
1942,75,729,31432,1028345121
1943,44,859,22264,448990687
1943,88,5043,90903,736795793
1943,32,9896,39684,16562822
1943,76,9447,54029,431442527
1944,45,9168,86716,875102284
1944,89,6994,4622,168475268
1944,33,4885,83212,500857890
1944,77,6728,56704,206450777
1945,46,1262,3275,311268730
1945,90,1648,18845,9602593
1945,34,680,73623,566772798
1945,78,4836,41500,346469300
1946,47,225,4057,334910723
1946,91,1830,80914,767602678
1946,35,4042,98105,139882752
1946,79,8911,12981,802695859
1947,48,5401,6334,162588954
1947,92,3163,92740,699450774
1947,36,4664,53958,889042441
1947,80,8828,774,458736432
1948,49,5180,52469,827097113
1948,93,2779,39277,233443447
1948,37,2435,14994,287243967
1948,81,3498,77402,344128584
1949,50,5142,18248,1026517422
1949,94,7102,19629,54221163
1949,38,6275,53019,355630844
1949,82,8220,96314,383512607
1950,51,6081,76205,1030858980
1950,95,8110,72902,999457789
1950,39,3470,9362,86842899
1950,83,1114,23451,481494211
1951,52,7712,52178,200808339
1951,96,6924,49480,1036245000
1951,40,3852,62135,228360595
1951,84,8140,64036,960943690
1952,53,8180,37665,924514192
1952,97,8886,87010,306836643
1952,41,3716,44340,412490317
1952,85,5299,91639,61135219
1953,54,1900,34528,417603791
1953,98,8441,19050,512796867
1953,42,8479,16934,92440510
1953,86,2113,14878,835773883
1954,55,4279,21369,84604850
1954,99,1455,29081,802553190
1954,43,3659,74448,814883684
1954,87,9746,11283,241580755
1955,56,9824,43946,649336780
1955,100,7345,58716,227443856
1955,44,8445,43846,292381431
1955,88,9683,81075,331263141
1956,57,5762,773,187862482
1956,1,7024,28969,147674742
1956,45,8495,89252,638611189
1956,89,7958,67585,893523089
1957,58,4082,58585,987581542
1957,2,2367,33024,402299391
1957,46,6302,15902,706761220
1957,90,3335,55717,809976259
1958,59,9191,616,911350049
1958,3,3224,82921,41011078
1958,47,3684,59947,300768193
1958,91,8481,55472,22054842
1959,60,1889,65561,315863669
1959,4,9571,2783,1008243211
1959,48,1492,39555,329316829
1959,92,9119,77829,602562726
1960,61,5383,97102,618936788
1960,5,771,31083,846783474
1960,49,8905,49378,23322336
1960,93,5075,50255,117469357
1961,62,257,90611,658645006
1961,6,39,38679,123184212
1961,50,2787,54950,900793114
1961,94,1964,88665,559637597
1962,63,4969,94870,600766663
1962,7,7499,82103,784473244
1962,51,6692,91885,882634009
1962,95,4516,64782,380161940
1963,64,8869,92369,59043356
1963,8,3144,16306,300583922
1963,52,9746,60264,1031053695
1963,96,1309,83519,997617812
1964,65,8225,18709,225058976
1964,9,8770,71985,855884365
1964,53,4335,69586,21059988
1964,97,3758,21607,945222827
1965,66,3875,26836,734576472
1965,10,8624,163,667187557
1965,54,7497,65635,225153949
1965,98,5473,53898,188565076
1966,67,9486,93771,502836004
1966,11,2132,541,884035858
1966,55,9873,29833,928209998
1966,99,8530,31874,799248424
1967,68,8441,69161,1039730764
1967,12,545,61337,881344104
1967,56,4935,38058,717146746
1967,100,8523,98188,855439422
1968,69,9224,2159,555028078
1968,13,934,40082,1051704978
1968,57,3076,52940,97204960
1968,1,4899,72651,4504361
1969,70,9744,79632,666287745
1969,14,4767,35828,339664142
1969,58,5139,78641,365558569
1969,2,1961,48135,465427029
1970,71,1005,34677,624136696
1970,15,250,18299,1022773503
1970,59,1539,86364,739920013
1970,3,2608,76030,638338888
1971,72,248,32670,912961064
1971,16,2625,67060,358060727
1971,60,4886,22288,1002779918
1971,4,2581,93105,1065027750
1972,73,2891,98096,589056613
1972,17,8232,67129,728800427
1972,61,7800,75657,839130490
1972,5,2825,45679,108826177
1973,74,1763,14824,501023486
1973,18,4934,26606,148873591
1973,62,5623,39903,923577241
1973,6,4918,40416,994155266
1974,75,9984,76236,161003675
1974,19,1136,96709,38934801
1974,63,9273,30808,829275442
1974,7,3924,21076,260790699
1975,76,4102,93442,605011062
1975,20,4132,59821,608379819
1975,64,7849,28948,936823504
1975,8,6978,30799,299807806
1976,77,8511,71428,479693188
1976,21,11,14469,562204305
1976,65,1244,41907,289511994
1976,9,3635,60969,932996117
1977,78,6019,51419,1043546074
1977,22,3309,76057,209997409
1977,66,6329,80087,947242641
1977,10,8305,82237,238139417
1978,79,9375,49831,70494720
1978,23,88,64047,913431808
1978,67,5563,25647,709673917
1978,11,2277,95828,915403932
1979,80,2836,95116,133921913
1979,24,5657,21253,15703783
1979,68,4443,71616,899338934
1979,12,7458,71256,457477146
1980,81,5544,11010,34953390
1980,25,8546,48182,478598636
1980,69,6445,22795,623812217
1980,13,8469,15722,865283461
1981,82,1795,35632,303744214
1981,26,6873,93917,352263004
1981,70,18,54136,753163383
1981,14,9242,94345,147174766
1982,83,3859,58651,178343579
1982,27,1027,55494,137534303
1982,71,8491,31075,974787676
1982,15,9193,20165,269319181
1983,84,7560,74658,420874772
1983,28,9992,51041,905649123
1983,72,2408,28006,192900064
1983,16,6540,96580,341131691
1984,85,4661,62376,172451339
1984,29,6524,14271,68308519
1984,73,4988,13894,159885996
1984,17,6850,94825,968542176
1985,86,7737,26744,872160746
1985,30,6773,54150,815164507
1985,74,9004,30149,92121996
1985,18,3228,47840,83177676
1986,87,5486,70071,946352502
1986,31,2411,69256,249337401
1986,75,9987,61912,819937739
1986,19,5376,10061,795920916
1987,88,1914,95995,918797420
1987,32,6609,15815,682244545
1987,76,8840,87419,50113691
1987,20,7471,27537,847221771
1988,89,4490,95317,641013163
1988,33,9691,10267,75612888
1988,77,432,51348,961017768
1988,21,3751,83600,525714884
1989,90,359,88064,376487301
1989,34,4783,88525,836138893
1989,78,1186,39791,985745987
1989,22,8639,49467,370524012
1990,91,8341,47119,580215634
1990,35,4167,37025,62003167
1990,79,6565,30324,946651622
1990,23,894,82909,655385130
1991,92,7842,57925,570285593
1991,36,4445,44250,463232920
1991,80,2963,74250,987349015
1991,24,2204,75126,37992036
1992,93,2726,12329,637523677
1992,37,82,40598,417880609
1992,81,5671,25086,755095876
1992,25,8181,60344,941213601
1993,94,6338,35409,699304405
1993,38,1146,35608,490271894
1993,82,7163,74800,136959154
1993,26,416,39983,504698592
1994,95,1432,80253,335878146
1994,39,7758,71878,274728065
1994,83,7373,79008,19881975
1994,27,1500,25128,570346275
1995,96,1304,78617,346384269
1995,40,4695,49976,1032231636
1995,84,4864,7577,229098883
1995,28,1587,4273,596095313
1996,97,5281,11356,254456043
1996,41,1141,82142,441899313
1996,85,4318,46803,898316961
1996,29,9520,28702,397413794
1997,98,9746,94384,318747142
1997,42,4758,3703,172326856
1997,86,352,18726,882884464
1997,30,6256,59147,38208124
1998,99,8516,91012,1067764356
1998,43,7641,80819,685252618
1998,87,8240,202,178645233
1998,31,8835,30074,64246199
1999,100,9234,78169,225098251
1999,44,7434,20900,739189987
1999,88,1912,40286,1057519132
1999,32,2322,85587,420417329
2000,1,698,12203,559761367
2000,45,3410,23106,406411607
2000,89,2642,55865,667550535
2000,33,8414,79867,526117776
