C_CUSTKEY,C_NAME,C_ADDRESS,C_NATIONKEY,C_PHONE,C_ACCTBAL,C_MKTSEGMENT,C_COMMENT,nonce
2092658267,-574842241,-1572683992,1248242034,-1960307074,362202520,186233235,1471336553,89556
522815876,535331102,860203424,226103383,-1216777611,734006107,1298237777,192853200,89557
-1165681619,340721993,-1975633936,-211953284,117297430,-1877055648,-1467387058,436071012,89558
934472146,276156250,1159006480,-848783479,-173364777,1363574545,-1096997978,258496282,89559
-1548619894,-102247056,729479552,1606931778,907212396,707553058,-130643108,-37083630,89560
-106751679,1792872738,965395871,-1770141058,-137824783,1898441862,2000918916,2093294970,89561
2084279667,-113109796,577761910,-1977517038,-511836966,-105634410,-270459301,2119089984,89562
-1374077535,1398683057,659444789,1808498227,-1518921500,2062563963,231496644,-531094850,89563
1309188318,-1244145224,-330171158,-1646066069,1608384803,-1962065104,-548730444,-262579608,89564
-857595814,-258499770,1855419169,-1222590883,1258866865,1366230192,-240123464,-1368528895,89565
2135533630,1800238439,-122839030,600108148,-864834990,1739715608,1911753705,916631089,89566
-2027253558,1609493645,-2136549961,-12617343,-1719185301,1407739122,-595354617,157506920,89567
857188604,-1611071250,638112732,-967181903,-2051192780,287390374,1605054816,1733632618,89568
1700837715,1826911605,-1982124034,-268121281,1341258261,2129662594,-688425967,-1235946769,89569
266473949,-1795347705,-798405512,-126269169,-1125754796,624010508,-1623600567,-2092792964,89570
-524305982,1275708630,-1627210304,513544918,163221659,-885709668,-88075133,-1248055920,89571
-2070876189,-1834941076,-1877882670,-1167335810,-1445753953,65685226,1972889581,-508409952,89572
-1256142418,205978607,1390640724,-1689465891,834332016,-1526023670,1314873125,25729289,89573
522135937,1403422412,-513963370,-1032105431,999248394,-751713869,1561887826,1435393245,89574
-1357920563,-1803922834,-159405847,-906668693,-835580820,-246042851,1695986734,1774414751,89575
-637044201,-1803514691,-1759282592,1761184173,692043076,1453288851,863329680,397806425,89576
-1695756059,1447167416,-1817610871,1288046874,234198432,1307508964,1427401925,434970792,89577
798308622,1977951671,1983795941,-1856137788,-466942760,1532497738,1270980402,-2022841826,89578
1225999623,-3680269,-1186904498,-957377805,-357710389,874218730,-766901134,2140036774,89579
1794641471,-1354141496,780081837,-870631758,405683629,-12758441,574612777,-451562465,89580
-878003712,1452320709,142404810,131675219,-1054736931,232296461,-1253458887,-220634744,89581
-2039345173,170840451,-1990036592,332743755,-1321046630,769204003,33520577,878199942,89582
135493211,1605507160,1839095845,169029342,1756437633,1668713481,767805306,2137349114,89583
-2077987792,-2044728021,2137545844,-464329079,-938551771,554487448,1067949741,1899393699,89584
-2022484792,96907513,-1714084176,1833647429,-1969651344,897380388,-57887881,-1649739351,89585
1306411286,1014688991,224693359,156944338,209080994,58892552,-305276577,-741344957,89586
1063537661,841553608,-1651577227,-2031910850,-1441188666,-123662273,1191966587,-985620748,89587
-841575503,1292082761,1222022182,-1440073359,1672731159,2130476963,-21627872,-1102484200,89588
-1232099389,-950073072,-1533860702,1881337518,727074367,-2121996187,1907342221,-1710067025,89589
-1087033338,-2021923192,-1028434932,-1264488991,-1397251629,-1132434922,-232170236,864484666,89590
1827345906,1534624964,299321158,1638472086,2052627566,-1710779503,-1384017106,-648471472,89591
-1044821594,-1169373183,-160439042,1041586001,-1366600893,-1118726331,-1537695034,1788314085,89592
-1784287766,429915659,-1090542242,2088194628,-1707347096,-1243482199,-1361725304,1333802499,89593
-866691035,-1080193037,-172704263,-1576420311,743360012,1008438851,1837645298,-1907718185,89594
1113400452,24103571,-1523354360,267183560,165963072,-2062282279,-1531377434,1494483532,89595
1278555672,1276168331,-1581500919,-931129404,-1798543447,1853952672,-153415455,-649369774,89596
772382482,-1421393674,-324287178,837988830,946743625,545720950,748358453,-1739584965,89597
7847943,791012858,-1240856283,49600311,-1710627046,523132361,-595197460,211098749,89598
895454611,1827352228,-1503403194,527831900,-606395024,-1351272238,-1380203653,-1813073364,89599
439432760,837473517,-1109790573,2122732563,899945555,-968518944,467263049,-1419642974,89600
-338136932,1489189474,585185593,-1632770307,-1993819882,-41205412,495553124,187487252,89601
-1580769541,-1295279389,1810632400,-272126305,-176360175,997488754,463196700,-182279577,89602
-1784320125,1312144657,748907105,184362163,299758603,-200999545,210925135,1573152501,89603
1049632345,-1278967818,1152637329,-84818125,1764429890,782605932,-961829273,-1679142019,89604
-268603089,1545550772,1000008228,-650398619,1437028840,-384205171,1718375055,-68030079,89605
-1127681720,-1458714962,-694882765,-63646000,870109143,325630611,-1294755303,365141771,89606
-357833305,957854374,-505215863,970599685,-1011059052,-1962824101,885370210,2017628474,89607
-193751879,732543107,1507894358,1621820135,855675053,-1112520923,-277062885,746516896,89608
1647063664,1629984112,-1663368759,-1038058890,-830899417,1581979439,-2026085263,-454397726,89609
297284089,222679,-1783799093,-1030977876,1731921513,1384840421,994429541,-1154734079,89610
-2011798360,112165216,1269609076,-1195520495,236520830,1701219792,1896852292,-964016173,89611
-233902963,1818047506,-890797004,-1277906341,1941542017,-1399576884,1829338105,1432256395,89612
-1557439295,2093076084,-1413164385,-261014213,-955279557,-1353475746,-201409142,-1973279437,89613
-1474540940,206890938,495055903,867185232,-1834091956,236678431,144177164,1072391861,89614
647165945,-175126779,937296163,321718831,-1935344963,-12496867,940796674,1382485061,89615
151393100,716037929,-288254529,-600605781,-1077598754,1009399339,2021780692,-2007358238,89616
-1031105141,-1111632622,1423509471,-2051444806,-87367859,-1562768455,-981194574,216838613,89617
-571969916,-1155581582,-108755619,-2136546394,-2054957378,1077250769,-1093310179,-632391088,89618
-1703627446,1373284977,1610697951,372720032,-1276438101,2044007964,493776716,1671419342,89619
-1384420994,390742505,-1603987547,1815056811,-1982938759,1581128895,2048997155,-131102526,89620
1498943620,734060115,1740343140,2049288942,583357115,-348922534,-579999138,1980157752,89621
2058773424,-1444295944,2092983026,763965499,-776398096,1167583671,522773178,-1664259024,89622
-80473996,676735932,1602970302,-991933272,1049580652,-738184691,-258128356,-1400314401,89623
1959391461,-1115146468,1439935098,1616246219,-1697141917,1327969299,627230113,-1930941242,89624
2088476318,820081791,953231088,620739873,-282517212,-304197366,-1751157943,185685891,89625
-1910166665,-1498952814,-1956411979,-1428123116,667101624,-314715104,392106129,-1816561831,89626
-878671196,1051543197,-1646772978,2121303579,1821876204,-65748252,981665354,485329000,89627
-300296454,-969248145,1084070143,-1555141636,-595845227,-1018969306,-484030740,-1510171241,89628
-540813089,-1458414890,741237488,1396242456,420471142,-1024916874,-1327095377,-580583164,89629
-1453143504,751593761,-2141025436,-1207275244,-509457967,-171491925,-1960818881,1705025644,89630
272046596,1126135983,-1640650955,-244016222,439191895,-960120369,1221129092,-1042946631,89631
-113913825,1692115110,1898597888,597600527,-1092386906,-685552888,-233933676,1929203320,89632
-639073396,-1661052111,-1562027835,1749750373,-1901748420,-118951712,835096079,-835102137,89633
665997987,1313173127,-328685875,-1514110965,-1723626762,346626379,19457748,-828046539,89634
-1585853798,583769284,199670237,-785469274,2112788117,239817957,740942780,-1843332969,89635
-1805371546,990608357,784026075,-1446073544,-1820393292,-785668701,-1227788132,-1653837128,89636
759428910,1866587767,1031918112,-1250158853,420407403,1905396589,-246311750,1319089062,89637
861732767,-1792738620,-992268290,-366230922,-2145603150,-1906648183,776697386,297426536,89638
-923052440,-272562176,-2036678316,-213390271,1518232685,600191335,51194642,925483367,89639
753898169,-1793650725,-285652252,1257345341,-65877206,-571596405,1506471344,-1687873244,89640
497937786,-1917599021,-564572485,999611231,486295653,1382715672,1032094230,1966981642,89641
2042965111,222310521,-1224097813,-26901082,661180127,257845369,950891549,-1871510910,89642
-1201047239,-2125463826,-516969868,2115291806,-2091077804,1619393283,-841686891,1860583844,89643
-91650867,-1884666732,1404839678,1268694242,552904492,281526879,1958552247,248690272,89644
-1334738416,-1268069384,1034463300,993597127,299759531,750402179,1464694494,-1551873658,89645
731848723,503705130,-1002038342,1340469462,-670773970,1382918945,-145120986,-1451010105,89646
-1242734457,455294928,-119930729,-887883537,932470732,287493491,-1420952414,-1939967801,89647
308266773,-1073190779,714417534,-1711348688,925643714,1017956959,-1113071827,-1694397684,89648
734739016,1549356631,-735484424,-499289565,-1517586714,1179617381,1715271907,-1140062139,89649
993018913,1092206695,-1842979646,-1459892166,-833693602,-233403844,-2142230970,2116559012,89650
1534511359,-1151553632,-120846735,166277343,-398085718,1733669930,-1467108781,-168164226,89651
-1369871972,-1409982179,-147838249,886044738,1832356386,770940820,-403600731,-1916387239,89652
-1827640949,529558278,-713310683,112709513,-804029121,1531922889,707554631,677294286,89653
-1001271935,1420077474,-143002299,-813658336,-578354816,1296080045,2005396075,-1935807709,89654
-1527047487,-1882187259,-603986700,982704248,-1505192441,-1076281599,-878185975,1712296986,89655
-1407673198,1277707516,-1791519753,1084717039,1100251922,692848222,-203458275,85295575,89656
996697752,-1852240339,1774997846,1884594780,772270786,1592773683,-1448711463,-2050728561,89657
-1376165628,1792646368,709492984,-694739289,630316711,-607462565,1376210844,-634904477,89658
2139090285,1414243492,623846549,-1876014850,1867403417,26613535,-502034774,-96159192,89659
1763654046,2122212413,952900980,-1647657871,-363155313,1021677117,-1130011595,96808368,89660
1259274967,-2042251269,-1383215623,1386779324,1755463122,237462924,-1100550189,401373574,89661
-374965503,1018310345,-919838039,1057877785,-2050265016,1356006321,715055941,1161588949,89662
201762314,-1112484667,-455437993,1813871565,1326167180,125419591,1708307724,1624697472,89663
927595468,289650650,-1016354025,1604674488,-910695773,7323983,1376398846,-1790052534,89664
-1968052706,1074664154,1542170661,-1228440655,1678251998,1102007098,-1644584068,1234907115,89665
704923285,1447931522,1615658567,-1834510361,-980933283,-1337847573,205684276,-2132920115,89666
1572046675,1572865239,-2142074893,831782445,265826519,-992072681,-182698224,608065957,89667
-687302416,362683693,-1107079175,1616166414,-1821828195,835549988,-655483058,143107071,89668
-1962586064,-122818158,-5636407,1253917444,-63538240,-1848973421,1512471598,-1467042171,89669
-80467882,-1192356305,-1998165198,1932290961,-299400220,111742991,1244187184,-420691619,89670
1204949455,-212224765,-198625154,-800031198,-532680994,1308138002,-1562909148,1439487601,89671
-1546293628,1932698728,-212720451,279501502,-1586766025,-1785288140,1834609836,-1329241684,89672
-1132279243,308800080,-1509937198,567457888,859261685,-1607656593,1391709600,-1315270169,89673
2050147971,-703670881,-971095802,1605504961,-1905663390,240175515,2021282231,-2083415000,89674
-1051175094,-910407736,485802250,1600177495,-788180217,-1748201937,1461349535,-415394661,89675
-391573283,1445498049,1338598965,922323612,2023292785,-1631754201,1788518429,-895123132,89676
-266212677,-1768478970,1212566115,3639013,1259606250,-1621776980,1192269487,1997965347,89677
2130154393,1428981687,916258689,-1086045914,-519277237,1995336391,1149560679,1393854868,89678
426035419,1893209657,1853438252,297466005,-1822798846,1187053380,1583160220,-1293096423,89679
-1371028531,1194681206,965563037,2123201875,1085003026,1115852447,2140213933,2087899664,89680
-1164138786,-1517487588,451271298,1598027938,-1860930121,-1502058256,-2028408431,1481401105,89681
-527963781,-453809759,1200280152,-721620813,601075599,-783010016,27511295,-719322748,89682
1503655791,-1684053076,-1728538156,197110893,340853126,-709530918,1110233543,-2021844859,89683
-1136742749,-1329086924,-629773568,-1206031838,-1970550077,-2002154700,626687743,-43157014,89684
-92104415,-1750926330,-1661984015,953468833,752346828,1904117232,-1838283049,-116471421,89685
1821707487,1124985946,-1943674638,-1758527248,-1151409768,-1330735653,-1770016257,1435543050,89686
721781728,-663683842,-1607195097,622872268,715883751,2029434540,-574844643,-44074084,89687
1667635146,-126119623,1766700503,902998461,-1927795884,427398272,1063241669,-638664056,89688
-697606795,-143795279,-2051600871,200355829,804836580,-1284663952,1202540294,-910453618,89689
1892226170,-996645733,890498367,1637006225,-1166404299,730247721,1688085922,1560997828,89690
1274632168,1692778019,-1677101720,-633212324,-1344864158,-441949835,-77093569,646435963,89691
615338127,1436475155,-1955657969,-1092325272,399967770,-2106167265,-1821725122,190862083,89692
1064401714,-1751475956,-1235595358,45338169,838619461,-415762589,810470234,-85679214,89693
-738749563,1470088717,832467732,1181057498,1221247605,510395923,451798351,1452178391,89694
-657485433,329131848,205505548,1160966870,235639790,-881911819,710851151,1978879703,89695
-1127338715,816589682,1515396827,1615377082,159719735,1238140424,-126980196,-1278381900,89696
533773877,1405813011,1851988559,1370097402,-22673475,-1538520019,-1470442732,-980821019,89697
-1425107785,-1166494477,-1714558867,348553508,1291537834,1914912220,-278804743,-590345694,89698
-1754510465,-1666715993,-27773371,588012148,1423714612,-1352082938,104838303,-898389425,89699
1466980328,1519731720,333604526,1529492073,-26436700,375146380,850945081,1983931165,89700
-518145685,83171229,-323631104,114670788,-1014613833,804394139,726298034,-1486592525,89701
-1046066638,-1443220849,1487350404,-723561780,-1298086024,-164620090,1959116922,906776816,89702
176117693,437271408,1710398966,-1013349801,-305900730,-2021034422,1017433958,-1206465183,89703
230693368,97705152,2062814021,997589287,432803540,-2019122857,-139422302,-1194002834,89704
1471031174,990969524,1440574610,205021026,958768241,1475013906,5731975,1708057798,89705
561292546,874384722,783708243,1902404433,-143022917,1270651708,-1740692904,-571926530,89706
1757903230,-872661222,445836220,999915337,-1469126874,-44436290,460374696,1986846166,89707
-1232893024,716069596,732616542,2146121384,-884620768,-87172044,-1759334620,558331210,89708
1532363210,-445089065,-1340234430,-1774493825,1616212770,-356588026,-1249689116,-1927419881,89709
783086734,-135866145,-147723841,-472932315,-1990673634,235461601,-679637088,-528318677,89710
1100397746,-158091958,1439189121,-734924229,1735369740,1628886506,1157729913,1894700738,89711
1318094157,1650545172,-1797324583,201322477,-834224068,-250775550,-1161734953,1417822458,89712
-737604717,743218672,1595970115,-71085405,1817790770,-119771028,618914219,-1781665016,89713
1518141166,-882612698,2117090154,-130389775,-815172550,1420631943,221670536,-720011340,89714
-262083714,617794776,-1119889202,2131206213,974391413,232923380,224962152,1017905251,89715
267603930,-142092025,964268903,2123856090,1787355620,-995539767,-1295430017,-1532631017,89716
-1923127605,294952579,-1935200909,1833555856,-1726859926,-1225498418,1180839702,1786729408,89717
1671253975,1579928820,1901342706,1589598196,-1555570206,-2118819643,1019902963,422310250,89718
1080451934,-1373715393,-1601278713,484216348,-238594527,698948887,-1670858742,34526612,89719
1632640773,179785760,1144291780,1603315022,2119880229,41870946,-703100592,-823045631,89720
-1099401338,1741614540,-1202917297,-1618233995,6145942,725742888,389037386,1419016148,89721
-250961920,-568878058,594410649,1930135536,584884507,-1423061163,947401683,2039345303,89722
-1729125578,-1894024382,-345347508,-954636798,1987527786,956928363,-1605452178,-742507627,89723
-1409841751,100609272,332668310,-1630968391,-1174684778,216478514,1403600911,-1303240040,89724
-1212349551,2013976681,1680955798,708795245,37267151,-2032781813,-232050741,-1404944725,89725
1055128958,1389294192,-1195542478,982607069,-1370943335,168718931,-2042278246,1494126184,89726
-48809258,984110267,-1650607585,-2093818570,445500095,-1130443859,613906850,-238172563,89727
-404789279,-468511793,1136347075,988663776,2146006792,967505346,1314534093,1077724346,89728
-913323807,-13852373,519962709,33984542,2042474665,-2019123314,-1738176797,-1992761039,89729
-1317025343,-1144319964,43441016,1288916684,-1821904227,-1048099667,1092602135,-255622630,89730
-2069163848,192997536,421639141,-1997562966,-223273518,-835322684,-1981969806,-481219230,89731
-1072145247,525630807,-1889430758,1329612905,-1812498430,1761315954,2083727933,1913069883,89732
-1933986077,-2131639887,2086035747,-1761384286,-1708556438,428082771,-992709108,875809633,89733
-1727231418,-203023772,1724106690,307413933,1039670731,2115068684,-846528441,-1358261188,89734
1809270531,-473826805,5274099,-758338491,66197399,-1423536194,868932897,26525833,89735
391662728,-1564325140,-1687308749,-2099060128,-162773567,-1639549289,503495852,1272916172,89736
1238856967,600882905,1210253746,-197598600,1484933257,-1164824847,579718134,772636039,89737
-500661741,-732234157,-766205509,459398748,-940996502,879227147,1547981161,-1858091361,89738
134161090,384221290,-889644630,-1695230932,-988362535,-1734938397,464963430,1804635570,89739
479981294,-1417736773,-31121276,-77209045,1092683368,-367992058,594341302,1389054499,89740
-1847458958,-203917545,628673881,490075308,1251371387,-1080688474,-642032347,-587675970,89741
-1806821361,-1835241552,-889693633,-1688005731,-510240646,-405649734,621899129,-1623570815,89742
352943199,2001085503,-1801772545,-317524584,109797521,-807687648,-290754040,545736582,89743
1168504417,2050460498,1831782497,-1268544649,-1805232629,-25369922,-669276969,-1158320467,89744
1439082030,1155716568,-411092147,-510169941,1293159909,1864891544,-631000262,836524297,89745
-819610468,-220846808,1762001869,1770909482,1752563013,-93473356,2051828706,680904340,89746
-189361773,-1721605520,-1644320859,-222905062,1196968784,-968336298,-1224210241,2134602745,89747
747183440,836488466,-551705096,-38186079,-138263139,1173963339,-1688709930,-1894656119,89748
2052796440,-235324650,-78790816,1866326172,-1720973375,-387456715,1541260662,1137097543,89749
1759041131,-417476742,-1388264495,141225501,1589434528,1626848342,1371050410,-1397260440,89750
1880811480,2120752694,1435491536,-1580741201,81272301,1025035220,-385064343,-1581877454,89751
214108537,-1120402325,1197206446,-1118109203,708334452,1478585447,-1595493167,-852609848,89752
363279894,-1468121402,257115499,1892549987,180614035,-1573258628,-532454447,-747080611,89753
805688338,531906872,-1537985660,1287020993,-927792865,-2008673754,1865720649,383057320,89754
550620896,741434688,1939134197,-626383688,1902422047,-362279132,1437244568,-163423738,89755
274042068,333366248,-1815247305,73566972,-607600029,468036456,615025194,1779812616,89756
-1549091161,-301106785,-362036340,-476662073,-275476007,-160355750,46501961,-1318996260,89757
530006029,832269414,1262439707,530239169,1037874074,77659737,-415395296,-1323903869,89758
-202091847,-2010076122,-115284817,-1399829172,348866319,-193285166,1464445845,-1235533415,89759
506182282,1690418597,1819790431,421545183,-1871324819,1618859881,1640798,-255236237,89760
-1592186823,668855187,-734298737,980067551,82040671,1437895063,1487417910,627891846,89761
-114731762,-199618604,249779862,-573594472,-1781869258,1427397539,-797429449,-1093664378,89762
-1287606796,-781554206,852319244,520967629,-225666029,-2114545215,-1972330340,1216192830,89763
-504855111,1261362096,700601121,1221503409,1659712346,90719915,-796174059,-1663107747,89764
-289472715,1875641903,929368035,1857696785,1467015779,-978114166,1189805516,-126171285,89765
-1026300566,-425094432,729908887,-598175487,-178429165,-1917510719,-79810976,-1294902329,89766
-1169050464,-466391721,-1679248442,-1310599194,601336943,-766998495,-2133074154,1309268068,89767
-1775877018,1482752951,629555185,-1100736145,1960757586,-2037463571,982841787,-345696638,89768
-1560924013,1751341811,-1233852657,1056647852,1997410501,-1297784644,770096933,-2143923631,89769
1095905437,153734483,-1485768447,-1215806380,828750024,1119201369,2136433076,1155563858,89770
-1301166636,1377850514,-155393830,-1060732251,-156495260,1169738156,1131036282,-1251285619,89771
-1316914233,1157730870,-1025184432,-1248067262,-2006355695,-128284623,-1265406606,-2086918400,89772
1804647113,1421996964,1703601356,-1666985498,-76211938,-1439300578,1809619571,1926131253,89773
-840143613,-896366903,-495830395,812211720,-386638671,-1874429347,-2025832587,160228907,89774
-1886083107,1737016796,134725229,-636105306,249361432,-947275036,-532186323,758550504,89775
-1600377254,641699870,425453481,637864159,486307650,-753743838,851039603,-381552136,89776
-2127002661,219863316,1002287584,923617843,1444592401,-1041985183,237487777,620472655,89777
-121927821,1058412345,-680240681,-552831738,1345598890,1144674392,-1348000373,1696813082,89778
376079165,796237371,2084950128,396888045,774917746,-1323284952,1693837120,-818510617,89779
-1539246656,-1542329393,-1742357009,-1241244158,-102937078,1283180698,-277668673,1857791798,89780
1209234174,1185336371,-101216512,1200803244,1429552740,-2122132068,-28763188,-1497428795,89781
-1748732338,425662162,-711507196,-222842739,-676362956,1346780005,-500019814,-776637376,89782
-1488727276,-1634282679,-1790949114,1071342283,1390217721,-1905783373,-756802701,-1108702729,89783
1748785110,1399970634,1944244831,1874551149,-592716535,-429929965,576891038,-1960815351,89784
2075924264,-1484734530,1914603168,619818696,343259966,1897779369,-1339885508,338987444,89785
1329056959,-930357129,-1260283793,-365164619,-414713097,-1642826627,1079082305,1393687844,89786
1980161165,1040726678,1283251511,580940154,1726747251,1233075655,1674015153,1100129948,89787
1572430777,52927192,-864677086,1373233823,1223667211,-962071341,-2029057112,-1454175400,89788
1466611447,712769066,-25294296,-181110903,1200282461,678173923,1542506731,-639071215,89789
162761198,1869007789,1169792567,723052141,480322001,-313646895,1130691763,-1810645220,89790
1274151970,1192138545,1946971161,1190908363,-1432214790,-1952977341,-325293654,-1764782973,89791
199002410,430572028,-805102188,1942867242,-1239392965,789095676,1305018323,-969592600,89792
-838215487,824507839,1674679807,-1333899928,-685243964,167307836,1815627001,30023747,89793
1898219078,-1335532284,1848175773,664173415,1800358116,-134273398,273265395,-1801300432,89794
-1610056716,-869860047,1296968848,-1239567773,867970681,-933022135,-556946074,1966921503,89795
1350846925,608349401,-1227576383,1597761234,12468612,243115988,-1394664684,1266850563,89796
1098682004,-438750886,-161991995,1379586563,-1008014152,759528721,682184869,125341294,89797
-3556431,2049531258,1453144044,-1916088284,-521980720,-1477437340,1615879888,1023154393,89798
682523246,1131240524,711732577,-579626270,1429750467,-473419677,1797383640,-150780435,89799
-61559747,-1464564517,799347622,230696335,1586738172,1857481085,578884359,-1825266248,89800
-1215137173,-1683771912,1323424082,-2021324926,-1877524776,78599695,-112140938,140773600,89801
2009285872,896850082,-524841124,1430688716,515468853,1894886254,1334170154,1545901296,89802
1375324121,698708271,-849873929,1868257001,559342863,383396274,-1958664071,1989686435,89803
-1766282782,1095612488,1844274718,-1429650940,865478506,-873943038,-1749776772,1561215407,89804
-139452976,-1814187826,1104487196,581185515,1291099725,655676510,-911290901,1330899523,89805
-1492009982,-254048377,824272055,-1534592907,-337263814,-50051595,-667392880,1735879368,89806
41313526,-280840854,923207457,-2042188485,-725628005,-694321722,-1105924344,477939754,89807
-1770838048,137455,-2023076142,1810905889,-1586409867,-846920491,2134683558,-68861543,89808
-460076047,-1381275920,1420185004,1660220897,1022775798,1539557829,1636603263,-922111571,89809
-1136741799,-1059712169,-170928047,533318739,-579157999,1953041134,1852406957,-2093912694,89810
953047164,-619966671,815938660,-978315085,-713524420,-1808364054,-823227392,-960071719,89811
389782363,397207595,389322337,1531228060,-477209630,1322276478,1727106967,714755739,89812
-980526698,912095585,1884000659,1099639980,-105085718,1244286826,-1251506622,-598729267,89813
-1463003357,-178201412,-1052098981,-397163097,1424511217,1950268697,1562856473,543682428,89814
457674521,1777908028,1371942299,206169371,410642956,-178524953,1509731689,490809254,89815
546615033,645068667,-556026254,-2124856080,-1703670907,-1943082853,1689005395,116577843,89816
-697062801,696461957,-1247468524,2134552095,-682815202,539417256,-2103407380,1563397969,89817
1420459883,-1716037487,-2042500597,-1727667656,956436616,527620650,1554244453,444956599,89818
-737842549,1794288996,148204491,803391185,985991533,1578150841,-1499968337,402899320,89819
-622987435,-1155148660,1918166674,1595278778,1343259398,-2107030516,653948278,450119689,89820
-151326977,-1356086847,1518635629,1083930219,1582670483,-1978148174,-1317216774,-528817677,89821
-1538433455,1871093690,-214237285,-134669721,2100664545,-556949638,414961619,-1180058773,89822
1186543600,1898084677,1980534867,-544412934,-1040671050,479609455,-155985531,-10574772,89823
1161983999,1489343178,-86591705,2137330753,-1550324848,-98637171,631850903,-142664840,89824
-48344487,1399960772,-1716356732,2072008287,1475132003,-1980037150,-1023866425,1804744322,89825
838708138,-1646229093,1297842981,-1106471887,-37278750,1556311505,2003439296,-953034181,89826
1367895883,1018967233,1163548346,-1784769295,1799316301,-520238413,1112696291,-2080098034,89827
840238289,-1214115924,-11461476,-504093218,-15967986,554729203,-1179492112,-1882131330,89828
1685702193,-1087442421,-289838587,554006415,1536184828,-128401742,-1479932476,-2095576325,89829
-1594095434,831054279,-161875948,-1612893902,847882326,-425658683,-474590189,-61776010,89830
-384696703,-189574106,1430433785,-783194540,491461668,482539393,2070888760,1851254424,89831
1059016736,-453165681,1461082836,248755768,220711117,1477084255,-2104321789,843268061,89832
606172801,-1991031384,-177765506,83865770,95089547,-956111613,-20868435,-1619849341,89833
759757310,1228564662,597393877,659401961,-922855819,43126347,1594498318,-263033910,89834
325998624,-455198622,1601134690,102423749,-1535733218,-604518523,-771559475,-1286974124,89835
-845299662,1634537373,1664240536,-772073645,818385179,-111018795,-1184949431,124204178,89836
-538252394,561393212,1300938306,2110827949,-868537131,1072400162,-413574504,-571671776,89837
-351786482,1827830665,533334062,1505497240,874365161,1525435818,1119103832,1524318396,89838
100308818,690776640,908752754,367478867,-157932944,556879318,-573254561,-1330505444,89839
1309245006,479558901,2058699793,-1137010168,-236330588,11788046,1249204517,2079358533,89840
-946824829,1929094662,1711674203,598299994,551293996,-1946270742,-858799029,2020442348,89841
1202008445,-377104137,-229999337,509375636,-1048231434,347191105,-1906798014,1033631813,89842
1213854361,-1267070391,1399810835,950841234,727833407,1611495978,1531175547,-1656730787,89843
539108503,1913390756,-1051722304,1268818554,-1533743290,-1168650996,1806939957,131937883,89844
-1453337198,-844511452,1534201853,-2085451099,906324522,-1240802288,-271330047,-762678577,89845
870325,1111556986,-1736408658,-417595935,-19086226,443158157,-1698037227,-853977022,89846
-571134514,1664392669,156583808,1377782892,-106124181,-1305321298,1208386234,1100398318,89847
1652310884,846902955,-1222822051,-945732079,-1315027152,221657486,1088447219,-1532766487,89848
-1932730923,1353147402,-1272366851,-990417731,1066920350,151676260,-1813661264,-1462738824,89849
-1168290611,-42609435,1579951929,278786178,990048675,982032274,929494250,1508083636,89850
-1565640343,-2119916496,1627939526,-97857283,-425457157,-1586229279,-1706317168,437054649,89851
-1061253067,546022021,1982172685,-813665783,1347466015,-495412044,377548079,31311015,89852
-318124654,1784601545,999321240,-890119107,-462519315,1325894365,-747211900,-2010306614,89853
-1997371601,-349704828,2098476235,-596085292,1155696079,605307036,335022479,215429720,89854
-1997615590,1726842319,1418379433,675100512,-1687323874,254392031,-1201493046,-2050636180,89855
-1952378222,-1236740035,733862961,929130624,-1397232850,1966184982,-673076215,-93395807,89856
-1157291278,1756079736,-2025658614,257246991,-966060064,-774002276,1727058750,2097397951,89857
92743594,-1915023861,630767149,1247122318,-916455812,656470766,1628199124,-1562918570,89858
-1567852682,769132115,-1479046433,1274053745,1355799675,625636515,-1125794757,1633520456,89859
-1748631647,1793541217,1239343185,336333238,517635170,-479112435,-1697506937,-176726554,89860
1467930011,-410617069,-1081060992,1708496484,-807998028,-1560903146,1178194003,1410181067,89861
788050098,793668849,50533804,-57987565,297489271,1170972320,-953881754,-2076742071,89862
-1006886981,-1519375013,-168478001,-318466275,-1637475770,-449027255,224526215,-966129989,89863
-1276221728,-945852475,162348899,2147236806,-519645760,-1029246903,461349930,-843077971,89864
1618947759,-1202212956,-1104275161,918176066,-1442220323,313706212,1660927640,-2050779830,89865
-548252595,1334898411,1188370927,-774261517,-180221154,-1328313739,-490242811,1666866673,89866
-56872026,1786707509,101781628,1745689565,-532832629,-907530918,974831025,-1573734907,89867
1964553883,439539255,-421086703,-1831778011,247101615,-2012560619,1142349289,-538351043,89868
1082386775,1959125415,-320882529,1893506908,1213037646,1350080338,741102205,-133885734,89869
-166283881,-1640625658,-1022917249,2129229906,227802755,-488640155,77005760,162875745,89870
-2109991190,-305915212,-2070237000,1503984970,-330218578,1187354343,-1580729029,1528609185,89871
-2071943744,-509059406,-686465029,1689632069,-1557334282,-432515442,-501481034,878797422,89872
1337624877,1909184510,-70240888,-284797741,-1324592109,1826023645,1675404674,1668309700,89873
-1605674875,250260621,924065769,1032212609,-1337643738,1727658209,-614399949,526309924,89874
-1236889003,-991121689,1879009569,-1871618800,162702763,1976466397,-1694651226,1951217204,89875
229954710,-44055508,-1618583159,-289680104,-1389757656,-403064126,451176338,382711204,89876
1960269208,-1803750659,1917643623,932969870,-2009266922,1534903605,-167629777,848290325,89877
1558937608,194859798,745275162,-370441005,292796582,2140978527,1669532198,-1372975048,89878
-1183610332,1955630763,-80012195,-955312930,733137810,-335281780,-437669933,1287046628,89879
-88321654,1026155901,1203247975,1521254092,696844348,1593980861,677668961,1580325525,89880
1003452913,1621556288,1290454908,959388168,-1779222859,637298675,147604599,1619730256,89881
1767129636,-1669130652,1886708031,-66495767,442516470,1662183344,-37882351,-232833469,89882
-1459631222,2131649456,2144869494,-758681948,-1895983410,334344997,-836246561,453181410,89883
597942842,256473069,1438427709,1225261925,-1762863124,1066537846,-1476222146,744802515,89884
764702759,-794401354,-1896577976,-557022314,1977650695,-1077787445,-166862850,1950938652,89885
-1518901957,1277112825,-1346578265,-1260994140,-1257912476,-640407184,1733020003,1033378161,89886
-314635907,1148939421,-553029621,1739046670,316962852,575777405,-1454186496,1428349835,89887
-439214428,1723778778,-1123195408,-990530973,-1578190610,-393491350,-565751611,-1217370380,89888
-372297938,-832593978,-1505763827,2018131423,1220432235,145233288,1460873007,-561334178,89889
183755914,1997182668,-1140431544,970246042,2049840497,2006126790,800951377,198462080,89890
-1070236720,-616192634,338703763,1660595896,2122408345,1265323839,18499664,-3202128,89891
-1745061443,2088773054,1598319654,-995950929,-1659360817,1472902668,601366042,1550382161,89892
-666107578,1682677858,738340340,1933855885,1152548653,1655231637,1226537432,-1985989763,89893
1198838859,2044566841,1479665331,15771387,-1373834020,362497783,899082452,82744910,89894
803609455,1764509374,-1021549767,1765074564,1481682882,-471055982,1719277548,-1349538209,89895
-1878908037,248129086,436559885,-191600863,740465466,-1366928718,-1941080338,-1910230655,89896
2043819561,630112460,-875998912,166375372,-299451037,924908896,-708479282,1978307739,89897
108825865,2101394688,-339673837,1172618860,561224132,-1603540355,392638168,1491135277,89898
-1154907070,1137321781,1397530980,-1714757301,-1560066243,-416208352,1921671763,744630981,89899
1789822860,1654177417,-127622842,-1504442658,907159877,-2007655677,-486095553,-1617754109,89900
-1918022588,-1261405373,-1496359232,-663832888,-131532839,1176991566,-665352315,1475220143,89901
-867589512,899835393,436661310,1985982047,1880622722,-413663509,1284185318,954713004,89902
1380137792,1086945812,-543627959,-1922931504,-1170762099,-392871066,-296572122,369590248,89903
91426294,654265999,-555651376,-2140575541,1438635146,596540641,-157730115,-1628585420,89904
-1620880392,-364297462,1674205737,-1746600044,-1582652114,-535373908,-1846573013,-537640527,89905
-1838954648,1898079564,603519506,407113120,581471658,-2125419558,871476528,-1659530124,89906
839475912,568996398,1258648286,-1820930195,217308227,-717439782,-1996559041,1837291389,89907
2051996985,1680318248,-742121052,-963915284,1301247949,25642100,-235141859,-555993234,89908
-1203686124,2137522194,-254483009,-1851036124,444349899,167733063,279517043,-2037696568,89909
-1238500166,-1471653521,1691165413,-1975754319,-326712494,-505981791,-494123273,-650484810,89910
59172993,1399788972,1035030811,-1126463741,-848648271,-1377353476,-365933465,1849868252,89911
-259138655,20703455,-1986060160,-1900015028,-1064065056,1372800445,1975457155,914947629,89912
-1980725407,-2013759663,1628259137,1592804024,-514630865,2085579386,825084582,1310019459,89913
945535712,519832103,-1913684595,1171438413,-784295656,-171130063,821512723,753085327,89914
-791657071,-1007482469,274300140,-57299773,1164880270,-934859508,-1824388971,-1162349667,89915
-1817382127,1038473690,-1168279289,1283497502,881295692,-2038241204,1899571804,1626741734,89916
2141454438,-1305669435,-570693414,-99839391,-1801038556,1498824283,-542760494,2087485768,89917
1322503552,-1104479200,-2006602240,1896026119,-927179816,-1049859518,-429548755,-1857454253,89918
-912427660,716692422,-2084461074,1931364916,387845456,-1449190047,247405116,194228628,89919
-1250835670,252088244,14961540,1584592856,-1897817654,1628262819,711851374,1682436856,89920
-1239436991,487702028,1454174629,770191949,-1080829973,237375521,-2034462230,1747462107,89921
1932594606,1628180737,-824920932,698030972,1440324509,1767477766,1015233597,675774977,89922
1312427948,-164848207,607261875,1956422401,-1004783611,-1710614699,-2010131915,1943696516,89923
-261254052,-379600763,2140254820,-334350997,477846884,1334454640,342014138,-1323354162,89924
-1956193739,-193671157,-391186305,1080053304,437484147,-1391345895,2106762889,783244697,89925
-446401945,835507745,221872350,-1966166564,895341484,623006616,1834492631,-1471302489,89926
-310335064,-1676834430,-1979387879,642109427,-991506419,555260122,-628129297,-2029947122,89927
1169884407,1786876795,1926177722,-1408045099,-2142147101,-739210629,281587197,-1360205067,89928
-483852252,-74360240,-2043878623,684759824,-2094024317,-2136521053,-1563777213,-246785832,89929
-1329117664,-1789424546,-513750605,1585381929,235922803,-765163784,409174027,-228290842,89930
2001964974,-1078126371,757716642,-1967318815,1615288884,1700042493,-394304105,158531517,89931
1277039433,-210247147,-955677699,945812821,-520645018,800108971,1725373231,1171081049,89932
-516780675,-1659519117,1509066527,-2117106805,1242822694,1363521142,2065279626,-1027673195,89933
929061280,701422176,-1722042677,-966538922,-1682495951,-1906743657,1416463798,1085735331,89934
-798138958,-907546056,1899735591,1141353927,15891054,-1773793950,692700710,-1899960294,89935
-245210973,542293932,591364957,-681401942,-1973999968,-34527609,1363013805,-398063077,89936
1788941359,-1200668499,-363728145,384508755,-2107487172,-977060166,-977637412,1733846426,89937
1655988838,1244968729,-833958743,2014159838,1691242045,-1444302471,1566635834,-906285399,89938
351569642,37641193,1583461378,-1733890361,-841255472,1992740081,-1219101834,-491952851,89939
-842188218,-613505446,70284633,-785137853,22722471,-888922643,-921443354,-1679419827,89940
-1358927687,-950477148,1218897891,693232042,-509687542,-463628488,1953390880,-1248890287,89941
515569821,-1353295573,-957003012,-1882020242,-342915771,-288975024,-1972722659,1385471746,89942
-648618473,-2145277791,-562673650,122754831,1152838518,350654808,-337704289,-1880363181,89943
2077816405,-524622653,1381945176,602707128,1498097287,1016081089,-1019489615,115325204,89944
759391705,608600599,329587370,1630613869,2026230594,288728166,-219504186,1303088607,89945
506527189,656988650,1947241839,-459940451,1594780667,-1653221883,-1194001017,2026085479,89946
1149765553,-1174198292,-53644503,-2059126121,277885538,2114890551,-1744408972,2078467173,89947
-266971831,-544646769,-1001858571,679806432,-1874125530,1675773023,-1836753237,1457971553,89948
1409785027,877440018,2049177882,-1590961018,1008590269,-1919500092,1711125609,-875330559,89949
-105886498,-455446673,-1647190448,-2046198219,637247745,-1017279467,73819780,655855343,89950
-1189503694,-52420849,-103852782,-667550858,-53469005,1306888767,1758197411,1460878006,89951
-288778713,662991289,-2142738504,-810358312,739226569,2019907195,1808960629,-609969715,89952
-366720492,-61551039,-2070973703,-734466300,121952154,1903738377,-1045924215,-1667255285,89953
391301265,-1311105771,-1385159705,995535663,-12143971,-255485379,153220583,990934854,89954
1821924970,-661387433,-1816326673,-1196744528,-2143984194,-737684618,-2040552548,967046590,89955
1384748560,192600287,611557631,900872935,451564902,1387123551,-810363169,308415485,89956
-1850262281,-2028658728,-733587984,698731560,2002256996,1150952588,1579096824,-301950784,89957
529163103,-472227798,57264024,-304353076,1602345324,-767585699,1819082271,-906570380,89958
548542291,1503549760,-1550018510,1458572660,-686154439,-1955423777,-1325742396,1034092310,89959
830022303,-934840797,-1518470063,-1944468610,-1223186771,-630798831,-1804094816,-1422213463,89960
-252684922,-1590060960,1418108454,-1872875062,-818413446,1685793008,60489797,1909761452,89961
-957946731,-165492956,-1105903429,-380445201,1764794439,-1641260173,-607261527,281135793,89962
-500139998,-1742147597,-1190509577,-1643748854,1440616212,-1354831516,-1071536687,427517213,89963
-1418316333,-1548569302,1656771745,30939611,-1468512290,-395701693,-126257546,-139667259,89964
-214925771,-745008440,1689768205,522210934,619326350,-1042533780,147273125,-340940247,89965
-1418410197,-934994478,79765506,-1557543311,-1844620571,1682400582,-2034928723,-2138749579,89966
-1574815458,-624791712,1233758796,1600595669,856531071,51114639,-638728734,521504526,89967
219765253,-1312216119,236944640,191919481,1839103532,590357771,465761637,2011890967,89968
701872079,-642128314,-1111922375,930098161,-1132527909,-1062432585,663758041,-63574721,89969
-1471361044,984156210,945421305,1773184240,-198843481,-177523175,544205707,-1225630797,89970
-2130985334,-479013407,505896541,1600565107,-164439648,49695091,1037112742,-684364330,89971
-1029942612,2094191592,-852873783,567863414,-1062019554,316006944,13586386,1459357646,89972
1987780912,-74879372,-1209109800,-1303067014,-1960766903,-1851286292,907179488,-2134988315,89973
-606663112,-1036932002,-1906139398,-431661096,1107849802,-1760614821,317763295,-2120808743,89974
1698002582,-240555055,-2110578760,1825071488,-1994122495,-1762408484,1952950241,139027261,89975
1374625844,112871454,24846980,-269086567,-154855044,-1128972934,-1392519840,-1072757504,89976
-1344169579,182427315,30964922,941109913,1511800767,-1453094100,1349358693,-208594847,89977
966306230,1642993775,-1011588967,-1340547220,161729846,-299818719,337390720,-296866328,89978
1556304958,-82070108,488593105,164643219,-293403861,-2048664705,77368854,-1444326998,89979
-1185033420,1193328689,-1040056327,1429671244,1844002304,2092810843,1991490480,1702718649,89980
1436996361,-796282976,-1450113844,504166395,-660382845,-563626783,-2002980631,2140936808,89981
-1722223354,-2015934967,505585739,-858043899,-343598290,-910014070,-1088884438,468173150,89982
1511063307,-1950372164,1289494896,731565714,-845483674,-511688954,1502366929,1840105157,89983
701433270,840233701,-1603556310,107048083,-1329545919,381433844,-1637649762,-682302016,89984
-900182233,-1587159723,-1790531922,195002858,1079242665,38090656,-1631295098,1130031017,89985
483446967,1260348613,-1079385575,-1356134571,379234886,130047592,1285968518,-1134731362,89986
-1891977598,2019307746,-1245096601,824984879,-2019645812,-1254477493,1374240793,498117294,89987
1062285684,-440819189,2026783475,1065313015,-1805327586,679366426,-690645024,-534647779,89988
-948514754,-1348761851,1178397137,-1172905820,1503265957,-1816950426,1469052105,-2011130328,89989
-972130629,-155389221,46278199,-1380644299,-313433419,-702160585,-1059553522,87180628,89990
-619571711,766372138,1133199975,-1201173171,1677197640,916406388,1465256326,1473035783,89991
2026620240,-1722677361,-1644904359,-586521470,-317279438,-752980648,1507155212,-1602251908,89992
1401510456,-250134254,178914204,-552457532,-1081346439,1339202402,-594922906,-745050318,89993
-763865430,-415318687,-574875995,208037846,717186509,-2010793456,-889569649,-1394761913,89994
-1841134327,1681023750,706365818,89795490,413424806,1311604876,1202641767,-993117664,89995
-334334268,1134259064,-1339086785,-403627468,-214747097,-939405765,1381125017,-1029160601,89996
-1182876610,-807124632,1027812949,1129812597,-148838004,-1423700023,-2065134804,-939124939,89997
383610605,47353992,437806145,617693257,1306095501,1125062868,124900908,345938588,89998
-2023247637,-1292253883,-1579497709,1543070013,-1899362809,16707618,-2096432197,-301525587,89999
1775023698,-391878984,769002646,987394175,-1584970735,1642717263,1035398140,1443160881,90000
794840358,1785049493,1231290701,1692138237,-1196836764,-1465239131,-1718535518,-363727276,90001
-457504965,692644235,-1511025887,-1703910465,403426162,1898749677,450348973,-508022117,90002
-1468077705,-999681840,-372202782,1910057211,1036318449,953079761,-946618897,-86881834,90003
1627086788,-1026677721,-1252850870,1456152121,676972811,1005155208,1199820130,-1979974883,90004
-371398060,362278994,1038689493,-377080698,-1981229907,-684730981,-771193429,885393720,90005
-1460649894,-839078267,-1733831908,-1967556115,-326202123,1617329257,-658455262,-391306259,90006
-1133154567,628328978,-506553636,-132271843,-1774808772,1728410909,-2012064190,-148605547,90007
74021549,-863944533,-1307741507,-1063802299,-1712285173,338709609,1176866601,1901307353,90008
-1602157968,1841409939,-940664459,-1803409791,-717641062,1064466668,-1848264529,1500287194,90009
-1730170050,-776860603,-529930982,1320660098,-165602569,-942524344,-1923497573,1261372974,90010
1064020137,1769805754,140866866,1955997535,1591663004,424053425,1808664221,-716118239,90011
701637578,-868817752,690265105,2005446147,-745383375,285997729,-1325719692,1055266640,90012
-1782900920,1723438376,1888387746,926088171,-1849958268,-285000066,501651710,-800329412,90013
-718629732,-1974213118,-1835276971,1847372758,-947838716,945375111,102563653,796034503,90014
980715685,-1119745437,1537619862,118703617,1373026535,2057458777,-837982247,653233805,90015
1587411216,-937061900,-1307430320,1578067729,-1915657297,444520039,-420019864,607446869,90016
-1514703559,221527057,473955518,1560368696,-1663748482,-32686833,-342178540,341437532,90017
-792496507,-716602699,1318439043,500719304,1957330307,1983639022,-302838059,-483524839,90018
-341963346,-2143749847,-403107000,147947560,670144489,1217966942,1211788512,-1726008237,90019
960263460,-1280373618,722751407,-1555828757,1642103205,1454298171,1959064437,1972436164,90020
462429934,-675487746,-1789654598,895398886,-443228005,2119925436,-667084860,2090069909,90021
-1907981481,-511671117,-1840011157,1638749399,1215362226,-378478454,874149018,2131454966,90022
874139611,-1197584731,-1624413258,100531145,490259627,-967602123,-134381887,1120952566,90023
1011835435,-1654685546,-1400564152,947767079,563032604,-1549105728,960370220,-1957856702,90024
-1030468729,-583624716,1047975958,-1751582298,1212866932,2061994750,-1779735465,-1023187648,90025
-443926496,1104325248,-2087784544,-1507678813,-1009398468,-279420982,-1948309349,-1543581503,90026
1566125074,-2024434303,1505762552,-218258259,-825437380,2090315413,1987969922,-531965316,90027
1957185779,618474522,1507681168,-263322177,823593639,1853540414,1585162638,700860756,90028
-1444544139,-1543340489,-602753081,1685707309,-1160979800,-1943817776,-1856520495,-1254235938,90029
1169862729,1889357303,1607544115,1900974905,-1592028512,1777033319,282291132,531126753,90030
-1565886660,-1877318307,758585604,-1647938143,1062404470,419156380,1475845962,-1562447551,90031
1521141922,1453396541,-455645745,71534830,1284737035,-35523350,165721821,548473454,90032
-472970469,-2135911229,-1625532200,-1898348061,-1878447815,606175982,2136102756,1693519887,90033
-1866646889,480978663,-326033989,1008126609,-2140356046,-77087584,919491184,1058837241,90034
-1262926675,786202274,-1901297394,-1706832550,1690457914,-1374537271,-1783855248,-227454537,90035
2131138214,1174612095,-1310826051,199816722,-390989959,-977544693,962025848,-1073971206,90036
-586170020,128424443,-935396315,-2143647776,1875002707,-1688027798,2085903358,398595480,90037
1604329394,2003227051,-1636596809,-731853605,-1968469614,-67789860,123068968,-697163919,90038
-806759324,1720750913,-750373936,607692084,1773515334,513348811,-1880951571,1069793856,90039
-802327007,639825103,1127408174,295338485,1086080865,-1974516829,556170717,587766266,90040
-754694106,1609230273,1348366134,-1222027922,-288253963,1416762594,45547888,1252182975,90041
-1122000134,1619409610,506106047,521043441,1561274236,-1003359708,-1400571934,-1419940418,90042
-1503815627,1456884705,1144883436,2048992195,1239935248,-160064943,1114542506,1158151865,90043
1101202047,-665827954,1100061015,-1639428284,-1227553995,-1991805387,-1271338248,1872034614,90044
784009967,1662682427,1294057578,1292568114,-784640312,1255971147,1145008109,-1915574353,90045
-956765244,-1831039947,805903901,835198590,-852505018,-1792070202,-918456899,-1909565239,90046
1446192454,-657241061,7189607,1080170688,2098457954,330952880,-1455974154,1795795162,90047
-2039946165,-331426448,307249374,-141885423,59381683,1909519113,187338415,607580346,90048
-1608522449,-1248599354,483673895,902747147,1064598472,277084708,902874111,-402563721,90049
932996141,-1810240223,1485142877,-377980280,-1485640513,-402994520,-31964241,749531039,90050
1166267159,-1708478722,1448542815,1782829091,-2142083356,-714187982,1335602649,-1070518349,90051
491995802,-41555235,1008184016,-377056094,-2137214017,-991142508,-1521943594,1749332433,90052
1131149276,-1051615163,-569619963,-1641791843,-75735872,-1613133693,1807676685,538352984,90053
-1120048447,1697737682,921901681,-1471241431,1494105476,-1232367327,-74566550,1412747246,90054
1293024570,-399454222,-2113955759,-1499541631,-1114926680,1219604862,-818598234,1633958695,90055
1983334589,-1207627853,1214090436,-468625044,150822181,-1787822458,-1703762031,-1882449971,90056
1045138916,-517272733,-1554952469,1627834486,-149771169,-531810193,-1270218406,475928408,90057
2001624990,-447842252,1132679038,1144806643,491707928,2085466962,-710003211,1032837233,90058
-681342998,-639111297,107580583,1290579237,1980695483,1034472750,-1024138198,-230775169,90059
1672051408,-872879226,1779365483,40336164,-1254590932,472234751,-493545323,1865750346,90060
-915962533,-108939266,-1809540778,1378461104,-566273645,1829331725,444495739,-1191209358,90061
-1092023598,-198481323,1773338966,-1481746189,1936268168,-1235244450,1851758219,1066457713,90062
1066590781,-1051767121,606478183,-928235081,1577645444,-240634247,-1514536986,-86578204,90063
1636706844,-2066480678,-1453500945,785902621,1674522524,223314254,-622028317,-1456810552,90064
-1631557694,1105165534,1484803694,276032250,1524154094,-1669538830,-579305107,1555313513,90065
-1382426337,2038455269,-1921546927,-826419606,-1094801501,1581658100,1591637984,578752420,90066
-932969748,-1473929518,772529609,118759666,583036029,2015556547,1594332739,-1991766614,90067
-1133529475,1481851459,-1661989676,-884550426,1116344013,1289175507,74612434,-1103362548,90068
662722374,23499530,1238884195,-1026438964,-1688258581,1167318708,1515247995,1275128670,90069
-355234344,-403943349,226687157,2030427386,1812576335,729213790,959380329,-660977170,90070
1800878108,1076504968,-535747821,1044012498,-1237651568,-1010262534,433891210,1004695530,90071
2090049361,-905649816,1639001618,1149543311,-2037440917,116898801,-71912000,34409779,90072
-1570230128,498593194,1157738720,1329864374,2075841063,489559338,-197889622,1194757734,90073
-1260626702,1269885127,1572106523,1722240505,-577445139,700018967,1863165177,-1886519433,90074
1563897020,1288830572,1989500800,-1745118461,-1532792793,-1910802934,16588434,1726260355,90075
-1882000330,1111430832,1238361725,-1220390683,1644724475,59771265,-1163965107,-253394331,90076
-1145343449,-329030291,1885993766,-171058939,-657286199,675305960,-720179779,344703468,90077
1264987189,-64700488,-1530357287,1575192544,79301272,1471345378,919256382,650818919,90078
-660027919,679415033,-447290579,1505373862,660298618,1915516539,1034046042,2112074700,90079
1574683291,302713157,1743327632,1247917790,738761983,-1581845838,1658733248,193118541,90080
-195829169,-1916459673,-1099772522,-385149895,-1644404601,2047100375,1031998418,-2143122935,90081
302910278,883332606,110954776,-1352888645,939947279,-1196210497,-1122496888,-3090339,90082
-93481428,-239461979,-1700185675,1215970853,-1987198588,1094647744,580424563,-1570035832,90083
-1488048708,636324064,1051693235,-359712976,1216671621,-1083241165,-1093689663,-1879286690,90084
1674082843,-281679707,1408099724,1266696680,1344136974,-686658898,-1644283900,-985548866,90085
1263957182,1622768222,771238343,874142002,-355058478,-1425421969,1359899079,218703360,90086
18450809,787614944,1735195158,1876390807,-165762871,-1614785171,587100016,1579286675,90087
-1868045504,-832235783,-559202540,-1042942309,-1132749169,979337377,-1708217931,1153856673,90088
976948880,-312172685,-1093321797,-2049218695,1154534315,-765178488,-2019303409,1119028303,90089
2116227923,165884050,1148841207,298180125,530069604,-223208426,-909183056,-1057551456,90090
-1849692279,-1326635092,89698782,-1495122240,1269466533,983518125,-1550975212,-1515147599,90091
-1763765594,-1851520675,-1538874895,-200417319,-1978128783,2109134316,577543767,-336687833,90092
1825510500,-330977282,848072090,-2058128096,496214808,-726159536,-629896405,-16598518,90093
592669305,1500496231,-1325831108,68492619,393174952,-660758392,1687228273,889863053,90094
1852268228,1777521424,1021590751,1705533031,-1962031470,-1735195330,-1826246668,-495566392,90095
1652028896,1644470033,1824410945,334892493,152761082,-1414117065,-1658950521,-2077547325,90096
-189858115,-1562697283,1267469072,2099750613,1150198254,-833461988,-412843576,208214338,90097
1270901616,320226993,-2039789625,1734014941,86844026,-1070688288,-1776845158,260018331,90098
-2089759311,-149107138,-977307140,-1763007150,1505056849,-115400248,1023740614,-1195461792,90099
-997675305,2056909365,2032720624,408581469,1466573568,22480821,1721323865,-1892811112,90100
-694456882,883747208,-1487012684,823924781,1792520827,2006273594,474005042,-870013342,90101
-263193472,859081964,2020256928,1111012087,-2100230725,-985017463,-160926897,1661751500,90102
1763134176,1158491524,1294927096,37585264,-1762788760,729152056,165695212,1109580983,90103
-1684531893,-1580491366,-344702977,-980154362,-1110562763,611207569,57660712,-1844748547,90104
1237392965,-709222984,306457682,1816463412,1971416050,245713212,939183321,1744157000,90105
-421794622,-413640853,-1217394820,708446876,-855771186,-1173992612,1069591104,1278057875,90106
441674833,48032075,1230587736,-1049763524,-1602642682,1316622510,592366217,1524078139,90107
1927512347,1258431501,-878006587,-1661725467,-541992257,-1999186365,-982637501,659779850,90108
1280910131,-1290102958,634026510,-1417363771,-2111164962,-1044946240,1284777832,548291540,90109
1121493390,-64758261,-1515775961,829997470,-2116435922,801779303,-76459770,1651680674,90110
1733661134,1734767135,782838743,-351663383,1940537928,1684279128,1943485452,592598855,90111
-293099140,965407063,1051602827,452882031,7759312,-2012742747,1141542159,-1493966195,90112
-1004000940,111152763,690775978,-142645900,-864509999,79176436,797955870,987704319,90113
-882086304,-1858563079,-990486112,-1116802371,383404975,1814738476,857751209,1204347488,90114
-1465169836,335835044,2079323884,1716017727,130440879,-1860385746,237701511,2059691701,90115
-761433854,1878321671,1234554523,-1404688861,-1084008130,1542447279,-1209798585,-1818126125,90116
-2067725106,-1839900233,-982967002,-398878005,1236015546,-920067400,1142675799,-1414364341,90117
898693306,1621551113,120835735,-1379547588,-711911545,-1223427468,-895348604,299550899,90118
-464217010,-285954663,1120561979,782968840,-1452825461,2087305715,282757607,1356240680,90119
-1258764975,-1929281554,928662154,148764632,-694063291,-986766116,1496100652,1813322630,90120
104424408,-1143882445,-929334108,1942169901,803554159,-1387542298,1487334937,1158927641,90121
1897687259,-1206738387,952748510,251574765,1192279652,-1368157092,-1304007233,1140860171,90122
236353056,-1230744679,-1247306936,-1883883214,-996407082,-2097986867,-844402753,-366134551,90123
-2061444849,-510311310,-464306570,-1443730074,1142925490,773979124,-389926229,-828277626,90124
1144461851,1712096472,-410564603,-1500398858,1533781900,1468677724,-1988245759,864541037,90125
547418279,1523078695,-712358045,2021281682,-1179104492,1798229886,-2098196543,576057888,90126
27447246,-148510344,814909899,790258525,358171417,313861899,-741332197,1859931235,90127
1221111187,-1175455691,-736096624,-806238244,2061778010,-911094563,51299610,-273023339,90128
-1307658096,-2090587989,1493019011,697024759,1308239347,1462647149,-553594531,-205321222,90129
-1828681281,2100421058,2136567572,-417049471,-1564128959,-1325619322,-693391053,494630,90130
-2133869076,1046154977,1259898514,-909569193,-1248888090,954803054,697275367,67874254,90131
1270800373,-531609956,-881298558,702522761,558223837,1009815794,850755065,1647640099,90132
74339074,-1945270178,-480817748,-14239162,-882241967,-55152945,-488629442,1222606270,90133
539541709,-2070387396,-1536664908,-712132971,1149783977,-1280062313,1907340891,1724865593,90134
-99956172,1815735346,804398392,1143894846,-723902609,788784224,1079483285,317092394,90135
-1300051078,-658462502,1007514091,137129043,-650389093,547583946,1799276114,106264656,90136
1912481672,-1373466726,-1768499198,309467764,353663253,554172711,-255714384,1412410560,90137
-1003256868,1642077058,-2001053213,985081847,-1877522379,455825296,-1915678531,-598741851,90138
-1210934209,1336517616,-1565192418,-551110161,-1399878704,596287954,-2014712427,-2055227869,90139
-1201916006,-478033843,-1522951747,-415178646,766687174,1466787918,-2010859159,-1178206576,90140
-1472528754,-2102228853,1844212573,1397855947,1618116600,-1882308029,341984833,-1883137258,90141
-793335652,-1986543861,-1854501102,-1168484536,1919695629,1348610302,-1817357438,-1982922312,90142
357970231,-365261175,988964469,-1397539010,-1933229697,-2134268715,-723196281,918673351,90143
1180707471,1818043640,-196784700,-875597517,-990026503,-210839093,983290598,-561011317,90144
661850791,83957566,-218946518,-533289135,281122947,1039330300,-574755368,1857888331,90145
28940915,-2088573554,-1125316081,-176866501,1068569836,945143966,868981791,1184488644,90146
-2073786058,-641469514,-848884496,709066214,1800993109,-276255822,1577642309,1722312067,90147
-1624547992,-933112852,1750321878,247288618,542345475,873641999,-1178888542,1338421977,90148
1433464508,1685072821,271709171,578931157,-310197111,-975240550,1053372734,-219232881,90149
-1049899099,-117143360,1355946184,-1025679313,-1714412230,53485420,1544819023,-1963174890,90150
-1767333018,1281696046,-124371889,693064764,-433395743,1905205245,-972596810,-1201899618,90151
-892252077,189957125,1394403242,926371887,-2123155250,-1787579833,-2128758634,-1149183148,90152
-492055814,1127701415,-493573480,1727986721,-1352411547,878903655,-1062297412,-963674298,90153
-1665987141,1983216291,682461303,-1326198108,689035558,849567384,-1658753934,-1302003573,90154
222190332,-2072880569,57534782,-1058270300,76121273,-391690663,-1247856312,833319632,90155
1455351516,1309709822,646090792,-1784951174,-1807974738,-840053026,-293859797,878507977,90156
-743979964,1227272983,-1019704085,1089282391,2038218394,-37339895,-1517837483,1780348975,90157
1754719333,-543267021,-731166317,713985926,-1917487067,1574411024,1732108549,773969847,90158
622953887,-28212004,-388618200,197876911,1923932813,665971877,-165977253,-1990376780,90159
-320870006,-629603031,-1501396940,555916557,1375053604,-1157853598,1132386755,-1048124066,90160
334174493,127773036,1654010284,961955235,-551886004,-1344117786,507235935,-57026228,90161
946816619,1554897880,-1635879785,2126521403,2133294299,836091857,-1481364577,-191673013,90162
-708985879,-1351642224,-1525187931,-1139492671,2044270148,-1525127625,1366964769,147444970,90163
-1393249073,254846080,-18395257,1906962187,828563321,-874923595,-1854572406,1770213104,90164
-1795009414,582367312,-1727915805,1134172245,-1463375540,-293868857,1951006829,-184880523,90165
-1845162883,745703986,708874556,2087929798,160617355,-1725085852,-1924841724,-1132134683,90166
1830793074,-934016336,-299076904,1067034277,-1950652596,763463864,-1682716556,2030339905,90167
-107610874,1401430360,-170974510,-1330222696,-1417876309,-767014867,1084487375,-909291490,90168
-186040387,172232782,972778901,652455937,908527673,-1049770484,-1119891358,1982473715,90169
1987627218,1097579970,1173341101,2119714342,301514648,810075989,657338653,-581934398,90170
549221986,-1210552064,1101836010,-1294467804,-1520435513,-1816227989,-1819131267,-1116836778,90171
-287043530,-515518905,-1644117780,-1016574656,51171976,964679861,-1930531573,-2102026199,90172
-553375737,2027110169,-1729706993,-1874460574,-458948839,527650469,-1848997330,-2011802947,90173
-94301896,-1312272072,234984914,1411446734,282358005,-703682419,1261906222,2008477632,90174
1888527155,1296159004,69112371,-1064634153,1589002437,-1261883982,-1494981343,-1984102870,90175
-1624381510,-1131465316,-2131512581,1301479241,-1945487731,-1885414482,-610753467,-128698017,90176
823549578,-1274865244,-694158668,591620846,-1558128849,637873293,-778054583,-442616400,90177
1770046720,-1686189820,-1824228012,-1604254969,-383409788,1403552425,1734248510,-1529189539,90178
1783511224,-1151904469,-761696451,909567951,904727338,-692026284,1306416859,409323508,90179
1328307615,1354641518,-418072180,-844764820,-1546707328,952687113,-777281973,213518996,90180
-1428761589,603047639,-1340141827,-1257508286,-444483581,-742148669,1275843660,547878847,90181
330493704,1914164697,-1482897447,-241705242,496469529,1156503078,229019086,-94927221,90182
-817895332,-2036225709,-2040518761,-1078404448,1149973356,-741418189,-1828041573,-1279980268,90183
1167762801,458513729,1950560494,-738915692,364838905,-14043837,1565528368,998718715,90184
1276666764,-1994591920,1505899495,-490596824,1696512528,993955920,-327302589,-1701577204,90185
393394190,-1713976205,1956535425,614873355,-1009992994,342208943,-1373492379,-87761287,90186
-1333455322,-1309950315,-1825326382,6617635,-1392360831,1457634840,30627916,-795050082,90187
1792952593,-1219745162,1127676741,1570964997,1182322467,1351056818,4953719,1481513325,90188
-1712920249,-1045268467,399808091,-609063987,1165330528,-1103407947,1505247833,-1455415744,90189
2013310719,1185361380,1645756187,311725574,-988450498,124773564,-564540320,2102948617,90190
1616738009,-1823645490,24234737,-1700875588,1969278306,-709303242,534168627,1546237994,90191
167613625,-995015664,488358930,-335135308,-2017758973,1325184137,959435725,1903512770,90192
-90298994,1714383974,-2046789966,984310152,-1900617734,-1125843380,-1119411167,1522407213,90193
-266961731,1531443673,1070284955,1849665885,-940604731,-1108203566,-15386351,1081176583,90194
1052750461,-558321200,40112510,-175027134,-455944120,37982606,-1554133754,-1234379301,90195
-1478136890,1107344182,966002435,1101276276,-1679578728,-1653456295,-776353538,-199692951,90196
-856151911,787793911,1434791952,159985108,-1908879234,-356209705,-1198438248,-1496107964,90197
-1646426190,531877495,621561820,1932390882,-892806560,-15488572,-1253970247,-523698943,90198
-1329801926,1398743308,-925178203,-264254695,61436752,783898074,2069187062,158011178,90199
-1325913998,374823452,-1747243864,1565234345,-562816414,-2004082346,643569608,-559644641,90200
1032561175,-1708042379,-855699023,-1734057829,682398620,-895242686,-319277239,640076213,90201
-1476051414,-860119909,1847150044,1948258404,-1518902390,1115978421,-668952317,-2017230501,90202
543431027,1087965936,-1505937955,-949667946,-750301372,-1961410479,-729710978,2002969438,90203
983474652,-686830229,725802624,308317705,1497213506,-424839423,-1092546123,-620622208,90204
316228912,1442071542,115125419,1229063443,-1737047766,-472673735,826423261,313483055,90205
-1065132144,670246543,1494122907,356286640,-1099043762,-587710499,-541977001,1484565086,90206
-1363005375,972629709,666707382,59534427,1217772070,1107804231,-1885462659,1348380703,90207
1650102691,-1406037511,852768620,-993230732,-1918282015,-1171574252,-800485867,-2053774684,90208
1087744849,-2118022219,1243307768,623007552,-13560695,1820660701,1664236862,-545335374,90209
418371667,-877728959,-1963633314,-329856326,740076620,1102536194,-1683132339,1240698849,90210
-76442890,320205514,-2060178264,944048654,1443304659,492747818,-1861993804,113254748,90211
1085832822,-1453110553,1439354838,1152622850,1124494881,908107732,1781272757,271765101,90212
1007276525,997847473,-1765161089,667577248,1252883121,-2042860509,-53277818,-867452252,90213
-19917510,-1202688749,-1341173636,405369597,-538094691,-2087532896,-1063133191,762873197,90214
1534720,-531404194,1783624446,623638358,-1345516867,2053970649,-887604268,-170190686,90215
-619383700,-1891598905,2080918140,1696868184,376386142,-36090641,1957678854,-226358550,90216
-428759514,-407573220,-1399825730,-180866307,1793828302,-1759451160,252252071,-627214992,90217
-549070921,-300282613,2017918001,549384610,284167648,824829671,-937647881,935549072,90218
-569748985,-1642844088,-825543495,-678495483,-1945608845,673447576,1664903409,1959754704,90219
550160477,-765299412,-1135633604,-1919833047,-358254132,1093311358,-905654601,-555890767,90220
530087534,-1531043098,-1819705776,1105255175,-1628568099,346272442,271914451,1850166552,90221
184645054,-1871928398,-147356664,-579892510,-7008733,-1332733852,420012409,-1588646446,90222
814507804,-629691760,353921793,378769608,1691026791,-779177459,-1618864173,-197056657,90223
1213358840,-924414285,-132951672,141845353,816573349,948642603,-1500883770,-1340162159,90224
1329113290,1293486744,1606491747,2034509783,-1294045232,-1565237905,543847308,541888668,90225
-616082848,209367673,656948278,-391294595,-1169549703,-1446817716,703502128,-343677006,90226
1448754221,770595808,1957789136,-1473051517,-1632989505,-1080612918,-1864225661,281721198,90227
1358353018,-282871786,-1458024876,-983750325,-706087736,1526067642,-825194408,536417883,90228
-840547863,985298782,-1222182617,609048345,603553822,1596695795,-2136990392,-96659162,90229
-111514971,651251709,1234213672,851430270,-535521975,-243824793,2134153207,-639070688,90230
129348518,841524553,-853081665,1232385513,-216964208,1846852297,-1718535395,1044555088,90231
-836436633,-407603323,1542643292,-501162194,658696694,-267121866,-278690394,1346150042,90232
-1524461251,37854976,-147284170,-685795383,1060381308,-2083764542,523986897,-2134087473,90233
-839191188,1464171136,-1721639947,-1259314760,-70340572,1335504948,10783755,-743428438,90234
-343192150,408639758,-1086132785,794437237,827901235,-1130133433,1629101590,-1845630453,90235
-257422551,945081795,468043657,526894524,935002406,-8815547,-1917504923,-1367994785,90236
-227676537,1666198531,-520160488,-845204417,-832107497,139037742,1537939738,-1391386163,90237
1692739086,-1502047331,110758837,770082606,408188233,-1711947181,-1648883942,-1733353139,90238
1898746092,65102602,1882004937,723688294,1517329568,-923020690,1279510574,1595814321,90239
597995103,1014233762,-2078309713,681413986,571529931,-1591264901,-566955990,2046529640,90240
-1602968398,179000647,-1513021431,-1254621757,1695206988,2042774609,914160102,-1460221737,90241
-807553024,-1161056447,-499537234,226359787,-1445718934,1393185264,1009745317,338166500,90242
1172443259,-2086311701,-1033364487,735759304,1122563376,-845422355,1946792404,1619015936,90243
-1471828894,-2022184565,1133622958,-493340604,885582313,-995447580,-732109930,-698328721,90244
-2144006204,-1131284151,1682600604,488797331,1809693647,-189373511,1035932588,1333788912,90245
554145592,1609449274,132379957,-2095410519,-955970374,1694407699,-1690186304,-1744382623,90246
1385263957,-885335588,1244052607,1536272404,-702343925,-1201593730,-1414259877,1712641870,90247
1424218204,-1209045043,-1931374034,1838420509,-389360845,-42612953,-370669699,503263476,90248
-607541627,1742062914,-904023598,-2090654617,-545364622,473756026,-617915337,1612252775,90249
-1016731643,2091581609,1397710235,-1466878419,-1899531037,-421098993,1222078263,-138700819,90250
-687900880,973221898,-1539662126,-784867048,-878701285,1143579558,-233267089,2002530737,90251
-968038978,467946945,4916504,1468923030,1393394103,1156357985,2057370611,-1198353485,90252
-1824969781,-733168229,-667874467,1378346749,-1247803727,892226329,769154317,-372649741,90253
140580939,1098331815,-1613479847,283776997,62739386,439420564,489271462,-1656028579,90254
-46679710,205039860,1775319556,-419823325,-262043751,-734375349,343366257,1089525668,90255
1202643347,1118204354,-880167859,1633519433,1789684767,-438702215,281849483,-937668236,90256
217064968,-1982088175,1701828786,1075030517,685611721,-1295983554,-684405560,401804565,90257
523890920,-248824946,978819486,1073319254,362161387,1110665850,-1966411669,2113143332,90258
2063446726,-2029942999,-1021133013,-1187030249,-189005184,-749630892,212988274,510335755,90259
38340288,-672294451,1846106235,735947077,1929479702,634464263,-275337259,133877359,90260
-2095133823,-341813893,256851047,2012678077,-691424538,-1610101548,-1174197505,1310422625,90261
-355867911,-290645463,-1751901074,1688375733,-1293994240,-1157348708,-605489887,-1064854594,90262
-1015889639,1602962977,-1368815819,-1046622325,1747545876,425828302,-1634378075,-1473002304,90263
481826928,-433254989,-1556208690,708586559,843051113,1370681796,-1257311975,-1701173701,90264
863283624,1713378745,1059810625,-1336138562,-1166321162,1143014576,-1428171276,-1651882738,90265
1480041309,-1375718569,-140936602,-1368979281,-722356009,-1234624046,533958058,2075652625,90266
-98170218,-1081685441,2085710778,986928931,1461993647,-53023473,354705228,1071733379,90267
212305737,-542477014,1714583380,407318038,1252214249,-520134490,-113621436,-732832,90268
-1507842147,-687425743,18282947,-847011807,-634212007,-2133610702,416402334,-55625546,90269
295858416,1730430413,625503734,31953305,-1980543591,-1897256298,1984132947,-1719893591,90270
-2082739674,2015460603,1044542639,1185820865,-637306031,2113112444,-166704422,-1358798033,90271
900238126,-2122797456,-1562786245,1899328090,956377524,-464458247,-481881040,-1654094195,90272
1145713484,744059668,-1399456861,-1577236745,-1517715047,470151096,2058941271,-328445930,90273
-2125725104,47622969,92452384,677595848,-732168205,-1836968899,-507474241,-2099279346,90274
-2019267068,-1394065209,-1829020814,28375288,1955147900,-281533935,1987215618,-1012377220,90275
-1731635129,-1102797541,-1209024978,-1408956561,-1873833796,714260546,-1503498421,2095951144,90276
2013960941,1432986047,-409855470,-401841677,273994417,-2077876053,-1048101737,-185186169,90277
1937186240,-907025611,-1072262517,442392686,-2109940267,-1391356419,-332226197,-488374533,90278
1688673372,1928107979,-976018731,1621782893,74700475,87479244,-1706970475,-140594700,90279
338032182,-1237364074,-1014382905,-1833706292,-711680746,854167237,1240534013,-1135414034,90280
450296540,-897098089,1661002866,188295075,-95991290,699284336,-1596212021,-684372840,90281
309397821,648542771,-398134706,-966032920,-1365501280,247716120,-131274489,746785499,90282
-1305082737,245401653,-18370345,-1602616328,-1061875604,-606927747,-2078418051,-1911450596,90283
511237391,1123226370,-1701017024,1588863434,-1811353069,405328891,-590551701,1328001350,90284
-800444477,888245853,-919117681,-1115748628,-216280126,1718090620,-802650813,-1505000562,90285
571235239,1784118330,-459914273,1634324654,554019983,-1241606414,-1402553535,-97757236,90286
-866993,268475082,-1496244952,-493316045,-1677759848,-2098187177,-1214870975,183211875,90287
-1919217101,1287900897,1972412172,-961289659,1973792624,113092399,-531602807,1176904420,90288
836292593,-33947991,475427765,-683330881,1725893226,-1474746520,-1124037191,-1352765200,90289
-811905553,-1650992037,2012623986,164812325,1657684990,-1430731911,588465979,-252044470,90290
1921066729,-895660309,1141303002,-459301798,1879285766,98653292,-1476086746,-274455540,90291
918833419,-207455225,1478249166,-165172424,873734407,1773122055,-948294293,794112770,90292
-1675609792,-1906765682,954540969,375394999,-2011485808,-568924354,477028004,1523996188,90293
747395895,1315235436,-516350880,493654037,150696091,-797051774,-352956989,-1629736416,90294
1720647922,1558717169,1839693151,-590216668,-1600506621,-1428569321,-403750072,-1564658883,90295
-652793367,-1262207958,-1018553330,722011094,565499257,-403895468,-1982785759,1256563296,90296
-580604822,-2093371225,-773064008,-338934435,-1451487179,-1399885585,-1146085161,-2080384058,90297
-1165918243,-423437991,1818662448,-806097008,1446178261,-127225803,-2109348173,518801412,90298
1303735129,874118785,-1188621567,1507392366,745610038,-1382793275,-35073342,-1741890134,90299
-1613306952,-468398123,-2108788694,-338014425,608754893,-1182119353,1478513898,-1161768837,90300
-1882515750,797698595,-1747217431,1148288849,1314234026,495876440,1888201509,1025707936,90301
-1429276825,1529195930,-347974502,-1761067688,628974791,-1916683183,971675494,-633148086,90302
729199542,1005777459,1422697277,1212338855,-1771472606,-1148858163,252643764,1974665779,90303
-1204276934,-456033694,-905990037,509639632,1425675974,-1155652377,-421643351,1753137850,90304
939323554,1638300324,1330647312,983101634,-581358516,1416863478,991455664,-1039501006,90305
-534851732,-1882408456,-10652320,-1192354557,649332427,-601487921,-170045671,1191998366,90306
1006042270,2075041505,-1629230106,-234398338,-1306872077,1345220687,-2043317934,20591980,90307
-548348190,-1035234271,-1445945164,-864070063,-411909473,1973939341,1770595072,1776983548,90308
-1593348962,-84099047,-648620846,1085637667,-2028363417,-279117068,1579218732,-1410820658,90309
-1370423278,1945219119,-1521495495,398407688,1013012902,9596332,1186310554,-1461326382,90310
1313614692,-138609694,236013223,-463367335,-32277115,1167344084,163805718,122393671,90311
71073512,633059598,1495311887,1586121102,-931775275,-541997940,226625512,582314886,90312
-1456538533,1315636331,-1261848582,-1822086365,-489225261,-1425430782,189940600,-2266758,90313
-1681028312,-1688470754,1872213224,-1624141936,344566117,-693125826,1829710953,1769918192,90314
2037438293,-55484072,1854777595,1603488957,-1087087464,720571152,-1140631317,-1982241622,90315
-1389346229,1987046263,-405412767,-288487844,-517350637,1157224482,-939707627,-1421282062,90316
1958701296,-1431891893,1868624,460960062,35416717,1926253443,-1212404195,-247744037,90317
-2046025050,244901417,-18160799,1791488058,-762745971,-521116633,-31795684,1203962112,90318
-916371183,59892008,-2073955664,1528277858,1348381332,-1554286963,-1725490494,975855778,90319
1840072651,1249614004,1107043828,2027877089,1675822170,272661752,480455414,323198094,90320
1093056363,659261,-1579926593,1979761493,-688058937,-674297268,1935297204,-1235783337,90321
210803215,1484669505,1452832246,1193572883,-528052914,1472472214,53768358,65147389,90322
487218629,632035905,-2044234454,-975762313,-775321006,1134090147,1864311540,-1511221955,90323
-991847855,1622696615,-890589230,-1085993579,1677824233,2019830482,-1435473966,-273000543,90324
-1351991408,1555919438,-104123756,-1424005601,18151547,765873351,72054926,-977005642,90325
-301121544,-1236608277,489718434,-508382371,-531966103,1510407373,1966369001,-1535628006,90326
1793658626,-213991941,-1882710655,1412781834,-1534522940,1906732973,1201131333,975662160,90327
-418669483,-1687682565,-305125991,-668858685,-1159311908,-1670568297,-1368683887,-1323063077,90328
-52884962,-76282163,-1340572761,-1252426111,1812847230,-1756536776,1788586731,-915959613,90329
-2079390837,2069099655,355063614,-178018973,1542052343,-739332840,-276809882,-1888155633,90330
481393652,1660775510,-1830987677,255023965,-1736408013,1593865587,-312964485,990866803,90331
1503284896,804502841,-1660513051,-1760786742,572981824,-1800117517,850240995,-622022782,90332
-751470297,2144388476,-520323022,452712843,-430540788,427250940,1990867637,686553718,90333
-904579547,1939914597,610457116,1970908315,1527037999,312086995,-885816745,-174256597,90334
-1173720967,-1284000750,-180199091,1731088527,234144264,-230275944,-394487867,-937290969,90335
154051479,2009459287,-1068533882,1856156489,354065663,330162062,-11448023,2135416593,90336
1975676589,-559970235,2100033718,-292941533,290135598,-93411193,-186978529,2084073349,90337
-1451625051,2094716179,1141588018,1814091104,76547682,1616142036,-958496527,414695145,90338
1650446208,406282410,1680638014,1393484933,-1794413243,1452059376,1849575767,-248086274,90339
-325718979,637426966,97704749,1858618095,-1425416576,808538187,332494705,-1694420347,90340
198098052,1548234237,-1904455250,-1929495680,-1153765573,1029495959,302539063,2044123086,90341
1971596232,-2065861238,-1878688237,-1522835339,1409379707,-825948880,616602548,-1560412639,90342
107242037,1394335280,721522240,271913005,1517431255,172881775,878864203,844976132,90343
-1420734782,1690651661,-59673637,1629704753,-1070892168,-1428177407,1804228531,1646369458,90344
-2077144773,1618805541,325746211,51765431,84119759,-1954424450,-681529970,-298648641,90345
766123505,-2023485780,-552120132,369877398,1598546050,-1865201557,326019972,1000155271,90346
1333746288,-1900273170,-1951295242,229368239,1063989959,538712387,-1404417314,-1116325971,90347
-1473879565,-734801266,640770313,-919405197,-433857179,8001295,115281264,153718697,90348
624749522,778520977,597771163,869078330,745788270,1692676900,-1712237588,1151627095,90349
-1249410139,664584077,-200128979,-161404105,1766944066,-1416907219,-1652818518,-1152136856,90350
-1193248024,-1690086928,364773449,1349347827,672255034,1421994101,-273467960,478142990,90351
-915245213,-1510066709,329099699,-247324628,-375325415,-1453857792,890046493,424252444,90352
-1303829412,767339538,-433800006,1655521756,142234607,1665868554,-1040778308,1862377131,90353
-235884985,-673326801,-649425010,-1821716248,728687018,509034554,851836107,1486287530,90354
-1239321497,1007587871,1116290120,1983351139,-2078280362,-46375509,-1692281011,-1276246392,90355
662811073,-942418828,-1528991265,590399847,-523403119,1124161435,350218200,-1101423266,90356
967714236,197611289,-1762628950,-2137217439,1412981989,-527727296,346467000,1721719185,90357
-1941248954,1477221656,-638734496,-962132294,1677330480,481015758,-563827883,1399475827,90358
1246515520,2089513004,1085130461,-1598320909,1238421558,-1587700315,179173775,716820631,90359
589257233,1561386124,1631156010,-1815830246,-212092743,1377257503,1519881405,64679450,90360
-77613812,2112116222,-738329502,-128292648,-181541874,517411784,719269608,-1210376179,90361
-1717266512,1601592136,1363334469,1832853391,-1974148105,-517885854,1039219943,485418753,90362
-580456036,764050347,-1894702962,27428734,492907842,1850949019,-948007806,1679073403,90363
-658208763,536492700,110591430,-472821657,935247075,367984422,-2012562842,-133158122,90364
1261320514,-563916200,-376249015,832867818,1454454759,-1031210845,835310460,-1253441277,90365
1460167985,-1810779982,1837627063,-1391142266,7552895,1933124145,1838672986,394365260,90366
249230189,-836452885,-255008206,-1528117605,-223028842,-1327444680,-772739811,727513544,90367
-645780473,-1813786743,695103944,48877054,-1511656774,1011996654,1040463927,-153316632,90368
-1893143024,688496707,-1597872980,163993550,-1457058616,325475804,664305145,-61199377,90369
-1354053397,-682905069,338855111,1999055141,-1942593197,-1393143814,-1667135412,1009754259,90370
401687237,-384244705,-1956411953,1146354233,-419686205,-11568798,1460260796,-1869310876,90371
1283519267,-1070284345,1286144599,-731078269,-732272898,-811318336,295150877,-1376633677,90372
-843969027,-1331770209,812121142,-821484753,-907501316,1822137302,1570836259,1744710397,90373
-258015606,-1284170385,-703752795,1540790293,558723843,956334803,1426818678,1898095165,90374
-1358848894,-170867480,-703519344,21831422,2027034661,1597766020,1310596620,-88880878,90375
747760633,-1923192795,1389281856,-309086663,-1637139776,1444626509,-1377196872,908634612,90376
1239099854,-1858246779,-1793353792,-245683972,1992206282,-1742057106,-559045455,-1773638428,90377
-1281942936,998198398,138819396,-1947217826,287507558,-1419109480,1957453929,815285193,90378
2016601419,468751545,-665754176,1732424449,-165308299,-308555249,1181528920,-984205070,90379
-230060860,-117961899,-1084183074,-490233655,1485427035,2117989307,-580552011,-81728163,90380
100543148,295344889,-57497964,-1916336120,-1432254651,-1586046261,1966497494,-1783366376,90381
866491444,-821037048,1690311937,-2068738840,1977296131,1709672648,-1381601098,-1437013535,90382
-942576487,-731423577,-1453317791,-1089319629,-596747815,1999614665,-13634961,-1173595836,90383
89148345,-2087822322,-22473541,-545742336,-205614587,2052922719,877586287,743153056,90384
-1955419831,2083543749,-1313708652,-247136161,-244706355,-1616726275,-1839814162,-1060010926,90385
1280648270,-1502929137,-1344289613,1104195581,1634049443,1223824611,-823883241,444368639,90386
1528618913,2102342225,307475356,-1989634687,1211139848,-426842627,111947694,-137308933,90387
-1009259453,-1971964740,2077474047,-671014885,-2091702438,1517092410,1562775149,-1015352773,90388
-771565715,1491226535,549516599,1193441113,1339184042,175548958,-1769554620,997778176,90389
-413912893,-827061464,882892349,-2132052747,-1102703442,332097284,-1408916068,-657396554,90390
-2042845994,133695471,-912599809,-1208873362,-563543907,181732103,1887799741,1863178943,90391
843935101,-1938587052,-15829746,303996332,-1896695134,1152303644,-405054213,-1121276674,90392
2075234065,951210899,-341238079,-2058408054,1840773614,140748767,-110870539,-691551108,90393
-1380034768,-1940397002,-1108140904,-1689967687,1532691348,-87776111,1958244751,-593833855,90394
701483567,-628868542,-1363949432,251506991,251110607,350324394,907505141,-820762866,90395
320269461,-1781390336,850228931,-1934874060,-2069479966,1357356354,583808770,246489316,90396
-1238285155,-1907535563,986763664,-1397459182,1403162704,1629867451,-557841012,-1758727270,90397
-1006581548,1451391826,-1771541418,891830698,-1644489137,-318383884,1261463701,-742497238,90398
1642613757,-1386304760,-1495790699,1868928954,440470058,-632693620,-1559391550,-1018934797,90399
1896590969,-103411702,1589613646,145671304,-1095528914,720578217,1024648290,-1860820114,90400
499579260,196012647,599941359,-1770068684,430988738,860500404,-1892366715,-283251843,90401
-1105116131,1849166167,-70967757,461803972,-316796469,996601809,-285984664,-1235998451,90402
15716777,159510774,-1441588107,-300605797,410386625,159100717,-229118614,1562781015,90403
1326208384,-316809000,783437886,816175291,1728316362,681958088,1138466060,-1147789232,90404
-1530084254,-2002834676,207292925,166785021,-509987707,415518380,138124471,-166460229,90405
1952065899,-135436233,-1344551863,-978646132,-620568892,-975694060,-56071142,52745433,90406
-797165010,-1167472144,-2009047728,841210299,-109880485,1583580813,949541792,1352048887,90407
-1708308086,308797048,-104276669,-855737269,-1585362774,947281453,961612288,-1753495295,90408
1153324578,85434772,-414220522,-1549277186,-836430548,-746926956,177171532,-1637791767,90409
-422490416,-1354335589,512541031,-1831376906,437081917,-1751556487,-1785403832,-13333689,90410
-703086580,388863567,-1697306666,-870245199,1069853834,1949644122,942381426,1981373314,90411
2018199023,634973474,-623911620,772051679,1692917312,1056344678,-2042546694,1039895698,90412
-113400761,1730966053,1077017765,478149281,794543884,-68693879,-268195697,-936062286,90413
1467664557,721648806,653190037,-1126298116,-630542418,1125207394,1621126312,226858477,90414
1959857016,-786023491,-567285530,-736423632,2061037875,-1199757195,1583959719,-837005183,90415
-1215490128,1502467739,-120216613,1097480597,-2027704839,1994418496,-1129784914,-1192142474,90416
-808549661,-449801058,815574417,-230712045,1021418528,687280681,-370440255,-1807728085,90417
283776887,814262300,1923072488,1567373038,972574262,-1040538015,2010114351,770125082,90418
-2007716659,1536540635,-1011731606,243659973,1242532938,-98668009,172165664,1899545780,90419
-1972521140,-715050593,908675121,2023063618,-1491126866,1519499636,-576610800,-1193319283,90420
-326473853,-1165857650,-1882254663,-1068926042,974170570,1198681600,312777716,43526975,90421
-351271366,-181002236,1039998077,-1106842615,1028994796,1128215377,-858937710,-650319284,90422
-1100277330,-1246368725,-2123896564,-1182112007,1716628448,1282868614,-376119011,-673265757,90423
1468379440,51779690,-831682226,2120132599,-642653950,-1099051172,-1264028969,-1956043992,90424
509611492,-411455862,-1290556972,801068760,295274198,-289924834,1817767885,685992490,90425
1011762065,-1991050228,1435994675,968915772,-72463079,-1546237673,-775728242,-817286654,90426
1738976670,216508562,89304286,180710149,-1365567174,-1964379801,1854022644,2025389638,90427
1454824598,-814668319,1360273347,-941756204,-1304077607,776099955,1581670418,-944054829,90428
1901523240,252236703,-1683636104,-1361427207,-1650762306,-737881965,-1444038946,-1247106701,90429
1089440429,1464683031,-87889109,-510161903,537003186,-579130830,1017825543,-755535219,90430
-624787967,300520534,-412616381,2090180193,1026194612,1983335338,-1193360187,-425998065,90431
-241431452,1855388150,-281867726,-282054694,-846665781,349877696,774887979,-1925363257,90432
16403837,-794609416,-1878206626,899664351,68704599,1490460257,-347871270,586126014,90433
-1773563081,442281544,-435648398,-292510981,-1024848623,1258646617,276388362,1155646879,90434
-230322323,-498893349,1684546703,1622680568,1388366162,-1793716548,-1563523151,-1545519928,90435
1225258424,1558826311,-53360333,-2081880835,73766560,788707893,368624718,1212957846,90436
1493532464,-1602196476,1677095677,781921621,-16289858,-634903263,-1685946222,1111443171,90437
-1260491458,1510367074,1445272382,391556557,-379684744,1244978593,2055964767,-405040354,90438
635936310,-1070772693,904132357,1176312913,-1169945356,-79951677,2089078489,1870312322,90439
1547664518,-787637643,-709130458,1354986738,1780256780,-204621492,1217705463,-10757988,90440
-1325471886,1096569958,-1240585149,-797903000,1274616909,-795697608,1601119674,-1617702601,90441
729029467,650116582,-1919810013,1540471783,2023023183,-2090717497,-907215613,1359901896,90442
-1462812467,-910493054,2073816891,-666622054,1575710084,1614336745,1420110622,2144670318,90443
953177531,1289639211,941398922,843742685,1839441447,-540644831,-1393927617,-1685487379,90444
-1128806271,-1382324401,-1211516649,-1241763605,-1149576005,143931098,-1438983349,-610951046,90445
-895027690,-539704418,-1332743952,-185607870,1739664081,-1940823240,925478870,-842966336,90446
-489100657,1422652714,-1729466698,-770061459,-15127383,-1122366265,1116456749,-450580433,90447
-1086862199,1449458041,-723311102,-1346192740,-1661075312,-1705671401,-1053532918,-472686529,90448
306296841,839175791,468776142,226339228,-291784723,-551158599,749688845,-421101811,90449
-971754252,-1762158222,-82222637,54986359,-2083094611,-1878076893,1352714836,508447203,90450
-1030218035,275230121,646589831,250775185,192757180,-1836824339,-2130949735,394651897,90451
493385404,-1524784899,-335396110,1374660369,-1178706803,-1531428270,-1149953179,1349832419,90452
-1956403451,-1790568481,-1589750515,-2053521410,819952272,489069921,1031437859,426058907,90453
-591401711,1923753381,-1811650857,308610911,1424191893,-1221915134,-477544424,-1928005660,90454
533023564,-474244218,-163444623,97642078,-1808133017,-352592924,-894822240,465937992,90455
-2020110597,1612659897,1974920283,1028025739,1856601595,-866994670,885307488,551049734,90456
294144300,-407946496,1272195712,893707690,1982862825,-1947461842,-1128982518,320092478,90457
387362143,-1022792157,725415626,-1456458875,-807323317,-570590706,703150442,-1399710175,90458
-1936198075,767647174,1815061915,2038700513,-641259448,-1911625585,486751017,-1318042779,90459
1024328056,1744450440,1641551740,-2137865611,-1402089376,-406826179,1822502062,179590988,90460
-626851958,510129441,1984013521,993128749,930461781,75676659,-1753639855,-1409745056,90461
-177851890,-2146528486,-661919158,-1413415759,1047276459,-391110598,-1319303741,1184720191,90462
1888395509,2146540733,-2085512058,1787217346,-1716742215,680965787,-1925699907,1634631119,90463
532274089,-663974437,-1658979795,-620276851,-174756722,-2024569334,-1955759278,2127170545,90464
1170207967,-1125078283,1503432879,-1045770854,1548039476,309715444,-347239719,-1469121854,90465
1740626230,-232906224,1202349853,-1730028657,-1602370344,-1395094246,453557341,-1811251909,90466
-958692186,1314290970,217864395,-1608412413,-1099630076,-1621780934,-1522463164,1148970965,90467
-1124038101,1446717414,-9501974,708174280,317900778,-1612092931,206125458,-110122263,90468
1160041244,133742146,925919971,-2102999303,750759801,-1864318980,1785859531,1812667632,90469
1777177598,-67757419,1681977296,-1433861014,-1289195658,-1355043893,1638931801,-1544944567,90470
-1496311735,-337350740,234866731,-722478424,-2113387734,-775461301,-1395044904,-1724010135,90471
-424659829,-1474713035,325650976,1833446544,1567995118,643561529,1504216114,-1515456000,90472
518183982,1066014934,1795451979,-1477002201,653692566,1099368051,-260816289,-385914943,90473
-1076754967,-340360099,-1451302282,1332125111,191934678,1375456133,1856670441,633604153,90474
-1865210791,1029508371,261101930,1380487781,-1799208218,1770914154,-1212634877,1517057254,90475
1236539374,-825044011,-1996255109,-1803216294,-1806363226,1502701774,1718647261,836861906,90476
1242184165,724569776,1173804034,-1423465402,-1379708202,-1371639401,-1735961415,282089978,90477
2868832,271095589,1418951978,1826513920,1182768930,-1143979302,777115198,779751304,90478
1761022183,-306148712,1299241544,-356185349,2013372889,1427380515,-590504585,757681271,90479
81326634,774976277,1098099759,-1075914929,607766291,-140945604,-1235296612,-903833739,90480
138482539,1682347117,1104937742,-556529190,-353047844,210232031,68386766,599589263,90481
-1660887435,806840492,-1824799884,-2090136697,1393041550,-1465454463,-321271133,551778172,90482
820214403,-789179893,249224826,545492287,751250045,443114297,1538730835,807546562,90483
-135449654,1814938551,-303932181,-1288267592,1787202750,1192798316,1705808920,-1386425423,90484
581566084,-1529401604,-107911639,-1624099024,-375596952,1922253828,-586510105,-1078116884,90485
1717299021,-1021504246,-170637600,-758685982,-770422244,-680395546,-359745350,-1489711138,90486
-1571088164,659919246,-118122242,-1261978607,481139357,1327686585,1704990397,1774904951,90487
-240512563,-520372433,-1347442962,774932527,-790521450,-1734298142,563167094,798016365,90488
-469245518,-540427161,-1093405706,2076261119,-748286541,1386085015,1863376097,-738967973,90489
2083000504,413225029,1006495148,-108304847,-1253585797,704586752,2018993771,872717662,90490
-2129887838,-1439071306,-705378886,1280020296,1870805312,-736814700,-1609652752,-1113059949,90491
1918954568,-517835185,1332022466,979261610,-778876293,-1204023806,-838384519,975516277,90492
-444897396,1648477807,51891795,1519344101,1472937572,863631047,-297703697,-1411900137,90493
-804714797,2047434045,1596287397,1352595967,-763234319,1522598886,1530775085,-1815277287,90494
1672045241,-333731134,511034924,-1180782397,-90505104,1731513803,-370903070,837561618,90495
-1410898575,-780670110,-951136494,2007366684,260529205,1558674176,-2050025026,-1747143714,90496
-243910774,-1444255917,914912699,1907079495,650853232,823069125,100449483,1167979833,90497
-1922101183,-605833938,1612076309,-2050725585,-313118227,1645753394,282983259,-1079565875,90498
1618727682,-429086879,1850463361,-300037433,1612686611,36795771,799388464,-1525757879,90499
-1520826882,-360262113,665982048,-1461902820,-1222504151,118230718,1742508029,2057741260,90500
697768273,-2000740008,-315521544,-83423672,-828106555,-1737904621,-1079572522,-472411389,90501
-2105019391,-373409118,309754284,1766715691,-426927787,-143549296,253867610,-182535812,90502
-599242356,-1129293981,1497474149,-676512741,786651162,1944678214,-258633276,1785644484,90503
1785039948,1397704099,721604426,-124278851,-1315099471,-621361026,1683043867,-1132936490,90504
99692964,1511594177,8410008,-870349832,2071170348,-1081863571,-976092701,-1967415011,90505
2069115565,-694556671,1018766338,-1082356903,169494529,-1751038858,1612495983,-1277140994,90506
1668947638,297713771,1028586371,-1058600247,-490442769,1121920527,703946773,2124499468,90507
1784594366,1311917813,756441806,581919986,-1306564663,162892509,121378732,-1931115434,90508
-276157610,-1522637803,-1098944753,193098122,-534494836,1114585837,-763741513,273512710,90509
-279520069,825481470,-219596331,-1212286417,981865041,-536214405,-506930688,1598714388,90510
-269606566,-688951104,2046968537,-838927258,-1852352409,-1397392100,608817475,-1287500645,90511
-1433884198,-951304085,696698888,1234487360,1214188449,1668139567,-2103626632,-202364194,90512
1178907538,-369671009,64804925,-1280421555,211230799,-1408955664,1206070670,2045096875,90513
-1285241725,1910667484,-1925438580,947223892,212692943,-89912775,710077349,-1891966345,90514
-154139976,-1627677669,205634784,-394784472,-214724131,-585304916,1417670274,575696682,90515
-778889600,-1866058668,2090731557,-908077692,-1029966889,1250183076,-1592891920,-33380853,90516
-1103525398,-141039129,565607336,1410809597,-253529065,986691040,1527711836,-36738190,90517
-247099136,1825497368,-1472204747,262950904,805525935,621451720,-628516920,352571559,90518
-577319535,344278875,-775343128,597337191,605446345,549150825,331498906,1575539423,90519
-624661745,-1289466681,992448019,951327133,-1563145195,-1873152238,1889121146,-166381365,90520
2034630700,1836526451,-378164743,797130461,1720391839,576324749,-1168159549,1861891283,90521
1267310259,1162308810,-1555041755,370801168,-366824740,-350288784,-1243215850,1894810425,90522
2002229773,-544772871,-433946364,-1702899358,378362828,-2082042990,-1874321592,-1283021282,90523
-1449204379,-478896480,-1087870084,1311889060,-391050087,-965622712,548686191,-625105795,90524
-152795929,1695608563,1916524481,-1027884366,-316044474,-1650140077,-1470632967,-2049210835,90525
935055067,1254221066,1734274146,-1286296942,1139521787,1856731541,-1153970693,-544126154,90526
344494956,-614021600,2119039569,794978890,676649412,101229070,1437529015,-321145749,90527
-715078764,925872907,-498341781,-1960006709,1333962318,-1388014250,-1507116581,418683508,90528
-84860409,1504164422,732598273,-656438852,-368813936,-647172507,5163297,748583797,90529
-791235676,-1713220757,-151391010,267028709,508731711,-828991451,1243901662,1491403803,90530
1545986930,-59909670,-1047444555,1451233753,600080099,-1651279636,-1972674455,2131812757,90531
1176540492,-670944921,311057043,-1400691565,-13071522,-407746802,444367787,1210039697,90532
-1760388846,1091102188,611141013,1440015281,-993206,210805803,1695437508,1025621143,90533
1597959272,1363554299,1092370761,1320821463,213714876,-1392431623,1816033437,-1061013189,90534
1548570244,1100126615,-1766689100,-967330729,658447853,2126487745,-951454328,1575317449,90535
408493653,1450684821,-1013879855,2008469701,694382985,-772738069,-1964172921,742037762,90536
-358606149,-1730601688,-410366685,1013289458,-1670524961,-1522867209,-1923954840,-1860178417,90537
1232112790,28850927,83426492,39403383,-1811419680,47751566,-230509490,-1321871732,90538
-124636674,-1565797838,1817383683,1082052533,-1178435203,1943178771,-695704300,-148169508,90539
-1072450251,325237144,231501448,-700965998,-348844715,1338514361,-270464164,1008751705,90540
836813570,-2098208181,-725121402,1055003063,74505591,2012115195,67468151,-827802798,90541
-1458443595,340604204,-372271324,-752772208,1292651034,-1747786891,168439206,-1284905072,90542
1049977035,-1257818375,-1236267262,-39202879,-296005182,1107578228,2099616557,1758685887,90543
840426361,-749841959,1923494121,678239278,498619836,-843832172,419602143,1833032923,90544
-1775920662,788889088,1984579253,1821094683,450353477,-1560131171,-150209282,-954389194,90545
1130614170,-840833098,437455504,-454246341,-1744106657,-1357460995,2059726938,1472281307,90546
-2021803657,472687993,-692800472,-2132719415,-1301856939,-1983015852,1432556458,-1123712356,90547
923361469,-1826867576,1715776087,595753065,589526845,-1106242067,1472802919,1717102604,90548
1784301853,1266022992,-9888823,-1706662634,159671042,1936857754,-69839069,-197908274,90549
1132867363,-534896065,1208059628,-1094212270,1557856455,1824503924,-352122052,1429328268,90550
2000878406,-524937921,-1374097988,1130027097,-1655942928,-1557494364,431199036,-467447579,90551
-1363145337,-672486576,-118026072,271868703,-1928483002,167323974,1275060675,-396296638,90552
338669758,-23477359,1785905954,-1396492706,-713446941,848930718,-2012877413,915437931,90553
-956227021,-463399593,2065909921,1066340324,850688504,-1546381281,-1241909730,980070764,90554
2089286846,1881974159,-1611199856,69550396,1683356748,-1669752138,-521086300,-416872474,90555
-602504830,-2059448208,2031231060,-1579106635,-903669084,-488159461,-1794222612,-2075576787,90556
756563204,-665437322,1817912268,-467034538,-1397291161,-61358694,1645221625,1330487418,90557
2146922663,718137262,304161364,-1074790349,286958038,921844175,202195136,-1455655539,90558
748864779,1690002163,1897585426,-1688533671,-1768608278,2020371388,-1159675397,792874616,90559
949709633,-1645406878,-821359181,726776710,137330177,1548510506,1498650512,-474737666,90560
-637809923,419720368,-814019998,615457619,-1064348914,1922535695,-688558110,1308304153,90561
-872214038,-2003810308,-306945017,-2021807648,-1203107159,1171267278,-306246274,-2009013613,90562
614384172,-723897093,555770781,-867323659,1396960795,-878350833,241692680,1386544800,90563
-1490346100,-1579689632,1998282483,1434520285,1144995560,-1454572565,769541156,-1074806259,90564
-1221572017,246258559,865889721,1792292809,-1828923237,-209077362,1153205881,1344570630,90565
1090877766,1389552898,-387414607,443394641,-280209067,-1443198797,371456776,-1404255654,90566
-1599005005,982217690,-733142993,1595454868,-1241125844,229283616,1951346112,476562664,90567
1711649364,521329452,-1820967801,-1186553686,-427290058,1996083481,-1388199347,-1373583345,90568
982805039,742538738,-781599768,-2039657247,-1235397544,1254032995,2081836816,-2146916092,90569
879589231,2033180720,-1691426908,-33754920,-1842266806,820497233,-1445970799,367865598,90570
-744218448,1225234085,894591155,-134697651,265250266,309239954,1188477664,1392564670,90571
1464843578,1803097635,-897705213,2104553996,-297366575,1887650585,-688961480,849265258,90572
-2084906755,1591400322,635536635,-841783576,1657813237,-210919342,-1463823837,2093148151,90573
799582771,-422256952,70032774,-604233598,-1792457605,760493145,1284123268,1628404741,90574
1351409503,1860484436,-207663404,-1264346730,-1627727713,-1828340806,-1662440393,-727047377,90575
1212596350,1338334619,1625090912,1843866400,783370440,1833767659,1654529361,-228603259,90576
1401599235,-574484386,66729513,1902818498,-520584388,-221477709,719946840,1195756312,90577
-153156855,-861816547,1818190668,-1553924699,1601408788,636048905,-466510335,195146923,90578
2006842262,1516085775,-670915187,-1800937289,-1663533448,1906184212,-518805257,895669100,90579
2053565241,2084821170,-1591634687,-175742086,446078962,838473884,1689900439,-1889158506,90580
-33704413,-915744613,-351365299,2080047808,-616581388,-482381087,-448232379,-1912301324,90581
1479965684,1549527028,-2104911139,1464501963,-1439463805,961660425,10408387,1629268014,90582
1016393930,-49716577,-1541381062,1129069883,-172998240,-362806019,1494928922,1363514208,90583
-2047777812,-299601754,467498686,-456414799,-1111720238,-994992738,-1983906131,-257361907,90584
2004187891,1667344517,-1307046943,558778425,2000410301,-190843451,-952568941,958740572,90585
627587699,-455617718,1350956770,794026448,2141601325,-344581981,-151252781,382974584,90586
1507929558,-1234943738,838982761,925034524,1692595333,1448610213,797161675,-478499162,90587
-1691453540,-218482014,13277687,774134168,-218067847,29978100,324111566,643982059,90588
-309599961,1934868420,136955763,-1837234314,-440602769,2102374938,1865910199,190148770,90589
560989611,452557311,10018024,-727960311,743192888,533498747,1000315082,-261343667,90590
-1315133219,-1841810021,-630912857,155239864,370798405,2091512792,1739017218,1866290513,90591
-1454236773,-1616738184,-1383785316,909217186,-213336701,-1361601681,-305050151,229387808,90592
-108203587,751786784,-21086843,-1050704605,1919650957,-497218499,231538339,661510312,90593
-1482620255,-467623267,999075580,878610527,-1230898438,1544421643,-1485837918,-876873878,90594
-1481082233,384404369,-1888766002,-501869264,1134889873,-1497564930,-1925128247,724759034,90595
1959076188,1470672948,-1183513302,-11310385,-985988754,-1641737908,-1675305337,454737128,90596
804254981,1723234950,-1308120544,1033243703,872035738,669174548,1343944024,580947883,90597
-786265420,1221985335,-534363311,-1126759932,1072504290,-801494736,-2084808906,521102931,90598
-181750824,1234936556,1012538265,-1651082425,-2100172928,822860055,-869985093,1435604407,90599
-347931654,748516560,1862379685,-502821535,615748717,-1327677589,-638381018,1295456306,90600
-37589235,349032386,216176764,106683324,-645092361,1110256021,805062908,-1274523191,90601
536639711,-597400504,44666544,201620319,-1980225836,-289155355,-1328449314,-725315956,90602
960817408,897067595,-1450730342,-1679606309,906837953,1193038274,225236154,1538053136,90603
-522230441,1452129989,-1708910174,-200193017,196047793,-878159804,-471932423,1961242611,90604
1353766431,1295964737,-285773506,845985516,-451074410,706425347,-1767257563,2055415480,90605
1224049070,-658020316,-921381750,-218730148,1436480860,1187768202,1104128823,1587522625,90606
-1330549698,62201640,-388965916,-382442610,963636557,611410702,-1182208314,305431106,90607
-679991196,-1260273145,-538336590,333237427,-1466973599,-1404626248,-313357013,251314621,90608
-1248296730,-1713335965,267718193,-1094978199,453523478,-1045953493,-884470903,-1642938128,90609
-1331394036,-1414178294,-522548976,645960260,190499220,-921962432,2107984341,-826683208,90610
580705260,-203878066,1985312121,1206874005,-938865798,1290135169,338046205,-1260596513,90611
-50672109,-1627328061,-291205691,1242141444,-1610202115,-960061432,-1407384708,1104620207,90612
-1872368463,608650252,-720742232,213690333,294465169,1328824379,-1702301513,2102067652,90613
1022164524,1204025965,-979975189,-530041190,1361466078,1902714070,-275630976,-679425658,90614
1525016086,233550027,-1581142934,1892097175,651883481,13739787,145276813,1732638485,90615
-319815023,1944349400,-741204100,536517220,-799019609,1319796147,1331142132,1776843348,90616
1987394220,-1884827607,96317960,-762556406,-1543096541,540098636,-1693281142,943535537,90617
96051251,1991720567,106215678,-1578132087,2126106309,391153525,55961290,-623514343,90618
-2108684991,-532752891,1570030385,1788396130,744160540,-946763064,901752696,-1367942920,90619
389501182,1775274597,-107858698,1416710603,1054076129,-693886455,1602934576,1041488626,90620
2131743731,1144420524,969748666,1587964802,1853491958,-22785163,956602322,-2137246856,90621
1876737361,-497519553,-535571663,175820844,-2140419742,477334726,912178413,1039670067,90622
-133719021,-88483729,-1542371118,2044211314,483643472,643422169,1471579978,300811519,90623
797659943,527707896,2036850822,-373733503,-2011045613,-158854462,-1678277939,1398697055,90624
-1195118029,-538009204,-1870578344,369399816,2075289680,2093849643,316043757,-1791790067,90625
1999493342,-1737528287,-1864515801,4714350,-1241594132,-1864256740,-216003629,-1629817364,90626
-926342009,1767360950,-649852952,-1219422015,-23158844,-1445829989,-18568527,1392127469,90627
73200882,-724411919,330943118,-860287106,564228408,-211354749,868580164,-119331603,90628
-78848397,951021120,478644371,597562035,-2077228947,-1307089877,-1149774698,965570399,90629
-770921198,-172767523,839768666,219332501,2113771414,280284393,-1601612293,-1973582987,90630
-2024356875,-1159741087,-1681737043,2125412942,1003879445,-1758503836,-1413825980,-782607264,90631
-1523712807,669927069,1734481810,2044340263,795691814,-169586907,279224654,-588388631,90632
-140255549,-272760327,-249837504,1451728986,399802670,420540194,-1742148935,-216168522,90633
1008733083,2082535404,416164635,-916131879,1788261046,-1097116114,896713992,-379706872,90634
-1309371926,-2030268676,-1063214492,538663811,-969868570,207809544,35123448,2142365553,90635
1049111316,1933543756,1208459705,1517420299,4837666,685545972,2022824749,-2070714807,90636
889225720,910735810,-1997205074,1333878283,-691909382,1480315641,491271261,-214005444,90637
-1929806116,-1708881578,-770913834,1063832223,868218532,-1514408810,1417052665,591440755,90638
1646089865,-569042543,1091131109,-1318738531,1747395073,-1829164206,629708878,628350690,90639
-1572101703,-235160710,-836709270,-1845294937,-724447530,-1636945443,-27889790,-1730551054,90640
-204529547,1879924105,522184216,1095884957,1671603801,505680689,-1257877401,-1597082051,90641
1491588499,185905252,-925179062,1611824929,-524270124,202117894,220350048,1190727755,90642
328444065,-988961183,988778452,467560199,-1455431929,-1069060482,-664291838,1450590807,90643
-741902718,-650032359,1688367969,-1836948271,-1051840020,703841157,-482361152,-326476387,90644
-1246946773,1290325448,2063126549,-618383512,839070954,849662400,2047766943,-621880962,90645
89595600,1990706962,1697955656,1502990724,-1215335538,-2089833723,1327218400,1607026097,90646
642532930,880744833,-1902082960,-1422824767,1980860952,1841426108,-1251818857,2120797289,90647
817900223,-1571114157,63949263,-582438576,392692880,989035040,715419088,-1933933843,90648
336615078,-1073840505,-854080886,1016751892,-1546789954,1819816245,-719723787,-273239696,90649
-797139714,-1966483799,239287723,840362698,-2024171991,-10541752,170587370,-1038240713,90650
-970889957,-1098970053,727467449,-462985467,1542582917,-2021124236,-396094203,1182300975,90651
-472825635,-1769900148,461062957,-1447530940,64359841,746100344,1590144541,-462232036,90652
1329480926,1360610749,-317101179,-514274268,1655071808,-681771450,-1099347391,1845044681,90653
-1268827045,309099194,-1025267775,-1545974363,934841819,-1199259718,-1687773782,196713074,90654
-1594250023,-599277017,454609078,1436656939,-166108987,1355925610,-1633301352,1132641486,90655
-83818188,-1561371885,1167797444,-1006164804,-247515691,-1496786063,1362331798,-166837912,90656
972318746,267858479,-538552845,-1574624266,509880645,980127534,-2026185340,65374877,90657
637666189,-1769813722,-1262658831,58369065,1438398137,-1926197908,1834753764,-372215847,90658
670617483,1398311015,1393472703,-234394498,925026816,-1392248426,-496064418,-1573249661,90659
-536504802,-573078636,1139564949,83487347,959158335,-259163819,1396747583,1372371778,90660
1406070109,793008785,-1856167346,-1671454244,1212163678,-1039977815,20392811,664752192,90661
-798859441,502839157,-557830780,-83417602,1612164869,1324338784,-2031994533,2092237283,90662
335588328,1479313987,133651302,2060604937,-351059311,589479769,1434326411,-1353207870,90663
-1888289331,-142286513,-186370492,2122047573,-1679314496,215921015,2034514566,995042374,90664
221273531,-1716325441,133741149,1501899097,1359386321,-202615939,1795176428,1787257333,90665
1241923801,513014157,-1830612785,-1980774804,1476507694,-1247455798,-1497069632,-1164636364,90666
-114556314,-490975729,437441155,1352708393,-1045993509,-362628067,1348983202,1639665503,90667
-727829934,-1699011826,-2116384694,475664894,-328242237,-489362462,-1121409478,1213867854,90668
-317426911,-2115613584,19538501,-1615163444,1733818349,-1346502909,-649968806,1798370354,90669
1677503721,-1069447600,1239696194,-58249628,647547749,-803769993,87353991,-681047495,90670
-355114489,1970367531,-510575538,-2095624092,-658612829,1269244431,-302513728,-1815370790,90671
1863320359,419309135,358378785,-966968388,526174518,-1319381210,-927347071,38083709,90672
-1796929546,1961862001,1856742411,-779659933,-1808556546,1733118823,336271116,-771794610,90673
-1949496658,1782297609,-2133361658,-240833897,-1664415938,-467656533,497373821,-2144156449,90674
917717478,-454993886,-677032316,1440522478,665819402,-711311759,236599804,1482849348,90675
2059742032,-1413366234,1680630497,-2083876281,861190599,2137769764,-740700304,-1780640915,90676
1239831218,980847882,-1029220531,-874727288,1818634273,-1553038989,-1492704380,1181421389,90677
936258310,1350741371,-306812172,-1670032297,26378022,-1711952494,784383822,2035590027,90678
708371185,1466580665,1978671961,1761303546,-344510002,220125525,1205727583,1618963948,90679
-1944049835,-541735513,1944342700,-707997335,-245043523,1014304776,699836678,1946530655,90680
530121324,1155893184,-119924060,1321613131,1741412989,-2134705418,-862430308,121999487,90681
1224550086,533206993,1956826428,2108244791,214859432,570959737,-2100941763,-612124036,90682
-427505297,-1614758473,2013772731,-1681730389,-822064112,1918364095,-1239201808,-1774936074,90683
-1422242766,-324756822,-1856772297,-884256907,-1199943908,811140232,922825695,939412003,90684
142147483,-407533094,1491945488,-956924474,1748882223,569707924,648340349,282966831,90685
2058446381,1456432878,-405900809,-1280900017,-275421698,-317603604,-640200849,41755960,90686
685847795,-804050187,39527544,-1352770914,1530952064,-951423421,-363914729,-1651879289,90687
1047012770,895392661,2017275016,783398796,-2009833949,-758626720,35821149,850522173,90688
-730201454,1205826937,-357173529,-684595725,1413956005,-22540316,-1209023215,-2055541659,90689
1908765493,-1522805999,195865472,-850580322,891563096,1814268554,-1983810542,-1286719628,90690
215530952,-766594744,-1805090745,-1209146363,31872507,1617519402,1028468256,1240162432,90691
27156369,843756964,638262433,361492601,-273181384,-56341067,1047376190,-881927315,90692
-846700599,-1745471902,-1861359025,-936247498,-362787694,553561906,-2105399105,-1021612477,90693
137779818,1564202470,-89682534,-1361801248,-1875114283,984374762,-1011527761,501340286,90694
510384054,-1311200532,215125793,-642419769,663326531,1305331685,-437137663,246535982,90695
-551057574,-1014111271,-2118915983,-220602630,-1563133108,1204675074,-1363861802,-1385178277,90696
-165180944,-1072706659,-234758588,-568797584,1684392176,-713991226,-191932486,-2115152249,90697
-1326232675,-817963077,1509240103,1623678098,254306133,-1958038837,-2130453207,910459414,90698
-2128944689,-1097068597,-490595660,-2133554907,-1273443148,-31277796,-1426646758,-1632817048,90699
-639509382,1229262724,840077201,-83948444,1121075106,-113925724,1561356482,-673118740,90700
-1092430791,539578288,1662273505,-1907768067,-1574645324,-2147475919,2112210871,23102027,90701
1102671577,-1155826988,1453527861,1990530787,1521796457,264816407,2096793050,-2036397047,90702
1523756676,1680386053,1788777025,558206026,-1774738719,-41593064,1842513989,-578190801,90703
1931996837,941789453,-62096335,-2029129713,1383081649,1151946642,-857621332,-2062216592,90704
2135081171,1613123817,-64610803,1909891103,-818205232,-121926507,1548485276,29326922,90705
-1052694046,329111544,597411921,-966663401,-1178986178,-707522273,-1889646865,-768338134,90706
-2135462830,419770022,758882699,335846875,-984059571,1663517491,1265399845,225293323,90707
1935725085,-108674231,1749403053,1670064706,1656405266,1013892548,-577329819,-1118747602,90708
-440199907,1026818014,-398879862,-1286050189,-1675416977,-1140139567,-2080236492,-87988514,90709
1250322232,-871939841,-1080249055,-422450030,1339258216,1805054693,-999700095,-1004394552,90710
1973658214,1396770802,223614181,-1110158983,1818699453,-767101382,2125678684,-1304762579,90711
-1868185228,1769291840,-1457380617,1672053253,2096229111,-1792243884,-567912820,-1392566703,90712
-935388083,1550048285,1408467157,-633506013,958721240,-1452025856,-924737022,955250060,90713
2034315415,2098105311,1008444360,-2098754699,1672727009,2002976859,-1120504809,2122584680,90714
328534462,-813727009,-781651304,-2099084063,-863061384,-1547541278,-1788802383,1718024150,90715
-708649185,-1293203918,-268249183,-204944959,816641929,-1497467610,-256131329,-264054242,90716
-749964101,1183864998,-794294351,621965727,-1173399453,-867408533,1546129048,98950702,90717
2014747403,-1938788800,191140029,-644973369,-1054169829,-97342386,519605994,724644669,90718
-494301738,-2080790283,611018962,-394619087,-2073917219,468279336,-772578752,2117536083,90719
-409932867,-1564653455,1086111690,-475341844,-1927808832,1912303580,1744316604,577222124,90720
1556032134,513342224,-1062938610,-1749869166,203583383,1169532816,-1389578828,1162503041,90721
-490154981,1526036687,177368836,-749638655,-995654750,-265852973,-610078213,-274335046,90722
-1502890689,719056420,-1338080677,-556320579,-393624024,-1062741622,-468062907,-1229392450,90723
-198319990,1890983644,1633693454,-1232056866,2113671664,1704046152,1729232702,1119669837,90724
-1601699967,861068499,562663363,-940354693,1290717200,664257093,285606201,1316565606,90725
384166514,-246774717,220204461,1078240983,-675823320,-852320226,-1004661928,-1547903041,90726
2030997826,-711848462,51689878,-249681082,1074292372,1765774169,1245843304,838230810,90727
-1546006847,1599229533,1519343437,-1377944287,1719671813,182648176,1061870979,1660907809,90728
1970683566,-1397684618,1528433462,1934992757,-1184538982,1744927375,1667650876,977456095,90729
-289840558,1337761142,918969072,1546752978,795351466,-931148418,-1446044781,-1796437835,90730
536663703,-768537523,-1246538046,169604229,-1718836700,-1005656572,-374086336,1572551807,90731
1557431754,-1864647851,1196250900,-1674894776,-224221342,-2003453718,621128676,-563555184,90732
2006365296,-1656385789,-1141377726,351868662,-1916011505,746343771,484240530,1374379000,90733
-1107499158,-1092739285,-1078185210,-1652201038,2048805104,1121968916,1601845714,1125199565,90734
-1241576100,-1966861103,278811894,1221995859,556819282,132641072,-821418976,-1224830458,90735
-1477891816,1798612229,-534400250,281836546,-1157632211,752855098,1139897935,-2100471381,90736
-1912782108,2003141464,-989311378,100436717,-1522455300,-1859855249,94227846,688830388,90737
-540161591,633329374,1212303230,-28178781,1232986481,-633692986,1683357288,-1497982081,90738
-285613654,-1627836075,1376768347,-412770492,712371849,-977386524,-1447656169,-1491907653,90739
398207014,-1769433376,188832847,-679328817,-1062046149,-451054602,-1525333480,-572809169,90740
1711287477,621118790,47317851,661403239,-161384865,-2050528922,-2020903000,27138759,90741
1038313484,-703565804,861320406,-1131847883,278230272,1729816612,1315984883,1901839078,90742
-2041463673,859995609,1233003168,-2104800354,1010026338,-836523282,283361555,-1153959489,90743
220011885,-1759435053,-2101537303,1852750801,-871546902,-1418091453,-157518000,-801888247,90744
1432382752,2118388007,1143950882,1921406150,-218061860,501481628,1272144201,2003344335,90745
268374463,1285332867,175210597,1548206456,98761646,-1635968247,366764387,1540324647,90746
632236286,-1512820296,1699094393,1162595849,88534239,1257290156,-1723902020,-2034784451,90747
1186414420,2118078039,1060852620,-1447380358,-1638698858,1477314656,691793663,-315992336,90748
218425712,364157681,505820901,-445004897,429090784,-1204568304,-1347360039,82393723,90749
-538766568,-1234329775,268827672,1951480431,1212967474,2124941613,62042429,-2068427218,90750
2040035309,971415040,2084963899,-1373385853,931148874,1939065026,-1404205411,-1051818262,90751
42591453,-726719550,-826284353,227164316,-890319447,-43767944,2120346115,633430417,90752
312912509,1568401535,-728171688,1690002979,808360474,2037757852,-568309290,-451134594,90753
-1814298173,-786955930,-1143803296,-1107352340,-441496287,671031077,-411375738,-1716365726,90754
-2052451229,-622219486,-2089580806,-419704796,673809618,-1401035379,-1224084634,-2081068081,90755
-1389812548,-2100789206,1833221982,-1841016821,-969563079,1074691058,1705591767,1814768343,90756
434373346,1745132732,2136025114,360723652,691462539,-75110331,1363523293,285056537,90757
1815865445,1643909428,-1635010196,-970500668,1749055052,1635740924,-1287792789,2145810554,90758
844751001,-219413446,-666038449,-1667226272,524928593,-1182312882,-1249850707,-1829606959,90759
-1389353425,-1532036194,1155454237,-1964036634,818742077,1776774385,-859639269,-1190377518,90760
1905243277,240927973,-629769788,-330230362,1101850825,-1299817971,-1831477617,-1865215083,90761
-963461686,703961030,-872261288,1656600008,-1991391478,-215363723,-1980252181,174751873,90762
-1134061771,-931525034,282915414,142591046,-438024684,-1963376586,559910300,118179020,90763
-1123522308,-347281320,1589204126,-1032634814,1094847695,257259963,1270064192,2054533426,90764
1731406030,1706029949,-902627070,770148618,373512636,-43192415,65121442,-643138030,90765
-230724382,-343372620,-1158478288,-1456300687,-1864247683,822929984,-727060972,1244266577,90766
-553041805,-2043781316,442642721,-985454563,-1633221543,-1175374360,-771201850,-1340824041,90767
-1606030929,1247711977,-1439395601,654143489,277867702,1704597468,-598059709,-244216223,90768
1346719456,1474814366,-2106866288,-554099221,-338516455,267617449,-191156986,152711698,90769
2135959426,1019082469,-805018044,-39988974,32095636,-1824994794,-917726217,1998215283,90770
992905239,1614860866,-971304380,488349702,-1100394089,-936972389,942527139,-877510457,90771
1767333857,1831132587,870024913,-1420370871,492950085,1870422192,-210100749,-2117428768,90772
-1120643397,616987183,-22680936,-1394662247,1297658142,-899100061,2045190866,948709226,90773
1552216560,-1920365440,851417524,313088963,2138346594,1679130257,-401613861,1157843917,90774
563869307,-1081473416,436647692,-1842464947,-1184387481,-650316070,130419389,1545272773,90775
86968722,-2118421397,-913624233,-1957761502,262118904,63705379,794745989,1292071862,90776
-1858686453,-236940869,479362285,-1962946765,1470619937,1576454281,-40861434,2081564050,90777
1528556830,2080986883,-795803485,313325555,838480017,-666816976,-1563292535,1806656683,90778
-666347664,-1764054801,-2103594857,920197099,-1684132384,1965051549,-1131486699,-535699405,90779
1122338813,543287636,2026997893,-378619271,667730956,1168687831,-663666358,-904370344,90780
1950093377,412286542,-560824369,2088405963,937356484,1319013149,-1954291874,993161095,90781
1216731912,183580107,830885500,-1205865935,316370408,1726291120,909857869,-107856242,90782
1961642948,124550967,-1764971215,1263497098,-943269411,1287515155,1324258136,154277563,90783
-1378243280,1400229299,1467499089,2081970590,-1279525430,1345761322,-245688513,1596790363,90784
1827325957,-2040067373,-1569592456,-631255695,2113079320,-522683737,-60910331,-1513524822,90785
749915950,1559636111,-1123843376,1120411436,1131485756,-1078272361,-212743398,-1674330174,90786
-1562160040,1683140489,-61985238,-1634940899,-1333074228,72135263,295192587,4724824,90787
-711104082,691971932,594971976,-923880106,-861344523,-1866541402,-1710698748,-448352357,90788
535865379,1708711910,-608728969,1821426725,1418159837,-783873843,1137289112,-1321732746,90789
1982658283,-8740600,-1363342943,-277380864,-1538777757,-1811243749,-24605844,-1820485304,90790
174551165,1378082140,549016025,138037464,1440793761,-586429260,-148469836,1346612179,90791
142473734,-1389720221,1376940999,-1370402076,-283815920,-59214639,-1606942711,-1390815258,90792
-180423541,1024448949,-762196996,2075018919,-1135990758,1876102341,-1880110546,2107758095,90793
-58665978,-1191935386,-1243567418,1896526406,-876195404,-1845865432,-2092993808,1848914778,90794
1919350960,221026063,1519016582,732708540,-372128399,2078306616,-1417842721,2080192354,90795
-2007620067,101503446,1691353059,782094060,-1839537239,1595398299,-1000658397,-1851549533,90796
133569550,1167654083,1673163405,444640922,-1598119850,2031605485,693487564,1392711283,90797
-1149442677,1009025840,-2012650216,-840529950,-15292857,445873771,589919618,-351872447,90798
708997643,221076622,495838979,-409199851,866173891,-438507962,1756018917,1066388504,90799
334443628,-869831994,-2042615352,-827614508,-263702396,488623242,366294000,-2133914956,90800
872429744,-10779270,1275151741,-1597608096,-145262382,-1046111738,319817534,-1759014242,90801
558199870,-777185244,612528663,373347167,1871540303,-318465595,-1469884960,741595824,90802
2086688635,-390519306,-192264011,1080362774,1131454172,1603518917,-966876496,1422534984,90803
1755260375,-1857931956,-1799026042,1679605936,-61068704,1252549707,-76104182,-241210295,90804
-343424740,1702850624,-487573590,304164816,149505176,1311132461,1712322770,625329419,90805
1253844430,-744905378,785887556,-1365393780,607929121,-923574836,-894409582,752313643,90806
1935339565,108003493,-1048215702,1697407135,1195209284,1509743577,-310707157,1360021652,90807
-559812798,1813660088,1811462036,245671235,132944964,1403455797,-683529932,330643177,90808
1266768996,989784721,-1855331396,-1150411425,1903429190,-570199621,-403300047,-1365098297,90809
-96733897,556830738,-321331723,-1550294923,-952696089,1624571079,1424162689,86206489,90810
-569292745,-1148911927,-627810075,-1378807835,-2100784372,-707815915,-1680043894,-1700067982,90811
-498110051,-658654427,-896385022,1091819999,-116883041,-120000730,-636203011,2043342410,90812
784778337,-1624983631,-1204329994,1774705012,109755849,-1684420862,55078240,1229438692,90813
-864265414,-2078604089,1478042755,2004475496,85558843,-182213236,-1993662496,-1315162398,90814
798936661,399437155,1749743749,2017737699,699996944,-1725567485,-675961624,827261643,90815
128487027,2140957123,-1088924931,-779907828,305748352,-1973408457,-893204739,-579155170,90816
-1499040631,964108751,-351179859,-470254442,1403159985,875627388,1446008318,-1694513191,90817
-1847340948,-448666044,-1734126985,-1241853743,-1775483881,-1658728439,1012396465,2119945843,90818
180881410,1219458194,-2043204801,1208222043,1109498743,1366065016,-272869758,1633232319,90819
-193855832,-1510324377,1507070984,-1819434499,-2008338995,812647917,1214389767,781332308,90820
-927583414,-1529567874,623034023,142474888,-805512677,180445908,2064430717,837396861,90821
943462383,-733163408,-808957143,-1444809152,422369408,1729882661,-1510682274,1831818713,90822
1356152996,1406669223,1844616701,1969299931,1714806573,1206976396,-2014230989,1031687667,90823
664544398,875311736,684347510,1853510182,-1149499265,459264249,257857518,975507034,90824
1807546710,-613635071,1623607990,1022035624,-1480844279,120951798,-1906465990,-1873685533,90825
12893213,-1987494766,1196574288,-1912924340,-1422146005,91384984,-1956018669,-255059075,90826
2128557021,-187183382,-1795350948,1802847516,1684823810,456174615,935597066,-1438374563,90827
-283000723,751041890,-706849506,540380632,-1340761509,615184322,-119290279,487921383,90828
1111719817,215470280,-500187286,137422454,856888083,-37784453,95407652,-1589094831,90829
-1525600349,252356491,-1355926465,1074514784,-324159513,-2138403647,-1536393551,-2006382259,90830
1469934342,1457524214,-1038721733,-714322952,-1805386595,1622677989,993520994,1288626338,90831
680234942,1828804539,1200089288,1428701675,1582165978,-1141480563,1844387676,2061638390,90832
1501545476,19907956,803099660,-300483363,178698784,-1328007947,-1666289217,-1372966367,90833
273163555,50586843,-297863688,-1380203044,1881009966,-868769300,-948606729,-1657739423,90834
-20086065,-517072453,1261586783,555562446,546846529,1922502765,-1475402577,1455578895,90835
1002653251,1709517311,430260497,896723952,407831194,-385582134,559159886,215420563,90836
1519653739,1164462355,-954034885,-298124166,1880033509,356815145,-1793545475,-102048601,90837
1160297099,-2056419676,-1204332176,-350552809,1915662010,-700240373,450786441,1227886313,90838
-1933349320,-1859257022,-504944020,502432556,-264593267,-2080672672,728006900,-958001804,90839
-978384829,-1540819053,-92014799,-996553906,191875131,684030149,539566159,-949069920,90840
-310830657,-148342959,-2104546018,-574998487,-123439336,-591847177,1531020954,-1669681983,90841
-626506519,-1378807590,1035909659,-135929990,1548460400,1104523817,1712023039,-163167816,90842
643318660,1552613253,-1366572684,1369201262,1193922063,1085765062,818690067,-286719578,90843
-498287834,2146315986,-443493454,673668715,1791721139,430272219,-1792207962,-774414380,90844
694791531,1298290367,-266528121,993013012,1901960384,945295967,220721509,-832293966,90845
-931329842,-937570273,351169360,167915951,-574336492,1456863968,-2134617021,-612680141,90846
-512818178,-7796171,-1924712990,-951581918,91986255,605039188,-916071268,-1758127266,90847
1779533060,1496229843,-1142555623,-994720256,-296270839,-67769465,1192522056,-178439267,90848
1691560512,758099603,-1006791082,-2029612235,890277198,2042429424,-1370620825,421429542,90849
612881038,2046906659,-1331724295,1782429696,-517271869,-909477106,-1261944821,189593674,90850
-1464550223,-971581835,-187438215,-900047837,1102003844,416894625,-1794974623,450812901,90851
1717568255,763479082,-872010473,-230493734,-297557164,-563339645,-2046664627,-1642934812,90852
-1967547398,-1410476589,2072283273,1097801835,1146216355,675841846,-1916302957,-763638406,90853
2113721710,2010707984,-1774945426,-2005668424,-1672748089,-1637108665,-1871023498,-935060550,90854
590258212,-1509511195,1899986215,1317867526,-1085897537,2137630456,2128147958,1553026456,90855
1386430348,-616423501,1000244303,-478112950,412570931,1641589622,-842249912,468241879,90856
958435445,-1912711156,1037404972,-890499057,914663037,-1028880609,-588756536,-1913782043,90857
758526245,1754424673,1587523405,810393177,-802698523,-742868018,1820938384,1220282970,90858
-191540889,-444293504,-548185296,-210054817,20707441,-1743781373,909987707,-860165685,90859
535956779,-561418281,153701624,-2136147649,1081425957,1641862431,705942596,1480578773,90860
-1909745811,-1927454836,2138205546,151425784,72674326,-812520928,15376405,-569817904,90861
-73277593,-474221883,-276528993,-1960231763,-1724732941,-1562842595,1552299117,-862460704,90862
-721875039,1886557336,-525028416,2140660621,-2081559284,4726075,906499015,-915796652,90863
1951779102,1342387294,-529969120,1497771012,1003931931,-554877057,-1238252986,462508165,90864
-1912056868,-1478526101,2103542975,-771232974,490178921,1659373460,996483260,643463425,90865
-392474323,476555584,716844177,499303378,870465104,-780956282,-980678910,1743239082,90866
2092748036,-747646727,-1205969304,1146554934,481512318,49037867,-1294637672,1478044021,90867
-140177182,166027961,-2003994854,418849639,2112275670,-741042943,-1493431603,330042115,90868
-401887609,1570920473,1302104564,-1416234192,-110430198,544618909,-39595706,-2044772424,90869
2111010081,-537910333,-1359311782,-264333062,1248879241,-1070515959,105012557,-756900090,90870
-1541836770,1496596902,-228290244,946590962,-1494621323,-1143595020,-1650638963,1626900432,90871
-1812595512,-177208117,-1054217942,-404656032,-1620183295,-675110810,-1506438804,391040616,90872
-1851206791,757626079,546533797,259207838,527499566,-2044755542,538680263,1855516098,90873
-287703848,-345034036,-1145224219,756389273,2062164614,2040908877,1665406332,-672054787,90874
1999909848,1736039141,-211403763,68472458,1732625356,1068335721,-2031245214,834073434,90875
-1520397727,913889475,-2130705284,1725648426,-568897711,-541597606,169746930,-1966823419,90876
583330664,-918859088,537732880,1171566995,-1487853361,416561227,936756315,615630168,90877
1998539040,1015626442,574056978,-132448842,1727047465,1829600601,1586113685,-1303478937,90878
-738198613,475110277,364298881,850985030,918386353,-501896653,-1035750861,-1404777891,90879
1800284330,-1133433034,1082490844,1059686472,-1390939266,-1531799161,2077146251,-15705292,90880
1485756845,2123961357,-361506588,150479384,-375816192,1635836836,90127756,-648649698,90881
-1807281510,-1424209563,745843884,1470672043,-110039244,507971545,-176734008,-1484592579,90882
-970922123,-1130764129,-988668308,581047484,-984523980,1175619716,1450554000,468933253,90883
-1449483569,-715179241,1134909317,242498941,-1964384277,-1374818633,1305305778,1921447973,90884
1449961996,2047202012,176267424,-1642308099,-1334989581,1926313900,-506286296,1331326113,90885
1275043439,-574220933,-913844628,494912109,-1056546399,1019633184,-1736094806,-1725641573,90886
-1074351079,-1086941187,-569640568,-720329559,-1326747635,-1592884004,-358456428,1233606557,90887
-194654384,1706777580,1402484697,123450995,-1753849757,938687204,1452453081,1968596023,90888
-424480735,909811003,355371744,200728230,-1342146232,1248955244,-1343460841,982725185,90889
2020732949,-347683333,1734938849,991022824,-1805381315,-744096749,771056160,-2101112062,90890
1168523878,-1887406004,1378719630,1757155214,458632665,784638294,-1653895790,807129075,90891
1633138572,-817759798,-1114443725,-452086055,731887080,-1455020048,262563624,-1418182575,90892
-476733752,-1042601644,-827814220,-1872689112,-434206959,308930615,-822528105,251721381,90893
938207554,-1068638967,-1258809503,684351060,1406052486,-1866706891,-2123025974,-636580291,90894
-482647639,1171328829,300223691,-676368445,-704761228,1687962177,664078609,398804393,90895
1996463777,378703790,1459785829,-838540588,-1370107728,231147766,-1114718082,242337407,90896
1791448458,1833570179,379373093,1159911569,-1909610493,937441404,-134515454,2084326919,90897
1625529378,-24461125,-1288607506,57235656,1507755633,670689343,926558966,-682652885,90898
2017496871,-342342781,-1546127915,241128404,1271041930,-1261628961,1092334890,1475968494,90899
-966480150,-69995183,-93637680,-1572736535,-1115662059,-184596279,-1691390984,-854220593,90900
-768083514,2078414334,1500702501,-336482342,1844585385,-1528018448,-2002271751,580620210,90901
556880274,1557053142,-422678622,1225258344,1428875210,1106964627,271373642,1646490505,90902
1202927910,1391815607,607692950,1305701824,1184592632,-1824205365,-1717498473,1885388813,90903
-921140008,580434809,128293646,2043617357,-1620295107,336778952,1378798381,-769171926,90904
1151353217,103034803,-1067896826,-1182585816,-1745847950,1428615270,-1259695692,-1738493179,90905
1260319770,-2078477134,-1369534671,-1602087993,-987292974,1486290355,-1582863582,269324233,90906
-782234034,-494342316,-64140940,-30312804,-808824603,-1063441478,250427031,-858998305,90907
531574477,942638965,1815029539,799381987,-2126440207,-1055926354,1736551301,-482511581,90908
274275520,-585550717,-1181662875,1502050703,-1088961861,379320603,1162134056,1669162837,90909
-2057233193,887657083,-2084092611,-1812746316,-1949234228,1949792674,748969914,999963181,90910
-938644640,833681009,919308400,-1559140691,-141348266,-2015270582,-169775680,-1425803208,90911
-12256610,-1517754276,1820536161,-1146617031,-752111525,-1520418152,801577777,-1990470585,90912
393679970,-237463254,-2106090654,-267877782,-764896693,-806623926,1829770819,-1697276193,90913
-2035679911,781649510,-1830580256,-663383529,-111537161,837284270,-324694895,-803170890,90914
710540092,-901985081,1734363686,378746742,1657650216,1935798484,1753219576,2074344129,90915
992250740,-1164521288,-499481575,61920684,-1250077529,-1487806313,-370926346,689342630,90916
-775105949,1633027491,-1233481893,1948093347,-557067315,166153163,-2008803913,57120292,90917
986366391,997486698,687105905,-11311194,-1951176812,882947110,-1521491603,-637474038,90918
-1672704433,-370363608,1961566325,-2002647863,701708795,-91169349,1107492545,1951224401,90919
1160862366,-818124325,-1004357881,-626332625,384771004,1654089152,-907882186,-1854183197,90920
1059152786,-1378663516,-1659146213,1186610726,691155752,-424039529,893416638,-907005302,90921
-1206528389,-1619638692,-1199713204,724634979,1949614009,-506376969,-230606954,695260227,90922
-1702242611,529580049,1452715899,2118242075,-1297450956,1127729845,1523633109,317464451,90923
-185101772,-1502395272,1614198286,-2026021236,-269151589,1094775604,-880566900,-2008935373,90924
-917997993,329621177,-1897652684,1218044106,698129695,838964097,-1902760103,164526507,90925
1721679758,-1053215996,1517578619,-117355791,1836481860,1022870297,1693604117,1005986446,90926
-954981818,-1897807798,-2052374415,1867430616,-1690925253,-1524785917,1471768826,-926752426,90927
-404481657,1945647225,-715118663,1466193052,18677569,-404346432,-6111894,1337240857,90928
1904174878,1572048516,-1674766815,2090828697,-1967335612,112589679,-824579726,-1128832348,90929
722023064,534454913,-1419852331,-420725176,-1584820531,-873969177,1228574115,1367589234,90930
35656841,-1518720358,-1116541781,813023299,-110683498,-1048385490,-1031139314,1299531535,90931
1091532074,-1932606563,428386279,347988923,2002227864,-353552036,44820270,738270478,90932
1665527517,-355513033,-74685538,-650070260,-952252924,-2129472606,-701261387,1338079373,90933
2091271071,-1300677137,-19444787,-1884384788,-897184127,198176381,-1685371927,760130270,90934
1265897084,1076276779,-595331084,-1519225118,-718211789,-936720177,-1510646326,721654727,90935
79393140,1652795462,-978304352,-1566427263,2108503623,-2079620315,2139842559,1694578628,90936
1046095430,1144927295,1807877214,1264600072,819479861,-485351375,161147140,-370224932,90937
2137383406,1043821120,397167803,-853642412,-296048783,-1543332875,-1738290195,-492674926,90938
-1880813225,1679376414,553593895,-173465748,715735642,1852670699,-38405812,-165953151,90939
-310828768,1666444974,-160932357,-1066121536,1118897646,-1507615232,1553889288,-890265507,90940
1323952431,-67291129,-597908006,1171106064,1890748697,-1539099919,1476172930,-1136633943,90941
459640418,-104587888,99420583,-1710738666,332318211,1631128044,-25819992,1461910398,90942
1149816678,-1499142303,315397188,-589036677,-1018555951,239099506,-1769333131,-936714942,90943
1299391728,-783592391,-1873362601,1596312158,-594805961,-1669803390,-1614319999,-1552105791,90944
-2081035033,-454350324,208039138,1647650439,1097679102,1095448274,-402386097,-330282737,90945
1841028732,1355831510,-560296222,1694251632,1302772495,-1003760296,416442598,-298586664,90946
-1098986755,2135462411,-1954956032,1965700111,1217439753,-1084357037,1363176899,1731026159,90947
322126541,-1660132181,-241129004,-962562695,879617324,1545762103,1375323316,942246800,90948
-1777033502,-1437374513,1581150112,1918527674,755597911,1776521500,1680727473,-1988379848,90949
536724606,2018765825,-250023677,566157228,1859290573,-1416599603,1236924793,-713577561,90950
2101442275,-442583979,1907577228,-1954932177,-2034119081,-1576262502,-522411296,-559067563,90951
-1796616576,-1284570954,1268470982,774460423,-1014001816,-1418337575,-612234817,-501765449,90952
-909588368,-1499336258,1700974797,1170994926,-373411220,820073650,-1893244395,-275668081,90953
373535017,1700511925,-1827179436,-671719918,578600070,1294315822,-1715514905,-1681007551,90954
105706719,-1712190635,-1459301867,-1980740400,-2113610229,-1891078945,-1647187049,-188626385,90955
-1621062474,2307964,-1979528038,278904209,1424558517,66630786,318377046,-762521225,90956
-229136870,-984294467,814342460,332417916,1076327480,660639760,-523593401,-1447582152,90957
854271603,-20147688,1530727458,1887181953,-1073176885,1012478479,-1216822557,587920449,90958
947110956,-887173748,-134023535,1224533957,-1707892550,-1937534638,-352012635,-517088683,90959
-413788518,-663320253,2047827796,-1912368839,-683652194,2005333824,-1724103528,557252141,90960
-1526511573,-1226326714,1475119080,2049724162,-315264013,294393844,-1300746555,1421482903,90961
-1490988674,30092426,191174640,-2118954949,-797741040,1066058761,635388625,-1464682957,90962
-525213126,-398895606,-1436981622,-1989881779,-391553735,136756241,494442663,924863147,90963
748499,-223847496,580630962,-660381364,-1244623262,-744311746,-961563955,-719103994,90964
681447437,1526082368,1507459216,-442610739,-1021156856,662317916,-487706328,-1159785019,90965
266474205,-539174261,-1865554551,1764618910,-233952248,-1356989438,263835215,957086998,90966
2013359072,-239289427,2133894623,-1338762159,796480832,-521219299,81416743,-1371903005,90967
-1949980476,1344948177,1967662306,-1204561222,-885921575,-1216027572,830446265,-1878622154,90968
-1620675718,172864655,-642613967,-1021788216,39545144,-1295322452,-661346110,812846780,90969
1091397731,-985185229,1963461231,18660342,878898149,-30594349,-1594048252,-598912600,90970
569259980,-1179945061,1643114917,-1351749752,827773216,2005023409,-1686335722,-419508635,90971
-1639261454,2009241344,-1912073530,678080547,-1285240219,327996226,-1205331376,1174282083,90972
-1716036787,752515799,1638460751,-1506733614,1477061593,1921900732,748462172,-85296124,90973
-1239910683,926607827,-1794187096,845316610,-688162935,40247864,-1215019842,1627314836,90974
-1109087431,-1913979236,2033554799,442247163,-1645185755,-540297592,-2136637006,-1138352775,90975
-899183740,533449947,980869890,-1268453728,1893967128,-1880167493,-1398994033,355392535,90976
-987521026,1927363094,-2147399478,-635465691,-938556424,1005323817,1341228080,586959298,90977
-103725556,-265798177,-1282056665,-1067546148,-1452399194,2057003302,469584948,1675537570,90978
1858968696,-2100462186,597457226,404436989,1429084990,268386017,-1857538910,1830996850,90979
788383075,2059467793,-2036996913,31641588,-951199139,-437195161,186731713,424914788,90980
-685777107,-725868930,-148153990,-190613045,1954001122,-1665656522,-1646705265,-1692785765,90981
1050118726,628588674,35125348,196465356,-130877452,526270399,384833361,-1653280770,90982
1332197252,1513989634,782428947,1117529342,-1294474838,-1645967717,-1766961855,-1957612903,90983
-146810104,-885704068,2140927275,906288440,124968002,-1749767998,-1934456066,89489717,90984
993332941,-1829566894,2784466,2042996847,344710696,-2060272592,1017823085,1616228027,90985
1509926393,1310663723,-920643568,58497121,102662402,732725471,-1247150962,342220152,90986
1933951600,-195107330,-1144829208,-171733042,192520006,-933634198,-413958429,-1568442194,90987
-1540618815,-1801617242,-1130803691,1856734894,-725934454,-2102625095,862633444,-554974190,90988
774584915,549771536,-720374954,-816411315,1559693520,448551546,693741826,-1147781616,90989
1073168770,-669785216,-836086413,-845362553,-265323853,422671768,651711831,1839176502,90990
-1078428689,537745334,-1134237333,-2144080852,-1307249719,-2009096505,552513725,-80581555,90991
-303833228,-386284804,-1934316104,454148176,67518922,1044983469,-2012639484,653947808,90992
-2072415249,-641843723,-1303193102,1798236291,76301146,1879290639,-1677406370,684318177,90993
-715978071,-1419885908,1603616107,-1526712376,-24100718,350657000,314233246,1001603664,90994
-1717181501,-1061911692,-37506627,-1245710359,-1617227279,-528035300,998606014,-611062909,90995
2063943081,-1246118108,1689525782,1074068124,-597914502,2043974734,196889799,784854060,90996
1312593433,-1819651378,-1549932384,367906106,1256945530,858470659,376935067,1106375463,90997
-1280974847,-575291005,-669214353,2101792908,611422630,-1515446391,-1979252382,-352360265,90998
1073981366,167662482,1792403960,235744160,1816664443,628904941,-546101128,-1943926973,90999
452719209,1373437707,-795098465,-742021909,-640147147,-1157869343,244781975,696161163,91000
-1447814916,-394721467,965650561,-482976208,-1993092647,1106302888,-2110275629,1091605065,91001
1804893963,-1601833326,-1638719638,-1617733610,1559383191,-1113110227,-994817771,1875650464,91002
1968262501,689474421,-1408766401,-1863824737,-1643568201,1650787804,-1887623528,-295887616,91003
-2100824947,929022871,1915034959,1464892578,-99398195,1860788520,-1009267042,1828329525,91004
-1946177944,-708204512,329194385,-1928712501,-2081263023,-1535428498,-1151247315,-105665706,91005
1204882763,-1716137620,552809467,-442019975,-576860772,-1875047332,326912327,550025664,91006
-1433020749,-1039344188,1820626768,-2141381933,-46451912,-1540177563,1482096172,426139948,91007
2081561851,-967735201,1015003823,904868458,-1949281252,-829057144,-1507755091,277622582,91008
930299363,-778773757,921651505,1456494556,24563854,1092262152,357009676,550712880,91009
-89396797,-1008312714,-1497492674,-1050961770,-454232707,-1370834237,-1454299972,713436530,91010
306244762,-66473505,-2056319851,-1562571791,-1183034761,49822616,1159241727,402552197,91011
-602221834,1464448765,1923015256,1606198549,1307988891,1014544645,745488305,924558629,91012
551157589,1607573375,-1579862545,-317653422,1263295507,1491071887,33034364,982402420,91013
-1079555568,2056390190,1324609675,898372558,1552960712,-1416762129,-1354185079,517519442,91014
197496621,421106545,-1875351017,1248446162,-747869227,-2014703593,62348067,-244043642,91015
825843974,-269358607,-2002634701,-1775190276,1086456190,1234959885,-279493892,1764517851,91016
11636084,-140989176,-1232290183,-1594132181,1337578145,274856634,848190531,1391046837,91017
842739242,221284890,-662360014,-74890555,-823902918,682041419,-1003354270,2034680051,91018
286077963,-281598328,-1835627481,452012277,-375462588,-18967602,-1107632949,2037604975,91019
370282562,689328033,1567711671,2037861581,1104902116,1076938911,-883595780,-2137906628,91020
886292544,-705312351,-774541723,-712112151,1389843024,381072551,-1573801211,-1135999703,91021
430227047,1190321935,1309393867,-1629599449,-298763317,-1473522861,-1437938568,-1352835154,91022
2032817174,776428245,519676054,-1472236237,-2008795241,-909412278,-1618630998,1020195267,91023
-1054462891,1171509190,-573390646,254369328,-1244223640,-1136418652,565519017,1658042417,91024
802982415,1765773485,-1706020553,-964183459,-811237101,1217757456,526284681,29039497,91025
-966582338,2003542213,2050980861,-2086222660,1620465698,-1578151802,-625720035,-2142502732,91026
-1098200408,-1737294787,-1582018853,513661081,1930160189,701176077,-403603962,1035282307,91027
-1689876944,1545614086,-458191794,1214087502,-1680851611,1755937403,689043428,1091112031,91028
-548302872,-1404240559,-1986314573,1294765208,-1625047861,-306695746,-969046061,432185082,91029
-1565741396,729486183,223308675,-44187048,-177603145,961850438,516709295,-1571409610,91030
64129431,214111784,-982280734,14071077,1952081266,-1457348383,-407107144,-1352306305,91031
-1814739148,-363366795,1633459278,1646013838,-1161817946,-1360761348,-1178714782,-657143879,91032
1138744101,749019156,615745259,370116869,-856153678,-1155286004,-669348914,1471715961,91033
-1262498733,1858586514,1788694282,977684230,-1948334485,2040400912,-1196697000,1370547134,91034
640216311,1079646513,121209441,293094831,-756693643,2102244642,293102347,969744426,91035
-1723052339,190694507,192446973,1568515344,1300121123,-763723114,191698001,-1716166085,91036
-1551004043,936970246,-122638684,-1411156365,-1148630322,1906894204,774464119,1951768797,91037
1164018626,-1179221300,1102432831,-1120851755,1830621144,81373920,36165601,-1231251526,91038
-2135426220,-746726225,-995518667,-1123355219,-1542683586,682587164,783369800,129428486,91039
-642428731,-262521285,1278847464,-367455179,-325561526,-837103670,-1553856301,-1769400564,91040
1353348712,-229958773,1293947553,213482228,-2040763403,717865789,1863039581,1853790290,91041
-1408693654,-537433360,-2041678336,1845647772,1437842239,1189578195,1631750695,-176447262,91042
1701032661,-44733714,-1252691875,-1476290407,-1518498261,919750278,942570763,-1060607621,91043
1559066497,2041034361,-605868197,-456346589,1306333770,1656634118,1201546312,-952296792,91044
1904432894,1828398019,1615505593,-898265579,-607103315,1184276460,-1779844473,979585423,91045
371338934,408431794,-600005697,-840298397,875308289,1143660395,1270514070,-1083507004,91046
184742585,1093725893,763784379,1573637396,-1006525386,134062483,424852482,-53228321,91047
366860980,523645,935639211,-1142918958,673527630,1839930447,183822081,1025988289,91048
896867612,666401817,750528998,1562640555,-2033747016,1997772157,937214659,-1732957035,91049
-593731002,1695987301,1531065972,961114853,-316787394,1888629459,1945365072,-1565914568,91050
-670029360,-1130818809,-1188433680,1003555828,1707645176,1153453523,-56141768,871847105,91051
1900287077,-1964550190,-884122032,-1345621679,-70384079,1828868151,-1078057621,-1131881261,91052
-1868980190,1513433985,464893865,248694624,-1381782575,157196689,589937657,-460665810,91053
1187937744,1114744634,2020942313,93115564,520304845,535885938,969259313,-1491829341,91054
368397122,-1096280692,-1337402532,746996457,102626099,-1840706337,1411555918,-62650192,91055
