P2_P_PARTKEY,P2_P_NAME,P2_P_MFGR,P2_P_BRAND,P2_P_TYPE,P2_P_SIZE,P2_P_CONTAINER,P2_P_RETAILPRICE,P2_P_COMMENT,nonce
-740092830,-1733393169,1033756972,-221053460,1516105841,-819892138,-284616696,-1318247879,-486239587,87456
-244611731,2116984989,1737036988,-716064693,-1218747931,-216397221,497009362,-1683762718,25470394,87457
-488961385,989764238,1709829236,927030275,1731518283,-885009023,-1775054966,1246896779,-1486029088,87458
-1871985728,585480162,267486196,-191659248,245727306,780135910,116282607,440706875,-398037639,87459
467601685,-699759205,-442562770,-1573633068,-1388759680,-106930278,492480991,1768332510,-1801734750,87460
-898995339,233103410,-2027832745,-285160694,-376934541,568870437,-112511982,-122779811,-310166743,87461
-971948741,1128949298,-1698100532,1513066985,1954995381,51889053,-1268208478,202967268,-2000976255,87462
1333673391,1618342611,-416101886,1361032619,-570073437,-1687478438,-759083399,2015730349,-294037103,87463
-498607624,1018000208,1072913032,-683743059,-315595756,-1182305494,1239717996,-1792193579,-1407988183,87464
1035590387,-1085107074,-553664489,-1008587044,-66357209,1109555992,1511939783,711009647,1272007559,87465
433995763,-2093934883,53505759,173677799,1593077733,-1630073027,758259335,603174489,-537876693,87466
-317365909,1888030301,-1535587949,1366757171,833300629,138065092,-1630953433,-1816022298,-1516483245,87467
656135393,1121473396,49937315,-1601054527,-1416643405,1933988134,-1458904490,1423405448,-443839139,87468
-174932960,-2074008931,-453493771,-2127122749,-2053133652,278827553,178013273,692843358,-178690886,87469
-2063904845,624028038,454261093,-516567120,198653618,159132318,-107056915,-769126380,1046070525,87470
-1053003339,-647713201,1653681367,1995299434,-787080069,-1095560187,1122621897,1623566356,-1881460841,87471
-1955891232,-350616457,-1724134010,1577127232,-913746279,531042912,1183296668,-213777242,51225521,87472
-1138328105,-1851424337,1325397492,-1768302919,1339297903,-651215739,1044045320,-417546466,-886818380,87473
1552536404,755093164,-1290311722,1077618101,1584582983,-1743671821,868960928,-2084057499,-2070830703,87474
-101978309,1914265579,1329421082,1022406710,1866386997,-1851286808,885489786,-984277747,948664188,87475
-785643942,-1026796262,-1451321782,-699568915,985931580,53772306,-1694463036,-870941921,1103552625,87476
-1873889714,-1448568942,1576411248,307721488,991205938,-1546074443,527240035,481936646,-634449084,87477
1929298021,-1154881079,-686895911,2095919216,91205678,-205194579,-289484783,-1556052363,-1104274263,87478
1506701377,-1994568359,2002278733,835819207,943758567,656556283,-957890767,876621010,-1060297894,87479
-1645753447,2030940769,680152491,-1005005991,-1544015807,1366820016,2091044846,-409420157,275369503,87480
1435325437,1271646212,1494113718,-1570534510,1805965608,-621396057,-1556238569,1216017939,1165188280,87481
-881980956,1347198767,1358269302,31610747,2070799724,-470998066,734070948,-1696796724,-1446108833,87482
970811066,-935808311,1534328339,-1126525867,-2013821714,276604424,258122145,-172721958,-86200639,87483
764038088,-1536454873,-641209430,1147945657,-323910808,-1881554425,1748370197,589244618,1869190819,87484
1542295459,-1909941819,-390198375,1562998760,900830038,-2045842475,-1768736287,615981791,-1510930654,87485
1792813304,-2016172028,-998873548,-1431663699,226467388,853612661,794255993,-1709022974,-1177092743,87486
702071747,-135193018,1799898261,-52377130,-171978072,1860864725,155624349,-770414303,392589104,87487
887875432,-1364200209,-640836930,-265965370,154158341,1943788689,1288299216,1047506006,1583296517,87488
1386949487,-1287800949,-1118498037,-385359517,-1425411612,-351039601,1700644077,1380713249,-143002937,87489
-703539500,-1771643945,-764068370,-415032629,1662023565,-1756498657,1241569952,452166187,267336937,87490
-976300601,269918456,-90984130,1770756495,1229274328,-340795460,-62359971,2007659064,673173347,87491
-1314022339,1094922609,-882997977,1069566111,764808468,367130636,-640468369,-290652553,-1288970875,87492
-254253359,1918839011,1390497535,-553439986,-1094120447,415345475,-622544854,2122937192,1670811809,87493
1416072116,913172892,2038466940,715126495,100429752,-2034696306,-666204475,336786946,-683795233,87494
-1017981795,-972533674,345654567,-1330458941,-1034081769,405817900,479258106,1264999015,1856131455,87495
-1507680338,1173192926,1899310983,828504528,-1091414804,1342222510,599370079,76375369,-1780339279,87496
35796481,269272903,837481805,1693545047,-219525250,1993135910,1866804521,-239442817,124647998,87497
1471776778,-1979039875,1349372033,338372154,-1976398947,1723955271,1344481016,-68606550,-954281120,87498
1473951672,-1035213115,-247065770,-1995135511,-924722238,-1275849432,-171768731,-912862888,252296209,87499
-642156065,-2047924245,1464860953,531483466,2035398668,1887417917,-1548634931,375642644,-1835814515,87500
905768902,-2070310017,-1434373075,910475898,1434955482,247493795,298844952,1850019277,-696114438,87501
1218887988,-972222259,903521703,1248502907,-235346217,-975433204,-729706375,604955361,-541524278,87502
1977336612,1592945888,-227696573,-482248659,1737739756,1192497803,-549397826,-866262058,1262667987,87503
1156108576,1653751923,-896721506,-1629930797,-1467907100,593495423,572656556,-1842438676,1131053425,87504
985748934,-53636420,1312061384,-2098099806,-1084583610,1343206407,2044577177,-926702642,784809067,87505
1755887157,597544345,1342061737,-284401719,-493668054,1723931434,-1126524792,1993523425,2022977167,87506
1693968702,-432731808,-2110743815,-1760668015,584754583,1372001171,1479736893,1807673230,996841008,87507
232445594,983066189,1691229377,-1280173814,1564551467,1098597155,890442837,-1278795646,189755734,87508
464892147,-408559401,918488658,-1556326039,682376459,-1142234904,-1294650289,124894082,-528555031,87509
-1759055366,-1013496841,-170250748,-1529794636,1830880595,-797808738,1016321031,1104982584,-1320534387,87510
961525030,-810661821,-1868289096,665236534,-198507987,-1851004807,-1681133136,-1257288031,-650735132,87511
133024347,-1398502258,-647876900,1876219426,1282760472,-128937049,-566254122,94261674,-281015025,87512
270085647,-340951653,2057204348,-773416152,-1879899274,-2090206833,-1327814927,156441297,1921609968,87513
-1496718880,1588321434,-1065593013,14536862,-1010010123,-1346643509,193142657,1538086496,473780855,87514
-1775958037,987146248,1373197718,2120880794,1930874729,1818485339,-1411259371,1270258825,-1996083670,87515
1094263036,1756127632,-954083640,-1436133014,-1140890501,593791574,531804028,-1970915801,1724319514,87516
1382762731,-881635761,769262059,-307673260,558692519,1744877028,2040436361,2049869375,399247891,87517
-855563198,-1050065680,771286919,-1032924546,-468715288,-1218075515,-2073947613,-1861883254,1159055804,87518
2128609807,1533960148,-2116540028,558271223,-776112945,-1439268460,-120280182,-411990679,2145981641,87519
-802883974,1785193858,543766171,-1269584250,-220331704,1008792161,-1166815308,-87679419,975904291,87520
-320482973,1043776844,1109972058,826178453,-978026727,-314348750,-1993785018,-1455011505,-1563720082,87521
-1703789366,-395746964,-98286257,-188389082,-1443175784,2009951900,81046193,-275422231,1233076957,87522
1888739335,-377081234,945425953,705227291,-1370695175,161811836,-1050254360,691087805,-955327280,87523
905737055,-737827263,1321588026,-116942150,-1903717125,516706773,-1468088826,-348270018,-182106642,87524
2117530829,-1383377912,-1841187173,-33856251,-1282811008,1284110587,72482827,851467205,-1051261289,87525
-479695188,-1459647161,-1380380229,-1572178142,1495124271,1502366964,969393037,-1010641258,-2120498111,87526
-1652664142,416067193,1202285387,-389275704,1023024441,899138595,-606962671,42650465,1878318763,87527
-1808196985,-225178606,-1650577180,-181717185,-1725752403,-1967204045,-1033829852,-2090381823,-2111281978,87528
1981947374,-1596371973,-2111302841,-1405655855,1656269180,527881162,525987008,1483360179,2105727486,87529
-223006444,-1384478755,-1702395480,1622364216,115541855,1318524569,-1176731482,-410096540,-32094911,87530
-1533682299,1809323955,357224926,804030162,-917108357,-791574029,440642834,-472351774,594230303,87531
1756896455,-2067085858,-888789249,787649828,121990609,59011888,1278505683,-1141997507,274421365,87532
1667945636,747637968,-758135363,-599748011,-176577971,-421521749,978660340,1159657349,-346189504,87533
-1701389116,2047882480,1242885180,795420498,-1288378429,1342650198,1236861345,703516545,839787433,87534
-926513921,-1429816861,92837843,1589602146,767775484,-183014438,-1831574364,491131401,726046466,87535
-1724711087,512259702,65845374,1334996517,768201749,522120663,-617017888,-1186669047,-1500491382,87536
491007590,-665874225,-1245981997,700257126,-1593553903,860523664,-835492246,-430996363,-1027994888,87537
901697301,1904863658,-565280913,1383819074,1561854000,336686749,-258499233,492891995,-1825809833,87538
1566179587,-509752634,1694881195,819948079,-1995575923,73396189,-1359994771,2005617075,-578090392,87539
1750572211,726213415,177798902,735420237,1581098409,-1442559804,-1920129774,1278531919,1338893870,87540
1071587109,381379991,2070827565,777282901,-1362251270,-2035623536,-368712705,1425899944,-1753120636,87541
-144947653,-645611892,-1248072481,1056219868,-2100743342,-1074717406,-1328622304,1068677855,1335457228,87542
-1838637141,-235530515,-69367388,-943363892,-1820563861,-47434398,1082509634,-571868765,-99799143,87543
-821791609,227471390,523971984,819306100,1672049400,1778704549,129099111,-697012176,-2084480620,87544
295828672,-1134608123,1116464766,1821665208,1449385173,-526718729,-1748465150,-901289131,240629968,87545
1998688604,1699509102,1138836374,-637598442,-1522662131,-813394446,-851835615,-1908599722,-1058158158,87546
2138152962,-956381326,-1845197467,-1901387149,1229106392,-48536850,-1380783872,870498453,-995684861,87547
-1329610064,1172513295,-304334096,2135129674,1126876254,394781619,-646714562,723052991,-963153118,87548
1627312593,2145834068,-1819539295,2076566779,-1727248242,1388069440,-298412017,-1052065107,-37545260,87549
-692200010,-1093937850,-260117135,2077545923,1683186307,1825928409,-1843812141,1680904196,-356689537,87550
-817013173,-676952441,865562301,-1787643042,-393116933,-1033454768,1869600008,-1098218874,-299102338,87551
-1180102387,489330194,-643142191,987929813,-1588976149,-1092740759,1882715270,-699650669,-1371091110,87552
123481279,385430295,166332292,-1115435802,-87304487,-367613975,399814761,-759230101,-508707830,87553
990871685,-4841057,1408332712,1445161188,825094105,-263048244,-1478143089,-378002521,1036263572,87554
-1787845675,586601674,1532773243,187464042,1099395725,-12475245,-591370801,-684107108,1731864086,87555
784223594,-1107059104,449604541,1136419847,2044459949,-1574338635,737603559,2134902588,-1706817066,87556
-691548337,-1275110278,-519656553,-455428439,-1507752838,-47648586,-1350048738,176238853,-1431489523,87557
197454314,-2022838930,966139546,1098310540,-1697402874,-1209812359,-1355472265,-61196967,1243849605,87558
1638535115,-1182562922,1332397275,-138050600,-1454430233,1526825353,1569514637,1892354890,708684198,87559
-1748407782,-138966234,-1228010494,-1649896712,927810406,-698170039,1333040412,1389976744,1980119444,87560
-36173684,-625227903,-999902631,-1289932858,1422341166,-864145567,932576415,1494881615,-2084982137,87561
-719278262,1097071931,-1276177964,41361515,-1264454306,-1322287743,1278539584,-918126678,1985441042,87562
888717812,2105895832,1351661926,1522541472,294012140,-974925072,-322104498,1063837657,-493849540,87563
1606551238,-1875776131,2079133456,-1232813693,1140372214,272993817,1429110849,-636901865,1352682125,87564
-79119732,1990001241,1885419553,308224042,-2085686118,-1573001416,359540659,2103135140,-612451581,87565
1781632051,-1016544221,-358986557,-1463532469,-168589748,2009868029,-98778639,1958018228,-608833109,87566
913516531,-1232970745,-116250850,-913237128,-1308523998,-2119818253,-1757482819,-1726383076,-899121674,87567
714453429,-1948311201,-1905285,1878745791,-131075355,2004450148,-1820989846,1263658951,771535955,87568
-130483997,-526274864,1646837318,1099903784,-1047306343,754705014,-7584023,1370052026,1634338116,87569
-1008848792,1362341378,774565087,1839891623,2049865442,-567658256,-86228331,1248136378,-160852706,87570
1318469468,145885807,1640946511,967897920,-1489603440,1085842882,849461819,1869132132,-484009079,87571
1250204317,1545980903,1930695164,630093484,836380268,-1360309056,-1641104295,547667972,-1500814131,87572
1622731370,1302760983,-1495142043,1755229924,-2043973294,-627034269,-598899707,790623926,1939383760,87573
1406936499,1238904145,-142690883,2064146114,-902134194,-1189578734,1381601478,-1958998560,-462609468,87574
-1529200169,-1096607907,-1071732209,-989359372,1579096293,-806342694,1719995131,821499541,-2116081574,87575
400127663,33479632,572812468,799726104,-729637158,-1443786345,-1809516216,594005591,1470337810,87576
1271761598,-1015740768,-522777586,-1544693045,-1492575410,-1291551732,-865603907,597771635,-1672930402,87577
-1508842681,-516642760,912723535,-503481845,1274029247,1950415357,1752820551,-1725722409,1355824859,87578
694706032,868419808,-639173975,-1954943450,-1496840690,15520893,-1771629006,-912871251,1028474251,87579
1931956283,-757460237,-1545729205,-98316928,721171330,1943653004,337240445,-1415406010,-1738634163,87580
-1497793673,-1903287306,1053119663,-1414069023,1850849131,1871626403,-1571341111,1894424598,-1357068999,87581
1649679453,-2140656524,-638922102,1761432128,207748711,1577618221,1906964051,1147669082,1154333307,87582
-343793898,-1573947599,-1626117207,1242820887,851850662,419356279,1595156189,-77449257,1797445493,87583
1457595862,1160274677,197296432,-649224568,1792288022,529087762,-823816790,-665520488,-1414172265,87584
-993245471,-100778588,768828612,76672928,-468984015,2096753332,843023043,-1708999605,-1134692251,87585
1920820062,-1955840602,-1153279052,-1525158533,266125865,-1815786401,408975131,-480787881,943639215,87586
1024007334,-161198137,-642119133,362773974,-1259743803,230955411,-899276392,-790271903,1921827358,87587
875249837,788649544,1625520879,1903055615,1086890220,1861921103,1651068541,641304987,-733403451,87588
971558874,1042571113,-1516070846,-998911164,-1467745280,2092138843,1509752061,877508683,1672450666,87589
436143881,-1668383672,711929680,-1202311252,-229141997,1083382789,-291143045,539534829,439668574,87590
-15502280,-1420564131,1317950612,1523130141,587964845,-626000536,49674567,-20431569,1237323104,87591
-1040200646,-1907487475,1916135136,-1354748077,1076892621,-818505264,-922064878,928410758,-1441909386,87592
-107650573,-1089479276,1107888935,510466114,-178787450,1824839379,1446377221,1564184428,811437926,87593
508593546,-1507755270,1118531717,1748932795,1251836835,-881786960,551559368,1236074768,1994649097,87594
518683164,2063143093,-1614593650,-1432070276,-1431008388,-1460085377,-427410409,650555425,2118156212,87595
1442539082,519725470,-1737749629,901830303,-909210727,1442595982,-555965262,1484136748,-668533088,87596
1861179492,-2008995332,565868716,1785942855,-56286905,249782150,857128957,2035473600,215623445,87597
1837101059,-387813090,1050221882,-356081485,1357205316,1539285011,1673122900,-1909574489,-1406818550,87598
1879368735,-1303398778,-139451770,-194585305,509607231,-1753819279,-856557100,910118623,-1143447987,87599
-160062764,2009634338,-1830082067,1192775013,-986969646,-1961115170,-633000605,1738406211,-747172940,87600
-253457029,1625958310,1031226952,-1386778930,1731547987,-574842944,1381695610,-1153628783,146049065,87601
1966078874,-647283546,-1142612989,1735044434,-608720114,1260715590,723526198,-1185160532,-195641133,87602
1195547913,-7506641,-971166286,1722009573,1614342750,-1283790453,471986213,-868253949,-932736198,87603
365197835,1286160654,-1591759612,-1490411151,627227039,-1296132786,24700603,-541106848,-791947411,87604
1148832356,1692863757,961672343,190607033,-1449742966,1206222572,-1291054670,554326651,-862953064,87605
1059375475,689194881,-1515935098,779328918,-718049100,-4374312,2131103289,-1898806753,-50572950,87606
685077361,619842769,898461613,-1503244017,2098970738,1963225543,1221357349,378996247,1012055691,87607
1628060463,219634233,-268463596,756055916,-1002416049,-888818146,2057577079,-558727490,-634509656,87608
-485021620,-2095015869,-310521457,-479828932,416168984,-492507609,-474756255,1125658365,1749359249,87609
1207417742,2013178581,1216022613,322371132,-786669298,170662595,1752841187,-207749163,937250609,87610
1728996629,347097598,1165477053,934606028,-1683044520,1325310324,1793134153,-868876532,2099641181,87611
-1368445225,1462038430,146527887,756483422,399008608,-1894472827,-204038141,303282002,332461874,87612
-230885610,-1910331992,-280341622,769819866,-1052143964,173796382,250028841,2127100151,2107371985,87613
1894618204,-1024760393,-426465538,-205731419,-848142292,-1357999322,-111748629,-1073310311,-1411645505,87614
167368911,815944923,-133921562,1475769704,679350984,1838031531,-880290531,-1468429036,-1551401980,87615
426455106,-1433200653,965370819,1764698439,-1166595,415518532,-445956232,668709123,2092433636,87616
1294724701,318522102,1464803386,268708936,512615774,-1911596828,-332709725,-1646681013,407325885,87617
-1579625874,-1117172721,1386182453,-1315965998,1261090724,-1001229557,-2078313799,-1643509263,-144665752,87618
301818565,-1769437098,25151652,1771595392,-209499200,-1590997175,-2110534828,-762510612,445382206,87619
479112324,982931000,-516853621,-1709182056,304316308,387463556,-2126761400,-1489270979,-633414104,87620
1837302135,729338556,1699602846,-1518811011,-1200357208,-1297371692,1346421503,-45129648,903065375,87621
1651339121,2056700334,-1403812729,1740532443,-708740512,80132695,-372641394,-2121173713,-448146448,87622
1669745494,-1345932887,1452729019,-1484132558,-56524954,-79138410,1432615190,393378687,1557324826,87623
1144987354,-581763181,-2086163329,523437754,-355199304,-1296405599,1361882034,1100615319,-1283888960,87624
-1388922566,1393153711,265609443,1274706892,-1078723055,864485519,407288749,-1306582121,-1751647734,87625
-486215823,-649714520,-1322346903,602421438,736911199,-205812739,1512877634,-889788655,-790768493,87626
-1670846639,529711928,-1667480458,129402740,609459878,454939753,-897547435,1006319961,1308083789,87627
-467289822,-757726696,457290866,200927886,-668340508,-473142820,-1528095229,-236952201,-779390906,87628
190818150,2127511640,-1082395974,-1355647344,-47145427,868947552,961154429,1187338662,-1881049076,87629
-1312215352,-487847304,-1042522263,-1370850630,1932684559,1596314927,-300312990,393276217,-228935881,87630
1404956565,1817836285,-1925927176,1187609593,-426279443,560633907,1885710326,-605022176,1014601736,87631
-657941573,539519166,-811933264,100860671,277722064,455702474,-1874541954,-1914637957,-1717159224,87632
1035972728,-541834570,-1402553144,870989592,-315487940,468599186,1370077006,2142777094,875808495,87633
-1748160219,441965127,-764853853,1086487280,2100394099,1885161552,257079867,-1365413230,-1097327191,87634
946697476,-1659468117,-1265068730,-1403992218,-2123018665,101348689,-329379645,1475955406,-156931987,87635
107054042,-1683481056,-1768832654,1380508768,328454344,-309531714,-1663722850,-1198291037,-729268940,87636
-819388973,-1262804707,198034102,-2003797017,1956800872,2053691056,443018412,-961936972,-1044712613,87637
844902864,1004834181,734493823,272817686,-2008353721,1348177099,140964133,-1215223014,-782956448,87638
-1211602526,-1946651531,-1949289456,-710922288,1311636929,-728441012,-1574401559,63304323,-724353671,87639
688984211,-1945836939,1463477677,1952670175,1683568624,-2144324716,907936319,-786400417,2143863173,87640
-1765828624,-563088976,-872110396,565469846,-109655536,-1453152221,537041706,1954625635,1287467195,87641
-1613691731,-774912963,-809233192,395168864,-1844876028,236802175,-1475374518,173648002,539201722,87642
645714182,-2105895290,-1351390699,-873634177,-1402060035,1019706983,1159173953,2116093749,1108249895,87643
357180048,-1340710049,1217144955,-367741810,395010407,223767094,-1894175889,-204988202,-1787748520,87644
608852490,1645424561,-1648133937,1317542749,-848304583,-925411617,975829526,-1869390050,972673116,87645
484949913,-206430429,1568253209,-1184749255,-1707685451,1615581616,558509090,1127535663,307570857,87646
-1150927488,-1465033024,-749658678,1748978281,-702419802,1373958605,552257013,-1508651502,-56270925,87647
-655312713,900772763,-2127673025,1563514392,1119453986,1447505485,1652623361,-255548412,-1444431574,87648
1326636379,-1779294124,-1764292771,56341729,2070112706,-1281016575,1872282466,994528419,143057319,87649
-1709311752,541538496,-495305281,1036391293,-1251204017,-2108227383,456906907,-643432994,1966619463,87650
-1554006177,-2131305662,-972310299,2015263419,1425562267,1639024411,-264349495,-1653680422,394135728,87651
1102682470,-1570379067,601567479,-433813625,1070516449,-680444918,2035072638,-686186601,1146594262,87652
1033659113,1773058377,-1269538633,-501524494,-78094079,1676190864,-420631938,-1357106903,1499890674,87653
-798042917,-1150566034,-173084294,1737303553,-1864938634,-1541357115,82013312,73636639,1426304760,87654
-979907193,750470463,1174016745,-431562409,1768208212,-980906897,1168544046,1715031819,1625357271,87655
-862358183,-1153064379,-1246027232,-1262644,-1145893374,1851127614,265320411,721834914,803138597,87656
578744535,-1075240847,254507155,-1660425061,-241935905,-1338601539,1823170431,-793518484,-1221528578,87657
1154774312,-1306107897,1564910592,-1710717801,672184895,1354894118,200264902,-1106188561,242813772,87658
554974610,-377209536,1650929944,-1984141376,860648552,-1794524398,1791426348,-1685114015,399439630,87659
2115695825,-203198270,387952001,563139500,-1173007203,-724707760,-636113129,1674639534,-1173627183,87660
-885901578,-553952865,-1549365822,1847553957,1773439204,-743978170,1715144579,-1253429263,-731847348,87661
1814692206,689308560,1678411460,608491191,175922696,-256848133,1071715049,-221868514,-1606186665,87662
89386421,-2003797808,1266649817,-1912343489,-663564018,-1682413975,61296694,1878216898,2131504685,87663
-1416719251,722380227,-1211659408,-237622370,-1631250206,1912643664,1945910206,1689903567,-536440311,87664
584261429,1302853091,451937476,-1260698368,1035465924,-1218789476,1225830185,-1918537104,-2026968913,87665
-1296575679,2016673062,1982413336,-349469057,-199269800,115204591,-1357658487,-669730997,-950582311,87666
1622535823,-516980685,1851569360,-941855607,773140342,924312445,1790544497,1579282371,764986947,87667
501467755,-1307988811,-134960901,1243062000,-1027752518,-1979797787,-1159216420,-1739208067,627876707,87668
252018577,-1088605254,988004059,-203487212,-594995096,1973347739,1904262168,326684613,-30783498,87669
280246047,-1838705460,1652777073,-1910052897,1676712403,1254154344,-208320447,-1828725373,-525810425,87670
507060722,2069865127,607667230,-868751909,1001237302,1386359549,1998669260,866616656,959224385,87671
-2113993295,-1604976886,-1102511007,-599742368,-68862066,-580276582,-1127582717,-2069923479,17733169,87672
-1593515939,-2061569963,-855345086,415476617,-1441333424,-1960133611,686211205,-1372753665,1623108407,87673
-1047859544,-1144161560,519308707,-381557854,1604463747,324584874,1829055109,-472756298,1346853619,87674
-330453646,-1641706077,1701593047,-1858171766,595304779,573950801,-1658269028,-880594903,499668943,87675
301556177,336238382,-1982316537,1174478481,732391586,-826648809,-1243329642,513941921,-945217296,87676
450584482,1846042680,1397075777,-1429331889,-1676844029,995877757,1699974354,-451410385,1483475124,87677
-216557494,-424743076,-194746457,-1772382703,-181169534,1050033933,-1480470980,-1387013050,-606589554,87678
1196721787,-671426434,-1196160520,193871240,-339857223,-824980966,1157703362,509814376,-1264458640,87679
1862545585,545594365,-1632358071,-1368991913,-1076527441,852514218,-1067959358,165989481,370786017,87680
1647417374,94854292,-973960,-1622737565,537871779,1265112937,-150645954,-1599906391,831779851,87681
-1048921298,692585395,-1214359529,301918169,1859088408,755965809,-2009105498,1907776360,-421664885,87682
-1611093315,419676397,-610688219,-969325580,-1640798010,1788570778,678967863,2080968898,-1709863583,87683
-1547545225,167261991,-1262865853,581068111,1771014937,2030289610,1850434887,311496419,1005939354,87684
180581267,-1102356989,-1689226288,-891486196,-163647164,999872448,831893419,-103303524,-2056532373,87685
-1816250268,-2127468985,256085128,-351481902,1733706496,461263564,-1714492389,-136077274,221262962,87686
-1659854131,400818866,-1244684128,1206455939,1767362679,-1737365686,2116849807,-191910401,1125862173,87687
1990396398,1604283010,-1472072168,-1225622041,1053252694,-885285291,-384943735,-555681055,200629158,87688
-1387885197,1817233151,154737830,-1937509039,644636635,920613257,811102657,-1503003226,-1673303868,87689
820704472,311691999,786380034,1869799931,-873166386,-183352575,-1427061911,-1566084520,369435856,87690
-1427111623,1812195009,-1809325633,-1188953265,1543364689,1330333548,1459222033,-872527736,-96032876,87691
-1706226553,-746737234,886953436,593268512,-1098001783,1636167651,-1422994269,-1131693457,1570718715,87692
755726390,1580985095,1592988577,1286303704,1191326654,-434488879,-1277795848,-1189858388,-1688184577,87693
1468492847,-638790276,-1411071432,-1626638892,-1581261873,-589297489,-1252389868,-257108206,-1656323872,87694
-809448800,1678995053,397807308,555871782,-1240451561,-1266764870,593617046,-117108129,275520745,87695
849013746,-1586312830,-979489829,351624814,1747074445,-668157125,-1859946502,-935861,-743063502,87696
-561979500,688680513,2109092720,-313802844,-696775346,-780470667,-1213529955,-921878725,1578593197,87697
-616458927,949215689,-1287527098,216199737,-372676284,1001915562,-224145307,-1005137025,1677001468,87698
2133285895,-896765017,-1441307411,1341342730,-19439778,1152845027,-1916726582,-285130453,574852328,87699
193318192,-2113726993,-1727170149,-1606714259,-1041951214,-535954285,625280084,363588144,-1777713432,87700
-1833231286,485007484,1138015168,308406924,-1018202303,2123052875,1377245025,-2011078362,-737127125,87701
20128340,198313702,461615778,-203065947,-1900820350,1805037872,-1041527969,-146172443,275540960,87702
-1719737814,-673869273,1709743494,-227032711,-1357733730,1093917580,-713606896,170851358,-1012926159,87703
-826968382,834583745,-331282691,-1838960833,271374811,970268618,-1080878840,1779305357,-1550042568,87704
903251109,340075152,1665954733,1292252247,1226705876,-1805618357,-1244726182,-1705767119,-1455495371,87705
949876698,1879859276,-1753209622,-136854324,-394143884,1454209728,1941689170,1284565963,-179901220,87706
612601225,932720750,1763190852,1417212238,-236514778,465663169,-1101045309,1642455536,-1238867459,87707
-906205275,325660504,-1338517533,-2112850672,413132072,2073937798,-790700103,-1899287259,1782612752,87708
1224606134,-1881752882,-1189318367,2094496802,-1414259485,-1413606243,-1542440250,1445883247,1563406477,87709
-736963837,-1656581585,1428679868,1522836279,-1170202924,967414300,1249714952,-1761033810,848333972,87710
625510333,1488546174,1741507822,930607361,-1912134111,-1349521390,-760720005,-1456523220,-700924023,87711
2005657550,-879945682,698898916,917898399,968844257,-333797040,-1796892486,-598130291,1853272325,87712
-1741925250,416214755,1834859329,964729726,747851642,-1406151200,-714911832,-2030982250,1237562773,87713
1655886897,-672118700,-1704638058,1703876553,545861866,688086547,-785212912,-9697160,-1842072621,87714
-1175310266,1537486468,1691393955,-1233786414,1630538945,-975968395,1169297080,1595808314,-292388690,87715
-447389052,-1914839809,-486477059,1417775493,64806131,1964449324,1748322052,-665696526,-1868154979,87716
1108094851,1626615228,1630615914,1957577679,130075275,1081054518,-938069545,-1441630855,317636726,87717
1465105060,1748481481,-2125760485,528339736,529453554,1284162128,-1643848936,1714637447,-944061356,87718
42483947,-1737180021,51024617,1140549698,-1250946216,-1889757776,-1346512746,2065680906,-1618982887,87719
1947125451,-1091841339,-58945528,-1486182799,-1881937554,2086870124,432807361,789140107,-883090688,87720
585364774,61639896,847876947,-1966856377,1330920227,1008906996,1572092727,-818305530,-1508835344,87721
360968969,-1427226763,-1304115212,218748309,2083321985,-933914582,-461368024,-45992267,-29358357,87722
-705432231,1732297997,1959163427,267266469,1542557283,-843626802,1895769493,-975427721,-1359736635,87723
-651115661,-1507301783,-931893922,-814480440,577085122,328338453,2069040417,215527695,1282376722,87724
1000188085,330274414,-1732885775,-654467814,-179275535,-547212162,-1492362246,663444855,142325122,87725
-1171655373,-378812051,-2040629542,945797751,334891993,1880076232,2054903148,45756105,1603965053,87726
-809832005,832121788,-1896754055,-1902651537,-1026447552,1005299343,-396147389,-1141338186,361287410,87727
987600069,1514828912,-37006702,152391990,-2006400637,-1943897575,1386967446,-1549947662,628079183,87728
-1761600100,-1092436987,-1253947536,2011356475,162309263,-1880407008,-617695435,-446864091,1632630244,87729
1630885694,-357088813,-501709715,2000350997,223656355,-2117550613,-817083606,-1889081735,-2038024162,87730
-1528539051,900510377,2091602145,1320589093,-56146850,193882944,621296236,-937963368,-658017335,87731
1936965114,11978194,636026140,1740425220,289644155,1296976280,-1627747414,-103901368,1682491270,87732
641586395,-886213079,1741394868,1700694329,884771864,255751831,-1655490423,-840953558,-341633758,87733
1013019320,-314004681,-593819210,1311151795,702214231,-979893721,-1643569834,163334981,-56090558,87734
1486326931,342658782,-175568306,1231129193,113999907,-940361203,-1067678403,-537725035,246346658,87735
-1038394458,-416985737,1263002359,-293603749,-1219228682,979087010,1782443313,-770563797,725258084,87736
-2104163621,1501838645,-2092625734,223090789,1203655674,114108111,-2117109732,694549663,978861226,87737
1858123497,44219056,1374261698,-1074668651,-996471852,96383929,592615148,-551587228,-1184064293,87738
-885486284,1691132313,973944561,1971357331,-1444639949,1265727737,-837855605,-2058256544,216988409,87739
-2036989051,309597100,1139898052,-842096560,458868839,-1001320626,305206917,516353763,-1410188858,87740
1773086995,-1290533764,598418413,-579382195,-179874032,240016077,-489839829,-1969955777,763262665,87741
484158789,-753706030,-1884664537,936770990,-913177278,-565495460,-1483476180,-1775990585,799262031,87742
1154855236,-843243695,485191794,-516806721,1356748338,1108065433,-1128805641,-351067232,-1535889502,87743
1705390176,-475531001,887757324,-1639727734,-1736468447,-145539185,587861237,1585983382,-1658168777,87744
-327232445,1826065952,1798580600,981008526,-150459456,-728092640,-1725607474,1030906115,-64597745,87745
-1991492137,-500683212,-1515975734,922784198,-1641751899,1248312769,-1048452675,430586229,-1966669766,87746
-703841806,2092762372,471114705,-813973609,489878733,-283921669,1803125380,-1996894391,-37231547,87747
1262595965,-570533271,153301640,-1995106333,1219181411,-193909777,-761835702,-1387422353,-476915213,87748
-344229437,620346217,-1456270478,84756007,968275626,-1472164261,1533810513,-1445481311,-807459024,87749
1803287875,2103176133,-1680013383,-286876834,1103798601,-571340752,535914461,1834279217,883736089,87750
532429219,-1885857724,1885032989,1922928272,-1232134908,2041575060,642575770,936510833,1358206567,87751
20436640,1428079989,-1753965081,1730613236,1501561825,-1112600332,-774307367,725394496,1134731510,87752
-1094375953,836639741,1492004256,-1202370309,580895527,771947576,723513342,616232663,1854443753,87753
-2124519858,-1872092946,-378068215,-1702386468,1964599868,-1109304733,423109469,2130130073,-192654002,87754
-1225026596,-965432841,-1614731188,1925733998,374872302,-1858663339,138277378,441440796,1679716914,87755
1788229001,-1054589917,1259605045,-863858906,255968658,-558671690,1951635545,1650726859,-900604412,87756
-267611103,1988828927,1248502692,-1373222040,-1354286498,-1949263883,1238350886,-2107683952,-1091399434,87757
1654069808,1828768702,1396782617,-1722585439,-1464259805,273163471,-1086064546,31555912,-1809558404,87758
513958744,1049542564,-805896599,1323699354,1583283554,1570866414,-1839514488,-1512567015,-543557705,87759
1898549047,-1687303170,2117594649,-1303306149,-1060105345,-1776923246,1405884514,337707491,-1942165990,87760
1018536025,1559155981,-38224027,1027460444,1397708756,1325878681,-257268173,-1485192319,-163013964,87761
2113677549,-2138536389,-282112968,-1364763570,-3113279,2011743825,-1964904071,-1147737283,-2085986934,87762
935169385,-1997136895,-1658438874,-292844333,-1257008556,-1284165500,1371588139,-812055587,360260394,87763
-838120263,1225511463,908324271,1749353720,-1245841926,23217665,2061324677,-86333320,1754436135,87764
-652101317,-435024719,1106315678,-1606409652,-1077069563,-1182312412,99812240,1998658982,933431355,87765
-2102540283,-1569648591,-1741880110,1747742727,-805737356,-1279894118,1258704463,377836422,1943019874,87766
500507392,1155113715,1184556491,1599610022,1657263657,-523752649,1309675609,-972113897,2065333717,87767
1050512232,-1438228491,1497214743,-2019050442,612425783,290062272,-88287418,-1245346224,-780556404,87768
-361430371,1161210585,-1308896284,1758544642,-36083177,1273959534,-2126986793,1134191028,-1028242043,87769
253220628,580099234,538135344,157655384,-36252646,1606057934,-273989056,1352335368,1105771309,87770
830369683,-649714621,2040560616,-1568898265,200535177,1619551902,-928274410,2101064714,-263813291,87771
682346030,1880010925,1463954961,1160301388,-1128014575,491362317,-2004932461,-1795989438,521690833,87772
1384433733,-395690807,-203398063,1549796968,-1609767800,-817431402,-1516511487,136491424,-1996981946,87773
2056002935,-1296661318,88391663,-1188263273,-959503418,306870623,-621113500,-80922275,1053652315,87774
-1709031798,1718785499,-1352499379,1759203932,829518638,-1410536235,1120160505,1032900163,370241717,87775
-418666776,2081010614,933064101,-1816144702,1390643501,345160052,1816897532,-2066956372,1744202718,87776
-609559691,178027946,39203848,713283022,1976981069,1700547196,-903004717,814693557,-488159265,87777
-1588958668,-866212845,165729417,1097149347,1758122714,2136856642,918211228,1280704518,-1889934524,87778
477789190,868326256,-1709212228,-1900962524,-1784235544,1105493568,941963607,873365984,870715667,87779
1052763139,368966594,-1358193369,-1703408448,-903771932,-1097859119,2079412957,-343076226,-1093853155,87780
-1608092827,-2062980798,1005431914,-96430042,-2068382502,-2146732275,467429929,1863708527,-1881518021,87781
400775234,90225106,1903109869,-1769697487,-2008910571,-1692120552,965182040,-122609196,1375029991,87782
-2034038293,-1081036502,-1085630969,-768270735,-1853540381,-1044658581,1662598388,-1873157071,2061127290,87783
-619100154,1006253774,2144257100,-1537332438,1938511821,2123972951,1034937622,-1217241999,1817904948,87784
506982386,-1451339347,789617584,1564715124,904138572,-466677037,1144359676,1104051092,-993701381,87785
241330921,294270313,-1848198786,1866377789,1324985208,-1136778320,204724244,-1032295347,-1767791389,87786
1872349812,-290606659,-1639627182,-706886751,405307966,-107613310,1881949200,682070276,-488491091,87787
-518173372,1959483551,1160941219,2101784766,610760392,-1487220101,-1160195743,-1174209633,-382032985,87788
1897176009,1328282623,1378801075,556373640,-126461430,-631411740,-1266982144,895643880,1952015022,87789
1010116993,-1152353065,188785579,-1545012531,2086489378,-1045864986,1973339830,-1853863545,-466031409,87790
-163555075,-1403955291,-41538041,898757958,-1836603066,953176962,739233754,-414882858,-1424076531,87791
-925981484,1040870049,-904650625,1032732663,616943781,-1721901382,850560836,1085261546,-1489608399,87792
-163334963,1550286679,-1297685520,1103150342,-1763805688,-813442754,1842083946,-1105949864,-1190635497,87793
1577298373,450140023,-402737746,659292981,1252125513,2124565024,-1845036280,619795724,-500479267,87794
1070518484,-1990547297,-1018498604,572450661,657331488,703521620,1381776715,-752866306,-285418461,87795
42797023,-843318992,2037540564,1574455386,-620960976,1621272044,-1334663209,-2060875006,-1975480937,87796
-827246542,1193872698,1857082794,-1468965539,-437362451,1369165834,-257463289,-860028326,-225940725,87797
778533664,-1089837152,-1082288431,1882251352,419536349,-920385550,-578085395,936529584,654592969,87798
-1433101362,-690903671,-772169921,-1687415993,410208087,1268302418,-1359173258,1737053357,-1153519536,87799
-2098207140,-151149793,1405624619,1648242220,-1690210295,-2038592585,1881316322,1098482486,-140154359,87800
-881446987,1556961789,1410913787,1517192582,-590200547,838152858,1991254632,-1702674818,1583321407,87801
-1439129986,-1232104735,2075453562,1410028357,2143621396,147274191,1292318664,-531041764,-1022966834,87802
-1121811667,405786847,-149862902,1679798942,-1507837497,53695088,1399983241,785834703,-80103092,87803
-349643486,-1736706810,-1134843743,653959761,1774826946,141548136,-412207238,2110239371,-1465586313,87804
212801166,828204962,-1242705026,1779508817,-760247837,-1432465986,-953044054,-813960074,-876415087,87805
1969066795,-224315256,598365807,1527098839,649098512,2005305338,163356415,-195014256,324205124,87806
-1873928040,1675872468,-1488986330,261551933,-2087608297,1617622323,940331584,280383710,1766481495,87807
963877091,-602666642,511567210,854953149,-1508456025,446791998,-311783501,1674369251,-864025140,87808
-1175807561,-1338178235,742267407,-1203253747,-33692044,-1895050135,-69106242,-1576605477,1413402233,87809
-561613524,-179861463,1539982244,-1508946368,551625896,-99715116,847439068,-1056897981,511087287,87810
1245124146,1410761698,-1820511948,-1092473170,-942314622,-1312055233,1971015363,306263530,-1300181409,87811
2132485357,840586793,372116299,997181254,683032683,-1116143596,-2061663422,-1193902394,210187299,87812
-1762151840,-1935043424,1386715722,-1771636665,-604557091,-1584205360,-534193552,1936754587,-1819763190,87813
-707419192,1704126973,-1203058558,1884622501,-1416090848,877216580,159015425,846369841,-963921901,87814
1014973910,-923210477,542089029,48373580,1635526712,899079781,1374243187,-1953481553,1228864216,87815
1951668270,-1089415960,-1663854863,-1505030392,1718643846,-890766839,34567938,2042160154,-904579168,87816
1817647987,1956359671,1809435359,-312022373,201791741,669475908,2125206370,531234063,960873835,87817
453438031,1978210112,-394787620,-1761044053,1558712263,1878990088,553695016,905026526,-1341099415,87818
-591539030,645024548,40767862,1857038088,1911615131,1259250177,1919381932,-1776613438,1078168185,87819
-1478415006,-883520668,-234960755,-377440707,474079786,-1329127967,1234458269,828040197,1555196676,87820
1214644746,1432867020,868845399,-1835783575,896979008,786624593,-524403141,-120038389,811578675,87821
1099540265,1564285573,-1789751053,-1601990422,207883833,1132293422,-1714810997,-738354991,567597621,87822
-440779272,216506989,-1967054593,-625817298,1796414150,1709616422,-1702966154,-1313371107,740588842,87823
-515320783,-474890132,628892968,-1557975508,336807103,-1812315203,-321817771,777705740,794684830,87824
-1455101767,1225193445,660106070,2114095270,-1310831733,-2113489814,-1105946860,-392961036,-510408879,87825
-1867804515,-1492239924,56656657,1730506961,416788452,7194686,1176566830,-1291202634,-1662407041,87826
-873564506,-1344195727,2039436359,-836910283,463050866,-77960316,-1738162373,1160947757,1686359843,87827
1002003542,-70488146,798124734,-1724433578,820714590,-2041169295,-1192357964,941943364,1019036266,87828
503744693,873658190,-1636088712,-69425219,444890522,-1408121010,-109387328,-1282299970,886487377,87829
1107616328,1042246834,-798018903,-396381669,-523986061,1267227823,1716412002,101951627,494616628,87830
874852284,1806911311,-1301174277,-142826545,-918865470,-549189097,-1272047345,-1437045355,-1167344821,87831
-1394332329,-863248848,-153526212,-962725534,-151841345,659803420,639492910,-1192734995,-2076432077,87832
847367117,1146362529,-1903764162,-57293779,-1159214997,1994690626,1488111845,-499534844,-707214572,87833
1706743039,2059145699,-276469468,-1071821977,-2134574201,91853288,-1764122314,774904254,1555545048,87834
1803848917,39503975,667120142,-326516205,-908907354,765905001,-2052760440,-1643232692,1653356951,87835
1483232607,-341107165,1568494339,368086701,-864469053,575909168,1466100223,539177875,2023341388,87836
152077979,904648213,1189845967,148497974,876842036,1234644732,-2092096174,-1979934932,385161024,87837
-1489736870,1346838242,603437157,-1085767744,-67747616,147656567,-1552894001,680400376,1519464462,87838
-1772386609,-1254887080,165448321,375991760,364343565,989481641,-1402840260,-33564665,-820823056,87839
238041842,-2088700024,130273000,-2076485570,1086774923,-1930780891,-524441112,-1978262122,1824805221,87840
-694275529,-423881545,128184000,-711251981,527922111,-1428178998,-2123382676,-1622400067,-1087987715,87841
1670284164,1047904135,-246537711,-199078345,1342440664,1799722169,-1092655457,-1098082731,1956498062,87842
-599521519,1810470733,1819684751,415836815,2096942850,1002527784,-1193380526,622832692,1532955296,87843
1250812505,1931115933,-106294371,2077309026,546310714,1983844449,-1241730773,-1080745037,-1207339348,87844
-1101215626,-2044527596,983619243,-312483029,755668696,-960054144,942281087,2036629815,-834643341,87845
-1372450101,1701025414,1487197887,964511688,-968711205,1997774258,797830382,-1997615431,-1514210158,87846
-700002974,-449994152,1034553996,1022711477,-1310812740,-1387677656,1699102983,-1690948262,-2027759451,87847
-897895110,621120999,885480765,417641744,130675786,1879996981,-94336128,-1393855347,577818505,87848
-509978002,323078710,-1712838509,919978037,1792991741,1894668742,1286701455,-411510843,-1646520676,87849
1429549528,-1959540053,1932332221,1776507770,-506507066,1359767564,-719107393,1798040324,767081906,87850
-676235317,-366277574,320619887,-2081991859,1250459655,-933232738,1035489776,422306675,-1763464174,87851
187344538,1512575166,1392840310,1910149450,-871582887,2111622870,1741835356,2042870373,435362623,87852
-309948914,-401786373,65549214,-1978443216,-356063451,-1523440253,-777791272,642248276,1584441647,87853
-1061033086,593466910,2085574339,-336878644,1188125003,-1125008611,-497589752,-841365346,1374399326,87854
1597712526,-242264176,1174900317,1026287232,1991757699,1759300129,-1107441139,1757777682,-238972152,87855
376589242,-1242155112,525880892,-1731444787,2126999147,1130087926,-448524825,559001879,-1592892208,87856
674782416,1263692508,844185415,39774031,567804877,1647887729,1836425134,-724631965,769775250,87857
1229763349,338956470,681933831,-2015245941,1044759735,1339612138,-985749413,1816938804,-2067250822,87858
1779570877,888287480,1858654867,-2014111014,1560218933,-1357429775,-833656152,-383866041,1585709750,87859
1099044202,-1665324091,443140853,-1089036546,1343603026,712258008,1458801779,-1828892220,779436937,87860
-1063907906,1399305007,450478217,-1741767656,1157473442,526371718,-652903154,1995206834,-1581105026,87861
-1872228930,1283634952,278213783,795027629,-1653013043,-1988633632,-848891920,308920082,-93087163,87862
-992995306,719410561,-701928746,846304778,-694075132,2079374940,1464845190,-1241670115,-2049395052,87863
-2006583690,1523365800,1669142678,1998113137,-140364241,-1617026011,-1819912663,-655291819,-1185820732,87864
-487764818,559198297,1735796869,779840307,-608420360,2073956316,-1287373894,54279650,-1373950745,87865
-722271779,-1390977719,569659731,1182530962,-977691218,-1225789674,-445579231,1639894367,1620538043,87866
-1535260776,1677689511,243780016,660620897,-1702749031,1141658677,609918406,-1598669680,478916882,87867
-1132151991,-1597344199,-286456421,119315387,-1030022877,265127577,1941301303,-1776858471,1458918928,87868
-2027422280,151465393,-718102855,-1294308238,-2006507125,2047012076,-2008522662,1163290834,-327675855,87869
554150902,1600008374,302798121,-742747669,1389347042,64253373,1623879550,439196748,270597883,87870
-1812554479,-1112928747,1119360156,1631719537,-596276492,-1990732556,-955035540,-1842184060,203317353,87871
-245317368,-221930128,-202526814,-1655451273,1692219558,-1293131928,1450624903,-450200839,1297492772,87872
-920822965,276712180,958545823,-312659743,-760549029,-943914683,-1895048161,-1082236086,-65860824,87873
792785457,966462277,-1753571447,-163294817,413480190,-621724094,370988846,-2008164862,211595633,87874
-1630900804,724083407,2134816509,-611945430,-87403738,-1681197982,1982456324,1983267563,1741594065,87875
-1310974889,-124130805,-1757409088,-767668514,153596077,-777270869,625158146,-1815303314,-273175371,87876
-1964804295,632562149,-947270073,1148413667,255607482,-1353267746,1991350889,-1595907861,-629454645,87877
-1414596489,-502676290,560557636,-575992806,1984789464,1965078827,-307135664,-1483343846,-175462224,87878
1694632408,-1250503610,191334782,785494737,-2022563772,-1653907365,298305610,157739956,-904265661,87879
-1254846850,1606626681,-509898362,690032616,-1724044540,1380535715,695576582,-383531313,364378043,87880
-1924901071,-19337506,1164432478,-504091674,-1323309927,-1619761763,-1300043337,-258788318,115929540,87881
-1054604201,1726473610,-1628373136,-1777141047,-1998803095,-826939774,1738555627,1445128707,875223365,87882
876423569,925983602,1751991793,739523833,90247218,-350679150,-820633354,715592628,2057871012,87883
483585117,-183015067,-1293237031,1050830356,-1654169313,-1988818251,-1203403131,-1458542486,1456593394,87884
-442342698,-249323599,586748981,-2138647922,689580666,1228506084,106670545,-1560420365,1390412920,87885
1195636942,-1146797887,-85133228,-2047446958,-76652834,-1092073231,1082339418,-1263023265,-2059224072,87886
1541108374,-1005474178,1976830588,565044013,-232705888,-751127466,2143625881,353684699,-1257178195,87887
1432226168,1897930650,-1534262948,2027676520,-1013744090,-2033764226,1756784490,-1231981823,-231146529,87888
75053529,1030333369,-1286692419,-2101703499,2102738840,1836692614,1747072789,1720800637,1389316638,87889
-178776407,1361740626,183413355,-1842773526,1868251204,477133108,790099679,741656118,375018151,87890
688790900,1452913272,-51730080,-879841515,1705494223,1695541063,-112680941,1635388011,32253927,87891
-1369347370,-1109667887,-729240093,-1537912240,-801268487,-1574226898,-1031309787,1662909074,-238529843,87892
1592374918,922244818,1702522582,1900209274,-1753653914,1238286406,1668501963,107096710,1464405788,87893
-1056376380,-759244970,1432739093,-2049953419,824627821,611545722,938252475,-1940934081,1640968964,87894
-241233389,-1628343072,1668731978,-261707637,1595158509,-67165682,1648061768,1459792212,-284473474,87895
-1979358714,-138331151,-1685017990,589666279,-192546584,554426713,-69415754,855983768,403698371,87896
-875241197,-1988582266,1556896547,-832353732,-252362595,11974823,1105590285,2119390096,743521976,87897
830112685,-1167745281,-526551713,2115724318,880626744,1098690926,-1467569777,-1447030470,1448596804,87898
-843193650,-568680045,48274366,-2093038273,1095018228,-515974614,-1314516210,-1503904861,-805875173,87899
-1763864639,92071627,2101499153,-552880403,-1946580184,31117862,-1952547366,-1772742998,1290675771,87900
1338606576,-465930584,550693758,308259378,-1967523448,911553863,-93545568,-307099046,1720279397,87901
308446676,-1645417939,1512626103,2076131026,803409268,-1405323840,-1444833378,1364434087,-787652453,87902
-255114029,-507808660,112747570,-1864954336,2044452943,-1288220838,-1496630560,-909455849,653413421,87903
-580803801,-552086714,-1635371477,-1540732120,9264934,1294154740,1709466812,-2064418063,-1582782214,87904
-238875886,-867702712,-564820470,378998443,-1576648703,-1322583758,-524327805,1237437114,-318676225,87905
1557620473,-549727156,-2092425539,-924125389,-1049433860,-1247760574,233685955,1557594651,614422817,87906
-31333300,-975639039,2008530486,928956829,-1009017472,-1039095272,-1898389655,-1321705889,-1355314021,87907
441045895,-1223438383,668067271,883153948,289154059,2062372367,-422993656,-1845023384,186612242,87908
1211426531,1793488466,1197602784,-1555334403,921303330,-393647875,304270958,-927556731,207964574,87909
1581657788,648827353,-1139203663,-759779913,-650333480,-1873242387,1630275875,-1975782225,1577965229,87910
-2095737366,-346676143,913351577,995423294,-1682355832,587835348,1219159613,-1578012013,-1290172684,87911
-480776376,1753158390,-1745096394,-750063926,-1416077560,-470528778,2136539383,-1159749369,646179239,87912
-312080726,1820793607,341125525,665249381,431325875,696046244,809077180,-1741505356,-627263585,87913
-1581937514,-1873987832,61018046,487302592,-741835419,-1632340066,1659855985,-82796898,-1592848880,87914
787982582,1174740540,1149495919,8281023,1976456966,72316326,1642582779,1612489372,2006712143,87915
-1908499885,1016183091,1635421765,254099269,-353858234,-1035030885,-1418166854,1092395923,-603569471,87916
-460422448,216967366,-1924674328,1150219550,463015363,885521241,741436967,-655993099,1561530428,87917
1859831033,-1903025625,1342991917,192900525,-559678453,2142510014,-1907010220,-1499338126,1717518612,87918
1123128733,724700011,1215165785,-1946986437,-1323491961,1477123187,1359840392,-779217238,1092342588,87919
-838365883,-215368865,-922310138,-2132807869,493830656,1508876191,1155269342,-1480199339,1693410645,87920
-1005155479,698683726,656055534,-461511374,-609181775,-1557929091,2135886684,-746288610,1261142752,87921
-1295965308,357668689,393992825,-927118563,-1727333061,220354890,1085026009,292298512,-1361468232,87922
-1320821967,1928701327,-1695870407,-663330795,872395414,-1851453518,-517299541,-1513446271,-198159919,87923
231681115,-1980552363,-2086298451,130114077,-31467958,-1305209125,-1163986396,-841747447,161073546,87924
337114276,-1178095458,1855529538,-2055751967,-2124520157,-590512175,-614681709,-607661768,-914649928,87925
2074797677,167161966,-400223843,-1337520923,1493641060,-1531702823,511348437,-1953030580,553981850,87926
-1151459824,1911845635,-1083737189,2017994567,787084228,-1128362360,-1238302241,1979339987,-1777848810,87927
-725634100,-1229340738,-932701936,1754759739,1937924965,1308908355,2084698003,1557106876,1271907794,87928
2056690102,-1105511314,-170156734,-775989547,-173020689,1168998273,-174540472,-309036216,-1777506532,87929
643718811,428740827,-1074280475,-404602049,-1180370985,887646452,34186056,-1266783567,-1133258964,87930
-195054357,325181767,1125974872,-1455451218,1308281378,-718114125,-1138691781,2125016913,-112861140,87931
188004357,-1664980910,-693472955,460066523,-826585083,1283479524,-20331661,2041485392,970552430,87932
-567750736,-1916336650,-80385473,871629063,463195546,-1024487977,624867347,1617675053,873891154,87933
321880823,-471557908,1510153335,-2021574090,1293473711,-740215077,280798299,1723798963,97641479,87934
899882836,1663711571,1832808470,-633177675,-1660170687,788860273,-1140622029,718602937,-463210706,87935
1579065736,-147764822,-824266849,817485414,-1996648867,165165288,-1354712135,1398865571,903492008,87936
-712037147,736675811,722102233,1410191436,1219736046,1311915686,1070707951,657032866,1828014764,87937
106774460,258619423,-1336319807,695527359,1128837153,753991105,1225421507,-580114253,1654427848,87938
1898084824,-852053316,-127619182,-823187794,-882803,-889507543,-789823919,-1915362298,-1266452881,87939
1820030898,-130541999,1665196922,-30401607,-1114405338,-1172330197,2030262597,-1205244533,-515386891,87940
-1768049539,1165501847,1202953830,-1797551895,-1270676966,1698138895,1570298550,1106036289,-621643058,87941
-801079868,-2025498274,-480093273,26470367,1726654307,326039856,1217023159,-445066491,-1780335800,87942
-2039424151,1149624482,111932880,-1389463432,1033308731,-1527555742,-43495692,-1069962601,29538703,87943
919531757,129570690,-420414975,1250585800,1555268750,1880855158,56658528,-903831536,-1472184227,87944
565958410,-1645128677,-811365845,-1155560165,57367629,2026360116,1941450430,-149204460,1637248746,87945
1903560209,1670037374,1012501275,1104532184,2031637498,2080909171,-1119897534,2075137694,1243523769,87946
787778834,-747064264,2101722065,1123251828,-841034268,1269029432,408203025,1106859169,-1392813792,87947
-468251012,1906838663,1046387135,1834220647,-1363912696,1265109526,-189408227,-1563170907,-1972130616,87948
975754738,-1552342555,1447706486,-1110640284,-1921278018,1806558248,-1953932970,838076159,-877449007,87949
-1401497928,-1286722793,1923859818,1551029948,241761744,-1034224141,855061795,2114635878,489737418,87950
268258769,1525956541,726791906,2119867011,-1898340460,-1563682596,-416491702,-1800019141,1268428977,87951
-1580727684,-1356873674,-2011110106,2026396199,1591327294,-507651302,-1414447425,618086385,-45066729,87952
-1373704473,1571271510,-1240040255,-1178588749,-510029352,1361271482,391467385,1949618064,-666093270,87953
523219823,368472281,139678492,1611257861,-1911422583,-277860240,1662950295,1738756957,1219371789,87954
-705225360,-878679001,-76437164,-1655473467,1850156906,373331987,-1432202642,-930102067,-1215286716,87955
1543267966,-700156467,-987509623,705716395,-788948330,810085551,956166335,1199224780,1760212849,87956
1004069528,-1223091058,2097600351,1754565718,1223611908,321335600,-1128041478,-1095638038,1952964091,87957
-1709939989,-414781229,-1974842670,-467120366,-443703777,-1616653036,-1821999923,-979525952,-60552397,87958
542489250,1280931083,305137649,529434105,-1455738189,-753600533,-922646045,256466554,1363028924,87959
854615505,-2136347358,1168448614,1832088848,-1840053778,-2092096176,-1507785336,488589978,696800580,87960
-253406563,-1149881988,275954770,109760280,-2105679603,-243410191,1908691562,-1409514973,79357093,87961
-2141647221,783949924,557102359,-1224727142,-2031693461,-308225601,622942254,-1498611446,580859187,87962
-1183329537,640013200,-194344596,-381875597,-723100132,134472859,-513276281,2071464302,1389842214,87963
1568124163,691425213,-1656741325,2019145730,1252591008,2017027601,-1371872856,1732305391,-2035211688,87964
-1088139975,998927792,2046928977,-24547584,534761557,-1538832989,-1242088180,212215211,-2015868349,87965
-1480867724,-219226021,1610172664,1457755731,1818951510,-1812663959,-166129363,1537741997,-1581398044,87966
205891942,-1830545275,-718542789,-1124548510,1871000704,-885552769,-1626178920,1877635172,-1550716019,87967
-728223414,239913259,-632654652,1895856157,-1397117185,360524440,-172712986,-1234834430,1687944565,87968
-2067806231,-796134713,-1111280504,1766471124,1122606657,1673669262,-1657393136,-629102178,1441501853,87969
-1882598280,658636466,-1632268068,-584125398,-291339434,1730350651,-1828883337,131523185,1500285081,87970
581383518,352352733,-2025682570,1945261785,-725056931,-419542404,1612141141,1217535806,-2135931874,87971
-2059491784,-1565370219,-381484348,1217908595,-215520727,-1437765798,1843744032,624964893,1324057626,87972
-1303232630,1470580803,-543230326,1939805327,863721208,-1081751677,-186835326,1651957754,-1382342874,87973
-1125224673,1635422958,-1887058557,1201143229,444842317,-1508328598,-1806721862,1057702806,-846245860,87974
1291296066,-1334682014,2118546041,-833847864,-177693139,822941118,139560909,233156976,558381484,87975
-1574482174,234468828,-918285132,-219661357,108224896,917760482,898320774,1950066319,-915608110,87976
2057631832,1319419735,1191122820,-340707854,-2010790936,-1600106502,-1430142270,1714095994,-1036657437,87977
-107321840,-714587266,1246844891,-660154822,-1431334437,1398506424,-1860008435,406504112,1409993424,87978
1801752151,1082031074,-1728485836,149112537,259716688,1756950073,58289991,-2086298342,1753802849,87979
-1938219034,-1900105772,-259712915,1708563023,-1536804952,-1818789817,612881738,-714582212,-1105388196,87980
291278623,228972936,259031498,1466824961,-1951871272,1639761114,1233595854,-1295075239,1341484641,87981
-1729496880,-1144533536,405303884,416448674,908786589,-1879949824,-2113806709,-562100643,1970543503,87982
-1418414030,1991263577,-1347319005,-398913926,-469364639,-1912757572,1016171053,1029446260,-1978619418,87983
-1130174685,-2014388102,-1953471262,-1066824157,19169778,-1447833574,953390445,1017864,424673865,87984
1343999852,-1078817191,2095229676,-1943719856,-1499747900,1811879501,1913178000,1671513050,-1718318464,87985
-157847641,-779880532,748500584,-1788899165,-1425384770,560035362,1508832066,-866073318,-2079977121,87986
1419783383,2139170616,-805234213,-1238593497,131086476,535615245,1207714088,64869965,-1990660642,87987
1022244764,-2040350567,1236685113,760399584,1498524558,212499182,710085758,-1632029236,1280192815,87988
-1725884663,-712078752,1197101595,485238138,-835370156,-1492345118,177089079,-583964869,348527114,87989
339843979,286799284,-110467831,-740004796,731735129,-1944776342,1039046494,397537152,-1161033458,87990
-1133553856,1810400753,-1093598987,639632131,1819839211,1128743567,860800285,1029570742,-1858166628,87991
-1954815317,1259905253,1664948051,527696428,-1601288992,-1432074401,1518302320,736555849,1329229832,87992
-519211024,970048668,697871658,222265672,-732689367,429655775,99681051,1487760711,1539583715,87993
2107589092,-121939098,-1512143898,-185451206,1123137104,-2021753693,-1234837874,-265042075,-1259679,87994
731481915,2103790935,2088233726,1005406655,1238602845,1514255526,-1626182387,-1916272350,-125093886,87995
-191196939,1619718581,1200492397,77278578,-1635854060,-1764326056,2043727756,-1758178306,88188982,87996
1369290808,440702483,-952568182,-19309258,956425850,1474008808,1198541199,-1588873007,-2007249617,87997
352230568,1858239935,312839000,-614975088,-1540652980,-1979081526,1445883869,2144184850,1357966724,87998
592435692,-96008961,1164481353,1531341921,-1994858825,-1433486657,2024219469,1717021841,-1722786946,87999
-479138983,-2136587848,-870176580,632711641,1755825742,-1807915757,1946874543,-2088943587,280877737,88000
-543859966,535627123,413077240,1436229474,2137757665,1529948069,-1156259654,-607439847,548663560,88001
-1593527632,54690771,1359971002,1038485010,46833630,-745960359,1303099736,1136104979,1084812299,88002
849387283,42009277,1468028835,1792662003,-1707253321,1306958307,-544390333,1737639777,1947435051,88003
1805890870,293674817,-474621765,53513328,1062645941,-191439888,-1736868202,1283928278,-1190770760,88004
-1275993111,1401681989,1719350965,924170678,-1660891534,458624136,-1350153846,670924218,195318969,88005
-1311314671,-1948882192,-542966291,601044026,-657527002,-1991638104,-1442110315,1829215764,-1346485547,88006
532068059,-1533873870,-335205216,317632096,1544072095,198899092,-459406299,1439562499,1749718054,88007
-1290694587,-1154727699,2123821356,-2090410154,-1040921533,-67057221,238737869,-371527958,1649911201,88008
9036078,930796573,1464135201,1140761999,735660839,658567062,439598677,751448632,1243406465,88009
-1969291796,2130487491,-1238510654,-487728815,2028790818,-573888274,-1956347612,-1737666154,-1523353901,88010
184462206,-1834814561,1460692207,1903110772,-982732451,808751405,2075684912,254305496,1839423001,88011
493743024,2133151306,836201992,153533318,-1492945524,1568985622,-423406318,-222579609,-1349513579,88012
718466452,-1079769205,-19085316,1400771093,1075735840,1032643329,978491851,-686729866,-454422428,88013
643258348,-677582699,586427754,-130596767,-1804021868,1134790363,523319341,-177690161,-1774061882,88014
-1048751073,-979068979,-2076788891,-1708882826,-750259502,582399507,861475661,1861002823,-620744628,88015
-287411628,-1843729352,-742151652,-1955337115,-412983392,-2029355726,-5560530,1210554799,-2104820039,88016
1251931840,1880540028,-512455404,614373970,1464344419,-1830746305,-1075745757,-894865735,690576874,88017
860962956,1635949565,-2116221254,1285981727,1350520173,-808034663,1234019582,1566907532,1910845342,88018
-327871761,-126971046,-1081931187,-1854312372,-561734905,1499559769,472146536,1157802487,1061070628,88019
1613739565,2105112086,-1544051175,117926112,-945068204,5592774,-1843791504,1261031153,-1401349043,88020
-36089200,-1092922762,-1590867659,151156295,-1996261433,-1084083090,-607949056,2081733700,-1831681183,88021
-788873204,-2036447996,-304326122,-701302272,1652776592,2112212620,1622564777,776354426,-2142957418,88022
1510455282,-1753725764,201124226,-1622723570,1539376178,-1274489261,-2059508761,-1263682630,-38486354,88023
1470610055,-1033112370,482568928,230601393,-225660838,-941809751,689261690,388061647,522018177,88024
2115350563,1404707880,-884113989,1423300069,-1779494754,350719613,862880430,-1211086032,1634049113,88025
-16362317,-980243948,2086134952,-1564233517,657986210,1952074569,-10172070,1978817921,564254637,88026
698541418,-1878258357,1851480637,1111057176,523273630,-1465545337,161882700,-1671605929,-386956623,88027
2116472538,-563116303,-614505800,1134477191,-409469996,-772369850,1785854029,-264366012,208013675,88028
187051437,-1567184329,133655743,-505911104,364201823,-106362010,1786601386,435698781,-1120736852,88029
-1588393761,-1942782139,138168090,-950312049,-1738924548,910662678,-1960294504,147323460,-932937874,88030
364904296,-1914543368,815137998,38013100,759031731,-119630469,-1222620205,167148946,2098096221,88031
-908638321,1105099365,1384529252,1788252086,1852181240,580770736,-1968633034,-169255530,-749168499,88032
-949941549,-1384052028,469508812,1302835707,-469525209,-189801167,-1874603734,2045910584,-773617599,88033
-57128273,-474527504,1705606389,1756746690,-756034646,-1151214741,-1752051284,-787162540,-560096148,88034
1998550461,-341058061,67753620,-340087670,-342774364,554302220,-65295446,-776289106,1433830704,88035
610086669,-880666741,-703110777,1662888532,-801074126,1290828953,1988443193,1666773304,-2081802633,88036
-694110351,1915468480,-1206545403,1242269743,-1578346180,-761321054,175013632,1506926632,1276402058,88037
-1839087295,-1406995758,-1400050873,268421349,2115221020,-795765994,-1191265512,707665392,-1217733751,88038
-595342124,-783884985,511925194,594078220,-305309520,-2063568691,-853895643,1981883830,149236659,88039
-510192989,113805200,-1228494172,1149909835,-803854317,1696186718,193526803,1722743920,-825423550,88040
-766430019,-697769163,-359416177,-1828906523,1388684043,-1700752146,652590432,-359061967,1857868711,88041
-516642285,-779541260,1571170977,-360633340,1338130790,-1355966779,1276872616,-428161874,-1261530790,88042
269456358,-882070191,-999662285,1773187592,1637182035,1585230308,581474997,135679608,1853125804,88043
-448325928,1466332500,1035220908,218199794,-1565004524,1367444264,-239121904,-32334947,1898913016,88044
-1238782427,441169397,-1954344845,-197976079,-1605691203,1093418855,1452430471,-1034327866,-399442987,88045
1828303520,-1942276235,-1501490863,1176335123,-378228015,640231109,41110451,563123328,806098053,88046
-965245827,-173472196,-354334526,-441088527,548406311,1453019636,-1187350906,-876185815,1414171027,88047
-1888649951,1196039672,-849507369,-333017260,-1628528384,827125019,403205096,240116833,294212387,88048
-1765620977,-1893137682,1595978613,1471472400,-896169865,1896593182,-502034531,666546485,-1541850374,88049
-289776692,-368668396,1981123394,983820535,-1881443372,-707888602,-466152038,-88194063,187700227,88050
1635090623,-369937696,-374933892,421406201,-1780676131,-1529411654,434991276,623081187,964890824,88051
-151098629,-235063593,-1210496552,2026512829,-1759864783,1804402018,-557471769,-417523862,1782060289,88052
1597698030,-1172173032,368376691,218262888,75467522,-831874181,1418402331,886252522,2074900842,88053
-829418704,-877129134,-468520986,-1784515483,-1131431538,2052690960,-584599741,133934317,-274787831,88054
-835409854,61864042,1466454039,492615206,1406582770,73062729,420321850,-706154806,2018612126,88055
486212072,2100983399,1852117955,546512800,1419451238,-1442993314,1432512043,667975265,1518067250,88056
325198733,1254015229,1948056548,-1499671027,2092012414,1757010216,1945974287,1547363014,-657578170,88057
83896325,-1440285427,1139615012,-334565193,-1345925729,-1467861380,783852094,-1456356104,-1630341947,88058
-350150522,1991706867,168462667,-1691786033,-2033277366,-14477099,-1338751915,-1428910533,-1359719815,88059
500798321,1358634556,-288585822,747295958,546739571,-1568163155,442699035,-1272456036,-711768513,88060
-1413682119,-217868497,-3191722,-154955840,1146107090,-615080245,1887631964,1128305412,1163057274,88061
43864245,1852924195,1249111905,478868565,-959543935,572163275,-58021610,1908499811,252514477,88062
-339243488,-70603757,-1865932502,1108499997,847467383,-78785990,-1781158454,607608186,720724829,88063
-1733113227,-922222368,1553262339,520208066,524226480,1080490361,182539827,-1142294091,1622831760,88064
-988452679,-532073780,-1067949980,-1150658156,982890152,1976585001,-816040521,-1840417885,-610450433,88065
1442173044,2011906977,1882008414,1339817261,-1318972482,-246483941,709591693,-1692509837,2080803630,88066
-935911691,-1812331496,-1455827767,1457851392,-1722458364,305594874,-922274053,1375840773,-1929895333,88067
-1515630543,1293955618,160638067,-1551489433,-1116593320,-399852126,-375767597,613957840,1967434010,88068
738292422,-2069144435,341160156,1081461067,699952271,1907733496,-75797491,807026793,502406327,88069
-1368395710,-970479358,1778183149,1331988899,-1873512154,177688146,-751235204,1747713884,-955999404,88070
686739343,1220912132,-1496289456,-634255065,-1130605988,-864541247,-1082385576,502312026,1183086069,88071
426936915,578058329,1272966733,343794961,-187564704,1426072261,-1117411042,1602314888,-1989420811,88072
-1918482034,-1857111109,-1262455858,-544886934,-1843713929,-848164902,890392345,-1902355369,669009656,88073
-1333976457,1960798394,264628609,-2068683913,1742497157,1050268296,1444761638,1654229988,1762860044,88074
-1277699713,1532733139,-727666478,-1257568519,1187630907,584845230,1028862692,1590546563,1268645415,88075
-1941839476,1613581433,774151384,459170569,1528289396,627343568,-52846491,-1381317577,1287372059,88076
878208232,618128124,-784698317,-740469211,63948344,1700900189,229927398,-1177148280,-377007875,88077
-77550315,46456649,-760196030,-1599197506,185989033,2103366090,-653331987,-1482354975,1902887010,88078
-1608850072,-751766061,-417788347,-1284371999,469763332,-13046960,196012131,1824162250,860540934,88079
-1796935850,605001037,-785838894,-286206847,-614744095,-319574823,-906441936,486990969,801027892,88080
8100491,-842414322,-1029209234,1627170746,1570690524,-1363234289,1702396878,310457449,-2138591953,88081
-1299059324,1278218055,698692818,-1692085216,-511254469,1130716071,-440426692,-235721106,-828229985,88082
1952442030,-2119250094,1311432680,-1529298131,399226843,1879049212,-1926057967,-1840367207,-1411782614,88083
1566642250,-1651456721,-635951572,2053948623,568652475,-1550573526,-786898275,1221399215,1727439807,88084
-1366929489,-1219091972,-1399910027,2007374807,1943496903,-559565642,1219732532,-165523839,-573365184,88085
1787290085,903539366,-1884014520,2038592179,-229716320,-628046740,1412604646,-1607574892,754357775,88086
760975110,-1526268710,-628896491,1432102333,324423032,270116148,-1084144103,2076861433,-1607172684,88087
1628929104,-383520031,1360752024,840383348,-503907157,1085776598,420521983,1216842747,2103235940,88088
703292782,107482284,935084675,939110452,-1332232411,1715340722,369136079,-1803803713,-1256223048,88089
-1889367713,-1938693177,857734919,-1006107024,-517454498,-1606276719,-795276602,-566395560,-1410006536,88090
945802546,-2006783099,-774785970,340542792,-1525925382,-1443035606,28164493,-1769180593,-386092378,88091
216993189,-1856537997,-1204920667,-1317282579,1879380968,-1519426145,1489583335,-1176422163,1148593528,88092
-135449638,-1329350247,1593908534,816360411,644869200,-248405718,-2117670632,-1606063464,-1274699442,88093
-866748509,-1015525361,-1277868153,419406860,-252219003,-387739250,-96449009,705398131,-101046424,88094
1929304939,-1190623440,-2027292228,-1797243699,-170789046,-621868452,660272619,-104175530,-1602792057,88095
926646975,-997093974,1330960289,-17417013,1778911923,789685946,924752701,-1164839679,-18404553,88096
411082277,1595777712,-2011834153,-1624022982,804863220,1219224237,-708783571,121121330,-968497951,88097
-2072840058,-1149400260,-1526910175,1511641170,2060072776,-497780852,347369528,-1209806440,1173806516,88098
1377497545,1485074630,-632773745,-1985036264,-1366773663,-1321459658,739383403,-1488789530,452636399,88099
1625859601,-1438814475,-691818628,353495932,774451281,-379192083,-171662189,1241103498,1316751102,88100
-547301159,184190168,-1910166799,-1141797028,-1825020862,526390468,1682810511,-1949705600,384895927,88101
273758847,-1199888070,1827245727,132661320,-1229214317,1093533020,1428460936,-911127032,812799105,88102
-1213087331,432265748,1878938501,720577080,-248741667,-1980052404,1698906931,-351322375,1247568570,88103
-1685631166,706391644,226986805,205525379,90751851,1446748666,881531943,1672000064,-532279718,88104
1055072857,572126270,-448798081,-1004413308,-2060102549,223862969,1445560957,-760811335,-1787032685,88105
151769379,-713006635,2098720212,-208189358,1622540656,1618742261,-1680657937,847425903,-1652235779,88106
1169775750,1135147263,-844053804,-1468682797,763408994,-444728452,167533751,1732510353,1072960628,88107
1861123436,2036703884,1844659147,-2101959280,-1091536201,1072790534,-1969174081,-19577493,-583367134,88108
-572490084,1553468851,1495101745,-2012338725,685110698,-109570567,99607580,-1430615876,953581301,88109
-1505364397,1381278285,-1767258054,-1248468120,880686781,877503765,1249021764,-2037719813,-508698755,88110
1696335110,1935338461,1546242820,-944748975,-1115456624,1705199702,-433698825,-1321472272,34716389,88111
60587695,1266369393,1754103524,-996341987,442878217,-1214664622,1952010937,-211945590,667828966,88112
1576754665,73126763,-363959772,-802346876,-714905025,-1707514502,782059842,1087783620,-1844744867,88113
-63643887,371803823,451970851,-868594384,-1004648269,-1930659031,474558716,-1411218078,169094906,88114
-101880093,226320815,1344047243,334219813,470764410,-1250312230,333806038,1517556220,-1058290578,88115
1756465061,-62115822,1293597727,-1635963999,-856785988,700923490,-889230996,1684935196,-465595198,88116
1254527129,-1159751665,1733909245,1121612771,1174945758,-1244824148,-1117445435,961303247,-116003998,88117
653246956,1035015797,-799168186,-1588479610,1219488318,797522889,2125497582,-1079038312,-464693637,88118
-774981635,1642647829,149504314,-513517406,438236464,38600186,318320824,1029412332,658136576,88119
1745414699,-1557581158,-610492782,1779631677,1553758983,-1814312877,2006699292,-908834761,-1843038967,88120
-450405555,-965626870,1989204326,-428555577,1259028320,2004661596,1193335566,-181384097,-278537265,88121
2042929118,-1912243309,1126126578,520344154,-381604224,-1577045485,-620485903,999484337,-1276483849,88122
707841581,1041750202,-545994060,-2015870701,2118788595,-231733840,31869329,-1896279302,-720588839,88123
-824443561,-129657550,177067888,1532694757,-723380965,1631236752,-699084452,-2088460886,671157301,88124
-1454070863,922162005,-1871654793,-312842934,-1496697129,-732144669,1988913446,-1540430211,483235006,88125
-1345383287,-1365266364,-492168238,937106933,-598300049,583565484,1645747317,-1025297524,1297081163,88126
1491125790,-768261645,-582734508,-348363362,1754453222,217674908,-407720989,1493440534,285299563,88127
-892372408,1822874135,50422186,-2041731561,-40772599,1683305881,-423162854,-1987265243,-2019518046,88128
2143969221,-215591916,593288409,1055041503,1959928623,860520531,-870985489,-1827298920,-163556321,88129
385381150,-180476701,2093306360,1827989784,712408213,-361669138,-1181233614,253951007,-1748282553,88130
-545082207,1074594669,-1965403930,595644823,-801101015,-45273320,831788671,1235700817,-975635203,88131
-143764552,1668637074,-1754481029,-1764779876,2076453044,-635334969,-953954612,-698395876,-895495539,88132
-967972838,-1988402719,290633312,-1939762198,550778652,195183869,2020225750,1006977910,-690349209,88133
-1358496206,1107481167,-1577307441,-297560830,-1014562545,-738102266,1268005617,875415375,-1632233888,88134
-1014890966,1035934684,-215152437,467767502,2069079665,-270963164,1580179772,1115911394,560797537,88135
-1099887332,-844683904,1299164147,158727625,-1702930585,-1084067068,492563807,171811949,1621045130,88136
1754661293,-56664339,-1577021843,1964475669,1736095468,1395075705,-614214187,-1655863017,-1854569491,88137
-1164273650,1561164408,-1284305543,-149179116,-258917182,833929445,-2057018913,745468813,-930771318,88138
119528676,-1921535175,-962350758,1292782712,-57070708,1682626485,395542643,-294317169,-121447945,88139
430192163,398612511,623984492,-1800188891,1317513245,617413890,539464459,-574375601,-475316244,88140
634421060,-2107859379,-1943934555,-859514000,-1406418943,-156826930,1059851770,364717897,625527735,88141
1573265695,443042006,-137068888,-159838308,1086132764,-1307953452,-1685072221,-1309554107,-976124285,88142
-2138352389,1063781571,-225511522,272208638,745836919,-1740669318,-413729091,-880488119,1769637540,88143
465959575,-393902147,228631293,-1505653771,-942713768,-207294771,555847365,-1514541139,-947510844,88144
-1602125114,-606717296,-1856418882,292013560,486148892,209344311,-1318531237,-928225050,-711198849,88145
-1707160784,-208822913,-325268907,-185986457,1876076974,-345716081,1123041173,756611866,-1372409554,88146
1106319879,1314497204,2060004240,-1964682428,-1966107887,-447670646,-1881729093,396606502,2112361360,88147
2110585216,1700551324,392950935,296392237,866057565,1487417503,-1208190085,621225529,-1606089761,88148
615488911,2023576099,-1486530491,-783048363,1465709352,2132286482,1635369877,1303253065,1556128659,88149
-1932464006,1233961033,-261907145,-977587426,-611172672,-1643148359,-1942899170,-551393134,55555708,88150
-756773810,-710340883,-1375622983,-646640005,-236080540,-619710422,-1363455331,62922387,-1289251701,88151
1995331737,1640359403,-1384778320,1450102120,1167830065,121757952,-2095054356,87875254,-73023698,88152
-1718980470,74223513,950472450,2139889155,1766736372,-161838134,1778067166,-800996254,902801403,88153
-119348830,-1886621269,701628265,1207843169,-791669009,1540214560,-16982281,859534043,1876742324,88154
1557645710,2093275459,600874145,-1660656320,668724093,1444719952,-1403650744,-513371656,735773699,88155
-811707419,-1300696049,-701565637,769998038,845009188,1198862349,1881217940,1773543587,1568473047,88156
696420675,-1556802356,-2127638868,-463832118,-453184678,-1299436642,-1683448297,2095614868,989613689,88157
1891644098,1738858916,-53781905,997174359,-1337399037,-1589145486,1165445057,-715209911,1884317638,88158
-1679910224,954864822,483989943,904564490,2051693042,240692466,1564389787,-240534915,-1058320473,88159
-2007062028,683225370,-435961025,1863848995,954173467,46611812,-840596093,1991874839,898745656,88160
-2029553522,1375126141,-21677806,-672727219,-1830177596,2055048410,38136693,1761117255,1028509996,88161
-269345016,-1560482832,697913643,1039234735,62239080,867549001,838134667,198084656,1591983578,88162
898515284,-1968897671,-743310763,604784025,-2112119599,600682835,200188972,-1443309747,130002157,88163
45806159,-53245115,840606142,486115002,1025318253,1463295195,92526219,-429705340,-2100511381,88164
1425957751,884401052,914242429,767648617,-408276900,-1611255450,-225200712,-1615868925,555578972,88165
598088887,1273323520,-237242219,1802658654,-1119208706,1319789710,-644821570,-1062628989,-955102986,88166
-680836520,-654320969,-571046038,251490267,-1073422533,743988140,214414101,1499789812,-1812162979,88167
540222954,486830180,89394638,-129342047,1546416374,-1072344071,-575634728,-2046317290,-35907985,88168
-1361406181,378226152,-1642123931,-1772477500,429445577,-1555988387,-769902125,227479354,-322078620,88169
1490897170,-1919995480,1750656086,22818469,-1416893511,-56154370,2120337515,-55636143,1940763904,88170
141211191,-301407850,-38125679,-1195568970,1656058808,-642217777,1428831660,-989321025,-1181910811,88171
1992588956,1053327237,685008141,-408858443,-667614295,-1988107393,-1869107616,-1801644003,768107259,88172
189937755,1644313950,126386334,-723973981,-516407740,-1466560439,1748538012,-2024366117,226296025,88173
2054089327,1433271460,-472739603,1038519665,-23090985,2054192746,1043698703,2107069904,1196761013,88174
-1842247902,-1397911738,1339581131,-450152037,-475997946,810145630,1708053936,-1886280316,1136433670,88175
1136892637,1615205079,-447153338,-1095083939,1912838284,-444185386,-657561220,1261657379,380937012,88176
-365839819,-260176615,-1759163336,-154475573,1749625277,1543929452,-2056111521,-1204940290,1048224521,88177
-194642811,-661496400,1184457813,1290102541,1067389982,536924737,1961297276,-591113764,1352432708,88178
1151328583,-475580562,-1541889905,1511705212,1149175673,-2006009858,1187291093,-1528232802,-1471311884,88179
-1229637363,-639247320,2078791735,-1283097683,34721275,1520414959,-785488997,164042006,2113004361,88180
-42492130,160147854,-271891889,584993250,-809254776,-2014376451,1380409700,-483945485,826012850,88181
1301042232,1774049660,409462233,758284357,-917758000,64041004,-1466898739,1842995072,-382725993,88182
945538673,-1064893715,-1525556263,1721878204,-2086391131,1577249487,-1906806552,954842272,-1093742172,88183
1895052758,1214749639,1417166452,-342903927,-159839137,474048683,1836405792,384619343,978379918,88184
-344465557,1797187609,386658513,1955968680,1875646542,983431765,-1927506390,377071483,-723213867,88185
686818933,754497822,1281825691,-1679719269,-856496200,-7397367,2132616042,-818853201,831665855,88186
2037527215,1117494713,-140732288,-71157764,464190915,1978048839,593771526,-1028352047,117276917,88187
-451756144,-2041514541,-410830697,778843508,1961067390,1329056952,-1625888693,-1465419995,1849026837,88188
1642894375,-1304043388,137696881,-429647950,-44900894,-1695083297,908894281,-1296367866,-263401591,88189
-1712851315,-920948435,-552222589,373903790,-309311377,1634915986,-1146526528,-1706846238,327536351,88190
1022199707,758293927,550899343,-83086520,941406783,291447251,645477661,65729515,-437218960,88191
827659086,1597683239,-1165662323,297071073,682731472,1709222202,215336877,1726283899,-1525473979,88192
137690548,2090588977,1022075515,-1592229215,-1328657935,-155974778,573557096,-37827325,1994953910,88193
934886655,1384499522,1939905888,-1728401400,1770026449,-1157475778,1908286351,-1440908472,1687496182,88194
1532222717,1000764817,-1966884461,1204162250,2045600822,676755867,1808047426,-2090383002,-218588695,88195
310687520,-347352666,-450809598,2029102125,1137145311,1706077239,-1962397605,1687132856,-855170240,88196
1264465780,426243451,-981263221,-1660076671,2040715774,-2040675652,1486676811,-1466153844,-650909987,88197
-237543125,2031667556,-237705626,-429612859,-581401786,1563315076,685851184,1550328028,412925476,88198
879717970,1807459469,-601795123,777515234,-530861267,24964160,430557469,-1690970631,-1565447197,88199
1964965763,-298882689,-1172165876,-1634888979,-461334302,-1725971136,-913207491,-1498344750,-126701788,88200
978211705,-2022765146,20574163,882299428,-477375776,2057498602,1877765121,1020906502,-915488959,88201
1640426974,-1687204058,369263912,-1982714636,338096589,-1743821070,-305708436,327925473,289206169,88202
-1093203355,922388335,1401617396,919775318,197032922,1124185763,-1519572631,660364196,862639412,88203
574880609,641964152,1417198850,-575863293,-569314080,2050770010,683224833,-2141675795,1433957836,88204
-1070253589,-1171338888,1378195289,1287740517,-1432405934,-984265153,-2045769440,414852176,851731727,88205
347580736,-800836954,144056176,307076092,-477167798,566353989,1240397882,-1264066115,1853544256,88206
-964206214,-1387417712,365073091,-364557220,-723064680,1932924662,-1955577998,1363194472,813104408,88207
124385730,-1814373849,957357496,-890942398,879535051,-548312731,-2061688992,-1762857638,820720086,88208
773392695,1403577914,844658139,-251452622,447910409,2126618095,1255316924,-1534592372,809948638,88209
-180831085,744949243,263689336,1969792215,1248100934,-1114708507,-1991405350,1105926629,1910068870,88210
41947852,236857460,-448067804,1989454101,1899226498,-462935992,1705505143,-1784821049,755915403,88211
-1613094257,-462763632,-807477556,66946974,-1196349116,-1400932084,865960660,1899123771,167691740,88212
-1224483165,-999931809,-1994924564,516233216,1687033075,-1059277497,-843071925,1168337182,-769262227,88213
1802919998,-242445315,-751033918,-1812820021,2074222625,153021245,776411002,-2060790894,338306304,88214
342655215,1315845928,607852041,-1116479257,-1261832455,1537513676,-1695626363,454109913,-1751046908,88215
826996594,489150676,293292985,-194601001,-1952683167,1630199310,1590399751,1893847605,-1578472732,88216
355741773,944199869,1624710144,-1927618684,-786185253,514099617,684688047,-291076315,1320900951,88217
2018765744,1790190518,1671287351,-441090131,976446986,-1440405215,-1969751700,-1550063243,1983894527,88218
2076634500,385112928,826086243,-1534444114,1791731867,1110382789,262663228,575440225,-1281903254,88219
2142158252,495958435,133260166,-941616446,497045611,-2023217894,219560148,-833817437,-863183878,88220
977516245,-818603169,-1127507658,-526045923,1434119109,64413268,278538127,863203989,200673926,88221
-627347669,1827112477,1811155981,-1619930772,-253900740,-173360147,-1249579458,101848757,-2006204479,88222
-1793328464,1205452345,-1995885004,-1447450754,-1397525376,-2106666255,1546335586,385562773,220109994,88223
1023953712,-128655037,933255083,-581395208,11597149,301352946,1836647572,-325554714,517624060,88224
1838721887,-421568121,319212177,412964058,-1494551113,489633091,31646674,-1491106002,-1773568992,88225
670488581,-653537627,-147808412,973744736,-2138348213,-255914789,270412383,-1981118121,-1395566158,88226
974904352,-1328558907,657576810,-460609615,937420994,355135198,-237817158,-1451810571,-870931001,88227
-29257850,-1581079193,1042955484,1986448887,1264595834,-1782145599,-664564509,-1198568478,1629111341,88228
-1244841733,662779137,1937735029,-8052825,1856497321,1327145368,-691463814,-872162469,1073002807,88229
-1799681046,1869761120,-1281618230,1276618470,714392389,-752763683,1133433410,-1271319830,794049171,88230
-1080022881,-653312621,1701856517,2144281855,-1069551924,-1318540596,1601478293,-2054833589,-1939461632,88231
1030096464,-1282745191,-825707669,322164225,1026154123,1909129554,-1788905819,-1959539151,-2082656484,88232
-449690494,-1630489242,-846975807,-1632963849,1239848611,-1017667932,638346732,-1542494694,-1208955966,88233
332698264,-1580232235,-840418331,1234576579,1322336391,1770182232,1150326018,2039685097,588484040,88234
-1606434488,1506842621,-1984958338,-228716623,634160972,191940719,1249920216,-1986153351,1503695968,88235
-776465723,903272485,-1794855376,1919951323,1348556475,-660627164,2043719698,2067708749,-1624819716,88236
-454229325,426536995,1142285246,1897490302,-583822140,1228584260,-962474004,726638405,2063862791,88237
-266975465,-1134324831,-1659978803,473716878,-1271152186,1512059086,1000569962,1506513763,-118520683,88238
-120389520,390655678,1446632685,-262318712,1952286550,1728037078,-662050743,285895607,2109031795,88239
63249333,-1174023159,-2141435775,434446544,1974560606,-804911441,-1500947656,-985282870,791524682,88240
621281353,130927792,-1148947039,949948963,-1418792451,-470051821,-954436157,-894947513,1635305669,88241
1950171242,806433325,1531830926,77049940,-720654464,882464858,930543844,-2062553378,931755965,88242
-1904044904,-1669507510,1371782158,-130274187,831163113,2036187137,95166482,1182828565,-1657845377,88243
-38238112,522196930,298718639,-1454627271,-688064220,1088849985,829363543,-1016218149,-205308607,88244
-326195023,1386992680,60176264,-1744532330,766327349,987360866,-960039486,-1433987926,1998937411,88245
1905686650,-880711061,-42513426,851411482,1955891069,1602099947,1005572920,-899567295,577567225,88246
-158906145,-527879379,747541497,-223383099,120286915,1437425744,-1527752721,1966150593,1234374273,88247
-785637027,-1448988943,717060261,1087854177,1217405796,-1672098787,-1688331465,1527399123,838330722,88248
397906082,-587627073,-146019924,375929650,-2047799314,-1373442476,-411714583,-607450701,-1165915620,88249
-516941071,2116755019,-1190582137,520000693,342535217,910374896,25990017,1334882453,978714636,88250
726014353,735267374,757908455,540028582,-1369861112,245886503,86350031,-2002773596,880859831,88251
1247283881,-268450484,159981486,-266074374,181239591,813821011,-52138325,2108337529,-2140847358,88252
-2078722340,-180984989,171144117,493784679,2104264820,1360817204,-641689609,-1554541571,399765571,88253
749509797,86102600,1656338583,-924273478,2027974400,107462145,1089877942,1068720912,1970336322,88254
2102350990,-1543685757,-1215962010,-341229127,-548840927,1596258608,-1997485606,-247784703,-1168336696,88255
-641254758,-1026820096,1819745436,-1946972075,-1220622280,1477744477,1215567439,-941486409,1649257646,88256
-1049566596,1368224127,662557282,360453395,-1220159631,-1641202256,-1507652536,1288624793,787750260,88257
1332690243,1604776980,2100096429,278755340,-688557785,1483878015,614821188,-621235438,1282648851,88258
-828761794,-1196051472,-1728168415,-1452844187,-384493078,382532287,-1005676954,-83201802,-597693672,88259
1744228367,1426826217,-37883521,-1031854694,-355148655,1783563406,-613252302,-948692188,-2082042850,88260
1430379677,140837926,944775106,325740254,-1531079428,1287655692,1136633374,1269532147,-542216069,88261
2115677491,-1668055559,-2060676641,419944950,2082132960,-1413178026,-1770847196,1146336264,-401764152,88262
1136763023,1849257959,-961074620,717700444,400486199,-1242239283,218140209,441858914,-1488471849,88263
-1750713300,-2002432256,-1641912216,-90974848,738495560,994647956,2037774612,-662407940,-1087453476,88264
1299123652,938524659,-957090598,430423764,-133951966,-898812203,-783024754,-148881224,1988015347,88265
-1995464753,-1519251368,-1909968476,1307118247,-219637017,212947777,573952722,-1073642613,-427170478,88266
1825510345,-418545794,-2017256517,-64566302,-179285106,-538917021,-1658340942,-684800513,-2087090847,88267
-976048620,-851965262,-1067003867,313810362,-1387867978,305258058,1137328177,-1051200577,1252505007,88268
-458219574,1531702324,-1459701949,1449650219,-628861717,584391751,715737378,1051729474,804400320,88269
1107037308,1203645775,-698544661,564681899,730463518,347991828,-180967725,1858527757,483930705,88270
-25489917,-1916834854,-1093172778,810225696,-236875804,-790015394,938409755,-1055976585,-1720601535,88271
334717559,394716619,1649754477,-253017284,567063034,536415005,929513969,-2082958400,223932155,88272
-818046357,107408186,-1540429143,-334844783,-337051984,-583332318,186272885,920773886,1844358799,88273
1396579191,-418032061,-345132290,-1005828676,-2012363287,717657758,1977601539,-363304128,43835696,88274
1920901106,-1478270297,-1008356770,1470473658,774099229,184131209,-207913997,-1724217757,-1868367387,88275
-1058192229,-508807811,-1273337552,-504429249,-1223145332,1786540716,-1600686740,-1572619829,1983154638,88276
1410527864,-1197303837,1307365843,-1970469819,-762609170,494225188,645817483,-9767848,560350646,88277
695900694,1008713862,-202615890,112575346,527374378,488853157,-218786543,633209170,-374485226,88278
217394884,-1048328504,896740772,-1640716771,-467254346,-2063300070,481899532,-1070899195,1318606864,88279
531319370,-434449030,765749825,1584586603,901601208,-723062675,-512886057,-1964316776,-1171150677,88280
1407060366,-898153931,-1962984053,-1727178505,-174802851,599925354,-1920037617,-2046355906,1658452794,88281
161301836,-916742685,284575300,1496527843,105336812,-565668304,-269975179,267980884,-1202083842,88282
-1802316524,1925266628,-219268822,-1397797016,-1539765161,1690393515,-1089834740,1588820691,-98792958,88283
1673527220,153944722,1806030772,712912962,189529537,-1330318283,393652694,1602608612,-758559047,88284
-1860434262,1134619378,1446798373,-998681911,-547276385,1318562114,941991086,1605234078,-230545375,88285
-1902258371,-1375240401,1512903557,2930748,900327725,55825939,-1666692508,-2140916497,-1040059731,88286
1239892105,-551536289,-2110287638,-1389446295,1056812657,-337323148,2059889132,776173085,-106204292,88287
1712131115,479899497,-366088643,1879434698,108231875,2011832931,-201890302,-1250901889,249446653,88288
371151704,427368440,-294898982,-145261575,-1637874648,2069880385,1052354776,475903736,-1700652828,88289
-198209991,409971176,-60020493,760169058,771647416,262357620,947032825,1680493496,261151592,88290
-1735197177,1036500735,36812558,2087422749,1022968573,-151579960,-29746740,-697797887,1332573528,88291
-968911452,1063457323,-897377047,-1225097487,295342889,-743770645,605958195,-2075542872,1790583501,88292
-1579076729,-673764067,-1051468395,-167105647,1779495996,-494151622,1849914366,-843262785,690980868,88293
-744309586,752150348,-212516178,1526982005,517717219,-2004603484,-1446625402,1005650310,-1913152604,88294
429842660,-1968677505,-710293024,-1375100573,-351097479,-1725875863,-1187619503,705872244,-1525762150,88295
1005173975,-1789799033,1026517010,1685726270,-197622970,952928501,1811814884,-1737118863,-94294362,88296
613802729,1699543890,-1509075178,1756411943,-448472230,1520741634,-558049013,-281131828,-457708915,88297
1135567127,792474589,-829593819,-871304792,-37707289,2025378336,126506829,1729333130,1807622857,88298
-865276910,265232260,1604609525,-2147328945,621589914,660950664,1667562452,-1710634724,-726828332,88299
516458980,1895051402,798168972,-445083722,-288839971,542169925,-1544895691,-1611752500,1343555233,88300
-98555263,-548373188,2009184507,1662773036,-2080975350,2049590086,768148705,1427638012,1368403656,88301
-1556910815,771370718,549287608,-383969314,1252061855,465249074,1554356667,1671474881,-1793855520,88302
-1596326419,-292451326,1389090140,534242352,-852679711,-2020877596,-2032476425,853442968,287081538,88303
-1283057037,535452446,78071354,910904726,1331671679,-1414518892,1737818391,335271139,1230256785,88304
576616307,1182216151,461492756,-1647399333,1232830396,-179318018,124545197,-703986923,555899386,88305
1316115601,-871825397,-266220605,-289573451,1604045701,1708552510,1440676997,2140343435,-123655208,88306
-1322951539,98605354,-1952302607,-884070347,-308574852,1185161022,387549467,-1316200207,216106373,88307
876757606,1863589700,-428836343,-240053219,314238780,-1844210743,-550504433,-1942051141,-1269077285,88308
-300049219,-1293399434,-545936381,1792574774,-1787426963,1089186691,-1021455286,266652248,1005180299,88309
282135514,465133135,-1848954072,1278021935,58480013,-1414357054,1000128387,-1728965673,-489408338,88310
-538602889,-634543731,-1823373343,-1570488842,-1784050935,-811230637,-425140629,-173848135,-779560114,88311
2089996604,646861556,-359919287,1004755736,-1572323742,-551409113,1855491922,-771984601,-1332799008,88312
1328863070,-317662700,-959252721,-1694584597,-1875787824,-1087103763,625437900,-1006357959,-823639003,88313
-562791258,-561919587,1034609503,295067720,1873617448,-1749271585,658408108,2098539136,1774720664,88314
-1355318277,-1812089580,-344684204,-2107565349,-1132895409,78392821,592896663,-1125490745,1680153374,88315
-290412823,1574436471,-533822193,-697677789,1286368152,-1473560202,-2012335407,892562178,-1155422000,88316
588185999,133672927,997352933,766017425,1374978475,-1411818062,-778538251,-10930668,1904950992,88317
1403511329,125736090,1964625526,665959326,-952050379,227206157,74155064,1944429121,-1486801445,88318
1451870500,410827900,-1566570164,-1953524582,2106134856,-1024299988,-1108397134,-2112145034,-40688398,88319
-1495678415,-504982867,645798823,-1510061765,1627005173,170939764,701354387,1542556733,2044970320,88320
1663198156,-857476479,1968150220,-1492713068,-455485344,-1245157225,-1813481226,-914772101,1010239537,88321
1567627007,719373233,-1258104548,-2019026606,-119495344,-1107278188,-148201896,541945366,-1251326330,88322
-892747467,807966515,921048033,-377693655,-1742170884,1077246087,-840610958,1791126442,913429615,88323
1890860757,1397248137,1663478329,-1515310077,-765265467,299236928,-2101657334,157184604,-793466333,88324
2140870878,-1411742354,1674044836,-230002488,1555402536,555368460,1927881184,-138572843,939287874,88325
703997735,-11210920,-517810557,-891588233,498132857,-144499405,1024688073,-1446129252,-353881994,88326
714477721,-1932361923,2130760879,-895447694,588889004,-1965031997,64768375,1038404855,1028611663,88327
-1168368794,-992526551,-2024616236,-2070993404,1847778255,98501363,-716363841,-413192911,-19953335,88328
1504794546,-1290476850,-1514243221,-1258233908,292671182,796382722,-420099828,1770906731,45838265,88329
-1375150871,-608328566,-1099851549,-829877731,819945795,-1579349372,-1054816866,-158703170,1057321758,88330
-2075623621,477810855,612841583,1887486574,-1964085084,-450899721,889799620,-1972802321,1240721077,88331
1697039628,2068282147,-1264273998,1352512282,2037602934,-1683287966,-90367401,-1339733493,-125695394,88332
1261563100,881897639,2124321869,-771895777,475768001,2119130755,-836556100,-1684063881,-1131891080,88333
1825176543,-743439949,1538031496,-383146128,-1295904513,-950798249,1917532675,1684560170,-1425843041,88334
-2012327133,-1704764417,-1478680645,-2112470057,2101967262,-2108931005,268220708,-808274463,1634001304,88335
-1331421254,326103468,1577906210,1672106187,-123032060,-700669553,-135999960,-208506682,1861796621,88336
-1816244192,-1702476651,-453096001,-1265693705,1098065399,1357818120,919830377,-1443325309,2006901990,88337
-1180257433,-336769093,-100588763,646192722,1289475934,1873637013,1732720756,1713591974,1843684484,88338
1798035997,1814516224,1631528287,1742228010,-388585117,-619142731,2086571664,206833085,1825017293,88339
298993672,-577921995,-1698297004,1171755727,-1539492928,-1337833398,2145062084,1022107216,-58273994,88340
-763113641,-593588001,932463778,1686269170,-965915833,1964461496,-1772763486,611752862,556743896,88341
-2023466766,1505935487,373508994,-798999317,-646009233,-509987343,1755259231,1578108896,1377294287,88342
2133986846,-364120396,-589842008,-1972374542,-760460342,-1933444020,-482630180,-331780770,-1059458017,88343
787137215,1866589244,1888815805,1082098359,396878879,-1181929116,-448731786,429135744,1333762693,88344
-977828229,851886736,-62872525,-1136314567,-204209842,-951294968,1592085467,-1550263924,630879882,88345
1524733714,-374807838,1774832761,1238318979,-1775300077,-1794242454,-224484372,-74930147,-1131812112,88346
-962907728,-1204741605,-479193160,-1063564371,74778239,194578370,-686154586,2082084955,602750220,88347
-1510029235,-1970087731,-553477045,67144041,-1036560871,1179412194,1065916619,336345255,383785221,88348
2122350956,-2030013014,-526909430,543651630,643505277,828388898,-477368550,-1115434899,-1608848123,88349
-1970907392,-1574759925,-1873142907,1030240351,-1854139368,-1837836698,967622592,721992889,1800220223,88350
-853146220,622742614,1096778436,-725059304,544058992,1957506404,-1564513922,-280574994,1901320995,88351
214506176,2014583926,804632854,564183025,-568792955,-642639767,391657804,2139317319,-1458191665,88352
-1186538540,-140288442,306901099,-1772490379,777994464,642382917,-1632141501,788299133,-258927139,88353
530085123,-530985873,-319909920,-1304279215,1832908296,-180132455,-1203454123,1812665484,409716980,88354
1343723966,491625107,13084400,-51357543,447149443,617404865,1340472858,97236471,-715685845,88355
-186329251,286128031,-1849170228,2112839732,1477882678,596445980,315858772,-341192131,-2062473501,88356
-433852051,217965237,1610253194,38268481,-906950769,-773800241,1095623462,924689749,2134144132,88357
579080906,-283883208,-1589435601,2084517648,-830174620,-1846810748,647084858,2140847691,945780701,88358
1054656841,-353793268,-916408379,-1308428091,1289316824,598584699,-643988577,-356191920,-191571347,88359
-676534564,1091874229,1861516987,1334255655,821065198,-1257269976,1394954703,2073115506,-1808047158,88360
-269465814,-821944616,-927390378,907269774,1810066046,1056393138,-65845151,-32179817,880353900,88361
-1039506083,-1590087590,382271578,-2390982,250575196,-1873430091,-1736300750,-1835508963,-2039260622,88362
343519832,-1771607375,1352148198,-672574651,157670950,569962771,-1654882568,302813092,1641523025,88363
-1296683989,1124274273,-501685113,154204429,210038414,22115915,504790423,541216308,-738743903,88364
1899886800,-612057794,-1421331174,-1729853508,87471110,632442355,1155546658,-1154667470,1359530679,88365
-1198609289,-1768055064,-301575479,-348307620,431943470,-672194232,-30484131,-451489554,1937242698,88366
-1327628765,-1940889104,979085416,-1275232162,-450303642,-344424569,109777028,-356707896,-747590906,88367
719202450,1192787145,-1472442513,-1974120121,762971431,9690232,2114801831,1336069382,1228995512,88368
1716797167,1905765907,783809938,309132721,-1785929744,-952001436,-1756464705,-1750999279,152855511,88369
-1066371850,748879753,1454998225,1021259657,1073341117,-2127153001,-316455465,-1742305948,-584868114,88370
-997237615,-529945938,-1753780497,-2041839859,-1808710059,1569888527,1094168270,-187002861,214350178,88371
-679090223,1823488333,873436387,-1611410472,-713404151,-353003010,-1087235521,2082553751,-1759690262,88372
414286580,-1013163148,1480592222,752448538,70822109,1267810032,-1417985863,335994933,-862223389,88373
2010804149,-612191712,1753443215,1289120866,-649821969,635525393,-2009283575,486639530,-1937960507,88374
240916080,-592396341,800750165,-721515038,-466670,-585211891,-904499750,-391029714,2134581567,88375
-615606159,1707353881,1520594920,-1875936981,-1814781911,221460273,-390677904,-1032621994,1883050465,88376
-1159666076,667898298,-392761884,2032166076,-869822040,-626646384,-406521800,625070375,-1541262300,88377
241041599,964198062,-765526466,1109123712,180099310,556256852,-1588291788,401871568,-1006330120,88378
24723894,2021767506,2133177876,-1533431168,-1998001863,286663508,-2056458872,1159188332,1319316131,88379
813368148,-1925567567,618830672,-703470361,-1348626928,-42531106,987360694,-163547419,1614500412,88380
1874658954,-1986624158,-1725524208,235215406,985599222,1634296473,-1728355970,-868831048,1146295157,88381
-1258876271,-962344366,2063831728,2055297896,1942119651,391014301,613308812,1655272142,-631799894,88382
1150286696,1903765115,-1133721851,-249811111,1884546527,1356297212,-1524818111,-1313928017,781614794,88383
-1667173335,-907378077,2123155161,2119063574,932896075,-38799967,-1512554061,-1620031269,1847531680,88384
614094744,-1453973626,1888992975,581921640,1169110351,-1565602140,-1961846647,-943943644,-1808557510,88385
1072989297,801206334,469375523,620963950,157313829,125100483,-246361911,-173869596,-2145890598,88386
871159385,-1791865261,-549477495,1072682387,456483735,452106806,-1927628515,-784263745,-1164099936,88387
-884476730,1012030410,-8584000,1048677151,-471058487,318884615,1620107266,1565653626,848302450,88388
-2076916948,-2016195287,-1836966354,-432791978,723146676,-438649506,1295683063,-710138230,-160581194,88389
1432418098,-2122289796,-1829454821,1951193397,-1400533999,-702535462,-567316692,912324464,818588608,88390
-378257354,-1988028226,1802453783,1379036284,922582794,377702056,2131185186,-1923615748,-434820694,88391
-407444434,1190693242,-1590321907,1613232216,-445635398,1729645997,2083199551,1797482125,2011175359,88392
-1065953845,1929178553,-897372177,1316561345,-1253174860,-842278296,-1702517082,-618939375,-1943649987,88393
819726089,-1727715449,-1786264811,-253898605,1190168333,1372943743,-1520856543,653492454,-1526603211,88394
-1730918851,55525717,113115573,-793092677,-1208527496,-308358841,-1703977220,-1156716700,502548512,88395
1074654459,193079579,475462754,-808394224,-353361984,-127927674,-746485790,1904615807,-495968796,88396
-15719738,-185094287,1126005855,-331629055,-1496752683,1909601735,-39953344,1606204353,2062184798,88397
-1882631439,-1872511190,-1819162809,-58327258,1471990706,-118389304,578670883,677177675,1752452801,88398
-1334305918,621443433,1147011624,-203364330,536125661,-759572368,1264640295,1241081262,-404682093,88399
554129485,-901016126,495312453,1855282808,1772529179,1723705088,77802617,2036429940,727005213,88400
1424555495,283287889,2017288005,2040250241,2038376916,-379766992,289670717,-1442033601,1209413787,88401
-1371391767,-806064980,-2123671836,1712562948,-1328170465,-1939408530,226246128,-1717782942,-839451510,88402
1735969321,-1937187441,1308789540,-2104895742,-1513009447,-1163062997,1156106746,1557918151,-445160238,88403
-1110431344,-929909804,236037005,1347348801,1483275516,1644890966,-1092458356,26576044,-520584017,88404
710624101,1269905784,1089245369,-261722133,1032405176,216154437,-584249010,1036049130,1600168433,88405
-1892525736,1849840861,-795532980,-364394178,305656875,993297660,668147520,290832722,1328092616,88406
1512893982,-1154601321,-1802264216,825476236,1998258123,-1926522764,-110455105,-162196148,886402847,88407
471725671,46570613,-1691476737,1847544355,824229796,426945316,313802800,-2014082771,1384615056,88408
-245134141,1510014911,-2069724016,-1164700144,-141404562,-1569346381,-1497778094,1565951163,-574192424,88409
1170583981,167933003,-787204570,-1044764523,61972714,1499084231,-1921788826,-704218346,-1346602779,88410
-131849887,792595461,-435907341,1866487312,1110316198,574066651,-256483978,-156185710,-269243040,88411
484969069,-1336154976,-1199970430,131419200,51692401,-442087786,2084699415,-1517397529,1975130139,88412
815233589,-311435452,-573376210,-773980270,-1018810720,1078427201,471206215,-960103436,1309101030,88413
2138492066,984730378,-265399665,-1655364074,-681046860,428173080,401848244,242501992,939379491,88414
23507863,337062236,492536423,898734955,-1512671439,1543963755,-861632898,-1137117592,-246340702,88415
-301456298,-1455494528,192633740,1775925855,492896031,-213656721,-1132715695,-1629254142,4876497,88416
607973681,-871217833,1770363266,-942963609,2083988056,2006324214,1215048496,-901330144,-236903821,88417
-343310830,-1916115922,1857991510,54411464,1537343509,-1048062442,-2065014109,2084416953,-1018292130,88418
1300359022,-2067942001,-1127368711,-1905405112,1195437664,-1952996389,-1009273209,81557274,821548051,88419
1676532248,-330329209,-626516108,-1734700032,1896279439,-1749007517,-1384030445,18154134,-1430549867,88420
-964242433,1041937765,1936743701,1051543112,-800109695,415937337,146840579,1470561825,-548705160,88421
-370331409,-528593637,-911565414,1119183263,-1827734157,-1350631467,1526033390,44454800,-202790785,88422
1864018877,-1475190787,-54735962,773252544,789697547,-1659593701,-724758863,-1260729675,360698127,88423
-588863860,1404453062,-1394120673,1263338930,-1774663984,35896541,272824246,1455396914,-114091089,88424
-2078393780,152471641,1033389918,902075583,-857406329,1155992898,1572887247,-861822941,-1207785974,88425
-497090926,1666121766,856299951,-2069870916,1439021022,-160150386,-2028443778,1200279137,-1919363090,88426
1408359236,1992259918,-1135873909,1596460035,-1056388360,1270094275,1708036102,-1936732794,923425558,88427
-1419596356,-1001470837,24694031,-306917327,-1149230861,-849482843,1924222764,547699019,-1376500463,88428
-893492292,1877822030,1899739720,-1213529308,-776390714,207396977,-1717756345,1531874987,2111704296,88429
1321426181,-84187655,-2044600771,206459250,-59135561,-667873890,725627216,-1388565012,1033606898,88430
585308552,48954294,-1532564076,-2133700259,-1701459787,-507695380,132737349,1389623518,-1063116379,88431
-93614074,-665601900,1953918670,-1434480683,1208067113,1449154511,-722852808,-351619419,-433792945,88432
-225264894,-1852699903,1514527638,1008052020,-232248419,-243480295,171227142,992018667,-1405540946,88433
-1463110939,-1506109832,-39393204,1569983017,1130237790,1652369184,-1662913948,1809657768,-169809021,88434
714778105,946498313,140551815,1553907710,-1871182756,-1172728638,1443006604,-171700605,-1192969939,88435
859959214,1690268251,1340661905,-1307896745,1923634423,-939580770,-1437328717,-1412867187,-1975273092,88436
1297049182,1965867547,987582610,-48941190,-1217765600,-369908724,1085526281,-1366917292,1363272429,88437
399403088,-1050563293,1447310548,1913138134,-1283753645,-1558821170,-1175819972,1364167283,-1040341591,88438
38315839,-633236536,903367641,-747777102,-488174106,-1673531520,741770247,-1612486298,-1442970137,88439
1095306126,1037044558,-1138890822,-850382928,-240097137,-839177720,794164262,-773960050,1554497381,88440
1008465832,1282845192,1268220399,1486036428,-519435498,1297228713,-1096161575,2009477779,1846557600,88441
-39789401,759774869,1536005548,201819852,2057925884,-1449569440,1698175891,1299198015,-128532739,88442
888884240,757032500,-288744850,541744117,-1579592217,-1534967238,1522786838,1815357504,-17063757,88443
1357602329,2086208104,843546961,-1665177135,360977361,-268946184,-1429879314,-904837049,536193659,88444
360860117,479626924,-875388081,704029960,1594390775,-854918663,-821643423,-1724367587,-1701823270,88445
-546065536,-774822082,419609648,2124534084,-927852993,-1493043493,1143228182,1048963027,306448860,88446
-901996495,-326105038,-374964085,1808132359,912392336,1233159506,-664128164,153329034,1662163071,88447
-1758208731,1309455695,2115054017,163086603,-1776559910,836912262,-817865320,387545790,-1036107683,88448
452520356,1232852857,1584333447,649669627,-1510582093,495805575,-2143375161,-2054181648,1161281227,88449
157048172,542239559,-187243146,2101198985,817096484,1564903374,552319999,502574187,-5748676,88450
1537762870,-182397854,-1262782939,-1348101968,78878275,-148897453,2077510052,-396178111,-1756583524,88451
-648041069,377198258,-409061363,1788485747,-2074298792,-912540308,-1189700449,-274728328,-616867146,88452
1573979934,1864627713,1152958589,-53668187,214269669,507842012,705998741,1481062551,-849839299,88453
482864940,-978024884,-1905838961,-558769728,427515539,945785429,1493078185,1877109857,-1773949957,88454
483591561,-28674274,-944874508,-188518771,1411596291,-671188474,2136228499,-867389910,1527430006,88455
71381363,-522677454,261917006,2118219412,1682374714,-521771764,299768110,-148187151,1736526169,88456
-1506601171,1717541984,-1394328904,985714612,-17392137,-1798010011,1489696166,-2115144632,-252915794,88457
-594798965,485718086,-45192254,1078272133,-1126806803,-2096522702,-1574464370,76376406,-1953699109,88458
543710567,363976415,-1850156144,358489131,-747251648,-734743286,-1785708974,-1253732037,329957716,88459
-1062711845,-131803655,-896532815,-1019262761,-1479031109,322434923,1747663097,-1976313154,590412516,88460
-1414452638,1933893224,844185119,-1593689896,450547023,-1485188180,-1647986467,825091757,-1207927155,88461
-2132911909,-2113552410,131920761,-1158858529,-1502421284,393998889,-1417745262,-1607392561,-931468724,88462
-566168689,1113774255,543855847,-889823431,1778942042,-1364394814,-916267207,-464898927,-1650232226,88463
3706401,192492084,-761651030,1974232467,417823806,-485475042,-2066241614,1848323379,-468926775,88464
-1396797971,1450513479,988941182,-1627233881,874618138,1494546075,-1561786876,-1760012435,-1910324059,88465
1359941666,1703436619,1513546967,724659370,-1836358867,-1973601177,581268997,-108366811,-522770234,88466
-1251450809,483989661,926730971,-1661903634,18774480,81601000,227109507,614668386,672860714,88467
1057226333,-2055873949,177166716,-709735605,-2132102408,1996201583,-1409020454,-881140389,1035475914,88468
-354795725,-854594850,966840351,-2026540645,-1184522749,552581647,133615052,75377437,649471620,88469
481979742,764110719,-937778796,248984731,606726183,737964007,1218088641,-861948847,2062399399,88470
-312115938,773285326,1471904361,-1247404454,258645983,68429186,-727560611,-1899027060,-1123296258,88471
1656948904,-224712022,1429666398,349403460,-1947265142,-744557217,1371007868,180448426,511864948,88472
-419832296,-1818881582,-1300378344,-804926079,-342775599,-79395796,1383809635,317558869,-574008777,88473
-750468472,-193693249,371580894,983385995,1388962275,1194455457,1840583759,1395379890,475250286,88474
1002339459,1004386680,-1056355567,1574603367,230488114,2049602813,1277398628,1640178507,-172576522,88475
1331578261,-205430510,811626901,2081442437,1678790586,1387522565,-158262473,1215175053,-1217014673,88476
664096944,580957392,-1961169940,-938628657,-710197021,1269625076,-813998030,1998941401,1874833373,88477
1289236139,-1759465976,1722116113,-1587159961,-1888774752,-1970229717,-1825196134,-400739984,2094277539,88478
-1696110862,1651359438,-1639566043,-897393293,702967237,-328658293,1326591828,1659873855,278153838,88479
546714116,2010833690,754389140,-53871094,732509472,-818614494,-550244519,-649986997,-165472316,88480
-117839628,-1849271245,-1492595827,1878457862,1411021038,-1169887131,-1952564701,664300754,-597510324,88481
-157690800,539496262,33840892,-638741389,-465893646,296760496,-109488496,970439141,2109674198,88482
1971532083,-1303010609,1320942832,2062499072,158893659,-97936726,-1415538442,1823131474,-1955450950,88483
-904860397,-335662505,1921786897,-1277849979,-1529617236,1142589076,-2116380224,-774467863,-1298171815,88484
-1689504804,-1251813235,1758513700,1099557617,304086394,-34633249,-441193436,-1198884498,-766742858,88485
-299958399,1170322763,-505632875,-479689621,1391826451,-248278308,-320752097,1894443079,1755175023,88486
-966488618,-332794645,-1287443829,-429230288,584777800,430638589,-2101329590,1662979023,-1441586558,88487
-9615704,787947434,-1044359121,573397997,-1947999242,1173655780,-3815699,-2017805003,1794000446,88488
1193444250,103373851,-296900298,-967683751,2069137127,1173090397,-1377557367,-1430785949,411247087,88489
-1771788567,-1432418713,-155816843,1230544870,-1309275872,360732918,-1380068451,-1479082026,380460080,88490
1751827314,-2063245921,1967382549,1260009026,-941860285,-2104017070,2128714451,-437734268,116029462,88491
301851925,1402122685,1899388710,-2013648616,443081062,354804370,1808734182,-1976402815,783594516,88492
1937313848,1365078544,1025099023,-1352597619,1543662297,-568335104,1606039703,330010756,1850959663,88493
1500237400,-1939365368,-2061321966,-893865537,-901067004,1589086095,-713509058,-1444059717,-1923724125,88494
2043158863,1306633665,661115940,-742260108,-1642762975,1193598020,1494210903,435355425,-977864588,88495
1176952252,1367341636,-1346634429,2110621753,-390413676,1978464028,-1719509390,450897305,60288400,88496
1089339943,769834351,-626092942,1312056525,486904108,-2016579480,133023549,1736903204,-17017949,88497
-2146363195,675504721,-2098477258,175557432,1294030069,2118253580,1306902404,480993435,-1238303047,88498
716881521,1656406488,276730457,-1521765893,-1421433961,-1664322014,2101147881,-1352584839,1284277091,88499
-1394782513,-604586620,1686745604,-1400166129,26302431,1320022566,1593352066,-279479580,2045269459,88500
1794702891,681132606,-586459492,-273455960,411620678,-312004972,1365745700,-34765969,115044956,88501
-469702757,-106010992,-1819623880,103032767,1041527822,-1434127732,1715147195,43205261,-1527783443,88502
167230149,-1758673106,-236608598,2112576278,1381190863,1760897445,-496388428,-2104364332,89510544,88503
932949572,-1879078488,166044816,-1505197291,-1669229163,855845656,984551815,-638241344,1986027126,88504
1927183632,1173946733,349134564,1041617872,378832982,-892959334,831743768,-1945982819,1009322011,88505
1688127154,1202999627,1556014595,978815376,2120846600,633549984,-1003559531,2114034148,86796368,88506
116009084,-847485621,533686597,212244543,303529315,2097001094,1947242144,1971990395,1971614069,88507
-981291666,-845423334,-2006274117,159496286,-2116900836,1027869643,2027909637,-783634940,200602171,88508
-1246190121,-536178057,10156440,1435259514,-1616537034,1610430432,1757722867,1588888606,-670038108,88509
1049385748,-72208696,-1224500230,-113152673,-687677145,219527297,1176390401,1127715393,-332232619,88510
1276216252,-2102336978,-1726186655,-994252064,814152930,-355056565,-2059830549,-1216029949,-1631027338,88511
1258048320,872900334,-222787834,-921569411,1098831832,-1903335259,1736711297,1977188816,1585983175,88512
-181344434,-1588003665,-796666898,-459585414,-2050840236,1439690122,1608251140,501940077,1276068909,88513
1129599049,-1657331457,-1421087287,525707106,160813223,-1569538663,1203244173,956706485,-1847453824,88514
1851185143,-1241488098,977263137,683466233,-114065683,59703642,-1335054430,1703246304,-1551993049,88515
-430407649,-776574804,1415925533,1840598886,1800581512,1930085214,1655094160,46539740,-1072225417,88516
-422043890,-1986079908,881776852,-1742602180,-1681643961,686114805,1472982034,637923053,-150731283,88517
-816148441,1733459917,1056047720,-31467967,-1170294626,-1127899189,-1788208009,141491727,-893870497,88518
1923592621,-1223246233,-1315838930,-1674359992,-1860915614,-1616986678,387904117,1481220083,636809082,88519
-1527049132,2058647384,-277625397,-127827622,933142406,1773410092,-663221703,1948841523,-752978481,88520
-796605275,642047379,-1126462618,1948605709,-1081598402,62669267,-2025314353,1219559651,-232082903,88521
442143290,-2031440927,89229535,-2043911760,632266847,-1998587350,853910248,1308091732,1715655028,88522
848182963,1544474415,1810164361,1169111853,-115239812,100033617,-1281889899,-1580906941,-1149182796,88523
1292204256,536678020,1227524909,-318224301,72384992,-593582693,699001430,-757089265,-969682328,88524
-1263952281,-1039665030,-675787242,1788230908,1876848751,-1769361106,1284242656,-1890587867,129737676,88525
-542176805,-1610520947,273366425,1926886009,-1856362925,-1970095222,-840324451,1256971475,521286271,88526
-746769578,1115820766,-11851831,1265792793,578185570,-1950271377,1437941982,142013755,-9890530,88527
865706850,2112128742,-1094018335,-1105589090,843111497,-1377822868,2007108580,488584047,-2051245766,88528
-584792602,684363703,-1078702712,-501770589,398317420,653422843,1617348990,1500590618,-2035231264,88529
-2101926758,674612652,907421185,-1298723704,395624622,8451025,1810388482,-1566044474,1817626936,88530
-135903542,-575897988,-1092290329,2005891790,-746641143,-1016561838,1238353837,2008261996,-334178401,88531
1507495251,1184914693,-711325036,-834058730,-1993510086,1039788089,84094275,639777046,949665083,88532
1628857718,283860557,-593769865,277983784,777789902,-797660323,1914828910,256348234,-204726421,88533
2012982002,-558177392,-55752787,-583177327,-978495688,1508329350,-272030535,-1459814485,807191083,88534
-1975101558,-2011820498,991629322,-481872943,932899183,-488368722,2061576386,-1490925326,-1577783888,88535
647791921,-543582700,937355970,2143035831,-93953588,-1849928103,-805257981,-148368389,-1095240119,88536
1165312535,761915986,1570539653,1727504912,586358782,1561771551,552219326,-1100850818,755709414,88537
734629937,1874754593,1745020925,1212785670,-1478382146,-1521461588,1340920911,1945308767,826494337,88538
1984930514,-795760696,1536347549,1419647521,-302232621,-2107105810,-1244683993,-423325213,-2104393198,88539
-388914225,-2096733558,-1040062661,2094678760,994456814,-57400216,1926395774,84644696,-1498592071,88540
-315743647,637115485,724353181,1202712527,1592888743,-1521265103,1476819929,1488505903,1531333612,88541
1453792297,-1132799047,-1499455011,137451653,-922587569,1528227474,-1319290017,1344905120,-48098438,88542
-1117271092,339759454,-819028055,-67982935,382910287,1596912652,-157382716,-549943325,185314797,88543
51457718,1705595462,1663828496,-1730517103,1304709074,-1818883525,-660771794,910359950,320253983,88544
-1670123199,-1558667248,-1258519187,-1562081354,696391365,-1997719556,-1939372013,2041193230,-1359068647,88545
-480979446,-1216225743,298061875,-2036877829,-1583864583,-408599728,651941656,1645719711,-165209226,88546
199070818,-169884284,-487375169,-277181364,-490142314,426936955,-1230117027,357382014,1507941257,88547
1952327279,1282937544,1240844604,-1653029879,1173255818,31199383,-946131112,-982177640,1998135091,88548
-278294332,-1346621192,1288004262,-1023081114,944251478,1207793968,-915307067,-566718364,150908331,88549
-1236305023,-1569477786,-1078497947,-57364891,1892715563,1132929051,-424938766,-27789812,-1308292832,88550
1289482184,1022676513,-1812571706,322921280,-92961754,1014147970,-215926916,-42905398,379001466,88551
1838485841,-2092452475,217373894,-797907277,-1883082026,510599847,-88363775,2021983697,67941920,88552
-611515643,7194120,43307607,1307942882,-849539927,1448123445,887449606,-2091447767,514477352,88553
-1376813190,1486966321,1134346218,-9346256,-2015776878,-1321249166,1403893418,688512316,1906933426,88554
1988869176,-666413627,374542638,-1697547932,1316505881,1049677373,-465751476,-503552185,1647574243,88555
80546940,610032021,-113187599,-1325545897,717687852,2072274307,371543712,-2035343022,-1631541018,88556
-1571271769,-310159839,-1582599695,1127343823,-2018216413,599078539,125170351,-1677127114,-1952998953,88557
-1924050089,-1515326769,-425854877,-84482987,-430327090,876711190,1519973360,-2068719058,118941453,88558
-1359092216,2075414541,1298573932,-1590669204,102079266,2085468823,-439924651,1424755979,1499264648,88559
2097301807,-270708251,-214768002,625485510,1762154538,640791379,115571035,970005074,1347263190,88560
-1035696991,2044092916,1431223269,-1910953022,-399245042,1682176267,2133808013,-213787183,216327295,88561
-542356414,731707596,-1903021270,1386124130,-991292383,-534227515,2026748856,1501894143,913457874,88562
-1693608471,1734278635,793468665,-564197242,778549360,1550229221,-654729942,879754176,-760886686,88563
-1208807510,-753295126,-210238014,-1050127444,-1403736540,2056498764,701367771,1939064881,-584913773,88564
-935715021,2143226292,1619333779,946890269,-1350481770,-1412504078,2048088418,1506950949,-1813854403,88565
-987964318,1443870818,1552822839,1652114277,-770927617,881393873,1062961984,695673768,1270544860,88566
751798455,528429016,936768183,1107274466,66903321,-1896699681,740058734,-11257209,-1415724060,88567
-1901980136,1390804061,-1633370996,1719032363,976975922,-563025029,-1781113875,1162617666,-1659133721,88568
785147242,656486209,229127217,-1167217257,468983563,1927470979,-1924503894,1937011764,128202634,88569
737188481,-175648,139778104,-1673501079,594985538,983624183,-278889286,-270256737,-518890916,88570
-856841057,-527571746,-1263530407,1925194583,1239015224,344100323,428432,154153599,1951885901,88571
-1466630858,571068845,-17262928,325564569,-943348853,780228504,-2122312217,-1917655702,158030556,88572
1990032370,154815591,1957423060,-1467712781,-1819013437,-440660143,1852121631,-1305085629,98285430,88573
-865393747,136163002,-480046694,734843609,1495334180,1922697275,1665063022,-1354471382,456109163,88574
-759385807,1768123961,-103370741,-1160859765,-813305981,-1791169039,-921643952,-2101031597,-598130847,88575
-2078706285,610290270,-225281889,1526459800,-1855385198,1475306322,-1832859287,1381581644,1779472142,88576
-1869536454,1468817773,1996844066,1848381585,1261034843,-1394433863,1886622915,1085931269,-1255974802,88577
-643028502,-815638455,1140696043,-1272893992,152309071,787778362,766211621,-289736840,-1488472492,88578
-757029824,448245407,-1984864637,34546171,1710794566,1122011922,-968726889,480998480,-1847894149,88579
526976330,1761148095,197956164,-2102769765,-223064827,1877019881,-54991092,420392410,1041429967,88580
1370259343,156294547,-1461938055,1108658662,1011917372,-890675277,1197803810,-1299541284,-758678616,88581
1747267743,1328793917,1667210828,-1938104831,-837695140,1420519764,732575148,760669056,-520566571,88582
-983350665,814200145,-49593505,680902032,-231564777,2049703308,470926593,1661814168,1883667454,88583
383644305,67442809,-1876851862,239843951,1672362868,-56791175,-1866483511,1384674962,1475617645,88584
650798460,-1196609352,590004008,974085278,-1904024733,178026170,-130838812,60752085,-1674925968,88585
-496490589,1488695028,496445049,722773477,-1930050060,479504696,752425430,-743834258,-1879098502,88586
131908998,301954282,-158847498,1931508173,-1019998397,-2130925655,-812697915,-1908262520,-172161408,88587
2079350401,40621130,-1591167211,-1653659148,1880670931,1482717154,-1961894764,1638335738,1890072178,88588
-1431023096,1122410352,2077369591,-153608327,888306413,-1546721433,764310676,-1303246157,343959777,88589
-1158640313,-1955711156,-720433631,223790316,822970353,403787017,1396170442,-755144706,-1049824113,88590
-220894303,-1270241722,491810124,-119996593,746182505,1969849846,404493434,-214450380,-1139283475,88591
-1104283974,705223092,246464529,549188448,-2059491446,-2061928924,-1295542288,-1259554758,460003350,88592
187318203,-794692470,-66200384,1975072855,588953074,1003342345,-2026094545,336415102,1127396444,88593
481592631,1934541028,1282455370,-2022690504,1991482911,469667343,1280751179,-2022915370,-1764237168,88594
-1954562143,1398444097,-1542865816,-1037216533,1586245952,638036205,1793349758,1572716471,-503131530,88595
311075740,-2006158281,-1289660525,536102301,1031664151,-1740954906,477754315,-402331725,-1495160696,88596
1840414950,-1665129926,1997399857,-1756596394,-62239046,570123265,-145073799,549522105,-935244907,88597
-868518901,141763523,2019757327,1399508543,-732460325,1831365433,-373914580,1154015689,-850686569,88598
-2053743129,-504936158,1103508788,1294318905,377863269,1408585688,596768175,1666419858,1062509604,88599
-1588051197,-1041021890,1543052203,15174658,-1796771191,82998062,-1306969577,-1194000502,1376049762,88600
1917293444,-305821675,-2097560950,-1177209121,331496088,-1493425957,1383576634,1631776047,1288472567,88601
-2109402415,-284929943,2111622484,990829920,1154474497,-1171529398,-1469254172,-1716142771,-504196149,88602
1111392275,74462791,1411985469,1071589702,132633787,1093610259,-1376057948,-1370105891,676911427,88603
1195195678,-1704898490,393333394,-970359015,527304242,-727216486,-1584347794,1243469117,-350474338,88604
1878258943,-1997318778,1267885991,-779293759,1800558437,758490959,1958241440,891586644,1682915732,88605
1815963386,271234686,2071257034,-1298505897,1170240357,-1649469993,-1716892433,-496828685,-839633569,88606
-264487929,919813071,1823132795,-969966934,-805466994,1298623673,1431606116,-1064342621,-436649072,88607
286949749,1462412732,-874374058,1083576361,2112166297,-1034664223,-147794915,1076496490,-1542902793,88608
1995556429,1408418436,417203772,1270657199,891756346,-1657429340,547158690,-878447664,137318757,88609
192204118,-1111438363,-20287170,1452673565,429180641,258279308,-1266362694,826443036,1887710678,88610
55275852,1167952148,1684318172,792238687,-1018430751,198907931,-993625792,2100420686,-211138660,88611
545084972,-1886378445,559201135,1959828385,1758557780,-1440284953,810771703,-103145419,-768310125,88612
-1255913012,-1899137635,1442738005,49506873,-907582142,-1331967072,902480231,-707588058,-925843535,88613
-57622734,1238447428,1101745037,-1181412534,1332462986,875082625,-1727546526,1659397167,87486781,88614
-5220556,-836959147,-1522015276,-788685073,-1849016655,528944440,65997087,1838833331,-1000098623,88615
1740165523,-140516339,-333990070,-1564863500,-790922551,952666790,-168303910,-375627328,1817859580,88616
-827498712,-1069989235,-1314343239,1973220359,-1173658311,-729568411,602028330,728663587,-2066340855,88617
1925032126,-2054568264,1565326841,1865334757,-1627289914,-162751082,649132299,851097430,1972852508,88618
1828703404,1490476126,769657115,197317366,1125808982,-1865015513,1584780326,-252708921,312075286,88619
970367187,-922169710,1738889914,935312669,-2034987154,-553295089,1284837497,1108726039,-1028113213,88620
-2142673463,620872158,-611147895,-1105172773,-778907198,1950773462,-659846065,-1357803988,-503643226,88621
-1325575511,365404527,-671934745,-792646867,589997731,230953972,-2095534735,806682105,-783380882,88622
948483366,938889457,-702981089,605035452,-1493868825,-1208423632,682203427,-977310855,55059027,88623
-2090036252,-1798280255,-1875646900,-554913877,-1291099499,1037325065,1004920728,-1024266913,-533001836,88624
2127725210,685311509,478620925,1884866291,1308736585,407033607,329635885,1559363987,39121715,88625
-375634999,1292796971,-1085321397,-1867891425,-1858486431,1592070182,450439710,1506611806,-177276317,88626
-607102443,645535984,701668580,-1490686492,556660119,802613144,-560720514,-1283506244,-1601835015,88627
713156537,-1480311684,944145364,92802248,1937031569,838904877,1358335392,-94467901,1715060623,88628
-668103545,-379503515,978947911,-1699187854,-485480744,1612197141,-1038311666,-2065330984,907085114,88629
-1010944420,-1730919933,2007563446,1930204681,-849866978,-1641736565,414129169,116418794,-804903507,88630
616002398,1327870898,803720526,-771674678,-2049247022,1693330732,1614583937,1027834276,-1868710454,88631
1120856351,379859883,-776991480,-287364374,1095039345,1388455156,1735659663,-978581127,522762106,88632
-917118054,-1990946442,-1044983973,-807686685,-864222843,585528146,-2107116925,-1862379497,1005741466,88633
-20557038,-2047892941,629893200,365141040,1767215388,-578191977,878345165,1868876958,2071286302,88634
-1122557769,-1807840407,-607971230,-1517149002,-662876205,-972150894,61276536,689817298,-1911661302,88635
-1205833466,1649825041,-1251308681,-891147068,124810166,1872471829,1866889252,-147060333,61565149,88636
441616075,1793888344,865880322,1109222487,-1444597693,88564153,-210365374,-1617263933,-181788559,88637
-1088762277,-1685537363,-1848042474,1358045453,1343361632,-443655544,-1244255658,-1600009779,1193673131,88638
-381127855,1810505632,-13934750,647631927,1445534898,-39462029,1327409407,-1508836818,2104583993,88639
-1069745487,329607249,454234724,-1040216133,-1012057583,440057426,170867692,789982590,-1922534437,88640
338373512,-637490175,-1829492332,1202908917,-62956023,-1748623662,2004295767,1294707588,-1649951264,88641
-895672203,1945451495,1632236711,1900310926,-41967592,-781287980,1769390099,87650293,-1104071946,88642
-1617711805,2029064159,-1450277743,-858008787,-1553777682,1956031453,-537974994,103586267,1501494517,88643
-67378593,477175009,-751551186,1150922322,-280244360,-2121652889,1267408347,611705203,-2144734904,88644
1895029575,1454451890,-1435613714,230011158,512691245,-459417702,1650037753,366551768,-29030170,88645
1294249984,1680353521,-1016740942,571829543,-1627596289,15227322,1824864064,1010442349,33152729,88646
1757233231,307254420,1183612933,-1036402138,-146043618,915406031,528812432,1838235622,-577018780,88647
1528477395,2020449102,-868710820,1795023468,-1123952923,365442155,1445669780,-966058330,779641849,88648
1457476535,1933624710,449809623,267061086,1675431601,-973359277,-1419427982,1901954133,1400333077,88649
713890810,958017046,1268445211,1733256303,-803344549,-150673192,-522335164,-1916030045,660021248,88650
-920863379,283291650,1477168442,1199445877,-966297056,-538901517,641152104,191385128,1972095514,88651
1544455255,160456237,-675533837,-1457613928,1799723301,971793651,-994156921,1089466482,-1549397422,88652
1983251700,1139761664,1929617452,-1689250350,-1024940232,748727983,1294290125,-399479154,-1279876505,88653
283808151,-495602440,1711955288,-754378435,-1306799642,-1413763530,-1819073964,-104795685,-371716762,88654
1774743989,-1973504088,-691526021,-447094378,37662424,-1279682394,1440810162,275095545,-913965979,88655
-148516528,-1483596263,153270197,602395320,-2087411762,-1050018859,-1647615438,-1192516460,1099192950,88656
199451849,-699625987,826567823,-1389421182,217409498,1073462681,-823169628,772666903,529051687,88657
-715496552,808143944,-217286833,-1945630127,658235297,-1698972446,-978550141,-2094602841,1557467733,88658
-1834525533,766494921,-1033633985,1096759761,1219166964,1648487708,-1597673407,-295830202,2065474216,88659
435192029,-1398482251,761778368,-1275686693,-523421558,167112795,-257043408,1971074426,1634411078,88660
-356759390,-154713136,-838894839,879536086,-1387955143,20651233,-416672426,-15889442,-656112196,88661
-1440511991,1729461900,-333966357,-138208151,1286643153,906372540,-2025959173,1387449573,424825632,88662
-590154683,1779911354,-588833196,-189790974,2094805527,-2125304462,-991798455,-1484478471,137547730,88663
-1798157354,-813453836,931052206,-209907577,785004537,1255436030,1446489710,-2005458320,-1995513957,88664
-1027282265,-84393611,673806229,1170613029,-274150355,-1113602383,615591337,263004786,625587765,88665
1171257722,-1740038832,-1741590728,1802960095,2082910128,1036560451,-1240116935,-616304072,519458522,88666
1612649498,-2021257553,-1042845145,-1820497153,703823135,-228124136,-820133383,1861607693,-199687979,88667
211153900,642684284,1314676194,784368382,-829706772,1882702496,-635728608,403192074,-1217677976,88668
-1429555150,-642248178,321164383,592545248,1985098397,-864965311,-633296936,-1444411402,277908138,88669
361927278,-1517475746,-1914122945,-2037282226,-864496263,-766518228,1844875932,-726609271,-1701276366,88670
663056025,-1283862368,-31990616,2033010555,867725494,399042817,-1655329412,-1820350086,1291794580,88671
291608470,483306136,1006137809,-1539420720,835867025,-946710644,2071842246,-1324992526,-1470933012,88672
2086457929,-179538263,-1397267096,912042520,-1784887314,66611274,1972837504,1919522681,-1179277893,88673
-1899473893,625356061,-2099720120,575601069,293323708,694590770,-1509958679,1330150897,848239940,88674
469313584,2067322367,-300357682,-1653057971,677026151,-1990029812,1644117958,1675239293,309894252,88675
-1201593344,-981888231,-1351744663,322105293,80927909,203813744,1176706413,1953070311,2117150672,88676
131254869,-338301918,1100608658,1444719899,-1289145488,677639136,-1122377039,-763745407,371948138,88677
1044828721,326752280,249060891,-2083999692,-2087430661,-719684739,863880971,-1863675449,837910690,88678
-1136957052,1343154668,1992225415,-315342605,859541647,-1899265512,-1348422116,1338514366,234233367,88679
1362340161,-887336558,1229817631,745018499,345152219,1599527063,-1310208686,-7573529,1097303419,88680
-2056923775,1565057952,-2121898397,-1622410603,1841301283,-49176666,-286602144,-1251242248,-1566658507,88681
1407891008,-1318210094,-2028588766,-110685014,-1476331002,-1964081039,467175178,1283293755,-258271081,88682
-261620765,-2108886374,-814780630,-7247973,2007548081,-1559369120,1047191241,-415570951,-1520308601,88683
-1526556955,92538627,573480168,1824309075,-2085125299,1664904944,1093648670,-1608717733,1636829963,88684
-522948572,2110232542,-1729996487,1887154894,-190040382,1280209990,434717391,-536745758,92375468,88685
-535280799,-1751009668,1649469575,-1356749073,1237008595,-565618095,299773096,-493738824,-1204817101,88686
1022801124,-1613746068,-827057881,-1903137762,-1739099191,658652526,-1518029194,1667093530,-1804429941,88687
1160401716,1009924312,1172051441,-1912514141,1387708659,-1885108107,-1596607948,-2069881316,1073632421,88688
-1507124147,-167824586,-36433344,-1764038215,727844908,1643431667,-161470087,1808679975,1064262335,88689
-299190595,-1541129462,2068665225,79118316,-2038141115,1842235702,-1833145863,-596148867,-661278093,88690
-196590199,-125659567,-459546293,966923555,-615259395,-1318724417,-441602337,793906409,1487894792,88691
-1154891358,1715556922,-1292821038,-1367630368,1143343133,-660793877,-905859206,248388843,1415284697,88692
514931945,-1340389902,1586614808,1703505300,-484828121,-179500896,-1024392570,-1681806693,-771773700,88693
1227071178,1582670179,-122225070,-622437740,-1587382333,-452071565,-1308433416,1792252164,1982446617,88694
1682803850,-170312834,-33468970,1302185835,-1733341004,-1122469871,-406727268,-403736113,-482291515,88695
-1940917744,-840810312,751327532,827148022,-913180364,1386973466,1709179672,720482618,-1529110966,88696
-632356948,2118538176,964697426,-1070286787,515526943,190274511,1850179343,-1641259777,-1795878409,88697
-1886536122,-1846451911,-938954828,1017066046,-1733666883,-2137966093,-224592442,-298548349,-237195841,88698
399450712,1960038889,1284769042,-1646958660,500947048,1338394414,2054697193,-1176512005,845792097,88699
-630980243,158881054,2145230248,1836395081,-2073637503,1478534039,584556313,1273647059,550475283,88700
1196484165,675634781,427882911,867575987,-2029137011,1077573644,1231123321,-1111720504,2077556391,88701
2050496629,-1768408053,-20947872,-1213217805,-513686712,1088697626,-131520334,479045733,1593243846,88702
1193523687,398830259,-1149168595,-203629214,-807998834,-1571293988,22110144,-2023695539,-988751841,88703
72986332,-1362092170,1826445699,234872667,782701179,2081194194,-1442959949,-1883995133,975202819,88704
-313469338,-275276333,64226117,896703175,-929507949,-1145017576,-94797838,-1505529984,-601013462,88705
-165728184,506652140,306167230,1741508076,1138105237,-1812770317,-1688998576,77000111,651799495,88706
472882044,-162717525,-405325444,-407907835,-774382101,239474104,234585928,-1816803157,-1294541826,88707
1229933915,63778139,1762395316,-1634372884,857679114,180295852,-331837377,635362888,1911286367,88708
1987190364,1389952860,-761329425,2036456851,-2038244683,-1503073965,-2146538631,1702377278,-1755961482,88709
-453349373,969874477,1496838078,2095130107,1189074672,564954313,-193957457,-124992744,1874364867,88710
-1944527012,-171132850,-1110522602,1171187471,1932279390,-1381950164,-1086827979,-1275603503,76378949,88711
-764701387,650660525,2029651091,-356620848,717528006,588167631,1578869153,-18551183,-1912655689,88712
-637957338,2085335039,-268849154,296588364,2027450301,-220997175,1629224925,1562920024,-387991161,88713
-1034051200,1076072947,-1979907657,-646004229,596255836,1881857832,232366121,1906708216,-949630484,88714
1123620741,-878934001,-1900416505,-382313730,1930702492,1667955972,1580512360,-753831554,1670444483,88715
1966071735,-788229586,-790481781,1511584566,-626216993,22602857,1504981201,-946519470,88313614,88716
498807372,-807592243,110133567,-1439726143,-1897386153,-2020483557,664039687,1201332202,1361995217,88717
-654937372,-1780979055,579078892,-1537293374,955780485,1645701105,-592742114,898183693,-93580142,88718
1835402373,1188691999,-1337253061,440233291,400392816,751108011,-1587228953,-1501196193,693744153,88719
1244807888,-981475975,1725202015,-1434627959,56590917,1946203999,609392141,-897624524,-1434536719,88720
1953709359,630828153,978474757,869064079,-327045826,1702716926,-314667232,-1294346609,-1695697336,88721
-1283432426,-1360955640,-2136126306,-841333287,-399286692,778034683,-1016285744,-1932837876,-1958316230,88722
-1054965939,1923288867,-1184067953,-1528877420,-1094351167,-526973,-401941581,-4168355,-1234709749,88723
935611650,-2045488396,-1916414299,299100435,-1644441700,-1389431334,956823898,-1831497775,-837303830,88724
-182714314,1876434169,969434591,1128967075,-288558294,-1023917713,1934215700,985132336,283474602,88725
1217070017,-1333528734,1135360171,-529940170,-1282327877,2133856791,-721780796,-797106066,1884156924,88726
-788760524,-2127531721,-2109366697,1741427106,540022159,1607265565,-1712043227,1999514987,-814518064,88727
-1853171389,172565964,-1000677357,1722549543,-1857423303,301936418,187847155,-2120505600,1313262078,88728
-548856940,-166454411,1183816751,-1822513489,-705619911,-427257540,-670044898,-1443850708,1069106771,88729
-970297961,-1271370887,-1763757179,-1561703,-2060730721,499134149,-1589926007,-881955090,995937133,88730
-1208842768,1636501076,562341928,82679073,1445282589,1378887714,373457530,1523238001,-1385058529,88731
-942820795,-1174022211,1649659030,-1996544924,-2107038385,2035297210,-958194805,345125151,1541184158,88732
-1659204083,838877602,1237336313,-152836367,1271969932,-1222980802,1067300253,-1097387482,-1855107559,88733
-936134060,947686769,-886793461,875521786,714286215,4683960,-637211669,-386100649,-321360816,88734
781230587,555568465,-915081394,10962142,-1858448621,-730946201,231166007,603499358,-442239694,88735
-499894626,-669888121,-2145565988,886372909,487793099,555593584,1431658109,-522819870,-1445541705,88736
1551503954,488550914,-384458582,-367490517,-1209100092,-942280208,-795465277,-649592256,-2065196158,88737
-1814201219,916063079,723335515,455783532,-435550250,2021747859,-1564444473,1132017008,-312059215,88738
1926493179,1131955659,-2050032429,-569692905,1864697579,1661546978,678738834,-536485788,-529285844,88739
-1851231187,1968264350,1695191296,-1119432493,597858951,1945881557,1863372298,-996321338,-1666621815,88740
-1134606560,1702395200,1552903512,-1974192120,-1305125477,-1620891239,-1830235153,-473944715,1878587854,88741
723697406,-1382166778,-1814280627,89107475,-205821017,1411193147,-1445429172,1578315062,-1754999245,88742
-327701501,-711361242,-2117030516,-1580038655,-1783862938,293789339,-865961737,-391427145,1032016824,88743
2026061699,-1801973382,1984427864,1681437574,690950409,-1617232605,1005203639,494496689,-736346838,88744
-601935847,1989741349,1738469323,2019280000,-211081270,-1978827425,-1620275196,323543070,-1170544918,88745
257672308,-1586602141,-1795514097,1483763256,-871143083,1832687739,-1157736926,-1453004098,-46142480,88746
1999818174,280928459,385282267,758616685,-456984301,-418725250,459374887,-1001414790,-956128478,88747
-2031541763,-841747257,296519368,-59811122,22611229,-1542598200,-663620376,-662552907,-967272316,88748
-1304906856,-1098572791,1205689032,493787735,-627892030,-395867839,1353828273,1171104679,-1120594642,88749
730100083,-882746649,1418042717,-1651859685,-1377333656,204940058,-1513120368,-593457007,231748156,88750
-681146477,-834546854,767912166,193722531,1288163428,1282154483,1572461369,-994814177,682865407,88751
1576227530,971455039,2026611191,138455373,1045669155,-1521719539,-1562355833,-1734468691,611825258,88752
-861209628,-482426448,100566728,-1874718749,1853878309,1554161546,1328830337,349473651,1154144084,88753
-630863575,740489532,-1418542342,1270089733,1024804840,-208672512,1013957553,-240751627,-2038318615,88754
21373460,1080018904,839065417,1464071048,1903279008,-109239027,-2116832412,-1735902476,-1021963625,88755
-1747660,1751862848,-922170007,-139363697,1577678841,1633380770,-2116518477,1380824599,460904147,88756
-2059768904,-276335575,-1744229371,1028417720,-705556186,-106080354,-589713119,-1924302401,-913407825,88757
-8633035,527132879,2088587871,1499345877,760860054,-1012728414,-1502432349,-1000901836,-556092812,88758
-151805447,255753381,252901168,358353031,-2081579990,6964768,-578478421,211615703,1811617243,88759
-1785692012,-1819150317,-806455262,-1746862072,-1151403455,-931900327,652632491,-1940229851,969710495,88760
-2130086893,-1466972681,493967622,-631115925,-709284349,965919936,488203493,1096683384,-257229450,88761
-1474266426,377980174,1558242659,-210324284,-38400698,973897115,-575306340,-174473662,-409492110,88762
-584446972,-324781009,307769444,693706934,1771350486,-34746614,2070996692,-1821457603,752004534,88763
-811209251,-908379060,-176269698,-404310767,-1617555760,983819857,702605626,-2014493921,-1911601670,88764
-1249179354,1406536106,2089187424,-172138721,1675128883,-1155399308,-897047802,-1724246878,-1685172363,88765
-1589367939,756318845,-2072643023,-214822931,-1205174840,-2108260084,46527945,-469509398,879161587,88766
1858720510,680975783,-1370638138,1699906802,1500791564,-252382616,711072063,-1230309420,1048330101,88767
-1580417395,296195550,-1474508089,-647311478,-816260214,-1067475799,-591070224,392356029,104539534,88768
-955497903,-601082974,-1641303937,-1054782060,-1218742670,38144699,-1039990863,1921857209,583132,88769
572503731,1282145578,1565690554,-1911228861,1491461734,883642080,-1575679540,2143962207,231745612,88770
1475024697,-1308034799,1164957961,91272170,-1926069630,884064249,1060345877,104376376,962767539,88771
1620963308,-1347197095,-818019960,-457864104,35334063,-525941007,1907024728,1702622049,-261900999,88772
269607468,-2114831202,-325174599,1545250552,-1258533161,1903642249,2113641025,-196501539,-403872979,88773
503857956,-1114167618,-1933902898,1730155798,-1013747090,-1993196005,-1195491430,-669043671,1782898041,88774
-261035278,258076326,-421468934,826751362,2066443080,-1175925750,390186347,-1232756605,-68181594,88775
-860448100,-570246633,361929471,1396761924,-1529272744,792708497,1471149491,-1624391907,1917470046,88776
-168432544,-1458650409,-413416018,1586947407,1886372320,1590292896,-1550322078,561754427,71237590,88777
-1023286308,-545404331,-37324236,1260729216,621132758,-1633198774,-1822065913,-347969367,-1759227080,88778
-2009493591,479763271,-777037755,-484246345,-155506250,274284986,-55402348,2096514154,62165210,88779
-1047725650,-1067977306,2022764041,995927102,1155199060,-2120571654,155090123,1765527013,-669470716,88780
-1977765652,405095974,-316258088,-103086755,-375526347,1355860043,1817840058,-561921226,191809811,88781
-834922879,693804536,-823887490,-1679476514,-792696325,818376563,-584658806,537245667,1736285779,88782
-691125049,-1607308049,-1130502302,1800047745,816420090,-1247098609,-367154534,1848196996,-1102641799,88783
-443385011,1511905572,-1619528346,-1839839209,1834769028,2004192391,-128879329,-1425213811,1632097557,88784
-1574263507,1208535225,1112881511,-1367112817,-141440773,-253461430,1879427223,-1508693429,-759374095,88785
889338749,1107930380,-227359519,2062357100,-1211461376,2121338504,2108509674,-1833347515,-1268502827,88786
-1492352348,-1775602253,-310836727,599025412,1371449986,2038536905,-380763769,-1870705340,145635532,88787
-852677140,-771362815,-1267451607,318853471,-379429109,-118261791,-1242319138,-555293340,-498421037,88788
539864843,1291391841,1017576792,446176690,-271464698,100883655,-1407112599,202424597,-550557398,88789
-1564365579,238794793,349248151,1087771945,-1571685670,-1681779070,-2105266328,-1954896759,1793663216,88790
-257482932,-578146440,2028465464,662130390,1996802847,-96563931,277877055,2067578846,304446368,88791
1954117229,200352694,1353558750,1711815965,1767740074,-295183018,-1630330626,456795822,-1165405271,88792
-1821377842,-432560577,797489516,2142267197,-39098021,-2137962681,307262896,1523188818,-339238386,88793
2113102263,-1829778999,-685906730,1182415030,-1749598203,-255523986,1920135083,1271888402,740289834,88794
-1250107538,859941599,-384983858,-1032859686,-574301390,41140426,1716214767,1632512973,-1415122985,88795
-749229763,-1935319630,517429413,-223724708,-319560392,-1721147089,-2091387919,-261518161,1400652104,88796
65660300,-1748481550,-992000489,151596589,-1150145903,999947712,-605057618,-1791021669,2019002887,88797
-47387802,1315566048,-611392744,1250618674,-1885463233,613748467,487464629,-198041148,1089098205,88798
-1429668710,1093535307,-1004604068,-1848152599,-124466551,-1734267003,-119881650,-972354309,1751318717,88799
521817275,-1781207875,85763446,-109995559,686466031,-137629074,-559320891,1153716600,144684105,88800
206322284,-981815451,-1350112487,-785653094,1393210423,-1210442685,428529986,-1165435403,-1100188874,88801
-194806264,-436801771,-1359717059,1660036226,101813579,1508642621,1082781855,-1691563289,-1754491215,88802
-546166282,141378580,1634958084,1867827408,-1068856716,-1309014888,-1571017668,-1944987692,-1633645954,88803
-1325301701,1640072680,2124702565,-1969088086,260912091,-2127626731,1862538084,1510992464,221244541,88804
886536391,237771940,1106684886,240420650,1375192140,-733488024,-1158913103,474367699,-1469328351,88805
-57941493,206560731,-1796633506,771873029,-734999729,1658156612,1970652817,1362336980,705345097,88806
1656969633,1997802163,-1681231992,-1440324000,190876068,834361752,-1676519075,483172759,2072187666,88807
-1589041004,1352423275,-142179377,845408309,933058161,1174150551,1362974528,-881344593,1452820671,88808
330820296,-522081202,-1692972864,-1199810220,-1277200816,1148532538,-6111484,94991024,69342177,88809
-1065918646,-1783435098,1255310795,-1328328410,1515420317,1139809905,-478978403,-1030584060,-154088598,88810
1060697668,574908462,174511836,-1945367125,-1243758171,1539487763,-56193151,-794487710,1780447385,88811
314492316,-1466234676,272552801,-269649029,-432708909,-404051581,59792003,-579719208,1526420643,88812
-166825557,1307876631,-1612027236,-2052008406,120856023,176874966,1105328458,-1362458340,1715202880,88813
1213347615,795939209,735434761,-1018818985,-1281756219,-1237650748,-496154085,-575006661,-1540502931,88814
-907490775,-642630461,-1513761261,1830318476,1693072925,-1359024649,-64585952,567239432,-1260658221,88815
1928545431,657140082,424910479,1464508856,-40727669,1415982834,-612011842,1542910359,198509802,88816
2117499014,-1806729188,-310540600,1312566882,438249244,-1317938904,-114095004,927581025,-2048880537,88817
1848909370,1403126147,1638810846,1878434710,-401216492,-1763040979,392033623,-274996355,1628667232,88818
480116120,-1764703467,-1166187025,1418692438,-1050545795,1928562458,1258538247,-1893577669,1801973529,88819
1616828460,437354339,837788328,-52826805,1552142666,-198392979,847160982,706594168,-1589790419,88820
1289150774,-1895165194,-1493061571,544442199,-1037467785,1167292710,1805748573,211882175,593439795,88821
358143282,816490149,1762477011,-601746955,-1443017712,1639366539,1599446966,1099094861,1538652154,88822
279830818,-1572220228,1216312691,521116807,1015016231,1715301700,1394668973,-2118256705,715276780,88823
1612131686,720497895,806555610,-350440498,1939245393,-2058972641,-1263904,-1819532456,-1665450484,88824
1018592073,-1204662209,-997085520,665080221,-1878618749,1084178274,-1889076153,598722514,1853490563,88825
-527358413,-916142615,-1763272006,-1410596832,-1034119408,257218411,-1053453414,-1739734824,192832598,88826
-1123152986,-1210562440,257405679,934525237,1475732289,1349954898,1854812262,809513800,1074116651,88827
280888859,-1319863483,1042341485,1157854386,694508798,158973147,717853179,1561396333,-1163354856,88828
-1817944140,1960865988,-684907909,1224477840,-845009861,798072571,-1159183784,176273986,453333556,88829
-1276562575,-999957341,347632073,-699034848,902176626,679557862,1625082333,442819433,-421000846,88830
1426699952,-813447992,-688214024,-1623510154,-1879622352,-18248418,-9304079,-1748083315,2042203419,88831
-2098695523,1408937282,-11454857,1784179137,-476277686,806726476,-1355182784,-1890623348,199864298,88832
79688124,-1753579967,809452162,-335837385,477757626,779193762,1850321535,-303632120,120712534,88833
-640153244,-2022798961,-1591255708,337623009,-926543496,927097219,-1883534169,123534363,1709312606,88834
-960467236,1351945127,1712397827,428907118,1948792364,1099317740,-358902494,-1218691945,-1330249525,88835
490554987,318724674,-1396989301,-336448632,655982579,-799066137,-924459142,1427372827,393651382,88836
345161501,1154706673,-497037557,1591059698,-1647882469,-188248708,-1861588877,594107062,-861966766,88837
1879328430,572514864,-322803105,2028340235,-1075763035,2093176054,1417513603,-70241791,-1747307276,88838
1233581341,1234849101,-230369534,1447127027,-551580303,839455021,-983405820,2044695784,-1840177193,88839
1383795202,319462684,-66217300,1273143778,1460356447,1850173075,-2108177023,-1501833276,1741619030,88840
900073157,213212524,1592761070,-2065488491,640314798,1689762912,760318601,1466438249,-1482143262,88841
574554863,-1698709115,-1919153950,68233679,477917315,-1406862745,-1353336336,-615226764,-689107197,88842
-1984423277,1209653252,562081170,378639556,190661685,-812451121,667399907,1491876210,2074830681,88843
111051775,-1986624510,1689413326,1990304838,-1521562919,500460956,862945629,1542004107,1486503663,88844
-1938142970,258503378,-1215974823,904020489,-980141911,1331183315,-377618317,1163704965,-389934128,88845
-1825361297,-1094274503,-1921274449,598345545,-1805255739,788253710,1790761279,-112061108,-1811490956,88846
-2096458781,166698952,-58101380,1762771401,1663172675,-26306224,1157601145,-549112159,58455338,88847
-1180693443,401414481,661548379,-1793001383,259498731,-2085515986,521225626,1224300257,1804663860,88848
-878194487,-647560381,1033567649,1703487255,1894557699,1753573397,895883836,2006845934,-906258561,88849
-576452726,1022065356,1423979891,-2041021263,1006572005,-1083049369,1063498904,-80738312,-1492627626,88850
-1700150494,844046906,-1623462814,1772484208,-536003843,254593027,854635767,731727056,-1542777863,88851
967787466,-590179902,854163707,1309236624,1125060964,-256454624,215196575,-1296178503,-751123545,88852
-2096731523,-487744834,1179324952,1851754660,1133940753,-569428118,-429518513,-1699291868,1532127818,88853
1167303453,822178141,1907070511,1805684733,-1326899619,1614550028,-131492025,-1459488722,-1403810340,88854
2092037978,-9489971,-1233497924,1184424948,-1347581720,-1658913552,-1800074837,1620870538,-572582255,88855
-756395739,-808187839,-318073099,-1952076923,-1365986372,1648666457,1955507777,-351510133,183588657,88856
-1983153827,807327564,-113693221,-1444368281,-443972037,553882964,378114980,-1870751102,90517071,88857
-445327136,-2080616905,-1230697503,2015055944,267230196,-950514557,1786837047,1647666005,2134009013,88858
1422757530,984538865,1163334365,1289244728,-1760423981,349308654,1966061572,1155160797,-1074715237,88859
-871375774,-1257908005,1701558574,-69217163,1382891675,-1223119164,-1274093827,-1598764202,-681409565,88860
-1080401375,-1938954694,-1991525230,1598517512,341150004,1353411876,1528438519,-1008265328,1432453397,88861
-1587951566,985056622,531806250,-1307155942,-1198566807,626171500,1982557210,542395088,593616651,88862
-148650846,-1443787144,1917546401,-2092736780,700672520,-1907043022,-640480082,525577736,61880432,88863
634073783,1027731154,-1735996032,2103055167,1994596648,1433246926,703074993,-314436829,1693456266,88864
607465040,-276278706,592365466,940774352,1671377239,1779795558,-339070860,-748616491,993459027,88865
-1688641737,-544264054,-1834830061,-733305417,1313101174,1325351551,-1692030416,255056466,-1169064523,88866
1126532220,1070592952,-1004830896,-1078290266,1492334646,1622898587,-989637811,2142073616,-1763309748,88867
-1113500693,-235589145,-914135439,1738960927,872502360,-1933401032,-1106747257,-153145425,1294394712,88868
293090150,-2089698308,-998951338,-1371666292,659368062,348556329,437308477,1575531777,1170674995,88869
-856306157,-1905597399,1319331029,2071013117,-1271449376,-498458868,519866905,-1620181114,-616225981,88870
555717231,1839805951,1873883901,-2105258454,1682665822,-85926054,-1599236468,-8331118,-746249633,88871
-1750043361,514388875,-1318299342,-2002726886,961219222,-1185308658,-1939538753,-681726610,-419618669,88872
927273643,1295359254,-1507958839,-1521896088,-1066481951,-1200840199,-1235758100,1126822882,2084703142,88873
272480972,163381880,279563260,649206493,826698951,1234654825,-613160258,-2059143190,-1134452302,88874
-746264064,-1755551581,-1576708225,-779811679,1617023706,1920504248,941610054,-1983355232,-810883245,88875
-491122664,882384581,426360308,1864568729,532717418,1397833969,-1478940268,-1822538571,-89453055,88876
-1456575116,-80498209,1602930480,-530527677,176594478,1117336621,-1657285561,-600883298,1216475298,88877
1698720833,222105361,1662776750,276607363,804531894,-7685961,1081993050,693887250,-1140354006,88878
1560079883,-711547935,351548947,322313566,881346011,1353171125,112113380,478733832,555452986,88879
-2026164941,-24673808,786782169,1236912105,367585933,-1991218760,1380846013,1086877007,-792543423,88880
1165721349,-445874549,780814378,-408369345,-845923827,-74903314,372567933,1761981517,-1953296853,88881
-1940034452,794972181,1853510019,-845784107,1178578671,752101437,-1346550573,1309408806,1798471091,88882
-1511873301,685188546,2085935550,-2111459668,808942445,1043754806,-428530564,-94086716,-1907269131,88883
-2077231557,213665891,-1475981144,1447672492,-2010345091,224085893,716637277,471629444,-1192775092,88884
-1074633073,-979173413,1903272455,1020921576,-426161527,1544849346,548168804,-1733145874,402478568,88885
-1973897599,2124805016,2001839264,1152050099,-742867749,1842364499,-2133492112,-565220820,-1298377641,88886
120234555,830109090,1339076782,11477988,-1142943961,1813066109,-154862692,59574766,649781560,88887
-498336668,-1414404633,-997520506,-1917621984,-1044205874,578597078,-1580356559,-1887622240,-22938288,88888
-1571597356,-1098239339,-984611088,1004142404,-163044234,364316446,-951296488,-1891257164,-308555021,88889
-909131564,847126193,-790775408,44453940,1106715778,-527247044,511266758,1780625324,144653381,88890
1073881546,1834279270,2000903099,-1353782187,491006588,-1101684213,-1836652151,1319885245,-525639595,88891
2127098761,374127073,-44699346,768025620,94705953,1195972781,95781077,1596370326,-1195541349,88892
1849387989,2003953167,-1184231592,-1207943003,-213047657,2132239524,1821449412,-546407092,-1440329360,88893
1801892833,-65801668,-1855462382,-743389033,-1022945591,1173484739,-290529535,70183237,704412035,88894
1611309623,1527813729,-6043691,631190552,1289823004,542763020,686701837,597477303,-1456300154,88895
-922191999,227909838,197047771,-360036090,-1790464073,845456062,1980251272,-1187013057,-324056451,88896
-2116376156,1961175058,286163663,-887858761,971660026,-1298594416,975447880,1881563783,612218321,88897
1589289344,-338804955,-923401898,-264478911,1579326174,167224390,-1163145875,-1235675328,1290951881,88898
-351754260,2011119714,-1322645191,1510674452,-1126322492,-1414245527,-596441037,-1059000625,-2031254290,88899
1557360772,1092282362,-220050801,1949408421,-1405744092,2103297416,-518006310,-482225256,-1693174693,88900
-966080529,1631701918,-789453234,-21658531,-869398833,1520320771,-1113546871,20089747,990968311,88901
240859057,452008048,23973512,892112916,719923227,-470134697,1088681277,-1710757592,456054629,88902
1902627439,1837622713,-946542093,1064524453,-374192975,1150953292,-1042442739,-724783093,-453323202,88903
-709956887,-305561937,-639173601,-1910367720,-2049705841,197974295,-137536456,1276440444,257772191,88904
1128984249,1070413697,338474591,-1527381494,-635636983,-1875147439,1082786909,-1026891606,628524543,88905
-849811162,-1994818116,-468245251,1241343531,-1425568416,-862242632,146731901,-88079324,-1842842140,88906
1643048543,-107132025,1220151866,-483492850,80578946,-672032553,-554885357,-806858884,-1908723014,88907
1520248063,2016007278,-1895541238,-980347884,-740839844,-1736508728,1839693867,-950086639,232102323,88908
279216843,1561406887,1989699835,-950005055,-1863453461,-1953263399,1229235600,756119816,-875208566,88909
1904430961,-797518208,476017827,-1185278768,1740336089,1220521575,-1294331936,1786620869,-2073784448,88910
-2111932162,100833402,-1690387250,200127049,1778694793,1001513601,208426466,2078895930,-1751917696,88911
510123430,-28656337,-1041562064,-2050497900,30067257,-958371450,-61026354,-1315514628,1254147147,88912
-1065052019,-813509957,-1825507080,1082395194,1997975767,-625683259,-74313486,-207344689,-1508144546,88913
-1071207281,-1386312532,-1186600273,1597158144,-480096224,1329593893,-1114292675,-677754098,589173843,88914
1457057282,-1403155338,-1181644099,1399449095,2107626742,-1994535131,39928177,-2027197622,884611441,88915
-447511541,1780016373,-1595323020,-726287697,1909410084,1639085662,-1922238874,-1617603395,698343166,88916
2090478027,273327464,-155820998,1372453647,490204978,-677414176,1669278998,-1386639077,-1647714165,88917
2143723269,-819042878,-562952315,1638251003,-712821904,1571975533,-70855170,-791217347,510120895,88918
-1411753295,-764016156,635733423,-465882893,1173889832,-1134186005,2132531347,1274828561,544393733,88919
-1836533042,-1300249743,209034804,515311518,572695814,-1044313188,-170654282,815739004,-1157306561,88920
-209203476,-975193149,-2078854891,2133614745,-2068154984,1726165945,39297361,-1682638317,1847157712,88921
-801772209,-1955629946,-1523924214,1820065983,-444878303,-857720244,879336562,-412344891,238993621,88922
2052358283,1695228351,-607793690,-1984518191,511589727,-1907093221,-12154897,1964343369,547563361,88923
627723815,-978740707,-315890738,-837219481,1376841430,-1967269780,53425078,-609378942,-676768595,88924
-1987696924,-1320830312,428892547,-1202644187,-1266303547,1642496037,650797596,-206713331,759000636,88925
-1291450140,-454927217,-601308606,-703723916,-1497115925,1138095465,-1772976206,-1314275670,-609063898,88926
-2068800599,-2089802503,552995556,360209271,1842593141,722026448,1337664369,355176823,2004597396,88927
34659597,1833364850,1685783449,1449467133,478924865,1640076547,1293782683,-2135870776,1365810254,88928
-1776338981,635556241,1937324674,1780264557,-935739547,-948507435,-501336105,1566789818,-764638396,88929
1793505618,-208847239,-875876170,-1542412394,-1789301822,-1139322938,814982373,-1005115746,-369003842,88930
-2054341176,1984443765,-699411731,-100194436,-1474647171,750466520,-1500940823,-1388257987,-2114548333,88931
612813724,-2005297422,1372541241,2126255693,1092025262,-1317185952,-417329354,-1160493670,-1079244890,88932
-497802929,261322250,284961332,1708866299,-1668558005,968785413,-1905067462,-1972498592,162746438,88933
-140164565,2097791775,1746626968,-1774445010,-1003058204,6753258,-1285502803,1155862146,1354764591,88934
-53624759,1480623485,1669156385,578049386,1519847854,-1626176783,539715342,202653995,-709908776,88935
362829897,1740526528,1193630570,-1762691889,-969872366,1155245816,1884218153,-862739216,1816541899,88936
1673306648,944477508,279097362,207600462,631479273,-905289732,1999627449,2046487992,-2044597200,88937
-1490399480,-1110940473,-974455229,-1287922552,-395430222,1658993426,612303711,-2053518704,-1752692376,88938
1162050842,-1072078600,1724285348,1863076288,144171748,-1022523807,-1217780458,-1764698127,712220736,88939
1066924080,1728975702,-1238678495,1593521963,-1181803982,-1431621419,1515154588,-1521524905,1059801874,88940
-1388465505,-1875747912,2077473099,856652194,132212287,1528370719,-514709189,1468611645,-1290074415,88941
126834879,-937003538,1844294824,-1927531970,-661077182,-1756258022,1096447048,-2059972696,1674927392,88942
1520138565,-1821382071,-1970036707,2052294020,1990040498,-395557958,-1688171230,737256964,979832001,88943
-586121567,1469872159,-1512364082,144761911,1702924135,1540673038,-2143596905,1230453252,491799389,88944
1665093283,-1677722654,-1630071478,-1450078124,1174706661,-894410176,967503477,-2064624956,-1547448240,88945
-2072220211,-2136016527,1939065089,-696924006,-160017177,1645958810,1119338551,-1156148873,-1225746201,88946
1599133292,1981881717,-1953346965,-936914079,1507765769,-742966339,647988121,-395364455,839394302,88947
1882871298,653406871,574729354,1966426067,-99473083,-281898222,488946535,-995921700,-1453926704,88948
1645094917,1916554387,1159306245,1993724373,-1991829004,-1943312146,1428108284,-1335595841,-320399481,88949
259898256,811975661,-112195954,-1594409182,-432901377,1211550636,1237485425,107314569,-827314047,88950
-452848880,-1734838370,-1001350638,1059359357,-158885557,1019130436,-1937558488,-581957622,-195809166,88951
-1463224597,395032159,509402982,1397784974,-65647347,-1294624082,-245038066,-387586238,-429874970,88952
-1365777732,-670993502,-638898685,-1859268354,-1885205776,1532256457,1831643936,1676881617,-1592119758,88953
1605880604,-876019418,1107478776,534429957,-1133538947,-811618816,489758134,-785501921,-301739362,88954
671302511,-1113660051,378448031,-880437419,948456944,-1082791457,-460256579,-1632545710,-1175572746,88955
-1568580880,-266202306,-1311238202,-1007413950,-1301205876,-478509560,-1550256816,-658569353,-1449143023,88956
927299433,1009461944,-11364467,-1004022886,-752889111,547458332,-45623757,-1413717195,608626709,88957
-1555808740,302521392,-1383769925,1876931523,133661355,-701904810,1803370336,-1806865030,362069490,88958
-671539968,-152340385,-974848316,614880532,-1449323635,-1543308713,-1651766608,1476495958,-1701420804,88959
1700954396,-1933022777,-1429020179,-1556949295,-1237929308,-365186824,164302735,1791067703,775599826,88960
2074963884,1086762340,1931493792,-2008211960,1133938554,1977967233,-1412544354,1138360031,-1565244190,88961
657573804,1631853857,1953299775,109938666,842510833,-1873166401,-1211659148,1316569026,1290287267,88962
656143359,-1087893584,-1912258347,987039842,-515554625,-15147060,1224990552,-1990486283,1841017950,88963
447089434,-1250087856,473979672,-93254412,-637298536,-2077283301,759970267,-260114137,446740295,88964
150205754,1618629617,1484795825,2100227935,-1705749196,1718559577,-1060389572,-1330631050,567423166,88965
-2007025590,2100716535,-1079840228,-855466211,-570424663,1411536028,1849791367,1884858568,-532715894,88966
-65408685,-444437075,-1608818136,1386821922,1203935453,-703078939,1607219744,873365229,286056268,88967
-1417884242,-204045371,1269432701,-596933612,1728973713,-1523412694,-1430853666,1494748438,1931859429,88968
-582716666,-1463596697,-1455051518,559614892,1516734208,-1028555571,-1684797242,197785985,-170032031,88969
-82235248,1473430823,2067729229,1969041771,1386637311,-793056743,1308721369,986785163,1686246988,88970
-1633913174,535854789,-1908879724,-1818558839,-186897545,-1957117455,1177017075,-1993358879,518363821,88971
1902524280,-1218796009,-444252454,1130038871,-1356362956,-369368487,869280927,-1376057532,1672451243,88972
1321233567,1367687009,1506545340,-214962602,-327194579,-110315295,1016676380,177057160,1528200755,88973
-2092921848,-506106550,2020386706,-81553628,-497073987,-380153444,-846276105,1285073886,-953992106,88974
800965400,1008138925,-676843898,1494677448,-1833785412,886948283,-102659802,-926378757,-2143262730,88975
-686124255,136929294,2115623689,-70836450,-2120211854,-382906346,-502207278,-1011571111,-1580760232,88976
-33466380,-1039788421,-1769620247,2089815614,1885747963,-1174874777,831589798,-1797854571,1888730499,88977
-964699528,-842700803,1375273247,-1400493517,-2067133988,-46837561,913892216,1641328955,-2129906366,88978
1353930660,-291327414,1177514546,-567370475,-1043336183,-1573050294,-1611469184,-1913841519,479734563,88979
-157883402,-1272124231,1701622060,-1479256242,540991810,-271130068,1229696644,-2087468877,1281249378,88980
797202471,-1229715726,-1005348156,-1391120833,1127402267,-1022670269,1501662381,1234431595,373577991,88981
-143902730,2134581334,-908469278,1528241128,1942935149,-1795526209,1238709005,-1648098082,2045247407,88982
318405453,-1301010876,1100205484,628144202,-1323934134,258030623,-1963482630,-1291554161,-1854144056,88983
-214421156,-401954483,864595754,-1225518933,1085141892,205194811,-141093435,719055136,27746991,88984
1977887543,-1539528383,908990255,538687507,-1567488512,433173149,-1189668147,770341413,-538920301,88985
-2115498871,-980760148,-765856002,-214770450,-57322087,1066769390,566889837,-2036951616,586805986,88986
-509599863,1076536337,-995312992,1763819112,396408010,-1020495101,346636446,-614180600,-73188837,88987
217769493,264861599,1246220347,-1940828627,489043850,-1718127406,1406487814,-728724102,-1575368592,88988
-1645674925,-1790255753,-161436152,-719935825,-873529753,474016122,-1622403819,2057503797,224890089,88989
-1769175780,1004353536,775118544,1527432426,-857773106,-603272224,464722615,1006732495,899828046,88990
1812550718,-1425561038,-772749636,-1529475827,-964142420,1964449814,903174297,-1063408560,-1907713869,88991
-674330974,-260523046,1424959193,-1047090760,678913685,928052959,1700482802,1348368513,-219890842,88992
410871548,1402036894,-1567418823,-131520154,-1566536707,-1802918379,233381534,-415409681,-1121367832,88993
-1596496358,-52317549,-77985203,634803348,-1869304983,-668259958,1073719078,-317176725,-184164911,88994
-768004976,1107523183,-1680215664,311719904,-1480185195,-823839438,-1139433470,1376415065,753531052,88995
567544506,1630445940,505984105,321041199,-63056207,-665783100,-421800064,596885911,1916625559,88996
-1974092449,1749988349,1575440085,-1113930448,-2136452548,-1010949962,1865189717,-226816667,1367821067,88997
-1140858078,1777450726,-1270196327,743864955,-2115950994,424311361,-391861176,1425692502,-1555033307,88998
1171380645,-482624710,-1497800127,279162969,-638574007,562629294,-161422011,1512395508,493863591,88999
306314617,471608370,-110270701,-1233178666,352438048,-96565394,-795529030,773894270,-1174317041,89000
-1082090038,1226451093,446553513,-1009070737,-1845861546,-254045527,454940317,1841837992,-226475970,89001
1212470595,468450017,794111395,-890547965,394172724,1225583176,1858997131,-2146623730,-1604003381,89002
-1640463447,-1933416918,-87031385,1915131611,479190226,1558190072,-1283081777,804968784,715609758,89003
824816719,-589555173,-879487874,-265630387,907419330,1340686566,-413833751,1559933676,-190498642,89004
-1607649926,-24542731,1706780434,-1220945029,-915370382,1678273875,-913389283,1990196680,303985275,89005
-1528364099,1392805768,804053203,798829809,-949883700,719426983,-1519911204,-248083808,1822163545,89006
-1128997757,407167571,198420288,516511118,94584131,895543857,-1417216893,101278189,102129939,89007
-233373877,1174366256,-262453597,-687601450,1155447686,-893220969,-1722146504,2130226801,931799478,89008
1519342935,2017965317,1864388981,522012780,-2039003758,1069816582,-1585879311,912938758,1957863516,89009
-619800996,-1290742672,-1031449224,-2119079143,-750116112,824499293,-44888363,-1384213469,-1357565375,89010
2002995823,173357526,637307992,-352476710,-1105577660,1561314274,111009837,-1994612983,969212891,89011
585781818,1768909849,-962591422,422513253,-1285541240,-2057772326,1066960246,375578071,-601674808,89012
1565306029,1380171640,-1818964406,-427292289,3221864,1092082692,-1893536094,-777907215,-1835138970,89013
-404659529,604601255,1056374703,-1939017834,-313864928,-1939694142,1812420806,249381648,1473283839,89014
497991303,1595196118,-601423354,1301676262,1679285075,-1859793253,1000127041,2128605717,1486556898,89015
-1673973928,644787244,-1336187022,2112913740,-224963914,-90010490,-1214888840,840186218,1483531690,89016
-1479459937,1708236524,-1547470406,-1357738915,1294420784,1565467743,-279239217,1536870375,1714295553,89017
-460997834,2022098197,1004467353,-1478613897,1630439975,452988922,729670463,1158666197,-2052425725,89018
-2048323889,1864875165,-720543408,-1383390077,1586155689,702636697,677593018,-1267342820,-937635251,89019
-1365558255,-1676372567,1173584207,2073787439,-507752451,-1329029688,-1210760446,-1642773492,498097545,89020
-114468365,1152348968,1078811416,-867672801,321421617,1367084093,-1214212303,270028599,1923013224,89021
1623135599,-1839230460,-921704130,-1592707985,1827835187,1268779260,-1214962188,-1184564085,-467926359,89022
749980290,1237267955,1867877322,-1320331048,898252158,1971407452,-45455018,-688357504,-1504032950,89023
-633777979,1900257301,616266145,1895203528,432002017,1119821251,854496808,1511746980,1611774090,89024
511281847,-578227936,118285698,1694279655,1061962347,-700665328,1306355902,-967292546,257765152,89025
-832040749,1347803485,1409226635,85621708,1521781428,1170948510,-1230296322,-959903857,315566224,89026
672475025,631621183,1957641611,-1558602271,-1251122371,-1504631660,-321231047,-1374615955,743914659,89027
-786246185,917939689,-868995350,193404379,-934056215,-1827341181,-1091938063,1928231167,612028005,89028
805182983,-2070726902,1732780616,-286586250,-136958265,-553021823,1710792411,1828003852,-926301130,89029
-1215139669,67767788,-851078158,-93402436,-1543791278,353920760,-253970277,-223866780,38057015,89030
-1541665694,1323864236,724695708,-751494641,-701041792,475694819,837076604,-1179663232,-1299456027,89031
-1937006680,-1398118492,720356003,-1250371068,1469105294,799504403,-653160565,-1821768275,569009203,89032
575184336,-1541836107,1525149490,-944064970,-101561381,-1162327736,1254598040,1706166017,-174735562,89033
1582434178,-1800525449,268899424,-345943278,636826193,-340666899,-1937854834,2115838894,1795539265,89034
767373880,-542494724,346220485,-295588833,1496437363,1498004200,-1712366606,-808281190,-541942581,89035
-612515855,-478215033,1433464846,678337874,1922567363,-2031592945,919163322,1697316115,-1394585174,89036
-1908035285,-1609572399,-1345762500,-395150750,-101047000,-1320752311,602784663,1210485229,-1283957219,89037
-144715011,-781079955,-1055331139,2073054983,-1075864578,-179120083,-833990919,-1264677188,1325500933,89038
282848865,296713597,1183454361,1747949323,-2044339050,-770002330,-726102154,1988702503,2020314314,89039
1516499833,1184167963,853042213,2092496329,-2135982721,-990184205,1199644098,-39918783,-1877814996,89040
288424557,-1446989627,-1139593854,-480274656,1214333994,1404930682,-1107943767,1047769693,118974743,89041
1390851792,1633922167,1254690685,274157258,-211047354,-178937732,-1241607111,692473717,-1298707112,89042
-1824117938,2071687591,-645215998,1525349236,353902640,-1528252589,-1962253639,2059628223,762281872,89043
790647053,-997401833,-849397757,-1477549693,-643032962,-741511873,-58471590,820205945,-1397028900,89044
-293787283,1246217768,1254242596,-2048863525,1128466337,839181418,1267301648,-242447363,106049928,89045
-790588430,1701808603,591451007,193264769,1150395527,-1574337503,-1576686955,1271091605,1529558709,89046
-1211674387,-449919847,-1265608644,15867217,1218691372,-1354250710,-796336953,-33595677,1122106652,89047
-2068212420,1016177606,1102608210,-98294141,-328603954,589073138,1349966059,-1246777460,1613183530,89048
-1841503419,1763673093,-219963913,-2082275632,2068482177,41545721,-1704923906,-335076348,1681009519,89049
-1869810730,-781444910,-782108541,385775754,1453881138,-1500458447,-1210258570,1428499944,1291579814,89050
-33869154,-1034155598,-115364721,-516610295,-808082496,-528494921,825209739,-725854449,-126993380,89051
-267866365,2012734477,1720275439,-328463654,-1978406675,733210569,-1799833742,1861406581,-1448224683,89052
431989994,910585373,520724823,805015667,536922758,2001040664,1617522910,745362883,1892039585,89053
-239220219,-195501405,-1328335765,1024381648,76690446,1354805536,-1366795249,1614387546,1952828378,89054
1716576639,1248086191,-2091222440,2057581798,-588437738,-1376184361,1854329751,-79461180,-1971406027,89055
891331494,767590697,1580029376,-2048102249,-1636321244,240770073,284420590,607254433,1667984863,89056
581182794,236922922,-118632127,814976434,154186214,784107536,-288388096,1259427527,397924183,89057
279152083,363626869,-713447072,1517183287,-1557211770,172767771,1489142975,-1862302095,614970659,89058
1204240972,1140757758,-864008179,620478125,301743089,1891808571,-92967910,-1562427807,440915558,89059
-1655336749,2026722421,-774610472,612157118,-1303229302,914802529,1562933514,545715986,-1523984982,89060
1633721585,-528621740,-1651490315,-431028178,674077499,585388094,628912725,986031001,441879897,89061
-1133855230,271516972,248176732,-1342486526,-857729914,1679189478,1932684040,911437437,1237017690,89062
-1578632103,840817789,1285933796,-1536930548,1199306245,-1268158700,1401426772,-85363986,-1637370150,89063
-32329839,1400836070,1299876845,1263463948,1585778505,111822330,1573103015,-1926443074,1815769056,89064
1798118825,2007996517,1775217834,311905175,-270554525,938063086,1109209755,-1945339021,-1050751162,89065
726863575,-646503084,-302680789,-659866226,1332328159,-2045856869,-1427525497,-1952418119,1685159164,89066
1325335541,1242775127,-211224136,1234469036,1350066762,1235540926,-786728602,844819995,896468148,89067
1784633557,784130160,-1908236019,-1735288622,1973988883,-969012521,1150564949,775966366,-512222470,89068
-596239005,-1060078692,445410387,913708338,267448072,-201905321,840339483,-1090888882,464262471,89069
1645460174,738596639,-1785785191,-975599568,-1721064703,250646327,-1710392088,-432959020,63879745,89070
-397273345,-1773520700,47652175,-1962779031,1550017815,-841668192,1565539287,1210684895,-491250735,89071
-792807055,-687266770,-988441847,1449407899,-1094411872,-1046031946,1095623825,1815866767,-1689857576,89072
863906287,-1374362166,-1914266877,-1425349520,-91546395,-1055927029,-779025877,-1427606336,-373712598,89073
321848192,942693263,123086530,1614783776,1889937464,2134075296,2046561033,1099480935,63603376,89074
-1445162239,1532120771,847828623,1883002732,-93367793,305082340,2071284298,1986164754,1449562743,89075
577938261,-1348343499,1159997755,-673092003,-607894969,1885804941,747822642,363525092,260719465,89076
551784694,1877443244,1832941230,276484260,-1555552648,1191094967,1532368894,-2049552555,-488323071,89077
-2074933899,921735868,804046745,-461107992,-1595451268,-755133272,-239844075,80858386,1819637987,89078
-33372690,-851161262,1612589905,1260778866,1410713786,1334929659,-129650808,-1126012350,-2066477750,89079
-610204968,-1975456007,-1904899463,1862449180,724415314,-562936056,2129113196,-305326190,1352312487,89080
-1935430075,681499817,-1451056519,1977867327,1739494778,-274702114,-1631004947,-1904093303,1515155422,89081
749186220,1517089962,1180340805,895899870,239868510,-667572819,-859627503,-1099635673,-2119113451,89082
102394454,356380445,73643201,-990014591,-304070523,-170132904,470708348,-1407088224,628727015,89083
-373747032,-67646063,1393727883,571204681,-1957785578,235950318,-1149830646,-879389377,-904439746,89084
-1308042520,535941021,-1703831743,-813035034,-110667413,991526627,-1993172669,1101404931,1145839563,89085
1822281247,1008903568,-30175013,-2112370371,1042016402,-1378912599,1988033172,1379848386,1891548454,89086
-608107299,642002356,-931315791,-509770755,-1415184452,183768044,-97366749,-1065939642,-427483160,89087
793064946,-728203552,1116326277,-1966819185,333092102,169455168,-961017954,-1833606354,-1590539866,89088
802975649,1002366519,-525251349,1844875576,2026033356,1198487460,-1223280160,-2053973119,-1432913308,89089
-1087271205,-1148684270,1545059447,-2013231139,1165476055,-1499530656,532348519,-1108897007,-1597653238,89090
1059898995,1675669508,-1993767010,1677565686,1536483430,-1312655377,-1515901175,1451896244,-464198971,89091
-160496438,1819345304,1097507765,-1165106022,1958648978,-372996834,-1585037503,1611585506,-255933504,89092
-9771787,-1149551043,-174018944,-1310688808,239899755,-827840515,-1546792473,-496678965,-1492667179,89093
-592502350,-1170560198,1194661406,1346250358,-1224610377,1608019444,-2037403682,-255050253,1342141812,89094
694883553,-1372850036,721709623,1758938706,-1183412652,1248292044,668101460,2068873043,2098516313,89095
-1933093721,-1981000692,-961461040,464693157,129559554,1312184696,1021142041,-215541612,-1175441688,89096
-1253290882,1606611658,-1994357251,526998534,-1141558238,-1063997648,-1892435125,-294155349,1905805391,89097
1062972865,1775883761,-294897878,1436551255,319355698,-1079858492,141743256,685631304,125291246,89098
1271257028,-667922738,-1559816515,1111322819,1644418377,499499056,-2061372174,-1899097132,994579674,89099
569937002,218748213,-738360007,-1502618421,-359701141,1554171907,1290968428,103447658,270584712,89100
-680872792,312280624,-696294617,388091131,-2092968151,717581028,-251913754,-1179550124,539375048,89101
-772462455,704511272,1992010194,1004716011,1317489037,-1103633447,2055003382,274596792,-561166400,89102
-156575699,-195021394,1939538226,-632249198,-404060666,-520457379,2069185023,-1767839088,-1084941198,89103
-2032644002,-322149380,1902530150,395763621,-1148307983,1799036486,2065710029,-1267047331,358785061,89104
300536781,-822508013,428272467,707945490,-1969551252,-2111650092,1039725975,656961028,1162155211,89105
-1174771345,1392838041,-1255478990,998715627,-122761962,238723305,1861829477,37890994,-421055431,89106
2109596720,-502607917,1053228814,1031461359,789763707,-2145332501,-1907227229,577280446,-364629162,89107
1172750655,226081623,-215917575,1136221227,1126399398,-132804826,-1316382851,-2082769713,866999801,89108
2132018726,185523257,-1625595449,900816152,774333385,598513000,1030573339,710905260,-2146372744,89109
-1187794679,1337106659,-650892525,-833461108,-726704535,1379040377,2076382485,-1145669776,1793991895,89110
-1588123492,-212099184,-1422584424,-225374964,327383635,2039965505,853170307,1517302348,225912355,89111
-1087884857,685685945,93694355,-1475332365,-1984047036,-154607156,-689816700,-1297234875,-296506548,89112
-849041198,1071185956,1052675975,43839188,-1389315833,281823458,1796885322,890380025,1992417520,89113
-469605506,-1265153752,-1520482695,-29693901,275375556,780869240,-460986609,-315764186,-1568672387,89114
381175724,777124633,936726273,1210019481,381763354,-2145001396,1865183314,1789615325,589565615,89115
1206140565,1004112700,512300016,512628419,-1846032078,94564759,-1736179136,1006834521,-1803655774,89116
1092943811,900290810,-2038965630,1020630184,978337386,1469370211,-838585677,1886012843,-697225487,89117
-926637460,-13186092,-910786146,1043723248,-1026556165,-982655119,1612820887,1346546560,2137837625,89118
1883223296,1253143554,-205377134,217836823,-2038296079,675389864,-1855470200,330065445,5855607,89119
-222864774,1275581639,217037366,-1565734241,1947210817,-1371400934,-2135889122,1935670220,1626498945,89120
1039955617,349501461,-1911564531,-140237664,-1410031889,2083972099,-1347538234,890461976,518426715,89121
-10516641,2000937853,-177271775,987397350,-1135268944,-1337534952,-363494489,1649917212,1790326976,89122
-1664768542,696260569,-1030297482,-1304624537,1286006621,-1104166853,-1930168874,-2121950203,1256112882,89123
-2080259995,706371852,1395780598,-1290049280,-1796650576,-359904575,176233200,-951547799,1317564654,89124
-781298836,-897720445,-2101174513,-1719635098,-1401531559,-566129214,1207670975,453466819,-1536344085,89125
-538279626,-1428064946,1288709405,773174808,-296772365,1562790905,1713388719,994429771,-404278490,89126
1888127541,1467152230,1989771129,1299670516,-986462190,217020692,714756717,1228683065,-68436509,89127
382929581,-320106747,1286684745,202295380,-1529772383,1344012754,1520045846,21199288,-337214816,89128
-521442419,1050136527,1309447104,-957276957,-2084804614,-1311130428,-1431817248,-391743018,995259126,89129
2007798658,1433156645,318346750,1873550685,-176072766,-92326866,-1898433423,-322800711,-1102162766,89130
-316272371,-1197105895,125700641,-872416495,1846725051,31664111,1945840781,-224935037,-470362882,89131
903752429,2035111849,-629796537,639025183,-1451035207,1145704381,-1760638144,-1832826654,-1342025690,89132
-2079562385,93965109,1260090717,724052068,-564924751,1629280728,-527927219,-819702052,1876108192,89133
1877846545,-1820791422,987929699,453438699,-1113948123,86930923,-1268671675,1627683990,-658350284,89134
-1967527804,-1801691489,-1039411470,-251450015,-1471570631,-978894701,-501795455,-238336571,-117255213,89135
1916693632,2101026050,126584947,458264962,191755598,-929529352,-1487699421,-164671505,-1115854991,89136
1141852525,-1250612585,1337713351,1313374256,1179012475,-1755489051,712481210,-834232399,176697299,89137
-2036276534,-230797961,196671437,1044478444,-2061981692,-593989326,-42810312,809004783,1972293265,89138
692149116,238552879,1936572475,649160441,-830030158,2023076065,89041504,-725695883,1840624380,89139
-1653340364,-1121781635,1729307314,-1703082108,-782734843,1189312210,-181247804,1787581810,-774555604,89140
-341467465,91872157,401311548,-1859515510,-1101275773,244960410,2038236493,-715254359,-1674605198,89141
-1547089652,-484164873,-683309518,-80421367,-257098221,-1930680579,1372523126,188512273,330555027,89142
174611660,-1779153544,647274635,1039192289,-1071316964,622086033,1028895275,-668832500,1097184713,89143
605889167,865171023,1026035902,-963701585,-228244285,-663353325,302725232,-1937603876,-1240133411,89144
1242581708,-1376465725,2082857397,-195560963,48105568,-1131566858,1669889675,-1897702321,155780552,89145
1442738318,158381467,-220375864,857280338,588202914,1055247985,-487961212,-1425207547,-889291654,89146
-1870539087,575396060,-954822836,1226147812,-1185269744,641792571,-858269282,-154769416,-1068397023,89147
229841532,2104152450,-1043679805,-1766230684,911527592,505486181,-1247385834,1949521219,-1331004090,89148
402974307,-1507798300,-762684131,-717640355,1289589564,1970142088,-99646540,559388315,921568458,89149
-50362326,1192379358,-248486343,-1035591428,-746254079,1149495630,1373559035,-877840024,-1211095404,89150
-334093079,1385525792,1402056308,851693872,460087446,796674156,-1477305752,237843737,1791473411,89151
-1875045679,-130224997,-1977667490,-1222857054,-95236596,-943465513,621986390,-488660884,-1671286737,89152
-1371654474,867238800,1868909785,16276520,-54445483,382088005,-1213698024,-1774953191,-1713252573,89153
-716532455,1875438868,610204381,-883949369,-453734865,-1929547509,-1968876167,-531260599,909841398,89154
1932675673,1392201116,-1332212432,647556434,-1730184343,747732957,-1769426894,-1991026766,-159746101,89155
2074297126,1721120679,241725645,-1730855787,1590861062,-543774599,-21061854,931593151,-938905531,89156
809602535,-365074289,-2000864243,1218268466,-12268439,2113152349,-1820670404,613528951,64069990,89157
-778624982,2048002456,-33375392,-1682981793,1223590144,418628512,-32296690,790977695,1757678209,89158
1123185261,2019571881,1480097730,614521891,212204207,-769949672,1261399903,-2113277320,1136440862,89159
1168651089,943068509,-46218012,-1151812541,-1669034283,1765811699,1328375925,197836895,-382407938,89160
-1441225445,-1819770049,692941460,1049243072,-135076753,552163288,-568158664,-1201345497,1871020064,89161
550699116,-1226218455,594947019,-1405793069,-168369094,-1298509153,-2093142075,796223932,1844199699,89162
1252372092,421687283,-1606303771,-79145083,200624541,1033842376,-1969254434,1052987119,123329107,89163
-780628108,1864686922,-1138951026,-1749108578,-165216073,808918455,265166892,-470758614,-805145156,89164
-23082745,261336451,-1516483989,1977422787,-1061780058,-97695761,1779657022,-1542679814,1433851483,89165
-1687686900,-660179184,-1244630102,-249919168,-445341802,-2116593190,-1266534426,508312902,-647885934,89166
-18098860,260565432,1880498134,1203379185,1118596859,502408776,120283561,1562428779,224964904,89167
-151945279,-1860558772,-789474960,1968235909,-192258226,1754118953,-1506035440,1571865780,-786514705,89168
-1232434013,1920869179,-1264007988,-1632966648,1603334296,-768235738,1758025214,895968022,-328846278,89169
-1409474071,-1147304006,-1000722856,1629460966,1438156067,1878627342,650334549,-171724951,1905541533,89170
1613650471,947818735,110785094,-1550925613,1824147907,-914586294,979893958,1292399230,-341499539,89171
1711437412,-1491254899,-442861044,-723824948,-251668809,-1275418892,958673028,1337910704,328308211,89172
-1632004992,796770983,509554671,1828970388,-1287509299,-1191168402,1740073215,-362312436,-1428667038,89173
47692602,2051159957,253246359,866607251,-2040722131,187788593,1569002263,1538959693,-983519361,89174
-1118232475,1302052388,-2129152012,120091872,-618628207,1695051919,-612986154,-309995718,1954338002,89175
-393743031,448909434,-1360587259,-496425171,-31461719,-430546226,1807009143,736973501,171606967,89176
889395674,820542349,1118617810,-1318518096,-525422327,-2123203040,187914875,-1651590950,-1136490282,89177
1702212093,188161150,809984375,-215466501,168153074,168620861,-501438877,-1105833366,1053448679,89178
2144862046,869767745,-289006348,1372013865,-1003959032,-347324345,-82079335,-884057544,1169601752,89179
-396213268,1273836414,-1789494414,1195959037,-597412274,843835779,1021715944,1752051833,881741471,89180
-659339424,232374584,665402372,1139767435,-1626776264,44143436,765277491,1265019141,-170648591,89181
-583612221,164473725,617310495,-201668586,1108641568,1230992390,-1807895033,-897937410,1787718217,89182
1250549158,956944956,-626381764,-1727800327,658917850,-263374383,-1291376893,-326612879,-1858543986,89183
692572430,-1357189522,403505715,501365636,536766444,-1855635984,1730586240,321507279,751219656,89184
-367650626,-1725688450,356826921,-2061074916,-1663286225,1458894531,1602369711,798474343,-1161285889,89185
765158850,1380974488,-278042705,1144386662,50459403,1295802775,-1093092736,1986119641,1922936030,89186
-1031994970,745447556,1214118262,-1713986974,1813110530,639957264,1229581101,2068895725,-2004717516,89187
69027079,-1250862228,313692977,-1819812958,1172458263,97046437,-2114706062,-1504198919,718597510,89188
-448662005,-1965782515,-1123891602,-711933493,1832343692,2052995479,-957225559,-387696281,1899131544,89189
662328094,1450095539,2116235854,1833998345,-1707419897,1881389222,-1063853617,1185157456,-1208395570,89190
758494105,-822453137,-612152920,-166542066,212369083,-325551309,-1928982110,-1785306442,1198708226,89191
-668501495,653026886,-261365425,-1185842888,-396685741,885096953,1804083446,-509735621,1293934477,89192
979844443,-342004358,-1778561633,-226368228,-165531165,1372493481,328840630,-1446758490,-1998959710,89193
904300335,-642354174,1108294161,1105040721,-1058462933,1884526051,-1223827928,1584578601,-124925394,89194
-1837316379,1718168495,2090245212,1012343523,1039073973,-1979758728,501825595,-315550955,-1317360703,89195
-868322985,970580777,-1541142870,1867504937,506550012,-143190395,-393403821,1040735953,-1300139606,89196
-1908531454,275497204,-1584467019,805692038,1659608053,5286592,222297745,1890511076,1626433820,89197
1116568743,797549539,-1609533283,-1404834451,-1698153082,2088756408,522850065,-952932517,-277626383,89198
-765276676,-238332155,1408700383,1318886230,1969181462,-1030913064,-229738481,1515068231,-602202005,89199
-1078035993,-358294371,-962312681,1036658420,-1355271578,-1278393688,780326426,839583275,-1531281009,89200
1990746997,-766223977,-1045605219,402091410,-2112509141,993013042,-685394730,-1899067992,-94229553,89201
1264495021,1988996190,-394886387,-1338288403,44315332,280327614,-469797061,-998090265,2005180896,89202
48637775,840278581,-717610296,-408123277,-293684056,1417356976,-1896369608,-1598635977,1345100756,89203
592319946,-1849293989,1979393501,2134104946,-1691415424,1292742504,-820945301,-1327017087,-1498776994,89204
762111830,-971527966,2064440679,-118278907,-2092939841,584653002,1051926268,-491164495,-930516789,89205
-1131519885,2063332332,1030014076,1965537311,1463845480,1967226225,-934027395,-576825424,1203368748,89206
1833006627,2016596701,-599946832,-882224159,-1925460444,2046222226,-1655106827,-2036478797,1999533428,89207
293805976,2070784965,1513191374,-758435348,635552116,-754003455,-1775173598,2100735508,-1748447993,89208
579256878,-2113564113,-1247131150,968435172,1662936340,-1749765852,834029502,1835434232,961369325,89209
-424561690,631040111,-1985495307,1461327153,2091775920,898925089,-1213487020,93288943,912142299,89210
1413145664,354344188,-840901084,-161693609,789444440,-1555480917,979018311,177371389,-557627228,89211
-2118740792,-19840629,-710505764,800939800,-492057679,-1598063249,-1146353030,795822724,-471256581,89212
684186782,-127105311,1833308283,2122181556,-733094577,-1997891720,534358801,-2095551577,1543545972,89213
1597804194,-2042651196,-880497961,485278095,1923762857,-278714589,331150742,1231322944,-1683968999,89214
-453745921,1610613738,-1356454537,-1179311186,503920343,1670991551,1185281713,-689723520,-114076288,89215
826785347,-885386664,1700194961,-1248353400,73902532,1803000628,-1994349721,1744990243,-289414284,89216
69572612,-1357864188,42908953,1269719770,746973845,1595975602,405767023,-497795577,1337138891,89217
1232763322,-948352980,1285164418,-1588983504,2061009715,-1902957348,694367739,-1581478867,-169655350,89218
-1133185353,-495383334,-1045514454,-1478220339,-1135079760,-708821116,1321141726,-838280989,-937117418,89219
-1796844487,1225677277,-392049382,145600172,1958139914,-1013493710,-2047386453,-858814482,-1514046675,89220
-2099180908,-2062019564,1679689362,858215188,1974912637,1128054999,-1606695090,342610471,673651883,89221
1772725695,-395296570,-633184692,-1675051964,1060689785,-374110134,-101237922,284357742,1416472537,89222
-813428513,887138175,860098501,-149780901,2075414718,-1464720941,-867870723,-1147771533,518250622,89223
-1581488741,2128722277,68285711,945253295,2104329707,401856777,1339712814,-1873450073,-742529814,89224
2057594589,298380123,1802519389,1385129132,-1964433419,1700615637,2099679113,692491883,-1188521177,89225
-48676875,1445529697,1240520628,2014770689,1076850795,1100478741,-1348113511,361763563,-2055018002,89226
-289839632,-611278137,746515069,2104333394,-1203352764,160451330,973620506,-497137645,1850165877,89227
-1794431617,1675808398,-827345758,-874131129,-1836941791,-1649328979,474214982,1701835830,917365162,89228
1538388045,-1859712916,-205972578,-328571056,-689062345,1178228136,-880401880,-617554190,-1787120730,89229
1365812963,1542148832,-1965621241,-1809936098,-1389621444,994023587,1055335031,404984056,1724499317,89230
7979918,-612047329,-1337817300,1836144354,-1638184472,-1203428402,1429666695,-1398492226,-31569408,89231
1097176415,933508159,-67286306,-438024523,1107989352,-811001384,1821145141,-49984364,43485736,89232
615746549,-1999064349,599136582,-940398792,-717567279,731574761,-1825681493,-818791629,-1902640764,89233
-1184834443,1793887137,849343030,1317190938,-1117216136,-794347336,-941005053,-644666771,-1930666211,89234
-1590732029,338260380,-232403113,-1669609344,1716399949,1782922256,1412207017,-1363603952,-1754983870,89235
1820609286,-1848797650,1780968596,-73436989,-1351751505,1109201491,942268016,877077015,-2085156940,89236
635584829,19975200,293688726,-583908276,-623228176,376540166,1869085556,-1315410874,720073255,89237
1524816719,1750391037,-1144554084,-2144381493,-457576116,-1339615669,504170043,-1603893354,1650472802,89238
-995770072,-837857518,2003556930,2017738226,-1151118106,-1613281304,-373153274,2119972812,-119971515,89239
-1823627821,-702149887,1831757595,-1005497064,741868594,-1645157172,546806269,-590137746,-616383593,89240
-908454608,504039827,-1690174733,939443700,496753671,-216264375,526511396,1520774720,1417959688,89241
-1103698483,-20476918,-1982744205,703892538,-1820137431,1422326358,1410872657,870472714,-412259263,89242
1126320963,-1743677153,-1682440176,-832127171,11388865,-937779950,1768858468,-1793187189,926517935,89243
1948447409,-1695104924,-538779423,-1413423815,-1368986323,-83045253,-1318702373,1758755805,-1391177671,89244
573875188,-1258554739,-378277304,-1599203686,-1441442787,-1115076956,-122167431,-332870452,1769521457,89245
-973310237,-957064282,2029966822,524296976,201513596,-1421412472,1357036075,-1571682072,1051170923,89246
-1610476093,728917517,-1226521359,518057239,-1728218491,2117931499,-146424273,-1837656289,-1198521943,89247
-15463929,-1056359166,181956374,1185960418,1052044349,-1534890459,-1302335268,572966167,-715265576,89248
417674327,-1254019641,1716028104,-1635735771,1202969297,1148124434,-140526140,2033274367,-1531550017,89249
23289667,-128927564,-1917554999,-799955241,-947007386,-811755832,1584785867,-1997438601,1250384229,89250
-1824552384,-929832812,522245286,1769031485,-744771283,-1406999820,-550995469,633207756,-1797170332,89251
-304247201,-682048957,-1672092644,2116612928,843491182,2005936538,-462224987,-592754529,-39028793,89252
-100064852,508730516,-675219441,-671160864,1083988867,-633974086,-1209662412,1632362051,777666406,89253
70361592,1757269029,-1362996364,332958350,-1718154117,663165630,1045230840,-65867015,-1249075519,89254
1536593700,-2114277664,-2014329617,761564375,-479913942,-1814203781,92418963,-554552451,-1330226246,89255
-624219500,1050775802,-1085866704,39887366,624800788,576347435,-205968385,-589188998,-804591889,89256
-1587120839,1224699496,-473700551,124577703,-415504170,-1345846207,1675299332,1614742327,-199299917,89257
1825459931,-157419284,117387145,-292495219,1972047223,1431410829,-126530059,-1326545712,1231749095,89258
-440522869,619837509,-222013074,1629463323,381226422,674281290,1154336259,1731892020,-1388887912,89259
1576790211,-1055687494,-1738523248,637819108,-224203239,1934325852,-1604832009,1365826084,1254051763,89260
-1696769160,-449522343,406956869,-1249436224,42392817,2127744861,-1296020428,509694716,-807911866,89261
-1548004478,-1059701688,-1131518219,-583147718,488764447,1728302823,-2071740466,-1689519174,1343252599,89262
-1501518519,-55294423,-51589304,-913802300,63827322,1818347046,-2117390067,1967005499,1762356071,89263
-939296040,293616613,-1519820652,-1566491474,1784789846,-1996010392,765665457,1749538456,-1209491137,89264
700496389,522393485,-804150416,-1084748053,-645663306,-63330453,1380078289,241814429,-1526428840,89265
-1889391454,-284683998,-2044999340,1992540860,-1087585173,-1632495975,-1507066014,-449828722,-2097031284,89266
-1794923324,-1032411107,1899243156,544924720,2000013081,-1953431903,40566161,79085437,-862703015,89267
1703616526,1860045727,536040970,-579291398,-1404896973,-282324358,1861310636,-1715732836,1326991524,89268
-1256902470,1524757160,-1718306096,-1589462815,-242925157,705416301,-1765409984,-372976858,43368229,89269
114356245,-1225173165,-2025854540,-137151930,1911356529,21193507,254313292,618874434,288748657,89270
766188180,-984483201,1822545948,-550730145,9573990,2011172181,290446046,-991802138,939626310,89271
1816641111,1604813678,-225836609,-204555612,-1646232189,-267114244,1301876376,663165050,-2087847853,89272
1780254169,-1451824004,-1204336125,-602224850,-1156597925,-1867569149,-1756891655,-144655236,-1401812539,89273
1348568052,1219480425,523487935,568616919,-953057619,1209137718,-1057708058,1044336103,569561950,89274
-527193523,1663261999,-1519595621,-830079482,135014570,-954136572,-1882540948,1781618098,-1608782557,89275
1574617505,-242834184,55317586,168484437,-1630713268,1914007388,1231618375,-1651673953,130489955,89276
-1858930252,1588104909,1926459466,-1079526924,131308019,-789361741,-37545761,-917501293,1368820243,89277
1624202191,531052792,832923931,408652199,-1757415677,-1969808658,-1645909301,-1525695254,-667658533,89278
-1153213639,14525725,-987969429,397863758,-1726825124,1357412139,1548105281,-2050302271,-119334985,89279
-270774231,1577583262,1126951431,-565874743,586631432,1131981816,-1499395947,-723422093,1981714778,89280
-1965862228,1341339819,1962263653,1337688967,-1398217636,1462022863,1076091299,256610351,791423033,89281
-2074137626,-543300487,-2039744363,-1549594692,-5695456,-1888019753,-1562835595,-608770321,-1592114894,89282
1495314540,99756157,1998348947,77996312,547437690,-611168462,-808131578,4997094,-1331236999,89283
142879870,696958325,-1242995879,390666062,1635126814,-1582251579,1420625455,1880873001,334470060,89284
477496839,55765007,951141739,1134916498,-1247065319,509744385,-573769373,-1027859671,-1943027500,89285
643287577,-646432849,659796395,386032139,915248879,-1897986481,-806179366,-772399381,1260642957,89286
2117741976,1800643156,-2003031550,-1475575969,-1976898714,-1109446590,1134134626,32264613,1500856648,89287
-1358064989,-193248459,1452248772,-1582474948,1494510754,1193787791,-1010736303,624469442,1041599595,89288
-1044348217,328272485,-1285787136,929713132,261436176,-864642696,-377592001,955663607,-1603407235,89289
174217179,1332576627,-1001336194,158906350,940566521,-729674673,-1584274231,1285931664,1605954735,89290
-2100140847,1285995311,-1865405356,647511445,-2124237194,412223910,-377023674,802908176,466617991,89291
1423763691,510936658,-1544907440,1828551286,1116104681,-42667141,365762113,-2042754500,1008118038,89292
-207004099,1342899411,135749360,-226657492,526210171,-1480476787,1977684412,-436974299,-954574047,89293
-1809864161,1091889536,-1328059116,237918256,628433910,-609156476,954857608,48674824,345685391,89294
1799857738,255430982,-557540611,-352449028,-1227945368,-1566491149,-627926748,-220543501,1221348750,89295
1152058621,2029467629,-359274163,533727897,-1444521302,-1988606520,-306969820,-1965693201,392538298,89296
-661690298,-581414330,1715050412,-862172861,-687483310,2139504769,1070954290,-811860389,-272924504,89297
-1334225737,1228291629,1174539718,443500638,-614555584,-53043183,1758457807,-1868698240,-60226282,89298
-489129581,976196187,-70970888,-1553530594,-554784967,-36576773,1948022880,-434206242,-510461350,89299
-175995115,1503936708,-1496204739,-273536094,-1974768868,1849566601,1774856009,-1364992855,1435971498,89300
-666303692,-2128908625,-272186944,-867356965,-346526490,-1313545154,1835820076,-1655817438,-2071486800,89301
-1268576567,-1544276937,2043037838,-1001787612,-443674408,296168326,343798235,483333201,-2018343201,89302
-1419159383,-1497896028,-184623791,1583512428,1561614752,-659234400,831807447,-143652805,2041439901,89303
1788955775,-795506444,-1388882207,-1750920374,98921316,87247701,-6659064,-88056824,-1793091527,89304
-1832170409,1095916010,-1392443968,-1243888948,112180794,-1079304120,804088110,1079343966,750312573,89305
1122461809,1990348550,-384533583,-1474308743,-657125993,645281591,-1241445988,-1445255486,-1587057985,89306
-398290544,-2093884008,195004763,498233394,-881183206,987049104,-2060129937,1812546002,1740686742,89307
352434163,636060448,-201259270,1476595424,286535394,1391507152,1763687552,-354389101,188432246,89308
-71977648,-1194845186,-1452719166,1388119091,1110473367,-2103890626,700839809,2121427296,1865702628,89309
1081085227,1470030697,1893625569,115942180,815688756,-1940536307,1355992784,535868783,-1424632661,89310
999567665,-643676410,-1203729699,307070963,-1028225325,-1302067596,-1944912806,139867775,202911267,89311
-2112614004,2044154798,-108973498,-196376129,-1096880120,-396381257,2028120842,-538968630,1948900051,89312
1006061178,1091546298,514156275,-2064844375,-1286560875,-549487875,-1443987556,1959702560,1495394392,89313
-1147601030,210931541,1448601028,-816879487,-716280378,112728182,-1344644058,-1600282224,-2142658851,89314
-513235037,-943289784,-2061132668,-1205721811,942654936,596661118,355986295,-90634810,-756109606,89315
-1629582017,219038442,-1149008252,623638201,-450753300,984111953,-344582405,494966524,1004329257,89316
516052637,-531238555,1744609153,655142474,-606997303,-364400554,442368801,-2135496021,-911698893,89317
-922770501,-1730191441,986892401,-1470175655,-204693855,473487969,-2062995649,1791663627,-889669265,89318
-1277484095,466464304,628211632,336495540,51269432,-2096329129,-624386964,927897245,1009046553,89319
-629894177,1506032967,1928497848,-616913295,-427139452,254050507,1264166989,-14812963,-541009532,89320
-1535384137,-909565195,-1325381482,-294186390,-210717409,888531856,-615050007,385747184,-1449572888,89321
-1958100827,1083934853,-1406820098,-662300939,-1095941826,727902430,1204583918,926085226,-607731224,89322
617015030,1041808502,-921011937,417977020,1320389020,495563084,1858058337,-807594694,-2130556921,89323
-1697721791,390617535,865241921,635992578,-166783351,-528348181,822865815,-2022511776,20301522,89324
1695744135,580566782,-971775331,-509048239,-17165308,811580189,679402421,1921632713,-1257406449,89325
-1775260326,-573533281,-618955211,-318448308,719415797,-1721728055,-202871990,581853032,948055783,89326
-192552627,-1844599298,-181854601,-2044694905,-1398480313,255171410,855477276,-1487984033,2140641156,89327
-1564916972,1462320803,-865433515,1346852194,-2013457402,-2122499312,1418206071,-611356803,-1505611903,89328
-151587271,1368978526,-1032926537,886351667,-1545188594,157705474,-1498812092,-507084723,-403778111,89329
-2051376216,-1962296336,-785594149,-401226971,1680648955,838234605,-1455189668,954809040,-928104419,89330
2122889373,-1142377245,1948168737,-1160979688,1410758749,-1518993940,1627708498,-827224840,-1594703815,89331
756613847,-1936597421,-283574455,-494594908,650757627,1354371752,-441903073,-276697366,1462250979,89332
687085229,1884104422,-1668037337,-1779901405,-1853764742,1044369760,-1886966396,-1464110188,1112821932,89333
2131924274,1084407829,548012196,1695714641,-1188180420,-1061887381,-1976928970,1461153064,623219792,89334
113106546,1774555882,-1497660419,-1444470163,-2056090720,-836797371,1745894050,-710671443,-1149058393,89335
-1379977474,7157020,1526667732,140868164,1390299209,874343818,-1300596728,506041946,-1721623138,89336
-1382868491,-1462988002,574857138,-1018453537,1575252893,12917697,631250167,-506077692,173788966,89337
-1843340679,-2135796386,-2035950870,-1377052731,-2014655901,-1750413158,-138715811,1325589914,507461380,89338
220767836,-651308861,-1241189376,217567153,1793357318,-155723385,2062240409,1201465273,-19668152,89339
858081914,-453016625,336240281,1803638638,-842455703,-1531240663,1276315659,1807490560,-340484436,89340
-1115698194,170007929,-604282343,1895273541,-1330588357,421876404,1720351646,750597949,1164253035,89341
109190618,1219069633,-373689403,1090064957,-1260037403,-1390945236,1031972002,-1069403017,834686973,89342
-831475677,-701223175,846639685,176483555,-1996158165,643803688,-510183084,-736972549,-415747789,89343
62842757,1229306012,-1676147413,1509741616,-1695944225,-1097511281,-935976436,2086854859,1638927796,89344
-1956767333,337814397,1021230325,-2064282948,-801627378,117800806,-2121023673,-1443055337,1412024801,89345
1092205733,134981192,-1161358739,-261905301,559240505,-1131070197,1007463693,1517271654,1953699510,89346
-419142709,2033449394,-491949096,715783450,-173795223,-443767828,-254046758,-1398997124,128555852,89347
-324949888,-1795021967,-1169637227,98400983,-793891343,-316486683,853980699,381529266,-1080114781,89348
645122585,-611226018,351162134,-801567279,-641259892,-1656457442,-180728969,-552501139,1388355162,89349
1880580457,-915839756,-1807337800,-1647367258,-764132487,1912581361,-55581623,-730723972,-1783228730,89350
-1149197244,461140827,-1590773361,-971538686,16507085,-1097334817,634831334,-193686917,-1560597969,89351
-783699774,-331944960,-2144542465,-668763268,-63599275,-1217148497,-1039332720,-940803105,736742617,89352
1756375061,-1966650884,-1838775464,-1238426162,271977401,-1269303533,1720527969,115898227,-115820675,89353
460731877,-446230255,568904830,1612334826,1136471850,230814878,-1319012444,-600101872,724349611,89354
-1189641854,1786803824,80758124,1475714422,-100995725,-71242744,-933020834,-260726690,-1098988088,89355
-990593053,-1044030704,2093686573,-1300284942,1658810308,-1850351598,2081529698,1079370133,1528917719,89356
-258076535,1522525477,2129050507,-381162365,1460728413,365513514,436809696,2058656345,-992754083,89357
-1695229679,-406555175,-1054116073,-847390302,791056707,2018657398,-239364966,394387882,372909273,89358
479519945,655840499,-565381406,2036636113,1768621829,-1114271798,-1080540840,-1891679526,1734173944,89359
1648325279,-1361307238,244588216,615536498,-453432452,1998674243,2086987599,-617474240,-509583069,89360
-1176844041,1207116546,1669264450,-1365718768,428620007,1269015073,-2106313192,-1535912891,-294696778,89361
1956401206,-1798060706,1151742833,751697176,670909191,-666354767,420462419,1946549350,522218431,89362
-1875933891,1027707430,-43037656,389623748,-473143491,-729890820,-635092815,720272627,-293382560,89363
413903763,404501975,612279663,-183221301,-1440710994,-1430638282,220058453,-682846876,1670686084,89364
-259448669,812064019,-1669464608,-1007606388,2082983781,1643435748,795026466,-1569679097,804752606,89365
-670147707,816872987,1740783486,838482609,-2128963915,-1997263682,-250847544,-1826310374,-1536186355,89366
-1439932061,-1696154833,1127167923,1408564215,419997260,-734694002,1777893810,1676080796,-1045715578,89367
599731267,-766263030,-77672889,1088486945,-1740164035,1908784338,1712371057,1721705397,-1649862001,89368
-183787635,1174250908,868653507,-1824144303,1066461083,780508640,-1986453415,-254973263,-1797584500,89369
-2012819818,-995328592,-263468681,1190370082,-545229068,-1510720383,-153528956,-2048894431,-798291607,89370
-137685095,226707476,-141284978,-92787567,-1790527889,-1101982396,1038913030,86441421,-1370444173,89371
-795190274,-1482241183,1842329238,-448889093,-533759861,689198214,1101466079,-1492955589,386312765,89372
707513930,1113522490,106475569,653735284,-1721131176,-96178684,714614604,-346557203,1796954094,89373
1712730683,1203704356,294454866,741938459,1811966698,1107170013,-247771150,1479303597,-1285695009,89374
874774917,395520737,312083950,1934347679,-1661030953,-2124987992,251165239,-2109296842,1895286218,89375
-1637066145,648144447,1248011710,1338678892,-481154405,1381456364,-1191155661,720357102,1476207569,89376
1062139127,-1267095122,1236999041,475479270,1224121861,-1378150359,-241563860,367257509,-1565128154,89377
-1929684297,-1253032216,-1777423486,1966609620,2038043096,-297716450,-1274745951,-553871250,-1972869430,89378
-1609862679,678182883,-1174001942,1574888743,1622906969,1508361502,1984466247,-586925033,1509544888,89379
191058030,1336530298,-1073235841,2102046997,-1897446311,1058837296,-363716985,1039427699,1557492747,89380
-1007939558,-2074813577,451239819,-1753162337,-352604927,-1119760496,-1107651207,-1938828641,-1740036742,89381
-1256382537,-1876328682,821787234,-1151466954,-1462240101,-1252817223,100475830,-829173147,-756679140,89382
-1423561788,1197204720,374154584,1881131133,-1021864902,1845440864,-1912875117,-764516938,1334005532,89383
-1137776272,767630038,634423289,1335639605,1021583796,-1034485405,1542567101,-481034339,460247675,89384
-1463936935,306896719,791689669,-1102118876,-787358693,473279274,-294561657,-775180646,-2137773333,89385
1534036750,69404312,1063310202,-913998831,-581106961,-1985967178,-623346777,1115881980,-1958625036,89386
2024996966,163569771,-1256900791,-1756200,-1879292964,472798114,-2023531161,-310403279,781733527,89387
-584181958,-1674280734,1954607314,2126218061,-1526387445,1436315934,-448038428,-1384028146,-1949232645,89388
2115033586,-1890420934,1402728741,645818974,-158638416,1404235103,-1617141991,1224393839,1962904104,89389
-812181955,-1912711379,454789672,-969151879,-651269969,1745814554,-929017279,1061729545,-432461156,89390
-725029692,-1398585974,-1256675234,-643539670,958333764,714360791,1711653701,1307519980,-2082244578,89391
-1176838656,-40545372,1937582793,-138792364,1225422135,-1791290891,1439308411,-1104570428,-153737439,89392
-43473385,-1558575660,-1210094809,1074258425,426847295,-369155530,-1392081659,174510963,-1182773548,89393
2126682163,1302442487,973653139,1940768650,-1787284132,-1282944815,1480691731,1467454824,550025874,89394
830120491,-1800221595,356625122,858084379,2055607833,-1723900650,1410691454,-536980829,1905131953,89395
-674793736,-1883513842,1229580470,967437257,-1442045437,1785069887,-1843438327,-891686644,1566725240,89396
-869719280,-2126154032,516017103,-1533346754,910051034,-198071123,201909491,-342460712,1572715783,89397
-1591606861,-1230007698,-1766647674,-419414348,-894056386,-194275693,-988281686,514800912,949376337,89398
-2118734723,1879666252,1996694694,-1727806600,2112933061,-2073627625,1771281636,2124115329,2044781637,89399
1454270959,-278342094,1396077819,-164310660,2127641398,-1332844289,-472429887,-278078487,-1999632944,89400
-1775509118,-714173270,-1365739177,936465108,684020840,1131403681,1233644965,-1480568267,-164066309,89401
-1327985191,-1125797083,58639235,-834512214,-833179171,1872042796,-689723484,105936831,2093685747,89402
568244033,-1639817112,316835219,-51290187,1146827796,-82326947,335104420,395144395,964796850,89403
-663603162,1555074261,-1252065503,-143283780,-1286265438,1562669825,637931627,880393272,1839423646,89404
-349832001,1504989185,-1048562328,1060906416,369854558,-1416081087,1201004693,-2141103891,1066871722,89405
-1291616584,1150865300,-713342328,-1538155593,2058465173,-498311995,504169130,479090843,-1136498954,89406
1907537448,142155317,-783757153,1680823784,1748577642,-868510389,512981,1533255964,833480274,89407
1523220906,1647464394,-1593168937,-562218073,857950860,-1135304089,881431635,2134433791,1702837681,89408
815348218,1634931650,-1584531154,357278629,2118095061,727119824,50654300,-1767825341,-989048012,89409
-1203801087,809228010,1803904762,814855459,-1781957872,695331607,-362721964,-1438054739,1777426128,89410
1119713051,-419412493,-1305917686,-1191985038,-1960840133,-1832836707,-179640223,490999318,-1423896474,89411
1862888044,277175955,-742839847,-1926277233,-106783193,125372642,609376312,-2075346502,731172578,89412
-1914495183,-296004721,946388536,1653797995,-1518161272,88503131,-1611863409,1711257110,-1058367211,89413
1275128286,1627555309,-1270543777,-679789159,1526832183,1275466953,-2022605973,-1884876133,2056749725,89414
-740486626,823404230,1208087026,1097522039,1770185827,-2057133793,-613027181,-434219815,1474028076,89415
-1223344240,-477010351,339965010,1757658071,-1696948206,74532811,-1420423548,1170580804,1160027993,89416
-1276922990,1017235509,366265607,-1228586277,338733679,-1817470634,1652312550,949830341,-1410953979,89417
-772220778,-929907678,-831941904,1425789450,879895823,-868093296,332384891,1381081448,-825927630,89418
-1767834940,61091171,1366945779,-937942114,-655119484,1563641935,-167370235,-1129181217,-1052987968,89419
-1148973456,1005095773,-371845007,1408708753,1048056957,169611936,-1023085102,-1261062986,-803443458,89420
1697184256,248567936,536577719,-843118022,595481307,518270986,-1971172148,-840410181,1366594688,89421
888962629,-2134818330,1586491745,635868389,268125830,48677877,220415508,1137316550,169109556,89422
-1603951909,1348283439,848069201,774248255,771794137,121539501,970207977,-516717488,-1629815186,89423
1235979356,995110252,1393616272,561559029,-1817407152,984981276,-1966432173,441756888,1055306213,89424
-2125817611,-163921160,1056923962,970964484,304703430,1710332433,-551102538,1552552706,1383607779,89425
1689484868,1036410517,-13034790,897143086,-749352317,852104413,-741553707,-1311948158,1544082901,89426
232028882,1343314233,-1843058892,-989677261,-390395310,-201619769,-701713242,-1798022086,1954213273,89427
1333653642,-910998187,-1951761750,2010347852,-127005910,716560170,1331477882,-1715166235,1235715508,89428
1554952811,1464381018,-506868428,1659219264,-820260952,850728684,-2057601054,-2060420138,-1716345798,89429
1539446582,442206280,728442449,-996879097,150987006,529717093,-1587101660,1603712965,1198886524,89430
529400933,391176052,-1792516028,2109748953,-951493020,-105071427,2111285430,296061296,623390451,89431
1406812312,-568457050,-781638150,1702728767,1355295094,1041941374,-1783102681,503310884,1869358084,89432
128475220,-1302905060,-172013785,2089993865,-97840705,-2133635875,-141295409,1311171993,-901535524,89433
-272686731,-165715855,1475376148,-1635353728,-1642282916,-2052937754,415524506,-1002812035,428585673,89434
-1784128907,80270758,869871683,-164771668,417550184,-1844735368,-708861643,-598407541,-1841744143,89435
513674165,-1548999938,-1541083064,1322155054,-2093230488,130261124,-1679684113,1779975286,728037158,89436
-925781959,48668291,-1027346619,1506492993,-252741338,-1638958079,-563441720,-932887118,852423918,89437
1095040053,166360473,-561947810,-444532234,582433379,1550583353,1718328003,-731588727,985896702,89438
-118709218,997610730,-610240251,299196125,-904540648,907377463,-632179993,1378192570,1564132432,89439
-540048843,-1764434899,441401849,-285344099,-1515886157,1411737283,743065597,1077236294,44977828,89440
1807817535,1955923074,1452158610,-447543681,530030061,2043823099,-217407059,1997526132,460123898,89441
-512498942,-1973711778,-1472788185,-1689860448,-133020428,1339149940,-1404214344,-1648833828,2081060380,89442
1734688328,-254400464,-1975422519,-978925593,-810019278,1431093808,-1010856045,-1271569427,507840903,89443
9639924,435452458,1790303393,792097379,-11469125,1741297883,-1454396081,602070770,504012552,89444
-311384825,-1750178460,-1797633837,1263307161,1064097017,976328859,-846658886,130927543,-1286952434,89445
-1548595701,-710590558,-1804862823,-1955654736,224501690,-1291963518,-256986079,-566135636,-1140096492,89446
201982545,-162233928,-1599855431,-1670502615,-1479504810,1762969333,2083349292,588595274,497008058,89447
-1715565327,345631292,-1784634739,1745146833,-1373117237,-1199182210,1001053540,-561622017,-1372034919,89448
720855085,-1712853359,1047659505,1388127132,648871106,-1938043059,-741082401,815396522,-1068168921,89449
335484571,1541900215,222342374,1605056159,429361848,-1057681729,-276379025,-405755178,2009233609,89450
518553123,-1761641301,96750382,818365933,-204102549,-304450020,1408233267,1462632200,-513789706,89451
-1691488724,-1530512349,559870713,-498184615,2000931338,988968921,-636876612,1376953083,1110737459,89452
333225563,1873604667,433265636,512945351,-1801583823,1424449444,307533087,338898060,1857115501,89453
-983263071,-1332419535,2021405140,1426369398,-1457913513,-1473668383,542407770,2003809670,534321277,89454
1195685736,-124463101,-433708588,1188544946,1970820508,1634162328,-684179872,-285766063,533721712,89455
