P_PARTKEY,P_NAME,P_MFGR,P_BRAND,P_TYPE,P_SIZE,P_CONTAINER,P_RETAILPRICE,P_COMMENT,nonce
-1657933029,552223744,1795770135,1594112545,273588870,-922118013,1793803275,1776604619,-2009341404,85451
799859497,-51606511,1591093786,-183818739,1630753522,-491494501,-1019490410,28517629,1404043920,85452
-601387620,-607729926,1013188437,321365290,-152965800,38898704,-1934200803,1436497694,-356199471,85453
212985390,-474914618,740025678,-1488844852,64757223,-1993188670,904374514,551103165,998476199,85454
1968574264,-267190357,-1367091878,1013304315,833919092,668086348,281137304,559220197,-843079339,85455
1359669820,-2004751329,-846853832,273060978,-2108810688,819323974,992422665,-1609259952,-1123067184,85456
1620133620,-819022310,2093785431,1633094277,616221012,1717540750,384621318,137698913,-1419080649,85457
-1973389174,-1890309423,30344309,-340460381,-1611441450,-1975970960,-702495987,-941146414,-517941957,85458
-783841449,2096243281,794415627,-1708231954,-1185958740,2031625291,-520822563,897919456,-24740190,85459
481295617,-1045150352,318310180,1602294219,-13814290,1078411702,2062150563,1806963385,1793090291,85460
471449601,1800935941,826204705,188630472,-894551527,666118254,-2050992557,529263990,-1155925729,85461
1688266515,1782796133,-2071795785,-1160851079,1330117524,-407487931,-1596412499,-1982522355,-1190872913,85462
-863367334,-1960739388,-405853686,-42353925,64247584,1317330947,655050727,986516730,1552853579,85463
-2103453956,-1187585932,434058579,2144795883,-1046821826,32425739,1332466436,1629754978,-1132512035,85464
-742388331,1582936177,1822525396,539731112,-1013267786,519427979,-1372562430,-1021920885,849823868,85465
1864695720,2114997054,1459020170,-1890009883,1021096924,1677838648,1615222530,1199518987,-1257408802,85466
715655265,-1958991729,590579615,-1738013514,-508204849,-1191375232,-1365217727,-1432490971,-323934187,85467
282708018,1527342453,648961492,1069527398,-338772008,1099736436,-2096501029,129700878,-1967412783,85468
-1824234597,1486951535,-1128062874,1533927142,-34748856,-41057648,-1919837740,36459359,-1974664375,85469
448371164,-1132670906,1015555927,923901888,-1782862024,-11175630,918823685,-1198917380,1462636896,85470
-1004889915,-790535478,1412476818,-232645918,-818020458,1048176405,1487628983,1312535905,30400220,85471
1474724775,-2119830802,338035405,-1047301135,-1979502907,-1072464257,652785373,-527699851,1902058200,85472
-1835882277,-758824379,-404176996,1853229410,586628727,-1195024156,-950428568,41547831,-361551905,85473
-1615291901,1363551234,-729753933,1990224590,53539019,-1347853769,884521415,-258664193,-1482560354,85474
-140523073,252581839,47777466,1139469295,-1596539541,1195518470,313033894,-1350784748,1715896914,85475
-353194633,500788693,1031838905,2134793340,-245631347,2144640937,579535659,1366775128,1783943265,85476
-1922288728,182661072,-1290179800,1226583198,439746515,498237096,-848779930,-599170464,999808384,85477
-1903583685,44970217,1586001207,914254382,539536702,1928820088,1573988621,1428549466,1362785588,85478
1498339465,-2031597937,-1408499954,1088031728,792565798,-1291018095,27639760,-1036253523,-1278675424,85479
608462911,-2086230582,-391363,1837354150,156531908,893602444,1595867853,-352381887,97437117,85480
-407249211,927463598,-1820562418,1997800552,2011891726,599743574,1307664726,-112012088,-771651465,85481
1696213090,2139609171,202220110,1771342162,746632642,1347306320,-106582938,1680009913,-1317276668,85482
1154634993,837377490,1988727198,-2054951848,-470308999,-160293748,1688530158,2117549508,-1322236635,85483
147975819,-454624377,-243078831,1162455766,-846971684,-2030900732,-966385339,-900806503,-1069992181,85484
56401081,2084630703,-2041064701,231200244,1923668822,-1969154695,-1809895156,-1341988520,869196599,85485
-1693929968,1788202811,2003628861,103771771,-1091106208,596693569,1125740611,-704531881,1535647315,85486
47555649,67830401,-1532242266,544093425,-2015423776,752947834,-1787183531,689109847,-179524998,85487
-665480708,-1113570163,-1372216215,-239979165,131178105,1024096986,1460712016,1796439000,-859491444,85488
2026918921,1444854270,685802849,-935064493,-576460449,880159886,-96182599,1713905318,385157450,85489
1362816427,-1791695645,-1696578893,-757001368,1003602816,-289283692,720781455,-1132327476,407294850,85490
-867122866,2034330609,-11910138,1654654101,905228378,-18828651,31717185,-1619515926,-2013992179,85491
-874517162,1183934141,-224513165,1839983421,1767012928,-433944030,-827578248,1825776233,1410707635,85492
1844852789,-1746005359,53532375,-251847827,1716520562,960879391,-739515090,1158166857,1369779624,85493
-55909023,-929358325,636003531,-679696723,-774400656,573509123,1410855528,375750513,1744066765,85494
-1540427801,-490622168,-913141112,-1056246767,838448545,1743404533,689183732,2077354887,522995912,85495
878478227,1815828101,871625184,-1422668883,-426068826,101445003,-951989761,-803005049,2050863667,85496
1958789510,-2127599182,675374247,-1910449647,-1531701936,2134037540,348017449,-1695290497,1384208386,85497
379416315,-395515544,946418967,-1362839529,-1852059341,1974584461,-1461347259,-741725708,-1747601764,85498
890206663,-629240264,-1212142495,1354588965,1799973227,-946993428,1068418451,663915360,34030147,85499
-380927742,710322582,858328459,-1361529640,-480857469,-1764882293,-567642289,269613926,1453672979,85500
-417537756,-1509944715,-596536463,1767542675,-1183161067,290910907,1180641505,2076291068,-867763905,85501
781804598,1170273188,-270394003,873992796,405900611,-716421171,-183198125,-489361280,-522024729,85502
1429963635,-677712727,1899019864,-1519328655,1952398663,1299562541,27839071,-680863426,1403886585,85503
233698126,-1297756751,-2105959482,951464188,789892471,-1147003532,-1886634477,-2017434649,-784023768,85504
940722082,-282891293,634042640,-1732458036,1510779800,-840736834,-2049291289,116519424,2117398296,85505
-826355858,231617163,-1258045865,-318255625,-1636309891,320523555,1769142856,1985723383,-900994224,85506
-208691129,2076039417,1381906781,1428521797,699193865,-1319939576,35822927,-1294642855,-448264385,85507
-1329166722,115882784,-1066325226,743392448,1558701934,-1466283310,1199794102,-877173827,546129456,85508
55349128,-1481690381,1715610971,1678679381,992545542,-315843987,-172249920,1074864074,-868782604,85509
545514690,-1697687902,972046846,-181602538,-939042679,-702785240,1332361147,-477951118,-570561411,85510
1009883289,1065853178,543467819,-2030778424,-1862619309,421486406,479847123,149731373,-1514496954,85511
2027553747,-1194654916,-736709537,-1716812124,-1550083596,1171752910,1241376784,-799191738,-1649563005,85512
1040204250,588923652,480501523,432286250,10862237,964055043,-1068582454,-888879569,-1952785934,85513
748980622,-1750753763,-272780636,1617291599,-1215264650,-146887673,1139717287,1280940391,256161797,85514
-1907801054,-1571618517,584594059,-674348207,-1326472458,1701076071,-1787439770,2095664281,1930846473,85515
-912684570,-472095873,1732669181,752917627,1255415362,-1387928983,-1723800864,-1162271891,1834850579,85516
1806053649,-1406947871,-464013140,-1591347718,724130936,1606197422,467543041,-769820659,1636771865,85517
782179553,-1486389165,214891540,-234228255,-162773529,-539414087,-1241888284,-1517559662,197682915,85518
-1048360860,1156803948,-332016277,-61194324,568498382,1163938017,2001226389,-1051095130,-1459088931,85519
-2035546457,1828780247,-1796842266,394605988,-1110419223,-650246527,-598712811,1114693357,-473989369,85520
599529143,-565579920,1346694733,-928970321,320385532,1247845371,-1117777490,-1144213510,-1853628288,85521
-849130254,-49785658,135820302,1859687561,-350489888,926346579,-2092441941,-405780382,1830634734,85522
1040851747,-1488621952,-1639755174,1834171155,248478620,-1061394824,714413275,-2013588228,-326262966,85523
-1544508044,-1968409235,-671490763,1635344938,129372906,730589346,982165273,-878729879,-1690090422,85524
-56330566,-81691097,-1396054174,282390303,-1843337152,-80189867,-405837481,1432220667,948487248,85525
1697722837,2024494492,1215268330,1752510990,-1032720064,-18164187,-1264906083,-773647626,1143196365,85526
-792758500,1051006532,-765814742,-1882323653,-394067281,-644996033,-356811235,1419105167,-1132412150,85527
-1301802867,-231104145,-1449664149,10516000,-1109467798,-1934794887,1513726783,2088976206,-949989652,85528
-1131445578,1637478303,-802916837,-1794547271,-1801012355,1297922361,-1046339336,1993925574,1784670957,85529
1109451204,938322999,-2074309384,48120530,-972639031,2045422355,-207231027,-310891353,1824072944,85530
1866512250,-881845558,1160360363,-2015104501,-1749346844,-1669515614,-355479954,-638123963,1933052503,85531
-1822126950,-1376311864,-1380261232,-622832836,2044204178,1116212905,1477758979,-148314251,-1462460802,85532
-1103475419,1837341419,-359855282,1289809834,-292411972,577246412,746867434,1981480438,1638659064,85533
1683801639,-1505487939,-619967268,995460192,1904213314,-1260118143,-1003680846,-1198806213,-25858621,85534
-83333536,-1828077074,-982632979,314261017,-1944481103,-2082404562,-259360683,-887993258,127865009,85535
-182605774,33194913,659925929,1249681573,-900705576,893576395,1100340665,44819306,1517930943,85536
-50262142,-133729106,1330258957,774878985,1698986062,-1081710586,379560659,1270558481,-1226642824,85537
2086576364,611471785,-1026898511,1052210054,28546713,-250065548,-940533863,-1956836830,746820953,85538
1683461290,1753896705,-1403850368,2058642920,-253883404,1543920311,-1867776840,-372324055,-402234590,85539
657092497,1280320469,64752243,-533864528,1321609165,53430314,-1023887220,-491617963,-1620131707,85540
1767924597,1079058779,-888177781,561035834,-1442399548,971135949,38878461,-87070421,-1516551969,85541
-970078409,-1852006559,1678088516,-1587293773,-629882487,-1178506350,532038894,-226815008,598484495,85542
-1822445711,105083502,746551478,-2140278311,-411756182,2109400083,1998258489,-1635180647,720293526,85543
1786799034,-1492182467,-948888548,-2084353395,1877995967,-941084950,944971351,-1488490525,2124287859,85544
1021945773,-1932351725,-1081083080,1271104934,1726142395,-1650563358,351705518,-1086379056,-465689873,85545
-581775036,-1101470730,253033360,12463297,73191633,-140361477,1839797840,-659597050,647481067,85546
-1662201712,623995237,-1676398366,-1620346227,-1748800278,-964109446,1876434721,1906132304,-1531954458,85547
1143765302,-1120518626,-508845548,-1766800812,2103060441,-1947426083,365134596,-176282380,1478645407,85548
1688252249,-940686641,28685207,-1574919304,-778067069,-607050774,150076838,-1932346865,-830427973,85549
1928346888,-1582664953,1563615555,530319,89676876,668049464,-8222431,2087474049,-1764059822,85550
-1739774571,62724006,-826414923,-2145044672,-1453525515,537317480,-1687637647,241585612,-1266912796,85551
714872897,-934388403,2146483604,-1470719757,-1985217152,-1883428849,72478459,56836876,1912209166,85552
-175062563,-364282837,-1497350108,-1297346976,155216193,-1857459497,-1958618193,1523267618,1323026505,85553
-641831962,943720707,1011555449,1901086067,1818087915,-1332683462,1127380610,-1334250972,-628250730,85554
-550777654,-633176251,-1619221089,-157235519,-87275653,-1283341567,1729385802,417095644,2044185416,85555
1633050758,1472636634,-40629459,784935985,-513520471,825733168,258465474,686683970,973254851,85556
-733845885,165430395,-212226404,729855738,-618210007,-1645956815,-235197125,1191004971,-2087860176,85557
1210377322,-1854072613,-1888852120,-109462864,1235155685,-1476404126,827379108,289726690,-1352003903,85558
814940842,352001593,-1290045938,1950523413,-542724609,1224540142,700767620,-1855078133,1846636349,85559
-815784180,-1787769647,497317007,1696566376,165616999,1719808940,765030391,-1542185054,-1373437406,85560
1568126325,-1597052498,-1772502025,73594521,2113314170,699575314,117524014,1997174916,-823935058,85561
-572732005,995368845,-1571536082,-1229446161,1749276259,-1148786620,1065191444,845776575,-2103702034,85562
-1020499100,1612309535,997918614,1563958548,-1927730062,-33646472,-42538271,-113223066,29007754,85563
-1324756668,590969851,386915807,226487422,-1769509863,-2025548904,366178325,1552687298,306119269,85564
-1828958767,-1078792083,1549516299,1138659768,80134930,-771332572,1127167147,-949088923,188672244,85565
356196174,754586523,-1233982942,714703981,1989575152,-906805051,-1353512215,1478728007,1333927679,85566
2106816173,1694180781,-1842291240,-861659908,-1590629235,-677197430,-1078125337,-1634685084,1743458437,85567
1881732273,-717967940,1427339776,-1858934839,-195428391,-1305357423,-7312740,-820634475,-598903293,85568
-1286696625,1887930692,-710734416,-957554702,-1594588479,509388327,-1640781977,1067564638,-75457060,85569
1600283655,182272534,1395111874,-1929975558,-642382386,672862999,-145048688,1491801012,1622122573,85570
415717397,250717273,1703016052,1689221836,1136964019,1356193205,-1837813738,1377692947,1691039269,85571
655618743,964758003,-1784164813,1760089324,-1235674247,1853380806,535459,620713797,-2051026994,85572
1848250921,1628305767,-655336291,-134066471,-1382889129,-66273214,-1932248357,1576331647,-1980892167,85573
1019778567,300133774,1144572404,-1273654312,-1457911188,-181621446,-1342941642,-1958763630,1980913751,85574
1927783728,396388929,976558513,-1796748882,-1462194027,723963006,-2120329383,152357371,-370443357,85575
318349557,-1984913186,337935895,-732158360,1624859393,2132816006,-2019921880,-511366603,-1125054346,85576
768020314,1726725117,-794989065,-242544128,1789790843,-1342671870,-1656738070,262918065,477520459,85577
-1856851022,-1196758274,-578584585,-1405434120,-1626603659,-1880184126,801126097,-1564815160,450968274,85578
-1325218285,990948974,-943543897,1136298479,763744568,1398861568,-410142544,991678944,1697691891,85579
1718473028,-1476240884,-1131224961,991780175,-2101124754,77965722,1053044523,1995634302,-2136972868,85580
691154490,-114736900,-1192494469,-930648938,-1420419860,1960106049,-148031276,1388449382,1128835858,85581
-59917648,-1729957431,85207160,-1323004040,1226826193,-43779483,-865166620,576933462,-1087189482,85582
1300844811,-1558578256,1794296752,-1702109422,-223002140,-124629165,1850905148,-134184108,951323177,85583
-1317160579,-585685800,1477586404,1857686290,-1984072961,1303205529,-1586826660,642495724,1696664850,85584
-1394221582,-1052809110,-1785426503,729109276,-1617257756,-1715240188,-1939400972,-2096776144,-1579053334,85585
-626067584,1687025903,2136487575,-1930718981,-1978982269,1764250314,548911504,1922179681,503311985,85586
-881854388,-553376106,-914339336,1717996412,-1160652866,1265212913,-474195631,-1114314011,-627170676,85587
-1712270139,1194246810,1629820257,1390626538,-855876549,2111434177,-1454102555,1513758462,86780043,85588
-97109538,700903735,731062893,1457455914,-147160373,-1196430372,1542462446,-148186923,1848078207,85589
31312581,1420143458,1910717525,-1871959822,-217200068,2049189418,-1731021696,712275457,-1314860042,85590
679386369,-1756224613,-1864595501,-1468900947,2080244493,-64351996,-154557610,571758462,-1133729530,85591
-30683568,-1607715007,1067300092,327433408,-79727548,-1214315338,409003215,426574826,773408859,85592
1279942916,1467424267,-1061757433,-1794544941,-1740764140,-2133994020,298126523,980941648,2134125093,85593
2029416292,1292285984,-371525431,-862124709,-171414519,1320782656,-453844895,705407945,-1255035114,85594
1363706229,-643506418,-1872914784,-1543585890,-109558601,-2015654386,-1288971411,-1711981788,-1564931399,85595
-981716744,2117638117,734112341,1074659056,848969504,-1736856356,-487399763,1882237804,-1001665107,85596
-999381371,61382471,25190027,1549716174,1030500075,-1693631839,820927998,903432672,-464139412,85597
2128668423,1319094414,-234560055,-1584878504,781624748,-1053570830,1111581433,1988037441,-1137241523,85598
-159810471,1779564827,-1036426665,-1145676104,-1232611228,213167831,1147928681,325411080,1649751394,85599
724366575,-6159901,1005960421,-1900007497,104217681,1703150912,-1500724459,-1501493344,-1235634512,85600
1545976025,2070725607,1696613502,2083097176,157849114,59185975,-58236197,-2050578510,437434104,85601
-2012008224,1287580320,-874383086,1335133300,-1908207851,1457978416,-1061940554,-1131387735,1101752976,85602
1847788085,1466211709,-775794488,205048619,-1905256072,-246623,175269928,-1036957426,-326865851,85603
-616789600,1482634845,-195196037,-1968771251,295551946,19254704,-1628685552,-1804679596,-1795903008,85604
-911102728,-1472834383,1285654899,-1962810443,-1689661119,89629563,414640185,1487801849,-1603353176,85605
-1574561759,-1286188807,2080227518,1827621835,502767286,-514458911,1644538722,607535058,1247548229,85606
-574404582,-1391962350,-1689753542,1989891919,1649308690,-814436585,1251110975,1433726925,18160012,85607
-1904799084,1596272698,-1804914200,1917656299,-1289253688,-1862679709,562137955,-921695522,504729793,85608
-460696342,430186645,238400383,794388439,145614874,-2037165398,1478214256,736076236,1790675363,85609
1032076607,927124757,-2016306999,-645618922,203131337,-1868672016,-870996239,-563350272,421111614,85610
-1894087190,2078820890,1719392158,1433459080,-584375733,998517337,1592965543,-1246437950,1871075348,85611
-1841129598,-1642164520,-2052869625,-1688088455,-1421267275,2025956611,409620011,1816634072,-1413216009,85612
-368038712,-2041260481,-716878803,1351669238,-165005169,-849832074,-1246807303,-1256630481,1275769915,85613
-96712790,229116335,130634925,-571030100,-422195484,-567372422,-973550869,552405745,905974134,85614
1482959369,332714368,-1561487538,878279735,-60095669,-549752060,441793427,1777990529,826508263,85615
1970181480,782141596,-1040695534,2111734479,1127979565,1639631935,1858348561,-1020690978,-885787222,85616
1577333929,1099144393,926127086,-163729689,471888418,-867060282,-1944792758,-1199585375,639011938,85617
-694362375,-970095198,1168880855,-2142152693,-896500586,469576067,-908956509,1024359148,-960189667,85618
1923101870,2034891217,-1189390493,2088415861,11682207,-2022740601,790497310,-186105,-155806275,85619
1729984343,-552582026,-2003035618,-722274377,-18430240,-1740471306,1513539803,-1356160754,1030891902,85620
-1459710126,-1968052839,338184616,-533490416,1012212977,910376471,206456239,1534982398,2015924860,85621
1074018679,48081637,-531283433,-769936323,821464430,785809440,-1219838987,40252371,-1213299956,85622
53491851,1137403434,1982023295,-1331610711,-854402990,893333894,-588565540,-237274068,1824218234,85623
-2112875937,-2104985983,722535291,961339402,-1005816908,-935309922,505721215,748601575,1938229174,85624
1738206778,1242115930,-1102879512,1353421893,-2076363256,2013686055,-1499364992,1387628200,487544517,85625
-1072462701,2070579429,-604959670,-1383844878,339893575,1093628211,340679682,-1812670108,-935536907,85626
-1671322460,952710931,-1655698930,-2030114488,749230770,-107957885,490525368,-1581533767,21030454,85627
425291321,-1934550982,-620708993,314533920,-1038048034,1254923876,410764175,-414806630,193788272,85628
-1381407521,-1054481180,201528130,838407993,-690615320,-81573952,-457609267,543984725,891200519,85629
1377903001,-124467570,337680639,2101730631,801923855,-1986610714,141490208,-487514448,-2027624464,85630
-1433784609,1893383767,763892297,1499093776,-1722037948,-1138932701,-637660735,-2001676077,-837110425,85631
1153888004,203822805,800084044,-1201252092,-638335718,414119314,-1830498398,647017311,1632709133,85632
676327132,-166952171,-1529098083,1765208743,-111815364,-1603379040,-1771039377,-1689643330,-1753172663,85633
967391799,432427571,878027707,-2026692492,-2095123449,-2041016409,-1403482387,421210667,5814318,85634
988495905,-392641402,-604060724,2087888161,-2023841227,-2104001623,-1851776998,-962688427,356357307,85635
2006301362,-1253179997,-1889018025,-557130298,1809068100,1456775660,251801463,-989521565,434145575,85636
1248844137,-2015254735,1682937809,1322292101,55126428,-255494614,-869242534,-1045377003,-330592798,85637
1496412730,312613805,-838766316,392506986,1544855494,1060012085,1526724379,477152470,-873348726,85638
137369318,69922835,1734909266,-916520128,1532825920,1311060813,-1374565327,-765787323,321768152,85639
-75771718,945740786,1829342243,493630630,1653725977,816453383,-671213250,1618556007,-1192278761,85640
394884151,-340481210,-859447429,-38986799,2051109135,288979600,692898465,1562764998,-1165477031,85641
1157240733,9596256,1613012732,-758367129,-278198086,781462096,1561319993,1661769214,1983136722,85642
-1742880146,675289516,-287379914,-185986132,-1061307577,391357458,-279780521,-989909798,1861680566,85643
-1309097500,-801087822,2062417695,-403433332,1345461821,1618486926,746746804,-930199126,328420797,85644
-1673601502,1007767725,-96039158,1754653987,-1590464241,1700695343,-1539629681,222082261,1865177928,85645
810276936,-341709869,-805957551,-1534446829,1803577043,-284942209,-1200083315,649404409,-91361387,85646
-436311468,-1083281600,-484320608,1493383664,605623717,-546934583,1283506063,1241738771,1606968433,85647
-552965115,1955795565,1728896427,1952002235,-1975668395,-1983537741,822877928,408913755,-58599669,85648
46687086,1941659997,-2126071005,1551098199,259927434,686036534,-1622136300,-634512631,2077450405,85649
-1820074334,-2060190254,932143218,1951538979,717602122,-405184510,518087267,-734252033,116530768,85650
-772304256,-51030157,1368469331,-1848139333,181055609,-576246495,-509691169,-1038077917,1593837741,85651
695343685,586102656,1009954224,521171202,1196106898,-542274424,343800910,-762118216,683718886,85652
-251103747,499971643,2051808135,416576651,-1029765236,897704959,-616750083,-1560032918,-1243958764,85653
1769414701,-2112182587,1280600319,1212254776,1513593591,-1056773217,-1583676146,-1301996239,2100710435,85654
592522792,-1697077899,1639968375,1422197726,-1133540737,-1583911500,-124941259,55933263,1640567545,85655
-48595694,-501246648,-1493266522,165193369,1899580203,-408206041,-1879148210,-668436734,-948985984,85656
1455855723,-1784986816,-140329096,144309870,1551801137,-1450592185,-2101872664,167134976,-677822116,85657
2031959838,-1219543098,1649491412,1637322741,1394803213,771614422,-1414408400,1795060869,-1135679620,85658
238728310,-588840271,-474790644,-308480626,393432661,191857227,-2063602852,-1455281920,1496191722,85659
-1661005273,1426860887,1921591581,-582149529,1805308893,1175109763,-374958196,-1782883930,-1484287498,85660
381851607,-762324774,-391319477,-897871427,1454316224,196330783,1752297369,-1908288468,-942336498,85661
-1111179733,915067887,1894843805,-865097679,-189795267,142319509,-619729439,1689631470,-1414515981,85662
1619866966,333850418,-696757365,1994185438,-1532218600,1333757706,-565118185,-199361282,1109323830,85663
2043921402,-1344874457,-2055645940,1559666940,-15535293,1151243427,-720494052,467693120,-1618021283,85664
-1833566964,1706273570,-1950218185,1070463637,1452856804,-1296936133,1873416879,2126970378,-1234687348,85665
-81339425,1512436599,-1774310883,-2136121680,-1527209866,1642537893,1094574144,-1473929688,-841460208,85666
884849566,-114256723,1111570151,315149288,1811814854,-1849206785,-247126655,-691846336,-2118307547,85667
-1379707059,-1801845300,1917845833,1018092552,-1179699249,898863408,1944589805,1788341840,-1437791501,85668
1824834174,-45501805,1080197059,47808150,759316295,1397609997,-279566437,-1958836476,1794485279,85669
-434949297,1894053031,-293663805,932945195,1617658132,-340793760,-445671889,-341682261,-182869564,85670
209502106,-139823294,-1603023020,-1433833846,771828598,-586928452,-219586369,-1025638841,731165480,85671
-859003646,2059421882,-903689146,-296789263,-207938132,-841879166,-87953024,-1279251615,-383966625,85672
475837657,400338866,179037322,-1824032430,1274196430,-2059064304,1930608479,-1087886166,-1649012215,85673
-168149177,-267699652,816424395,-1115878227,387068300,497133916,-1212412086,-2078959037,-965259187,85674
1340647385,-896725044,426873304,-534651230,1386694333,-41337806,-304966447,-1166895995,82543164,85675
1158604952,1697493188,682870687,906389050,-1506265905,-2023263898,-901771740,-1998816513,1597088336,85676
-1350554827,190646939,529623278,-764411901,-1282750401,436549262,-1125176080,-1913102667,1755507915,85677
1121234653,-78584864,-1574578344,1721515882,1497428720,597328105,-361596130,1754043949,1118792667,85678
-611133842,-859318761,826209670,-1151066969,610611531,444001088,-676078763,1367422454,1215812479,85679
-55929944,-34255301,-2047067335,1250901368,-1116548713,67199731,-1745863820,1007273435,1239650691,85680
-1327403047,1053050766,-2055241716,-921092408,-1305922647,-181506177,-268151749,-2062894379,-3208228,85681
-1039728845,1680259436,2059740168,-1157814074,1007760373,-1470052001,-1547736634,-1209101075,-428617916,85682
1100147061,796083464,99518217,656959901,-510431891,-732538021,-1565550212,1665405143,-289084787,85683
-1978769611,-718114707,-1980604905,480499389,255055357,889237738,1049440524,796103743,88385333,85684
253916387,318154502,1519841915,-1780646524,1108061285,731262223,2098490463,1218642920,2034804939,85685
1665982990,543745366,1472069673,-456925573,1538861460,1131410046,797416072,887477480,-1159134372,85686
1434795472,-955923257,-1446628335,-530013380,953637853,-1207230427,-1051824942,-1726512915,958038055,85687
-1353899488,-542724620,-235087493,1283273962,444413211,-304198624,1219341951,-483708897,-1489408978,85688
1366493605,201820540,-717057124,1220344790,-364095830,527392209,1932441066,-1416701584,1144535092,85689
234561378,-1061380223,421934273,1064820429,957699363,2136616081,222669721,2096764372,30523773,85690
437680006,2128018265,-1580958552,-219798408,-656923871,499987869,-1134884680,349743236,-1051404144,85691
-305654001,2144960816,1507664450,384997904,219469724,1902821448,2096954719,1503658620,472497638,85692
-798053371,1748943065,24876284,-1121731066,-1909138720,-1831074184,1583130357,1899567876,1826413892,85693
-620086379,-487531277,1702418808,525465744,-112102188,521748178,-1786486153,1034438590,-186115765,85694
897572727,1749511311,-202298320,1791699999,1534733467,-992988787,1046804625,-194141870,-1609162370,85695
-1334905791,-1140339562,-1640276726,388805299,455920837,1331274981,-438437368,1756978669,-136868871,85696
558394138,-1235975660,1701274096,645033316,-1277742308,-1101228541,59605999,1703801462,-2060846291,85697
-1446682941,-1468564050,1478751456,1238854210,847255550,-150098913,-585972869,-76913668,447935939,85698
1751407248,-1095530059,-659577010,-678719765,963992241,446228910,-1587309702,653148287,-208972533,85699
2031521746,1943801084,-454898269,-1045257800,-1279402425,519086546,1375600777,-1446088743,1180154757,85700
1862101921,-568066666,30350875,1477977372,-1370426397,1076336270,-1033963017,-1863765267,941429466,85701
-1193040271,895064093,-435774005,1837434247,262883298,1692082389,1698637307,-816412164,235952574,85702
1465570097,-1944034283,738607919,1314563284,-489880950,1326347420,542554229,-660670297,1600944364,85703
-178384678,73447467,-856337120,-1268657975,-1104958655,-1722612148,-615124375,394366387,2079712740,85704
730085042,-1374772073,1651685758,1603717280,426401146,13729402,787439868,-206539099,1552877361,85705
-869370268,-734031269,999551368,-514571045,1635548532,-1402215140,1453874462,137664367,-124438173,85706
-1096728065,-1908388883,1290918542,1677307882,-1008199584,663595715,-2052146284,460201143,1077627338,85707
-1169290090,-734665037,-1798361943,-706261022,1086340137,-846489031,-1819029327,1708000012,-969514137,85708
-537461605,-672878478,-631655499,-1188094061,-1741448462,-102492206,1174357859,-1472807021,941717931,85709
-1551785658,-486639697,-1415746508,-334645428,312968620,-1401475341,1097250134,-1157920336,-1871761522,85710
-1757781127,-2078721753,-1546441516,-963838240,575355402,1288719585,-676131752,1040054308,-460930873,85711
36485321,-1718864532,1589868150,568293724,-1983038153,-19405489,1667207630,1448766125,1879917721,85712
1083330383,443509730,2060433085,-2144931064,1340384133,-759897252,1396889676,-961348343,-448667631,85713
-1483156988,-2098415421,730777291,613392221,-1588780934,-1632081174,1942362991,1712569530,86430618,85714
305869220,-1150587189,-1098852108,-1196446241,-1493794141,255989844,1422952610,-2115824542,-222144633,85715
1706820674,-684804859,-1977898756,-232442884,-1915966876,703175142,397264839,-1765716413,-346532383,85716
670513300,-877881658,1896391886,1901887412,-1971006512,1432471780,-771682126,-1409457509,-768175047,85717
-1499307173,1519231954,-1601462082,-173269365,-1763357435,-1709159284,282944324,-1388239499,91102726,85718
-1229714961,904284689,-779073457,-1528058141,1712905617,-1562014063,-1274844477,-2145343891,787343886,85719
1619898511,1536357602,-642181695,-1625103191,-1073543387,1688982077,1480594794,2080236083,225610786,85720
2023816649,-1109776818,1539343916,2141478794,1484110041,-797033687,900786259,-983947457,2034905551,85721
-1822397824,-175005602,-1274814418,-585238571,-66603398,984894113,-195597340,2063708440,1495702643,85722
354588738,-909514527,-602282122,-585767851,1251498803,-185259223,1737141708,-1205248358,-200772196,85723
-995182300,890080485,2051616669,803850290,-86872045,-530145941,-1266399654,-558846592,-483528262,85724
-151240361,-972325765,-251219230,2097115557,942017216,1687367567,-1653830225,167848420,-850442861,85725
690205845,274836013,-1586650735,-235314779,-343990783,-584187961,-2002721164,1177138502,-499113920,85726
1609010823,-1095270384,-1606778283,2123121324,613800415,-823440657,41100687,-1508663693,-286624262,85727
381444330,1322953305,1167054813,-1483992352,-889967782,1842811605,-1970632342,669446882,1719150923,85728
-571486197,-495893410,1014876732,-1953759159,1516195341,1563229712,-2013951124,-1397976431,737960088,85729
156716145,-1281296556,1489495910,565520351,1828049017,1980168203,-931197545,-1404011673,161621768,85730
-1089241021,-818142184,442595079,-1800095802,-232266922,-137580599,149851523,775329917,-876108911,85731
1884957695,1700340798,1836415051,206770638,653299540,-711383681,-155914745,1360366790,-1199571076,85732
937554212,1267169897,732829838,-1910339448,-531217593,971771727,-1807389585,1150767633,1442859470,85733
973967136,1628692544,554437683,-2131175441,-1432627358,2088080055,-231275346,1802743917,-739309444,85734
-1262635777,-492290796,-871447140,542335768,2020065785,-1001917255,279429040,-34913610,1692981618,85735
695346346,-994899429,-1876916679,557132645,-1870267675,851038755,-820496605,602599327,-1638059662,85736
880637400,867296359,-318658518,-373538403,2073641703,-993215220,-874124748,-1557406530,1890859691,85737
1906994675,-1027473321,29633235,1981760482,-1164098664,-1765154059,-1761461456,363740302,-878843406,85738
-484167407,-954355483,1813595568,1620020084,-1644089923,876306420,-576523017,1208918238,1106011952,85739
767517096,-946839984,-563242588,-1955587484,1647857876,279123241,-1365209530,-1250220686,1527704975,85740
-25207210,-1808077452,906807832,345765381,1012523776,1113679916,1163149915,-2037049999,1338617726,85741
-640553271,1541093210,-1577112260,1615646603,-956088506,1611381005,1539047935,-2082752769,471816510,85742
-1897232241,630814058,-1130571899,1618602824,-1859253868,1406026344,-1706997199,-1078372583,43110105,85743
130283401,-626109938,1762841907,616373275,1529030206,646592773,-1745057106,-1209454867,1364031687,85744
-2087143631,-1846637616,-131176876,-1667543125,-1479664483,743673814,1994582926,-893174432,-419425495,85745
811093356,-952921014,-997319576,1762606215,-920760861,-1003382683,53252221,346511588,-1779101627,85746
1691261591,1142195326,160670033,1192998218,-1671702609,-1775903256,160199386,-689254518,-88914017,85747
1378547121,-1469685748,-919506921,1749060188,-1872857907,-944278476,-1582267877,-680552275,638094282,85748
2135938527,-1075843035,625498890,572311013,1587365731,689839174,-612828066,-2140646327,-502280610,85749
2013618850,1986175364,1159381738,641330293,-1936338142,554370717,870627891,1166763859,-557595959,85750
669436679,800027110,-947162590,-320574050,1839929021,-1082888650,-1576493857,1247215823,1861068265,85751
-219682655,-419111178,1631969079,-739629142,1363165519,1319959196,324255273,-1200351815,2131306073,85752
1656606009,-1836195508,-806143020,-994527250,-54345609,-1562864433,-924051646,-178830639,1692824396,85753
1639006346,1830040261,560490888,1702305137,-1174561622,-2138853341,2118473757,1245316417,-1582354520,85754
-1270761145,-400499690,-1961031116,1510916461,-1720549481,-1969456141,871680915,-1234521913,-1411355076,85755
-1758410696,-862034742,-289944124,-669323852,-1561850663,-1110344311,-1494015463,-85198443,-1895168969,85756
-107459338,494228996,-1243373790,2116841591,-2045926000,-411853178,-429208229,-1810647400,1722156735,85757
1504918065,-474040937,-1182817159,892840698,-355827852,1704566332,2105808673,-1421966650,-858681595,85758
-1505037167,-402706708,-982527747,1883380453,888100314,974092169,-1519033207,774794781,-762715016,85759
39012182,585547465,-99465376,-318758852,13241140,1974589975,-968311935,-89445396,597769469,85760
177891278,-445037975,540612239,-857544124,949808961,-861244261,-21786675,-1363973430,416792937,85761
-309545243,-1089260270,427129026,510714106,896312724,-2115314030,-712705103,-646224743,-583326233,85762
113190397,-1260493083,1999398297,2047534975,724173177,-729084592,464437819,-1311388920,2125563754,85763
619545572,-1725140119,-1321206721,1338262051,581633761,-60717446,-1807337389,438896949,-255270366,85764
-797630399,1178970590,-722429066,1688711362,1199389183,-1827095640,1427201478,-964353304,-1699642713,85765
1479446392,-125223225,-1361749321,-2043207636,1580308456,1039317040,-2062505791,-1345459628,-851588377,85766
1698749722,879145245,-2013706758,-2114661795,868271562,-1406377455,210653721,-1674243042,-1378759278,85767
1357277927,1874503031,-1455568299,-1339747959,-75848048,-1080631597,368241991,-1534031377,-2005675357,85768
-673142140,1339132167,1951844968,-158816317,-1993722433,-2030048753,1571868909,15378736,179681408,85769
1151783293,-941436060,1578363169,-1677954966,-1017979791,-1145855389,1639812789,895387083,1495313736,85770
1972067458,108332312,569730171,-1675465433,-746456030,508135724,-1234001643,-397478066,-753842986,85771
-1839652018,1817888275,1611886344,-2041714445,2064572083,-543773820,346804496,-889958722,645804649,85772
1577480367,-1243910777,-721334850,-1860601222,-1039830977,-1396392828,1323201575,1415348029,-1938296646,85773
-739373074,-368051731,-1558970016,-1433075950,1836724081,896977986,-197746026,-878834498,-1345544855,85774
1002712257,20494231,810144975,-1647869056,-1034739887,-594849923,-780537132,1839471371,413235106,85775
896788265,246777776,-1925552482,-1548900469,319427470,985150536,-368135942,-837738471,696299719,85776
666781070,-1204256143,1285729073,1972402194,1835906570,-707742539,93979531,722572002,-1947606339,85777
-1959830187,714157306,79843500,466156572,-971414976,-1934701407,-836461569,-377938784,507008236,85778
-1873336452,2089977313,-757905495,1784262414,-1848581194,-782055741,349686961,1150122390,-969647191,85779
-1458164842,2106451062,-1731512383,1097663406,-266012914,-1930586245,-561174191,-2055992524,-2049084358,85780
-1183928649,1226278181,511452520,1256998755,639177751,-582677974,1495259618,515545135,343825600,85781
1131509737,-1088866958,-17348795,1870075873,-89516747,335636091,111576906,1559152861,571150131,85782
-1074329761,-147865363,1753109304,513753971,1351235804,1095780136,-1815887014,541957084,-999988226,85783
-259294726,1867899090,-1906836679,1716312196,-1195919025,1932317658,1753205611,-339845366,637812896,85784
-1809690587,-405308937,-1064705016,-735423763,1518921677,-30452761,-1196815620,800003540,-1099402545,85785
322784373,1959662232,-333648729,-108360647,-1652895083,2130415114,481399806,-1028513435,-411703843,85786
-1769504437,1884637746,1390543793,-220946501,2038899322,1723255283,1434382038,-1429427277,293831068,85787
-1322991220,-1475739909,812348051,-858327715,-2074552956,16380469,1126999995,1281980333,1130602073,85788
-868394063,2100174665,1823714419,-568248838,1437143176,-948585642,-245685498,818594945,445627431,85789
-1610536062,247398630,-1007682380,398906245,-1514435232,383608116,-1025603874,712327617,-1718398597,85790
1763204035,1112474720,1366876077,1351281997,-1363196863,-609309882,646896469,-768960452,-1833522814,85791
1526117237,999360318,-753337010,-425949981,-179864778,-672315949,-181283524,1017881644,-1832938295,85792
-46635759,1658441490,514672953,-661674217,-1330046777,-53438805,458269182,1521059108,-833729375,85793
-1195301993,1123115450,-345788704,-275753628,-364179712,-272029565,1034242570,-1071104253,654057669,85794
1658353708,91658614,-707464511,-608909200,224711509,833871946,932557635,980771459,1431688623,85795
559927604,1861327327,436516251,-1288952295,-396330738,2062867254,1878177050,-845924933,-496405974,85796
-610092314,-924642909,-1464867501,1835455515,1630147112,-393948362,925206343,-1404550973,-760092820,85797
-1261389941,1841408221,1443280797,-1081159686,-687759228,1519394586,242044989,841181230,-427949717,85798
1583478195,-311982729,-1230231119,365762984,-1137451793,1214575807,-568946068,2049037016,-1871368562,85799
1278560440,-1385232467,-466172608,196669014,1530192435,586890524,-1290459467,-38369948,-2063782551,85800
-1614785875,51032947,1684368175,529976049,822704489,2022153967,-730345063,-522975609,1389138656,85801
-1963242978,713040817,326617544,1444354148,-1785092636,-1620080844,1966276107,-62905135,1810810618,85802
648193627,2085004209,-2113794366,-1722545557,952970746,-1759120507,1786703939,-867986339,-1911379924,85803
-1312003386,219058468,-1541467258,1548302051,673005664,-1120780531,810362465,-516868683,-1569378243,85804
-490753529,-441407492,1743864764,148313906,-2029451952,2013421071,-921830722,1851203966,321250127,85805
-1845554906,-336110444,557495639,105933556,-295089724,-129729388,1804919896,870484708,1971923244,85806
2053745762,524321967,1056404130,263693529,109113132,-1178311874,1040826318,183802733,-2043007627,85807
-989635593,440340117,-170005626,1285390270,95136045,398820180,-15920081,11501013,1025029392,85808
52033575,-1005039379,-625131336,-219098040,-1621773629,-1271872242,563690531,1889930519,-2138013296,85809
-951236303,-342769631,1188030969,184258445,676356653,1084660038,-796901524,600109951,-1771021118,85810
1575123474,1954403101,1018024077,-1564784013,-838077728,-1728679463,-1220256191,-816456887,852815814,85811
378641427,1012814763,-813350735,1502009766,-1892009450,1382596067,1149542381,242844463,1873678007,85812
-411192714,-152998549,-263511450,-2036199498,504573080,601452058,-132762628,796006828,957830622,85813
-221469946,-696512677,2070313214,-643862290,-728279830,-1560824282,-289182996,719198491,-974448566,85814
1709362867,-2066926937,-1378527395,1452277049,328937474,-96255475,-2122241601,-1544162564,1028178480,85815
-759561007,-713138522,390721053,-413482892,106544657,-738313123,281103943,658087044,-1574998259,85816
-2106279091,-1624967549,-1235946405,1147397134,-1636170937,-1268229795,-852727227,-2061130203,350826378,85817
1921184711,-839422171,359854696,2010182246,1117246953,413434417,-1048069018,134456069,1377595412,85818
175362291,1379310885,-1633916884,1704992297,-342501345,1807771024,-1260931875,-547209519,742813136,85819
-1871970317,907680899,554470583,1581705154,1569043099,-166531777,1974620942,1182252264,-1360634865,85820
-1552227337,-959342356,-1797384321,1285467036,-1621886721,648120070,1319532454,-974259121,-1419978624,85821
-1657863229,2076869899,34850481,1969266676,1170212877,1214858517,1396895196,1822798625,1309440903,85822
460963335,-262103319,898897728,-55884545,-862998327,1405556960,1313530784,1177676126,-1764287348,85823
-2101105388,9607667,171921018,749456460,-1178908990,-224694119,1819707760,1489084804,-1175351768,85824
-109261068,1309329250,292850347,278653581,996902864,-1370934932,418100767,1219039756,798418160,85825
1209489487,-1916910076,458435906,-490737955,-1202694862,229810739,1701497874,321015457,1306179326,85826
988947001,-1351396672,968039478,2140565695,1987272174,473548627,-46602209,326317106,114626170,85827
992176803,-1109637905,1102860678,1573912707,-2089505992,-2087983388,-2105196088,-1535940646,2061301912,85828
1840722804,-949866145,1822835206,1278668857,-715638749,-499861180,-930403742,1790432381,-780517247,85829
-1768904622,104036517,-615575458,1194778935,1333805155,-620606774,730121466,-1149743329,-1309974319,85830
-791552975,54614090,-2116006108,-1952777044,-516273368,-921807426,1567811503,-1791915714,791197386,85831
2122597956,181097675,844789957,144593120,-1256127984,1016843295,142096258,-614040602,1186583512,85832
-2033673930,1903398566,1928302624,159569174,1574477876,-1801771544,-1109822246,452707619,-1448829477,85833
573243204,958684720,-1200974817,-898311801,-201681763,-1010818729,-518349306,-1536702562,-1811545083,85834
-1379773088,58725958,-1156867653,1223411878,1352247667,1119359758,-1254102829,1640931434,-1736111002,85835
-1183838753,-383181920,-581429177,-670320144,305013678,-2074629611,-548029976,1785436486,65036417,85836
-1700568715,-252661784,-1501362173,-2012478924,-1164399038,538622001,-1575704627,-1503129211,-1769286140,85837
-604807974,107248323,790392487,1615544077,538685988,9097743,-504201599,1091091456,-554879007,85838
-1689871271,187584096,-1711276944,-1610697820,-1978347133,-721475037,540464068,637221094,-1939603891,85839
-1016677070,71784704,-1899264128,-1551207507,-868174384,1007711553,-1868680652,-1584704597,-905161751,85840
709513382,-1336747660,135020208,-632206439,768660258,-1053111972,-1365873031,1665097428,-2083800520,85841
-1019172161,2123402846,806947830,129347498,1977667243,1618889138,881511633,867239202,-1088012429,85842
754005466,-258702225,-98931808,-49228157,-861401570,-314635686,-110688363,1376833470,1425299952,85843
820792744,-6100624,-2061821662,-632239865,-349055436,288147997,1741118950,-197846692,1113676339,85844
-1469938295,545826391,1814089953,1979388656,1369832486,-675309775,-64639431,-1986331681,1491133353,85845
694982835,824075262,-2069185284,-1338109552,1870860089,-1151960246,1743069632,2056798172,1645360022,85846
127373741,1118251472,-2026043649,-2117934309,407503248,-332222176,1075487722,-1096814524,270091985,85847
2086001012,1814010450,1524945187,1194143900,-2145474083,1681900566,-417428587,-1126895076,1078911405,85848
1500855418,-1161957875,1228717029,995747135,1342758027,-2049627694,1235546211,-550767326,-2049422902,85849
-1434960260,-1281844679,416306043,1419009033,973458624,1533679528,1141367138,618379740,693240490,85850
669867165,-1906798494,1995156473,1337209404,494415050,597189206,148317706,1007891874,-1606478021,85851
-8523618,-1177696081,204212029,1224425782,-1862954108,732592071,952880149,1987342595,35448406,85852
2500268,1793602609,2024590052,-986547379,1406753784,648850454,1662373195,1247653283,1205232173,85853
1723973078,-1961968055,-1486264424,462746010,476105272,-1410201958,-89609589,-1193157161,-1509618134,85854
614902394,1770232343,-480706235,1612249339,1455772891,142913492,1634015272,2037728412,2053774901,85855
1816658012,845111578,-1086119072,106203598,615592591,68647312,517894103,152645763,1627873964,85856
-535469439,1025517978,1077184065,1848724040,1162036292,-1754175301,1751852986,-2091797925,1496831190,85857
576852776,-1616793127,-1458780668,-200143673,-1902639036,1409892712,253762541,708129635,117551916,85858
-1533470822,-347508840,1017888095,-2005620050,-29852918,1189250933,-1907119833,-1997713560,-984879404,85859
-1751744277,-277909276,1001891590,-486602221,-40960994,-16241101,-1412278859,1552754082,-509614366,85860
232797115,1526680042,-76577621,667179503,1030082368,1177893107,-954736950,-1947399175,675954234,85861
-251132338,-191554145,540847339,2080234118,557529687,518688385,709158554,1295925601,-942563580,85862
-1618024201,1380684502,-50974903,2076803653,2014058786,1562133455,1142658929,1737563635,-355205043,85863
717720377,-922741016,-728660825,591031573,805484234,1152784883,-693133403,1654496639,-198482414,85864
-1362807053,-2134839329,1248061385,-1874275909,1870875050,964631610,-1267290498,-2102690740,-160504,85865
-506699877,-40386145,175840703,-1408181556,81184047,1970700090,-672359966,-1666870354,-1676253010,85866
1343678009,639262997,-1113385832,858360308,-1862030259,-1394582379,-868544658,1092007916,404805559,85867
-1149053453,630355428,928282321,-341507739,-501946883,-1305753250,-1343245339,1454373187,507861147,85868
-412409741,358461973,1914035924,-1167952386,-2090657539,-2133229747,1558469646,-1331811046,356334041,85869
46743376,1602459195,153019895,1065863204,1888891591,-499834517,2004022249,318367378,346797642,85870
-617374357,1069726587,-369632747,-2622818,943559357,1614500229,-1667750833,1208031594,-1514642267,85871
-509405199,-1930200393,1323333617,219758676,487600790,2120819332,2054558595,1537752668,1892131624,85872
901403664,-502807412,-451346340,2146788030,687340019,-1204208662,1509496708,943297000,-321501080,85873
706477273,960238519,-532268574,-44664726,-1598720205,-1826504098,-2101604013,-1610792529,550746964,85874
1891997251,-575921983,1996614840,-302564639,-664583542,-1324038652,1638268924,-1306910127,553253410,85875
1409761780,1814378265,1784544864,-1210772697,425253747,1661313511,-1398118661,472137323,-1458084688,85876
-1401152143,708294392,915182710,1783494524,-1344018508,1377900305,-515321153,-1765153832,1217660171,85877
518827242,1841526668,-40689842,346258645,-305080921,800956085,2141847740,-1857329415,-1577058915,85878
-1004673978,-374913200,383893629,-973244909,-1898107528,-1260689490,-863699940,-2088332697,1285016779,85879
-1238783272,-1861573256,450362414,-743623937,-284966549,1231295616,-836114,2079598641,636151658,85880
-750566223,-1268037649,470842462,-1664356033,1865056498,-579895984,-1072473291,514639125,1945364135,85881
-686788712,-650235667,1750856022,1348987664,1449385807,252235829,1567572770,1015664682,1600088944,85882
-303651573,1979351548,2032227868,635725439,1798288177,48290705,1850920366,-1534982394,1552757283,85883
-322470120,-1381879097,-1464155617,-1004753473,-2044725268,-2012128367,2102836143,2110513928,-1038417255,85884
-490138715,-427157622,-774229722,1054734414,1370701168,1281987065,1274131553,207820742,-1834673081,85885
-1020659724,1252669998,2050842912,-1597831883,-2084150146,-2052572842,361055845,1907618611,251289412,85886
426910399,1847804149,-1976825035,-534820841,622730757,-110109707,1420890760,-1526462390,1288140015,85887
-225489426,1799395295,-1514384190,-1359423593,-817871293,1712734862,-1135544884,705189329,-1464845421,85888
1927877785,-1292814478,-2124324895,-19929556,1488323609,-960882813,-166230244,-1775189222,519753984,85889
606732249,1743835228,-267697958,-882443724,-463711981,831784499,692367877,-602888473,138146051,85890
1310179643,1163520526,209266060,-863396568,-1804269888,1639020175,1581545653,1386405803,-1292700804,85891
1623035618,-1499430382,-1039539586,1951255859,-1567881618,795597830,-1810359550,-2093872635,-1854324730,85892
-1566198093,-939052155,588431876,-1824892986,1055505397,-1314582307,625691488,-1126592709,-182482542,85893
289701235,-1496677821,-1125709921,1363091584,444262018,-387922224,-1225113323,825007042,153507934,85894
-1637913466,-923749385,158698561,-1056027458,1421823007,1833435604,-899228344,121717294,1293166431,85895
937804391,-1884446556,-2021733504,-764380866,1481715148,1570927277,17440565,1541608749,-339612837,85896
1139013359,-2113648585,-965485199,565209489,-956770676,-279213315,-825118811,849385811,-849426625,85897
-1367719842,522822704,598324992,1268525138,-353766094,-341638482,-1232473009,874679425,-429637161,85898
-2004405189,2028404745,2114926180,-1705111807,-1964313861,1770977716,1079534790,-536759220,1059768002,85899
572342185,-989319476,1578779288,508329617,-1805597626,474318957,-1333365930,632583228,1853245414,85900
-1352590435,-1044294298,44001769,118663663,1663741476,-839477135,-2093983819,1064934029,-1509812457,85901
2063255635,-1079371144,-1997116902,845394538,1955137672,1191023429,330123641,1235258302,-42933051,85902
-1481947607,-726413708,1064996656,418510415,233300564,2100369250,373739003,-484014907,-649045081,85903
1951601456,338617978,804093095,858970087,1672558128,1064562507,-1724587194,830428166,1484365973,85904
-1057726560,1421760883,-1210955622,967130947,-1154765242,1019765154,-1531738108,1112531921,-686883100,85905
-362199923,66421953,-917300333,-878149787,1321799864,-1857431822,-1519287791,607517269,-1033355982,85906
1398931819,1609052532,1347572986,682266765,-225974071,-1638035234,-137997734,2102391367,1776354314,85907
-1517683343,1322495397,-256921068,-1051651040,1360411253,-1831538686,77112000,1453282413,-1834440922,85908
1154806779,-15395234,-1280022548,54236225,-371832882,1370398482,-1892419243,-887805244,1508755530,85909
-2124269605,-95623946,-329325948,162322292,437680862,480092149,2142336672,835973164,1246509325,85910
-72474326,104624413,1121793822,544886085,-1511176696,-53715434,543029023,-668299021,1636834136,85911
1266447833,-1942232740,1897476491,-207821239,-1458378586,-1441766105,1298102399,602108752,-825104862,85912
868826013,-1601560433,-1000264031,-1212397138,-2030307321,286361853,-1294039321,-722325882,1517968230,85913
1375415061,-1802797194,-920977709,1007178134,1292147912,-1171960279,66303074,-812525609,801556279,85914
-1200070788,1391278584,3929024,-737676399,1747745457,1070641817,1905573370,-12713664,-793607862,85915
310728883,1832446015,989860221,1140388499,-1105299985,1549941838,1390607522,-1802976915,1276797771,85916
1558808078,1258189387,868087003,1497013797,-1420418211,746393896,-1246064391,-2070262174,925353732,85917
-328685464,99859771,-1159748991,1425701746,-1550622249,-26567483,-1849148366,261580641,-1720076874,85918
991295377,-1505780706,-735275930,1239294787,719995577,-1377724558,1252051978,-1678021368,-1550557883,85919
-672542139,572626772,-596537097,-1076266105,-2047304051,-721982097,1807554868,-294749323,-1680041017,85920
-145270433,-2083618465,-642705516,1925942255,468560273,1660155612,-330103238,517049791,-1060985933,85921
2083345863,-740054987,1975114976,779966660,-933397293,-1729297192,-1993335720,1912933159,-2107722497,85922
508528577,1315558805,1298539037,-264437055,1744591636,-1346226805,166024854,-681602722,847653128,85923
827385812,300012278,705611927,-1939081541,-1976041866,1218832011,-1760261947,352853487,1689702428,85924
587588361,-1200712191,-1566890037,-1556211784,1022099213,1688258892,125204001,-1368473700,1980246985,85925
-173347641,-496385447,456017132,-14924249,1255586920,861629003,-1637384036,1331427517,1518898156,85926
1547337193,-1964652006,-1151035357,443080465,-426557975,-1187449063,-1657885165,151205812,-933917673,85927
-2000909246,1045658258,950603283,573165064,928157982,1841448650,1968517913,-1324115805,-1018198836,85928
-1413753024,-15637139,-1229741100,794435972,-1265166420,-825890471,1796343518,-1357159036,2028243643,85929
1524220583,2078190,-1986124874,535796960,1307201417,863404877,-1131781300,1414399954,-2144816365,85930
1253358689,-2136612981,-1759083153,-417198687,-1631398046,-994325658,-762686973,-694708380,1866746977,85931
231083132,1742178078,1218737552,726015243,1876785486,-1643015549,1636854283,-1261113415,714117328,85932
312219213,1192063820,31095055,-1934443344,-1254197406,938325587,-1789785467,2126824921,995892416,85933
-758006508,-1540387410,2130726673,2005294,2093760992,1137410917,1717417026,-1177965195,232698291,85934
1562535609,77716668,946211212,1726724010,-1118553952,928968883,-151633305,-407801468,1554167167,85935
-418407043,-370114895,1880056635,684499463,-656765473,-1615208800,-1729557912,576700833,1607116857,85936
-506198579,-1862599603,1328113227,2047297609,-863745214,190416021,-825306695,1546932442,-732034524,85937
-72568496,1880042896,836780968,1491155286,-1927888796,-310661727,-2027355518,1144234078,-442216920,85938
-1714075170,1735400784,952766302,-1684012011,-766817160,2068703547,-1445642575,-1727976767,-1245633375,85939
1667754910,-867265522,1439340717,308701402,587731608,-366865200,1304580724,-1995881821,-164223866,85940
1646881221,1694327813,1154697829,195818972,-1651555108,1662783134,744154660,-1798011501,-612272140,85941
-471994860,860593027,1667996564,1494775886,-947696604,856350811,-1425577112,-1771780816,1414634517,85942
1271324672,-1340111054,630281546,1243086251,492802455,643179482,1457115500,874560441,-213962396,85943
-675576691,1044961125,-698326272,1706123575,-1396114056,1252101607,-2067814765,-2072166550,1339069513,85944
381670438,-69379088,-1226124448,-370327270,-1316931859,-396664032,1678360182,-1965340689,1027794237,85945
-1446497828,786671235,672293418,299983296,611121364,-2074175998,611137460,-1798451667,1439327599,85946
-168197123,-918900523,366618157,1581154470,1433602480,1400364734,-2091052302,-1965590324,1030414136,85947
-1078304664,-2109978476,-714922121,-1881945491,2118511918,-280992745,-646621378,665374356,-590405059,85948
866612416,-163301604,-1483130207,600737886,-1003158725,-1590247317,1145353756,-107318263,254255661,85949
-217486997,1684146126,2059432037,1155061485,-907133112,1775764058,-191233392,-933079813,1417035506,85950
1729466692,-1083495854,2130117477,26687968,-1920135203,2134507830,2100364164,-442965970,-2098519685,85951
531246203,1929111574,387829146,-417526144,689746212,33930764,548437938,468704375,-195461570,85952
147724327,-1247502814,-322958702,-2095295050,-1514743037,-1973317952,-150268347,799488595,2134278146,85953
-1908062471,-30350603,-1222880453,-1433292256,639557763,-806129290,1661638288,1418600917,-785523189,85954
-571888165,1264294737,-1438391609,-86352729,-948517080,934699855,-2026372920,1092642189,-35499082,85955
7529254,1367604102,2006536023,1108574060,643254414,1281536445,-1944900388,-691390680,2114455538,85956
801920225,-1701608170,425965898,188184536,1836891451,1690249455,-1109244407,1730201580,579747404,85957
1737486779,-488737223,193587872,-2120975743,390574011,-1572276705,1356475961,-926934695,-818072663,85958
-778257229,578781391,-435731411,-188392239,-1086889878,-116150930,164939920,1814421565,-523573817,85959
-268493894,801597313,1214570681,945030111,131637644,-2032718381,1826952307,-1662447502,-1544201133,85960
-295949406,-1997605974,281104686,789340387,-840889574,1104560273,-1703930731,-1894831186,187933276,85961
1717840999,513809266,-761371523,-905851678,-873087171,1644848220,-1750224065,-1880626674,-1515436295,85962
1540935129,-909601845,891166419,998616423,1347399876,1290742413,367733968,1065121645,-1333214197,85963
-892824798,-1542945913,-885436838,456078668,1701063057,25177916,811595339,-1160827384,-730814438,85964
-401306595,896493281,894840835,-1063381223,-1639595391,1404527270,-1718648185,-561414630,1385955910,85965
1872190258,-815390191,-1376830642,-795542919,-905949819,176678714,2015319332,-840744103,-1965326946,85966
-1982851342,554027813,-456321314,1686711110,-1767117448,988223480,1913588540,859087024,-1075600152,85967
-2094983017,1180062062,371425636,-191203668,-1909090701,-2058842911,-1188206846,1812175203,-419884845,85968
-744587261,856133051,-1832365468,-602297681,1882573976,1811496873,-1415200890,356141766,2024414304,85969
958065078,-976604808,836452943,1679701911,996107761,315494050,-1635926123,925608564,-1236591144,85970
-262318222,1496831299,-1162768613,576150309,122042066,-1283313989,-1360480725,-1499465915,1446319221,85971
-857885391,-443781081,-490164853,1388255719,1955049954,-1980341591,839028816,24058736,944203662,85972
-87758197,1505007152,-548161425,896334297,1531039447,-1812998470,1250969015,670650491,-356653030,85973
-26783450,-2016986808,-86859104,2017247136,-1002949138,-2144750748,-1954975939,-1928231707,-1984052617,85974
1640575974,1247034872,1195805887,1241619171,1507511560,91146658,1300988886,-87104741,67477980,85975
-1044801681,1964366965,-152763459,-1829486306,911260056,942750498,-1436574630,-100060120,-502404692,85976
-1756415224,-654741856,-1074730053,1981767275,-1331678496,-190892317,-1854943595,796382522,-1224142553,85977
827347109,-844127738,-1398956176,825794355,1798776154,-228038090,1052587579,1195954995,-376892180,85978
-382720706,-1971703206,2042203362,1407652435,2006876708,523248217,1928875925,158007962,-1371954612,85979
620450519,-804811802,1120315280,76874647,878306791,1736974834,1462130505,-1259491101,80575592,85980
78409265,1972015513,-696758817,1032702630,-1255082521,-1035027260,996813176,483571532,1151910517,85981
-1698693683,1501493469,-142784629,1725323257,-593041802,378182929,1893680117,-1536116664,-837747893,85982
-1491605247,1205607685,-2106758264,1783980656,1130692913,1802685434,-175021868,-1473137007,-1646111538,85983
1972483622,998144105,1509553992,1945751113,-1610567162,1063662801,1463723660,-1543308991,-1236846779,85984
-1072383666,1517040326,-1834521225,137590274,395011841,938393344,572030338,-1067249620,-1933269602,85985
-128620060,-490636323,-1855154987,-1741595309,-1041246397,-1596690755,2060323984,-2115139836,-1236032515,85986
-851836551,281676349,625701946,1037635929,454864254,-920099740,1794979296,2123159994,-913358329,85987
1446261602,1790150026,1029137963,1880370400,2096248014,-13910880,-652570830,-682416479,-790670415,85988
2031857685,-736734256,-638341304,-407429417,764750458,-849456631,1579611439,1686495086,-581300104,85989
1438579491,1554014814,1152153156,-653406720,-975992732,1489595916,-988141632,-1376708550,-362667251,85990
-27931767,1014223772,924058676,1366750788,1128280445,-1508704039,-1682265444,-693871627,-324764821,85991
-789989563,-867461577,851703216,1106867627,-1701955033,1628544363,-837480200,-684579662,-556904136,85992
-1180506455,-176747840,-525110051,-1560318476,824839008,-1758944038,-1230784518,-1681831521,2134749710,85993
1387167105,494449271,-1781788458,1670771600,558612292,524393080,-1455068244,746025798,2038295341,85994
-769514758,1864603187,1128702797,-1678825172,-156060868,-1692316397,7063993,1473803816,1619576819,85995
-326110439,960696519,-997175829,514450508,-296687634,-1235548857,442265078,1921832842,564424452,85996
1691276008,349331147,123017825,-725326617,1824415314,677265073,1092378568,-769154927,898675516,85997
-1342523362,401496860,-1529606477,2080032719,-558731361,-1086129066,-1469335718,-784980437,-2060119813,85998
-1792611943,1178624072,-1508818442,-632701191,-1223454358,-623710457,-1732980087,-479424687,-131620007,85999
910134692,-1274418299,1781898408,-1159644738,104118551,589290401,-1466919099,1123010552,1857036813,86000
-1936141749,124650960,1854207846,897429221,932606037,-1532929534,-1453429214,-1655093379,-296938148,86001
525465283,-750039698,-931185695,134409196,981597977,1996281971,-11963102,-771609984,1318400321,86002
840783809,-1491014175,806362389,674712789,-2010462528,133834124,668264911,-271163112,925328656,86003
612100624,-1625733430,-197257671,-1486695953,-1902829456,-1386917622,-811435700,5623762,2057781495,86004
404478685,-1546192477,1687446767,834855334,827593929,-928308517,2122792067,-1363495851,1420420858,86005
-649302257,1055802658,1013659316,-800053980,1277912927,-880475643,-461878203,-1480388198,1577973894,86006
2028099249,900597198,277747502,1467634743,1038484198,1413324623,-901265561,-58542066,713762442,86007
1152334523,-994716713,-525572354,1202148164,2066048191,1218332785,-1554233156,1882911922,2106498550,86008
69712220,-1321381324,141445853,-1543095244,-394080470,406576246,-1844933396,-1553591691,-823602579,86009
-242529715,205842797,1114972007,1588949976,1524094757,1334351039,-963479324,-87948326,82113840,86010
1495852994,-108691466,-1067348615,1815925705,1483419255,-826791850,-1828197875,984525496,-771360295,86011
-575205249,-823608882,357348948,-932614351,76454221,569944438,1697914067,401275172,-1814109305,86012
1157898313,-44765104,1762473203,-52726095,2114912901,253699694,405635950,-1206535649,672700210,86013
-1780262446,-793744127,1162844208,-116858366,-956128940,-1867729261,-1527076154,-142760837,-762841813,86014
-430836011,-1428205196,-1119792832,1131628034,-1528240802,-1993895947,1705774375,2095961555,-678609780,86015
-1441223919,1308762045,-117833097,-1338466154,-1214894159,332711604,-547533779,-2065096537,-1396467778,86016
-199284719,-1259050355,1293343746,61717106,253372763,1956966316,1351049656,1866757581,-1440888424,86017
1702612051,-1735829731,1190559317,-1392101954,-2086233954,1067562117,499417962,316783244,206292028,86018
-542063351,562887986,-1807174904,-15858532,-1313665061,2122298335,762868924,2119166543,-1074888305,86019
404439225,-318590942,-1070143829,-1691112274,132748062,1043828718,311092854,925409277,-419623083,86020
87848710,77042495,1633593735,-1412056198,1822241382,1781478242,-1152024982,-743544994,1490601951,86021
-1012410556,1754168807,-142978188,-1878720059,-595594799,804109872,-531921803,-585383560,1502041584,86022
-78357110,1058833004,84339229,1974265070,218747911,-71520048,-774292735,742433549,-2131323583,86023
1010129112,447981998,1644786957,64570952,364894444,-346818133,-1023255086,-306764104,2042396253,86024
756283236,2072709014,1130512911,-1137372265,590289167,-1302566555,-133451601,2079066372,-67877468,86025
-815845871,-548517098,-2107554745,-423700515,1062792377,-1746062523,-1798449139,-2005691123,-2104501152,86026
-1600913210,-51693199,1987840291,-1492817517,1686896101,2064218028,1831348545,-1796250098,1358618922,86027
983147522,1841595954,-886886644,1355008372,794789547,-2045151819,248771951,892019346,732444732,86028
-1564278155,-1978696635,1862246185,231871245,-370466793,1775670211,584714203,-51827574,-932490512,86029
1735768793,1137742150,-2053225588,-1100759739,1806763486,947037233,576752566,1183157456,1218714601,86030
-1659292560,-362801366,-1411650529,-2110287913,1749223686,945643598,1270208678,1086770895,-482223393,86031
1676385515,-414408672,1748996665,320216142,-1781641185,1546910960,-504274444,1328117066,-1196048135,86032
685489624,535155906,1998034024,-1505622887,1643801280,382314851,-268751877,824516948,875720153,86033
644568361,1953741484,-1412889974,900949425,-433023596,-1598668358,-339387257,-1271983586,1634532633,86034
-1539319504,-770397535,-354844333,1670379221,-1489389787,-1397590716,1993239084,1669675731,-713113242,86035
-1606642240,-1497555392,-2114707615,-1000763113,1049242925,-261155535,1269026846,1428479700,687570636,86036
-514378552,891774752,-1089009830,784184650,-612471874,-242281122,-436985987,1063502686,1873708379,86037
906146972,1612755836,959853220,1981154001,-1201118313,-236918923,1508354073,185948142,-1408390196,86038
-528784913,-258543416,-1319532526,114556824,-1089706783,1140572420,1994468437,1291825894,-1094601246,86039
-1169696798,-504440766,-637724059,1438979556,-553677251,297628211,-796390828,-406918011,1652579745,86040
-1145112869,-1703319284,-252653884,-1414629367,-1440384591,-1311192940,-702820777,2066179694,284218580,86041
699872199,-1418027127,-389678897,1725762788,1757770457,-2056306621,-80247143,-141567710,-1543342453,86042
-925759941,953476245,-1788463429,1934955653,867719167,805936793,1419446958,113474524,-284461112,86043
-2138863194,205039160,-1734033197,-238251354,362577376,1014030570,458064160,-177471067,1700363514,86044
-1833167839,-177593157,-1296287800,-1050669360,-1271743176,-1021229619,1057084101,-1487676197,-169319747,86045
-1918231540,334734764,-2116110153,-1689314775,-252328258,349479230,1522090118,-668841144,1828138451,86046
-826155608,-917629901,1843702452,-988642719,1033314705,306500815,-422376843,-1566476384,-173823901,86047
721850482,-342739058,169893697,-623152040,-1280145034,2075593368,-1801714556,-815158484,1901276986,86048
352666358,-1439068743,645223919,797453876,2082843022,-1640369039,-485607599,1365383951,1764015429,86049
1763136521,-486021364,1136873686,-400122133,-1132301302,-555355184,1172070789,1946666295,-336910000,86050
360199165,-280200622,-80469402,-2028596831,-208390950,1663759580,-1874578846,1511251205,2117969069,86051
-559990577,1300734170,1733536711,-1851308809,7827132,-1144384527,647381954,-1848762754,-1786252354,86052
1202477727,500868692,-562665697,-1085642070,-1725195507,-1400419296,878558405,1770831081,1084782386,86053
51713047,-134630575,1707813709,841125521,1466606019,2069592198,725790289,303516250,-1785636493,86054
1768280245,-1939145967,-1340309270,-626656370,44863061,809602841,549911282,-1070700295,1471735029,86055
398615,-450136662,1521171084,1705440775,378385976,2122419711,1790173329,-1249329867,-376099105,86056
1144521650,-404229965,619791178,-502590167,-1373401585,-2145121303,1434924498,1161006585,-289498458,86057
-460792989,-835245161,-89091794,531913636,1011064877,1649103291,-1382050559,-2001424409,-1402590435,86058
-1696638349,292425593,-622996525,-1176934257,-1565401494,1290697992,1390541760,-1833082764,-498296391,86059
46224758,174615616,1765964711,185571748,1895584257,-1047852711,1350478802,-1898653581,-930213670,86060
1382761957,-611479193,386418157,1346709279,584710096,269867685,1159968454,1885630899,-753495285,86061
934698407,1172495609,1116727103,1455076550,-1968389227,248119673,1723341186,880996937,-701911600,86062
-1411546962,-1531432230,-982315304,1737595699,579666846,1814467094,269796472,190512347,451994551,86063
-460200119,1663335888,-758328771,668829721,-1534875921,936251865,367548791,1423033400,889774426,86064
134815691,-1398185507,-193479743,2008104477,-651215947,674550454,799746844,1634916232,-1284018276,86065
-411118791,252834025,620833591,1039508054,1509882662,-211421017,1546631577,1039846103,844918186,86066
-1566096342,-1958346752,-66691513,-1062071969,1385917609,-1461623396,-1886681131,1810079265,221391563,86067
1179685792,498269795,1287105070,-1516176509,1681995829,-924560227,-398071809,-1730506311,559966246,86068
-1947039236,-601942709,1491709170,1415203652,143160117,-1116135494,-1124501887,204562057,1967015774,86069
1427083989,1920348642,643340083,1854571140,-1073991176,-2021389007,1627127347,-2057350405,1436535236,86070
1694478972,495686491,-1316875572,-1675274614,-947296148,-561538351,450525207,-378537160,-1413914302,86071
-1403288061,1003432027,-1065645245,2067861307,-2025753006,1218923045,833501850,1342757228,1315953483,86072
-1789462469,1963379276,-1247711416,711125781,542706246,-558764464,2027937772,-728612623,-1383311718,86073
312888248,-519216597,-23414580,384546369,2083157538,-1520110591,319020733,1088074207,-31947088,86074
-845444482,1943018744,816327889,557219801,-1829725948,827351914,25920195,-1902440017,1549240763,86075
-1711332390,-111142044,-364632755,-95959351,-748658540,-920403271,1781620135,809791480,1268700457,86076
771890111,-1969597247,235231062,-593578680,-1519700665,-1950980054,-33403686,-295000681,767906318,86077
-132686127,111144134,-657264528,367353749,1303524412,-719567212,-633420561,-1917624054,2140962554,86078
-293839998,-1793975105,-123481476,911990543,1997755411,163647853,-1114741859,965427703,-1076517938,86079
-344745131,318315676,-1672389611,-531221621,-342008620,385590186,-1048710518,1960385625,-933698348,86080
-1826855883,-207356170,-613528511,1071461631,281952033,2104724007,-1191891137,-503321580,-1256345466,86081
1401011201,-202520308,-1744014808,-1645760456,2070359490,-1373175881,1924686898,741655099,909446531,86082
-1736846464,429212573,-1220952822,-333741627,1956805699,-377254517,382356177,-122796610,1690586533,86083
2091508579,1214782090,2071440554,1608130321,520098069,1112881740,-1531986102,-577014790,-1403540821,86084
-142058799,1073804049,1856848138,-579565868,1711501675,1472663592,-1818085779,567899705,2145226704,86085
-1012071934,2043906437,-354139028,-418905189,-592713239,693959581,1643669285,-145051307,-2062182485,86086
-230401559,-2042654212,1070044741,2042144169,1333211680,-615520397,1955874406,1469037562,1335475853,86087
731786895,-1714752873,-720084651,-95771476,1782115529,962599518,-2043155729,-589558128,-1661119981,86088
1856075874,732033552,645673207,901597164,1384299015,681558460,-1210476731,8125490,-568369890,86089
882732927,-9210799,-431708133,1167441559,1553726702,-40736727,235516850,-1664974460,1150294163,86090
-7491309,-1769200093,620250311,-773819279,1465853715,-1792828584,-2053721821,1877090520,-2099253508,86091
155278843,-340497650,-258591568,494838035,199332963,-1423113746,-1906009290,-581668799,-686413712,86092
-1854095321,-425676010,433948150,1591775572,-187008263,-1739672805,-1973386965,-1057831374,-389634551,86093
-330811620,9319502,-348020565,-39346475,327283097,-1775305681,-288664653,-1443401391,-483479853,86094
872538436,1446718132,258222591,1802445075,-37405201,2042114719,-1918178999,104729188,749447717,86095
1058958731,967810845,1180182722,1071692210,1630206691,-647931546,466989464,-1925533714,111069835,86096
996051584,-669852455,-1331969680,742561129,-260367453,655752722,1391495617,832024103,1580950112,86097
-651085963,-1897845205,1327772171,-113801385,-1050985034,-2094598283,-564078224,2145343249,-1736203798,86098
1890958144,1353008275,1216954841,-1398946470,-666849831,258857757,941707933,1474965487,524465092,86099
1586371890,310870274,-298606720,891034822,-576279347,1198689253,-2090472385,1441256640,813344933,86100
1613850007,-85662389,-168490933,356657288,1857757081,-87472500,-2120261793,908271912,300139609,86101
245172489,737618793,772384981,-635862727,30060697,-2123838668,1285889244,1260137789,1730511470,86102
635178572,1693589263,-917897464,-1404789342,1352212567,1798703082,-369586747,908446137,544362615,86103
1467729639,893426401,-1439721479,1973932886,-608971608,1358312509,2107499352,-1199344471,-1389905216,86104
1793627185,238648779,-466272825,-1252595468,-969712312,1160161714,1683436605,-638628984,1797143488,86105
1705732838,1773725979,-1776078008,-760092428,-1124990402,-841510391,988459490,1944656987,18182088,86106
300956898,1842576179,1700968003,50792908,-1878724253,1454923505,-1492893233,266086478,-722119573,86107
-146328219,1142339212,2118518110,-1448832311,1273985785,648727361,-700560304,-598785568,-1938026861,86108
-1163888443,-729115736,1508363024,246926688,784420256,-1574026960,-1471547108,-939267343,2039833818,86109
-1585547137,-1337374771,993767229,-69745354,-1824348918,412557763,554332465,-1513681449,-2134334432,86110
-1225660384,1192773882,1101516008,182016893,-1823744974,917311483,-1171001033,1328964772,662883292,86111
20201270,1823674584,395265479,-1865337629,-2087061026,-1164665012,-2132257697,-1712738205,-1846078511,86112
-905325912,309472551,973274655,297095903,-820889271,270777305,-337361396,1701102102,-273895011,86113
-1188302696,1794894537,1812015315,-72272181,-1855064661,-227915197,178019182,-1486695198,2120267215,86114
-1258830389,-1793921790,-496380917,-610353866,774927486,-1493001893,-1811326116,-759750041,-19533224,86115
1364130696,-1259319865,883973684,-1375177695,103642915,-297653041,-74439321,-582132034,469482534,86116
-1663698023,-2109160204,-332381829,1367691377,-648321594,-2132771013,-711571859,1828636258,922790594,86117
345962071,210535007,-1508970007,-1251971324,1100847094,251190404,-1512789381,-76984491,-1826698052,86118
-1309810867,703804270,145491652,525128788,405251983,-1412839752,212555780,-955358465,41208394,86119
-1963547910,-1557327833,1108839621,1313368117,-235357068,795331960,-483155556,325767196,-492448061,86120
751394117,-845633602,1219239735,307536582,-2070361479,556934637,1688710484,943930783,564292087,86121
-1011755308,-299889344,-1936526919,-1466376560,-1630625622,2055715490,1417574851,-1232454962,-885490882,86122
-1218229728,909442330,499713910,184784668,286126383,1282364253,-1701636902,810557254,-1948640393,86123
-63580725,319367484,-1943443233,1868460034,1258330761,-874312888,2037706238,192076109,-598049497,86124
-685178600,94225012,-1526575503,-371123918,-613025283,894830933,293958072,1718845800,-1108113647,86125
162927202,1396249038,-605793731,1235868730,38749963,1196785969,-1451615881,1896434564,-187729786,86126
-1724450028,-311534996,-2115091381,1171215921,-2122278890,1440428763,-89306970,1145366806,-645569956,86127
-2139824599,187418669,-1009743679,-1783784843,-1932707015,-1092066344,910206324,315842893,-1310847112,86128
-1576344515,-870516970,123923894,1401939679,-1885853075,-1980672105,-1137468361,1314772937,492087100,86129
-454559090,328998188,303827024,-1670021229,1945167158,1561181142,766363768,1972704249,-954415161,86130
-1404145890,1139393119,660542918,-1922404804,16700048,967303865,-1900273456,-718615144,897361782,86131
1218798306,1156625201,-1392912998,-1553647602,-862975514,-1812018978,1245451069,1735763937,1884473224,86132
1051936820,-1167671483,-660427995,619189831,-331334687,-654368467,862591654,-784844410,1745413981,86133
282819192,-1001003914,-1197669482,758179718,-469199200,479409999,1832346256,1266013756,-796736281,86134
-79365910,-2072690795,-260555843,943756819,-947676843,517542572,-271610457,868214413,642696412,86135
39730450,-85207345,-1217958867,-1340518974,-1709589297,-391865907,1432240703,-291111411,-226135412,86136
1270414666,311045304,959844789,-1901565874,-1420716355,-249268454,1086914113,1969431224,-1360331416,86137
-1314931634,606474239,-369643552,2038376357,1829488656,1465736068,1313416998,-1357198690,-516100434,86138
-643676890,-1229286731,407757225,213827253,-967373678,1158688407,-1032867956,-1868057826,557282082,86139
1559825803,1202003079,-1826881704,787724655,-2096897361,1553190121,830211144,-927175184,-38903536,86140
-474877158,1400481212,813712704,2019989714,1560208982,22041076,537850919,-1312764723,1002992575,86141
-190565230,-933873190,1560253327,1396269523,1513436197,-326362104,1903231967,-981764274,1272353908,86142
290214903,-2038586884,1877788248,-1931484297,-1479369485,677648626,-1982261573,-760711407,1823593473,86143
294774151,1258327394,-1967861322,-213048386,-877349007,1490255581,16528149,-609640241,-475075297,86144
2079806130,1142664142,-2145111859,-1453953910,-1223746815,1942537352,1856300465,-1887651328,-727841735,86145
-701811803,670960783,502488382,-1454757815,1345383490,1258310026,-2431218,266222944,1845475805,86146
-1224607535,1495722828,890392402,434650342,1174491033,1341755498,1342981854,977513606,1499940422,86147
457358156,83595254,-407569267,-1920053492,-1349817995,-228509860,-2042227859,-14672242,-975607211,86148
626696206,-66707575,2108562847,-1109658498,-889222728,-1663888486,1764133695,-166537664,1959542011,86149
64125742,2038293724,-1385349342,1233405597,-1082293706,1629792799,292735790,2035553912,-1851178112,86150
-1627280201,1285489854,-563641510,1270651585,-1908976863,-1218513993,1086606210,-1122493424,825817742,86151
-245085861,332921144,639776466,1941212744,1630788735,-699684886,131532329,-1920223407,-1601043556,86152
409785376,369547434,1695755090,-328314816,991157804,1056060280,1736305287,-1649701628,1327977467,86153
1560226882,2049915913,-2009749551,317620360,308937166,-1563533991,-1121906695,1555122356,-2050448969,86154
-1844033729,676781137,861695546,17773915,55272737,2138945959,580065774,-1626960646,1479057184,86155
588308489,-185274107,328617154,-519190602,1672148712,1241343202,-9372468,1359925952,54743169,86156
2144847585,-693515185,-1970064419,1926808534,-1197075550,1189253965,-85183676,1911785887,1287921663,86157
-1209446615,-198372314,150194042,1044903311,1859279185,-939028247,1741517418,-962603312,417594195,86158
-271964373,1460300343,974284308,-107325133,-567107301,-1677869284,-1767591880,1767479114,-550849480,86159
-179860936,1744259842,-2021093996,-981605012,-986173791,-1811349071,-1437771573,-185687787,570654043,86160
-942923119,2019683414,1894763692,-719508170,-2032911462,518569898,862647074,627213351,606734837,86161
-3218427,-617462840,-1428875381,386516204,1955255633,-38686820,2020840364,-618254451,1658095229,86162
1872595465,1128241605,-1739839071,1267854403,290107925,1375932263,-1897780880,-186405442,-42147089,86163
66751458,-2081895286,1883966719,-319506164,-779062693,1222681951,1445401376,743562700,383321470,86164
-290130105,-1983960964,-1967083394,2021236276,1433825681,-1238602121,-60099262,1030884627,-720466064,86165
16512392,-461263535,-1764372499,1301781358,589986323,-68814491,-1621159580,-174488559,-458538923,86166
1473444595,1844271822,-890157352,2068025593,2099377665,-1188706767,-325353148,863861712,527734141,86167
-524926523,677308654,876869561,-1259932210,-1674553624,551913487,1632371227,710736630,1552416074,86168
1785049041,-15412744,153694687,1835402220,-933217414,1357921071,-1039302398,1599161148,1500098583,86169
717546028,-563134290,179020948,-854249851,1795275068,1670655650,-548828308,-534705123,-1861008590,86170
1158135514,81923746,1116583850,-816505091,-1763588906,872223450,1559979811,852594460,1223394326,86171
-45278044,1347749675,1003595614,-1197804187,1791069980,454518547,-2035858693,213672932,1306322304,86172
-869501032,-685436774,1913245336,2004577493,-1688012045,-1643490056,1235775579,165776072,-1753181590,86173
-1528299327,-1944315574,-1781511368,902693845,-1638590245,1083491495,-953325823,1701074972,1038569249,86174
516703753,340350511,-441283543,1291946912,-431442910,-1503060072,-1509094456,-533131724,984285608,86175
563004395,-1476098595,1100197155,-1088594715,-462185678,-1497087598,1435765107,-794947555,-645174981,86176
2066069658,2058015751,2035910252,1237822282,-1491836434,1807441112,-1417956650,469826212,552098949,86177
-272304467,1916923541,1778199478,-2123821774,-1487861373,1652858467,1678512601,376975057,-552052964,86178
-1114116152,361192570,-21403985,-1993187714,-706563808,-812019837,-639953623,-1432336022,-1347967217,86179
-947663750,1186925124,-400161994,1868155600,-509552677,-1113350997,-513858530,-272553548,-370929181,86180
-1117828024,2050630123,-2026737263,718601242,-79396857,385385127,274322297,1513685742,-1023858971,86181
1871887190,-448091328,1241930660,-542280934,785228552,1971452411,-510761523,1003711580,1483930070,86182
1651312750,865158732,2122660659,75920773,-2087471106,763271956,1525448562,-21101900,376063311,86183
1873139188,154559311,-438397280,-1159896909,784965363,2012268130,-1769067152,-1865942901,139095490,86184
2085716931,-471620507,-519832765,983992634,-1946189253,-1937975161,-1080918903,-539650181,-557041154,86185
1659009697,-174109340,536847080,-1623791605,487736319,-1504999906,-507804574,1504532954,-1719222136,86186
-1385645465,-731942492,-1872553405,1957848163,-847715561,-653752013,1751054706,-2003084551,-2123650765,86187
-74959493,747972294,201720577,-1832005899,1531423590,-1458854722,1665142632,-2079573674,73550866,86188
-1975159982,-1889008616,-1106230059,63726271,2082370210,2011380710,-349206247,-1868511525,-528281044,86189
1040805277,-1596762863,1739874751,53239372,1430632834,103078303,-1215992853,1994286546,1661789420,86190
2074222249,-1239208908,796001091,-1392672686,-1347149163,1618215935,629029926,-711061255,245163406,86191
1784152094,1716187200,-1836923513,1483137178,687116622,-638292201,-2119241278,76757265,1850651789,86192
520403405,-1729479355,1519937809,-37175310,1767629383,32213086,1245719275,-1080697124,-952267974,86193
-1617779990,-1681652813,650746042,-2073935827,-1089574298,1431109180,-278884405,-300246240,1906939890,86194
-1576021633,-960765975,1903909419,413615777,141904373,-1003021552,-303826437,1815188433,1163688174,86195
518172398,-1097095107,-114372598,1556649655,-1134873282,-1735995132,-1025593738,1892778228,-2133384894,86196
504964428,1765031502,923140178,-65993308,1924783708,-548380579,2094399403,-1897963077,-1043014082,86197
-1644212245,243510135,-108615173,-1213021018,989899732,-2051496192,2031098070,1799135815,1463156475,86198
-624894503,7438942,2016272864,-942553622,-1956190906,-1443485943,803717575,72336070,-1498758605,86199
-1875134831,-2096158446,-1959568555,-1270711515,2115609593,226838593,1917512290,-714931561,-1469459955,86200
-941592476,-986679743,-279210283,1385085265,1933975191,-1022111776,1701330684,349389172,1326491390,86201
283303398,-1489423751,393373921,1955025897,-1871593531,-1276639278,485975146,1722341183,-133012620,86202
985616816,1049474381,1696402950,1852470679,1836196658,-243668831,379256626,1868105717,1150694823,86203
-563611866,1269643218,1568262165,-1159643552,1105451751,-258972226,1544612948,1625975802,1556491205,86204
398575993,-494288706,-48831476,-1250872243,-390618453,695067029,-2109046515,1876118558,-1309537788,86205
294164737,-1091691933,648618643,-15902893,70939392,-1438087894,103416635,-902985913,-690769742,86206
1220263660,1790659560,-409159532,1368398400,1430669673,-1508709943,968896763,-643188839,-2028965079,86207
-1164635297,-1216197187,288618806,2030581426,-441563643,1909306976,1823901513,2036259852,1956984337,86208
1779247812,-597988213,-1031116521,-129971561,340296700,-186052577,-2135199694,-1701006069,-792700060,86209
-1088614494,395972811,704445279,-1077237774,-623547840,-206452760,1183587462,640590312,230811512,86210
-1352138938,-2060058560,-965196796,-1394565423,-1694016162,1959425068,696189848,1783541610,-72369607,86211
230540505,-2111542666,562988807,-1127556559,-678303210,539873933,413953975,440478478,-981028986,86212
1252230830,1964925826,-308380873,1898816000,-1607657434,545990851,1654640383,-350595608,1546982284,86213
-1991064324,-1128511632,-1138608068,-1264373793,944744483,876374811,1044776770,752962173,-1017244753,86214
989819990,317242880,-109773294,1288448774,-1599832319,-505124904,-1113120285,-992096185,-1992603348,86215
1499839861,1249819377,1869061382,279287181,655207767,1780153624,558846492,1894973638,-338336603,86216
1014635195,-610728932,-1398584915,1162173758,2135385422,-1021741526,1573993803,-489862379,1953905557,86217
636938415,818484464,-1799273522,192899232,-805448087,1736463613,912581549,475328427,1466299564,86218
1583301618,-1524105485,1872835053,1628158933,298861351,-1446413635,-2044805541,1798112109,945029013,86219
1141016877,1076484179,176810638,-962137274,-1200121415,-1132684674,775835685,-2025282809,-1998262477,86220
-119754718,-1467171689,1185664998,-77906806,-1305336230,-1087809656,-1913958640,-26817649,750668889,86221
634830517,-1720720544,-271874355,51029145,1738907032,-892456435,480275970,-1858602787,-520039139,86222
491412701,1119668279,1468296865,-1237291946,-497860330,-1728345735,1666043194,-1198216255,-1706537035,86223
-1494592133,311146672,1746555812,-438421128,967794195,1249160628,902642125,1002378688,-1996304506,86224
1267807536,-1410405843,-1994932525,1374804882,-1369610646,211819226,-825661321,-1777332470,-638886119,86225
-648791732,1041548159,49242230,-86615456,-1256459024,-1695944093,2112444247,-377348102,-1578627530,86226
1833696126,1835415582,536064100,172248464,-117522743,1027106646,-715696178,887645528,-166292934,86227
-1320021748,69519185,-1410987928,1011443782,-1023415468,1399172372,-1167550171,-1655453267,-1718301039,86228
1140754898,-774285965,1939952016,-1000091921,-1483361783,-837922244,743019964,-2117217988,-1276153773,86229
550210976,-1628610610,-1457711547,965529470,1509441742,-1749851773,65958144,-814359360,1533705171,86230
909630056,-2051451082,-390881898,-1588625898,-1255155237,-321283000,-296291200,-562174634,1894891595,86231
967206291,-249599598,-1751900865,-766944925,1586347590,-2013656949,1708381926,1533332061,-1499454960,86232
-1368369555,1308238366,2003613886,2014782361,1997820321,2109210583,-1005587800,-1232897121,-1656940793,86233
1623904287,-695571498,408952435,315843658,1097349009,1348218256,-1672446649,73658115,-827714230,86234
-1361564487,-1578345786,-1021179381,-1676667096,-1126459168,1381447975,-436373098,-1332258480,-1974153475,86235
-143855804,1954594986,1207541164,1829054823,732470184,-291881768,-1185399680,-1542909656,-680272626,86236
122382776,73719552,1000530176,1248541800,-452701662,-2118948772,-1167589039,1075526891,-467613364,86237
1637538379,426806594,588764888,-1379403499,1380863773,681038169,1732915094,177982199,912736522,86238
1402430524,1964295846,650223156,448221257,606934378,-1755449035,-1015491579,1859953624,-1121943553,86239
-1902229030,617017449,-1227217849,1362976019,801429977,792900693,2107600548,-1113468546,-1170714725,86240
-1500938351,1535441520,-402005019,195445404,1511676714,-1165442415,-1993867438,771151044,10472968,86241
940439990,624428846,117628062,-1589506684,-1419404964,235689000,-590505075,-704642234,1178689706,86242
529641262,1103236483,-916782576,-671617468,2033859035,1509021071,1644524402,-1013683536,-2018093187,86243
-1013440714,1633076493,1225229165,-1025973960,2033543885,-964774291,-509256613,1099575101,2140170202,86244
1339835148,-82524729,1774948044,1622665999,1754787577,-1339294153,-954007811,468104252,-1457905798,86245
-2098861866,-1971200511,57634095,-272168919,-2068539470,2139605153,442041287,-1670511145,-379529179,86246
1725781903,831356876,-218904814,235995850,1938671100,1474781808,2017625514,753512950,2000637737,86247
1164661184,819795991,-750186518,1494967557,1313960666,-1947769697,-90967948,1102493042,113813434,86248
1882903635,1710286007,1320218154,-792032430,-1842888278,-1664812787,-1224024557,1888627712,-1085250474,86249
-1990962558,689974062,392430476,-664009063,-190319688,1694479176,426648268,-804251095,1680350589,86250
1782498690,392348347,18947061,1680941671,1320327194,2044052685,-1360403167,-188146061,640976701,86251
-1748316967,309545492,-1262255398,1668955057,-2050697773,1000682743,-927286855,-1598858412,-1586427083,86252
1185002922,-557690895,1219405938,331235720,-412822631,-787314378,915495379,660545727,1397438129,86253
489665116,78306240,940890685,324866483,826124619,1517219235,-1838898189,1927410244,718604750,86254
-41274991,736152253,-1194971313,-433676087,1493052782,-1602487254,-1647303423,-923316736,1544842885,86255
1046335913,2014197540,-323486377,-331000882,-100953592,926752475,638307237,28503680,-706828740,86256
-1216728373,1625364449,-20397136,756920544,1441530885,1733209077,2135744003,-1090690057,778078941,86257
-1655754221,770536428,353615789,1805814708,64317490,-1631579932,-515526356,1305095682,599248999,86258
32082260,-1614145741,159932681,-644424224,-1552428135,-253337364,-1800278745,619689083,775680609,86259
-1964249841,-1320928674,1379655235,1487242085,-996745199,-1615813246,1323316422,-674133803,-422336409,86260
1317824452,74090354,410988820,-1215188760,1717768051,1802339375,-17352217,1737157219,1392663703,86261
-1217819080,1941970520,-1063072270,-1268435013,865199669,-1513150919,526187345,-1388837193,-491477279,86262
413321326,-2002451776,-1843639950,1944838055,-1796773943,1809431728,-613801313,-1571846663,1517839240,86263
2041208382,-356027295,854873326,827357282,-576107684,-1595750320,676583147,1440868630,-243981941,86264
1739520179,-1565908999,1211497969,808702977,1284527899,375229538,608917101,-1572755842,941704833,86265
1784283098,1637590216,-1974800561,-448722187,1368857315,146120294,-1494897405,555681596,-229650479,86266
2378796,1667101223,-1117211097,1118445830,538248661,-1809850919,-918940668,1267050374,1672796383,86267
-1765172631,-743781021,-997955799,-233596040,864018558,39058188,860001756,1163866571,-1845668385,86268
1939245518,-384157485,420875798,-1064169997,395991113,1313055455,-1702070214,-1793296001,-598777742,86269
1248945516,-1687773769,1447393228,1382691218,1556679252,-1703384965,-767509910,725693323,-1403856568,86270
10981275,-516531179,-281868480,1994867233,1589804906,-48685935,1488051716,1449089993,634813815,86271
407477831,-395098091,-1209742185,-2042436124,-1830926389,2062167766,-2030389493,-604218603,610353351,86272
-1883023990,1176902525,-2049843805,-372369763,1119809101,-1182522003,-326450538,1727098618,-231185711,86273
1681427287,1653777144,1591894509,286375243,-149152218,1247917764,-1200602661,476849047,-418868071,86274
747041379,-600510491,-1232627621,-1072035477,1407584394,2137254578,-305788028,1017664588,2040046753,86275
1959697742,-757421442,1517580480,-1216342325,841526106,-489911739,-526338455,1141503787,1027573370,86276
-321042233,1747070500,-259373741,-736324062,-1904028963,1836466626,-1016195045,1857399377,-185135964,86277
-1186431795,388028158,1346450073,-1326057439,-713610990,1734692537,-379694739,-1873725198,787363721,86278
-1453267192,930281154,1831737336,1808377217,1116511067,-1161746455,228586109,1511890300,-1655416609,86279
1858250635,-998661025,1892279836,686761583,2129086899,790141246,626424507,189097748,1942624746,86280
-1456503188,-872255533,-947096929,635542864,-1407846949,-1300899176,2044044553,-2084890474,1143004756,86281
-585358211,-1472071946,-1129319241,1328811652,-565272954,-117447692,-53291916,994445053,1825640516,86282
2001650551,1056676453,1253952904,-114512123,-1700033317,-846628618,-1903150174,-691253112,894832765,86283
1417559809,-1393705036,1762811917,1430712961,1043021881,1493372000,1978323667,-335730454,-1848949921,86284
1033168111,-1850303970,-892685286,-1246162399,214366132,-929850661,-934461864,-789160465,-103162489,86285
-1339449398,-927915902,1087427185,1399747041,-952997045,94170034,1062582546,-1895180643,1434416563,86286
1289717934,266440207,707529693,2144301115,314884214,2126146597,1411021686,-498807101,496836181,86287
-1255898540,-1597443318,1244165883,1488085910,1908652767,-402822433,-1591037462,1517010,-1266194695,86288
-435707404,-1318767844,2108347836,-2016532450,-1528561017,-1093159168,1842759758,-2079676332,916868780,86289
-817478619,30493460,1857608254,489145827,650537841,38920202,1726915189,-487134895,-1638797726,86290
1896718325,-858021136,1647235716,675430881,-1009332269,424609707,-1287178150,1662567815,187059149,86291
-690221852,738460730,743727477,-1324784342,521136959,-865184517,2128571377,-2108259082,-320541462,86292
657659638,-1826340428,-1419348293,-1336235067,-1148644529,2106873988,1446877185,-325988161,-844276037,86293
426540893,1277239501,389292194,945055362,878793952,511237337,-298333357,867503843,1463627048,86294
-1709852173,801822479,986093614,1539113931,621026124,288318119,-1998343300,-2129466709,-774824172,86295
1014982236,395434652,-680624972,23975768,-227177862,1504084097,-510583398,1652031923,-659009513,86296
-1582653429,1768335042,-1434611513,555523020,-893141738,103170351,856598040,1681314016,7790526,86297
2086772997,600240575,-1350250968,-386155311,523671029,1937089179,1484956970,1567024549,-466771366,86298
1843864613,1249996461,-525366125,-504381289,-1044647909,1358898256,-2136679500,-668868615,764339563,86299
-1150624996,1456350465,-2096826716,869992415,352420372,-1579730430,1274431323,2122423282,160284527,86300
1548472577,119097446,1155659943,266621970,1892366315,316198620,593718664,1274167113,-2019983260,86301
1489572635,-1948093392,-775557982,159348152,1797840439,860514094,1391989258,783359698,-1372781716,86302
1473890781,585512698,-1906234620,-1816939355,1639358980,-1276954635,-1383565243,-2140518674,1837618013,86303
-1299584027,250474064,-1038380694,1118219606,-175840465,493815024,-60639091,-1031191563,20958544,86304
-283313540,-2116753167,1257714941,1390873274,2124174058,-465490489,-1991511353,-718654595,367936377,86305
-1174558103,1667991911,-1216310560,915119957,2032664189,-922697202,1483098892,-1916336326,-1927911791,86306
-1839887236,968653781,-1266008230,-1492261226,-1796827567,-510755848,-933767828,1275151991,-229593320,86307
-886758324,-1692624402,1259027851,-427595450,163423290,398325637,-2123441158,-2046622797,731496358,86308
-163779926,-239449124,694927825,-600980950,401106391,1218439904,-389312688,-884879632,-383723635,86309
-86928875,-1586605584,1171754643,1005391340,-2088283059,-682388613,1214458229,1340420798,60166994,86310
-965466783,1337138569,871754154,-1671300132,-51283170,-1382745616,966468172,1461213412,1968480832,86311
-665243035,327271185,661987822,1325898212,-1692043288,1979631956,-783875446,858000924,-1863457421,86312
-629986063,-1331765078,1525834031,-572001406,35625607,1794599982,-875895996,-271419511,-1755587691,86313
2077309880,640068030,-770541461,-1319721402,-559399414,-162796673,-1299869095,-1942667073,323317832,86314
787853925,1572715189,-1418907549,340632607,2041393629,1120455744,-611219215,-541051705,-2051234305,86315
541131404,1937642442,1720045918,113584031,180379061,1065177279,1486795927,-1297823108,1450471086,86316
-1489698890,123631747,166659180,-956418978,2069012764,-654086992,1362649795,1227810293,-662714777,86317
1962508472,-1714555562,1603839185,-1296809704,-2030255784,864260529,-174906667,1853980880,-2144791315,86318
1800723638,876895204,-710574407,1666487876,1269905149,-753718107,1328994295,-947214051,-345428402,86319
-773845547,-1342884474,-1651136019,902618363,-22862835,-1488756579,-1178221016,1378093968,1787398679,86320
-1890009657,-569477364,147375273,411308458,-885581752,-1862413267,-152506749,-782905242,863778125,86321
-1847988061,1785689446,774112932,587154104,-1151103894,-927787642,1691952660,1365712064,-838345510,86322
-1603636580,-1116663415,254118980,1966135651,-1188171732,924433824,-1420925834,-1287559364,-1055680500,86323
-906024405,-63946558,-2044793090,-1383616605,1252341245,-477160690,1090929273,-1045167993,373638965,86324
1364134330,-502649217,-1386094612,1601395088,297979049,-162261747,1276964265,-1552278383,-1104066879,86325
440297188,1063777280,-1689741527,1246252494,1717073961,-1638296771,-1972439664,-1372460110,-1718228517,86326
1902546939,1474199922,694441720,710320714,-1666247213,-1408926941,1556044365,-2072152496,2097698688,86327
-424564585,1164205675,352816435,-851713754,870656147,2079062444,1818155089,-754818218,-1797203728,86328
1940942703,1168127510,713129667,1362540383,920011380,-1461873473,1261223597,1948734502,-459755597,86329
-1922168756,1124810518,605595517,-949885487,-642851162,-337041397,-1503208152,766183389,-668232420,86330
-67466159,-798842846,530798350,576441068,-2004335762,-1977810257,-519155994,-2047308076,-1877344660,86331
-1874440709,998503559,897480755,60761856,920938237,-573518256,569635653,1831622890,-785324345,86332
-1066652181,-2067282954,766444150,-64692270,-799732841,422512765,103880629,150961120,1703230732,86333
1948185647,-645920976,2023801832,1698230191,727232221,92983567,1285419646,1280579685,-408386165,86334
-2040422374,1613181281,955950591,926627867,-941892654,88309991,128844167,1340910311,-1429340536,86335
-1020071125,1836093569,498514603,22970792,-2029389855,-1695734980,793906762,-635511211,-74656360,86336
1056310315,-768723496,-1491524696,-882736770,2072479826,-125954190,830224557,970016645,-1905280700,86337
-1171827871,-1500736828,304635977,-917501864,-1496686320,1314750355,-1783743123,-565622200,-1724251194,86338
1609108024,1624410544,-215990532,-56354224,-1638879414,-2083315677,18430484,747815203,1523006178,86339
-201996425,-1542942636,-1951651659,509427281,1236495266,1059326776,2086172998,-1816827605,-756747019,86340
-1885813522,380434655,-1354369770,-519135478,-359225397,1000980700,-856344303,-326326708,-2026951026,86341
1476082937,-489486696,1719856889,1557198535,347305223,-1760314798,-611419451,1728686696,1056295672,86342
-2057711478,535449285,-1658710764,1599124214,-1712230227,-900621326,1317698337,-72709926,-2079412289,86343
-191000121,-1703616906,-1834030042,-1422761208,-334606256,1652822089,-2093222739,-1182240470,1687185279,86344
-1872761656,-322583494,236330299,-772668808,901541992,-642899844,1215792737,-297462450,1066408510,86345
618016765,379456014,915458186,-868370044,-2023213898,-627267244,-1508741657,31971242,886710575,86346
1125393725,-874609605,-1586381917,-475933416,234032042,945726799,528708524,1808106265,1614480611,86347
-532316501,848850612,-805861909,2005506351,424991456,-1618324215,727031097,1824183421,-876307190,86348
-521140487,-2077992014,-935104244,-1855509757,320126283,870666054,-381131362,286121663,-1788041266,86349
1176452441,-1391657042,775100630,1369758189,438744088,1610828441,1874397171,-1174308619,-2089167941,86350
-604695962,-1157759988,1731939814,1280902764,130413293,7291583,250305618,-508574462,-1242165305,86351
1690100397,-1455447652,342066528,-521716369,-1555262666,641896198,12517004,727702751,-1741157255,86352
1125388008,-1780415888,-1918840699,-2041925191,-1007985689,-621842620,1689202905,-1407556936,1238864390,86353
77133145,-126001479,2059836982,-1792202906,28113426,-1924458524,-2026980918,-206083074,1827309880,86354
-1535623820,846174142,-551596182,-163544399,1120699975,779344659,508279293,-1541016505,-408565810,86355
-69669944,-474620412,-1474683858,188183354,1546695422,1656785478,-1398522908,156984098,623634664,86356
202463374,838460300,-1095386265,237663069,-1889817556,1693749729,233603044,1214233149,419354960,86357
-827645728,-1699531956,-1480241228,2119364998,319277802,1716184060,1831013662,115527019,1746076444,86358
1123694622,760884039,228778504,1391324425,-1684088415,-1776399228,53469597,-1639391881,-563534961,86359
1252926710,-1495620886,-1666780432,2110923338,1717521951,1804110701,91476194,48954439,211018609,86360
595568309,1624672805,-312279307,-259079827,-1659624206,451226664,-1099460643,1075329193,228370908,86361
-48777713,379464064,1894359972,-1548630901,-1891005877,160535655,-2128688512,-1388150360,-291337794,86362
-322087998,1390557133,-1674587536,628905611,-1500486111,350455863,-1401807279,860289031,1833776831,86363
-1512014284,475971693,-1861545880,-312378549,1094596171,-1452255089,-338615675,-1578574996,-491050747,86364
-1189016206,2110112898,-1405807239,1007895640,1426997062,2141219620,974708179,-2015309889,1686644406,86365
1004441934,1449936983,-1200238169,1721115094,1011895192,-710402886,-2137049990,707243138,1334421282,86366
1403601491,-176199813,-1919810434,-1222740146,-655906943,-2022205520,-203045130,808162556,92043810,86367
-1804380814,-1744482139,-1142505169,1309302003,441016807,445042492,786251404,1637052281,770289337,86368
-177796539,1471926061,1610840822,-1611946350,-884256414,-1464894417,329162810,472933427,1053454571,86369
503559353,-852993726,120007501,1940801505,-464093663,1793512421,1609563529,2108622893,-537732843,86370
2029712472,778302735,1392634189,-2004723319,-1337552585,896430833,2075549654,1484622967,-651542397,86371
-1775285194,873241710,1093828175,-1694259132,-1940412252,-988798826,890158196,-1468307903,1377927318,86372
-1853019571,1629260686,1756293490,-1350252685,1569496095,-875476325,-25769402,-405019793,628893881,86373
-2021268408,44702694,-1176078731,1964373555,1448983883,-404195882,2062196872,-714780397,770221325,86374
957255866,180774660,-1766893493,-2117536974,209527399,-1334185221,1315966054,-2046030917,124740300,86375
739870252,-1261640856,154917954,-1254554427,229940843,667702874,-875034982,-1412482496,2048944740,86376
-79266420,1180283430,252622048,436799744,1590291994,-51572481,120249055,-434917758,-636443065,86377
2141453346,1358592356,1469053160,2106126889,-902592373,-1727185539,-1162120546,1043968220,107494073,86378
-713347020,695663881,886087969,490963275,-1682710003,-1752182919,247070743,604678182,-1775905968,86379
-766857682,1289537163,1802033364,1270986025,-979894993,-1438244584,1246381305,-1052862267,832890249,86380
33817010,-1206029258,1095181644,-467575254,1514386855,-2074435089,-318025383,827037207,904671888,86381
-1583211738,-535598310,1440469449,1007755829,1434287446,-285335858,-466792382,-1348747405,1416558935,86382
-1833273237,2086797207,-1261859162,195497297,-165210468,-507360754,-3462797,-2003480187,-613859079,86383
-1373292618,1416996040,-926055305,-1092198767,1164477165,-887900741,-866465514,-684525836,1609788227,86384
645659780,102037840,-1559945863,-1872615592,1722647154,864371974,239889182,-37617038,1252585485,86385
-2003688486,360133082,1961201870,-111431282,-2033216415,-256966102,1319143180,-1748209319,-1736716642,86386
1841585585,80604250,-640305348,910091160,233204421,352919606,1808149462,-193074053,-396633591,86387
2125081764,1952729894,305932735,-686309259,-474694175,125421740,960914102,509291058,185301611,86388
-1280847495,522437052,-990467307,-679549356,-1007284147,-511993397,453412861,-760795511,-1868844752,86389
1675544684,-527312297,-1050717768,-993327773,415982791,1330200511,-126435875,872601981,-1966907351,86390
-1951797289,-557664801,-948379375,726995411,-1513700318,2020144027,-978968793,-2056084327,-1796480682,86391
-585166390,182621655,1698928793,-609621902,1374014731,1343730211,2057796327,587641539,-507383748,86392
-967756031,-829414095,1739537984,-1522239074,-552739317,-1154189653,-1269984825,-1092630631,285577841,86393
2143008827,1443845913,-1855041838,1690468914,-2033288235,415459754,1892193867,428940647,722094227,86394
2041698348,1374106379,1509170563,1495135129,1175374656,-545809029,787957812,700043271,1501275474,86395
-240575618,568154119,-1956548567,-311058077,-1389793160,-926250926,879480169,-280998416,-666749892,86396
2003327969,-1360586170,-27628616,787962237,-144494753,-267628962,-2098106227,-2088140041,-156605246,86397
1624688123,975045470,-1221145686,-681274622,1427508824,1435305987,-1942602812,1497601063,876163165,86398
-861153158,-1221114896,67872190,803302610,538345940,-1276432897,885747278,-532845274,1013074427,86399
-831778958,-831550681,1766829921,1095636016,1761445601,-1239023396,-1084625493,-1057309032,1145397879,86400
-1136976247,250934382,-1272185786,-1669989907,-1319348222,1251996710,793945815,1512543759,1799789823,86401
57959940,-2146452336,1271731474,2124663405,-2008824137,1067400166,-997344339,1604989605,-1507193220,86402
845338504,879137282,1794330117,371453619,-747880974,1211797708,-1656433334,-729440359,1345325084,86403
2032910530,1005794353,-231336185,1336129400,-1992982422,2020700671,-75484562,49657350,802505498,86404
-468906379,1140734924,1227709331,-1061323088,1066781487,220548001,1626864689,1356499574,1586171745,86405
-369971161,636474728,-919111594,1227128024,376500349,1270292815,954076469,1125085915,-1367346021,86406
2018599432,628881869,2054466446,-2049271649,-1372787042,1630752609,1429491879,-1392213435,953041610,86407
928193675,2017432282,-2028889345,-75372993,-1455355108,1648070084,-781944909,960000884,1302043710,86408
1222110290,-1465332191,-844680441,919083684,1408616235,1874837300,1716202127,-1216460059,1304917271,86409
647588658,-783964775,-523129179,1324833950,1252020182,2118613169,-337018998,-737691063,2117224634,86410
1343552945,-1722426705,-1078032190,49664143,1967596823,380422187,-411256892,-1864042034,-1770300884,86411
-1229818915,1648204610,834318652,-1197639225,-1303530899,156580780,-711330194,1858779632,1546716064,86412
1562510064,1311866374,1972767807,-999741118,900488040,1740995951,-181641421,475752417,477902679,86413
1658317597,-157381471,1873814144,-408241247,1022330229,-172202248,1053353531,-298711094,2094153911,86414
724804935,-349628545,-1599165535,-666528191,999599839,-1369054707,-882746202,-1911422797,1697849715,86415
1012433706,843036903,-1590910110,957851210,1931244124,-661844647,623930856,-1259971237,-2125635417,86416
2024547653,159036385,-1774183119,1731766961,494943133,1546254390,-1908764696,-1548597328,957730167,86417
1625993426,84959328,730784532,1379843282,1741150729,-2078906648,-199365800,768310857,-830545908,86418
1660243816,-1459329913,-1897067514,-1325463110,-1319690670,-42252149,-74817822,474797671,-1135492162,86419
-771434025,-165330309,1659966227,297268470,843357303,1897439592,144509971,-1669523060,985253349,86420
-1033825731,1542977802,-2094873391,-1345567041,1306264593,427787869,-1747255832,1020873536,-1654851196,86421
-1551805566,-683538555,-1507081416,1295681699,832168489,465870544,-483662855,452030813,-347334595,86422
1394552177,-1397655406,107058167,1544163837,2061505969,-1102401002,-1741929322,2063413314,200846806,86423
-483730199,-889983960,-1544394521,79347927,1935798946,-1896230416,651356003,2070444718,1087168092,86424
-57423624,822039608,453947591,-1175848277,1097073522,1140229955,-1528875255,248765089,307421542,86425
469890923,-1162648783,1943598014,1190906017,-602649922,581804400,1549278893,259020351,-45500946,86426
878964771,1923391808,967471665,-1139949100,424808031,1974851072,-1117460883,-630062616,-366050696,86427
1436102059,874047695,-234578859,124593048,-223204375,-1374970124,460450191,560038610,-998821303,86428
-1049039863,-1019027242,949524818,1715540126,-1930674363,-2067081447,-1207340275,432849639,1773836690,86429
884987458,-708776659,1085091729,-1403494433,722600160,762898509,1615605553,1567653244,815972844,86430
1154825982,-1685641002,-961776029,-564704699,427063614,-2013881272,-594935607,637985328,1074467208,86431
562626485,204103938,-608414660,251633521,-1789068905,-586473350,1488277737,-1731479801,-967569298,86432
-493313661,-1082373825,1408728313,-512625219,919473047,415886627,795447259,434324252,-1588818628,86433
941870416,-2064048775,1844398132,1841323448,330185327,474631153,-33271898,-748345010,-147804372,86434
1663763262,1134163159,489464029,1414395379,-69914551,2109069053,1742567433,371967384,-509394356,86435
-449413228,-956194769,-929926108,519171925,-1582133076,1788446119,1461587240,1524762192,1260118225,86436
-2026761366,-765080866,1982735299,1165578092,1250506581,1428924653,-1106647496,1415926990,-706200938,86437
-1164668767,-1346239579,-896381864,-1858931134,-580859899,1851197873,-718818027,-1255341946,-1955987583,86438
-773210069,-723424269,2029569436,1064870592,-1461917608,1106418256,926740589,-1653955663,268703923,86439
-147631242,1059186529,-1806978232,-541773652,-821270763,886951959,-1119869606,-1981765740,1436455458,86440
725407086,1420827272,-1436450101,-1958793108,-1471943816,283794922,-2030217772,-62196603,-497481033,86441
1556776916,558314929,-1030681994,1436359497,1255228626,740213747,497146448,-1584484915,-1680457828,86442
-1759412065,1400778795,-1689675551,-2079307421,-1220877014,1540441253,408211953,-1727090148,-2102532812,86443
-111555713,-1185337216,1046329142,225246631,908070341,-1246721836,-1693874320,-1978775570,-1270947281,86444
1121844497,-836442567,-1125712427,1275368420,-1151294832,989890394,-2055098024,907680245,-1719745353,86445
-1579577713,-959320672,-19868229,-1419761388,1151258669,25448219,-39283271,-1148357426,437576105,86446
997128706,907733580,1456419933,1049172121,-1008234141,-1397596015,1172880197,554654080,1904185426,86447
-653390092,-1576513447,-431170994,1270228594,736806891,-607473906,766457343,-1530988399,1466054854,86448
1726813975,2091004270,-255420328,-655808381,-92983015,1794818845,-681220852,-909366705,-382499474,86449
-1401578205,-155214673,-345411499,-686512558,1309322439,353959682,-1478617351,90912978,1722780456,86450
771393789,-355660787,-1214400088,1715860133,-850333904,-1803147775,-1579796985,-1033416349,-1196522814,86451
956543821,-1523546413,968403657,-1204099104,-631278402,1733777791,-2044160571,-2040019804,-620120997,86452
-2131615026,1476317649,903623612,-602149430,1163302475,697294694,1983924984,847467957,1487517861,86453
-1422582748,528149984,1858641097,820680129,1764112660,778487664,-693081801,629314304,715963090,86454
-81837902,1151058581,1570212183,1240601759,855373280,827586232,-1681504059,-850532600,-1353157090,86455
-1960987387,-284643669,1446624694,-1642083551,-1323378794,-1839176023,-1437411306,-303830124,1312729924,86456
-431519906,463264441,596486014,367054818,-1544575094,-1331583687,-1479702591,-2073334103,1953253860,86457
-1346970450,1944775884,1148547705,-1947031792,1429699467,336342124,605093,2004759348,84947893,86458
-1512849163,-21713794,701843525,-943711071,2080809219,-1611738018,-237219310,-1877628852,-1858238247,86459
-1411005487,-1629511079,-1220960176,126093556,1736984200,-34763628,84610312,1214341734,-360855430,86460
-1042405871,-127176974,481183640,-866660373,-1294599459,1999015149,1191533482,682442915,1208183993,86461
2029999513,1145049665,1541217182,-1877674529,-899391130,-818962710,-1682926839,-1545348679,219360077,86462
-320212925,-728156275,-549350838,1198774047,-1180144462,1473675994,-360709354,-1312754578,1407547731,86463
1476889950,-66836506,-636673602,-1934368830,2073920032,1275853335,961429600,1421594688,773950300,86464
1382178829,203949539,759786810,-1776017287,-1696603287,437234304,828092733,-61868307,-1497897421,86465
-1545304285,1981615708,-361883950,-667787883,803002660,-705393458,-618134057,1124105025,1849459898,86466
-241747380,-1273655123,463222259,230525751,-570617414,-1582378402,-1189507485,-1867235925,-1379977348,86467
1164075341,-1814518355,465033994,1630916849,219453912,-244309705,492685492,-876862624,-1284522142,86468
60677450,-651765590,413635853,1980383640,1217569523,-833280271,-911825687,-1206983428,1636328055,86469
1867734594,1557715887,2127034971,1347348281,-1103334106,2001605241,-1903033958,865715776,1570334925,86470
1646455054,373273973,-1821514984,-636838829,-1219754236,-670901323,2036056062,-597205616,1336260457,86471
331511486,-1606412907,1811101654,1126476356,499981137,-739040568,1989902172,601424224,1455519393,86472
-2140178550,-467372682,-790136676,798309258,-432079327,246629965,-806650359,-603007209,-2047781781,86473
872239838,-356030418,-548675837,-1002817818,-448248551,-310570325,-1462652816,525927809,-137406320,86474
-1240432607,97466165,467574395,-248921095,69141758,618043829,-688237528,1165909429,860399858,86475
-1456666741,587797512,-718235610,1879283821,-1724559840,374828915,880005933,1804221515,2012279382,86476
593082974,-1706618490,-499821131,346698693,525778442,-292758020,2125672395,-647872744,-2089104337,86477
-1221002053,1588422260,-557498015,-917016868,2047699435,155271189,163273367,1371622264,-252278065,86478
1496683059,1292536128,-1841902938,467004306,1545187497,-606180273,283085824,-383274268,995969488,86479
1576797905,1358659272,956459059,-519427008,-1515049183,-2000118653,-1140949462,307600661,-1974201989,86480
2046108548,-639584097,-1143492520,1889393830,-285853640,959203883,-916905450,-2051300826,1050204576,86481
-1075626305,-618215421,-203555464,-226945239,1659057170,-1445336875,-262453948,819344025,-547264990,86482
-894294379,175911228,-447133931,271037275,-881912107,-2038527124,1247617017,1499906508,-223415969,86483
-474279078,-1648210091,-1745290660,-1531133648,2056515037,-9672418,824501521,657911938,-2106025765,86484
237864988,1779202104,1084252224,662566641,-288390994,626625272,683381152,-1769304664,-53150195,86485
1903137542,-1270911938,614381961,-1787998256,1967267529,-1448624952,1183461846,-1753988531,-322212752,86486
1806898112,591577240,-54950988,-1118853947,668482071,1232183237,-213764688,-930424232,341598886,86487
868311855,-170717414,489812578,2129622484,-1191029498,-2083302726,1607393756,-4394733,-1827990949,86488
-893795779,-1623897212,-849015167,1536634630,502064518,419662707,1002480544,1697293822,-1881275016,86489
1154775793,-1894044338,-562237939,503556964,-1202433778,-1238210662,-75791202,1721130143,-600733605,86490
506781024,-1716279775,-2018098633,1946292112,-1614063864,-1221965639,-484711747,1661621148,-201879630,86491
-34804006,475646714,-647231876,2120876874,-1935970702,-506616695,908613054,850898846,-692527190,86492
1479375440,2027640625,-1864216851,-2109393554,1424697720,1725257960,-39848946,-148989097,-1190139390,86493
957039583,-1069085539,-1647124901,1597721882,1978901377,-154613062,-1253641921,372967160,1892486276,86494
1192732341,-1481126127,-1212308674,865060769,1049165002,1660536544,-1753664813,1132658334,140640664,86495
-1069755396,1734819665,345529322,-300573659,58466895,-465447060,-145368488,67931866,1681056122,86496
-1841243475,-2124400629,-1703031326,632537728,-1572107621,2031021366,-267400905,2028215624,-1790688000,86497
204255787,1491445415,-440595906,-1107221191,-1185690927,-655741101,490181954,-1370421175,910291768,86498
-1804403718,1770276247,-1010480671,494531591,-1261361222,-533125925,980938940,1190287634,-441193467,86499
1010744398,-1422036701,527161916,718705123,-488980433,1644080992,1515633143,-896478669,-1957914176,86500
-2023579069,-1340060008,-433473144,1638801149,-1841002461,73829876,245774728,841441328,552074040,86501
170489236,-304056594,-1530383972,1714336183,43992326,30216918,-1636325641,-1368734797,-1299197285,86502
96381099,317310200,1417125909,-1483644843,-750341215,-1894894278,-542518526,177306643,1762522453,86503
394282506,1081449831,-1023010844,1620603081,-568284252,-142022933,490047603,422425080,930902144,86504
1337598924,885179915,1142781048,1254481418,-2097527747,-781005261,1146236364,1089367170,-638895078,86505
-997769076,-1179304747,-1162259177,-1941098982,-1801299934,-2045590796,-635902794,-809281160,944546822,86506
162747911,1315833560,1957837143,1165847301,516141562,984840863,-1317181065,-360012519,1003417874,86507
-96730434,943383912,1774433041,895953163,-1608688019,638304081,647832306,-525080499,-2015000940,86508
-1909050297,-1106757453,-1745814763,158212927,1850578936,1746765738,426793542,1004760838,-36947190,86509
916261756,-142119727,-1795510839,-2024460381,723442799,-911427254,705118749,-697188374,201570527,86510
-804039410,603523735,294282045,-1185969505,1661354981,1031383251,-1509457784,-1048838142,-1287956380,86511
36143008,30821707,-863361153,-1925821604,-1069314358,-99921658,-161283724,745291801,190905452,86512
-65484274,-1265236521,-413027376,-1692113801,-829926252,-776049400,159239195,-936231305,-2076348245,86513
1555205806,1308626618,1256537246,-399817571,1884040009,1324667900,669134689,568276155,-1046696238,86514
96067920,-2029670095,306289095,976842860,1131552873,1741952646,-1627459852,-884531572,1834609710,86515
1255992819,831498995,1870080877,-620032790,1640622651,-1318652784,-1450725752,-514223600,224946301,86516
1092314331,-1610194466,1072410192,-834444932,817696784,368821538,368162062,-444131809,437757522,86517
-1553412100,220389703,-169173884,-28577474,519970587,811170974,321269861,1642325318,192001112,86518
-2011248829,889096208,-1772250576,7130628,-1881575210,-1425015690,140068858,1797086413,2029801940,86519
218529158,-1671066984,1452746539,-752129573,626082929,1286628469,-437989508,1238856060,-960091426,86520
941814245,2145302207,-1858086587,-1483226629,1278578807,487701805,554757161,1339767283,1655510259,86521
-901194298,-1456458702,-1905698461,-11240842,2019288895,-1904291141,1224856735,1189506606,193431775,86522
1369590317,312415489,-1675961404,1269524508,-99937267,1861790870,419658299,1970606445,673112573,86523
-1878804709,-2083990416,-1273483620,857217754,1753229687,-864353604,1588941449,754473410,-479122011,86524
132342201,-1068837216,-631856450,-415105616,1949619256,-43855624,177624366,1272539378,-36832629,86525
-1784506846,211985976,-378980444,-135782531,1631641024,-1808356320,-1151148969,2090361702,2049266971,86526
-1542031233,-775576421,-1843436564,-2056839452,1251524886,489597046,-751102289,671028079,1109946384,86527
-1980806560,138425060,792990352,1672710403,-1142698050,1477003582,-1926838924,101181117,-697050167,86528
-532166845,990620991,-2080575378,-1163109875,770448487,1876102,-1173942232,-1127491530,1120946559,86529
-216800903,-936034337,142170021,-220092338,-1382700111,-2080482503,-1489333858,1111602746,-26136936,86530
-1724785492,41816339,-2126090076,141771125,-1853427145,-1330680038,-292490739,-203004467,942096641,86531
-1406172476,-1127461418,-1491786505,860019178,1330356102,-379936672,1061956851,2058226022,1727825168,86532
1070281066,2100691186,-288913052,537369067,-1515952078,586964096,-436471782,1547696833,-1866556032,86533
-423648540,-1582312617,-844215708,1733103130,-464850840,1657644148,475276154,1657000,-378029805,86534
-1366831172,35187108,50676215,-1313451416,2040182625,1312923202,-441393389,-2061555573,21350083,86535
930606511,-1102018812,163967619,-1780551916,1587931678,2121554259,91573270,86935437,493568364,86536
1338076214,994233404,-2060607077,-2011762705,1087898650,-1076420001,-1938231432,-1963632866,-1900239985,86537
1539075400,-1513148662,1619402573,-191331166,100902371,-1222655552,1480511556,769309644,-183111114,86538
660694607,988751524,-752837178,-516131661,-1988670230,31649524,327546410,529152651,-51791387,86539
-1627938645,150266195,1556189713,758397502,395655973,604722076,1220902162,1609978708,-2050140102,86540
-1428713595,209337614,1258670642,337802379,-1007821194,908248663,1032497146,-670109018,-1643666943,86541
-1651993522,-1388954028,-680905325,-277587052,-1642598694,-464191041,1524100797,302137293,-1589680048,86542
1881304860,1671324589,2094566576,-266170243,692059114,1986638419,2038779536,1084246476,1571261874,86543
-1454755694,381369149,-2073058138,-1588968804,781924650,358619504,-1644774053,-1498064401,-1185879802,86544
-441351203,-962396255,1762741379,-315111487,-638385174,9340226,-527672558,-605716274,-1557995919,86545
161954166,-1561609778,1542990388,1255844880,444303139,1011417843,1973355246,439188805,2003609335,86546
1686944171,1859456710,285291952,-827823453,-1357199055,368508568,1627214401,1391863442,1923487249,86547
-1235992441,1312694761,1250036268,-1799494526,724015908,-594686145,1288702503,1199855971,-1224888354,86548
-573055578,433354434,-272618530,-461903420,1875597849,-1786881772,1852217861,-2096533473,100548200,86549
-302236658,-760675056,-2059186919,-974105073,-1938592131,-941141840,-2029336146,18725343,-1953375651,86550
2029398628,-961741168,1039654245,2113910292,-652088295,2128213401,1735001038,-939877549,171562625,86551
1675414089,604638984,2057984185,1978645127,-1550055136,-878976077,1027379794,1305879737,1454944342,86552
-382581653,2094047432,1448445801,-1006947126,-1241349763,-1052016216,-1255453813,-507081063,-1690661657,86553
-2004580321,-2100460325,-1847945699,-377882036,-2141522896,734764621,-288312316,435360588,485757633,86554
117057495,871233815,1799022525,-209121543,1900954181,-2008377096,-84185640,-33574377,94540647,86555
-1429859632,-1881564693,-1756459583,-1283272029,-742240539,1219019785,-1481446417,-717880076,532513354,86556
-771259796,650619364,738320775,1474248576,1088984772,-1811802066,1562189039,2105903491,-203820716,86557
1924706344,1852713197,85378351,-316794304,576245632,-730611459,-415738968,713046657,1741272887,86558
-1981141290,-287365561,1563427166,-193957818,1504233849,-1460955020,-137580260,-1166447814,661100464,86559
1016765613,-99459826,-833421341,96421659,-100391696,1463194776,1877883049,-1943840033,1197957474,86560
841435758,1705590538,1991510128,-2057123569,115842233,-1567576665,463496401,1161742727,-1744380430,86561
-79362054,661110540,512841468,-984655728,1312708974,-735916415,-1990986845,-29082683,780886975,86562
620049100,-1410484166,-209497370,1438390568,812939059,-963790590,-1515847114,-1898942508,-2088718185,86563
-358622206,-367907451,1825297842,-63960162,93561041,-1793017673,-915372690,-1339872939,-908661264,86564
2134758210,-630007556,-906978138,-1109908160,-140783585,1604927439,499621346,-165318932,1719005628,86565
-466268305,783123843,1397369041,-1166051475,-1613874242,1162647327,-980907713,-1099092847,-1092289686,86566
-1494744775,160551242,-453938811,-1515485580,1764716114,682563850,-783828640,-650012578,973482405,86567
839459494,-2056788855,630229899,-781642196,115873475,1373186482,1067398091,1337429606,1096342535,86568
-60907764,-808712296,2077481053,786650606,-1259078043,492233696,-1747670145,-1731859711,12699628,86569
578344954,-1832016319,1759396840,359856708,-388273647,1471144308,1894014202,1442721587,570887807,86570
-2038028860,-1885343064,806785118,1818720515,645430665,-727552422,1149213378,-1488589460,1574440083,86571
255821662,1340797557,-585513249,-175785061,-676838219,-699219835,2001669759,-152214545,-893663210,86572
64976542,-1769477171,-340088527,-2125173169,-1862180030,-1285056824,348559556,-1766448107,-2127617965,86573
584768335,1568567266,-93743031,-165713339,-526454953,1435267348,-122652414,-1787023083,-1631981990,86574
-674300490,-656668816,1792887954,1348230927,349602554,-1114729519,1008560627,-1501381218,-697094264,86575
-35893755,1941408501,-1055286999,1453087764,1314395897,-970341081,-1901015757,823857099,-1637190593,86576
-390877119,1170732034,1474057672,814862872,39217561,-1848663563,-1154221743,-1591370147,-1037648242,86577
1712649412,-1280025031,-1444466460,-1278343092,-1886224562,-1133130298,1225441133,-1905732836,-547223047,86578
850455359,-1569288042,-1196244166,840239034,-1912603406,-2048262234,1337020472,1434724608,1357386134,86579
287050494,-1453943823,-53376226,1208820134,514740739,-841245602,-1857613852,-823249921,173004242,86580
-932926969,-1630282313,-892285945,-667403689,-1778644744,-1534198899,507076704,-1090579930,-736144460,86581
1158850669,-1174805808,1286335290,2087378940,180237184,1770842959,-978089165,1509651116,-83287013,86582
-1530481503,1419102891,1708003099,-1472315534,-1032395234,496338643,524915899,-1345597994,1283507902,86583
-1455550888,1477635262,513073807,1355957024,886708054,-776985958,650478430,309515262,619063952,86584
-50418264,1122140696,1380381825,166686825,-1281532985,389987796,-57717208,439087678,2022952870,86585
76754529,-562787424,-120907919,1537553808,1656795609,-1544948454,1769781940,-1424642831,-233364640,86586
845325162,1062502984,1103466597,-883543261,-891752871,1248945588,236575317,-82657496,-829585999,86587
1544020097,615214290,127694322,1806469612,2063986308,624264296,1217298364,-1091789377,1880448721,86588
-1898413278,1726314819,488915641,-1922995269,-1101652822,-40845388,-1924224829,303583171,-741526436,86589
-1807056053,-1393297616,-1235911611,-682746989,429019709,371150338,-1651238798,1582417410,784010128,86590
1937846218,-118117246,1275488684,-1398182029,-1726509849,240753213,134734132,1509571710,854254618,86591
-519562161,794042031,-590918406,-694902962,-1236880056,663034884,752388286,-900580672,224798601,86592
-305750857,1738450889,199483746,-91185867,773009129,-2022636483,2099520253,-1064107847,1451633431,86593
1060923086,1125884413,466817434,-1886399710,-56389841,1968965605,1010228636,11478514,-582510189,86594
1431834538,-1903427224,-1058374224,1633573974,271669800,2118109897,-1072998112,-1443765435,-555252929,86595
1995706077,1780099411,1973864718,-645050094,1341500485,-1412454037,853976696,-974179702,-573672658,86596
-1895912961,1586043421,508815582,-868234531,901630207,-1701633097,-414068029,1977918457,436214532,86597
1211705108,96420755,821159862,2134393015,-1396896578,-422216000,317152423,1245061409,-1249493451,86598
-1208459983,-1342712495,-1409846591,681960381,-388824199,-1462960886,-148091232,-839862093,-1064660955,86599
-407048415,1592543724,1966444593,125629666,653776133,-1865771643,-818696081,622267434,719008373,86600
-172098884,-181388830,-379143692,-1752252617,-1392934555,703539587,723479133,-871300200,-295870171,86601
-485021084,2080701670,1941939361,1957818680,-279499370,-457497193,-1962351541,636642059,-264066867,86602
1031796893,1479505530,-632189679,-1223743460,-231969934,1140773190,1154308800,-2087463990,468099993,86603
1722780847,1332602068,1948738895,483257456,1515140834,1846038318,1270136555,-1079978070,1650491771,86604
-1269035487,1472718380,-325513244,-770280965,1198594912,-814514261,-1672667538,-342905099,529822337,86605
-195612050,1995562544,-1216984219,1635448415,457516756,1447475949,318242406,-1760708158,1684962781,86606
1056968010,-1153497012,-1571027544,-1632973337,-344379435,-56756808,-1424148203,-595470815,1206950284,86607
309175476,1324367550,1384162426,890577445,1576744881,665778181,-800606584,-237246501,-1486904380,86608
-181490573,-360779541,-946849279,-1302019689,2074410616,1861539762,418328818,1473555049,217002109,86609
-204848507,524179691,972473257,328035572,1214337049,1034638931,94681418,-1750975654,2103250843,86610
643085881,-87595361,-1341874711,-1167616670,1210180568,399097860,584336273,1062000046,635232973,86611
1666918907,1794348787,866262861,1523718997,1770740014,-679871108,-578939969,-1544003754,175271892,86612
-609877077,-1383076183,2107516534,-250937149,1253511582,-877260984,-1989418522,-36233067,2067450155,86613
-1741130828,-1011939937,941204356,-808366430,-1640880732,632863103,1914650782,40742464,-1241077863,86614
644988691,-1655910255,-445706918,-1323577943,1218976162,-390118472,-712890021,-1475121824,1134445371,86615
713574988,929448637,-480402710,-298149806,213778722,-2069139345,266432016,835587349,978988787,86616
1824793312,59290015,1930909947,1310532544,187388924,-1620641189,-580254219,-1948445741,1527955836,86617
-1720329261,-277637534,439946455,329545280,-2081574587,-525691577,-83358079,-1008292651,1282819147,86618
-1935547818,-1393130372,1053488264,-904017368,-1168364144,2044850240,-370600442,1845421493,1006838096,86619
1390402535,2074125786,1937652950,-87120102,1597048837,1987488837,-472963557,108190462,-489994729,86620
-1807780264,-954564096,-605775271,42635410,-1238181098,-271903310,194337886,-1423254283,1648937551,86621
1942523226,-167723670,-756060441,-1357586040,22597770,-1507015294,-1596485136,-1314041475,3907918,86622
1734887484,-1407073520,-343194181,-1020750865,-336956775,1374930791,1243235412,-562457542,1745096083,86623
645630603,1144042170,-839355762,-346396210,-224510820,-1990196398,-543000684,580393389,1368114935,86624
-1607729712,-811197497,-2077785151,1372347666,241844616,-1258169828,-1086508164,1540478486,-1000937964,86625
-1361930625,1784621323,-167090277,2094442516,1237566539,863107622,-688402215,-491094970,-15886399,86626
-1414123157,-640531239,1075101859,797421479,712059154,-1940409861,1039557233,-1300102398,-1938389635,86627
179327495,-975616292,-1600668576,1404819898,-98131351,-217396976,-556325166,992066894,-1299966320,86628
1213366329,-989640414,-1683160638,2119706430,71093458,-816358921,151800697,1349573661,636464517,86629
2075712623,1964039053,-1080011060,-676792223,-257351057,1947402259,601709453,1488960340,1407343622,86630
293652971,167591142,-214693194,-91486084,-2129167104,-1046363191,1047146459,-2000650874,1166754412,86631
76890046,1743942737,510539452,-680721905,-696626853,1038931085,630456957,-637457715,1489243509,86632
1968176906,1067188889,582398231,811969817,1506994379,408048907,-485143878,422002629,1175519644,86633
1238989397,-1503943671,-1541665540,-1776717335,-1518642889,-658953775,2051017243,-771454343,-1237086577,86634
-230490298,1519273954,591435963,-564737068,3275688,-817678465,-1096478152,-104346080,995799505,86635
210875508,-256916922,-1140647176,-1910385939,-909538429,435345152,1909107819,1650708682,-1803350841,86636
754137977,425184441,-394998212,-2093089718,738309063,-34029220,-2089375995,-1754252880,-1414195118,86637
1990341683,-902043002,-1669162537,1534716574,-2133339800,1080163203,94618667,-1114328304,-1912065264,86638
497614027,-2095609604,218523668,1912381419,2046024635,768194939,-94275533,1203336564,-2005170367,86639
351982662,-76845398,-1888501015,1669867751,1655286948,-403636784,-263632748,1683150064,-242143501,86640
-1121325622,1039508172,-120894681,-1629270478,-331729468,61961124,1390134459,331118057,-991725491,86641
-1122720044,190569941,1926339512,-337963537,407174916,20546869,-166456314,-1779738694,30471310,86642
1951258619,1926549086,-217600980,1671056616,486327054,-749179354,-1725791902,873263858,384229089,86643
-1092725333,1944479315,-1107292708,599659562,873958682,-682025379,-736342528,-1927495591,-2094743889,86644
-1758688517,1786596007,252516558,290962489,453279453,-2140308704,1448612117,969372320,-1029907681,86645
-1633881735,-1296091791,1571630625,-1425441969,-243507809,69454254,-1899268562,-649807093,-1259023596,86646
-1973445417,2061364544,-619492995,-1201790906,633417089,860361783,-2030953327,91324941,-1944804753,86647
-213803535,-248682297,-1698356089,1203985647,-104406880,1619192969,1843491418,1444551492,620165846,86648
-75074870,93366695,2075770049,1606179675,-1371445927,-430085018,-413978943,-1809206262,943852855,86649
-1647614465,-273422615,1286967403,-1498521198,92825944,2097684012,-1680699827,-2123718870,206830908,86650
-1724591229,1459058828,-858821806,713563637,-2065897449,-1170137704,1207628005,453983103,1023054733,86651
-1689420856,-1174417493,-1784725788,12339634,364202710,829165941,-1139530307,-1125987179,-782908582,86652
-872143662,1678323548,485006598,-25723038,178419584,788876355,-2061315940,1029106851,518318884,86653
1709595750,2096920446,50742144,1919029713,1603057381,230859806,-1342594538,-1299770125,925276242,86654
-1259074235,420592865,421328575,-2117946707,-190769808,1357458800,586044175,-2126505566,549485615,86655
-1092495798,1654599420,-2041481502,1623336670,-1672442536,-432204467,893222015,-2032832501,796049443,86656
-734255808,-320571303,1489444557,1573502823,-555744377,1761054788,-1322842132,-1844863469,-1608957770,86657
-86848017,1362467879,371250010,-536394938,-1233424654,-1142044598,-1658532506,-838613985,-1518806086,86658
781949285,2081442030,2016757285,-1068003044,-502823304,-23635861,1902631921,2010674495,-1171266745,86659
338616303,1942714987,-584339097,-211510744,1397193782,-1060827149,-1860747876,1194215834,1658527323,86660
-952558421,1769284213,1248902548,327911120,55236450,1073691642,206571391,1029656657,-647064001,86661
1526074927,2098253148,1984874308,-675197938,63662658,876946118,-1334405509,979980028,1621928423,86662
392709874,510823376,1429011667,1724660041,-1414707027,-542966496,-9833560,900777924,1834108890,86663
1164662301,2092116997,974338709,-1704471521,10082620,1139982112,645495905,1762161465,204325813,86664
366461712,-1912812073,1602259086,-653101533,359422035,240440856,1710290744,-1321963021,-1469556683,86665
-818130550,857756129,2074342267,62518127,1784568805,-816892314,1848467901,653317477,-60111109,86666
747771209,1551696478,599203975,-1009334971,-320547090,1275552391,842598696,1688139511,-1810249031,86667
1009503690,1007563464,1539394041,271724270,979230192,-1537911984,-1797666035,-200711133,1441842092,86668
692419297,-1631606642,45181136,1667946322,-727964401,1420275938,1649153270,-1366433467,-1334153886,86669
1289508810,-766150898,-727547641,618048363,1608668849,1688016427,-1498265693,-1874118915,235298497,86670
-2047890285,1225260817,-365460420,1972003792,-1227783406,-1731689961,1577197662,-1907429779,1715547276,86671
917097633,-1868154274,-1992998841,-488033649,-1072984895,-1365644168,623542870,-1962635291,691565862,86672
-898748980,118022394,-1960763605,128321661,-166512638,140543849,-1246610202,890933679,-749396419,86673
-159640396,-8474153,197546871,-1023617013,2018058347,-1465199116,-1080847241,-281261277,1629884267,86674
-2017060184,-848654429,-840492554,-286861753,-106273946,929293571,689915489,-1738665356,1124082315,86675
1729731966,1889163738,292017743,-1062133325,-1567419178,2068664550,-1037002949,1207831549,1424802690,86676
627907394,965675904,-98979198,1362020040,963246535,168895699,-788835716,-989142657,188131377,86677
201937344,2074962369,597272190,-1043100141,300592870,1949659215,-1069235618,-1829409223,105587700,86678
-764128055,-1942541758,1741894652,155370787,-179390429,-1492219808,-1059863985,708622082,-1029455948,86679
-1799606337,-2105999649,1278777451,-1408897930,-996900368,-1409061086,794843117,1853758142,448686018,86680
70161693,-1428962863,1165703978,1203684743,-1986409626,1981944392,1771463534,1167985472,-1862281334,86681
1554779148,-457458426,1213838075,520502574,-1919787919,571702213,-690040160,1615073236,-1578245715,86682
937203234,785313893,-1635468731,368947068,1356145758,-1863041301,-1834045928,302206344,1909634532,86683
1824795986,325352351,230004235,1643473283,1773483395,-1634788739,-1258383120,-660775668,2079798204,86684
-494083520,-635204742,1414766547,-1960983089,28626847,295803116,1202011601,1541958207,929404696,86685
-1379534444,-118611392,1545877465,-1362408811,769852867,-1597937579,700238372,343322249,-68365495,86686
1216550237,-2074586891,-1701320745,-1491903073,-169345388,612838088,-2095379442,172433624,978570664,86687
-277478623,-1639205804,-28213173,84216188,943519228,1252341536,-921088397,786576893,-116788694,86688
1769206086,671051330,-163474422,1560342752,-1867574932,171969465,2062369286,794953454,-350768321,86689
-1576352947,955372721,-869832475,-1534916364,-1358431192,1458496318,-777832055,-694478464,-1695517509,86690
1071728194,945983847,-531203530,340534718,-1708720338,-2055465346,-279507432,717314210,-1393984516,86691
-939692481,1176200120,-1575716685,1039173711,-717852283,-6282606,1670036400,1290895533,-2096267117,86692
-2034793794,-1982621084,685961325,-450763120,-905706599,2071112173,-147837376,-548585019,915617170,86693
1734203723,-1857907686,1751232141,-100013919,611949541,798628235,-129762184,-474814908,-1974981448,86694
-1968699927,-576825583,678589231,-1598445970,611133705,-684096125,-1396819993,1082343318,-881406293,86695
1900629329,-1252518052,1582048358,-1986826865,1252490236,1355916751,-1383303187,-1089165162,-1004827277,86696
592645203,-1084096222,873101850,-1773413314,-717450223,-1462495640,-913039866,-283218573,-1475026038,86697
-1505753954,1143534936,-290570156,-428159152,1413791810,-1353632706,-1412873496,-317802075,2052943831,86698
-2141130411,-1709226839,-1886614415,-1061218663,1655403473,1445427935,-2068381452,-650123253,1679515665,86699
883711380,-1941988462,-1081104427,402056407,287619022,-1683215201,289705207,1460664595,2019425945,86700
1368835130,-166398145,-1555954155,470778429,359625425,673812102,-375349746,735270752,-586796371,86701
-1522769339,-949992768,1282055095,-1816474837,-1562920669,-9285965,-690026744,1987261118,-560935804,86702
-278554218,188107595,1462572582,133266732,-512373055,-1404700879,-1348360258,344174864,1324766723,86703
-1623164365,1231259308,1351410955,446606956,1240894754,-865419142,-1500585826,-319754065,-1685870331,86704
1367575162,1842731187,2006653210,-1099928701,-47082975,1448988827,320241554,-153683393,1233695114,86705
32175530,-291904792,1249525608,1025872949,250713868,2066068488,-749575058,-1710574448,1656665770,86706
1589081134,141256447,-443475588,-1143799862,1547543864,1842045361,874811340,441157928,-917501968,86707
790529630,-1895721237,1397677993,-599138415,-1282363407,-2083966621,-1960049949,1530201509,-496307817,86708
-1203988023,417828188,-738356771,-1903812040,-104903256,-491167930,-736848641,-423481162,-537856845,86709
1581561732,-1511287972,651707228,-987399313,462323642,-1012022668,-2015133469,-1902332471,1712502902,86710
-2080295029,1466957497,-54385791,645144283,-1261303859,1030424636,1067361763,909211267,-742156570,86711
465635285,1034005664,-12745889,-1440643448,-637201968,-778773934,-813418822,-821701987,-1672562098,86712
-375669700,973509331,842310987,-1550413032,779165804,434006978,-692423048,1278776605,962400320,86713
-514449279,1788155826,291580328,-1713547289,-1485852584,1285899683,-151960712,1796623303,-964981383,86714
-82413023,90327132,-1447066926,-1053001785,-200961123,-282600616,-1831117980,-1561759783,631610783,86715
-1998438343,-1893976568,2053528773,61143651,1694874968,1735619769,-351332638,-208884060,-388988337,86716
1794529320,-1531120916,1481105957,683487310,1186259495,1881105610,1635879282,-1847336947,-1125248497,86717
-504578621,-114450727,1869488550,191027541,228072786,2037305461,-1160180605,-1483429766,1800398481,86718
-2066157998,2073962690,608997680,-634990815,282813778,504575313,-615254649,-367301195,-922045771,86719
-1213265684,-2097904394,580954985,-1357556030,-1300968919,409086380,566640786,-1771880569,-1470127481,86720
335115048,1985072266,63063536,-841649251,791217435,-104627415,-47413611,949224706,429455974,86721
-451407769,-76488549,-931815281,-1399570686,1494566770,171153891,-614777498,2047127389,-469715083,86722
170636966,-1813937148,-280174254,-2116444333,-584499725,1522538896,2139061076,1762173161,1592463795,86723
2080654088,1919827052,-867398497,-393333971,2096552999,1480270891,-1507681139,1300161315,1326546440,86724
-2060471285,691436737,1562910223,-1533167391,-534230783,-510994855,672856026,-484833204,1984416830,86725
1846721189,934462289,-176271653,1876618500,1997657260,-1274159968,107792905,-1204061483,61054552,86726
-1615245592,-1744493693,638343923,-479906387,-420395005,1663529797,2010461886,765182652,-604293738,86727
1171625655,1410071102,-467121388,-1024048683,-632595348,672358663,1905118719,2040521143,744955534,86728
960755432,-154986435,-1459214493,373784184,208798667,923373419,957683768,1576428449,-1186469215,86729
1568782892,1953899014,1969076789,1801687694,397525377,1749789768,-12685517,-847915276,-598539737,86730
15096041,1512506488,-1268640005,1763778295,95977604,349398241,1424290477,1459371380,1319277434,86731
1536040686,-602385107,1580299480,843370299,-671125758,358098038,-1935744884,1458048946,596401802,86732
2052119710,2053691248,-832265855,-340765241,-1692423828,-657389910,-1916132736,-1520156048,30823490,86733
867577700,810518770,-1730105925,-1077429544,-2090487127,1697551225,1293410613,-1689547648,1190113647,86734
-1344947161,2118384093,-336592993,1040046949,1503843923,946150000,-676095131,460289219,440281172,86735
-1389457357,1902324116,273375218,-1137823222,-1748058238,-1649502106,-675225890,-1183134284,31712487,86736
-600404106,304963926,1597965033,1766091470,-752632495,-1796033906,863638767,1548772328,209962167,86737
1724726526,-1424005611,743030701,1313601581,864990975,-1470591240,581725896,-1237001641,79299056,86738
-1805520483,-1498181533,1555887493,2092391562,-834505108,-847773608,-1649361397,-239398240,-2080910998,86739
98335350,2124605033,1187292076,-870656086,1500033782,714626771,1273810474,368205751,-713726249,86740
-1361731318,1068426751,-1604977582,-1122215550,-1249966718,1874339290,1936562094,1783633464,-21530385,86741
265490162,-1980194146,811076616,1293226798,522283362,958776516,-1607679239,1840426851,-984074312,86742
1714199366,-625720183,2039085224,-780161239,-730054643,-1440980226,275814997,-773141179,1464358743,86743
346283934,790356069,-1438833809,1432107949,-696120196,-1625887299,1532945476,498753280,-1826718362,86744
1088625823,1109114394,1844680573,-1237038671,717545628,819283420,1353648085,-55480906,-1993704452,86745
-700673149,1981079055,-1897613367,336787595,-372564690,1553802702,987200983,-1138335781,-1424860923,86746
-871806889,1453323418,-83816756,-200353482,1285094522,749764997,-54991636,1636847386,-410925423,86747
-39252138,87700164,1643464466,1797050738,-54123611,-1677547952,1940611966,470065938,-1004286687,86748
-1737582919,1386898844,628203950,992514927,6404309,1844170357,1869349099,66196885,1322436658,86749
305601372,100227894,422866790,-2069879600,-1084204289,1866816163,197952264,-778012946,-698801165,86750
-795059958,-1465439572,-429077563,1781628278,-1102104442,-992412445,-276035339,-1535595620,-1360085710,86751
1385937428,1727733273,1646497832,564975880,2123658873,-27812274,580734925,-354854815,-1551777608,86752
1423201967,758004078,-798565044,752811544,-1565916462,334729712,-1563881396,1040992695,584660137,86753
568589400,910399249,671870890,177649168,-210256316,158589395,2100898731,1514914684,-865439124,86754
1276031811,1209245678,158265872,-2135012964,993682930,2093338244,2069576798,-1625099486,-1525613842,86755
1684136131,1323968694,-467035934,733072675,1461657880,-657242346,366307146,177879414,-1515662775,86756
-1277973834,-1654891646,279932798,-555103779,682394529,-211647900,-444578371,-921504554,-160838370,86757
1377502061,603154415,1826438062,-540332697,365942165,168624374,-1727327879,-1268926363,-515051060,86758
1090182907,1309039488,1713247361,456020192,2069794114,-273750079,1462871032,869500755,-1412587935,86759
17081544,1486596119,1578327287,-1573048049,-395716027,-1788934088,-532457492,547109626,1090560265,86760
469392234,122583780,404216387,206670003,-753626135,-1414055247,-1586999338,110177301,208017090,86761
1360514699,143033550,1430242569,2059876819,-907999084,1225553457,1635933247,-448949578,-779892878,86762
1507667811,-1029245345,1440015014,123599291,-1796009241,1095371552,-345115621,-327937281,68173545,86763
1071448174,-457773312,-809177697,-1331784035,-438981572,-611290921,248474463,854268682,1064432999,86764
-1699810764,-780007466,-1151594932,1014394700,1783197100,-340354348,-2039260157,2010159328,351555172,86765
1402118024,-1463867210,-853081290,2136170405,-490640776,-251045057,188902277,-453081868,1793760197,86766
-1077089793,-725088090,636320652,-1052371525,2045253470,466814401,-1910796254,-1272645508,-1387410203,86767
-1148212427,770743755,1597466698,-1023465319,-1237394121,551084934,-718241192,90871508,2003863606,86768
55008484,2042356422,2146966426,922008747,-1128039054,1152510459,-1989014986,1150801936,117979536,86769
1939331829,1999959211,1946529770,-5694071,1618783917,-2105166705,666732337,1018259076,-481996605,86770
-1022644284,-840859279,116610693,59613426,50320756,1491140924,542445130,-552782652,731054845,86771
1196977302,-781727340,-1038780603,1370773733,-1128564649,1837251807,796737313,-1827107637,-470181586,86772
-2044285381,-842271208,1695003892,-1678714893,177320948,-410021772,1232618987,-2115764422,389286929,86773
372849897,260909071,329314180,-349450051,1825544766,-29796758,-1829049765,-1609368249,812411368,86774
1465163104,846280284,-840276200,1450081623,-1194861592,-1712320447,-303383864,558111236,-89360664,86775
325478623,-838383591,480261079,-1697569617,-298518370,882905842,1715130888,-63180412,-1578397845,86776
886854291,1392108908,1900971303,1151059579,-606506331,183182938,583387718,1653728470,-152617768,86777
665710046,-1292109795,637225399,-1839999668,-1500840905,1746976693,-34051577,-1728234644,-703805449,86778
454638078,-1520127701,-1545248634,1749169618,-1862199970,1383943342,-991093285,-1049036239,-177479562,86779
-83990776,-179299970,1680306207,1336644050,-1980370717,1786805362,-744545602,480657263,609555186,86780
1686190780,-1163712557,-1130214197,-1354444490,1100659594,496295322,1430748718,1992821240,1685654068,86781
-228492032,-433551833,-1109636435,1519130497,-1971133924,1793663714,248830804,-965942245,-826699923,86782
-1411733782,-1523483601,-1983408305,984723848,2136875869,-1488003667,-1424682508,-334784912,1649601314,86783
780340120,-1867828922,-1810275060,34777757,-23195713,1188859481,-1389465360,-1427339711,455890127,86784
1830438888,5375451,1642394698,-1950078951,-490314480,-485135599,-919575209,-1755535042,583164644,86785
-958531076,1206502687,-673921303,920871836,-825814728,-180458457,-571768260,-553147703,947833830,86786
-1388948573,-436270736,-1952758947,824632689,487042892,-1944706981,-376088313,-182116487,2118754836,86787
1331129690,717450399,1597732166,-815969651,-298708793,-150892539,-100345930,-1559786287,-1116480433,86788
-1645603486,-1879430301,631078978,-1709012342,-1572170362,-1779851484,-585019817,-950497811,374851114,86789
-1840464981,-2070346948,-589631137,1092706072,477858261,1766426440,-505391709,-1875352019,221872610,86790
1185269150,509465996,1382087144,-1988124109,1175774898,-922281758,-1206437875,-732971151,1088447604,86791
873306620,-419071947,881463943,-1960106544,1829262353,802390748,980251718,-502434014,-919679147,86792
-2034270980,1577146305,-1538144077,489408759,-66883921,1923142887,193953437,1465535463,150269089,86793
-1084101712,-915752742,-1946626530,-1941334739,-1046874208,230272206,3793190,-1936161004,1227686931,86794
310112547,1030712930,-981866460,1763223827,-1773197775,605833986,915534455,1604033325,-606724888,86795
-953660470,1062145789,759688529,1786941989,-1665651728,-228414111,620347371,-339679604,1272522564,86796
-1902680671,-1901494807,1404959932,-1825759760,968941950,1560604534,-2030263699,-1242182856,1327584750,86797
-1916127241,1991298397,1354088377,-1762478271,-2146789731,-1188642091,-634827818,1086700582,1134058799,86798
-2126020000,2113465700,922088492,-658774056,-1206782316,1693606418,-1713881738,1522550200,-2113120923,86799
-695869597,-1460603129,-483403160,-2052123715,-223056472,1856978250,-149516172,-1093032117,-804019862,86800
402735179,-129720324,2130352285,606917833,-588990839,-808371683,1177276270,1251253934,-771670873,86801
362574962,2060142310,1112009038,-1499738208,1021228732,1643512894,1801004970,215005113,-562012149,86802
1137385220,10676361,-145357150,-1220783684,1957624944,-1348257577,-1673276580,-234367046,-1660172366,86803
-1074042456,-916610493,1776510224,1348660207,722051232,96104344,-138655069,-901796737,-1480686814,86804
384391693,434001691,-1497903067,208943753,-1298189922,1796913677,1787255260,162796016,-1345013746,86805
693598393,1651568897,-1948545075,173443333,-253703701,-741201143,1365244192,1653715069,-1606214175,86806
-1215514905,-562694696,1685646372,-622244797,-1028516868,68035793,1164279691,105274933,-970595781,86807
909416683,1939194249,1790011518,-26191936,-564225504,1957463943,-265560016,-2018880135,416151684,86808
1418973653,1268603009,-1240400637,1579675627,-1849748549,-317802208,-1413457351,-1061005286,-1062869371,86809
-2123835871,918159869,-1392191790,-1907445882,1238739775,-405870216,1900907540,1188586590,-1556437184,86810
1562817647,-1470259067,-2136094201,-448953539,787119561,-328714916,-728559204,1739824403,1413857092,86811
-63554652,1040116814,-1957037643,1721462190,-1075690280,788268629,-380032117,-650694877,248959025,86812
-1002543772,2038597834,-565482707,1886377175,-1668092876,279858295,2117614678,149851430,-423983708,86813
347538883,1439488283,-2075470946,-1292105680,-1351759645,-66843523,991408242,1291774713,-1238834556,86814
1079689493,-46408928,-942280513,-1135914762,-1027659803,-1413450721,-675861492,290031829,319944719,86815
942244181,-407821900,835279041,-1371376100,-1476055302,448263538,1694659850,-1558904671,-481004736,86816
1455546638,169608349,2025637663,1383842115,-649825787,990870722,-1710697930,-1997286481,73086255,86817
-409216158,-1898682636,-1639001100,1079793469,-405863535,-1441134272,-1556609181,-652492063,-673208415,86818
-409321725,289282216,-466933468,1919381014,-440716770,-616856501,-1523909926,-127938158,1932940927,86819
-1152021216,2058908215,12144854,1846979138,1748574130,1105132889,-692653904,-2102126030,-1615928310,86820
770153108,1678114034,-90008207,1575947368,-311538194,-1058027721,379558172,-17971221,-1619640243,86821
1658569593,1419260208,977962233,1221374685,17539104,-1850354245,-1327683809,-65028934,1423954311,86822
-594011632,-1089430780,-220336697,1837801664,-1036089481,920333534,-656584062,-1163047347,-19828874,86823
1190551471,-1709186103,-2091580855,1392739370,923341421,-409136657,90359490,977980143,-579253671,86824
1808337461,-241298052,1608111231,1414097460,1064513407,1737431023,-1162067046,-1716910048,-1514655232,86825
1493427785,-662438651,1108990006,-1055911379,-274959534,1890337324,-1699692440,-453321612,-1367570320,86826
410371488,895722986,1333639455,990864619,1169272629,-1182733216,-1451741135,1198883991,331588740,86827
1906330451,579992096,-154783697,-588750635,414494022,803704138,522759310,1955615202,447178079,86828
1861362821,1245414002,-2031600048,800557247,-161859768,343263602,-83445945,1763350217,670775903,86829
-1666364474,-908732850,2003581774,-306294323,395581257,-64759823,808031858,-252970147,1564767275,86830
-567865576,355792233,-1371204015,1862943250,1148332830,-1531620181,1431712723,794458011,1592631687,86831
1975761757,-22709191,1177250042,-1581095752,1890688875,-155722268,1777407938,198329326,2110454198,86832
1849719239,1494972143,-658204701,894179558,-59805000,-1095692911,-1407988410,1872315479,523429692,86833
-192486995,-1215574447,461183324,-1178500685,-1345118953,229257598,592335804,2119784220,1407038303,86834
211956128,-1275646698,2021475973,1772326136,-1759907268,926589139,-1445607523,1163271660,1547224705,86835
-318403887,1625057912,-469187942,-1863762545,-1066398420,-2048562098,-886074902,896997122,-1586292666,86836
-1794897949,1566769604,-876857376,408140804,-1329919646,-1941161724,-1974289381,-1663976171,-1559703774,86837
1934464136,2093030711,1571182664,736694862,-1434005948,-1139334273,979043955,-1172816729,1459063272,86838
-1846420477,-478314520,180753890,1284777700,2075216739,-1688938061,35731527,-1417822898,-761621670,86839
528918569,126733719,122952526,1280825280,254201762,-382828004,1658989025,-1720862538,-156146118,86840
-765476830,-664661790,-848803036,-494726060,-2041992631,1303452836,418386431,1369224504,-2000865942,86841
1644857674,-831743234,1514828854,-1162277536,610387592,466291740,-712375002,-1244445962,1460123877,86842
-549350291,868794381,-947714104,-1979625396,-1410799142,195211364,-1896584126,-678210771,-299637621,86843
1996339025,1181817389,-1813254122,-784277362,-1369069135,1156708844,1241445005,-1856665458,-1281817488,86844
-757750847,254784352,2055021282,-787576817,1635786437,659324981,-1095094512,1260232703,414389091,86845
1612260934,178019217,-2057375331,620997212,35827488,-971999412,983310898,-673189946,-594333435,86846
-1787745345,1830356939,-753179226,369582341,-656910757,480914938,86160917,-139199470,-880638323,86847
977928489,-1869329342,1146616553,920015208,1339894849,1206231732,888155477,1644733546,-480161705,86848
259807011,-1480193923,581418206,-911436131,415912872,-2004816241,-1899128758,1564963909,930399821,86849
1850458029,1153514033,-497406405,-402080923,-484211057,-30266043,279086518,-591764970,1523393793,86850
-550327548,2047361952,-1228421517,-1844643960,1284044864,2107165752,1323113551,1613498101,-405319161,86851
757669746,-1408541078,-1161233535,1057951019,1999824337,-1414579721,415102424,-1822228013,-1860242077,86852
-1796657612,-1705822258,-1237366308,-977443542,-306385229,-218245456,-60048757,1070338763,-83707059,86853
974052069,1844510443,-1467651302,237900286,177777233,-2137747650,-582344426,2132744703,1465130562,86854
1821633736,-730254073,1253250576,-1683661612,1428388141,38471947,-1666622954,-223792935,-1373127191,86855
247499085,-671148012,-2068311139,-1020671697,926259375,-1978208487,-1503863197,-1652820836,-1170820102,86856
-1953668684,-2005126781,962452354,929745946,1091821289,-253664523,788230761,-377733647,-546390397,86857
867181541,556915987,-606785120,-1096778691,690499765,1833875558,-2061203257,414449435,-19581128,86858
-1666465380,68177920,1143658545,-443163158,-2052575733,1897929275,360003568,1823818760,-940121777,86859
1375285806,1128675625,-205497276,893550451,-1605805803,181556829,-1740113847,-1981711157,690423794,86860
1850340230,-1577266395,2142031830,-679253811,-1468426049,-610312665,1782244830,666243337,-1886334838,86861
-1857049700,-1403108815,-1009922954,-1428434478,434055087,414722780,477746988,-934748272,-117313199,86862
-1737224372,894270531,-1005230401,406754909,260483285,779753044,-599510236,224720837,1018606064,86863
1056825683,805871410,1289634917,1243504690,-1208169523,362499661,-614313963,1106547151,-2057685789,86864
-442473753,-1722070439,-422852123,-1765294023,1546421765,-1125790962,-419101197,1636517253,1921196729,86865
-321637650,-1703624577,-606894568,328573213,1848606336,-1923262570,-626651770,1509036513,-1915343051,86866
1360328127,-132823791,-1874279755,-345547859,1365695564,-1709111827,1453817999,601572396,-1577691895,86867
1640430456,573260855,1711493996,-290315821,896296531,-2075205047,1188533673,308494345,-1808644070,86868
980309380,1199137264,618065427,1401018595,-1810175207,865471869,-1169677025,219905570,-479635395,86869
-1971002101,-1939826420,1175507621,-2052626428,314518612,-901246987,1486693010,1218373336,25009823,86870
775622188,857815990,2137747682,846946021,139113687,-1952078528,1466775178,-270028095,-1127657845,86871
1341320704,2006626985,284445672,251504011,-1719871517,-754132173,244228440,927727846,2124230138,86872
-1771665296,-1801983313,-2121958840,-1150965743,-673110025,-1351038516,-127034904,356995450,104915740,86873
614751963,610448384,-628465532,-826301211,1589804912,1618555301,333191154,-478747720,-2092348558,86874
-687708168,-2130986770,1473969452,-1924682008,820213752,-953045887,-943196279,1055189949,-2118813103,86875
330236700,-1564762514,157763281,1298113903,1042856190,-2128051851,-141830928,-976364599,565530859,86876
1232023049,-996978264,-1989008120,-1824952646,1388580374,1776538383,-1211268508,-539141240,290297290,86877
1472403170,486640523,2033005142,1013153585,-718022857,-1498252024,-135904481,1961904682,-543437162,86878
908521470,-1406061904,-2113159501,1332348277,-1992784667,-1090054421,-459344772,1482717029,1868616322,86879
1184716255,89477431,1924837998,1864136484,903552644,1104066866,-1095504580,785682810,-1046725122,86880
-1015821424,165882549,2025665367,348909380,-2094372454,702966539,-33559657,273264776,-6000165,86881
94690365,735671716,-1411990922,761180842,1408710465,-415823106,1038700623,-2130253803,1679364255,86882
-340222447,236153597,-1140592803,-181414160,-339074192,-1056981035,1077338065,1337596246,-1076027449,86883
848172401,1853043358,-549127585,-537006915,1342196127,-1200382,-1661393094,-301623816,330122166,86884
893870297,673834427,1189567496,-1876976172,-1893068747,690592889,-874153888,1739168589,-1522549915,86885
1465791613,-1519197215,-1690477284,513483175,1033705808,1180514653,-1891677637,-123343323,-1675252694,86886
1641441916,-1342021882,-796241075,803959287,-510226400,1201180622,-1616252607,-1282500804,-637711659,86887
-353410530,181264393,1492681012,490817936,-1748770995,-988379790,905047690,938110889,1402425807,86888
-235470710,1040305566,-1196829419,-143158582,-826758328,-1754578144,1311592430,1934744949,-861969742,86889
1850973268,1723043929,-1374553739,100612466,1898120911,-1732297892,-1065524103,1285600310,-578159110,86890
2092053058,-1026781407,1168039961,1008653827,-855420927,1316780203,234016561,-218700957,-595397419,86891
403122532,-245616175,563179602,1585396343,1261257376,75051883,431526637,335870418,-1603790679,86892
216304391,617037348,1475176849,-1177209930,83802558,2075525637,737075716,-397493695,1837507877,86893
-1077048455,-1813378552,-1854764773,2032283046,-353576533,-190915588,810975741,2018206927,694925605,86894
-1725181414,1405245879,1499638751,-628904777,708235846,261811706,2080956526,-807279285,1870765631,86895
-2137507321,455604778,-747921801,2074556965,787135002,-823770616,-1030968102,-1741685281,1761108921,86896
241968649,-455747592,-410357734,405204054,1152276965,-1968273737,-1924762691,1960602529,-1432528653,86897
-443356504,313936980,331809361,-1394268634,1291195906,-1969833288,-1814164131,1256003915,-1878243723,86898
-1937136129,1280376526,1246018908,333906561,66836815,-1383452750,1255658148,-2007443636,-553319226,86899
-1549764747,398187160,-1171991691,-1490570082,-434359652,746964666,250121670,-1442453161,-953496110,86900
928811414,1996830984,-1698401918,1599566020,524295361,-1043145432,427918318,910834831,1705734112,86901
-661816678,-479456705,-1365930353,951650465,1032765976,-403065075,227923860,-1848345682,-320973779,86902
871547600,-972587475,-736287115,-1007738129,793380480,-2016737590,1568614155,-67714256,708719968,86903
-1000026356,830240545,-73520104,595817662,266231402,-158624256,-2068829537,-160687826,6788062,86904
1538133562,-1719934077,124749212,-774389649,241389622,-1518381605,-1394488340,-1685242309,1949325315,86905
1361672141,74259557,1017449630,1649374888,-1778246321,-990744890,-506032938,-2062712705,-548276989,86906
266891736,-220916944,462564609,574030524,1331054653,1424640850,-1690907307,141085011,-1963308110,86907
-2047945474,-283099999,455756615,953598501,-1100842664,1218548769,1448190219,-674138877,-1005131714,86908
656169842,1904805763,-874901706,1063359505,1012186836,2029733921,-292506177,1917759828,1120646898,86909
-1574339409,1979122950,-1425900482,-78596338,1136844291,-1638564491,-1714508106,106225972,2119754678,86910
1891637575,-48426520,1269146156,188974776,-28518557,1124955895,-305184470,22697786,-463103879,86911
1321675276,-41349118,-869488196,-1163857901,2094951993,-630112506,1802343587,-1238339956,-1233977280,86912
1505632663,1081512588,317239297,299765809,135079069,268332737,-2129927137,1698486103,1624114141,86913
-1522337377,-744278873,808650821,-530880421,-321630513,74329027,1187566226,1881905403,1508533550,86914
-1275829285,1827458158,1352919894,1900766275,1609739788,335185095,1064095466,-76382901,1153929147,86915
449799171,140239003,1314329209,401825915,1234356602,499371462,127962573,-407232925,-1832235585,86916
-2068008466,-1742478836,1260254494,-1237003666,-1019312566,135570978,-1470614546,-697773300,-691151644,86917
1300606263,-2035221872,1112894211,-1757164045,1701269537,380915242,-1378061454,1812069540,-1257477265,86918
1396844893,-1613882904,-1401625861,-422705413,985062600,1372011485,-804860987,1512432841,1388695380,86919
-1199133136,1040237902,476366741,-1139269352,-24862955,-1094649094,-1120929273,295997606,907196847,86920
187662026,-1300216985,1736644962,1685413529,1556505765,441705216,-617748975,786683714,-2004093070,86921
-572412861,-1899375715,-865621287,958338361,369599066,-921960971,157896673,434537026,-1019254519,86922
1459668799,942628477,1050194614,1518163185,356027254,-1191622148,-1847903119,2041073590,-2071165406,86923
-691412474,-1678378390,2040994409,1682350755,47606058,-1057075699,-1245866532,706666716,1405786052,86924
1780853187,1850283175,-1343535457,-54697123,1489375292,1376809342,308949457,1531423188,-1294995833,86925
-1755484883,278453533,-1167319297,528207679,-1780135514,-1886458691,1813379959,311195890,1827922114,86926
-43795873,-1965504338,-1550140626,1607651072,1874893256,-198980978,-814927725,1309123514,1338722830,86927
305317020,-585585357,-1807532623,1796056745,1372613987,-1373415136,-1070934968,-1244915047,-1193123333,86928
458622338,-671079424,-910829076,1303501534,-2128465066,-688255785,-593929289,-1397295139,473682823,86929
717808954,-135721706,-192969473,-692994735,-332509629,-2092235565,16716073,865822408,1420178843,86930
1168237771,2026487117,1036837852,-1078502438,-332114759,1067895533,-770175264,-1120314013,1340765167,86931
-290651614,-2053551742,57128371,-1619912113,-1588404819,1983319961,2075597679,-2024045733,-281554351,86932
468034884,1649712006,-124399157,-1556647349,1324552133,867594814,-385721758,993454951,1687671629,86933
-490747197,1429901999,-1285886537,-932953577,1811865822,439255797,-441838439,664829318,373170672,86934
498155942,-1308113025,-181705587,-1909891363,2051993522,1233634624,1755700161,1399743825,-1149671506,86935
-1595482017,78641821,-1065154181,428461447,-815097203,-621921399,2127687717,-1029577524,-132817093,86936
1439398019,1703367393,2006441981,221566829,602083814,1401888512,645660137,-962885188,1933477573,86937
-1608561472,-1788503173,1219980921,572435013,1105631841,1569913653,-2058890898,464028108,-1458186605,86938
-797445500,973014636,1303887420,5204212,872968545,1640628269,547391597,-1428064491,-1693368607,86939
-1246126931,733212504,-1941846566,-130532003,1116425280,-1438138647,1715676947,-1913687308,-2066897052,86940
616733298,-1691120582,448080998,-347275103,-2061724164,-1438041457,342976154,-354467897,410090113,86941
306217357,312571242,-757277055,611258861,-1051399330,1629315283,1201053672,-222415486,1016218417,86942
1648106607,-1397082837,-138470362,1786040274,-882776522,-900026094,-457283306,2099656705,-952785228,86943
1264149448,726934450,-614151428,1722450298,950733463,-1715924952,-360599047,449213974,-1259900979,86944
1887668001,-1622607701,-1894862979,700012027,-959028342,-792029623,-1693112564,-1538715482,993813021,86945
-1118434492,-847188843,521120050,-315884765,-1669481437,1253690902,-979513148,-931200921,-134376173,86946
712515144,-1408788858,1697378342,976934698,295480136,-1837540137,-73856363,-287243459,-368267401,86947
-52663780,592669476,1411180870,-197030634,911151186,-582674033,-202962637,-616830793,-1793927380,86948
-483717541,-377824991,-849517206,2097616516,197411758,-516343323,597970560,-923320180,-504403670,86949
2009507167,1362875754,287325977,-33531830,1323868978,149866112,-886880998,787249112,985059162,86950
17574822,1131528621,-753353827,-1278787487,2059333341,1976937843,2141542966,105138698,-1457864660,86951
-1878310738,931893656,1536048307,1588730553,-796314963,381299681,1323054615,-1008536726,-1053776443,86952
-1965012791,1645190485,-1947815398,1208018127,-2024503148,769286024,-661333197,1586714149,-1083306061,86953
-403419122,7932034,-1769603590,-1278774147,-1678248869,-1548768949,-740052033,-1517696674,-1674062514,86954
617123726,-169092641,-1103366448,-1721390647,-1338247594,1697950101,1173890159,1618454307,-935646029,86955
-346338823,-1142508688,-685855101,239635952,-17627660,-1515755318,2104602781,-1560025743,-1348496441,86956
-903057460,-1519840394,934028163,-562418526,-1391636984,534753409,420758783,383937110,920708397,86957
-749097430,1528436833,1903820354,-1775267861,-1469278550,-1233200047,1298188556,-1807843916,1670853891,86958
96235769,-759374187,-31768566,1370005994,2050512999,-999059557,1039663163,801468527,-1916982937,86959
-583274638,2118450341,1787671215,962135345,-920702678,1090864606,-301707771,-124910300,-774521424,86960
-1616680389,-1063305497,-1807932158,640320111,-2006643082,-2052791140,-1631722555,-358984030,-764384608,86961
-644209970,-740663351,911777068,-740736370,2046488786,101250264,-225408468,-459548981,1025240770,86962
-2031657699,-1572938353,382567,1324831277,1983267971,-1171442899,-1312217507,23949079,-1694143070,86963
1732984125,-2014858640,524727616,245169307,1068011753,1258281768,-1755312193,-333948190,-1159350709,86964
-436614057,1874928176,587635754,570733191,-1930767378,-2125417604,-2033652636,1725453653,-953403641,86965
2122540303,-273483231,147673849,-1043140180,-919270294,1907448924,-1134688087,-1455259285,79240141,86966
-1362385463,118448327,1914540603,1450473214,681664185,-694855363,-1828154971,-1254653399,-76637315,86967
1155793278,-1693469872,-545050636,-1068572413,-1775724179,-1854973913,1722282,1807109716,-610861571,86968
1911892236,986874354,314592922,1504618780,797831827,-1507085880,-543407404,-53975912,-1040938880,86969
-172725073,-478882886,-943491191,-868987769,1854239814,-763592069,-965949903,-22762602,-1780877615,86970
-1714380695,-698304300,2039889198,726012975,1738517327,-1451052488,1422213155,1170270664,1712331855,86971
-678589237,1332086090,1005789914,828068374,1308392686,-893673452,-630799765,745407260,-1263524218,86972
-524746936,-99966115,-1173734173,-1397259879,2098521347,1514930394,-1250053290,1915673228,1818563469,86973
894568206,-1688812645,-1114683816,-1019229111,-316078494,1240623905,787063934,703013968,-14574698,86974
-352865956,-1482825597,889505662,-1866791469,520589118,-1740032730,2033961321,-787141512,597703671,86975
1884104289,-357160059,-624097949,-125737529,1892213164,438060211,-697888161,1755577491,-1943864061,86976
-1750205710,-1136476883,1603424818,139689452,-1660469742,-730260300,-169203084,1359780324,417084926,86977
684243853,-737924247,-1066941452,1490226887,-225794828,-150446106,-1737429301,-496829725,-801402302,86978
1722829096,829979728,-1959692476,473505038,232185564,432691915,-365621395,397800871,-406478043,86979
-1089758283,1962174042,-1935438823,1177308531,1076226626,1416252435,-1598184809,-1785669876,1812266977,86980
2073591469,853080768,525112480,2023219490,-495636139,1612463363,-1289261739,1914198057,36215601,86981
1434323903,1348203751,-518587966,-111397717,-1846062314,-755783254,-862490066,-1743083814,1965862904,86982
2139920151,-334832309,67452590,1395925448,173450155,-212863173,345919298,-1045015994,-856338963,86983
-762970179,450433746,-1116415200,-251519514,2094213070,1157746055,-2065341150,486242750,1811274967,86984
-192632537,-441055462,-1522780057,463428771,-147610991,196737341,608923167,310869648,-1526979217,86985
64501585,80488555,107348063,-1065025331,-1210544979,1098483791,1564459739,-758908195,886980251,86986
-745637765,1258547107,1104216754,-610091120,214617976,1108177213,3299511,-703320747,-1572071945,86987
687403922,-377994715,1033797467,-935756746,-2032046385,-2142240003,326666001,551198596,-1047359452,86988
952676662,-504396718,-1006773256,-303353045,1147406480,-277810553,187396794,1141161295,-213730496,86989
-1617947828,-1153897644,469296633,-36108649,177460016,-535880731,-1228175793,332672328,1802161779,86990
908182146,-859814705,-1862050383,753594224,2086494534,-121173263,-737904342,791120654,-706360418,86991
573367874,-856321000,-3435926,572646240,675218593,-1461320428,-1158357792,-1037622449,-1297837697,86992
1844846935,1101168777,-1625249055,-2122202410,-2084340032,-865307632,1575497868,891786779,1014155696,86993
1523703907,-1922182032,1835399707,1420053494,-452535159,2058554412,-1804743852,-897549578,-950368603,86994
-1448001420,-987584775,-1552897791,-571472699,804469334,404314338,997335097,-1864099859,-1119135527,86995
-1846886900,-835227267,1007566149,394541030,1456818639,-904774384,66869632,959601104,-1594821532,86996
-261258685,1792189581,1846286048,-1931879448,-28161853,-136349626,-957635765,2101767237,-1291066213,86997
-1172259486,981582605,-265517631,1680149410,-2031857677,1455242195,1358038129,756214170,-999049204,86998
-1419339922,-1152844695,1311956768,366228886,-453330126,1182518564,861408588,1504381355,-998277568,86999
186366142,1883405297,169840352,-1899188640,-700168191,1726552351,-364586725,-1124123267,1971977168,87000
-272752954,-700607994,131648187,278634514,384113550,1933794797,492595486,857191667,1435866824,87001
-1422646123,-295991569,-1361113854,-948474834,-421602987,-1408939299,180958160,-1152998738,-1023955010,87002
1192303334,-1774197752,-165972522,-2137831004,80979266,498970564,-401398271,-1791217249,-1560586986,87003
756854243,502258685,-1569722360,266908231,1549716272,1231842518,1891690859,1236685684,-1211046583,87004
-1913350812,-1997459222,-1942840190,-534573289,-1956476720,1390117261,615201423,1769170008,-573084112,87005
-1351133087,-483769859,-109011618,-319306127,-1241204341,-387833255,108058097,1834384044,-312007944,87006
1175074643,-1614976521,-1447773616,-534643000,86155919,-429010047,18687535,-89114784,-2073976506,87007
890593160,-482851966,-1789012609,-46886520,-1022276831,1118357139,-306376010,-609332402,-961263511,87008
904689716,-883502827,490304016,-1948632275,1239219419,-800372529,-1342185088,114254515,-1078032730,87009
-1613534459,934260765,326298681,1021804055,-170152654,1479144565,1479844261,802031781,2139877481,87010
-841135792,1690988879,-992668075,-1175170575,32706283,-652959332,-791034515,-958185649,1284571128,87011
579275684,-481733731,-1133090271,-1374330552,-872012549,1016883275,949045565,180678721,-650474921,87012
-2088058672,-1504577051,-552547538,573172124,-1136311184,1054895712,1363125308,-721315926,-860505474,87013
-724965318,-510080210,-585952212,497263643,-593653267,213333252,1724700929,-327856659,-272502491,87014
341304096,1964986073,-440613658,-1218202698,-664589172,752613790,1725768435,-1633856154,1773161112,87015
-1965597420,804620801,783512893,-71774216,-2054161657,593870506,1624501108,459616929,1787888911,87016
-1989276375,1093675923,-1488933129,-629240117,451601902,-962041476,-980320951,1750404282,982192915,87017
1003791991,-995553502,1454998247,-1366267964,622696157,-30843738,761999172,-1628291135,-446447734,87018
-1525678586,431284530,-1841495836,993595085,548220765,83726924,-1887114908,-443925230,1381641751,87019
328868763,1704426040,395480097,1035318959,1512187161,-1445231126,444922281,-595340695,1215114516,87020
-2037607183,-1111105775,1232622075,25405157,-143934292,-1418051742,-1311512391,2014441777,-790605833,87021
-1750174514,-1628078808,554476738,1948856268,795003872,753152240,1281427362,-1340116059,328881141,87022
-1240407276,1336395141,-1688971537,145686686,-71678643,2111117645,-724697102,-2109802742,84422527,87023
-1377248475,-858288208,-1732433175,-2133572927,-1002729760,-764002815,1089798357,789540865,864481750,87024
316628752,1180440715,-1241979853,-638402074,1997769009,-1766449586,-190420651,-1168315509,-1376305521,87025
754621978,954700868,2260198,-1457936539,1031626760,-769925534,-1857033122,-1044352854,495086906,87026
1691342914,-581116865,957372112,-1290454828,177586323,-679273854,-1708556258,-2002578450,1443628519,87027
1094024721,1213882334,1542755265,1060879950,-1246196874,-1091725338,667012882,1468579586,-596996255,87028
-892941945,749096084,607784564,1890498068,6243885,1914814357,102027734,492444311,-1471081460,87029
1886479803,-1575245040,-775598492,1013161319,1489114224,1598473745,-2102494794,1417371795,-1990024762,87030
1214679356,-107069258,218986557,1667786619,1067188384,894697317,1277043474,464313322,-867155963,87031
-1236142751,-581051385,-638674777,-917647406,-1775650833,-482581360,1695991597,-341294351,743080675,87032
220789764,1173069800,-757087782,380335971,-625241002,-423525178,-1210527930,-513685321,1174427150,87033
-1510130844,-1197254178,-785065122,552688669,-1861422529,155105187,1514133232,-750997103,113461433,87034
311974940,-92054193,-1699773851,-638018116,1559058518,-1967474565,-615525481,-1950150111,-906165606,87035
-2046993489,44193103,-1819817193,-1405578233,-519793035,-763425520,238117896,1310267523,887872825,87036
1584564340,-313062926,-927681630,-131598586,979007145,-404052092,-1284834911,-1468032758,-1278075555,87037
-1116658775,886950060,-230759801,1419012678,-1371602780,978110105,-1032497340,-1640641689,-244321017,87038
635151099,-780404682,1770030157,-1898141067,-2081884512,1409829820,1544619267,-1330629789,-1816456344,87039
395669003,-1803646227,-443757595,-9830369,1393209083,-431815715,-323058682,-27203820,1534687753,87040
1756855473,-234466304,1559516308,-1546941695,1404172358,-1075551403,689883839,-1713973306,672276812,87041
1258600607,-1843647761,-85984483,-547289833,848338149,265909468,1824738086,1072706276,2066881415,87042
-257627695,-587790423,1934496064,1955970233,-1804307707,-979546144,-501634373,-862480430,1635199189,87043
-948729135,-1972023849,-102244350,-1880963016,1874101344,-1037236419,-268048699,-1190297697,515951754,87044
2074626310,102717395,2024057669,1843659658,1540715721,-1305127688,-1275760237,1113738795,-258598578,87045
67587498,66867782,-94675914,995817452,-1881589099,-358923424,-1301749245,1447635678,-1240868862,87046
841672293,-488290829,837674704,12181037,1173430543,-66664187,-1433522301,-87212775,866265240,87047
-1549094575,1531464172,-727264478,-1865511548,-824346564,524615873,691172045,-194361197,2016609410,87048
-1415866553,-2087552101,260300462,1020200881,934891049,492020552,548200397,1016280223,-1715714793,87049
1420719346,483743418,-685457284,1603317523,1542394856,-648384233,-443752487,-1424852967,-1928537777,87050
1703948395,-262570146,-1793923025,-398056005,1823729782,-322335952,568976577,-909250525,-1561034735,87051
-596166781,259872275,-2005454842,-1990136997,-1467816328,1370375259,978437175,1063259876,-1230628101,87052
472262779,-148859464,1258361399,-700426828,1731981018,-1205991332,-1834524864,-1218303169,-299693567,87053
-1970336330,1690794448,-745877869,785491506,-669994536,-54508361,-523418546,-935659052,-318602057,87054
716831856,963593003,-965131458,597170887,829470101,2040605914,-1320786880,34339251,925427066,87055
-617840171,-55662601,1438083996,-2057560393,989909892,-823638143,-1011134893,2013493200,1035756486,87056
764134647,1217260237,1441796786,511495905,1010734916,-1483575496,1230292324,1803977867,1778746111,87057
-1264143601,563717601,1007209053,1516108341,201164726,-532796368,-389917431,526851669,-369678343,87058
-1653485995,-227285489,-1765445107,-303232367,553116894,1314002277,-416119731,-1146658071,-99949810,87059
-130980819,885608258,-14828895,1696828442,1378357688,-661538050,1979320399,1625208047,-1861435237,87060
817516768,-470994143,-365800586,1225960954,508191771,2132310553,1932023188,-1363742107,1465665773,87061
-1677113849,1179195625,354791392,445942676,-1153252056,-776303181,-332798556,1036715448,1837040945,87062
-1920592341,-2033711962,1624630471,-750387692,636440248,-1978067827,1254964438,1159920903,454318816,87063
-2066573740,-1116871143,687356128,-395109518,-414093876,1592431116,-1165276173,1105487534,1312019080,87064
-341225099,-1044201381,1880802891,429879261,-1031776541,1194605961,578888639,1085219283,698690240,87065
1429066290,1545896467,253035647,894560322,1259653865,-1837088763,100194107,1482796208,778995041,87066
-1316895218,1169300943,352018771,458046778,600620801,1518065893,-1596479783,150351409,1803527522,87067
2010004372,-1212772650,1988817825,-1223476273,-1570676947,-165029513,-442907099,1612305305,1929019654,87068
1888537734,-1740117083,1004199774,-394473023,-1578929537,-2011534040,156800319,360035226,-554122825,87069
-606186280,-1771634890,137826197,149258496,-1372647093,-68421585,659616303,1003428010,-1036778712,87070
1986665163,-1799843543,-1219530707,43010304,-981003099,1743380584,226456607,-1925346560,794971231,87071
-1061563974,-803531950,1316812690,-1929969125,-285219613,882057940,-1363746301,1434301217,1446974931,87072
-1889623407,1010737692,-1342132157,-1956888406,2015129159,-18710670,794793656,932484867,284087324,87073
-895757840,1284351011,285488087,-1830338136,1344706565,-1816529926,127123658,-1570159580,-20674509,87074
-1013036054,457354480,-1842017616,2108880849,222850376,1586292460,1679011604,-1086101954,78184597,87075
-774318166,-998847887,-48455081,-62709004,742859923,-1026363509,138300805,1354008636,418094189,87076
-979832319,-1579726502,193575117,1378170916,-1799566952,1061911533,-255028007,382442727,-1817185682,87077
1578616163,-1439009804,-1799405218,-2101407143,-834476305,500131037,-1503713642,1820254727,577749616,87078
-719982844,-1368575551,-1059301830,-546683318,1401486605,94386381,-652100148,1796249279,1519890588,87079
-1476137591,544497269,-1916744373,1669906300,491405749,-1308514348,-1096006267,-1279381981,1158950203,87080
-871067855,-516932786,909022414,350759977,-373219289,2064836716,-1165600356,-1635358682,-510004704,87081
1839560161,-789480328,2011649018,-121158063,207476930,-2017408766,-1901244162,-1926814740,-886146610,87082
-1188695542,-730577220,620729626,1737953364,961702761,-1303774211,1087885475,269042375,-491138708,87083
116186830,-318323412,-325048365,-368218150,-1709519314,1578027584,-458930762,-880380297,1974731011,87084
651240590,1561884404,-1279715804,1531674802,125688163,119703811,877639519,-425575746,438394529,87085
-564594512,-1184267440,-330143834,-1938999148,-1118314697,1870882417,-291076999,1798434978,-207376460,87086
-263518219,-774918286,1629174,48192616,864505846,1543972966,-1654284340,-64714776,-447668489,87087
-1021294385,-1090123139,702862169,818691185,-715231166,-284703476,-1547275972,2101973574,497200046,87088
-1600317657,-2140883252,-2103641909,-74931986,389948330,451545959,-525363751,429516577,-2129427392,87089
-1057484515,515485591,32626370,1250456419,-512391949,1861559656,638883298,-1422443014,-1419593648,87090
917919962,820667359,1468420760,1701855781,-81473559,1202206923,1148835729,486813640,946768509,87091
652426191,154937322,2081187898,-1158620528,-832192072,1285424645,-1761681028,318886687,152492973,87092
2049167347,505785778,2031035947,1768419321,-785852650,-569951930,1062743447,-929718186,-1919914706,87093
-187781282,-1210331436,1381206987,1402463117,-1993973349,996729098,-164920076,69866967,2111850977,87094
2095445695,-11952108,-41341756,-1471569929,1954335716,-422397451,-1016652953,1249977208,1902621534,87095
-1330208864,-253407335,1323017931,87043053,-1141144033,-1467652049,1562216638,-941377246,-1531192107,87096
1149836050,-1177145248,1617560272,1061750351,-1441312074,-1858729123,-1989120547,-569479267,-122539435,87097
-1895451267,-872867030,736624704,2133274678,501499567,-1402359124,1044207126,-1353986980,1668957015,87098
1345908369,-1228194888,-161992934,1791913753,488846530,1327658573,1184841894,-864055494,391297925,87099
-1722392266,1776998349,1926861318,1192302298,-1667047830,1548260193,1358751370,1758699276,1821477529,87100
1761277163,-553005402,594313833,892990713,1084074861,-1199534501,-41828526,-1394709430,1094293273,87101
1934200381,-976827453,18139676,840679485,-239211140,2105747190,-218376756,1281568129,6772775,87102
429172540,1218362688,1935121186,-140679296,-58654605,-1555371878,-379104682,1179024284,1917488152,87103
362239681,-57692586,-1564132532,-979222771,1720487602,-130472527,1949446065,1735882703,-1362880825,87104
-2089881221,-1327195788,979124012,-1570886994,447272796,-836702338,344541074,-865277068,-2091957416,87105
1202441271,-1986973219,-8131757,1677308960,-408360140,1143495180,-759510959,219115026,-841794498,87106
989573551,-2095098711,1229168016,1012061762,1214069070,-650640042,748676801,-161761809,-1940793673,87107
14177265,1307150009,1633937001,731515262,2064586334,-2145240687,-1932261481,-213319305,-123874990,87108
953718235,387800176,-2114647666,1321319725,820744059,-467605089,1144224669,1698152328,-1518854766,87109
2123325549,-2142709418,-224313134,-603442509,-458386024,-129045066,-1834420586,996774484,-2027069049,87110
-995799688,-1011720733,-1142074533,738267454,-998887271,-503524245,437324124,1596107800,116407538,87111
-305132749,-1405618014,917237794,1902948278,-590535961,436101002,1241523231,-1873870426,110578030,87112
-172976048,554259531,1533608048,2137064723,-788801522,-332359071,-696895414,-80134020,-867791235,87113
-1178793755,-113972296,-1169919857,-1952169204,-33762542,1841159826,1837033324,289113439,-277862297,87114
-500852842,1041434432,1699044712,-1008436751,490377023,-1904565171,694096866,1137609622,-1210823841,87115
1722583025,-17460719,-12512421,-10468542,-1751742120,-193913554,1192522453,695719762,-1963476538,87116
-1277001218,1555583542,1589363407,1269870823,399481349,276938555,310769104,524522321,1047022916,87117
-1834166972,-1959660390,210050977,-85590251,-1209593358,1601790432,348950399,-303972739,-1031519599,87118
-564351137,1754842731,-391406522,156111951,-1106648306,813535638,1876806627,-481399000,-1016842698,87119
-1406681203,-608102629,-1000533349,900507516,-1540567375,-930613868,-2057831545,89717059,1528096280,87120
1219288982,-896167987,-1002807758,-933783380,823039573,1253732058,-536987854,142162569,684314060,87121
-1222019223,206121125,-1384517735,1861116879,1723450109,747066135,-1152617236,-664699684,296127120,87122
-481631826,1562700788,1127867495,510700021,1849022361,574292605,1758183220,1116672291,1773235148,87123
-344659001,-984965933,658652981,-1386254707,-352840518,-1691539489,869887449,-866919115,-1404932170,87124
-587228167,1157458547,-1005114403,-616973445,-228240528,-1687533434,-1603366315,-2128104299,1882181002,87125
-2138886160,1803816751,1453414333,-199197755,615202978,297377371,-594514695,506495551,-1953431757,87126
597215691,-613053130,647962925,1699665597,154885946,-1111011887,1508193028,1633447996,545979336,87127
2104433133,24150085,1951345072,402004549,2058540793,-888697911,79197488,-1224947837,1376335754,87128
-177062370,86712145,-590510060,-29295931,-1372516165,1328896569,1155634378,-1698068579,-1871250107,87129
-491261263,1556633804,-1417613619,206447210,-809532148,-1689818872,-822146752,2042213833,2058920619,87130
-1226503609,1536431160,-721536466,-290120790,59208784,-1024872842,-566212215,70370266,165572353,87131
1965813410,271963134,1821656308,-232029064,1538687831,105932147,2128096232,966381064,1918645120,87132
-1704751997,1350308293,-179530127,378497901,-1785211884,-1694144058,-364352496,70034264,2036408652,87133
528883700,-1735392133,-1917209079,2026482100,-314627132,-443356171,-1442845507,-713395294,-1975167275,87134
-79090936,-1522715610,-1555445128,1044012110,1108233596,1285227213,-1461251074,1176473241,1176983569,87135
-1947336212,898869274,1559519019,46449634,-181865127,1143093122,1347160683,647427544,1751413077,87136
1343351909,63891353,-1177291912,-499359668,-1546260434,-1290967860,1567412437,-131580549,-2052012637,87137
1500452402,-1773547682,1947183603,-1966889533,1308236,-1830841019,-231182754,-1485605862,1782593283,87138
1196587621,1263407078,1959087076,2119461084,260323483,-1425094977,-1465463698,-75491236,847756895,87139
-1758992653,-728045330,-470717276,1005426875,-714023855,1490667467,-284532917,-1462661657,1195146018,87140
1234453759,1883606173,50321192,518279112,-861598051,835849391,1706036923,-1144918585,-176614896,87141
727766118,270664112,886582475,1320339417,-1164848721,-633038339,-1221770541,-134667558,-2053334487,87142
1301495228,-1551908965,-1677230299,1864171306,-1257409082,-1211390862,-1121961431,660791038,622305442,87143
102746284,-759202312,68060242,-1801784275,1370316935,-1001865062,-349337154,936966759,-1116341187,87144
1011044644,-142326652,-473433503,1225053323,-1052288905,377652312,-1760284042,-186705653,-1407075393,87145
-1051823512,-824934792,-258675440,1022894636,-1627774087,960452488,-1231028408,-84516818,-1323297179,87146
-119852218,-2015608670,-477889307,311047921,1296656796,1170406103,-1650470078,2045440055,-88908642,87147
627982155,1802681932,981243209,-333761882,-883607791,595051226,-2457355,-890416087,801879978,87148
-1062372625,-651870251,-874575622,622807214,162176057,-228077241,-456443371,-704139032,522868304,87149
-2045258259,1469894901,439696091,929728125,866044689,-845169580,-191169797,-962574108,-321536814,87150
-411517619,-1914970832,1882158684,-724073161,1219381254,2131812483,190431890,695041822,-1260767663,87151
-689139805,1434151076,272731742,-23914058,-106707180,-168374698,466497558,-1402629085,-629058024,87152
-1873339161,623316449,1958160886,2054248074,172905875,1935544675,-1904158106,-504201763,1471102726,87153
659163234,-948154497,1442689525,-1067577334,2140157078,-1325168016,-323221544,1818382105,1850376785,87154
1646446509,479209877,-1354772248,967711779,-427655792,283157793,-1044028480,-119966778,1341023361,87155
708910156,1828168187,-135292045,-139084954,-546810520,1977827266,-1237167189,-299924310,-1053892958,87156
1237010992,-170702280,2054169202,-1292222926,420015542,1766490830,1467855210,-1629742601,1718067583,87157
1990447621,-1747710623,-81151577,-1218480764,-2062529587,642275659,-933415313,-819106959,-1967970871,87158
-1031048228,-150176572,2031148522,-1975840536,-1306193245,-927031967,-1992391068,-679107332,2050689994,87159
-2089255055,411150542,2019309963,-38483098,-1263197211,-1346791832,855759529,-735099488,1470413481,87160
-2124986209,1390149099,-1459842765,2085485018,-630136248,-462112764,43400391,544774093,-405613580,87161
7707406,-1504075186,-361008501,686915056,-449154915,711678393,15053024,-1774515072,-448398363,87162
-1008389715,1442250686,-150853876,2143251858,-847431045,816964564,-1831928893,-1646693207,-1446797716,87163
814841202,1178668581,485944913,1510360144,1650961345,-645476931,-1826331751,-1870775336,1340044762,87164
1140256631,-1442881259,-223169058,-1287039481,5929273,-1628924703,496910994,1798180549,114086678,87165
-1688997955,-480106080,179109490,716788705,370567894,553682554,800219177,-743345104,579941000,87166
1682734118,-1357822884,911626183,245383398,-145856615,448253127,-1911605673,-1285504022,-1528892991,87167
275830899,1144295219,1647196312,602999502,-1497136039,1559257832,1979365214,-154022461,-1223459357,87168
1525396339,-1151600655,656289506,-1834099183,991560397,-1394206736,-303569430,-1030744715,-769745189,87169
-295168561,-1695767348,242925936,1140788953,-2075582207,13133741,-684121553,855647315,-1849873873,87170
369828290,606261007,876685336,1906507555,893083236,20701199,-1999731187,1902862047,1202493889,87171
969150943,1297270794,-781803799,-1286451903,1353789364,1441820354,-1034076180,551095457,-763034502,87172
-1513428708,-50586243,-125328222,1035384435,-814724352,1352797980,-1231510230,-44945349,-644556241,87173
369872969,1425096240,918450393,-1645664510,2057698147,830029379,890699945,-1261671920,906006239,87174
-1315548696,1159789679,-1946437130,1168395729,-191331715,877520676,-2127295086,-1848726904,809527201,87175
1966226561,581979934,1550480147,199082186,553210712,989414194,-928142524,-241793271,-250439192,87176
668101825,-961000407,-1983035647,-1879472793,1956506779,-1493158790,-321991057,-1404820759,1823674514,87177
-1548534009,-1719362718,2019838056,-1624481211,-417261089,-271441616,-1520737213,460184883,-761792786,87178
1176980302,2123795289,689791023,1391056219,2141967422,-1927864789,-585157455,-1732967743,-813763377,87179
48785471,-386034893,-2137202337,677373168,47659896,1515335266,1166244619,286325245,-1461358359,87180
1780364764,1956760939,1664748520,-1033297323,-1261210872,-429762026,1785500041,1928262401,1015289309,87181
-2075306336,-2067335007,2073002499,-100869429,-794668310,1604817846,-472707587,-1052762257,1404299786,87182
-425383234,-1374867921,730505755,1946904108,970559584,-1014398053,-1524199932,-1326789285,1929260965,87183
689038921,656704058,1288204815,-605344615,1230870508,-1134192842,2039832450,348364049,2033188046,87184
1925368466,2010242526,-162309562,925372280,305255786,49341467,-929447857,104021352,-166441666,87185
-2102588075,1411306708,634269591,-1656235377,677834183,782486473,-2064663085,616039233,117905235,87186
42264592,1875543003,-86851903,-1780365129,1608350512,-781713422,-1559665914,1705254917,-178818893,87187
-1462505934,-1179612427,-1090900441,1453031624,1737591672,-282438930,-1334378895,-939854373,200766993,87188
1301129557,-1722276007,122462638,935671861,-34921939,2092148355,1000936940,-231830882,1655957384,87189
1999538411,-1958081131,2089209422,1758689960,-228266244,-1050812807,-1609467744,-1560151097,1012987773,87190
741374290,-1580030174,1761508262,1409806737,-1029877869,1774413170,-297487307,-429943258,-1105830550,87191
975971762,-1381514570,-36032857,-1812429199,886971883,-181676157,2066057285,484130147,908749797,87192
-230867639,1968322228,1026321834,473297863,1244737097,1246894317,-2071874359,-1440424753,-614946820,87193
106016491,673352715,1556490135,902952452,1500483042,2007978699,-685762571,450576382,1818700870,87194
-984819741,-2058399562,-1897285119,1673251444,-1413048107,1985767967,-1607663914,2018254813,-1612925156,87195
57744235,927717130,-1543072143,-178116656,-442779125,-751588776,1556412855,-1278535892,2125248572,87196
1811862493,-1513261316,2013707747,-1114116874,-1682373259,1300837062,-148648831,1730783854,-1659871213,87197
1224386692,732015753,-1922944736,677054381,939994355,1590696128,848732390,2033868040,-1818951524,87198
-1663865531,484110973,823940840,319830476,-305016712,1027248364,1318364469,57073712,-1301168944,87199
435267868,-1538702738,-1174155731,514955011,-1440813835,1119378472,922150655,-422545003,1704785318,87200
-1179792928,-1753390275,-823419360,1641538732,192956243,-2118547900,2085967167,2143060173,2074316286,87201
-316507392,376818150,597338449,1522106154,515704500,-2025471016,-1307774523,1543069093,1930171472,87202
-1291781105,-1510430252,-320982235,370332382,1117718252,3496246,1830601042,-1855502649,658463290,87203
-884076780,1465811507,-890946051,848935074,408288216,1999550788,-1071148396,1350954848,285669420,87204
824627812,-2004659814,-144144890,-1832663547,-660860492,1439098665,-701621245,-720439916,-225324145,87205
1902767515,-478658903,768196615,-779911583,1443098795,-1970134375,-1850762591,-1805124861,-960520840,87206
1493288137,559852155,1348100319,-831883016,803686146,-69935430,-1580919539,-1128539481,-38560691,87207
-1174677522,925157395,-1255022944,1279289838,-1506968858,2086615148,649347432,-709023107,-1544587923,87208
-1935581479,549935230,28382296,-544758581,463323163,1429906560,1884985347,-453968439,959801684,87209
671882059,995303886,-1684895516,1790895200,1674473935,-28536646,-258042294,1865952472,1085632881,87210
-1288361270,400362575,2003338599,-1338466273,24829807,-1543731096,717436396,-325093509,1826031149,87211
844999430,-563443291,-41722793,-51716628,-1695951151,1914870712,-112272607,286650677,-1662489934,87212
1360407814,2054996318,1650972980,-1391906912,260569637,-1265776696,1281753446,-1556231514,-890776685,87213
-608724518,-939464686,249390268,898955196,-613510892,-1432649640,766735319,-1859491981,2049698114,87214
-1479976427,-612181941,1851241314,-1183376047,685996545,-970199897,218571607,185602215,1254096502,87215
681979976,796879200,207559667,-2122808227,-1061693663,-567208594,2004093110,-52594663,891771855,87216
-2107193000,645189289,-336830393,-224680257,111045902,-63077109,1656838981,-1327862595,2121234389,87217
1272257246,2050095446,-1851265116,-234154574,-1324835465,1178020713,870708565,-1856118381,1966311489,87218
-1372462074,-711681167,1259972092,-1276032704,164846649,-330107364,1390698979,150650799,-1928142315,87219
687976612,-75603325,1647645993,-322021227,953465201,1092002223,90567681,-253088305,-912844512,87220
-794174088,133215973,-1491651529,1173043242,782672712,374984228,-62306852,-1777766972,-1091680120,87221
-1068306166,-840605512,-201675581,1700326732,-1248900801,-1035443670,-2017665555,-1395461512,357729730,87222
-472366727,570381342,-1918323281,-170349161,720367626,-135517874,1330592145,118279228,1502940445,87223
514875901,-1119489495,-1395245017,1553742262,1052121658,1216303522,-99665318,1468858950,908017051,87224
-574584383,1607403892,-880133002,921557518,-337651296,-1834560986,-765233599,2025939245,-987188489,87225
-880444282,817017969,-469772539,479669108,1537691340,-129896543,597193020,-1764544802,-241076982,87226
1183261778,889878781,1973399780,1590987321,739829605,-699434359,1463638285,1658573036,-1686447328,87227
-950824059,1030633900,666238159,-1640318458,-1662691362,1381771372,329485442,-447420608,-272067067,87228
-177822709,698150090,-298333403,-1299172200,-855373361,-1344054569,-380468078,-1601075452,909119244,87229
-452925561,-672299578,533927584,-1241817743,2136609474,-626584418,1417567797,-1830385574,1865071036,87230
1073189642,-323563319,-65333308,-496790308,905546285,-1629638447,-1335290221,-1078060739,-1932214815,87231
441925521,-905122265,950895391,-1959875960,1262014466,361207937,833723965,755934507,1979869771,87232
-97802197,146696583,-249953432,1236995138,-1736059538,1503386981,425283895,568903739,-470604299,87233
27202073,-202651601,1593984821,1513453599,1458674453,-614045977,107647997,601390727,-815595127,87234
-968376163,-1873744999,-1128552048,1967350903,1942999749,-230505611,876851606,-2102932426,1274266797,87235
499408336,-214146010,1452240321,-1690731821,1338944896,1431294859,-1513644612,-1128627184,-1214922892,87236
139980333,49453042,-1722719261,-687161560,1718813636,328746523,1557903752,-629305298,799396755,87237
875469966,-21185756,-731135698,898543988,1461010958,-1393395852,837584715,-1452090903,-1511776412,87238
1093916615,1400261733,-821559161,-2062850895,-1832975402,1884477217,113021212,555558827,-2100389795,87239
-222689133,-881448364,-307767726,-1643208967,2102461995,2142700889,1027207005,-1706229960,-1980130520,87240
40384535,1210149968,904307470,-1396351733,-2007524792,-1623339454,-366290471,-355271746,479537395,87241
-323818835,-663489634,2006650155,-899839825,333177695,-2021400076,1319164364,-2109009025,1503060244,87242
-1669509789,1951229430,-823236221,1608584005,-1138878883,-1113916108,53639048,-925478031,-1573325121,87243
2069089617,1451110938,-2093254876,-1435585287,199959005,875421039,-1062145973,88782884,-1508060209,87244
-641302267,2093966975,-1548424184,-839241827,-1408788256,-1769911714,-1420380500,-2023599237,-1382446187,87245
675422623,1697868801,1204204111,292155039,1535823947,-1443409282,632618439,-2039131432,1938338287,87246
1941478755,1663514007,1654193511,-1848415128,-1849215339,-254122292,1595301608,-1219715843,-1916711668,87247
662073769,-117116479,-1953319412,-1513998471,-1255558269,1771990446,12826582,-1664110141,-1197775847,87248
-1881617665,-1951064560,679448034,1803303314,-261606004,-755716536,-1537322615,974210613,-1745708221,87249
-1510186696,1648524091,1126424362,-1487422983,-921147001,-2041074663,1310316363,-1962776121,1281633314,87250
1561334716,1299305487,918079759,-1759035991,1230605794,1973080231,-1809491538,2006138316,671859244,87251
1881493721,-458447742,1440456680,-1549912353,-936755361,-157102329,685461904,402574667,2027833612,87252
1806214602,1814617301,-740442763,-1002265038,-1481291929,591050194,-560280318,-1170201016,1759333173,87253
-72792348,-1599925578,2137815529,-2083215702,1833468613,-547953734,-1114320246,1927928701,-1923139316,87254
-707577060,-121567123,-2087243672,1196649709,1421215415,-934694917,1467956814,-1099897058,-994118459,87255
628188968,-783519082,500410307,2085245919,-1764412236,-350124163,1596542671,267256202,-119627418,87256
1069436428,-1171426673,802857696,1585460221,-1202609522,1245250558,-776496659,888313751,38406775,87257
2088418375,1831234176,238324028,-1183734748,1149618904,799293373,1395610916,2048278949,-1290406811,87258
-1733392221,148356327,1617527058,1023836363,-1313395684,1314780019,8203060,-1054635824,-1010899524,87259
1494495273,-1372135788,854348615,-1416703634,-257415862,-448602657,67065987,-446649480,-729894520,87260
-139153297,-1321178240,1045463725,-1491182154,1682971085,1788413314,37829582,1845389649,-969101187,87261
1530973938,777499667,311301983,-744059585,301175100,-179936137,927259989,884678681,-1882526342,87262
1515940077,485549236,102331709,-2141561295,1439798879,52378182,1931222498,1717623612,-1472800594,87263
-683778770,-1800868292,1861835427,-2034363522,601507050,-1350387876,1477034825,-1967145209,-930741888,87264
538525718,846569968,880048996,2137732076,1595872750,968680888,-856728192,-2032861939,594561348,87265
-1010567086,1729524881,-429003402,1700814721,-1983345938,-650670594,-116574576,-575279985,-2019884513,87266
1533003788,-1904602393,218514117,2018137594,-200731713,-28383938,1735955348,1865159425,-452855304,87267
1135150249,-405696884,-866973858,-480736263,-180149763,-1741322932,-1261158830,1085758006,14963095,87268
-1918717114,1901723153,-625781365,2046531801,123416001,-144901881,-1759248733,-2141969927,-234114156,87269
484548121,-10759723,-142706525,-307847962,-1453886868,-1132349299,1964915116,464318459,753561209,87270
2041748531,913787249,2047954413,1775338726,-538389988,1577536518,2118631944,-131032519,1774256337,87271
1653567320,532125836,1905281954,-1783281960,979739953,1488895965,-1570513277,-1049910496,1513856974,87272
-912213150,1780869797,-270334130,1974166150,1084447754,-505603076,-489703106,-1312688567,-88788198,87273
418142306,236474428,323484391,240920065,-710035844,-1474789779,458095968,-1789172556,1402892627,87274
286225819,1854548198,504292492,384697822,-344636263,412153264,-2002464276,-1601396718,328645260,87275
1909421767,1247234404,-1848591956,337841612,324163125,-1836780288,945394301,-2006415618,-1641574998,87276
948884006,-973208003,-1309411441,-2019620155,-1292762838,1943893718,-863443321,-1788948318,862774027,87277
-1066420031,-1590539953,1325192172,5231446,1231549917,-755092213,-173655403,264883683,-2039940665,87278
1798855875,-713943410,650129155,-617997494,-996504952,1503346944,-1696160158,-1796249874,2075427391,87279
1815917648,1986756538,-213254489,1436060669,1001242105,1197490311,-635756199,1569800357,567556605,87280
-802093821,478518473,-1660121993,-1191230661,-1191754629,-858455299,-112707616,1846922171,-2061950303,87281
-1048654204,-1353099071,1042214841,1865583802,-2014236614,745148576,716738850,-477741879,-2147205589,87282
-1870775146,1175248044,-797696371,-780642476,904739383,164990291,1491196185,-1905719847,1475638882,87283
52675170,-212907252,97823381,-2117865879,1325683853,-1613765821,121410060,-922586967,1967631460,87284
1622973385,-979625941,2033131922,-801172752,-1861950295,-1217006323,-644907921,598071309,-1140117740,87285
-1534852166,1823021809,-453709574,-41931890,727417743,644028006,362305531,10706046,2004759179,87286
2013762426,-2091312781,-182261966,-425841939,-1854348375,1271949855,1945561482,-1477340894,990412505,87287
1528574026,1594851969,908245628,926389654,-26726342,1495717361,595174115,-671802371,673326582,87288
1278838916,1051458667,1006092213,-1893790238,869509245,-1750784767,350733179,772663141,2128246640,87289
1842967872,1411140684,340065545,1542140915,497996458,-253803320,-593976144,-1269098345,446871396,87290
576898245,-1034689927,-359064731,1773406739,210592132,1220077470,1134097526,1813581822,1387955648,87291
-2058355631,-1380950346,726951720,-453302305,-1285688474,258723359,-1908783298,-813495386,1839212480,87292
-786595012,-1166421603,-66521893,-1487554126,528208687,333567785,-1538721755,1712523274,323739829,87293
907498089,-2052920021,-1398690277,50123886,-119888057,2057526184,-376496522,-2139537,1644537531,87294
-250975946,1964666700,-1723463999,-650752492,-828889844,-326122611,2116684438,1453694985,-1128102273,87295
-1260373779,-1024015963,1754067970,-1108394411,-1353153882,2080374915,1175665373,-465397650,1358161109,87296
1323312982,1810349577,1301657211,1420610719,1662899249,1441540857,-1712789551,2084547227,-722994177,87297
-1995573536,1477938127,-588434407,-879086296,1442973753,840220506,-1538856196,-1390414885,-1435931338,87298
1293426211,1848924791,-1016378529,-953066991,-444695921,-25465405,-457436654,-974708272,-48134875,87299
977799991,-1633382824,-1541601145,725076327,-592013365,1592893919,1529489101,2099359973,1052032511,87300
925918796,-315117520,-900172564,-183253134,-1147560105,1580705846,1633744892,-1815488397,-1438392414,87301
-1304158000,-1124753413,482377824,1515174807,-1897597250,1799469533,269846687,-1225210534,1893813597,87302
1706998911,1141577583,-1813706570,2116626956,856976338,-2145412608,1126226896,1840405989,-2140419181,87303
-434539379,-1656665211,-1848710556,1005802457,-727814033,15114920,1673312343,-1386017403,-357955432,87304
853982043,87076866,-1946596480,-1288179351,1692454160,1971275856,1393690452,-2140197177,785597509,87305
-1296252897,322940371,-1763425908,263511489,1692860279,1619874887,-1499965874,257889714,1945702646,87306
1079253551,-1561174097,893746776,-1368990883,1678093667,-1530906312,-894530521,328969294,-1747241895,87307
-1700534566,-377534022,1986564942,-740111823,399891516,1371079488,-1123933152,1874476918,1246974075,87308
-2126934685,1459312954,470815972,-283848663,781833654,-1381928617,1236500282,-2050013250,-908637876,87309
-561230592,-605074424,-876854835,356895123,344202059,-169356798,-1682073275,-1537244854,-903580116,87310
2144134846,-86291058,615343075,1024877154,-1896412072,1104545098,1362766809,1749324994,-140555010,87311
1072466835,-589943300,267062092,-1995894417,-1026749861,798879250,-355374286,240541848,1750667997,87312
-1041535932,-1845757310,-283598176,-1396387502,1588239792,-131089966,-1781017587,-1357436488,1261720420,87313
-721685849,-399662260,1678749879,921704666,-2057102750,1230137657,1461189488,-267072914,-497858356,87314
-103880902,-10047895,15692349,2037605453,300178020,-1111080136,-708899778,586232537,-404852797,87315
1695059497,-1523986389,-1714243838,-1440164545,2049851916,-1207511599,-143073269,693128605,223144659,87316
1962738133,1318840310,-1393937170,703080439,104294095,-1166532109,1499917341,-1673584872,-439577418,87317
1988058222,1383717216,-1838396776,564504463,1418810308,223855882,-428556516,-1511449211,1441111179,87318
-707845161,2107272415,-110149128,-479494157,-556476652,2126343002,-1874239398,-617783564,-1868304722,87319
876562943,822494668,-4392692,1620029084,843141569,-1072571907,-325900308,9473271,-1123821771,87320
1009414561,461242974,-1618914663,1924160401,-708195643,-768891866,764905841,-831873717,-466378441,87321
-2045851763,673434499,80605121,-1245700724,-673352318,1811513862,-1495075831,-516307783,-510034747,87322
-1585846432,679927669,-886808843,433097377,1883034235,-527292768,2074960179,-287134223,-635029498,87323
-1505668130,1108655639,-1063408046,98175563,-374098899,-1119934892,91329586,1421930017,-1569776567,87324
1852830702,56065433,-632746680,-1731153920,-527447367,218475981,1785787015,1518461155,-1202706338,87325
-1776263562,-1053004192,-740518720,1991678622,-409873666,-799087063,-783605613,-173134226,2010089622,87326
-1751205092,633167092,-2014577163,-574341319,1657776745,-401729200,61350525,-985806225,-1340880323,87327
825046133,-1701960705,1755010922,-216017054,236849921,603139194,-1160661902,-411883849,-1439783406,87328
-129680333,-793565230,1394331041,37889441,541286896,1404852984,-1586483636,-1552208973,-680546403,87329
1118690265,1752149375,469593492,-665343829,1146195714,-1356675799,77776545,-740773223,-950671615,87330
-261350674,903227459,1037817838,969255700,849822414,1955255437,-148011375,-784518622,190692753,87331
1879984541,-1631112861,-651097246,-1045991147,-467179913,-674164631,1422752121,-1394707178,793737471,87332
1366894117,-1178513645,105182545,1482350365,-1288434756,764929756,1227788130,1785778657,328087214,87333
-1793490455,1117346059,-329345276,-1784852466,195523291,-841608336,235007073,-1767302654,243761462,87334
409235580,869822651,1250769571,-1086684899,-1770721465,-452943934,1483648790,-1024177773,-1851734354,87335
1594561247,-853849803,-1435897944,-262426333,445899223,-731459385,-1630059381,-666318224,1416443028,87336
-1550102089,212071543,1258549324,-2040674935,1609659957,-556408330,1859870629,1399535376,1819052535,87337
-1242977866,1374368288,163290880,678527431,-387926866,2146847528,-1220989336,255794022,370939740,87338
-560653244,-1748744755,-1477797603,1411634301,210256064,209964125,641120218,-559012390,1496877112,87339
-1386748027,-1653787532,-87385319,718966277,1886659278,265768281,-808497827,-676117770,-833490029,87340
-1238153499,-1893047029,933576647,-1893403913,1771477387,-615233197,-1853116400,2086502471,-235563976,87341
-594686147,-1027921493,338761319,844512945,2092416727,-1854649753,-939691262,-1588697844,24875761,87342
-15500257,-1048634713,-336815003,649043745,-973086071,-730779270,-226996505,278590927,409083512,87343
-1633000609,1131165077,697822436,1712019346,1348456403,797437985,-64272905,990493873,-340628943,87344
451348174,-1630566698,1866641039,-1915169003,-865747758,254582914,-1839719130,-1473786728,-1565839259,87345
882987712,-1008378552,-1591535650,651664615,-1379432118,-169030955,-1974272822,-1551681215,-1016442365,87346
-1512961778,-903389105,-353937111,-306783642,1520918334,1407082230,681557013,-1090050641,-1144323949,87347
1158079652,-1365482679,167129325,-1063840726,656440147,-2010975533,1541332978,-1857025848,-733932347,87348
2136113309,1560555962,-1988211864,-526841368,-865888822,-1438535759,823766193,-72302693,-1681388412,87349
-227025175,-1197393129,1681169475,-275786067,778762953,-1008900626,-984849057,628939619,242310050,87350
1720414300,676446112,-1629800691,-467663948,-418744837,-36399899,1408034406,-1665600675,2098583020,87351
-970411178,373426494,1443221147,134968816,1361704526,2049150349,1476703846,888471835,1011312706,87352
-1730259038,-606942490,1317988826,-1012231528,-1199008008,-1177758074,1423560316,-876587751,879741131,87353
-1968247723,98104643,-1468272202,-151061670,-1181724032,-1845640842,-1178580503,-1099743041,-429494249,87354
1288287041,-1330205602,1292204738,854713865,1122564315,-1251358819,648268451,507293666,-1167585011,87355
-1360256206,-393344546,866687274,-1532728460,1995654846,1669099393,-312423342,-1206676106,588779164,87356
-1689919595,843332523,-896391290,666709562,-1623181385,-2017168004,-1464390317,-645297245,-918419452,87357
-1008573491,581279342,-1040310130,-1782026041,623360092,126645459,-1850238022,-1152446487,-884406677,87358
-1489344355,1295872892,-721195407,-1702022626,1416020185,-1995748615,1460848733,908505995,-1900228801,87359
-352751911,315191524,541977491,-1615336905,1031870539,-721155900,447585,1431305595,2077578509,87360
-786142815,591878729,-360434203,911963795,478800467,1770030171,550673010,46400294,2010430008,87361
681954309,492609876,-2110542835,1900751167,1123623702,1313859760,1006125994,-1920153885,916801894,87362
-1523503106,-1775173085,-1607542432,-1358323741,1345067194,-1126807080,-1324658977,606096482,-262831896,87363
-1477992156,1645530193,1031210804,1535054072,-714617481,-1416014679,-229929231,1253551439,869106594,87364
472388576,-116276635,-721811573,-26751381,-255927591,363882537,1412364790,-720210491,1275116055,87365
-1412131571,-1474659581,147478327,-1764745290,-510684487,1027536067,726502230,-1183853915,-985925147,87366
-1032821880,-762556371,-1847003963,633923066,-22929656,-1269095528,368468372,979948528,2059916924,87367
13154749,-969933746,704932773,-229253894,-1803508861,1857007729,856428129,677486150,-1349146100,87368
203252031,-133825187,1015513503,1015119474,-1291697473,-694680593,-200788894,954534511,-125984944,87369
-93004762,1518531168,-43518566,1377317688,-2082666848,-926004057,-177365157,-589932538,-978683155,87370
-1909739670,-37778377,1516880608,-1634691910,-2030748543,-2010267457,1093664224,733545210,-750681476,87371
1002571307,-1553955560,951752327,-1566369208,-882246958,-1654370817,119716903,1247512855,-127211277,87372
-465574235,2146520582,-1484657418,1127925526,-1587978777,2076832211,-1807834323,1360245271,-2139755438,87373
-1608079562,-380190327,-1174340575,531395976,1199745334,-1412108582,1736562479,1580075531,2104520419,87374
-1468827982,-392593450,72952972,-1114985723,-89419641,-647714402,1990174175,-225990869,-923941731,87375
-1419405950,-1010790815,-1695693460,-2006469581,666539121,485023371,-874541921,-1894343923,-52717752,87376
1853845544,366369192,1357891652,-2000600332,-252720214,-1882667643,-24265705,1037250242,-222697901,87377
-1162726629,1831691931,-1213586151,445654989,-1072170765,-1029055487,-1513788827,-447800616,1646837666,87378
1540693501,1328661358,-665113687,-907007000,76177152,307156330,-1609622291,-295229878,187002752,87379
-511653604,1012943192,1021064568,-1897241825,-1191727581,758056411,409548769,-1588587054,-1035413514,87380
1016171964,-940838155,-344893882,296437445,-456744247,-561589982,1573073395,-580035048,-1340643420,87381
1741689711,-402179795,1553815969,-848605587,27662233,87795203,-876114101,1183898619,401242109,87382
1155817564,-543139509,1857283192,-1410526066,-736240324,1946272990,1597669640,2072399102,-1760085060,87383
-1634589426,-1161899497,1192459705,1931068740,1454395752,1389151608,-1697993505,-27304752,-931907907,87384
-2096176122,-931601122,-789600469,1576734225,-1718126526,1462544259,1990745000,-776059320,1434026454,87385
-1991280306,-1399374825,-518089543,1230441696,-527850945,24574194,-1021069276,107757530,-871487883,87386
260543067,-1724674861,-555041384,-249723119,691420885,-1931636659,1692844631,-1081112527,-2014579349,87387
-2118882448,839770679,-1998625275,1188270385,1097301040,-37157888,638297487,2050538388,17064847,87388
391508551,2144228392,-891156699,1246406938,429330100,1539273944,-1630308452,-1193036993,-1511706112,87389
-1996801193,-1530871532,-1798947732,698894939,-893722541,-569070943,-91168814,-1239476845,912656026,87390
654099314,154708822,-884999183,1692806785,-671928664,-1904992199,-792833604,1686291428,1179403869,87391
-1821841704,-1862713214,1176084222,2004902295,-2077671728,565152907,732269787,1860622406,-2020263277,87392
1238019362,1353524073,478147335,-48106315,539407985,469688088,1476406366,-1462385325,-1717581611,87393
-344355376,1768133094,617567712,-1711106196,-79280729,-1613714491,-1783643281,-1986905003,-1618147986,87394
365971644,-637306664,659775017,-738901326,-1630293828,-1608060351,-686235455,-1824579582,2086452719,87395
-2136462819,-1060729233,2131470202,-282798375,-605684091,144565290,925696815,313212086,1513435906,87396
753304645,-431131263,20306988,1589143742,815942976,-1697395210,-15724366,-690315604,-655583930,87397
-573961019,1818028762,-135264534,996725952,-235601378,-1039801647,-1905463065,208426328,26440720,87398
-1282013443,-1605323997,-1670934387,1996838193,358402858,-1023023343,43125563,-659166750,1635428238,87399
-500198506,360781088,1288335243,-1911442481,327892750,1835634276,-1560592930,1947304892,1428603918,87400
-1780992704,939553211,92969210,1975708750,777681476,341654149,-1449846964,-2040646568,782826186,87401
-624367579,1917987355,146239626,-1045507325,423819782,1745153281,-334681325,-2141687035,970182423,87402
1027254690,1052183648,-455909300,-32234621,-1358341357,512906172,1938598824,-1160749042,1683747655,87403
799138226,1408906133,206180117,242312502,781024640,324041222,-930873986,-1890728081,2109406732,87404
996776231,-440429804,1805107711,1101407577,1835035968,-743468210,-2018761817,-715176163,-1642488803,87405
547553374,2037678876,-1029110628,947116448,-1173337681,-867101427,665067968,-70823716,-2047769366,87406
662211842,-393873702,-752079322,-993916443,1366294011,-552549114,-2042064195,-1191390417,792367400,87407
-149221843,2108756153,434900819,1692661938,-1946288319,194753791,-1111295961,-2026153573,1118860704,87408
2105550892,-890224345,-991815813,-1745823399,367464875,-1692696768,1784715975,1277322972,-1639517174,87409
-1048016860,1803103154,-1157946640,-479944394,1845331735,-745658349,-230166983,-1811561443,-710762784,87410
-1758493048,1890900240,-171395767,-782645626,-376904978,-1751513051,-391349784,-1114782814,1805142741,87411
67842082,1764585601,-1473614266,-3150259,895688962,-2144513400,-2107658703,-687715572,-1501622221,87412
1741779991,-1235339846,-278008002,-1818206227,-334437331,-1433906724,936545804,-196658240,794720504,87413
-50794835,-671873136,190933347,1476041403,-2008572205,-59519019,-1480986944,789409307,825481310,87414
844663742,-1844760954,-1631196944,-1186373275,1293066676,-422603404,-1706578052,1535757066,-1709835418,87415
-1070777038,-195827133,63466571,-1102647499,1281563002,1657574943,1858567258,-1305991907,1983641670,87416
-465898730,-1498049178,1113515188,-787827213,1558229648,-1225547842,-815248219,-364464461,792525965,87417
1305984422,-792701771,-318573010,984507478,506525116,376484278,-1170412837,-664903193,-999183051,87418
-243771034,836626687,-54021039,387405513,431501394,2032751396,414490368,252143751,-2102865166,87419
-603835701,1681397129,1104750736,-668978663,374473874,1915747321,1932361006,1339439309,-2123540375,87420
345193832,-529224080,-1673940568,2086786436,-735681809,-615175329,-1307347643,1053483961,1972162797,87421
644730455,-511505745,1820707672,559482388,-1979888764,134717438,1060798978,-1170878832,2084257673,87422
1090060747,-764820574,-1407317301,-1243916195,-19752147,101332203,-93764953,-1738542233,1710621047,87423
-966910886,338245311,464692081,1323172489,1354710753,-260254099,-424122343,-888727010,-506557548,87424
-1401612606,354103565,-564912483,-611476690,-1857565891,940520726,-2081445138,884923954,-1816579844,87425
-660538891,-324007776,-118145110,-1056598525,496646216,-1231875508,-1253138007,259200583,-171331066,87426
1988334936,-55966888,-222390338,869921037,1193585999,-1232841539,-1283510524,1343405266,-472049126,87427
-1847579997,2085995660,1819050433,-797246717,50725436,-769249687,1890889318,-855017948,-969983610,87428
-1998475542,1080009782,-1133312273,-1651686254,-943833753,133497438,1410374582,-1956401048,-1611215584,87429
-2089325191,-1938197613,201205349,-221080859,551000061,738445345,-1470991927,724692711,-1031353346,87430
-8622976,-1509117838,1942246136,-2126703093,332033017,1574462468,-1597877908,-1377238629,1730882790,87431
-2006369733,1038416290,2082986618,226516817,-128610831,1645886853,-2062968882,1186150656,-1992282451,87432
-866069136,-1617522402,-1497574465,-465773239,-1566757117,938769764,-700403217,-1094983434,465673750,87433
1075673233,985063757,897565845,1200647191,228549570,-440101238,-101471379,-537149846,1495533591,87434
-462124922,328475330,578463360,1419239826,89942684,-51383066,-1851098253,158493031,2015942130,87435
-580282831,-856860530,-1167255256,856768556,1641214867,2141977847,-1152655776,-2001390589,-1333624123,87436
2143370591,1561855275,682012400,-400873192,1161209505,-1450369270,-1146813690,61656942,-709759026,87437
-1815886038,1212628192,-1909903028,1204141495,1919950796,251366078,-1650358220,1138520983,-1795410651,87438
1844651249,516979608,1902087747,2085735412,-78621194,-1566637891,-1128490452,-1256079562,1663392552,87439
53873960,1285512332,445569381,645788911,-1094570627,362215669,1026624725,332016811,631022756,87440
-89047871,-804618904,2070511141,-2080235852,-1707098272,-1455810803,-1571150830,549239344,-985973225,87441
230605321,-757220852,810173799,-1182906991,-1510622946,252032720,2019598200,-431480668,1597392258,87442
-2133922075,-1542409114,1933197291,-1748286670,315534967,-834815715,348990048,-1372448932,-2119295075,87443
-469347061,-890415660,976840358,783331378,1004523291,1040425512,92481455,1160775082,-1289986961,87444
1412405927,848586612,1351892353,656377389,-490024830,-1165667296,1027905789,-23718216,-419323803,87445
1990947285,2057473791,-610201444,-707221533,-1232085800,1932087569,-1617409907,-922747251,1300195606,87446
-1375925673,559815061,-1803446254,-390493277,671797108,143760159,2129808122,-1549141374,276392687,87447
537092569,83837569,758049865,912597286,-232258203,1756772553,687333974,-1855091702,-977596156,87448
405575508,45941760,-409984465,923932244,-1275120836,-1622384130,70899220,849674225,1354146103,87449
819156033,-1727969939,580881295,-387452574,-1741571938,1791707349,950196653,1338442756,1528487397,87450
