PS_PARTKEY,PS_SUPPKEY,PS_AVAILQTY,PS_SUPPLYCOST,PS_COMMENT,nonce
-1086797420,725138263,-686378190,802629588,-456599445,17251
2015112116,-1118385683,-162066539,1919888466,1962007059,17252
-1159648375,-1913411099,1867129585,-258863762,-1730509483,17253
-1242565860,-60359820,-1287982737,-903683732,150774596,17254
1153317008,-109193200,372813748,-1833742524,1460246750,17255
-221094395,382657457,1778855722,39041593,443707659,17256
-612257142,1026056991,-1382745100,-691654734,1021731314,17257
1202997172,-1664809429,-53513209,-793457804,79531478,17258
667526227,1331781927,946577120,-1988117428,1201225815,17259
551229591,-351121663,-773693131,368095589,-1842176203,17260
-421293204,-905275782,421536483,418573893,-1874599554,17261
-144489575,-558020579,-48368445,1246996329,551481165,17262
1908879437,183275729,1899086174,-309626150,-1175756097,17263
140334933,-565710857,-504089713,-1309440320,-1337736931,17264
636279751,-1972819694,2058435187,-1550723884,1081865665,17265
1155045762,1715235280,-1187267676,-1116911267,855479116,17266
1318900195,143405830,-1647602412,204223427,-785323008,17267
1498186207,-1860245903,-2025835667,882499619,38603131,17268
-1037665860,-1646495818,-1207205430,1654148401,1376073896,17269
-2080981089,-1823801804,1898223482,-985193277,-317653443,17270
254384084,-517772966,-1786474013,2058130415,1699161522,17271
989045447,2074502286,-617350466,286656301,2126388143,17272
-1494400209,2098867565,1209617114,-828531672,-916296259,17273
1040430648,-1586361982,1059874824,2145731413,1732139939,17274
270774620,1120481319,-1869087890,1029977115,1978311645,17275
-38675644,-1705942442,-721648065,-1327419584,666763263,17276
106567226,939826784,449227020,-660528155,-1443600089,17277
49817236,-108498245,-1982115929,-350925778,-2000739302,17278
-1620211684,-2064760602,1334181569,-413338129,-1942692580,17279
-1967966219,1338970890,2091126386,2099205332,-171812686,17280
9792263,-1594943823,926634447,-1958546857,-1298637702,17281
1343518785,-552720518,-1638476998,2079698636,1923347008,17282
-622665188,1915046002,273630363,377893704,988490771,17283
1646084827,-1288879002,195574328,-1657447421,446048962,17284
-1582502471,-282620191,272113322,1093703335,-1823077294,17285
802544389,-119305203,-791599169,1964560918,-775569247,17286
1461826204,2035144553,-2027024613,661397213,160010105,17287
196139220,2126773916,-754369223,-1977868098,-1420144657,17288
1648179879,808492988,-1335581806,1793872083,-659611697,17289
1165577775,-939952281,1756979945,-74642132,2000172846,17290
2077173591,-849834594,-1048836982,974959586,-1714947664,17291
-867236308,-1313838140,1297652408,-1756578546,-1555060276,17292
288256247,-1015148293,-1415873048,-1714684987,-455066178,17293
-556080200,-959706428,448406738,1163763829,-775652700,17294
-636356502,-223918689,-2008199956,-39739013,-1305782003,17295
996088051,-763593651,-1488059926,-1695836692,975725145,17296
697353647,1574642345,1591964094,1463764790,-1231125348,17297
-689880665,949459396,1428605277,655496417,-167153701,17298
-134333544,-689651099,212622443,350287667,496266488,17299
1197913858,-1774448392,-787981250,-1456824169,152068807,17300
-1836652336,-1915550860,-1193417164,176974555,-546313855,17301
1255774539,-1317936049,-944166187,-1463845999,1418153351,17302
1098460689,1815676839,2014022322,-1131405333,1127382062,17303
1708752734,-308433402,1049456791,-1401624462,850177039,17304
105155113,-919752675,1388656019,-863322825,-1063350303,17305
-1884548362,980703465,1176994133,1247536202,1390819126,17306
669439467,-1491815619,1625488567,-1255862825,-758477630,17307
1445089041,-2123015817,-1311300768,-1751307205,2114692348,17308
-404875139,944790917,180410406,774201795,-2051228551,17309
-522671189,-474213273,-261008172,-1004594135,993000670,17310
1028096629,-1413472046,-1539082182,656812032,-266590031,17311
592168510,-1929382653,635101352,-873572554,507918139,17312
-1011371715,-209609867,-1892527897,1825452046,-1573571282,17313
-394308002,-1831632330,-152582148,1548914472,-1479781112,17314
-1494974932,329570413,826357715,-2097525533,2050412764,17315
-2146075788,1828071098,-1232867819,-252421161,1127358879,17316
-1024650636,129469775,-2144154757,1465066798,-2026885852,17317
1771287105,1790056939,1128445261,-460034446,-842601538,17318
-1855267151,-708152736,1721875472,1431214117,543264552,17319
-677917014,1591523052,964132947,-561813360,1764030523,17320
232621694,-1989072742,1208083644,1106705400,781512957,17321
-995268506,-1243960569,1301448346,558833149,1766708749,17322
-166252150,77845984,1128420275,1438576427,-131810785,17323
350507638,1925641481,89589815,1571997026,1174473187,17324
-1912796254,-2019163513,-1797019106,-451888397,-1124086707,17325
1738896828,-1170966804,-1479215430,-595703676,1842847359,17326
2043610181,-742842942,-109733778,1235186413,-800894440,17327
379210562,172644575,31204845,-1793870759,956466247,17328
-1284112078,1449392640,1356475182,819854147,-1697497833,17329
-946531494,-350509206,-1840411597,1632916735,618323581,17330
-86510696,-818612174,-401909067,1030577334,1812044752,17331
-887886696,87398761,-723640304,299278892,-106703274,17332
-1337832878,1034240717,1444262233,-1986166941,1726758835,17333
682507919,537317365,745052907,-469021723,2017380033,17334
-611170734,-1240602155,-2037551094,1663269013,1636060925,17335
1773464005,467424305,-669987241,125992058,1731548906,17336
1675555157,-484316125,-1620019439,-1080153971,-1177940897,17337
1232013555,-224448012,-1775493865,-779295613,-81156600,17338
325755193,-1703767314,1727952420,-1683068496,727757054,17339
-368031097,422109339,-1850444571,-2002575196,-1322901740,17340
-1875395735,601722918,2036806846,1938215248,-592733777,17341
1594647433,1892632994,2040157095,-1999621078,2018428004,17342
-1501633928,-938967286,-1471943772,378844699,582146948,17343
797265832,771569693,-2127696180,670434655,774906319,17344
1185928618,1212123619,169059105,-1400340220,1182291356,17345
1714864971,-1307163251,144586982,-2018187597,-70078409,17346
391858665,1996845086,551915899,1948691598,-814322151,17347
1133541822,208820010,1893087382,-794390322,699092140,17348
-425496302,71286131,-1947560339,-1138325683,-505663996,17349
674543712,894271128,1115885302,-1152434412,313764568,17350
1065907855,1789299006,1480328946,1181823506,-1142314549,17351
-72093188,858492016,248443307,-531882129,-1185783156,17352
899196270,1476029661,-606791564,2100558983,993087478,17353
-1952621087,1002846830,1266269598,1934601859,1827483765,17354
2101369728,969700631,-1703806848,-982672779,510867163,17355
-619865043,-466832173,1490157054,2000820094,465692793,17356
2019049465,1006383045,-777291732,-1538316555,-810372689,17357
-1266437106,-1743786332,992401368,-438251155,465935940,17358
-557838215,-645278623,935031317,1464267570,210869245,17359
449016474,-1029378143,-1083975217,1274605281,-2003280159,17360
673547398,-582098302,-344564464,945966550,-323385005,17361
1086829659,-2090869556,-714915982,463684711,-2048771451,17362
1144021073,-875909317,333837186,-2104475276,1051867617,17363
1550655660,-1607539041,723840918,1321130826,-754230021,17364
-296704859,2005005090,-1135827715,164131394,-459473348,17365
-274554850,99291461,-152440858,1653374945,381204464,17366
-2019367245,-1482180271,-105658779,520930285,1496267723,17367
1957892225,-290117654,-976625829,1103553418,1678176184,17368
-1241085728,-291491200,-1269670997,-1977777120,1576425841,17369
-1696648718,2059534524,-245823028,1503799772,111566459,17370
-811744227,1351653886,811488215,765144437,1210584984,17371
-1851133383,1020463217,708329019,-1601510229,976321402,17372
-2046123429,1438816740,-873464782,1296568352,1955694813,17373
1245280202,250128374,649418987,1236556693,-2065196562,17374
-1279074122,-220777001,-430273161,2028810796,-913585657,17375
-68784392,-1351678886,-1822923592,-424656905,1705737092,17376
1957383960,-1978414912,-104279736,9322938,-869472015,17377
-136881028,1303452259,-1467452114,893437723,1174316557,17378
1881764878,1891857174,1801523135,-1922484507,333157530,17379
-238303806,-2126989473,-1652190121,-466831094,-1520686838,17380
-1787378816,-1676848079,34369442,1267824910,1760907539,17381
1877821084,388430417,-603078359,-1519721510,-217021164,17382
-2033671182,-917032116,-1367933558,-1662020323,-39619222,17383
-318824756,-1013934668,-1361393657,-1122529799,-2052380730,17384
960439432,-543318803,-1892638097,-823202536,-1017392628,17385
843342528,25360829,-1148505870,-475637415,-1382728787,17386
2088234719,-1544612963,-854884643,-2037002496,1062486824,17387
-10606785,1077050792,-1413041376,-1195797506,1418728861,17388
-399003621,-1899457651,-1673378177,-1469247696,-179998996,17389
245360426,977196586,-766656910,-2081080117,929492817,17390
1149023427,-660539403,1546285541,-2136554235,1024650587,17391
-268919514,-1800504202,-1093111018,355701596,147134057,17392
-848379639,-33644998,-947937606,-1141833996,998414882,17393
-1992541610,1514638107,-1890619273,1165671772,46661355,17394
-473073014,-720476946,2032793377,1212914748,1627243811,17395
776720817,-131518754,1449877175,-1502714019,1612709551,17396
-814960001,-991784315,1992420685,-1405115636,-1116016007,17397
-1827930674,-1770492695,-306625017,-318418326,292241667,17398
-1343322508,878876075,-2080199221,-1804702830,487248856,17399
-501870823,1663749100,-1092994751,-2028597861,556204117,17400
-1585021833,-650773884,158300773,651477533,1429509826,17401
565146254,-1395871188,1408950582,810799379,1747011526,17402
258837632,1443630774,21627639,1129483651,-239231803,17403
791132709,128253036,-805668868,-1723634872,-1662735198,17404
-1947857752,-598150236,142777381,317528458,-1523041440,17405
-612628894,1060791225,-1540209422,-396705263,1517865201,17406
1422915260,1556765750,66026981,731871258,-790007695,17407
1096429053,-227429476,804602287,-1757088301,478343498,17408
-1414171320,1699551341,-153452620,17437189,-856924513,17409
1389461427,-1726937451,-1940569443,-1060310046,-651642972,17410
1917200386,-675270606,-905038645,332270365,-1491687576,17411
-2010224136,-553872559,-1900845955,1689395110,-1022622612,17412
98716709,-1579057504,708973458,1984665664,-1228160675,17413
-886782739,-814023900,916686329,826622256,-375349134,17414
-365993402,-505342751,-1402907381,392844594,711460846,17415
2016305046,25709361,-1471799694,-181310315,1108373569,17416
-133266327,-1628176014,1141153874,-409015898,-1856875126,17417
669677582,1316954359,-665028916,601196350,976219080,17418
-1671596413,-447069199,-125541713,-1097593567,-1928263538,17419
-2076362981,1268480798,-798240676,942421274,-750165785,17420
712256173,688425382,660676973,-2079740217,-463392799,17421
660466482,-435402161,-969945072,2004847201,293691134,17422
-100454074,1947755689,-1488093830,236304514,1475391182,17423
1992184010,2055985226,2134059184,-234130574,-1370126522,17424
-544053024,-1558182930,372181348,72764025,34052367,17425
1258944215,-792607766,839346175,2073039213,1469425504,17426
-1672331110,373475282,210549713,734262232,-2037736776,17427
-145940900,-967638374,-1062271655,499332220,-1481662791,17428
-190209246,-1830088401,1278461293,-1344083909,-930009872,17429
-1070754947,1372253145,832720786,1435031854,365184824,17430
-1144162011,1484660500,390422388,-1463499226,-1349897204,17431
-367932239,-1065300876,-1737123999,-636605619,-1484615574,17432
-909486063,1656865039,1089109580,-796313082,-1546202253,17433
1247354944,-2113930811,-377180800,2026635089,-1027811456,17434
1411489673,64176628,1533271956,1878274111,-1387132337,17435
-33278801,-1431473630,-615476041,898495537,-1494243827,17436
-823183442,229294996,-649006847,-630455197,-1260732529,17437
1931618197,-1925567454,-1935726995,784597825,2020301694,17438
79254432,864183863,-201968481,-174892223,1501703691,17439
1858425169,-1192209099,1462343310,774125026,883099086,17440
-1522727246,-1478327098,1740687645,2147448247,518964630,17441
1488011829,1610213937,-1722175111,-1249969335,1661201348,17442
-781065587,-1222063035,-1775817822,-392250,-1272116698,17443
1379107269,1860481844,684531324,4464557,-1367955024,17444
-939429981,-800953755,-222411839,-2027877151,1408080967,17445
-2105875160,-1658144889,690285079,-847637054,-132338442,17446
-1355030565,1465674902,-893544850,-1267249483,809106564,17447
-473725251,1158742615,703325652,953304297,-863377554,17448
1071774064,1672687529,597540467,-862735408,1985411669,17449
1415623744,1686935425,1583988196,-579609461,386738858,17450
-120772841,932418621,-1333958616,-1795443274,1468751748,17451
265528253,-153701665,1292615850,-628520864,-1059658627,17452
-93620671,210337712,-1061375022,1977406033,133044446,17453
-1079825819,437086914,1087166294,1448084912,151564818,17454
-294211606,-215659846,-2090852220,-1951250562,749437243,17455
-493280053,1052943333,484934747,-889847926,1730757820,17456
-1387404536,-1356935142,-1094745046,-2096845252,-1129748404,17457
-188714597,1627443544,-1804714736,-450547150,-476156135,17458
-1242912962,-363647007,-1549720457,1880947632,-1061448760,17459
-300426490,1188542862,-2045001595,1801177487,-1747758462,17460
-79526172,-770887059,1961617284,1059248753,1167034953,17461
1816140247,-265422472,-805330222,-259658321,-145940851,17462
777196981,1219847651,-91830145,957458241,-266469482,17463
-2039461038,-134109346,765488805,-1399935596,-1104646241,17464
1958666542,-277105299,2102057084,1694638771,1984800305,17465
454877080,-463939089,-679301926,-96676455,798407988,17466
-1599588594,465731476,742912948,-959355268,-2048992483,17467
-412898589,-2001910967,454846678,-734175779,-1648959720,17468
1308584123,-1209696503,-1373616459,322290124,-282402180,17469
1215807562,-1450866756,1721773864,-1091636769,375713827,17470
1898344168,875811172,-150118211,1776891208,237790093,17471
-2115453476,1364832909,1679915907,-1799830127,691570537,17472
-1280372666,-1901546511,2111415856,-317140497,329106850,17473
198340275,-1899232754,-1939998847,-1524782725,1782066650,17474
1708914537,-231343317,319055386,-1186715693,-871812890,17475
253012356,-978070818,-148163508,363190081,1766058202,17476
699490469,1647835228,-1497287072,-1883299259,594369926,17477
1311491478,-1365373680,-1670702579,-1717077044,-1283123355,17478
-1719133469,936216507,-1571769534,639714386,1833576070,17479
285091398,-187696298,83598937,1583787138,-1683389284,17480
1807185560,1405848949,1841689378,197463126,-589688342,17481
310342286,1525721583,2072647680,-1773136950,1340651643,17482
730543118,-551753429,463385796,196012841,-860612858,17483
-189294102,1351357196,-1621196648,1901821384,-980897173,17484
-729167973,1612102531,-900717989,930226608,-1643752030,17485
13326226,1216365750,-983204912,-1705694068,-854981693,17486
-2082443935,82426231,2105872389,-92606068,-1085284267,17487
-682891090,-1057087671,-1711654338,-330728037,1032977703,17488
-1192135160,1878305886,-2041226111,1524726024,1727318936,17489
433906203,-1153641065,195679064,1738968799,2094082832,17490
1456519864,1591546666,1697647154,-1729253488,927695232,17491
850327981,1216925437,777110434,862267973,-1993625382,17492
-1917879687,1357081929,1888911707,-1979565694,1206569343,17493
-257207097,-1870229911,-796891823,-1365036953,-471105670,17494
1231397225,479298529,937625721,-458731036,1452063047,17495
227834251,-2080000466,-1453106216,-78884793,-531702145,17496
-882232888,-1451231838,830558951,-1921199262,2142669249,17497
-126876100,1826487534,1966099236,5569867,364462350,17498
-517557066,-2087782608,1978175533,2100436629,583313248,17499
250902630,-923587561,785818969,1621121704,-1314346932,17500
-1812907108,714989787,916719564,-399360203,1364109182,17501
-847466385,-1432320864,-1019429850,1587926022,-269642902,17502
-1284263484,-69854790,642832088,-1326980911,1830224115,17503
1255493153,1786162559,-1974665324,-533619526,1050134808,17504
-1731329244,1258831996,-1166997162,1217639776,1927009428,17505
1001271274,-322307326,-469472590,1691095343,-183494299,17506
937212904,-84790487,-800675679,1426068673,2131687130,17507
1862199264,-1553324523,216652531,386145911,430772821,17508
-979336956,1174837032,-654961037,398686939,1686355343,17509
420564729,1889996398,778594965,186610111,351302720,17510
1797709254,-222454234,-1100406521,1202143419,-106014868,17511
-426803387,1988354050,-1573967271,650108280,-190610468,17512
-425471808,-1188064099,444030791,1270122941,-1077289135,17513
728501840,2058397052,627139772,-981647435,138869582,17514
-410363024,1519532274,617844819,-796717082,-1492349888,17515
-1729938865,601864092,-1615970661,175158012,-409546227,17516
871649026,245615890,486613182,-1495268862,-1300141348,17517
-1234734680,1390757596,1266183050,843370319,-755586538,17518
-1726739617,1180991078,-1915407715,-304212901,-1434146297,17519
1626310711,241440534,1288846636,1809086748,-1489526488,17520
919470711,-1477287762,1703070837,-706396820,-900176649,17521
-719267858,953891239,-513988631,-192300597,1348821396,17522
833136332,1739501402,1396639629,-1741158494,-1052476608,17523
314103134,259228261,-523768928,1255789705,-1482927234,17524
-2021021497,-1992485112,-653950287,-1702974895,-1781372880,17525
624603470,2098869841,1669397867,1912482352,1059303132,17526
-368588373,-932114380,606270025,1873031116,842464888,17527
820539467,-726683710,-1134233036,186903373,-53842291,17528
1728096788,1016650436,-599367487,-1088874851,2083332076,17529
-1261041587,-1558744204,-667187922,775008292,144163441,17530
-1829125721,516807880,190622729,-1519117294,-257379773,17531
-1680015152,1823259130,-1519467088,-1003770036,1410812490,17532
694251669,-323407952,1062337091,-2103149745,-1598002353,17533
1838317033,-769187260,951931920,488026264,-207809063,17534
624555697,1013769344,-479681920,-1113024867,-1227124269,17535
1975153424,556555318,-76708811,-68501513,-628810037,17536
575305909,-923867661,843850311,1237840605,1098082628,17537
-141162819,2084133930,-752810736,2102963984,1138661403,17538
-1759099859,-384368405,-1354418714,850644306,-1204314350,17539
-207995299,1453594263,1120045496,-1801029150,-1817354171,17540
-2052589215,1156354518,1100823843,1614219273,2140841509,17541
-1971413772,-1733793305,673294458,1853136898,-785183053,17542
1460855139,-1067228383,1383776390,-494146491,1071640392,17543
1505906327,-1008908851,-607361066,1763976227,614823318,17544
1194612574,292091738,-416915717,-1083481822,-1430330814,17545
-2000022762,1360830246,-1504735730,574589181,1989702939,17546
-1630163920,-605610740,124746283,1106573191,978894739,17547
1094893494,-1560418990,-477800474,-452483230,-172466316,17548
2101725516,-265597467,762551772,-804181313,995455041,17549
882235952,-1413256786,-1243011199,-842101117,1765559968,17550
1663449372,137803959,-1373556476,1232394680,-1036459615,17551
936986985,-764574365,-860789246,1286248616,-987753512,17552
355048710,99926588,-387716805,-202795378,703913657,17553
-1229317384,-1958072758,2074490593,-1385748694,-1114776692,17554
-1421455755,-1342580378,-912549822,-2070168864,-1809065525,17555
264525834,-1468524014,299866392,-1867386946,-806280739,17556
360748470,-1678693824,1280035359,1601663727,91724848,17557
1637506549,1092354604,1846869226,-209766633,753948550,17558
878858327,920164917,-545075743,1107061424,-1045124484,17559
-1668958032,-1328260189,629023590,1624819591,107541360,17560
-914750614,-1939714850,1220236378,-520190638,1248770669,17561
-262004783,-1016332841,-1314748483,50767214,266048333,17562
415578748,-365594693,1448995668,980534900,1947317534,17563
162949596,-593367063,1872581357,450887226,1104250538,17564
979175795,680298874,132718382,865324984,-1994014030,17565
654016657,-883489931,-813978684,-1219284440,-2062002831,17566
-26159961,1910526945,-1314305311,282756264,1825930867,17567
-550288522,70511645,-972975151,-1241179161,-1408944035,17568
1907920916,-1243159801,614239162,724428747,-1724165756,17569
-1382229170,1516894604,-485768200,1934605264,-833645309,17570
-1129634669,-1420567336,-1478136584,1455665878,1847243282,17571
-495182902,-234601765,2009602908,-199881819,-1152943960,17572
-1138607719,-1702626373,532198053,-877724917,516925703,17573
-1565029745,-945908167,-1430443408,-699198898,56088552,17574
440681417,1924940267,-1159940327,-974651464,-422063763,17575
-1735319855,1720525316,-233089632,-2128399194,-1277906109,17576
894135991,-2060728265,-136363079,1393035963,1329237384,17577
1480103648,1137012871,1807880198,1206672897,1316303743,17578
-273257678,-1548470810,-497666984,1154238279,-1000499814,17579
-632000361,1579926136,-1441280999,506481573,-1232677508,17580
-1895535865,-830580939,-754975108,2033083444,1803029950,17581
307382262,1277768973,-1857467111,1423361948,1779927518,17582
-2016231780,-138088475,-131042577,-1974264008,-973724673,17583
1169225818,1111171168,-1723640222,1033272939,1729088454,17584
1116397907,1401521798,-232524553,123114732,-1851647556,17585
1865055487,-275334872,-1908525670,-1912349138,517320349,17586
-896966102,-506203712,2125487128,-282884610,864817223,17587
-1925865488,170760076,269565504,-1999461206,-649140232,17588
-1948159577,-1061237084,648139986,-1486687077,370847302,17589
390234741,1139006136,229492069,349508376,536749641,17590
-564087188,791893216,153886619,-1706547201,-1074960141,17591
581880036,123571086,816457602,584012946,-729059366,17592
781767309,539151889,2015160377,-1209190536,1953563806,17593
889789244,-1690966855,-1939179025,162696596,-462220498,17594
1486382497,-747839717,-1088002351,1090827396,1863706954,17595
2012096067,1739928557,-1328184109,-612885014,-1143340616,17596
-420653570,740460726,2055991862,125435138,229475759,17597
-525796440,-641687528,-25271835,-2072500507,968690415,17598
-897902320,-2025449452,-1119530784,-1642669020,1424602880,17599
1595932765,-1105392886,133229966,127088449,-1941316246,17600
-27051905,-404129044,747783284,921440319,602264557,17601
-157787880,-1160649765,1664916917,465964556,512170447,17602
1389332913,-854854953,1532223401,336323206,1573501390,17603
-269879528,851736847,-1423579309,325520504,-1469693214,17604
577501626,-1156516076,-34910213,211251506,-1329053512,17605
2484575,610371347,-106426925,1976539616,-632978913,17606
726184988,191589839,-598074597,732270941,-1356520381,17607
-1741707149,-414452413,411765378,1099967601,1876700538,17608
-1949808948,-1808321410,-18826026,783157206,628656068,17609
-1159713263,-1978935703,-121710055,405598195,-1551795210,17610
-409399634,1804152518,154484332,29222011,1173110043,17611
175122553,-1068056402,-1529553125,-1826494346,1252946820,17612
-498705286,-2055732220,-1401958481,-670702338,1358582028,17613
-501622108,-1227281983,-1282243569,-185770764,1102635471,17614
715001842,1460567454,-1543488051,-667213338,-1385191142,17615
-126224460,547262329,-851412528,-235002793,168084736,17616
-587940994,1671847087,1188191662,-27934506,-367672705,17617
263079490,-1720451465,2036967751,644320853,-852013141,17618
1475658379,-341832381,-1433773517,-792195048,-1518133163,17619
126355776,-810741543,247229336,-614368749,-17241597,17620
1817287754,509204957,-1466885642,-1314055336,-215062742,17621
1832643643,-1371206190,118836872,1910815053,-610451787,17622
-1468773206,-1879081853,1396602003,1205441523,-299311520,17623
1648139119,-247720011,1451253990,1597230441,251217199,17624
-653049553,2075966088,-856822942,-2022003532,-442779733,17625
1333598654,1723280646,1887764791,2075583475,1096073370,17626
1379225866,165386058,-1467640410,-1905114793,-1674351909,17627
2087444462,869446119,-1718435404,-187331759,-279600203,17628
511414866,2041825507,1953082780,-725443976,913479846,17629
441123938,-537870500,-1027640966,-1183631481,951240873,17630
-600398459,38534823,-918965839,468402092,1009377304,17631
-563114900,-1521869250,-494217416,1375615709,635658157,17632
-171556893,1799446848,721761697,-1428545883,1148956676,17633
-1753455566,-798592960,-580763460,-270936898,1968616148,17634
-156083568,-1920079081,-1332901681,-171976827,-2065688475,17635
931345354,1646504054,1206853723,-790705526,587023168,17636
1714764016,1551141309,-389962747,1239765863,479770892,17637
-1292706473,-1872543776,1107557703,-1538987362,652302057,17638
224310702,1478956068,-1784236699,-1883112796,-1699818764,17639
-106800403,-1305889834,1499369155,-1850445894,-89523235,17640
-1478886313,-230340073,1115512582,815197855,-1711096844,17641
-329506997,1666289804,2016794569,-1513465297,-1257551787,17642
-1346401647,1456941865,-1855454502,1379302901,1703937970,17643
1823225409,-566794038,790357275,-699802517,-1714301164,17644
1640207958,-2057860963,1053020465,296276209,-32248285,17645
-1202587830,-2072442789,-9163174,-25114142,-1128762873,17646
938577002,-897559900,895827402,-272845954,918188562,17647
277804193,708981398,-1515541280,-261996973,-1165159686,17648
449311581,188358105,1302707229,530275637,349391045,17649
-2082264873,-1924221046,1646886896,572819910,-286368394,17650
880352770,-1312019313,-1890618066,1142510815,-431345571,17651
-1498486500,-1300027631,1469778258,-776941280,-1367662255,17652
1986520466,1294383182,1127305884,983498617,-667156061,17653
-1303958084,-646055986,78406109,-1095997330,-738594372,17654
2074311766,614783469,603218823,-765614899,-516345111,17655
-362360765,-861886679,-419188585,815689605,-2098343718,17656
1414499414,-1278482517,1465638990,731459324,1272510784,17657
388285726,-688968309,-1716083824,2020258192,17789433,17658
556106899,141667920,-65096725,1374938088,-1484446208,17659
2002666939,1651222900,1080664295,-1566033608,-1797493198,17660
1030948412,-481910624,1257100349,1902236461,1930692762,17661
-282913148,1472057919,-1457099280,308322965,-234526925,17662
-1666202739,-1416015902,-1619599199,1759514047,1172134870,17663
-32652692,-1707703640,-300764580,-928831519,-1434405042,17664
183750855,1799783538,-113702036,1253222352,-14298580,17665
796232791,-916635709,-381115502,987911762,653869438,17666
1139502202,2055949003,1565061822,-957672037,1754370929,17667
196747856,-938633401,-1279044717,-1177788941,-1330656011,17668
1251202046,-2043699230,-486070623,429339660,-1094525155,17669
1422594820,-223408549,1827493663,-14052360,539988400,17670
1956217447,847837574,-2128783481,-1331137459,305296601,17671
-849772701,2087193070,-1277744102,265466949,1363760256,17672
-2075534240,-687021171,1666390428,1654997099,-1784419028,17673
1819850516,1371098892,-553539154,149185460,371907784,17674
-1343624122,-278991826,-1285582533,-1422652852,1723115492,17675
1059627131,1452376272,-154364972,-264055733,-1341484318,17676
177176525,-138258063,1172031909,-1667164503,-712917178,17677
82873317,-1252357067,1182450760,-2039583909,-935516633,17678
-910233141,-1287950090,-2038359899,-328871176,1278411224,17679
-841687637,948721887,-1544996588,1400359007,735772990,17680
-662483163,-441672351,1023565194,-1390038321,-368627059,17681
-70845235,276043727,-1011405666,-1061010298,861990828,17682
2005201521,1483526593,309375417,768475520,815666892,17683
173257523,2046204110,1373096902,82404861,-2055844126,17684
-1550264034,-1545052565,-689254575,732362002,180808910,17685
-578901541,-1228860652,-1145586037,-1568771369,-570454104,17686
-121173890,584009875,-328988118,1553840831,-1021140885,17687
2018992441,-106476551,576617392,-672115147,1808956038,17688
-574619074,979310724,1389499600,-1417362249,-1731368413,17689
-124803394,-1935225289,-2110923611,844797861,581625496,17690
-952483598,1131446617,-1509041099,-783164464,1287647652,17691
1221474030,1671781919,-1208505040,-379736598,-295925994,17692
1656370983,694287829,-249938011,634590347,1774142227,17693
-411340085,783880641,-568903564,664195794,-1328357188,17694
-1013786007,1950575204,-1906259951,-1402792828,603945319,17695
-1436015442,-1729905882,-747427273,862132628,1023020079,17696
-243421113,-1134677434,2000436835,-1067366526,385810769,17697
-496694801,1400148927,386809558,-125907824,1541959309,17698
767970448,-1368508196,-448356048,1789664547,-1358517700,17699
308105692,-627749827,-428416331,-475134689,1333797297,17700
615029984,1506274182,402243960,-1866385858,1615043690,17701
-1007410500,1556942264,-1544928620,1796249887,-1929089478,17702
-1011755959,347999980,-87374979,-2093794775,-507017833,17703
770429650,-1689448084,1954604336,-1562560086,-1119082456,17704
-1147987254,349824419,-2002459325,608400395,-1018828091,17705
1317966338,-155499709,-93427275,-1366463795,1192845903,17706
1672914782,1509698244,1105287331,881637072,-2002402109,17707
-196121804,243937832,-693425604,-1665111851,-1174050458,17708
-1535674810,-1216674783,-1853527507,1904920380,1972385214,17709
-912706932,-1339608156,-114099804,-255982092,-763771076,17710
1523095252,-1774926347,-166906706,-751120035,-2126403325,17711
-1158696698,-1486091743,2065494739,1253027498,1306231124,17712
-1751397399,887751163,1906309623,998021005,-1016224970,17713
1314491961,-289769865,1539283955,-1486397474,807404524,17714
-928234573,42160196,-1492551053,1122783087,-2142104974,17715
-1404259747,-1524508100,-1924395384,-2094337189,767599733,17716
-87364784,-378111652,-2038118751,-1123269457,1461478688,17717
1660939869,1695928465,1538760786,1808842513,-1052552559,17718
1569143440,296197377,1670859067,-251864772,812748770,17719
17534744,271646928,-1773551029,1161502753,-1003678828,17720
-231147480,1003577084,-1066304592,1070940347,-613672306,17721
-1364483657,-190705210,-2053054084,-756298840,1007579982,17722
1231322049,-1552220120,-851640662,-1551374873,-2063869810,17723
1056257834,-572164383,1408265665,-1326791065,53158894,17724
2001480086,-2005276350,520733237,1700903978,-2077236589,17725
1065540018,-367126335,2102391809,-344822647,-2109585936,17726
-1105923280,2007849697,472738729,-1693308390,643014133,17727
-504972390,1748947855,471503207,31027394,-498396160,17728
1764004129,-607480936,-1468908488,-466656973,1386669275,17729
938336933,1324248784,-395492951,-446035346,542344416,17730
-1691305808,582840991,1407871375,-1117265944,526135374,17731
1478936449,1775808552,-600017901,548468666,-1589052590,17732
-564976393,1788957567,-147711938,1528288479,-1100763919,17733
-773684313,-1675058605,-1204238164,1539802827,1557795696,17734
1318128942,-570052928,281020722,-1650611748,464299919,17735
-935643459,1862313776,874025637,1322527382,-1034483623,17736
-679507034,134321430,2049632192,813191607,436739137,17737
1424353915,1183505983,-620195238,-1923008587,-241965120,17738
-1943725519,1084609681,-383420819,-992513341,1278525683,17739
-1432717994,-740099604,-1844092788,-1090755173,920032541,17740
204218876,-1845661215,841193984,-107491858,1327845834,17741
1020376986,-366177568,1404268505,610622733,-303683459,17742
1688232586,-1996526475,-1725807712,-1118289474,-1157546271,17743
347529864,1770513438,-1140123205,294494474,-447867249,17744
191598161,-369403484,694160269,-1381076708,-946167242,17745
-1921664143,89350101,211659927,1918173757,602831732,17746
1763442393,1130579046,132019226,-582666620,-659134435,17747
724478439,580455046,486536832,-1624759896,-679141171,17748
810128130,-780117632,1290756275,1313048919,1337382810,17749
674129162,1373421960,-604448592,-235573704,843971506,17750
1524886672,1185499977,-1078600803,121607902,-1360161145,17751
1232722772,-1900440045,-846784500,684292815,-2047988443,17752
1699751113,681751683,1004882295,1490512209,100885529,17753
-1059708124,-2031688441,2142317635,1050664205,454977985,17754
373105364,-110020564,1092298552,1060681851,-1509014715,17755
1532045595,-1073530597,1348993434,-1246407101,1690753427,17756
941927103,497050069,1305653550,1725627281,-67753241,17757
-885296006,-1561302967,1785672753,-842714441,619613161,17758
-780038278,1875124076,-1642952936,1551452190,-346526684,17759
269798716,-1713305760,741325707,1422910996,-335432028,17760
-625205830,-205357463,-689209373,-1529844482,-78514610,17761
-1087101276,-420196823,-1635178185,-1389465433,-690517174,17762
-299974795,-174486999,-1786592167,1230174089,-1899453968,17763
1447905652,-1849783976,1830448046,-200196513,79195805,17764
-1701034993,1938580432,-64743813,-389304485,2119498837,17765
1646408356,986698403,-2029937526,-1810352216,-1847287581,17766
-622658599,-1250012967,434086170,-1079412747,807504681,17767
501153767,1644680533,-2041947122,-966243301,1442004295,17768
605359392,-933097819,-1509887191,-21151110,489449073,17769
-1624806912,1674123090,-524585960,1023582456,-1775346990,17770
-678513285,-146144072,247154687,-1755157239,1406491904,17771
-1015018233,268457415,-1941012790,1769103579,688581268,17772
-353364469,-1943214488,-2081780260,-504242494,-1858653345,17773
-1044167580,1896409224,-1628378935,-1058970034,-1897819367,17774
875301932,455554578,38945317,680570907,-573114543,17775
677402835,1193765594,-1832468232,-786552392,-1346097293,17776
56639127,875227005,-56754570,400666854,-679660802,17777
-760279151,1887619391,-210493767,-1861447014,-1190882862,17778
1327748802,148476447,295980563,-648394783,-373791191,17779
-1318157470,1896341424,-228785039,769402018,1276816049,17780
1781433536,-1216912663,379421481,1981428347,-89993662,17781
-370114765,-126249800,-475642283,-1809645754,1230232980,17782
-612898478,1432936945,-1661756532,-503190084,1169042330,17783
-1994279706,1285203733,1332277918,-1075670316,42751266,17784
765811634,1474623284,-1477096095,582104689,-1854695743,17785
-904345844,-760393636,-1333241958,-1428820370,-1017194522,17786
482242431,1526975298,-831076714,1861506353,-648335844,17787
81887192,-1656785778,695692855,-1388743010,1064353319,17788
963061086,-726456775,314852828,-413304894,-466470070,17789
-1300027214,-1254126562,-777660243,-70584580,-1973823125,17790
873130750,2038131584,-727996943,-1768198320,97815190,17791
1697744881,1358719930,1278064137,-423470135,-820057848,17792
-186199787,-664466484,-255873045,-385807756,653796114,17793
-1581871790,-175058336,-377876959,-1939346442,1755514616,17794
-1790463964,-1573607184,747801004,1681561972,741734462,17795
-124231498,736618446,-1203975607,1204278096,-506801830,17796
-791303077,885300534,1341183645,1478095624,-2065524099,17797
-1789610968,25472015,-982618476,400012297,-2060653657,17798
508818200,1918240879,-1932167046,1525310811,1166017197,17799
1666179337,-641995572,-625093520,-1416176253,-423534323,17800
-1210128404,1080954573,376449809,660052499,959501525,17801
372241332,-893029567,37045228,390161233,545649362,17802
-899991164,2064635105,1728423871,1999221256,806474576,17803
-41628139,1787379938,-1215535616,442952361,2053199679,17804
404618276,-859882545,2073977147,1837503012,-1139720220,17805
-659380879,-152523758,1011224153,570167342,675937325,17806
-1365666823,-23667744,-561219881,-1228694977,-1990665081,17807
1769184010,-1567994512,-186631266,-1306875292,-1455399142,17808
656202606,-2128509964,618939438,1984729934,-108691420,17809
-539003238,-279165508,-334824911,358814055,-1692716635,17810
751381773,40268350,740909867,648743511,-722520655,17811
-692124287,2054636191,2000959389,-1422613942,-466707631,17812
281932449,-2053977214,679459862,63233777,61511099,17813
1686194368,1120144216,1235606682,1518197687,1693688525,17814
1270538705,-950223649,2067629914,755235920,-1145338361,17815
-1211722299,-147265770,-469770097,1053311475,-1851729869,17816
-472037747,742658503,1456744371,1195091932,-731233995,17817
1054473344,-41010074,42788,887483955,-1923702971,17818
2055877069,-743758268,-877464592,1203079437,1097164128,17819
1629371991,-65085752,423586623,-2030712343,1261933208,17820
-235877704,-1578664753,-1262813405,-30970008,1835858777,17821
-1545632262,-1165981274,-644697505,-1388525289,461586015,17822
1809187662,2028384802,1377988924,1267696122,-824995751,17823
1885890902,-1668697764,630970932,721857339,-964756215,17824
-1487186582,1479936310,2110847260,1311757043,1645311000,17825
-1259901077,61106668,386518701,-1441803349,688708911,17826
1286210628,-1234585936,-1213501624,-1496574117,-1755576929,17827
279511903,-1818883628,-958152596,1802516262,180171921,17828
-140865582,-1199394989,-491991229,-1825355927,455815190,17829
754537054,-464787237,1291641424,-2146321020,978227292,17830
-281060196,980577760,1310557402,-1763688712,-122575616,17831
-106704708,2030453196,43016972,365237211,-687761065,17832
-1184139054,248487814,924810499,743796346,-1436467440,17833
2071549050,881171308,1104498216,-25803474,1309433035,17834
704733170,-486361949,-1347064259,-707758099,-1058022446,17835
1801097049,840449796,-1091662147,2009494211,-572149275,17836
-1029825983,516926088,555975910,-19555677,-772074627,17837
2132501841,878826683,-769611023,-510488461,899290370,17838
1565177103,-2021498268,-1173419593,-1027250383,-1263130889,17839
1332768402,1558684507,1562123556,-880671743,-1512230524,17840
57646231,579943098,-2098353781,-2103958777,1714797747,17841
-2010988463,486718621,-942382661,2097579778,-514886395,17842
635099216,-721404485,271734488,-559301678,-1304432402,17843
-765309641,-335954200,129022137,1276349227,1970918508,17844
-484084289,-1927399223,-1993444397,1203695776,1834026168,17845
-453885481,1569001685,359239048,2034858702,-1451186066,17846
1068575005,-901946203,1088324101,-1809051000,-29302431,17847
1617749934,2031521805,-1561786946,-452118574,-529790076,17848
285161189,-443899454,-629448350,1539824877,1358067832,17849
-1471194714,-1502498947,1569270806,1638437774,-1066339047,17850
-52599372,1921973288,-58473081,-1545445555,-1744345381,17851
-60029252,-303446387,-684145167,677164208,2011485533,17852
129472415,-369167139,-1431537739,-211506663,-496245777,17853
-545072583,695880121,1917630768,-157478595,-301898664,17854
-1355367090,559855946,-877418050,-383204829,1542767992,17855
-805893935,1792051612,1019837247,371251936,-1966500699,17856
-1946772311,-1406676736,-2147264334,-1258980103,757510146,17857
-1462235858,-187676271,-1032886543,298885859,-1502739279,17858
1278200322,-1968659777,-52392573,1045197250,1880089819,17859
545650717,-1671646612,145409253,-1152047692,-1558019838,17860
-1258177078,86191244,-692085794,-1650348956,-1195912861,17861
573948646,-1776621260,-1025765588,1334315453,-847615570,17862
733634975,-581426424,186568221,-62952917,-210388384,17863
1411681418,-885260067,-702769931,-1342190704,-885325769,17864
-549928934,1338770778,1151802724,1820503636,1523799139,17865
-760526460,1683846486,-483050023,-489389507,-1132908155,17866
590515914,1946411057,454314056,1743674239,1403760034,17867
25092161,-1093229905,-955250259,1702254065,1909828221,17868
638740506,595805193,-170549972,303630021,1434392237,17869
-1525606910,-1177436324,-1472304956,-1761780112,1370697298,17870
-1691499401,-9762712,-562232590,-1585157839,1791293923,17871
-784846832,-340424623,344550688,-1411580315,663591020,17872
-1322098726,-694044041,53663494,832515775,-1364731032,17873
1432045217,-986247115,-462601043,-212979293,-1780049939,17874
-1228590744,627025882,1806238043,301282143,-1118285378,17875
-74559147,-1219872830,-1584937392,-1585692283,1258669434,17876
364560644,450855713,-1980167305,-1572770032,-32000290,17877
-358811137,365431588,38129601,-895000895,-1296046697,17878
339525259,-1955348745,1725007345,-1903781585,-969769633,17879
540178702,-1253592942,-1155915948,-1005549576,-2138071029,17880
-941230166,-232286212,1998595669,-666291350,-960037292,17881
1246052387,1528424399,-1365782613,-928069710,-1581066702,17882
1881188517,-1013763017,525447039,908511754,-369665173,17883
1382858050,-213436383,1649343481,-1788638151,1195026152,17884
-2097945590,1873447836,2013674090,1853286161,-1376701810,17885
-1229658331,-404615834,344697167,-1002675334,294353842,17886
-1519488566,1812048625,1936079734,2115208980,-965361577,17887
-892000723,-1713076371,-1622615572,-1317140889,1566466334,17888
-1684596005,-349495507,-1171988972,-1266450293,842749175,17889
-4434727,1984870688,-1481093362,383284678,554907895,17890
1493822596,1299478553,501022704,-1363023882,-920343979,17891
735367679,-989647390,886916329,292226252,-1857729168,17892
1228336442,-1069450555,378109212,-1224607943,1089600339,17893
1941764643,1057781675,-618555378,1187325043,-242105476,17894
-91896862,-1204571925,2050558879,1265261387,652252474,17895
-1228320102,-1015457962,1467963671,2030005092,1001134140,17896
1377983704,1460222234,768787226,555493300,1928308578,17897
-1909755051,-783073625,250358396,-1081903379,-183174966,17898
810273099,-1829313847,709649610,-219176787,-1680934634,17899
1193863653,-1277392684,-481504883,1341197288,-1812243403,17900
1315447639,1525102443,869378497,-1030480368,-305545833,17901
2002874999,1950180176,-275026410,575595775,1654663394,17902
-590112995,-2047590270,1500141000,-1750448519,-218351110,17903
-1958728099,-2079698113,-160810488,-1599700652,-726433419,17904
1432366575,-1818431807,-1952195119,370514714,1766626249,17905
-1197642740,594989422,-2014150419,1707097843,-313060620,17906
-586629009,-102121092,367671862,2021517152,-1545134845,17907
-1246458551,-2112174748,-1561162311,-1963138160,2014145018,17908
1665759442,-1116199294,-21916979,-1521992678,499123140,17909
1461252076,-804015070,-1918047839,-1940833015,779376184,17910
2108009707,1983794382,-2048910912,-76485529,-189996824,17911
-546926410,-1075951818,987374736,1780878463,1042135418,17912
-436390135,-1293043139,-818637198,367066113,-35343679,17913
301540150,-1342704521,-2093602517,875205361,-1347380341,17914
-42973536,972384176,-809415399,1809341012,-1263689702,17915
351181377,-502118958,688250479,547202291,-854677198,17916
1651349757,-108003593,-1063293972,-1748293213,-198858358,17917
-727493570,1841220218,1078117101,1419159131,-1520223230,17918
1504394223,625579100,-606266618,609398176,-1738909741,17919
-387376080,-1793630531,11330208,-1216773539,94739458,17920
1249989557,1941138749,1305041162,1210260370,-1518819241,17921
-1270675066,56994494,1299170262,1320164777,-824121812,17922
1102367242,-1858916215,-2086301311,465936953,-1842066314,17923
-271011535,75493622,1311420933,-194199016,1908093974,17924
-1672489963,806192982,-457998859,1965651097,-117149187,17925
991321967,-880611549,515504159,-123775388,-720544496,17926
1807537459,-220753026,1934800924,965087012,-79765839,17927
-1925545128,453388997,592481783,-1326104361,1510602105,17928
1596832923,-2144795754,-493036791,823679191,-1782668060,17929
30911747,1260386209,-364082559,-1426295886,944708793,17930
-1509427681,-788822334,-1314241069,-1688856878,-1462806507,17931
-1128028146,-204324438,146515713,-571697535,1904105124,17932
-1860970814,819569748,-496692667,1234129634,-317024332,17933
253000622,-1472273505,-1490007243,436120817,-1703426014,17934
1200464057,2022918688,745084361,-403404039,-143371427,17935
615633354,1777762661,-931217998,477188676,1783587803,17936
-474291611,-307198410,1688291538,-1682962197,807673290,17937
-239193080,-991827600,-2062618539,-481486037,-1769473562,17938
-873018970,-110435074,-2144854219,-458781446,1989286633,17939
-366697222,-862449511,261900624,2114335612,-1995924758,17940
-654045866,366267108,463593921,938463050,-426961961,17941
1325992258,2031048682,-692649122,1645741626,-1638819338,17942
-2091193415,758559314,-1424821604,-800631029,1778685590,17943
-2003206588,1484113895,480797604,-1477970073,2057486740,17944
301807143,1887824232,-2140551129,-1630233309,1917297229,17945
-1318275491,1648990498,1521420897,-1143703814,-1792312939,17946
1750012396,729400165,1254645657,1136058370,-1541043276,17947
1560453755,-570341532,395066093,-1346511827,-1004531698,17948
-661371491,-1042469773,-697748979,-366987365,-822490543,17949
-1704239907,-1799978133,-155323370,-795418563,-1919312043,17950
-1237256499,556099216,-1892597128,-947304577,-162434887,17951
-1239349440,1607256215,-74287988,-1842210483,-699389521,17952
1564363011,1015628764,872324738,1101722004,1196596528,17953
91690447,87510423,-1262208814,-885785465,430358005,17954
1466810586,-1550821658,-776847039,-1327705975,-288438560,17955
-605685861,-312432569,-835777787,1612998391,-396601515,17956
385322830,943885705,1043969045,-452329571,-711814060,17957
-1300605293,102507173,-861195143,1851170254,-603430316,17958
602042419,855571952,122315443,-1794960017,1339717900,17959
-2091346514,1204709704,-1500566273,92968125,1059367677,17960
1893834907,151611877,-1500274488,469062073,-1711158304,17961
-944411854,-1879741292,355283955,394400283,1179297831,17962
1421726584,1134086272,-749254352,-1465403451,-212045320,17963
-438451705,767596083,545389,-1925111708,-923752449,17964
1996084220,600300570,-1460697820,-1487344109,-1553399630,17965
1052721761,-668885647,411835486,1473603409,-311338779,17966
9225785,-199895458,1136831149,-1851626841,226174753,17967
1370646810,-1842943565,1477706627,-1440252019,618130669,17968
-1779841670,588040197,676719728,-928812368,-1009517827,17969
-887681537,-462326236,1450449286,-564868409,692560591,17970
-394120102,-582614839,-2056684675,1550857106,1321217630,17971
1659912989,-1374847975,-1616725866,712675171,-1469514881,17972
-121278553,-396375694,-2143251559,341779739,-536851489,17973
-1931262598,-1360088399,1565728056,2091611465,1454006656,17974
995947380,-1989314840,-1427091570,288233343,1696528782,17975
960076377,-1019644800,-528992813,1080648857,1168464557,17976
766514065,2011528142,891751515,477435368,-1125870068,17977
526292734,1310865320,-1567099122,628313796,-1385028975,17978
1037021187,-26592186,-344658506,-1933774309,-1395214635,17979
871511751,-56894948,1599228296,-986874353,333315751,17980
1843218692,-1886666707,330322458,-1134123964,1579520174,17981
-357310915,878826719,-1203689334,862313392,-57278946,17982
-316532191,-661134212,1986378028,1471059958,702728184,17983
1188349636,-1134733140,1733245895,-1141505964,868261920,17984
-1201149697,-140412611,689986706,1857372369,-1825624122,17985
-1460733300,661833951,-51557783,-1385937967,-2008621525,17986
487004176,1018766830,-388924893,339197134,1647187670,17987
306560109,-1344775123,768667772,-1638584140,-799762252,17988
1835056556,-1828058561,254674205,-2056315981,-1080027435,17989
1544727603,124782393,-1571452096,1270865468,-923967488,17990
1004115812,1774524786,1511341301,718014895,1886811945,17991
915731964,1793712944,-124863107,-1154597595,1460363528,17992
1526956831,1243511077,2096306592,-2009549759,-1837209597,17993
399721065,-672218486,-1971421638,-1466076076,1592458044,17994
-1194369735,-1446008652,-1515100519,-1766117191,1845978228,17995
1261670601,-608793983,-640923261,-722188191,-1629107598,17996
1283768998,-1605639792,247118291,150638745,850311586,17997
972636985,656834002,-1196335910,539655389,1343386499,17998
1525858801,619991191,2109770796,-1448548741,1374019101,17999
261970646,1668648994,-529080260,578043772,-1972461074,18000
419414465,-1036913901,1160689219,1639907620,140554876,18001
-1886536757,632428109,-1235286948,-1690938923,-59797013,18002
1810652439,-697404876,-896948002,-1426293093,2054067632,18003
-2004593793,1353322660,22827207,-1247316351,1352387238,18004
989272005,-1350697705,-1254687944,-1599941270,806684862,18005
-36425909,678237396,-1210369023,423161033,522225226,18006
-615068653,1617776565,-176368826,1338420742,1506773895,18007
-314692003,1063371029,-1868277296,1452724333,-1630238224,18008
354491218,-403896939,-943873507,-331402087,-1906952898,18009
1409442718,501314867,1075866944,-1308434922,862913767,18010
145101567,-9032829,449069801,-886776641,-1979154075,18011
212638756,-1777492556,-1090708979,-1388073580,-2146863492,18012
-1715134975,-2090713392,730016079,-1280928013,1351034379,18013
450844866,2048973642,-313696893,760654775,273332461,18014
1887486379,1140888902,-1227629660,1067523504,1666946717,18015
1840576975,-381320719,955573114,-1845020467,-1963343097,18016
1833871983,611707526,1594593751,-1783579953,584721627,18017
-1550406934,621991656,1652856029,1725271153,-1608851408,18018
-1654727200,-458813272,-179542725,-58174216,1440529754,18019
-1469540627,-1357456600,-740082121,2017431213,-703840846,18020
782469453,-1386308692,515400780,103795518,-30689,18021
2004510675,-518043031,1212401638,1769187681,905276538,18022
-300523181,870107336,217088530,-1932859831,2023310147,18023
376684928,1282999247,79974927,-1920127369,-66613033,18024
-733211736,343133408,-1940065404,933454400,121520967,18025
-294276187,1887683970,625626753,-480672782,1735482660,18026
-1539473824,-211074337,-223598008,-525456574,621208488,18027
-953733710,-2043631281,-810698740,-264749211,-974026832,18028
1544739001,1353897451,12968847,1970314015,526854515,18029
-1243632779,-314841131,-1592522105,1985326864,2045657091,18030
-1523479487,-158692784,-1267080650,-1683261652,-1113112023,18031
-155121067,-354489049,1899133323,1142099269,1517060094,18032
-1717681924,1437583959,-1277198573,-24040147,2043451934,18033
-1160417299,-126715548,-1083891685,-325676955,-1934814159,18034
-1975818083,-2027468674,-1994661440,599718094,172590501,18035
1270419450,-65507774,1442767865,1730221461,585232070,18036
1182767178,1244712448,-644934264,903870472,1631401714,18037
-19900326,2017434842,-992410614,2140226018,-1011720158,18038
-638761650,-1139129515,1183292545,-2017471362,1100193748,18039
954240309,1966120420,1653541528,1406002413,380088623,18040
-2140732169,1212346933,769816949,865152652,1354252953,18041
440403152,-264789994,211761898,2033019151,-486739546,18042
-60906534,1593168548,1845383875,1852407680,655719240,18043
1859247548,1900036538,1720727230,-790539695,784768694,18044
457074014,183852294,1349875966,753445980,959257191,18045
-1682917888,1152039104,-66480879,-1883532996,-1217709357,18046
462688578,-52496757,-328355940,-633908587,208967817,18047
300544540,-349069751,-1820923436,-1844934226,676681149,18048
-2083636012,1690236650,1138098796,921194746,-1753001054,18049
802798450,-1012826123,526285348,-60273492,-604942335,18050
1316377943,804310789,1522110361,-97779639,-584286314,18051
1253492973,-794949914,1668889415,1823607056,2145536774,18052
-1269892119,-1087902168,1112457758,-1141018251,1373665751,18053
-63244926,2008534634,-1391826811,1511160507,281107942,18054
765590661,-1431360530,51471837,787334277,-1631612321,18055
-855622359,-899737264,1391158047,796405432,2077775210,18056
1664418601,-1185212750,2110686623,-1894732555,-2056499562,18057
1474101982,134566359,-567593577,992233295,24043301,18058
-1114153401,-2054822979,-426892559,-2103369790,-1635879837,18059
-1154137952,1490488683,617213112,-858964968,-468183821,18060
50555633,-532235324,1412757029,546007710,1059677923,18061
-1875493236,-394765696,-1389063712,-1703999085,-43516317,18062
1747312184,-1203471223,-1867610370,1322705902,25276305,18063
-67379259,-1477089066,-1023275758,-1072042765,-1590075190,18064
1234401877,1576437140,771309329,-1316573316,68820318,18065
-1134052525,-951623982,-1380478540,-1199633334,-1017746538,18066
191279523,341089894,-1946194278,-1573942014,-258237605,18067
2146933032,423789226,-1971418462,758907338,-872293633,18068
1754569113,-1602857826,-573090754,-1789985963,88114933,18069
1649744400,-1441833714,257551968,-1032277855,-75337731,18070
1323068527,-533188201,845754920,527781613,-873109135,18071
-990202299,-1810911575,2105550218,-605174572,1281939051,18072
38393267,143346348,2110193821,-5371848,1080081301,18073
-1303031419,1520038393,800642610,333977091,-1904943126,18074
-946390744,-1195350665,-799830245,309434260,1272925039,18075
356081809,-1712913424,-1660401396,-1542311766,693846305,18076
-76888863,528109160,-2117725096,1382317161,-1725577048,18077
181689488,-454517658,-863031869,1728271959,-1086663210,18078
1887168395,1370894672,-410370435,-9125530,191824532,18079
340622898,236939588,892376163,-720249945,1429379112,18080
2096946912,-1189773655,724461135,-213148268,1488296945,18081
-842478978,1616009286,1564335260,-1439337112,-1094675005,18082
-1864046336,-796719031,-693801884,-1604667100,484954924,18083
-969402244,151772073,-1362463833,81216010,-1586040679,18084
2024171030,-1708390234,1880016743,428538601,-692311896,18085
1057038628,289456992,-1586641111,-1434483947,749428363,18086
-223200367,1478306171,762010106,1874636289,-256562639,18087
-164410838,1411222651,1654830937,24508902,-706077912,18088
-1195005197,969695694,940976673,1522088573,394375801,18089
-1019034350,709437328,-997312392,-285833272,1599848207,18090
465619417,-1239588415,-1141713987,-215935140,596476236,18091
1347625087,1573287384,-1515062794,1601431905,-693417024,18092
-104902596,-827262570,-504772494,-857975562,598346083,18093
315408756,-403242262,-761715697,-930391527,1620171904,18094
1873002205,-1169010686,314897945,-1739436005,-1251486299,18095
-840049165,2090535537,1052977125,680991324,-1332674770,18096
1062276391,573413901,-32408416,-958076078,1839906659,18097
-1917944551,-1290452239,-1667361469,-803632170,658802687,18098
1213277388,1004095654,1431289426,262505898,-1216275213,18099
-2013325563,-1932413984,1891495339,2142782601,1943246301,18100
-1999640211,-349004678,-643502312,-468388227,-568737563,18101
819586719,-1589255157,1077840210,1335894225,-2044393811,18102
594722749,-1464475057,-993323541,51856507,331227255,18103
2012960493,1791840903,1080108549,-2037610613,109764034,18104
1242766331,1717057540,-1666944070,-1766444412,-330745572,18105
633928750,2025684927,308061429,2034871647,-702402131,18106
131102138,666187766,-1615283002,1989039724,-103830287,18107
380780791,598392647,-1095216366,1226560945,1471919655,18108
-795152367,-791222188,636889332,370747471,-23582413,18109
-749197399,-142694173,-962835660,-1881097714,249442945,18110
-3483829,984076912,-1276173700,918124940,121228102,18111
1443166231,6003492,-779741452,1396203809,-399782663,18112
976539678,2019228562,1092033813,-770154327,873649139,18113
1745348036,-1940768931,-1232133066,-1865149371,1056892334,18114
-1671541853,-590106608,-1946771565,-1139300509,-2018749393,18115
1192888267,-910478183,1165518425,1694185584,26313710,18116
-362554824,543327736,1948443650,89826653,-1680712824,18117
2005855018,-1541369098,1599382910,-1510521048,-1668268694,18118
-1608039974,-1313304582,-830498733,-451803960,505747484,18119
1902675128,-1475824678,167576239,21603021,-1708039228,18120
584088497,-1427159860,143554175,-1277952141,-1132009865,18121
1059463577,1568918024,-117709655,925161222,-877503629,18122
-805756386,100404491,400999240,1610993134,-1655082708,18123
1196349945,-1688251607,-263001412,283396059,-1955407634,18124
-1178570126,1817466359,-1988201797,1929072543,-1193501231,18125
515947783,-2146325268,-758232768,-1238208537,1456069607,18126
1859133503,1377496364,-920147009,-1203592602,1406839488,18127
-86432784,-2110303833,783219054,-1227913053,1731231926,18128
1475453451,749523869,-2115478310,-284226602,-1818057621,18129
-74536187,113118672,879749291,-1946848658,-428806068,18130
1562486178,258055636,-964420813,941473772,-1744063655,18131
-2136835439,1031589559,-973245790,-501316083,-1331844036,18132
-1451320322,904706022,296152008,-1049041847,1550644983,18133
1814958584,-1738516965,1216998541,-836276915,-1872885998,18134
-1224544956,-1271302307,2098708870,240754762,-668641772,18135
-733434124,-1230557582,-956694115,432410726,1690275461,18136
-2071183775,577393136,1126921458,196373020,1197831184,18137
2013632796,1390066925,-970135051,-298795308,7208535,18138
518365947,37840073,-312398228,503102630,478651765,18139
-1795047888,814412030,-1989811718,-354582166,703925769,18140
-78324941,-788601771,-1298912526,-1338027028,1211525956,18141
-285097849,-939936385,-185468960,764043095,1659421039,18142
-396695571,92470021,687875514,-817922676,-1921155346,18143
-2054472278,-111017651,2034339856,1084577852,1054808584,18144
-167117764,-1196829647,-209988895,-984340452,2023409596,18145
1154501904,-187363526,-1969380620,1915342446,-1509804497,18146
1032982106,-1978673774,-934775991,-727938899,802551463,18147
680125507,-1094114105,-891431921,40032164,763450517,18148
-973390397,-1212913488,1429567666,-491149100,1697627278,18149
-2109187001,-243334680,-1110532942,121317666,2051965628,18150
852795778,-1990089547,585284210,-1162229938,-1465574542,18151
199169068,443006929,-1004374166,2085925952,-1464627362,18152
96974568,2031681680,348472363,1543364544,-27938636,18153
-1917402621,1293531079,875081723,-281572193,1798138169,18154
1247476611,-234212037,-1736588781,-1511927732,-1793629337,18155
-706484639,-310920913,-1780720122,706246951,117962899,18156
-1703395343,-1374772890,628465256,468720206,-1632817822,18157
-1373345272,1818502770,-1694853229,-364306441,1850658662,18158
-2125228348,1015668267,-750118325,-188389870,-1439710706,18159
1172242649,-1671907453,-626752429,1634654956,244075349,18160
595709467,-146328157,-620538011,619010897,946992529,18161
142993013,-1132179439,-469840,-1324164953,890129344,18162
-1106341136,-1645874347,-511157400,1453612124,-1751296315,18163
-298573281,-361824251,-391815862,-495567663,544748401,18164
-103223167,-324349275,-1957928697,1441900073,-802106026,18165
-1178177038,1041118749,965403285,-1481264210,-514520638,18166
92748894,-399081190,2088901056,-1659432244,2046546630,18167
479752217,-1313557424,-2118756620,1820544969,-1351217624,18168
901254002,-1318395423,367024531,-1008252165,-361316384,18169
-1518208473,-1043862308,-652047618,502203461,-1451476831,18170
-93549271,1068963989,-292971898,973802310,-425300589,18171
360678051,-783653751,-1939322115,80716821,-772342933,18172
1805822780,171272386,-1270067853,401246018,233371867,18173
-287707277,856815915,-116326177,-1997115409,333286835,18174
-476494555,-953661616,848020299,-1122080392,-2097075529,18175
344130586,778957881,323904038,465408538,2027869995,18176
681930403,9344555,-908404953,-992400787,1305929177,18177
-754041723,-463754202,-844958316,-1621065606,-362956761,18178
1130896797,1424670389,-1664754643,-1793947835,-1288640731,18179
-1507528326,-2048841394,-1981830082,388116689,75925451,18180
-1358532641,839315106,1667148489,-1316777627,-567424545,18181
-1143662995,1397937363,-882319911,451993430,1383994437,18182
1103622991,-327648101,-405132377,-1365653310,-1704002505,18183
-2044899113,-1174654950,-371894665,2029916073,1788642993,18184
1489834766,-2010069507,-351023977,-1906545498,-1665182582,18185
1696563478,1241901254,-373623833,-1087290532,-528156261,18186
148161691,2087825520,1877554145,-2019018592,-242307774,18187
-192477911,1764371375,1622026715,1805565932,-1847414465,18188
246949154,1173761949,2145534999,-521672643,-873011825,18189
-1311455961,2094568669,1410532240,637179378,98386454,18190
-463666936,725553900,1647268952,389506989,-441035363,18191
-146591141,-633230250,537562492,717462296,-2137316976,18192
457275354,2065307394,287046207,1740218176,658665578,18193
-399561113,1083523174,971035815,666100305,1981431895,18194
263928485,-587082018,-599031457,49941015,1685634956,18195
2010733305,-133127100,34280752,1723866569,-1088905671,18196
945510335,804411992,555231474,450835028,1143222629,18197
2089897931,265112830,-421017322,437051584,1181831044,18198
-844059037,-1039983442,-994544702,-2094919267,1170610524,18199
-1370830008,2025687441,-1899562555,350559610,674705640,18200
559712654,-382926765,-1353202077,-2094544864,81473418,18201
-707293264,2002722670,115704537,-1987335228,209619411,18202
-839836678,-1755323505,-1470373553,1242025946,1657804236,18203
-1363068295,716778239,-1289259531,-328015547,-1492745724,18204
713559843,-519351148,-1340663256,795837666,764117627,18205
412619762,-903475523,1441778991,-379046760,-671745498,18206
-676412874,721085554,794736944,179458635,-1657299845,18207
-1176291419,-719191837,67290516,1220114842,338305072,18208
972331834,882921599,257091164,-503097506,-1141767633,18209
-1936076080,683714146,2023901397,1284128870,1105682875,18210
-62906892,86712641,-606944826,-1480888596,-386662504,18211
1611861477,-1869505764,930911720,-1455348982,-1268357738,18212
-513256578,-1025449740,-697413156,1438433730,2017629138,18213
-497916379,657090152,1368221558,380113406,-1087787490,18214
-1466462873,-107417529,661499851,197295831,-1245916084,18215
1215135920,791517880,-1328730909,-102893702,1393195466,18216
-1764052384,-792713369,-1917728971,1797314247,-1674312075,18217
868914742,25085824,-115502470,-1621825372,-1405647642,18218
-891609204,353122456,-2146390139,1193516437,714373113,18219
289035610,-1645816970,1815105857,2142734404,118170877,18220
111842196,-32321738,991961078,-1199586418,1054712451,18221
1343184914,220477441,-694941084,-821231736,-620306969,18222
-1749459137,-907758432,-549431946,-53341459,1814332730,18223
1922270753,1094642747,1594767182,-1344248756,2068885787,18224
49056508,1428518554,-1341469914,-1157532048,-1233973685,18225
2103951955,811984654,-1252035545,-1892577662,-863880031,18226
-567729520,1434400225,342436020,-842238031,-998474796,18227
1732473976,-65011082,-35147666,375920849,-1137996687,18228
1528952657,1509741171,1094161143,931700495,1210184915,18229
1814028971,104443190,-420857272,-306560374,1283244426,18230
-1423415121,-810128867,-1949516965,-444177403,188074273,18231
-188598944,-1544653213,1001892727,152211783,-1062470287,18232
1014735246,-670216724,-503876912,-1508296104,2121577040,18233
1570895033,-1930878185,761336368,-1553230270,-430054905,18234
-1564868946,-863143984,-1880822864,1689875806,-1408900427,18235
1935034341,-608457414,513211523,-779479998,1430875299,18236
2009246532,2637700,8493440,-1087754483,930930436,18237
1062383612,-1591801904,311156971,1775774443,104839534,18238
1381108272,-1031623246,-1561042265,-1524120646,984009659,18239
-341187907,-1766737275,292126505,-979613505,1535696814,18240
1908767940,1883330727,-1967167868,-1011088567,-716420905,18241
-294381944,-275654908,-140033247,1869156164,-925100949,18242
1909756640,1953257716,-939463543,-1261101741,494554965,18243
-1345481588,-2017838097,345681733,1670835129,-2005243084,18244
-198900530,-601429704,-1859782153,475874229,946397094,18245
-1153023596,553299507,964290371,-260558407,553566743,18246
586210717,1171528159,1971160423,1419011323,1596367532,18247
-1198797322,-1009687658,869905989,-1397089756,-339606181,18248
-220839243,-1289720036,-1706419666,1335946970,-1382463793,18249
947256807,1838227341,666155046,97688519,527500376,18250
749354292,1089920156,-477330737,439733907,1878728720,18251
-549804681,1851868165,-587351520,-1443482934,-1577717292,18252
-128641261,-1182589318,2050140983,-1683509506,1523453963,18253
2115723910,-2055369016,-1684700650,336453849,1804957018,18254
-472722642,872054011,108153554,-457101427,-609986592,18255
1279358609,1715721081,2132698481,1448114119,-1103804030,18256
-241428229,-39270782,194464255,294885479,-1327122074,18257
1276803605,1763851491,-641983719,459632871,-1149638716,18258
1818727112,-952799473,64660221,-646751588,-733256823,18259
741969609,332065326,-1403161623,-545965351,350485854,18260
1385201471,1511532899,105937663,-157499065,1274125978,18261
539617609,-1629216211,-1963066302,392685696,-345080482,18262
-2004688025,1531941745,-829779517,-1112426805,-1094904605,18263
853605753,790448268,109538554,-1044978971,-945727581,18264
-935215680,1799177572,394541479,-680217291,-1235214761,18265
-888542145,1077613449,262106739,-1923739326,-440316969,18266
1849766018,173338410,-1949217083,2042480907,1039817870,18267
562051466,1786194278,1711699114,1180416993,101606542,18268
2100521279,-714503340,-531423250,852132568,-66236961,18269
1988980707,-534478388,689949206,-2094039180,1853217032,18270
1061989768,-1669012785,722255616,1323518209,1949431530,18271
-332332300,701476518,-151581583,1160623610,781198057,18272
-1739655264,1340419407,-2100395434,-488013710,1936039738,18273
1126826971,-1894356099,-170058485,121456964,987791345,18274
1462566831,-1747193688,-202610929,-866521130,865688797,18275
1868287816,-592767115,-899950808,2122599878,367734272,18276
1316661696,1071605698,1530546501,-1009602925,-351820471,18277
-1226902407,-1456685880,-351178385,743511258,740270131,18278
-1727451443,1440374748,-876697441,352553858,1956780299,18279
-858128813,1316690854,1692742476,217901085,2009167970,18280
483577058,1821143708,-68190858,1368917577,26622002,18281
1853022601,-1102278682,1438471009,-1672237450,959441043,18282
1073190259,-994838870,-601894936,1243660645,756547058,18283
-1190229009,1990635996,-592141566,547165372,-1123538593,18284
590712667,-169770601,-1751332676,580249019,-1870475916,18285
-1271557972,1565071377,2054341152,1303746378,655491924,18286
-2140042106,-1567117790,1432028148,1236500647,-401393399,18287
1881474550,-2072061229,852692941,1556288815,570243382,18288
-193800483,-1365525714,-2082853370,-890440166,1215683686,18289
1652255166,1019201821,-9534130,1141783988,1180857122,18290
-2003495470,434443560,-1534331462,1859032257,1696352026,18291
2001237756,-1904002684,1565879883,-703343470,-1525681849,18292
1304535455,1944336076,-613586054,574078966,925749683,18293
-817821314,1800369293,-1289777008,-102310298,-623703661,18294
-498760733,1184886737,1340698890,-1757227188,-1279812490,18295
-1836731501,-2061253140,81967608,821934117,-1116651680,18296
688841056,1505636952,-1124729912,-1157381463,372103817,18297
1603151423,811050895,1918405730,1481364132,361024758,18298
148708948,-1731367848,1951849894,-1372354880,-1459130347,18299
1111979487,778757405,1236825522,-1566735756,1040151623,18300
-1703688049,1800259694,-62236262,418148981,1349413136,18301
292520405,1387034184,505698022,-967963460,1945273467,18302
-846300651,441311463,-266531654,288511413,1955337501,18303
-2067717444,1545554562,1605966994,1793723731,90360290,18304
-1518054877,-1530412484,-1376140334,-1341074282,-863627564,18305
-1795590178,1150451162,-1988989231,-701212157,1506098360,18306
452483486,566004965,-1261909041,183630136,-2039960587,18307
1772645899,-947798450,353365265,-2113586665,1845060654,18308
-1770506716,51197183,1097285504,187860068,-1345720975,18309
-860824796,-221161905,-1326690814,-1064422376,-200584844,18310
1768828026,-969389127,361719700,-2084573582,729494533,18311
1408960601,1801014925,884676477,1177750098,-1932874807,18312
-111973109,-2101700879,-1220199983,1802820723,-2003814685,18313
-1877129495,1238463840,81213604,736733008,-563886297,18314
367111432,-1913525029,1570661513,438254827,-605124510,18315
703589397,-543183571,-837687491,-1974001258,-91111188,18316
83541942,-2063685670,-2139904399,-1326848518,1527723002,18317
-626651748,-242231761,-1875345804,-1939338149,-261110808,18318
-1622093340,-1546872376,1706422749,1323480865,-926599557,18319
-1097757976,-1175640036,-1292671725,-1554258782,-337002458,18320
1061199675,-1009761809,-1937291253,-466834010,-136285129,18321
-2119540931,-904556891,2027835541,108316260,810682029,18322
-1422341634,635753031,-624776638,1972756847,-2131783694,18323
-940490772,-461620285,250056601,1220240910,-1876669409,18324
970832530,1596088161,-131592946,-1812869040,-1632877733,18325
-461561931,1961374434,322223194,1578766305,-872107574,18326
129736012,-303374546,1045622343,1170636620,997678996,18327
1711490624,1833859540,548659610,-591758151,-567031935,18328
-1534851217,-1646699016,-1220409592,530274239,-1977139953,18329
199787231,-375186265,-862358874,-787800057,371314493,18330
1321579614,779328004,2100432367,-1094143881,-843666642,18331
-1330496736,969567580,2050131560,862411836,2112010471,18332
-178926404,-256629331,-2009009123,115121604,1338235769,18333
-2024571870,1351433324,-158748429,-1972878372,849874965,18334
-1670014628,1904305432,856513697,-1951888294,-1696225347,18335
-1546603292,144725919,1237526255,1860395737,-1857738448,18336
1244255095,-239895979,447016511,1641529478,-1707131919,18337
-130786466,840194152,-1178247125,-620645178,-2015545880,18338
254734203,-2108105278,-105166531,-264160813,203112564,18339
681622197,56084870,1189059179,-868139222,-1379482249,18340
1625983731,-822986757,1860306560,-852812841,1839761858,18341
-1610505679,1898645720,1409605355,-388452051,49164755,18342
-50885836,1697467206,-1970863199,-1909082797,940132526,18343
-1839182876,4267669,287964039,-1497707532,-1756504162,18344
66335052,-916122253,1627828924,-112403936,593037941,18345
-1247700135,1604318501,1211934454,91656260,436294684,18346
2050112834,-1565934324,-1324801170,-1109014516,1749967326,18347
108729576,-732510570,8197930,-1240758368,-1116671758,18348
-1866653567,-1912346864,415925216,-1810485462,691393311,18349
-1261754889,73012545,-1251584243,810724279,-1362578053,18350
-43302685,-2146952787,450325628,-1781541491,-1228650491,18351
499855987,-1932115522,-256224439,-1774447498,989641883,18352
-2132017417,789315350,895329920,-66547124,-1851783766,18353
-1099153706,2087092216,1871897134,1797344278,-1463342582,18354
-2056721878,-1208405844,617824200,-1550321589,533446612,18355
-42367770,654724121,-1997968133,-606384279,168288151,18356
-1992859321,-2716234,1586087889,-1070431952,758410320,18357
-2005811752,407697697,1026161886,-287860352,-53847076,18358
-1588393223,-1514640189,764164321,493411822,1819098194,18359
-1702020321,1000214764,-972767796,1509985144,1451381974,18360
992602939,566908252,-1728726161,-1367446355,-1457608995,18361
-618644536,389598031,-20607243,-1024179477,-196165739,18362
1595808345,-1690426394,997479756,834145997,-528691646,18363
-1190104696,-2028155757,-219428612,2136418280,177251150,18364
535615178,-500458059,-1392848154,-1851349046,952521347,18365
-1130482927,1629881329,-870758335,-386163388,695818380,18366
-1906406697,483824482,-1373572740,-285821325,1247234311,18367
-832205250,1094294370,-1463220211,1574390957,835719214,18368
1014038246,258360107,893155459,1976857200,-1726911353,18369
1112101964,-836051553,-848507791,479510342,-1638740857,18370
874365922,702657957,-946180460,-669035955,-423591549,18371
-341689201,1599052773,467189871,-951825754,-826308092,18372
-855422346,-1234977393,-1799937375,78650883,1704689858,18373
-265864630,-540277953,362321112,1065479675,1490169457,18374
-152080811,-710019501,-875781943,-1529264894,1787081541,18375
-1025050957,662727387,-1736696360,-545277912,-608045961,18376
-1616340718,-926823913,-993989398,-1308866342,1276516106,18377
-1113092399,-1609257502,-1621284095,-474290988,1339062639,18378
1936282351,-1686438307,2074814195,810783270,1906551436,18379
-1197045048,1236081618,2038263949,635019777,-1982679294,18380
560305624,138823429,-1290868613,-213994786,-717443336,18381
-398004168,-1557472363,1874890624,1081642675,-58240436,18382
1591708147,406916563,752374496,2007357539,-1267976921,18383
-1453166972,320280293,1084632276,1641065808,345859071,18384
-818224400,-94121060,-116331647,-730598573,1185711369,18385
2024611126,-1828547386,1235634352,1694210011,-1819543037,18386
-1297319821,742383641,260842547,278084978,-894342428,18387
2103637080,1373615156,-66709476,-27334398,912505144,18388
-43302087,1986296094,1612377764,1650541473,1372163554,18389
-738734700,2022574442,321900401,2030960285,789189481,18390
736052617,1899602624,1200720559,-1106078031,-1808513246,18391
764847633,-303599283,-1244547360,2092298048,-1369578055,18392
1779153942,483542581,-1659759727,-117473258,502485419,18393
162320927,-1498527507,-2060373257,1463402126,1810604370,18394
484537950,-595292486,-1436013735,1517855937,-1581908695,18395
1319460500,-87533730,793229911,-1175496501,1447454870,18396
-1595401727,-22549870,-857208360,-970720543,-451456601,18397
887220509,-2108729469,-1205575473,-922840011,-352705845,18398
-951699441,1960022446,-335902978,-1108334390,-446703975,18399
925707989,-2060073564,-1241985995,-1067848097,-1292547191,18400
-1665345349,-930742176,-157575698,-1123673633,-1460341231,18401
-1842409132,-1478623873,-1819142527,-181328903,461582369,18402
251230198,-1449507874,324566085,1154400474,1457613176,18403
-669701356,91363475,948879076,-1914236351,-242471307,18404
190768633,-154332440,-128304839,-1120581966,-315595104,18405
-1106372639,1456576104,1593141486,639031716,1430354695,18406
237297021,1296739546,36737179,-1135720099,965860209,18407
-380970044,-512532678,1348413736,710669566,156848643,18408
1907555369,1038928824,20572923,2136454661,-1690120279,18409
-314077127,-1947088272,1929846798,-513119200,-1134012905,18410
-4248118,437105605,-119416070,-909215204,1023470679,18411
666787271,2035602346,2054817904,1167923092,-1658997664,18412
378517658,-1737094218,2063255122,-468668951,-1600851749,18413
-1163589961,200340430,1713607668,-1849043722,1597125705,18414
-1562171037,-706814431,386794095,-1168296604,339147095,18415
664653666,1229077463,311931442,-1767914749,1765565495,18416
2030494901,-1767735369,-544933778,-1050335513,877900367,18417
-2033294049,33175915,-2053201085,2082361682,1975105002,18418
1166600666,-2042086372,805925353,-1980029831,933489052,18419
-2091039465,1543491047,-1696055847,-2130521982,1566544656,18420
-818210769,1908682552,-1350483262,1138936241,216426812,18421
753897726,299044896,546251317,1421760326,-79741024,18422
1136119656,1608216846,-1761436832,314242400,-2121739196,18423
-1957789013,693783112,83650876,1716516564,-263931185,18424
-1947841816,1033055452,-2139787909,1191738968,-2075242556,18425
-766876821,-1355016328,-63429912,182378924,-1414041651,18426
701195783,-512424212,2048467150,156920554,70080067,18427
-121925988,-1604874051,-587716676,1052711202,832545413,18428
-1768089660,-2033206226,1261849297,286237014,-258886106,18429
2118099307,1462798536,748221490,667528364,-677196330,18430
-985398851,-1646384423,-823644973,875806287,721846444,18431
1035992465,1360311523,725483107,-860450333,-1620487110,18432
1084437021,-1964725743,905980503,-231571244,127879410,18433
2041680614,-399599331,1254639567,1599783180,-1896756393,18434
-1503486788,-1904074317,335445665,-360045656,67560649,18435
2048804262,48431035,1030551083,-1285141848,289831988,18436
1494550500,1817056346,-2077127114,135254339,-549595468,18437
1313661605,1320067749,-1629252170,-902431525,1495780061,18438
119996076,-269636579,1085402247,-516944642,1384409849,18439
2017779681,-713264668,916527224,-135359016,202830183,18440
-1411477002,-1708794032,-1547952648,1495903643,-864016665,18441
480217207,-285682576,1849927179,1198284462,1733186072,18442
2093205312,174900508,-794588817,1649588009,1446333,18443
-763869254,1646883540,1328177952,32471498,-1056338250,18444
-2146408052,-1956225054,742744570,-623795240,1908733943,18445
586555013,2080154581,1287423906,786269730,1935573441,18446
48887335,2014579064,236383690,-1654664307,319222926,18447
-155215749,1562557214,344361306,-333692058,1516396845,18448
1204189066,-324824903,-1522942069,1975900818,2133412926,18449
-182990661,1571412086,-1370408964,-1963491675,1951106330,18450
-1680061270,65610726,580614313,-830813180,702368956,18451
435132462,1284449192,818370902,-2029653923,-675490843,18452
-1166339415,-1005390990,2097427693,-1269975271,1187990552,18453
-32631280,2016305303,1097561079,-973256554,-1160957092,18454
-257949388,-1956498618,-99168303,-651375051,-1749038742,18455
1698846325,-1676334190,875200813,761671595,125898907,18456
-2027760634,1967827239,574955942,-44509133,-316483013,18457
-1342448699,986303677,1208975382,-736237632,82455022,18458
-1702721689,-539769260,-1550670788,-343992892,-1263777317,18459
-1746266172,1254798809,1746276155,457993594,-74432497,18460
-999368496,612159675,-1664182401,1802707377,-1695603432,18461
-978110887,-1640237914,268308895,1164763162,-1416309678,18462
-2103995576,-128931797,-667061623,-12248127,2071652093,18463
625846203,-1012366832,1290217319,-668979672,-1477877823,18464
-1511066887,664478005,1361243455,1061247464,-1331561226,18465
595964353,-747297496,-871462712,1610359780,-1583352400,18466
-1559090462,-650262355,-352459462,-479175239,1313363542,18467
2009541362,15652997,-1082883902,390562744,-663151396,18468
-625724349,-1985719693,-1736538,-1324403973,-1730650867,18469
1184352250,1465818351,-1364154073,1995947965,-364215471,18470
-1353235550,-640995254,2012665515,1138958872,-75341749,18471
492692545,-455031913,697234193,-778232797,1852187243,18472
532587381,923450079,562522543,-1668082740,1516423245,18473
-563857602,1047291851,-146725461,-68863366,-1890057173,18474
1270958684,-1956956841,-266338937,-1864814689,1983090694,18475
1669257448,1574646662,1667834453,-463837986,180505186,18476
632074640,1256140081,832986444,-1316598682,1930589957,18477
-1610583340,348511382,1008843618,205418839,-1115021933,18478
-1983871987,643722135,-1002294465,-1384770033,-68061480,18479
-584740926,-1578770254,4114378,1790965113,-527021630,18480
541896005,2009187694,-26122169,1520670389,-1999089195,18481
-1766690747,1897160941,-494912093,-2073978946,-556633279,18482
-1409276242,-149494824,1099782341,162158204,1655198376,18483
-927265366,-1682494115,-1808707650,-49910123,-1156239611,18484
621107139,1767194856,-1108777439,-663496617,1139364748,18485
-324621650,113555633,-714223079,-1291795052,-1998082632,18486
-1818821145,-1536928636,-1596559738,-1180013568,1537205332,18487
1017684157,-764056824,553558440,1370350001,1562129920,18488
-1095514176,461700599,-709262538,-1586398247,-1920117381,18489
-2116125197,633054906,-1437987274,-1803216558,-1023735293,18490
-1884926585,840317334,-136978170,-1613993271,-446225397,18491
-1275044923,-1680954263,701361435,1776318402,1291924352,18492
1595085894,-1970178755,-1442479879,1095015690,-2036255745,18493
-94530437,-438385696,1114162656,-1284662849,917218945,18494
179542309,-1455472853,740244077,565460884,-158399442,18495
-1225752677,607650697,-574631643,104251460,-169853363,18496
2011556018,-195702947,402895492,-192772157,-11499575,18497
-529284492,850129013,-562171217,1689132132,-1416600197,18498
-1813127518,-883157615,318022129,-2143755039,-1994081602,18499
1275910957,-883107209,-339191760,-278480183,2112990895,18500
-1569410424,-414966047,-2074789719,-1491552989,-1167327883,18501
442449061,-2109743572,245791166,-1431855155,59094759,18502
1943313893,-287150866,491456505,1642840919,-325486170,18503
-1719007292,1629547009,366760125,253907652,1189413322,18504
-1863379839,1431197860,-236225738,-1436429162,-1364727031,18505
450132903,-1979949307,-958372696,1595961370,1604919685,18506
-1932939805,-852016563,-327132722,-63123441,-209723364,18507
-971907449,-741229528,900328743,1430130772,-153071044,18508
1683710635,709199782,-2099038565,1280013222,-1193961400,18509
332925168,754054788,-543313993,523754329,348664595,18510
-1469900745,-1400643380,4305738,1780037278,-1414027825,18511
-1396513565,2074315121,-1754245464,1563999061,-1647914613,18512
-1912737811,729235314,-514642348,440913377,304542339,18513
2038561267,476647121,-999007296,-1460329054,1940367090,18514
-47675441,-1571707284,1808130230,208574005,1432561523,18515
-33217466,894803817,1688433509,1693477671,-50020318,18516
-1466569733,1412983221,1609467452,1533678559,286700332,18517
1534300636,1104017297,1554789089,206970384,71589922,18518
-662056155,-1421848882,-696401476,2123019474,-1082846937,18519
-447309406,272458739,1016147164,308838884,-1040061376,18520
-1527994037,-1844114471,-272735384,-1184603699,-1658782373,18521
-1575421851,-1282474891,1582862443,777398039,-1891948060,18522
1594093981,1253631809,-557265225,684592748,-1130121092,18523
-1566890597,1539077667,-1591502659,929545250,2001768950,18524
879082534,1339142860,-1474430012,1192782340,644819332,18525
500587917,-675674119,1547790231,1053755017,1109218545,18526
-1653930532,1279826431,-271255339,-1875277409,-448098744,18527
510407118,-344977440,-762979204,-283145269,-733632400,18528
260702363,-628166309,-1585853501,2019878525,-1343798251,18529
1373121513,499467073,1477777488,-1019236877,-534238866,18530
155098094,850982324,402770416,-1678545287,1652340352,18531
1435238706,273037006,1528392943,1295927091,895412796,18532
58046940,1151663013,568501159,-357667786,1985270671,18533
1246885342,420276967,128963721,-1837384698,-1224689511,18534
-456605595,2138594195,356829085,1302330122,-1552012757,18535
737288156,113689,-557528231,1698494949,-588812718,18536
-1525244913,1182291054,-2012837258,1314201615,1628295888,18537
-1754026875,-86397975,1798289358,439610301,1464097168,18538
2116427359,1351206367,-1801409823,1840514908,-936243851,18539
-415833179,-824899239,769143925,-1021513862,375255127,18540
1241395398,-187468855,-444277848,-738203643,433226633,18541
1608942439,339365845,311290788,200097294,2135999362,18542
1617949537,1386921290,320272963,-2105139569,-652339731,18543
-291410998,1942520641,354237759,-1990273384,-1058962744,18544
2003876199,2099492280,-1728575728,1218742143,-988935541,18545
483582934,1486365469,1802064796,547727551,-1607216329,18546
877791437,1862922951,1387971677,1600474323,1470263861,18547
1898795662,160039495,-1348176669,1052947591,1509698584,18548
662563166,-1353594496,248623389,1406171023,280227298,18549
1838345294,375895756,-376981195,-1670986133,-661879671,18550
303508617,-1777796929,1112648267,1570163369,1357476303,18551
-496889447,-747134033,-885205255,-527358762,-361642549,18552
1613293194,-1575543248,1049065020,1758651136,1233399219,18553
-454038974,-476333643,671726302,2068317821,-1556673752,18554
-1845039084,-528757034,90347885,1284093844,-532459100,18555
-50140631,-975342911,169534611,170480744,-1256371959,18556
-1703209717,1981605347,1079987480,-319239195,-1172510705,18557
-510997579,2120183348,-818128709,-665756541,-1751584901,18558
1177567795,-1282686263,-919190117,1975923707,-2060219602,18559
1351902873,1667599887,-888182500,281745954,2000161408,18560
-197836732,418652866,-87173778,1312482930,407309346,18561
-1656869466,-1136002786,-2062174908,1605238309,976370137,18562
-1505164003,374462653,1356980239,1372207847,1758903166,18563
1500673193,420893744,1180231381,-1586920290,1623470779,18564
-145504654,432752013,801848107,-1617904323,-688440519,18565
1540317541,-42434498,-377072862,1665402618,163861554,18566
738671029,-229533271,-1161263723,349203749,1718244458,18567
870629192,-1003377207,1257303722,1158026982,1022215436,18568
-1854777338,-733523603,524313574,460295272,478955726,18569
-1522399179,410060342,-1139009669,-66234013,-937448469,18570
-1000372354,-580321255,689896410,340728094,-231723428,18571
1226722334,-1511547263,1926895842,843207053,1215085877,18572
366946808,1414593108,-1104828495,-1699938221,1676233656,18573
-1194727328,1526046912,-1172743572,-1564031143,2064972532,18574
-1093460233,2006900001,-905650380,-493935441,-26656261,18575
-1472274464,2008121170,833470853,-941016585,1414777405,18576
1696950485,1459173787,813285745,1677502220,196381042,18577
951503999,-1636256760,1644105030,42804422,1834625909,18578
34963596,-992560986,-1621024390,1808840617,1996077956,18579
1329072733,-2074047935,-495476299,453346933,-1859756880,18580
-1140711216,1283878482,-1306415596,-1393410731,-1969932166,18581
-262511315,-942403702,10479795,-610148379,1177491574,18582
-386725656,2107203125,569319214,-998344460,-635082135,18583
-1726430719,-904030410,1369733675,948597118,-1891856178,18584
1842181452,863651817,-1209081198,1672068577,-2101454032,18585
-1834573226,-1507480188,1923955511,-1640810630,1102261314,18586
-786663580,-1841335256,634435805,1490169250,1231490995,18587
173215793,613731584,-1815877513,16400084,-406042980,18588
-451218354,843947048,-182827138,-951791202,-2000878701,18589
-836997554,-976891209,-171646136,-610628762,1691528836,18590
42321519,-492174431,-1729155089,-1013782621,1309765454,18591
-173482081,-1455120655,-748794861,-129044678,1689025288,18592
1367057612,896249852,-1449481746,1642499918,-1627670009,18593
-530788322,369555687,-491628569,32393139,770036891,18594
-684858946,-330500152,-665158385,-1061629483,1914758249,18595
-1967019281,312768445,-1386402585,-94267864,1736708910,18596
-165801962,-942944278,1005590197,983488137,1813713644,18597
-1302290673,289549371,1365807511,1433584633,-1381401544,18598
1921188164,1183232055,496815392,-332755728,1677219941,18599
-1448366041,387021192,1909905726,1935419172,2028083353,18600
-1770264097,1731333804,330752205,-411344137,-891318076,18601
-478149102,239723348,-107159286,-32108430,-945153570,18602
-956192124,-1390373996,-1006237692,454808687,-1688546425,18603
756959046,1261786686,2132233590,-401543012,1481395403,18604
-13230539,279073529,1355878778,1914599108,-2030092501,18605
-592637653,508324664,-1751412325,-343232298,-1605808290,18606
769093475,-1612107733,-696280493,-696634120,873975211,18607
568218489,-2136640651,-2037840814,-1235412807,1992761973,18608
1541280528,-300872592,-1604592734,224109600,-2088022695,18609
677563273,-185955079,-361280918,306201845,708876262,18610
-370081752,-400369398,-374403119,-524270799,27518620,18611
-1330266747,-695452103,-2074436253,1297385524,1082930342,18612
-1363546005,-590909027,373901344,1405427978,-534934186,18613
26294515,242960348,90946081,437855937,-1756595421,18614
-583313840,-1303512260,-828846167,2127489660,-1579940457,18615
1989819232,1757038963,255276166,-1214585652,-1085715315,18616
814458468,664962264,-1963744380,73685641,1817751763,18617
1395225815,1734227767,300587349,-617317087,-926137968,18618
-858315270,1194716282,1063288711,-936794564,-1864429443,18619
1207492185,2063260909,-1820403043,-1320287056,40230925,18620
-1326199432,-798214862,-341651072,2114174783,-1845624078,18621
-338311625,-1557549135,532095809,1309359669,-15455381,18622
-2119882132,792186560,-1815720134,-245301360,-1730897197,18623
-1620328796,1947267928,-134891496,1904799160,1655367075,18624
-2043695335,569987648,-2006247202,1403539036,-463938353,18625
1231044137,1059565907,-583561097,-1566176229,-651362751,18626
375303371,-1896996251,792680286,2030171227,-913138446,18627
1728623033,195427559,1210023533,1714338729,-2119110559,18628
2084420568,1687398190,-2001228555,269092775,-39530118,18629
71481822,1179793116,-1512378248,814783563,581548148,18630
-2071156777,-1262421395,1855612022,1259156688,639040280,18631
1483315474,-2116251323,-2027344551,256518968,562285300,18632
820096388,1435437157,-1365577398,-994116374,-1163863093,18633
-878455261,1573683021,-354526158,-138767591,-200826203,18634
171682016,-66491591,-1842687514,-489522497,-1184931763,18635
-508035992,1339600187,-1613222681,-1645499662,-697551933,18636
178763321,-1369750181,-249445461,299807885,-453825285,18637
308950881,-1435968391,-453603153,1935592038,850352763,18638
207244709,25130563,-1362771207,-41613294,119697086,18639
1056905719,866666316,1581553963,1088803373,1483991498,18640
768580106,528416937,-663406804,-292146004,-854076061,18641
240842815,-1118523712,-835128842,1277445342,256319677,18642
-1374400066,-392920388,516643318,-1146926628,-799511467,18643
775767131,-510064022,2085250505,-287115799,-1951250199,18644
-215020511,-100072441,-1211728580,-1011861198,668023930,18645
-2001523761,643704715,1921389479,1711912368,886098506,18646
-624201515,-514487691,-1076021654,-1043342292,1440401650,18647
-292663462,1475402665,-1840547665,1914514728,274065519,18648
-1500828773,-1880826532,-728297896,1130549130,-2112027535,18649
-722979821,819425269,491611356,-124416485,1298503775,18650
-875198657,1985643848,714863365,-1311190520,-460024564,18651
-1008408512,-839711819,-574736366,1464288620,919349660,18652
-1579416711,264983037,1747115525,-1586757473,1076396945,18653
-508952865,-157347018,-859356269,-870183327,-2032734668,18654
231546825,1078443051,1405827688,502482862,456878501,18655
1844532955,1939892208,-1222493277,-2044868794,-1874544224,18656
-1517412896,-1071054555,-924679557,907256536,-946161334,18657
-300622425,-365160449,417982911,-1395270214,1231853011,18658
2051231149,1370191669,519050249,468652741,603523167,18659
765401531,1971531343,-1896414184,-727703187,971752222,18660
-901390977,2073923989,-2076929845,-1448946211,1086218792,18661
614674914,-1559813664,30930258,1108820132,710550409,18662
-1525187271,1695075223,-534379554,-1924139290,425916126,18663
1207737251,1534539302,-644710949,-1623147065,-868329078,18664
1825594042,-913214368,-872103966,1921702906,-105535019,18665
-1579732643,-1232221651,835832870,-785044625,-480773190,18666
1228093392,-1234870533,-509500544,1439327120,-1074058397,18667
2004853659,-1610080477,-1731277594,1609678921,399524815,18668
2021660057,-1423706221,-520198875,-612797739,906405655,18669
1999734138,-1370824689,-2084888966,-1554573930,1429713567,18670
1790040606,1242458980,1407441970,413914111,1596600007,18671
-244329095,-1744564254,1185647206,-1162030202,317033638,18672
1878829780,-1415326808,-1620093577,-1832000482,1909690986,18673
1495990920,1618130754,222141524,1522400437,-80871909,18674
-1557080068,2010934083,50476609,1580338831,1693169157,18675
1086494321,-1651691930,-619788357,-1032140462,1268835120,18676
-1872022678,-843165594,-255311023,1233327005,-1048071241,18677
-366766411,-1260867713,-523521222,-329263568,-1011791517,18678
-110380346,-1258805795,-1290656935,-1339167707,1708699339,18679
-388368859,1389224820,929003736,560805402,-2147280318,18680
1219832677,-209158849,1464162029,-531433742,-65421199,18681
1825973290,868953244,420533060,-1518578104,-1562078315,18682
-410727123,658181253,1854328416,1118131876,857701924,18683
560734425,-2144062845,-509385996,1012730602,2132488668,18684
1277608657,1255693367,-794603118,391648356,1409408775,18685
-372154972,-164209265,-1255940407,-697709454,-625347397,18686
1159730831,-391379197,-670864772,1686402360,1167729240,18687
821918091,-355508610,-643753098,-1679808527,563224040,18688
-119160739,-68206176,-967639991,-426069886,2093830326,18689
1389141325,-1633527668,1704269833,-1266800074,-767842220,18690
1302837529,-1819648780,-989691688,-939191522,-1782759369,18691
29373608,1744597557,581053921,-1897814115,-1598770803,18692
-789157786,535508483,408809074,-687594521,672736281,18693
-770327256,1969705677,1308693587,1333920033,706863244,18694
-622845632,340227777,870573709,357013013,-806443770,18695
648374955,2117134769,1189021812,-749516553,-1868886902,18696
1673585380,1385898716,1459835592,-59166483,577877087,18697
-2003005007,680809610,-367140119,306715143,-535175524,18698
1188171434,-400831378,1153684171,-146115944,1041655307,18699
2138170306,-256804963,-1912860704,-1230816395,-1873812224,18700
-690954783,-764615929,91360467,1837537818,1747162673,18701
1157462033,-161766967,-670799964,1882628988,1252080975,18702
-1243932152,78115464,-773853484,411436098,-1271365919,18703
-2118084195,-1884371435,2085176170,-989180064,1984483418,18704
1337900879,-387715493,-144716507,-342559647,1699759877,18705
1248870904,877465291,-441675788,-1472796481,1559707278,18706
-792165653,-1984549018,938929067,-1104712871,-1286260484,18707
1503749427,-483012488,-126114730,328977137,1442846410,18708
136494010,648720022,-1351270760,154186781,1251027038,18709
1911374595,2073622388,-1289459559,-1903780836,-2027696622,18710
1076742314,-1746874258,293006651,1290152881,-741019737,18711
1329493763,2079935445,-844511323,-1360871398,-2018480301,18712
2790170,-916564047,691583854,2101401704,-1163912780,18713
-534979316,1675729884,1244972729,-1367993221,-609910640,18714
-32348363,-727043879,-1564524492,1790334668,369667461,18715
-270009825,50082373,638404956,566926777,996545196,18716
1739563869,158000895,-78027397,2110794564,-600381153,18717
-1649054180,-1310721848,-845676945,-1014267325,-1665219089,18718
925601018,893161212,181269910,1654475966,1278719024,18719
368203380,-343066490,222464507,-1651247586,-406650171,18720
1941270720,-1059482691,1744787018,-1674078805,739068053,18721
-1946373422,703458300,1725344095,-845801363,-1244595736,18722
-874423129,-1317601679,-1318848272,-1426050925,-1942768127,18723
1168177403,1711663518,671748471,1656392285,-668703082,18724
-1071925878,1299178920,-1093024220,1891457569,744152254,18725
-1408316113,-2096221961,-702824972,1479285683,-421402409,18726
-1986267044,-1153282093,394152506,801401061,-1263565998,18727
1286893018,-334128116,-351398130,1057778448,-1393592723,18728
782051543,-1501804554,1558581481,-2085937242,-903783280,18729
1251505989,219241173,-507356106,-694833590,1906785707,18730
1621157033,-1361046458,-2041011110,-1240283089,-1336890202,18731
2127528855,-2089482659,1426148086,1879079054,-1589728388,18732
1081321228,-324000442,1909450057,437254755,-372251213,18733
318361945,993303749,274312428,-1218145204,-312343691,18734
-947485809,1502434657,1445810492,-130541578,35835226,18735
-752414972,-254243125,-1484645922,394454323,-1607939780,18736
-802713364,-992817411,2050640927,-326957432,410428361,18737
-733661428,1626318457,39668578,-146557630,-1714664604,18738
-661232876,1727953528,-1827452346,1146773119,-1694652408,18739
1808586471,-173198692,1828821709,1120208710,1556410819,18740
165629450,-2144210290,-1187170304,2116536775,1994487556,18741
312955884,1844406178,1187961809,-1074874518,173545272,18742
1534473571,-2057889069,-1065569764,-409456948,-1326105532,18743
-1490128213,287981312,-1633220704,-159935814,2080569820,18744
1651084211,-1661583170,884762227,262518293,971187475,18745
1072379715,1870584034,-511069129,-748014412,229195286,18746
1113731207,231999474,-1729621092,1090110555,232413056,18747
-1151867721,-170714477,2078310455,-587866817,-134128442,18748
-1809674819,-1547384003,-176648230,-287380294,-1335200141,18749
1752210704,336190208,-566485072,-190372600,-1469388564,18750
1490215161,-158353182,658243841,836355088,133328160,18751
1442720555,1627055174,1949111843,-288465691,-1703518754,18752
1862538967,1352169404,-1985751854,-1620905309,886322769,18753
-1375449447,1592165364,-1481773463,-1371788861,-1526848242,18754
-686538168,647581440,1092495890,-340006795,-500420525,18755
1601056775,-1646497207,-987610349,12783077,937430630,18756
-513470075,-1247035504,1712986283,-2010311388,-1804360666,18757
-819623392,1699391369,-623949971,-57913304,985118772,18758
-1514085992,-1969928667,1921778765,-1467793929,-1233243182,18759
1540399990,-1468847218,22163073,1550624904,-346844797,18760
1531422329,1940574121,-1664074921,-1263227328,696894685,18761
-1364279762,204948931,1934127799,-876767427,1471721447,18762
-329316560,-502392912,1714338250,-334068587,-1696821299,18763
1352655658,722315289,1793016772,527894431,-1056866251,18764
724739133,-1985331131,1544288732,-1189119019,-908192918,18765
-1180484827,-1440518267,-891628279,1400910988,-583476893,18766
1288077985,-1046547185,1291028444,-2117171869,-718671291,18767
-885727847,-932217629,1379904932,581126388,1317381887,18768
2081630285,789608312,-1083754864,-2095572130,-1848135621,18769
687277338,362337646,769089997,844644320,-71498493,18770
-1223435528,494579266,-1980738630,1003395444,-667479694,18771
2019349245,-1137419439,-700601237,856678368,-1055472399,18772
-1426252415,-313122016,1960097373,-2043252813,-1218887881,18773
-339138552,1983062580,-1567109262,693943835,1334853113,18774
27951033,-1835792337,945908403,772596510,755552751,18775
736152304,-2093976726,-22277326,284803059,1025725682,18776
1668799480,1823652192,-701853787,906613754,2144520194,18777
-1503057618,1300895786,-844362015,-192366695,1128472418,18778
745774526,152226323,1060514579,-1647880344,-2118744224,18779
1486456002,1846713448,-497032302,480740830,-891919053,18780
-99975443,892318094,-297202542,1515257035,1435637186,18781
60159769,-284401146,-100122110,-1231113560,-806221883,18782
-57875546,1458724504,-1518344132,-1374373561,-1528242551,18783
704791851,1476043250,1924023398,201389681,-492057658,18784
797361884,-719961457,-1643987577,-1766133936,-1595751873,18785
-1919781914,-688938122,1368513805,2067698694,444138565,18786
-554121833,1766152983,-2097177108,-2137635890,34211889,18787
816330997,-72761996,1013022920,-1058397689,419477515,18788
1358255360,-641127999,1989178106,1329357982,-69693172,18789
-1983345503,1390067066,-1219633706,140790756,1227540960,18790
163805628,2050729074,-476294998,614188234,-1951802405,18791
1756576741,-1539253626,-382676849,1173296110,-600322764,18792
-779015826,823399135,1473762400,-1263084630,-2135380996,18793
711525188,933938451,-1299208339,123150459,2022910146,18794
1833444906,131315746,-335850618,-2011101059,-1623058924,18795
1341776107,-1666984030,1873795703,1463443794,-1423611007,18796
-1346721537,724065511,1929282192,-269454041,-663423799,18797
-894920050,-1726257943,-203017703,-1393780665,-884343265,18798
-1371929791,-1915063306,672623084,1357038034,172735150,18799
952145245,-294954853,961819848,656069718,833857894,18800
-913685464,-528715155,494872487,1772743644,-2012769570,18801
1413447116,-497421427,412709949,-1833902783,-489759536,18802
835311340,-1243359685,1463343873,-1302273724,-980948966,18803
-374100860,-1613685565,-1819472879,1087440542,1048110334,18804
277871257,1021191377,-809269440,1974571328,-1671170195,18805
814738765,568701218,-1953489507,698768763,887034479,18806
-471813675,1021471587,375652515,1828133126,1705996805,18807
-242120699,1867043462,-1385737920,-1625076157,469982493,18808
1045003709,-927072569,1034320221,877350654,1792226285,18809
-1918909331,1216156139,1700923319,-1261899833,-885354080,18810
-1024133142,-658657691,1937852531,591585452,1516792120,18811
-328045999,279486851,729790653,1910501519,-1291537449,18812
-1712377478,775775761,1013973744,1618851981,-50832363,18813
1216442404,-2073245898,1952179529,-849195572,1942271598,18814
1265006589,-617539998,-1401974484,-281391987,-1759907840,18815
-1594706845,226604590,-162223562,-604659915,695837743,18816
1204057357,332016505,194940021,-2012946935,-1098479504,18817
-2012199618,-1364962155,-1518799620,1564368890,1807433213,18818
1704795798,-1844112580,2094757808,1939341809,-1152605213,18819
1571286352,-462235161,-1481824331,1802391614,-829756481,18820
-1660099303,1543013704,1989786571,-1596369822,931383093,18821
-2107907890,1810878344,1512227913,630540324,-733172923,18822
1601346249,-1223949324,-1841723748,-1896789128,-1454414587,18823
344061467,1779513180,-232394764,1506820908,193730517,18824
1198637222,-1563976016,542867535,-107771370,-1854031473,18825
341030270,1875116954,1610806787,1071176427,1499397346,18826
-311516234,14622263,1501845722,1646900570,1173888575,18827
1290268548,-1516445481,-2058000639,1505043272,-1770400995,18828
502704728,1971175477,-440730674,-1541704800,1875490557,18829
-847604814,-898670602,715696084,1968748888,439891835,18830
424375527,2073354546,19482046,848187277,912340954,18831
-1502652246,983246124,779729182,1902865149,-1633987849,18832
-1131398787,-562471533,-899501483,-14645092,1404861368,18833
-668742730,-1080736419,-1566015181,1656638930,291005029,18834
-96477968,-1838893454,-1784317959,-1949935035,912183719,18835
-1439848945,-557034858,-1398064482,-1211844053,1456359514,18836
-1549727423,1972763263,773650753,-585424528,-821359184,18837
1731050107,533025107,1071384258,-661971984,-1409240084,18838
-97844006,367519904,284273367,969605360,-1143171081,18839
-14600863,148197411,40781163,1693599434,-1310728651,18840
-620965222,844841844,234641728,1238741893,2019262299,18841
1284637791,-1269767115,-1648676721,-1737959129,1180378698,18842
-903971798,-2128979913,-1687522702,-510333754,-1830321368,18843
766999857,-568821870,-1458298693,206551376,-1119386240,18844
-1929720072,282142649,-1357489089,-319911783,-585924073,18845
1656005170,-1329974538,1641857343,1766945789,139776474,18846
332584719,1988802374,-633427965,250959561,-575967970,18847
-157860796,1262880133,1375991819,-693403774,1583049170,18848
803590067,162322166,75719139,-1884286732,213747285,18849
1990945695,-712433095,766498703,-714318752,-1902054890,18850
284194702,-2105079606,-1901885506,-61876548,644330553,18851
1737318044,1694101010,-1749319952,-75019780,1343881204,18852
-1422805886,-1631769990,1522471566,50147868,762757792,18853
1595652242,-2034653944,-408681194,-1210879183,624668305,18854
1914852308,-1485311481,1605303639,1783627099,-1058936515,18855
-448592529,139147901,-673228786,1047030512,836413735,18856
-236893133,1614267565,-704341392,1712789361,-115126337,18857
1202959758,12865702,1346876655,-1233920228,-1236894260,18858
1882173419,-1472714158,-1502118251,265870862,-1590458267,18859
-270459058,239328739,446548587,995891263,-1678245247,18860
911176313,2044750697,783160258,-48843442,79104655,18861
1971589722,423901483,181432354,880351996,1936527365,18862
-1977377358,1864613128,1084542212,-1134652769,876647308,18863
-5994189,983270945,-787418390,-1596068242,1420617288,18864
-1532793850,-447281181,-1396199161,407441312,-1107992513,18865
-510279614,-1988346278,599440648,-2064335135,2138073639,18866
1703637611,2024646984,898060201,-1876178422,1536030194,18867
452515932,-211715097,1008378472,1274473735,1904957694,18868
-257635052,1208141817,2076711371,-1549059315,607050777,18869
1527618361,1886542830,-1688486377,-816581832,1084105045,18870
1719558946,-968049109,-1126502558,-1180127225,826446497,18871
1672424740,324365418,665763372,-987648356,-170991259,18872
-749539790,2098230488,-955173571,-207580320,2063210934,18873
736174414,-1008046341,-301366400,918896218,2104501480,18874
1973028607,-16349704,-1447254887,-1151485341,913718407,18875
-240356741,-1890411808,627088131,-2026056455,-2084317712,18876
1887686922,528267221,1840971855,516402643,-244930763,18877
-1432792473,-1724321155,-1909275262,1369359367,-1181586009,18878
-1332725870,-657242053,2034418472,-1492953906,-135355051,18879
-2055399544,809631195,-1223629955,530821226,-788062716,18880
-323777030,-508260929,-1732804161,-1408449166,-716050905,18881
2121194588,859552344,659107677,-883953112,-635378474,18882
602887366,-754081936,1403204748,-2021281046,-1714721876,18883
-443991141,-1260029703,1645854677,1653717244,400946006,18884
-2049370881,-651360387,-1412086161,956924107,-1980967474,18885
-1057868100,-1000054039,1340852825,-2026827372,1790462666,18886
-515811782,-1257570974,-340973705,1267054847,-552347391,18887
1475427887,-708212255,335220387,-755563180,158271913,18888
-287693560,-305236286,548804870,-1451209321,-676478439,18889
831407023,485797889,652618841,-968380223,1608868107,18890
-1632644557,133975826,1930732282,2080298642,630650748,18891
-896154156,-826535517,-1641110784,-1024419973,-1941589877,18892
1562732599,-212413847,-399031071,-1208979735,-698321887,18893
929530113,2010080402,1732890959,506428153,-656415317,18894
1866389031,1987528179,-1191124920,1271326975,-790305903,18895
-907475791,-187237576,-431746712,-1476177819,1784874984,18896
1181265438,336770494,-847263210,-1065593339,96823844,18897
994216312,750996232,810171469,-1782774509,-951317543,18898
-1361786882,-208461163,224290395,-919624817,319694781,18899
1545646745,-2082566016,317184174,1843433147,1504384384,18900
833677216,770832775,1085646634,589601303,1703470486,18901
-449106156,-1745591302,862993089,503447464,-2086987759,18902
-643909862,1237730738,-205225165,-828238886,-417736075,18903
2131340434,1380684946,635531299,380074761,-1746364391,18904
558162151,553103068,742067289,728162061,2117947308,18905
434055891,-1396010842,-1336883628,2046916737,-448959408,18906
-1092179293,-626260616,1295100317,756608518,-1999452860,18907
-1169905159,-1576745778,41241870,1490820570,460903972,18908
2099165865,-100349504,-856403148,-1491648859,-120649796,18909
637485171,1038570373,816425700,36998086,652384828,18910
-1234756028,1844013186,-735245135,1324078820,-1124307143,18911
-1115974691,-1108005833,-1878458637,-475206373,1316984183,18912
1954000347,-1650770817,-405719985,-1946368487,-646533049,18913
-1654571960,-125273705,1206812820,-289604844,-2042005896,18914
82049551,1590374482,490119229,-286056625,1698527695,18915
-1948969700,-1882181558,-1142033208,1745383472,-389824273,18916
1476691745,-1472537718,33055830,-1503594075,1509881382,18917
539937652,-1533786066,406120422,1259298631,-2125624702,18918
-556587228,724722967,750700439,-2022419665,-711497491,18919
559102299,1865852096,1771106457,26572610,-487168645,18920
1146308187,-822303188,-1157127924,-522211,-849383492,18921
-1151748855,298989168,1094410127,260306924,2117301218,18922
1229346720,-498242439,534252635,-1371218804,1768405361,18923
1170019520,-1428505209,-179931736,1045949490,1150362377,18924
-436945345,257065867,743656164,-941024796,-1117699227,18925
-826373128,590178863,-244722085,926552975,7647836,18926
-1405859695,-1424901194,1562972749,2140273941,-1533052234,18927
1819333457,-489864542,-101154004,919210619,-651716023,18928
-1121242021,-1352427958,-820856443,-2121849259,295083650,18929
-793091887,-1703997431,2036447462,-460301463,973642837,18930
1616678229,1646142324,1393182225,10348484,-2145483489,18931
-2093376667,1615890547,-474011869,1521740695,2049627744,18932
-263327248,343538260,931312446,1363108322,-1925296806,18933
-1238908855,-1929777694,394979894,-1284153576,1024891409,18934
-700362374,-388037795,-888379755,448815942,-1991534800,18935
-1395291017,2023275054,-442151338,-400484082,2112789577,18936
-2049189143,-1385622049,-2935888,-366188205,125132124,18937
-1180789784,404517421,-1339368703,-1045123064,-34395976,18938
-197910919,-1765951213,37196022,998321366,-1538163810,18939
-1972319524,-349029561,1250729206,1309557116,-926013284,18940
-246090153,-972503501,-293687064,1740392438,-17456234,18941
-615599131,-1757113819,734821194,1588992731,-45414186,18942
-1425922277,34806979,-380220924,-2073601627,1246759026,18943
1827259931,-1161934755,-1342189446,573581078,-698705942,18944
1485923228,-1109241551,1543828425,-1818484963,1094005080,18945
658212122,-1991330726,1343287948,-448387691,-1047233895,18946
2122639839,1081244382,731887509,-1797112161,-1392738873,18947
358515505,2081014883,-1263070516,-871267738,526010150,18948
-1085815972,-1613688057,-963002406,274444389,18298163,18949
2075703604,1427472451,-1500702702,-1107961722,-889402327,18950
1997931472,-1807168574,1315663674,-135529675,-1181955224,18951
-244486350,-1084405846,1315833932,-320600009,1330069657,18952
-1657649447,728323246,-1965853386,-1883107117,856377843,18953
637695142,1555638832,-1476995581,1899384637,-1603403227,18954
469202267,1087216226,-350202950,-561195237,1651071074,18955
-1543776009,1520541585,1541360531,1578089901,-1898835860,18956
-275385126,-598030479,-1690676859,-1003545188,494453664,18957
-260031979,430250007,-337236516,710131986,1257440307,18958
-1356010907,-1756207433,-1102013210,-279712272,-1936263674,18959
330796510,-777990860,-1694955759,-257366591,-1865235468,18960
-924548983,-762200668,-588501293,86193863,918225000,18961
1327787026,-2122552854,-1757808690,-367901375,889179609,18962
1724351909,-1113749551,1317396031,2060361975,203951405,18963
-726107745,-1169018985,-878193853,182234549,1018529130,18964
326363492,-510600640,-1623992181,-1945855647,1171180280,18965
-735894714,1341940381,-556652624,1005856036,675490352,18966
-986920664,111802940,-800004888,796931662,1777914330,18967
1127228153,-750201659,573881631,829138471,674711214,18968
1031489290,253543979,749129998,-36375007,-109577309,18969
-1330029275,-2124676345,78869089,1548025536,1093141752,18970
-1466795234,1323794734,-142073897,-526354822,2069513940,18971
-1668224638,517257002,1093312188,1555371605,-687747113,18972
-1404157709,2134751822,-1846802674,1320883334,828391302,18973
-142119985,-1290883596,-929436876,-2029035824,-350535849,18974
1360696046,-1705772872,254887528,-1314212636,-303488256,18975
-415614644,400295034,-1333027825,-675447227,-1276139012,18976
1724355596,-1732028066,1832558785,-1763267622,-223339809,18977
-34032368,-1640887002,-1050522591,1114774479,1098434136,18978
1952911424,1523683865,1134575660,1152271062,1383162090,18979
-2144660016,-723894525,-1116846624,1448197225,1785504274,18980
-1491917532,-2030215922,-1642855705,677727214,1167534467,18981
-1311875006,1048955199,626912598,-489944556,-443180507,18982
2132856370,87632721,681740040,-1458888606,1329020078,18983
1561841756,586734699,1698580848,-1338283708,-2057741677,18984
-1255861379,-307367952,926976195,-208517220,819764439,18985
2075654175,-1932489697,-2081235365,2103352757,516242759,18986
1411445488,272598943,714081670,-970072668,-946322934,18987
-1439019970,564240486,-781046581,-1949930037,1390135892,18988
1456592079,1396079256,853178772,770672781,1475016809,18989
-17698069,-201024005,1384398862,434616212,1321777999,18990
-777238213,-1294450664,-1400188963,1965046640,-1238196922,18991
-1731655051,-699045352,-1825728563,1510626444,-340846737,18992
-901439015,408033222,-1983526991,-620447714,391086722,18993
-1031825651,211427390,-312276105,680691713,-1998415743,18994
1725810704,1893669002,-2057548598,-1223391150,-1834485906,18995
-1470960000,1468813937,-122503489,-553982998,1730380009,18996
505625059,-2033265913,-988376085,-1849071027,-1669945336,18997
-938256822,1194107679,635885915,-668346607,308445806,18998
-1639805446,-842165126,-169176353,1457379795,1948893865,18999
578816038,-834047973,-256620159,44201623,280567385,19000
1524322884,757271332,1076536906,-712484954,-1218569110,19001
-1085791975,1821892152,2115277894,-1406915428,-225859972,19002
1513991026,-290456126,1148568751,-1888386696,-1513605803,19003
1975114783,347749701,-1230330978,-1767525850,1783839677,19004
99859958,350690857,-2101662955,-1790290220,175640462,19005
-1193942871,400709027,1814990558,1296994443,1448622126,19006
-1325785676,-1142486686,1215343435,-1251395648,150576942,19007
-722495772,-488394569,235108930,-344552505,-1118447370,19008
1231857775,920842708,532322280,-1809806045,-355168223,19009
210786441,1189651964,303876946,-1503985656,-1046648806,19010
-1836067852,2127793461,-2102163721,1508420369,-1584709119,19011
-1286036383,614765811,-220159890,-175870136,-2091703721,19012
1841378351,-586784598,1312807649,499311346,1682414469,19013
1509485403,839690370,-1260597190,662983681,1440321779,19014
69044946,-115133760,1913293555,1170111845,-677957943,19015
819219011,-20954120,1848573280,427857325,401413992,19016
1850891945,-235030577,-261411850,1800887655,-1293915716,19017
1989367509,-310174180,1089277503,952177306,-1428733088,19018
-331251558,-1884174282,-1127705762,757088594,442679443,19019
2060404263,-474936586,1415812102,975521382,1002612993,19020
1116063482,-1671914058,883878032,2141751533,-1562969454,19021
-411308626,876498253,-1301083956,-345291208,-2018510230,19022
-1152923653,-1749702446,669198966,994092695,-403105256,19023
1409574171,-1399456021,-1019325728,-13792810,-1679337138,19024
210758953,1337022133,475773287,1269310560,-570629834,19025
703600952,898860817,567136715,-798586672,765065341,19026
-1349158500,1806154481,-1748274977,-2089042811,1251587585,19027
1781887801,904709226,785641286,-1340558820,-579448850,19028
-1039612993,-817483018,803855900,1770429214,1139638854,19029
-44626981,1425228732,-1298991584,1429337530,689019494,19030
286047295,271159995,541169402,163827389,1634459392,19031
-959611774,1831118718,-1155603769,-1795934162,1234722600,19032
-267018368,-2135926278,1368068849,733979188,-210185004,19033
-316912647,120905218,484859890,-1820080300,-1523347975,19034
-506202086,712901560,571780132,-1963169553,-148672327,19035
-1017758830,-357640044,-886760632,-881096646,-753461220,19036
1446007228,-1607450945,-2115420656,24823192,-945677392,19037
-1281086002,-598258738,106383674,852200502,-76715643,19038
300624802,-1426372009,2030731479,-1549819254,462195117,19039
1322940846,347833429,1261303425,446270604,1356770568,19040
-2031128069,80575579,307163667,-1578287701,1615445706,19041
-227947571,-1631218451,-637454556,-347202851,836874050,19042
1433407975,-1460916599,1484655808,-1923973571,-1701083499,19043
1690375209,452799874,-1097899033,-1104291270,-473763226,19044
-1539934555,-1058637018,-533185975,-467167748,-1918707315,19045
1511842121,-965221808,1696414927,-676398893,-2047954584,19046
-939070443,-1038916934,-1737611868,1723905595,1642867115,19047
1259023677,404724490,2088979861,-266912654,-627887453,19048
1866447510,-1205341330,-1926970016,605465349,1449497964,19049
2033844397,1011481174,-1890854412,-827458167,-2083995222,19050
1769977859,723443968,950044279,-685214587,-78718760,19051
-1366017553,-707331565,4215457,-1303312652,96102333,19052
1805690491,-11122331,1810080525,-677730092,-1532209257,19053
1268232642,-1203700725,-1583775132,1792358258,-159118838,19054
1466147934,208638484,211581837,-1245566295,-1706011655,19055
-1657216430,-207377324,-2101928050,-1850526038,-1230188769,19056
768555500,-255616509,1119715793,-81470413,519761821,19057
-2100700221,-1880534205,-889063662,511173795,1734549751,19058
901981148,-1450703627,173936898,603216390,-934063726,19059
-579550511,-1371678550,-77948928,-328307933,1096468289,19060
1826486260,1934214375,-1314139856,-1942759422,-52154027,19061
-1096154218,-1380101281,920668445,-434935678,-1259310568,19062
1372039035,-1888598057,1415923438,-1804374040,1901832199,19063
-370748483,574018954,-1041783492,-444159704,1133672332,19064
-1884357704,-212620923,958842778,-1856314427,294479511,19065
1025688325,2024917133,1216885438,-1804997721,-31000960,19066
1407788817,1112636170,209163197,1399152258,348463155,19067
2064274528,476943544,822932408,439646281,678578119,19068
503117587,1922320897,2127716137,1766732591,-181109758,19069
1410274928,628051165,504828740,240029092,-1116056865,19070
222407344,410792977,1762077414,254002387,1430375439,19071
950962485,1580284415,-1412736569,-715982296,85035355,19072
2001272571,1437650286,1156831680,890236346,639945896,19073
-1096865955,-927738433,1103719460,1338738960,1053683461,19074
-1998974801,-1430856978,-332812503,-1333124833,2142321182,19075
1329098526,1002828522,-1625230339,-1981008353,-683126743,19076
1515902152,486415630,-473179592,-1940985612,1571088604,19077
-1170167902,-1817272198,542894666,2075050953,-1339055815,19078
493168438,724312338,-1899046089,-1624943208,-1104054639,19079
1759363367,1816034172,-1079360430,-1146411989,-1580561054,19080
-1792446050,-1278385994,-387378040,1453411395,-1182008178,19081
1216585889,1895631984,73333855,141738272,-8263721,19082
214770028,-950104289,-1598214863,341825659,-2021130417,19083
1749004046,119131203,571218276,320524561,-585713453,19084
1696284780,-1034065743,-1397541732,-1925723063,-2142700113,19085
-141985757,-980258174,-119422687,850189427,-1590298586,19086
577236895,235611811,689408471,1134424631,-1089073541,19087
125318399,1579687158,259327942,614148245,-330997248,19088
-1173560728,-1374023941,713018937,-1694594845,-1735377442,19089
789885636,-1840960460,-1582318921,1000652026,2089660922,19090
1753484430,-223604146,1097857239,124079077,1438066992,19091
1735774875,-1843990259,428692176,1740716168,287586320,19092
-1676051700,-1314609816,-1057404982,81109007,65265995,19093
-497275435,1195309789,1027257296,832533629,461979413,19094
542599099,-704083932,1608657405,1874960394,-632569660,19095
-1331906213,1151802392,1729737726,234563712,-987405984,19096
289017849,1381351691,-1453451375,-169682378,1855229855,19097
-487276866,-610040744,898652625,805233995,-377014517,19098
-598370289,-1939742025,-58341914,1886975265,1762531858,19099
-1056447489,-1620909254,1980230449,-811602558,874921520,19100
-241333093,803867070,831084899,1665771449,711035789,19101
-433116578,480050318,1436760562,-121664292,-1866751399,19102
1312123726,-1901186672,-289191582,460801773,1975701070,19103
-2143539844,-1362505454,-1404752347,-1933709230,303697151,19104
-936273403,-755424153,1623554639,-1037172778,1574476216,19105
2058823397,949804703,1862338782,-270660527,1673440008,19106
144850705,425698554,454234164,-1038051318,-390230928,19107
-645274539,1791669960,-706665787,-1030892257,-2040967793,19108
-849632077,-710395749,-2093805556,352810684,-838232367,19109
381577871,-1545786873,1311250176,-587213467,987944944,19110
-846615193,-1833065488,-48381493,1755053391,537168092,19111
-1829008274,921877133,337580676,1700026005,873124536,19112
1377659827,-1221938571,-1175566555,478257675,637943800,19113
-2060261731,254359886,-491338877,-1418921296,-362792378,19114
1730602225,636513928,-193597333,-440571934,1228713168,19115
-596112204,-531137289,-591770175,-129387940,-481927115,19116
-1194096611,1415710959,42057065,-1828129205,169447882,19117
599696042,814485605,2086352946,-1152082544,764306746,19118
1423124218,1941202752,156840405,1217300232,-1876280705,19119
2091387376,-1857004981,-1238020730,854406391,-1399940989,19120
-259318239,-982472511,552127427,119927073,-1190060572,19121
-919625745,-1297070643,-183533549,867031631,219092515,19122
-825797990,2068966285,-1157610880,-1054405568,-73627141,19123
1860423933,528997967,-1899425843,-1885019738,-735690871,19124
1006021906,-484811131,-319508558,1672757319,-625448151,19125
1372956500,-911414716,-566816833,-1594858204,-2110040400,19126
1094521926,-290767353,2001952146,-1402489832,1811659589,19127
-1271875928,-204024690,754939738,27653292,1130417038,19128
-143944251,-1495423901,1342678576,997860646,408315928,19129
900460626,2094186333,843713634,615373649,-643487464,19130
127725681,-926711005,-1374343239,329782537,868111155,19131
1009408208,1502698147,1267288094,1309305762,1730786338,19132
654619007,1665333612,1488799218,-1930085007,1736986972,19133
-18046215,-925221813,1610560223,-1042620139,-1678092092,19134
-833141485,1361624297,377834346,-1835049149,-31895547,19135
1155126288,1689732850,1244690336,1871669804,202788895,19136
-99690225,589171225,1683893771,-616699263,-1072909830,19137
96667055,-1480466677,1221755477,612258324,-1960402247,19138
-538024736,-1706615501,271592257,-306409186,-339132239,19139
1375134256,1023105376,-1877029714,2092412223,-1011248061,19140
1787474470,386977724,740540313,-1821239837,71127168,19141
-596637894,2146465515,-512288374,-152242945,-574505689,19142
-378090859,345443713,1583885620,-52356679,-1951360691,19143
-807093313,-1988761940,-1525590906,-1672602575,1126074210,19144
2059035753,331696366,-210273738,-1505951948,1331715477,19145
-324373279,-1641416835,921418841,-468127172,-1543220360,19146
-1021466874,-989615730,976002142,856717046,-1039236504,19147
-1564625805,1169938952,956829526,659755129,-889967105,19148
-1826894477,496092730,749213306,-919359200,1875810722,19149
683179436,1714301519,-905658061,1126416975,1970595006,19150
-61956505,1608091635,-809301734,1155231834,513646003,19151
-52074354,-1545367141,-1476270562,-1386814671,254031326,19152
1431874786,2116491976,-791857581,87790350,-6354399,19153
-1899563278,1574264515,-435758103,1619859917,59675568,19154
673950117,-462090985,-1826112423,-1774905966,1759564884,19155
1984717710,2063733616,1140181892,-799809357,-1566224610,19156
177943877,1232799865,690967279,-66282246,-1932055292,19157
1935027003,1674330187,236354792,1930769055,-210495175,19158
-891250431,-1363181139,500148885,337926275,511395775,19159
-865351793,1916282750,1558600472,-1017873005,68782018,19160
664853027,344940069,-2019192790,-451581726,189314652,19161
-1185361474,1878139748,-460858862,1916917716,-373494428,19162
1469949646,-634381624,1307774005,1699030190,785573391,19163
-611354384,610959634,-393832351,-1407208707,-1087539486,19164
-152052402,1993906529,1763857026,-1901565220,-560670486,19165
116212399,356584641,-1555971443,227027387,1033971167,19166
-370241484,-1057552087,-213035360,940535610,-1837228421,19167
1163880292,-1190238204,-1592642842,346686962,515167638,19168
-238142749,682298937,-599593139,-1546542802,-1623450607,19169
-330308190,-1102366965,-1424713990,1786171328,801509332,19170
1930172863,1371714619,1399472603,-589620136,-756750572,19171
1400250125,-2039785723,1315631539,-1650677015,1196524911,19172
1658520833,-711184725,2071643911,-1597484102,-1180864443,19173
2078586178,-1987494084,-935234896,-1224166424,-1533771787,19174
1609854114,1273734199,1968253178,1020218457,1405054687,19175
1940457707,-1208072315,1083416011,816502947,1268690396,19176
1747983087,1453730034,-592431990,642299039,-404212865,19177
-1119738944,1787815497,1945063758,877294840,1677339944,19178
855782737,516908980,1930162801,687940255,-716505451,19179
126200273,1631767910,222767866,-1018149092,-820947544,19180
-17546705,-498431437,-1732535363,-824986796,1512298242,19181
628999878,1238074963,510088384,1164482864,437609554,19182
2014284179,-1562936146,298447187,1974715916,45357031,19183
2116017212,2113831022,-1879478093,-1429979261,-2008206991,19184
-92390627,1416638930,1182537303,66488295,-91254375,19185
-542383360,-774490139,613705898,-1765526078,1317193779,19186
2126248889,328605145,1818195124,-1882505292,268077202,19187
940614303,-76844345,-1935272441,1164919972,198270668,19188
-1045019000,1138112554,-1976769894,-431255518,-367904160,19189
883214995,570414483,-439512915,38161245,-1140341607,19190
-362689096,-1857397614,-435277314,-460369305,1248383261,19191
1070762365,138896390,-1131308197,-1892925446,-1152909446,19192
1810501203,-2026216202,-1693335221,860225286,-1174851668,19193
769685417,1796419778,731728231,-1224428795,-1394069416,19194
-54001084,946695922,1201243099,-1140763193,-1255537106,19195
-602615802,-107587962,-108078525,-134199047,-797795190,19196
1032129253,265196551,-331361124,274003032,484812989,19197
451810430,-895980125,-522079553,-966759446,148114973,19198
-60300123,-345372088,1202822862,-2042782152,422067703,19199
1908097257,-347595883,-2061850729,1037692590,-828158161,19200
-1055111096,1870233554,-42347833,208031423,-297250258,19201
1969398113,-38118802,-895762438,-998119583,2077869653,19202
-1969890087,2025372362,-1850388663,-1428386561,2035161670,19203
-422660124,1123897494,1553597998,1420663197,650994731,19204
-1071392406,943311818,-624606550,2043523751,1784054336,19205
-1967174887,-2099365710,-853226928,-384366371,-429022293,19206
833246289,1963634756,-1397643618,-2015589702,2016675786,19207
619477183,1556776742,1849384424,1516054474,1560419960,19208
-524335206,-306068934,192718482,-1233683000,-1570803832,19209
-873087890,96136449,1403582384,-1334595137,1230468266,19210
-832661783,-432368053,-738774104,1146975446,1001736435,19211
1304064052,2747822,-1375147908,128483420,84228005,19212
543869711,-480507770,508198456,-1889659,1378628666,19213
-1024463869,-1809753474,-537633912,-1520926333,-1901320884,19214
-193337843,1637651988,-1563599234,-1193850379,221060709,19215
1760254369,-1683388542,1053754594,2128837501,-77817118,19216
291212776,-691124089,1052505215,515282776,-1032121267,19217
94519420,1725768220,493969729,824820587,-882347292,19218
-561088382,1837247335,1773173062,1963345758,-1802241890,19219
-877110459,-1972493359,-31874550,765427512,-1152368673,19220
-1284381669,1509780386,726976767,976451363,-124240026,19221
1518968108,233311890,746765700,-778895274,-707486277,19222
-724208077,-1173752263,-1241186126,-75035593,-680184616,19223
1124402393,-1849692227,1510129212,-1537837025,1863762796,19224
667029755,399461732,1786698317,-482501921,-1084202689,19225
1918981995,-345955587,-1207232633,554907427,-1434826445,19226
1472912573,1801974303,77303908,-6583315,-123389442,19227
-359099786,-290821658,385600818,-687612082,-2002618216,19228
-1204557780,1136490845,218361221,-1588833309,-883712677,19229
931647977,-1772639274,936933126,1781207537,-729951337,19230
-1073887657,-134767082,-47684278,-1926634227,-2024390972,19231
1097521022,-983475317,1936316246,1180889791,-1936835870,19232
-2033395722,-1188062641,713563051,1047101903,629954951,19233
-1385447662,-848314713,-729888984,-1627828298,-36275268,19234
-2030086161,391898535,815855964,656870030,973241674,19235
-818179613,-1799065759,5032814,-2054425667,2139575477,19236
-852628231,1079979559,1919829151,-582880775,26724990,19237
-233008552,1763366724,-795727239,-1501231767,149739675,19238
326518169,-1721511002,137987477,529272728,-642372573,19239
1143051408,613424237,-1898539315,-372944400,1466945787,19240
1491982469,-1780510994,-1588580481,-1100159249,1326097777,19241
944459490,-835260710,2127379301,-1719250986,2138269159,19242
531678206,-1842825143,1039026513,-708756375,1685804068,19243
608053508,-1346361528,1762029727,1604718117,-1914962192,19244
-542663170,1079531290,375613261,970564451,-485449184,19245
234557981,856124083,516076727,450372709,850228062,19246
-1185913346,84979404,-725715484,-330911162,-1157767041,19247
1966351676,1764646568,-521186709,-864072773,-2012622566,19248
512332820,-222328433,424775106,-1498057670,-1514265331,19249
-1904994485,-463059094,976037939,294601755,1681321703,19250
-1549261154,-429711426,-510072563,-2060924205,1840245316,19251
-908306945,-1987494980,-1231060889,175988645,-1856996359,19252
1891228568,1929521911,1981019313,-1792655147,2084202856,19253
-1798161414,-505466886,211893696,1329613366,-1450552034,19254
-846328131,378299908,1730904086,845838143,-521008157,19255
792956345,476348787,188666609,-2001894872,2011548051,19256
-1804381115,1171089663,-660634487,-1953945974,60781460,19257
820399391,-1186390294,-1874322602,-874593974,-236407240,19258
-500561868,738638015,1675683095,-1147580712,1078494720,19259
490550107,736937961,-424242238,1205482390,49913646,19260
93036887,1673460782,-224022005,-1847231066,572190519,19261
490781179,1204247328,-2139354299,-1941426977,-123708238,19262
1694996588,718999545,-1643964139,-1667398009,-1598469283,19263
65342248,1393201012,1331993089,1970146482,-31204734,19264
-1009824065,-1423504875,745338497,-1513263419,-380005209,19265
2117935742,2046869518,475842083,962619476,-756461724,19266
-1790463412,1840233210,239976953,-2076969978,14935631,19267
979016628,-799883821,1058216656,1148796510,1272218234,19268
1189135501,1503624074,-718050554,-957198068,-900550061,19269
-63344410,436958831,-1311435574,-1554776738,1644076566,19270
-843785574,1458096028,2002997702,315051437,-1631399559,19271
-1751274053,-354309173,1702847519,-526876776,-1498110023,19272
1502967197,2037918422,521610060,-1516984778,-297094543,19273
-1423491199,-1662423488,1556655239,381874060,545364629,19274
1923182990,-423867320,2144826539,1875785095,-1239801382,19275
1203821631,351624852,-778407786,1221572105,782775562,19276
-1140130914,554317005,1988098871,454817081,-169037426,19277
685246783,1087216934,675583785,1669091360,-961930752,19278
1544831305,-1659713615,2001764216,-347543583,-952664636,19279
-863479108,-1292535783,-517858159,-1618061318,-976321078,19280
-1307553958,-1200061765,-1732990442,1595438827,-1230057949,19281
2101344396,-35301602,-1187774894,73317221,-2117514396,19282
299915302,1436864081,-419500348,333453223,-1788469219,19283
-1504478069,103689403,925201397,-1831812708,-1654793685,19284
1468199424,-27908488,-740882275,688142075,-920244759,19285
1187930673,883138866,1656039144,-99109849,2115703048,19286
131399635,-1061241726,876801235,1799485065,-592038545,19287
1160995223,121292603,-2102374477,1188575997,812035367,19288
-1926593131,1399844250,1094406063,-1898631235,1619820065,19289
-361587714,17575860,1230808563,-375286882,1875564648,19290
-1195486026,75534041,-2121090761,-1119407159,-935717335,19291
-1325022560,1459994099,-473034931,-147491074,-1649277794,19292
60460136,1879172453,271025558,1951421561,200645121,19293
542646315,-1493030632,475833151,599147727,571404055,19294
-2140348216,1047190680,-1475214114,-1878054427,1178347773,19295
-814041884,-1196392963,1528975430,-1166854671,530932052,19296
-811261311,-800576555,1802967610,2016588316,860271413,19297
-1274931683,1692134047,-1501439733,-954590569,825274229,19298
-134762370,-1332962182,1153541591,409308442,1521672458,19299
1812996515,-1349362110,-976879929,-1121932350,1392431798,19300
418216248,1392816955,1858281778,-1113986951,1503440307,19301
1234943868,1145239714,471206099,673950143,-149016535,19302
-692509836,386937266,445964280,-612290911,-31611103,19303
879510975,-1416201420,-1978977988,1941279203,659975752,19304
659625096,1850739933,-720615557,1274238787,482231523,19305
-929243043,-469653073,1488044810,-970943444,-1785392988,19306
1611506408,520349823,1695214608,1519320271,-1960585143,19307
1199286079,-86847156,2138741326,825583626,-7098943,19308
557780521,-670290165,-2035758931,-1397010027,-1577791872,19309
132279278,-1522162777,-1847383568,767722049,-2138708454,19310
-1374861811,-100268564,-618405877,2102478194,2115591894,19311
1582824949,-912768089,622719782,423238265,-1069196160,19312
-279097645,-1575843955,2080007796,-1215721532,1698380292,19313
-491596709,1721152838,1777079063,-1036503652,-1658175823,19314
-1576652056,-341923879,300413517,329537042,1799088904,19315
532949314,-1369430156,844204139,-1838858729,398829336,19316
-394556738,-23429338,-892079149,2126244363,-1097183139,19317
-1687821904,-195057871,2051552096,533892873,-2019811459,19318
352068203,1876246027,-958150456,447351387,-1818866725,19319
674629384,-1212150558,-847305354,-1253684270,150607793,19320
-2114514842,493382646,1895870187,-1793333107,-1047432400,19321
720590413,796376934,34573980,-487185496,-1221567844,19322
1481689058,918429216,1540562132,-958318717,-897178979,19323
-1069507914,-1893653818,759361163,-872039290,-1482700092,19324
-598229419,-1953070081,1438947612,77382267,1017871604,19325
-1667258388,1265894821,-1813021041,1179858147,-333128420,19326
-1893290545,1820774490,322046089,1499533767,1696342587,19327
-1850824304,1152863106,-1556826165,1722976061,-1389685425,19328
186245602,1174475959,1983086254,121960471,-1331502198,19329
-1357361180,143874533,404757595,-362815090,456062804,19330
153895637,-1926191918,1473487421,-772399288,-11254158,19331
-626944537,1496392832,-874305044,-1935121105,-122083378,19332
289469037,1819231308,-1606587243,1826333200,-722375868,19333
-1539853289,2127942384,-989531700,1403043234,1717357554,19334
-1983722062,994464896,-1465494322,1614945254,-1965091761,19335
-1008064664,-2067370114,584351494,1604392271,-532037808,19336
-876369836,1932353147,1654465300,635370533,324634458,19337
-1018217090,765139797,-1906154784,246142872,1711449782,19338
220594244,-342553010,-257747504,1303153368,-265120149,19339
-1352981704,-1952142849,-461695954,228344737,-1334785458,19340
-930965409,-611835056,1725188019,105605600,-1345605971,19341
-752948325,-960709324,1795476989,676127616,2077503589,19342
-1038023711,-1657320653,114942796,-1998805491,1303765554,19343
1974621587,1661859641,377754800,1544406555,2127335273,19344
-1805734826,-1168446348,-646854184,-555617065,-1696582093,19345
1620570611,1509482259,357473424,658125371,2136110978,19346
-2010158971,-1988489370,-1807122442,-643416928,-1581847618,19347
-1771189640,1115455792,1993022880,-1189272425,-1542892150,19348
2006089196,-1927849502,-270320234,693123202,882836941,19349
935759639,-1779803237,2005233093,2095575438,-1997933731,19350
-1194946864,410546644,1211010873,-1711745961,-866602619,19351
-538042478,-431940585,-171885279,1442572297,-143666277,19352
1742778950,-1016813901,1378191507,-908159454,-879634081,19353
1381557826,-1189776231,106879739,1692268339,1690897967,19354
189222894,-1036903139,-814375144,2140197888,-169119871,19355
388041962,906487837,1463930819,-1514167781,-1939703433,19356
-446414315,750071595,-487613353,2084050243,-91873515,19357
-773466555,1233518981,-715174639,-1614385903,1905394659,19358
-1755457367,1708841003,-1122693533,1804326008,270325540,19359
-1606607488,868756132,-398247280,1182400177,-1175707671,19360
-886395238,943645024,934267770,-1633925572,-370923795,19361
2141240538,342566682,-465461676,-84617704,-1691225172,19362
746101616,557671319,-1856748149,-2107285986,1489230258,19363
-1131047137,-2029953660,-1567490383,567000747,-1465666139,19364
252319557,-647819050,-2147275764,216143011,-1229976044,19365
-1534906458,-1770129254,1168352618,314885798,-825168322,19366
-178961592,-495822449,-1169299517,-826964134,897494981,19367
1646732478,-528562685,963020179,1104619966,1309910555,19368
-1999995575,-1799559305,806865481,349636880,-28951091,19369
-67190166,-168084705,776673135,-2098610162,-454148213,19370
737468632,2025775684,1443057403,1769030500,-1643272842,19371
1289935185,-299989291,-586219394,518734632,-2084523879,19372
-938947040,-1114999753,1545358584,-1234601356,-413803372,19373
1694009290,-300898513,923462376,366910515,848782725,19374
407313793,1318291037,-412546038,1655342208,-1789973799,19375
-1312987854,1261840364,525873459,1705189294,1599111087,19376
-714140433,-1695128615,-949612257,-1020010847,-289527952,19377
-346785434,735794986,-668167621,-1701600983,-691226805,19378
-1022548089,479796542,1765583273,136883922,-127081136,19379
1936120111,-514387499,1379135947,2005517708,650947776,19380
167007051,512853643,-251519437,-2056014441,-1994724162,19381
2127016386,374029731,-1443396466,-2096784256,446535283,19382
1487574523,1204449934,1924832563,-289057352,-406425309,19383
1122420251,705365555,-139858231,238490466,1130869583,19384
2102990405,547815742,-535796217,-1921389948,-238244410,19385
-1459133775,235629371,-1745209407,1284005201,-968496919,19386
1952543944,-1930715960,2003620484,601621777,1548765059,19387
-606017218,2141736813,-1048755193,1056716904,-258616236,19388
1881765176,138319723,944962207,2031243874,829175269,19389
137763283,-1208614168,-885309394,473421881,-239905495,19390
1744246093,1800922813,-1190406963,1053704884,-1693386429,19391
1118328790,34081345,-897946012,-1895768516,-478347792,19392
-258360540,1156589166,1061701433,1340111826,1857272419,19393
-138600704,-756447736,2027936094,-1789172843,-1091147182,19394
-1705536822,-221415541,1033306434,-1916271465,-419008184,19395
271290135,-836920281,510551000,-1107375732,-36728818,19396
-1173807449,-28440681,1459270395,-2015735519,1792218331,19397
1939753142,1678230644,-1443796718,1367753230,-2116480177,19398
-494080796,1260357387,-961963883,1885846498,129861673,19399
1632741523,-307848122,1997425044,1820144806,-1422379494,19400
1634434519,168482755,1819895765,-1991022416,-176416540,19401
116403399,-408140140,-499961489,-1505345476,729071680,19402
-1337957354,-127040609,-1662754671,-812084291,-1614967696,19403
1827514094,193876966,432930529,-1805554001,-191556227,19404
151733713,132827529,-677667832,-1519020656,-397426096,19405
-1731970096,-1850800697,-951401623,-2101331259,1193289186,19406
462724165,-1969331443,386851910,486904982,-90974266,19407
1063180091,1605467186,1724317821,-992478595,1157248915,19408
1453767131,-80928266,1297722169,-1036692750,-1494019992,19409
-2072686999,-1793229095,-1339839886,1597004937,-1996564262,19410
-1611816268,734473412,1288603567,1164853495,-559747402,19411
-1646579713,1295687812,-1702155015,-672541154,69604418,19412
-1698593782,163823388,326034851,-1055977234,-1729489519,19413
-179814832,91551669,1668547579,888882683,-1287809940,19414
952227467,-1757528669,251978194,1419128220,1725150510,19415
888072037,1870705431,-1685521865,-975823618,-1499919520,19416
102062958,-1452044869,820129474,1638005606,-1493824893,19417
-1769653332,1096857082,467812324,1788712284,1140522907,19418
-2035456251,747989692,-836884782,1051852034,596772662,19419
-120896853,362859962,-582031768,-363192026,-321514603,19420
480142049,1042193436,-895380514,-1076409038,716731786,19421
-1741790996,748080265,-1897264248,-1598642020,1133600235,19422
1047076014,-355894324,1968546241,-1343386085,-768321443,19423
2017660717,-154920832,-1206553044,957262432,1580409532,19424
-1620322406,1674492982,-95116521,268036363,630255431,19425
-1917638977,-1356366032,1471849966,2138565195,719861782,19426
61573364,909008160,-1245662016,-859538210,1652832890,19427
-995926566,-1683044048,997337132,-1787109970,-643033331,19428
1371068556,1576202126,1023022595,-1855471928,-1200124470,19429
464624005,-1225131554,-1155875708,2018070268,-872972313,19430
-1779287967,-246364878,2111916915,-330720178,-1720498817,19431
236138716,-378214673,-1659828475,-616518360,717296519,19432
610855518,-538975543,699741805,-1917179754,800515891,19433
-654691219,-2043516778,-834876226,-908434891,-1593240476,19434
-1784578880,1821850690,-902895675,268453301,-1440289501,19435
1867988861,156758107,49917648,49755518,1157555808,19436
-374588032,-263559759,1503569503,-1702904003,-1358380438,19437
-364565981,-817012075,396020848,-979195075,-2059594291,19438
907388504,863555973,355856626,-432660332,-1920395236,19439
1443106954,1109256840,-2092713753,-141283334,860462537,19440
660938706,-1108562916,1851906391,1833838331,524217124,19441
569982185,-1900680429,-706120299,-402209788,710188098,19442
1814511991,-2114769378,-1645731571,1647694799,-1743027406,19443
480257084,391248079,-1867462568,1769235716,1881926701,19444
1772117614,371311105,-1955280499,1512797365,-2015088950,19445
991578986,-62932512,-509674185,-1835417010,665113365,19446
-170649689,1483045734,1858625354,963937805,-1100370025,19447
-1682668927,1895492745,458424256,-608302517,-1333960262,19448
-706676026,-1756542485,1543591952,-1524850316,-1803840413,19449
-949389996,-649509147,-306133455,1037547292,-1410363018,19450
1777211061,-1196536634,-1757516128,-1639458071,920089458,19451
332204108,900025098,-2079611126,363221363,-212009297,19452
-2111090349,1743717123,-1405432314,1087438496,-553878393,19453
-140867326,1927873502,-634879662,528944123,1190888356,19454
-335278875,1516924155,-1125104221,1343857797,-1027190128,19455
301433946,614677627,1130636374,1707522862,-1677673189,19456
-1816263914,-1344295623,584240728,-753124499,584735304,19457
1000658548,1933465435,1861513811,1722717448,-531866499,19458
-1476491930,1992649861,1648792914,287492426,355763980,19459
-1689250348,-1458494436,-1990462365,-2132579309,-566948059,19460
1597974380,2046789681,-1760685727,-647511010,-1748168622,19461
643931318,-1494593897,-1069926195,-333147590,-312523010,19462
516572045,-399574373,1391442302,-372997971,-253253477,19463
1802522669,1268455180,-342153943,-1611131651,-204085351,19464
1628987499,1229932390,-2099094045,-1264609874,-1467593596,19465
1110958435,1121538032,861624731,-868277405,-1288697824,19466
-748643175,692214559,-2112264977,-540802569,-572850373,19467
494462488,-789395989,1912995852,1601681522,214433102,19468
-719616378,-773326453,-370055485,770516640,-364325778,19469
2100160591,-1330553860,1117079821,132037936,1409332428,19470
-999216393,1101688546,950168618,992150746,643328514,19471
33604963,-934571871,1964297323,-921879075,687403394,19472
1204806739,721961887,-875846814,-304290828,865865813,19473
1257648261,-515341637,624499560,1351101166,1578079385,19474
-450810786,-258199934,441484059,1668951871,-1180446094,19475
291102500,1297076715,828255763,-826094358,92127757,19476
33744521,2078489108,-2050173169,-1452797332,-1691751232,19477
-158188041,1661908637,1317005482,554930403,1497069785,19478
-1137804884,1616836260,-950073534,1545909987,-820194626,19479
1430009075,-1081967042,-376122761,1893611201,210392601,19480
1703232064,-1781155733,90832279,-210643145,885926900,19481
-1033471178,466962440,1046189482,517402049,-520349083,19482
268265526,1460892435,-261181679,-1647644957,-1066209431,19483
4750946,120580932,-1521059429,975303251,-1504467514,19484
1741731723,-1238459318,-1395480159,1275759028,462439538,19485
-884734075,1893936635,-2053322541,271318674,1018978332,19486
1220433191,-1785215864,562005754,741234473,978119642,19487
1358254116,-879300378,860614517,981422005,-315849077,19488
590125073,-720622678,1704874499,-1153766844,-2000298228,19489
698404282,556724278,355090941,-1235142332,-2071229267,19490
-770101198,-906074480,2095884110,-1682225697,-1102492651,19491
739472943,663588587,1485219839,-1457890902,594961780,19492
1123177010,1468527648,314637876,-46703276,-852798637,19493
1487165938,-1288676769,1617184754,-236461566,1810537128,19494
1781500200,2077673436,1068666793,-30515015,159556251,19495
-238142422,-810354620,-508948002,-763183652,-1448401585,19496
-1330245232,-1671644311,896412268,-99369576,-412519466,19497
-394385090,-2022265275,843678231,-1541221751,1916413349,19498
65103088,-547886378,878104972,-1885500169,1522293629,19499
-191428448,-1209336172,-260396969,750695234,-1929466882,19500
-935193033,-2039597470,-1369410153,-544520123,672226521,19501
285999601,-1961938855,664214047,425413890,-1798594423,19502
-1989141421,1003002374,315418941,2018656941,-1587725520,19503
1034453157,-1840670117,-833810073,-1196907601,471096748,19504
260765147,-693684324,-1021225135,754958964,108089592,19505
480171131,-203102393,988725660,-2105163602,-443779120,19506
-1438753513,1464676907,-2038258252,-985651210,781615541,19507
-532260305,-532370464,89519767,-1902318800,1818207957,19508
-945749874,137678886,-1829413092,374125268,2097714286,19509
-698269263,1613417724,1027795489,1188725128,1433008606,19510
263857571,1115704724,-979001707,-217168052,1846025275,19511
274837614,-876538383,1225372130,-2145682854,-1187523224,19512
-1063366457,-1934396423,710271204,-1118607142,456269432,19513
742178258,-227813094,2073766631,348545031,-1823767797,19514
-2025808686,-1204216930,781468171,-657782317,807146608,19515
-1664199006,1542648853,-1883893563,254522857,1640236969,19516
-1876348022,-1916647114,-398332526,1161157341,1731501131,19517
-700172421,-1402511140,-976443336,751041668,1690859236,19518
-1941649233,-696493661,1316452207,357604743,1853459039,19519
-1822559166,-460831155,-942800425,-514883708,1720150827,19520
-507123240,-2037702038,-1008246765,-1741768987,-583942022,19521
1586730627,-339863313,1867131347,-1901609386,-1880607684,19522
1681659981,769017886,174505649,-301510307,-1257451122,19523
-1940880185,-272682095,-2028949762,1752265297,-1462777431,19524
1674428687,573885074,-1235232364,1664221315,-1453042198,19525
2146546018,-227672587,-1842417478,1757424786,-605192995,19526
-1545329687,877972336,-434441646,-906069016,1698925179,19527
-1293999838,-611713048,-1089321898,-344529821,-285967206,19528
1192218988,-1369179142,-1723137707,-350491685,1995748858,19529
-471864481,566488208,-1565351201,-1369315189,886231906,19530
-340561903,-953178245,1984426364,-359043746,1609556546,19531
2085392958,1454817639,1334803934,-637727309,1400188884,19532
1604154800,306286839,-1556750725,1537858760,-1022831695,19533
-1595056290,516940226,-1838868,2124035474,-1554860564,19534
-257699285,40743614,-506985157,-1960097890,-555067965,19535
109411615,-391261862,-845996463,2127738614,381664433,19536
-1161610855,-1081446695,-1666367734,259698665,686610778,19537
1023570827,1596739909,2128576025,-1046918094,-1600945530,19538
-857663814,1849928304,-1715970027,-8144119,-749402382,19539
1072217965,-65583310,-404348098,1235463514,1730530836,19540
13652934,-115051340,21960080,-467189531,104894840,19541
-551730321,-1326255611,11373169,-1641234679,864943540,19542
6017847,-1868864959,-871271130,-1265156608,-1558819996,19543
-638271895,-1724367600,1486462397,-1996968742,607803512,19544
1259623929,309657428,1780015304,-1666468286,-427840202,19545
-1297028553,282454161,317014304,-554389261,1154042549,19546
352259080,-2036212198,-1559872766,-1299790768,1748866064,19547
-1224254627,654264026,-2111038674,811229564,-1831437762,19548
-626468501,-1730854465,79478538,-843442374,-1458945522,19549
-752976398,-1190101610,-712865989,-1028786317,1542267170,19550
-726061091,693720466,857768537,225226486,906690740,19551
282079050,-1023717012,1106305473,795794887,-1048039876,19552
-513929655,1451507860,-2121867964,-2105643983,-1284714640,19553
-1960636418,2096909430,1507506727,-182758042,-381226936,19554
-263648995,-2058170627,725721270,959148198,543824658,19555
386226066,2118748968,366220067,1396827955,-1838945477,19556
-737734218,-638003464,-2048404953,-285928872,1498160630,19557
-597536076,936778975,-377223446,-5809259,429066089,19558
-1793344862,504137878,1229528179,1992957472,870202356,19559
835915830,706685069,-446159385,950989143,-659133200,19560
-1757740883,-704939770,1672739594,1317258873,1713607950,19561
460021425,-1326526310,-408111816,-1640184391,1989399547,19562
-2107039439,1740862889,-1449680596,-1934601684,-1346983478,19563
790071660,-51435156,593494394,-957109830,-1636273244,19564
-1490396327,-1115529415,692542265,-349278740,-770998649,19565
-610797519,1421966724,1033360427,-1950784867,-1983744060,19566
2072997018,-1609731525,-1071059269,2146164375,1642908311,19567
1294373534,-656775074,1815903558,-2043343257,1342149552,19568
1021429393,426429957,1748218887,1190729783,1112940470,19569
135257113,-1979370545,494180285,1821805738,-2102523649,19570
-1338491894,-1019965162,-1390447706,-1577441743,1357253009,19571
-1565679325,-1709410535,199839924,-401702795,-2013353726,19572
1957435886,354897153,2133022814,716751513,1317605749,19573
-633813423,781525392,-496673556,-1953589206,261372541,19574
-1364671231,-1886625195,-1424156731,1555641227,-1133892222,19575
-1961314259,-910926107,-1155616259,1353953908,1965245400,19576
706816930,-1197970385,1742991138,-1465096553,-1873911058,19577
1070538571,570622941,-1392017346,-1938775775,-586290518,19578
885270245,-2077179207,-283250372,2097704484,1813341042,19579
1920157655,-1416502490,-902644235,1204710268,2142541641,19580
-741953014,-1769972440,1078805369,-1543181764,1250776378,19581
300535992,632434894,-1090252380,-1131697971,-1380065668,19582
-892998969,-1117458596,818602575,1310322230,1222368702,19583
1569162858,874545803,1035893216,-120018468,1242414346,19584
-27170805,691505919,-64688909,-1177704619,1596092835,19585
310885905,-1898491805,1912925306,7570293,1571514531,19586
285451024,545559117,-1825820179,2087896615,-603894593,19587
1741498858,-684624134,1558257013,1529223208,521556450,19588
-212129273,727742369,-1492632703,1228334257,633437703,19589
-1133035452,-216169844,-1164049407,-1289085041,1037495439,19590
-687947143,1705536777,1859875473,846621565,-1355212270,19591
1976225428,684420398,862171844,-434719204,-1734732022,19592
2105150580,2128774542,1500438802,947721213,990368825,19593
825257623,-1026468322,1084675194,1998781002,354505242,19594
2071347831,1975501148,-1578720736,-120295190,-2019499669,19595
1845060024,-639127272,486285473,-87106931,1503025588,19596
-1252707072,1870295493,-771683564,-1904072544,-228193080,19597
-1588804553,564581,1418043556,-887314090,1621668131,19598
1314010099,846954453,-1762449821,-898550302,-142312163,19599
-1708872772,-1217584922,1555497410,1493832326,2071791948,19600
1881629102,902290924,832471487,1261497658,-458500659,19601
1661464163,2030294992,-1501291163,2122652362,-879200967,19602
1834574201,2038354913,-1849494463,157029223,14005991,19603
-746964870,-1167270960,-200076636,1224447858,-92471739,19604
-1818087435,1276194004,-1109185398,-1339400795,-1547049477,19605
-1537844418,-53070003,-199745678,-1096168661,1307317660,19606
-122237988,2114576494,-721342640,-1012020710,-1244843130,19607
-1790988722,-565708049,-1353772811,897176739,-326653563,19608
1183175734,-1528204748,-578373151,1454587139,-51043695,19609
-200550624,1628502023,1562422629,572153090,1082000221,19610
567547131,-2038160209,-535417379,1280237440,-1636351245,19611
1500403283,-661566524,-1960808758,381842077,985295108,19612
-54658750,-702477401,980570018,-379043657,1527657166,19613
-1266264770,-1572472557,653897239,-97704157,-591500888,19614
-1986080653,1601729022,-1459289229,-579292144,1956620319,19615
73247391,-1119980568,-1153296863,1704408782,78047876,19616
732574724,-994750816,-1284768130,2139615948,1598944359,19617
-1340883982,-1007737207,1926132544,200873097,2121832195,19618
459028523,805970965,1691230477,-1452522497,-675430201,19619
-1902530208,1008772431,-997666083,-1678865146,-943748257,19620
1093488931,625797336,-538850655,1582430375,-669129802,19621
77786634,1813657869,-892584487,964402182,1026528111,19622
-1790465000,1101425126,1547181632,-327439387,-305748760,19623
1192864801,555264476,340365105,1133416789,317377670,19624
-1574847467,-1999235215,2044793350,1109415093,1210217761,19625
103067215,778299617,-1894301724,-2003593749,2067636747,19626
-843531093,1035608647,1675832876,-1506425016,-1705036269,19627
-1770923173,-163547019,294633598,-163463921,-1785457084,19628
-1209886892,-555051372,2102207894,-630922792,1837055102,19629
-2025973443,-1076617704,-1664537222,-1512211581,1829327437,19630
-1220025341,-769349225,-59504400,1550901743,-1218188125,19631
-1741912762,12381142,-603610102,680161920,677560589,19632
-445547450,834066733,-994151645,-92196512,-730857390,19633
-604970539,-1595989275,1489318347,-132915164,-52736444,19634
1023036268,1010493097,-1562641690,-800973216,-694772391,19635
-1688330280,56208652,451704891,172475166,467030605,19636
170167972,1013937787,1216122591,-2036478675,-240875447,19637
-788318849,364942236,-1074631492,-618929962,-1396410303,19638
-918776466,219138251,-118968456,-2072922377,1812783317,19639
1921123642,-506772190,345259093,574225710,508927734,19640
-1652921410,886767343,1200833515,-602535222,538712073,19641
942136189,-1244351915,1934217330,336868522,-893684833,19642
-350423832,735509937,1476651872,-1329782510,-228930406,19643
-1560284730,327600939,-1647674907,-1177811221,127024262,19644
794134655,-59590013,673494710,-1926902769,1944491573,19645
-1148515216,353937815,1808143605,1902849422,-165853912,19646
1041302128,-54540190,50093749,1574344248,1173833687,19647
-1560212474,-1770972767,45687538,-947278392,554772236,19648
1571476740,-495334532,860521151,-977140449,-808791301,19649
-1901457117,607884318,1712650997,-1637695358,1693959379,19650
-1485642620,1507058657,175486125,77639295,1277527712,19651
-643706521,1439726346,-403847170,778407862,-1855273872,19652
-426406446,-1039673502,2046481076,-510767492,-144571574,19653
-1400430166,-328478915,811521247,-998970533,-2016002899,19654
-1010041652,984850770,-426184863,-1947938471,1064381578,19655
-1960895020,-891430603,2012624884,1934411006,-2072592067,19656
-890188154,900659134,2054125356,1713303438,1094572185,19657
644353885,-477915484,-1779466817,-914834596,1453680092,19658
457180260,-2099946226,-2026805712,1173087860,-1602970793,19659
-708330432,-1513637775,891972289,-530003715,-600418954,19660
1309280118,558367070,411262356,-2004691327,-1134192080,19661
1253528789,1723988459,-497478272,-556090386,-1122532712,19662
-1078977479,674764525,1622778361,-900765567,-1460310248,19663
-528968686,1244599349,-937500966,-889990268,-1006989436,19664
176987365,-1150655937,-428474689,23010105,1388460984,19665
-901762382,1016237868,1563357893,-355857096,-975658952,19666
1795447258,-668640709,836190903,-555294805,-396098663,19667
-566413124,-1541529307,-2145004655,-2065402517,-5463487,19668
55788226,1123050227,960279314,-55802156,29299886,19669
1592492023,1169714318,-705134758,-1228993622,1813886337,19670
-1145893726,2143392071,849008064,-1346989164,-1118216284,19671
-613024062,635959315,-572839414,844177213,952322052,19672
-1022440895,1191534718,1524985277,83848356,979072160,19673
320575737,1242671956,-1955593179,-452130721,-1325095140,19674
-767509090,-371315903,1865959166,2080723102,327976222,19675
-1635902191,-785171630,-33156002,2007194550,1828145318,19676
1273900182,54227355,-1266418295,4023892,1443506063,19677
555662855,1144216329,1115301131,141007077,-764394524,19678
760039370,217563072,143571292,-1978946678,-1653982566,19679
-1184904707,1103919217,-1738722453,1840300011,-965821800,19680
-977082744,435072709,-1729581962,-1532671961,1113475452,19681
1388508026,-1283826809,-812773079,119199858,758231924,19682
-1792523605,1665856152,396864626,1548059564,-1392155231,19683
-1432825195,1730989274,1878671001,725630980,513769227,19684
1848432052,-215448474,1819128627,-1087128314,1828550132,19685
-651015956,360792169,58796669,1464348115,-111471106,19686
-1007679023,1429096143,-1280824671,-641180115,-1874383136,19687
-1336945787,-621054422,-1066948863,424130086,1509796315,19688
-1379830198,2085659602,-1216681622,1045098728,-1458125446,19689
-1525860397,1957295612,-463087144,318234749,1585408821,19690
-312524787,239165586,-1775404725,-1793098850,1284173214,19691
-1953939297,828462780,-763165819,-1439403441,-1740967286,19692
45076349,1494196263,397156798,-1569957478,1479007143,19693
325862857,179930044,-326248328,-1562046993,-555905068,19694
-26561256,-945645939,2146286831,-213110043,-2031306229,19695
750197917,-963338236,-883733794,1961549195,559309860,19696
1651169593,-948875009,-1469419507,697945537,882038904,19697
-1892786717,-1241064445,-1673604064,-178426392,986678613,19698
-2103201824,-1724598263,1430959963,-544527269,-1204721963,19699
1997267129,1802133330,-814704802,1927699197,-1541503507,19700
-538096074,566632881,1924731332,-211888513,1369899364,19701
-1419221134,562719804,-1042973156,1602024892,1045380856,19702
2050312911,753685896,494589752,-1741530229,-869159655,19703
-432253231,1622530851,555992270,-712583089,196833787,19704
1507644749,-1594870256,-942538202,-1635194660,-253092563,19705
-2045087606,974757172,182268750,-1447203389,-1521548608,19706
-1270008933,607699303,842128915,537380644,985412293,19707
399913797,108960791,-1378106587,-133474486,124126659,19708
2056149794,1667741160,623580863,-329299400,-1093784287,19709
1277810425,-1980186617,2082297157,1596438567,124748956,19710
1267436039,480606201,620047691,-691651016,-92973344,19711
-1617240963,1065703068,1158273227,-1255454910,122274695,19712
-1842893931,-550511517,925998375,-743325671,338422723,19713
1340506639,-1689365116,602116821,125449709,-2049128518,19714
-1795377106,-1242236042,333445397,675360192,381670768,19715
-1523777341,1741924783,-1710651445,1496279143,2013777858,19716
1676851549,-1274896377,-706094950,1266530872,-1521634926,19717
-1018474636,1709616959,923411655,-1547829371,1657453855,19718
1384153148,2014352864,-1826795631,-581071290,-1658614777,19719
-179682778,277687115,42842665,1723732518,-875018540,19720
-1596306832,2054699996,573540756,546578225,-965882490,19721
1254887312,1637601714,-581794831,-256544116,-153277688,19722
-2111144644,-427539585,-415859230,984664265,1547929888,19723
-7537961,1100995632,-1835530516,1144238703,1042456326,19724
-1451550870,1187126050,-1694203502,430538054,-1786838692,19725
13290119,-1403295436,596316283,535054718,-477257759,19726
377653883,1153840129,-711633167,313936151,452255787,19727
-688465318,-630878655,-105210947,1796806534,-892575635,19728
-1434361634,-558103831,2095963401,1995934563,2135871540,19729
1393795395,1451239003,-1461225696,452880995,1886386151,19730
650635103,634390421,-266065899,-1454390275,-1552178732,19731
2036956497,165484648,1286873992,-246895333,-1273035663,19732
-457222823,1124167777,-1307752360,1707091182,-415177740,19733
-1763498276,198556076,14824531,-896146673,863292802,19734
-946812320,-575957736,-1163282105,-970763354,1392550209,19735
-1835693823,232566305,1607385535,-391909415,-1662421344,19736
-540989097,1650397830,1677727005,-346184026,2030988045,19737
1475020406,-96210988,2771182,390759705,165070112,19738
-719091867,-1242609349,143370768,-424358076,756048035,19739
-253537243,-86122959,-954951792,1612353855,1716547955,19740
-1581285927,1927756796,-1410509547,206154419,-1325260575,19741
180740167,-824975867,-1707196874,1242316809,-540391233,19742
204381133,699518378,1472689068,-651000191,-2007459825,19743
-1924894412,320251553,1588152434,497315128,-1223090043,19744
-1356134882,-1421129063,476718197,1983904263,654361926,19745
-832724522,1666760939,383134801,1991413525,-428540529,19746
-2094050609,848757867,-381883413,44502595,-1123707561,19747
529380365,579323654,-1338750123,781906325,-1522312722,19748
2104208592,-942960179,-1261494,458913970,-1465198105,19749
567275568,867710666,-2141432332,-207665390,750756193,19750
1013511248,-1234126308,1960367591,-1209762630,-760554692,19751
-744738252,-1554597287,856716640,-881680832,-945930800,19752
-683401508,460508815,-705393791,1273838126,1089478388,19753
1941585162,975997404,-588780003,-648402950,113971572,19754
-13259196,866667560,-1091532395,1270485626,1920753796,19755
-1819296357,1069100672,1505525068,-819935353,-19336005,19756
1302126694,952974841,-227960097,1056047278,-826074905,19757
674670496,-909507698,-1835746620,-93366380,1535231918,19758
-1167422671,-581078002,2048138413,-632153797,-513798093,19759
1601738165,-957802203,-1705705334,-1910274203,250008056,19760
-1220142451,-1979095150,1932150122,-929991024,-5680172,19761
255359752,917491985,-1971594555,-126312445,-1990984052,19762
-1507555212,568647578,-668772614,2096225166,1230548129,19763
413211217,-2016372574,743763801,-1298224984,320872610,19764
-1445613415,-1759047752,-1052147905,-1929820166,599087073,19765
-433332080,-1370300183,1942166200,1850786254,-1789062744,19766
1389706281,-1803513824,759000928,2061785898,1091252129,19767
1101209166,-1424430859,-1067970145,-2144770145,412369434,19768
824703900,1958344930,120069537,1375786370,511179505,19769
-551177131,1923982179,-284221445,-1933610552,-1466453506,19770
-180994256,184471199,646607551,-961029644,1385687126,19771
-1708876398,-112811047,1075816532,994058487,-1407309760,19772
-1185592219,-81015877,-1072062087,933251539,1833113915,19773
-2056827567,1729119308,2042146315,-1341557551,404509602,19774
-1877876871,-1235261781,-275352879,-1096278007,1733636784,19775
1911355837,2083965375,1796488495,-1208383762,-1951152489,19776
-451175852,-872414009,-2024001552,-943840978,614286333,19777
-2139601267,324985363,-1356560290,-134890396,1293029675,19778
910176696,-2080296141,1513392655,-558589141,1745394722,19779
-1374049537,-2039579218,474662480,1624479326,1261513703,19780
501823412,1756079415,1376461821,-424122137,-276300888,19781
-914569478,-1964744462,-1054010522,2133528474,14550313,19782
1215981480,1168137550,-1908126457,-523336947,-2075242260,19783
397731175,-434687422,848214771,524532320,1503525224,19784
-805345946,-2028408940,472695364,-1909616613,-1741547936,19785
-1710142082,2049742211,1480242906,1054959057,-382695341,19786
-1338177159,-1294173538,-364201139,1437014189,40212304,19787
-2117146295,1609979761,-1857210248,-1201733831,-1244471829,19788
-2124679017,1386582130,1406395704,842790869,-300589778,19789
126299250,-338802299,-433257327,-898276958,-1295631603,19790
1635846590,1634276568,264270413,-691308045,1594458186,19791
-1274916521,-1486031848,1197906931,111617142,940334438,19792
-1656367654,-1478870286,-1347935559,-1689060516,-663271178,19793
-1505207610,1849229936,720835612,-1434963917,696941670,19794
329618080,827965024,-572253730,-1791604719,-1210785237,19795
101924503,1037015082,-1561585866,1511813496,1336530360,19796
373530327,442102479,627473912,-930393315,-769623697,19797
-1764177790,1194859466,-475553694,416369027,-1669648627,19798
1935055333,1798517902,1081418988,-392477664,2061933881,19799
-1637592448,1688722004,-813543692,2057255866,-720523975,19800
819246567,2146148321,1846070447,696584023,-195801840,19801
-479809887,596851391,-568187588,-956071729,-251115181,19802
1232348596,-160212683,-362587245,2002444629,-812286231,19803
738824907,1969856032,878895439,1129820567,1360218787,19804
-468176053,1387336609,-1784134388,1279369465,-627204307,19805
1033168169,1224738741,825424936,2114627131,1637523185,19806
-64581741,-1603659567,735609775,-594917110,-1873153087,19807
-538125277,592609382,1409973811,749193025,-733408895,19808
-1142890099,1075136347,-1601715368,1826754473,-1921671445,19809
-1361289120,2091445067,306005769,-290133383,838949276,19810
-695395892,-536478172,-617372431,-170093929,-1152259298,19811
1839596267,47015062,692317979,1938468362,-982966343,19812
-263942833,1876001431,420029542,-2077830042,1334373611,19813
1557904495,-671359393,1742938455,-1727311960,109613626,19814
619026979,1359305345,1116230055,-2084494440,-1930846418,19815
1559720154,116696227,995998499,61491625,314059382,19816
49713480,-449235958,-1583459104,1986931561,1185591406,19817
-1328963297,-1652103505,-1052399884,407092802,115697346,19818
1250258808,289736027,-1815723543,-912587270,-2002292233,19819
1799519962,-1282531976,1575129201,-207164916,1362079178,19820
-788566410,333412748,-826555224,794480080,339737651,19821
-985496765,-779871726,812430624,2077410666,650815288,19822
1374264971,-1651327155,-691000492,-1002249464,-88666420,19823
1021282380,2144414092,1002599013,318180359,1608409002,19824
-429867934,1551395843,1751978062,-1956156640,-1570218764,19825
-2098033224,1075769034,-1013985711,-8341368,1286380559,19826
1460584164,-594711669,1719483123,408449211,2041648499,19827
-798246530,-1904934813,1788500796,1832003180,-2103674421,19828
602694254,-165060909,-1847088541,-1746600429,-1290942948,19829
-641999127,1761216526,1378589564,2062937365,-212104677,19830
1431976618,99010438,-1328577022,2146749504,-1641888114,19831
-975001240,-1032051934,-862068046,-1227504256,1968843708,19832
-365803723,-1626284556,2145471053,1617587191,1449460244,19833
-67318417,-942182815,1587507904,1645319363,1398020827,19834
1696612417,-122032182,-1253819842,-1154179103,-2070999517,19835
2068046528,2056271345,1631404185,847256110,460056468,19836
-2035112086,1102153608,444517740,-1253707795,1378178000,19837
-1701188379,813491442,-385961962,-1660704767,-1200621400,19838
1189021177,2970599,1752421441,-137840718,-647494013,19839
-126257581,-877272999,1310332076,1243403633,-2048217308,19840
-100450824,1772684239,-1247875064,-504488841,502414581,19841
-1729699387,-2039405427,-232923859,-1057718252,306106552,19842
214944542,815154790,1588627954,-1288917155,-840420845,19843
-314894450,-1641394489,-2077865386,-1784600101,1903484927,19844
-1929127125,659174225,586074154,545452074,-168048377,19845
2068972188,1246082896,-420982999,-1525660504,-386508040,19846
-677242152,516109147,133703401,1334739898,477528848,19847
205690963,-1322793026,-2046547837,1822482132,73574035,19848
1335016334,390581276,-1309020805,-669750409,-1847398493,19849
-517876847,1894132023,-382413052,820700093,897193965,19850
-727681673,-1073506050,-1990824662,-492033482,1880980164,19851
1209158357,-1693011770,1464141461,-1355012268,-1649158277,19852
-966684793,-263446939,-440590840,441826211,1191013569,19853
-310163573,-1886180469,171040448,-947455742,2026500797,19854
708823047,-698284255,1576986032,1662388521,-1096579641,19855
-1702646851,-985621441,-1288471955,664993037,470864696,19856
1613151484,62835173,1240147803,-2096934700,990748929,19857
-1285368628,292303706,2085718368,574495103,-298282827,19858
1419217824,-188922804,1254179312,697286953,-45094610,19859
-1813309467,553083769,237087258,-1201401479,1658095779,19860
-1414200996,448464734,-1145017253,-1218225012,-814839335,19861
1329972209,2132386962,-1445460159,-1205516824,-1829496467,19862
-1185341362,-1318456896,-787838837,811563791,119330075,19863
-995039553,2124898238,-73795549,-1151684529,-609158591,19864
1652190540,2059792561,-501152978,2129904576,-1849029181,19865
-792974352,-1854067854,1195179814,-898440695,-1885566148,19866
1783537974,-1995052300,1010818391,591445125,117508174,19867
171873521,1482573555,-756905808,264003330,1737274607,19868
-656371258,813156078,2139751481,510390530,-1548296204,19869
1303186630,-1615969072,-1433723157,-1450442089,-434516183,19870
1152912725,887587192,-1681969451,-1538432913,118277884,19871
-1092021072,-1751677929,-1451555790,550150488,664491421,19872
-1405311860,-1881114165,-2124334948,2059601548,-898130032,19873
1977819140,-1647315548,155581571,1349386254,725638956,19874
1258974772,-1861354140,-1018729031,-561138619,574319780,19875
460340499,-1174191462,1567400552,-1741580362,1496582971,19876
1286348331,-1286158759,-447877353,1865388673,-102973152,19877
-1428108243,-943002393,1452935772,1079732858,880692275,19878
-1008971933,-1461622341,756068122,1226267408,841652243,19879
995921883,-2003814216,1720840396,-1643699366,-638863561,19880
-2139160972,-1986705909,-1023505657,-55941961,-334927866,19881
-408139118,-1221304316,385234526,-243228620,-571812373,19882
-1975457176,1107938805,323163856,1953325740,-1434726093,19883
338617299,303494461,-341914215,836326295,123346749,19884
286211115,-1017501408,-966996989,1259268948,-1672257777,19885
-1088848850,-4702514,-1882910051,1919272564,115122332,19886
1484850182,1183484912,-1321254330,-1507522461,-1252814912,19887
-1262488514,146007191,952661934,-1135003603,684843057,19888
-1455550671,-1607074891,1754220992,371822755,548204553,19889
2060652146,-401106200,1012855830,-103072791,-1925192003,19890
-1553630778,1785918826,1667652708,363562933,83297954,19891
180519476,-1870137387,2136517,-1269411889,-1413367360,19892
1206663207,446225207,955341035,1229521624,184350824,19893
588439908,-548781884,850216650,356839322,-375927409,19894
-1056114672,853747959,-556732660,-1721160481,791154941,19895
-1998564792,-1717666521,1596450443,-1213230178,-360806390,19896
-2097779329,1783629534,-1218397233,-768643092,-110473349,19897
1999828940,-1675395325,397335765,2049633604,-1976707093,19898
-189399089,561539167,-1902527561,-133427753,-414425345,19899
427984477,-138015254,696895404,-2065927053,-1563058087,19900
-509996676,-740968123,133920584,1878206781,2092003317,19901
1450997619,1586691806,-2139755482,2136620449,-1329669140,19902
-275428483,811142032,543987619,728416147,1028595746,19903
1967981746,1037773904,-2061738582,39127447,870960029,19904
2008957191,-1342772872,-530308416,2115477654,111205608,19905
-975953257,-1262602960,1155980469,-1876203566,341854671,19906
-226346142,-1875849291,1007536201,2055073977,-345925905,19907
-163053007,-1603681550,-970229639,1548884866,188434218,19908
855951632,1802636385,-2072545386,-853622314,-995403997,19909
-1421245865,1257995203,644846917,-781510684,491594476,19910
1367324780,950113738,-1253849099,1619827986,-895702892,19911
1627230775,674441689,-808445881,-1902482185,237599102,19912
-1538432501,455683310,-916054783,353652023,1597379598,19913
-1343319038,1046729816,-238502612,-816406900,1517280605,19914
-1414194797,2039546999,583482688,881310301,-430818350,19915
623576766,-121555188,-196995995,1624419874,-2001065194,19916
-1359814831,-272264557,-560512301,-1887502578,676983336,19917
1458044469,-1211559557,-2014916119,1819765737,1367006200,19918
236361042,-1571872905,-1460199563,-790633948,1658227060,19919
-421104407,473142585,511837594,-290382013,308852900,19920
-523745423,1352343481,71213615,1306491114,-1028384796,19921
-1444316455,1298186162,-1504710889,-1623076588,917277799,19922
-483935416,116603481,417599025,1476768298,443688119,19923
694707273,1390127491,432090771,-837556629,232007567,19924
64629456,-2000762241,686975668,1746514168,-640491763,19925
-1141341643,-451821096,-1079474075,1156192958,-2122125833,19926
65826476,-1382798758,-1209288794,-1886051328,-872667114,19927
-1207158512,89658692,-1525352078,-272213661,1442561673,19928
-457117153,-1034991019,1366771221,-1256372576,-826865929,19929
-1052584389,1834220885,2046373001,-1785541912,-1575824157,19930
423764770,289075015,-789022349,737081059,-1069682722,19931
1539756397,-204062666,750904516,-605324158,-592591757,19932
-283198504,-1439657460,-1459831635,90137187,-433868783,19933
1033640125,-1516684915,-524121826,695120122,-1095113444,19934
1868465811,955110383,-955773478,-1904609579,-677863351,19935
-2104317135,-1213897291,-1756711827,859272292,698263019,19936
307847415,-562435992,-654173066,-1475514575,1932932964,19937
-1148829457,1966339796,-685246494,-1323816025,-1492570000,19938
-65714365,-1330535286,2100651217,-2135483809,-1959391206,19939
-8602786,1992147602,-1160998404,-2098598046,2099893417,19940
368265670,508507714,1308073132,1587651756,-705548595,19941
216715833,-45042981,240795027,116250362,1017833453,19942
-1729318425,1617026727,1765735805,-9042292,21204044,19943
1352540856,-1742702972,-450069384,-1334192137,-1683415997,19944
1512590195,2116765251,-291741664,1100358459,-173432036,19945
-353276026,1497161260,-172868522,-203841642,-1775396440,19946
-331638509,-280247696,-575870368,292514833,1281494484,19947
-1837838695,29864603,1949801166,1722745879,274272382,19948
-143000759,459880580,-1314310288,-1556651247,-1386743555,19949
1632838582,-2000446487,1747544896,-1434190251,72499235,19950
954962943,1890634876,-1780826376,-1007229316,-2135792554,19951
-2109428920,484834365,2116082491,-654244751,1980022852,19952
-951642267,-1688118790,-1474038294,-104110235,2059313045,19953
-1817956750,981282988,479277188,22777720,-974464897,19954
1034863059,1280359072,1309278314,1925919049,1549976297,19955
-827676812,-1681186099,307203095,-551619025,1139566281,19956
-1044985006,-85541025,-226082616,-128403982,1184992217,19957
720572185,1655244039,-567999989,1253942762,1894720092,19958
-754723412,214249537,475391677,-920465857,1991214921,19959
-412632168,1683142089,-2042515860,-178672545,22026624,19960
-1587362940,223736821,-478255434,589904322,-527690766,19961
-359881657,-1862059324,494281756,-2074314325,1674944423,19962
2049020885,-1093917527,-735765144,1420336472,-390126218,19963
2144844446,1944935668,-118353710,899819193,1388512580,19964
-1062211987,-1490759098,781248680,1652910079,14662019,19965
-1739901955,1245633716,1168256010,1127910167,1688893026,19966
-1822913680,664706127,-94225591,775453695,-24405241,19967
-1700066525,889907903,-334546822,117768357,709114757,19968
-1617791001,1828392727,-1810443944,842464036,40772201,19969
415479551,-455398151,773907941,1855049532,184634099,19970
-1995812861,-1916938135,1522342693,-348082255,1579973885,19971
-379808793,79677954,962733372,1113860107,1886165905,19972
-1916656451,2005857245,-565256439,188929093,462058351,19973
360728059,-432165831,261338249,-1725471019,942755201,19974
1353822594,364023836,-1010723394,-1442527391,645382190,19975
-816910382,-1228909652,1206541266,506319270,-2130870544,19976
-2124516954,-1469904598,1438981406,-1091528481,1693309591,19977
2106058603,1203050272,744180618,-91438689,-991910050,19978
-632335779,-1894449131,-1960880255,-1225361164,1569502954,19979
653758269,-874749512,267820876,1763475813,570038506,19980
1720930147,-1006102555,-28244107,1508417661,-1268261809,19981
233706043,-2112964353,-1309835762,-1414770071,1987006719,19982
1641592089,222822222,-1427963513,-1910669474,-417931801,19983
227820392,967155909,-1249997576,2024898948,-1776804646,19984
-1853590739,-678292739,-596618614,-478119765,-357236221,19985
112948232,18149620,152827553,2106550008,101134090,19986
-564740412,-183465663,-910728649,-1179527067,-1321563412,19987
-1162117307,-923468398,1437329991,-23721712,-1129256649,19988
-351133229,298016671,1108147542,221064285,446946964,19989
-1558793770,1158795452,1609211393,729116744,162362666,19990
-2133551194,1599854718,-438925039,-721204744,-322724867,19991
-1158127592,-1393411121,-680185322,1081588151,197439557,19992
463373889,-18562973,1142458585,1128871117,-1605463334,19993
625369569,-1006643613,1598759819,-376500043,293116952,19994
-1584859163,-472733378,-497146093,-482922960,-1731611711,19995
-588630938,-379359047,728988569,-2013931276,1232953604,19996
1271127684,-600452198,-132700370,1222935644,-618551000,19997
-949599625,-1512748876,1809683279,1464613145,-1984253291,19998
-23820088,-221505702,89077794,-412265407,925985905,19999
-2052946834,-1399428750,1232577093,1572078481,-1002714675,20000
2054651765,-1965130451,317857777,1951206690,559508916,20001
-1428646400,-2024276432,-86712840,-212312166,-178617066,20002
2061874755,-1992207085,605694589,-1354938205,-1866490744,20003
-1760039118,-707125345,-724702937,878693339,-1506862117,20004
986899157,-44834,806985881,138534143,-2087954826,20005
-2038654565,-1346754555,1987665607,382222185,42031320,20006
-1379398269,-397974594,1555673728,1255248783,-1125800529,20007
1581180430,400103497,954887004,1150424375,1801427927,20008
674648823,-81512499,-1834294130,1575615056,-100700158,20009
1396118274,1877753978,622931669,1743895671,-1108747240,20010
1837387948,1018962599,-1938704325,1309647193,1731558107,20011
-917118396,506854878,-1177124825,-661344865,-282431857,20012
-1203868468,832515541,-1635475284,1300791027,248918557,20013
-1410195869,-1006091872,-1868671673,1331215463,-553060658,20014
-146473699,1320974104,-830323688,-606126679,1604679515,20015
962166857,2132077154,-1671570130,716921621,2028255070,20016
-861541985,-482111033,-21469295,-1325332145,482367664,20017
3929949,891630808,-1545727066,231795512,695653663,20018
2030523659,744654737,-75089346,1914469877,398493713,20019
1366863361,-997929024,-1844464219,658165348,916851551,20020
-1513503563,318933149,-63963633,923329628,-1842432752,20021
1501254077,1484629562,-1762646058,1233838419,54304621,20022
-1796049742,-2060959843,2116443354,-176118778,-870212920,20023
1988653665,906892141,1759823235,-553324939,-438234526,20024
-2101966848,1028501337,-741065046,275940839,-207110941,20025
655732015,1041430964,-1955417461,-381489889,-1623610209,20026
-379740547,772537110,100289163,1449639325,-1764799844,20027
-38368808,426400069,2127764298,-769682027,1340247996,20028
-601281604,-467542259,1462944320,-1718816564,-1068558505,20029
-374463342,-1122103555,649359911,424814749,219970848,20030
521814704,442563812,-337360243,179155932,211658075,20031
37547005,238783041,1990400321,-11308828,-1249435793,20032
1990035600,-1070404222,-843663724,-1688906334,771240237,20033
335983761,-2124176817,-431866324,1872599735,1367511403,20034
1757320626,1150247171,-997770488,-187938905,-690023411,20035
-1803375561,-601941001,229031221,781893780,-1522998806,20036
874159864,-1222227085,-987835636,-418553873,700072023,20037
-255369902,1638795373,-14247618,-528360301,-1614179212,20038
-2006459067,1565473793,1206292662,-772468711,-910809957,20039
-1969614031,824467207,-242771966,-1190991226,1571996170,20040
-783501783,778470755,55929056,-958143836,1928134152,20041
1144585928,-617346881,-149725662,849962327,-1048990550,20042
815511383,-668397254,1379389565,-1664137340,-418629784,20043
-688124647,-1712790348,1579992913,2128805327,-1108227442,20044
981587520,-1968086996,12932535,-1206924999,-1273892769,20045
1635029470,1480231258,-1711860585,1234615133,-426304971,20046
1659983605,-1985757945,1513942204,1019391590,-1823071253,20047
-1138497251,-1741564621,-589784425,902191937,-1583939660,20048
-515028174,-976434651,2131959830,-2036558598,-1212596128,20049
-350496817,2079131720,1484661565,1779740292,503875425,20050
45947478,1199449901,-510321372,466564761,-1856085341,20051
1024644609,1541897816,1821798011,-1011678122,-338404178,20052
-207764131,-1303479744,1168062417,965979387,168036768,20053
-2063434917,-1141329753,662056693,1280888259,-878719959,20054
1417750697,1727698099,-1576355287,863236428,-1600719568,20055
829214475,1070014557,-160612834,-1933536230,179002668,20056
-1136093510,76164895,-522196653,817669340,1851124802,20057
6777291,129030792,1393837167,-960693464,-581053543,20058
1197665571,176915472,-22505464,104171498,-2015182293,20059
-979640989,-1429210279,705584673,1808133178,1160062082,20060
-1653439246,-875994518,204410141,617883891,-2011988868,20061
436732950,1100850374,-1005123013,1508310297,768767784,20062
-347060108,-1133857696,193918003,-155275598,598921326,20063
-1026303240,622195181,843615666,-717716224,-493165665,20064
-2032854673,1811819143,120231979,-150197391,-160065343,20065
-853001981,-593213386,879534128,-787023242,810521470,20066
-1155566148,-963994914,1395464842,1156301541,-890629057,20067
-961401655,1996000191,-1227187817,693951793,-1393607182,20068
1206525640,335136049,-903074526,475776848,-900466398,20069
694523460,2113625928,-1690061765,-873313669,-92673046,20070
307686964,-1364790337,1762603998,1037382543,1920743286,20071
333036811,203678888,1171841812,1083036682,934583219,20072
-239092935,-757496038,-1845651300,22878979,1341828489,20073
1814288741,-385485775,1298517774,1475732708,-1938754288,20074
1830058287,-1055135947,1729715410,428833604,-1222532836,20075
2028002344,368224093,859115281,1591708071,1491283958,20076
-1862929942,1445440412,1585619977,-1816970863,-584728588,20077
1365045759,392769326,-909773358,-1330039756,-1952128791,20078
563902643,-776068554,-1500037262,1464468854,1114281642,20079
-2035032552,1158334693,286849900,-1090089090,-1868865301,20080
-61330095,-733252351,-371849499,340407407,900452021,20081
-2084922126,-2104114286,-1759995189,772341988,1719665305,20082
774550094,44454248,-1576452514,2093911807,1232662918,20083
-705650920,-1294890966,-794033257,-1101567689,1745547014,20084
618685931,518329803,966406503,2124652566,-593618794,20085
1031267267,1297690322,648285318,821676625,1789685738,20086
1248180434,-1113338273,-454608486,21988232,1263067082,20087
1067056533,1191116651,2063802712,-258415567,227151058,20088
1404768974,-784330111,-1913785491,-1076528830,2055171034,20089
1562488681,-799858134,-2024675045,37122509,-874521088,20090
-958810079,-1974248112,929298787,886963138,1488032600,20091
-1845374886,-475256187,1002509502,1748460842,-1710356618,20092
-1535440184,-2093153220,-1227475503,1970868637,763299638,20093
-662010716,1355973255,1551119839,-1779740732,1327134289,20094
-747713144,-286556683,75529543,996118175,-227406413,20095
-1944914449,1005677186,471174180,-2097002741,668548294,20096
560134149,1276099935,721729462,-833873771,2138263817,20097
-166719025,-1502583121,-63403084,-635215950,1124451101,20098
-1401924404,-1576377781,-988186099,2005846239,1367881684,20099
-1261600119,-77584886,-770409911,-975100611,1548614017,20100
-1485890458,1794454869,-1549212490,1115994440,-1790275246,20101
-1871484689,-465089254,-323643794,-1924189370,220393363,20102
1701921031,508518872,-667427277,1270044745,1594473667,20103
1920722398,-28732262,248286958,1938343351,1535903267,20104
-100267213,-2127418021,-1541917413,-1919983275,109283846,20105
-1908841332,156910308,-1249271972,1583605653,1932166790,20106
1926863436,-1241881338,-1106671037,-349417665,-1975672117,20107
2015844278,1716098192,-1625766375,-391524744,381391272,20108
-11251652,1242803485,734300582,852342108,-2055475867,20109
-1119355356,-490649277,291463571,1321811993,1927309748,20110
-985144699,-1846972821,-2026417897,140362228,-1212368026,20111
-182339613,-855921650,264368204,-1480681575,-1725582611,20112
1379850066,41213495,-1625401157,-1740538152,79771720,20113
-1944180644,152813975,1244998149,1888273593,-932408819,20114
-901953690,712325716,245969410,1562056678,1992200559,20115
-713723018,484741558,1081858145,-110058572,-1461840702,20116
-443649710,-1867298006,1537908435,359818683,580557958,20117
1712061659,-1629502804,-2041776399,-1387876847,1635717911,20118
581990031,-492332037,750987959,102187203,1428160945,20119
-1466117376,-517530526,-156540197,-876791294,512562919,20120
1751533483,-847130937,235061858,1968677492,-1129470468,20121
-1228347394,2140546548,873464824,-1949817121,-1048006384,20122
-1341002168,-187779430,885294751,-1323238037,-886086946,20123
-1051103535,759916514,-1359743662,-145044948,1294783689,20124
-460260410,-342292805,1460202756,551323827,758692128,20125
1228972076,1478502615,-1437514112,-436875627,2114006042,20126
-1582225830,1551582748,915673649,1994663345,485268745,20127
1943293854,1592308234,1398582400,1166029939,-395786117,20128
133177435,-1888556742,642815053,224453398,56130771,20129
1811551300,-1741831748,1513320689,-1732251415,826339589,20130
859025031,-456794493,-59372642,-773362871,-1664859407,20131
-208888899,1533180141,1176918208,465239060,-391266576,20132
-765076480,1400291374,1170901591,-944459523,2003409367,20133
126033773,1088728280,-854875812,879240653,1442278812,20134
-1688756602,-2086675595,1785868794,-1715816191,174131344,20135
1027727647,2059779584,587167754,17833571,449589798,20136
481692621,-404241056,-1846888761,-2020502049,1092998986,20137
-1593000002,981052808,-1415425837,1775736038,-1398410384,20138
-1490941749,1303475599,2042151169,-796996585,1599191252,20139
-404777931,-1634236829,1202038172,153499357,415090728,20140
712571012,-1700544301,-535247416,1999324939,-1864644605,20141
853203580,1514943147,138289636,816368677,-476556616,20142
480349896,-1071805130,-179261241,393711219,-2110330074,20143
1973407944,-748496503,-22777322,679048325,1737878390,20144
-1408512203,705400676,307357887,1863151904,-1134481743,20145
-640405484,-2057150528,-1968859153,-1640262469,462515520,20146
-169157834,-235330932,711797707,-860466707,-1043416604,20147
-118159712,-569063227,1611194348,424897231,1544606356,20148
423808618,1892718470,-152231721,-890663497,3085415,20149
1739929387,-346674218,1975352678,-223703749,1546366313,20150
412859433,369925781,-1366997792,-1954186779,-1818744851,20151
-361992111,-863102946,1751754611,-1435384937,772754745,20152
1096665812,821413249,672155341,-247280579,-1451129637,20153
-410008309,-730764300,-1504133238,-1126878026,-339112179,20154
-793145277,1268629226,1483858535,1443523953,1818797229,20155
1997660875,170467149,1611747,-1762910190,-1427777035,20156
582280437,-2035906485,1484190023,306742073,-1894435979,20157
-727438518,-33952735,346920305,605580858,-1784854784,20158
1118963749,-2016984324,-1247905144,406518062,1592045721,20159
-923906942,1455786676,-610928438,2086594107,-1352101349,20160
-1981775035,1990048314,640775878,-224350101,-1253973598,20161
1636977873,-1670606395,-290275811,-1085158001,778364508,20162
-674108482,-800832073,-1589047016,-1975640274,462309262,20163
1603373045,641517430,-515803417,530862375,-468576589,20164
-2011900907,305422252,-751916029,-801168588,340615452,20165
373162349,-212608819,950830506,-904086813,796961949,20166
1057268684,-404955294,-1947951546,2117730408,-1623373582,20167
-822551172,2005681098,1997188671,-1840952535,-1295290724,20168
1012413770,-303709492,-1866259640,147013151,-1625017913,20169
76535556,654810135,-201782103,-1635730804,-649141530,20170
-1356044264,-194072395,-1351039008,-1735968469,1083797699,20171
-1140708434,-762760140,623766918,219347200,-611204661,20172
301514665,785389211,626443624,-676117683,324418248,20173
1997240609,2071125424,711244841,-381058783,1666256510,20174
1052304492,-27586030,-584334301,289568038,1550244558,20175
-141188473,-2094215441,-2021364123,-102462480,-1194074206,20176
-466537718,1371658038,1912973508,-1148683297,-1241934976,20177
-1861863850,419889316,-164804929,1957205778,-820417543,20178
1272451849,-476578491,-563887613,1901743792,1142512789,20179
2059368190,-1913110949,1018722074,-2010647063,-1592668951,20180
1917240222,-729062991,1431605913,884029825,-142783555,20181
-643307528,85904297,1517052902,410411336,-1485858982,20182
1613054437,-1592998014,1255947804,1515040996,603697804,20183
826903633,-2109477422,1096893489,1989054581,1349800084,20184
-1239357523,1832930735,-1274252518,-1725872277,-2099196135,20185
-1131028505,-1757124430,1551550473,-15244266,749400737,20186
153988652,687662543,799025685,832177066,1082026877,20187
354396504,1712344358,1142319303,531555855,1992875075,20188
762041770,-205001678,1465841267,1348481672,-2011665280,20189
270675483,-533098142,1494101357,2010640364,1166260061,20190
1297902563,-60085560,248641647,-929389009,1895953115,20191
-72600076,-1561022772,1222751527,222801295,-1441927660,20192
-1086178074,1789174697,-377164382,2025611936,797395817,20193
1700581885,-926233235,1260078470,-1026206901,-1831028000,20194
-51804866,768482950,1701861883,2043555242,109342167,20195
612083952,-943236707,-1226329018,784672634,929036873,20196
-1915492390,-493153756,480027161,-2076873227,-1571428283,20197
1885673912,215669182,247009111,-996111692,-1439485801,20198
1522225248,2016806777,-284660468,-432513711,-87456618,20199
-1975669064,193810675,400770713,623904203,1285007236,20200
52611465,-867063672,-1774778210,862159927,-1854976492,20201
-1267634590,-1942015009,1694762962,-946743900,-456024248,20202
204375021,1884610975,-870331806,63837333,-1019743138,20203
-728097047,-1073272653,918264904,657640477,982892784,20204
1148631902,-1363042333,-1303023029,-1817170106,1293008110,20205
-492418027,869776722,-915093598,-1542809855,1055567130,20206
-47024162,-802788483,-2077522932,-1857391439,314055255,20207
548507572,2115404930,763561993,1953510875,74256988,20208
648456657,-1377159809,206505185,1115727717,2014789938,20209
1872689708,-949093613,1496431544,1191290300,1148989910,20210
2097349906,-1146827643,1791610843,-681990143,1767898810,20211
109086751,140678525,1060458079,-1081188437,-1746382431,20212
1875092662,-607867649,-1126211162,1462311638,732017644,20213
208224845,-1823612796,863394538,1425000795,-1449277372,20214
-1125441770,1908148503,-1247099014,1983139464,-1526141428,20215
-232501163,-1902035085,648131616,488509924,579540871,20216
1272029507,-375796908,1393701099,2079545834,1389412029,20217
15463095,-417268078,555768474,-1615213567,-1106932565,20218
382748296,1988633119,1809699755,-917039745,1624270485,20219
-1204009490,512065552,-651143909,-143870617,1762096659,20220
-190833938,-1098503833,959124578,-1684278696,-851037844,20221
-1814082187,-1970537542,520406309,-1817642436,1329977627,20222
583098091,1444374840,1983432744,2069461001,2062235121,20223
1325241613,-590610820,-137275437,1368117557,-91368094,20224
1156159059,-1877848183,1948173071,-336473978,-1853491583,20225
-447435565,1199991081,-77750517,-630536198,995446801,20226
1926329228,-1840533714,22542818,-185253246,1452464782,20227
-1617983602,-194248643,678190414,604458959,-390610431,20228
-1165566706,-421158219,44519726,1926252547,583860234,20229
-1113600435,1654020308,1678835461,1926668611,-1864578818,20230
76153063,1229409090,39130081,-1419223181,422609000,20231
1402968645,-1346800031,1534306015,2000153154,1268321548,20232
-901108782,1255730356,-2113240911,1514854827,-2070048051,20233
1243243104,-1853759268,-867169573,-457057337,370841936,20234
-1682115804,198362729,-1821062634,-1418684988,1561764614,20235
1504058336,-1633937560,-254084461,-318773808,1794831670,20236
332191575,1737219142,-1448260630,1982801064,-901497004,20237
-818402977,-2064096704,1012141928,1629993871,-980750215,20238
-1098205416,503300934,1180893214,-158368151,1287688212,20239
-1645572247,-1909842473,26638980,1159059924,-842969113,20240
-1859398967,-612454968,-640020653,923308072,-676549013,20241
888811657,1909277953,154058086,-2021620163,-2093139272,20242
1746091813,-1044930192,-2111074702,1068628307,-1692997578,20243
-1472595299,-478689305,898816940,1717346995,1054130390,20244
707998833,360687906,-1421139437,-136685922,-155761152,20245
-885038636,-1917365789,-2113070017,-1012388139,-613879084,20246
-1688382923,1478199056,557723852,2117582013,-1357391093,20247
-1586073470,80137314,1054345115,-1784943095,1724750252,20248
-150322605,-110469480,218704129,-210411831,-1787591636,20249
-922941290,861460686,1007447092,1299853002,-392482650,20250
-517526195,777085549,-1757803753,-199458619,1909346619,20251
-1208747425,54956741,-1760755914,635223662,2044436972,20252
1116518863,1795246856,622364565,1458164304,-710162054,20253
-42587508,1090686733,570503726,161400896,1507985216,20254
1222573033,525080484,-1178426886,685522316,1588846143,20255
17475543,-946967512,-170504856,-639904873,-844650042,20256
2042858857,-104162110,414011463,-2095686167,1864631289,20257
943429667,-104848053,197035882,1080581396,1401161699,20258
979693401,-396612642,-448487258,-1012902847,-284930688,20259
1087444153,-2104266012,-1472487433,-251212755,-350580024,20260
1587294666,-1522080654,1165336088,279086539,481434652,20261
1252589119,604717303,1455850461,-2062913314,-593046513,20262
-825986544,539022712,-694734791,-384048975,291195414,20263
-2047181453,-348370101,1272054589,293783746,846923957,20264
1229545339,-2044912571,1485714928,-373068933,-1020750464,20265
1160888687,-255063382,-1638435607,673046166,862098726,20266
1958939238,-282537925,1075202446,556689371,88468789,20267
432822004,835458691,1191992070,1896824751,679124570,20268
-673545067,31454931,792047532,-775639700,-2029364913,20269
-1436298777,1553580612,-607433049,1940516623,-1913864651,20270
1028042240,1821901615,2143503362,-654337516,1045264893,20271
-851802979,566201536,162349402,336444975,-47307975,20272
1626239470,-1561064601,-1271526733,-882044424,840204311,20273
-254671638,-1539920185,-2088094634,-406568353,-466673092,20274
1462860621,923739400,793665803,849202729,445172398,20275
1032430824,-1199146786,-590650465,410151773,719203691,20276
-1543600923,-1869696008,-161105087,-1647240322,-74917388,20277
305459669,-1694775112,1836955732,379334140,1081264448,20278
-619776737,-1387690280,-864050170,-1685969959,62546129,20279
-1199914823,-31362505,-1712535389,-1705570835,-1994314640,20280
718545191,-1015980575,-989147345,-845817343,396464799,20281
1716191793,-1091464651,-484665424,-1233992732,-1876429124,20282
-667841645,949055497,1965653503,-1582917459,999979751,20283
1782045101,-737380088,2036328206,-868313727,1092320836,20284
662715307,-1353604050,1605369707,-1960090208,1076367214,20285
-1123857887,986121725,1228649414,1445518108,837050280,20286
-917777507,279346455,-1676482970,-2033415635,688003377,20287
-855624523,760732320,-2050110539,-1610861426,310504142,20288
1450727140,274629,1235349817,-1272855212,2101059947,20289
440943530,724137828,1767372850,1659240885,83290809,20290
1897650665,-1270259783,-488427910,1492296022,816953570,20291
1623095856,-1233386654,437721174,1643748548,1499799197,20292
-1729911127,-1842987198,1317806795,-547868619,-1536114436,20293
2106212937,904961961,-1494242871,1072697455,1471985494,20294
-250014272,-610087321,748368173,1540887343,-1605336970,20295
-131505048,127959701,439070837,-1482046359,-45326710,20296
-660175913,-202323449,-1881933413,-1240181344,-338869205,20297
2004833741,421425367,-1050856021,1886393963,1824767065,20298
-1032910017,1414656580,-1710390766,-1928354189,2013120326,20299
1577255306,538603984,447792439,-831703030,-2080669296,20300
-997460388,-1974756956,1454179573,676483810,-1546053383,20301
1454006965,-851641344,2078479113,-1259254270,1730001564,20302
-1129722981,594825105,357281057,-168574521,-1401594450,20303
1985635638,-1209819704,726712796,-2063913386,1714962285,20304
1319574825,172839870,-782041117,1286193301,-205744058,20305
-81011041,1869968665,156554907,-1173495022,-501964909,20306
-64927838,-1943071303,-575282225,1584578596,307011676,20307
932823755,713534144,1436255747,-343737487,179095356,20308
-519341790,1329466036,1512943537,-1916004404,760543832,20309
-56365662,1271136114,1428104219,-1940948896,1124940952,20310
-952594918,1016999584,910610085,1322492596,-738092232,20311
-558566932,-2085481082,388287111,1753998061,-177176662,20312
-707110823,-1096175147,-866785328,1009752255,-1757713833,20313
-400600654,-1578377964,-1513534450,455239736,1687484327,20314
-497215085,-716808241,-1524427295,-1866161664,1711706851,20315
-1031125529,191889731,1276385007,155508399,-1179744529,20316
2066540514,-700597685,-290596585,-1503941,831555104,20317
798848809,969179314,932321339,-687185007,-1012370474,20318
-520489073,-77777471,1726267085,-629714543,39944215,20319
-1458791796,1500737079,535325721,-34426504,2016466175,20320
1167062133,-1878906193,-435583860,-1719026368,411541068,20321
10895075,-1082951276,-1997293056,-2123522740,298429317,20322
706179785,1598267263,-1348759699,795305545,993166846,20323
2088747759,1801268278,1497160122,-1277770405,-391043782,20324
977806020,1341325579,939305861,1837356565,210363415,20325
-1462605763,1115852183,-733229865,-1471124374,-618851511,20326
1952812014,-29467630,451080343,-2006051916,-1220238359,20327
2043098791,-562457052,866346633,-814149000,1353637092,20328
245270314,989339249,-886319113,-2088228785,691339156,20329
-1285762441,875356494,-87436747,-1620964668,936311535,20330
-1679163,1616892052,-221673407,78680038,303908410,20331
-659036912,-1935864582,-105564736,-1071034742,169430102,20332
-451993999,779996011,-1943458045,2019099393,1305359428,20333
1994162372,875294229,1629400679,-621061604,-1470400486,20334
-1649691411,494562123,-589524344,-1850396623,898502501,20335
1464141170,104603506,1035993286,-552007374,964717901,20336
697877212,-638309035,2130491179,2097313925,1587738805,20337
-590713097,1554058285,1309952784,-1145127994,-1890741290,20338
1304866181,-948438289,1298798290,-506766468,-442630477,20339
2130230128,943591383,1746689276,-1188827561,-26862092,20340
-846792660,1392473064,52615639,1080573198,-90122109,20341
1651605329,-852856377,1505635125,-773540503,262271,20342
68124670,-781080272,-1615632876,-1558204172,493818939,20343
-1857572728,-194648787,-1795877403,-1647345418,-1647763000,20344
-117521735,-1411634767,-672750769,1896979441,-1653630900,20345
-1428816378,1049438205,-1675325843,-764913316,-1489690250,20346
2011453637,-481214263,-184145006,-1067181256,2115423086,20347
-2130163177,266737300,1177307732,759021136,631833318,20348
-517895257,841747421,-449629931,44478410,-1748320027,20349
2094527295,607242580,783947605,-801448225,1467944997,20350
285451073,1801850428,-595616820,1115094205,1454514365,20351
-2000778312,95095115,151679613,780281173,1110926015,20352
-1135391198,-1113506359,-1277646543,-647751990,929263698,20353
-574624100,1713166455,1077250859,818081793,637908451,20354
-2095716778,590406501,-1839025133,-1218768114,1992585254,20355
-267473934,-1421062944,746981330,181985888,-1755061590,20356
1400638182,396730290,-899738667,1059690740,-636227628,20357
670821865,-879065835,-1875152755,-715617592,-1906601063,20358
31864865,-1750651180,-2140051811,-317921858,-1898445117,20359
-684038855,177329551,814281260,2046651226,1885857918,20360
-2089528249,-361121016,-283504778,637699240,1831462172,20361
-1987762951,-1721149653,-154299298,105523557,-1440960470,20362
-83732353,696575963,-1353079916,1809779509,107869482,20363
1797139913,572590492,2122048557,383751420,1843572302,20364
-2123338560,456368106,-1281301779,-1158792359,1200996893,20365
1978266484,529060546,-1488828785,152830094,305434141,20366
1576435760,1115392467,1164295241,1339212274,1959501943,20367
444255302,-322338130,202780257,-1249633008,1513233805,20368
634484462,726222623,-1009661450,-1536169584,-697256877,20369
-897673251,1433257098,-205788177,787519647,304569039,20370
-1264035014,-318906926,-707248541,-75394303,1186340358,20371
-1131925217,588298957,1862374992,1925828442,412464131,20372
1854299420,1614965277,194827819,-1433903133,2065762062,20373
1519289699,1226302879,-350036460,1892917101,-338117377,20374
-247452324,-594275051,141629722,-1116048350,1185053409,20375
44702393,-601501255,1530819551,1162648406,817787659,20376
568851212,-890199776,-1852270008,467137048,514445960,20377
-1208125669,1741777664,361615086,264084253,-1524895411,20378
-1478282269,1016616349,-69072535,605553376,1253323382,20379
-918363324,1486466848,244272922,-1854725428,-1772952265,20380
1773388743,-2140978581,1002695050,-332791679,-769065025,20381
748603862,943790581,-219956168,1404668441,-1954229550,20382
838814110,265726934,-1789399676,932347587,1099871024,20383
1355217712,-278066236,1463588540,-1088485471,303423330,20384
1147148250,1559817217,2070698209,-1521117202,-1521261047,20385
657120926,-1121138194,1121624933,906128613,815736770,20386
-781340237,1752766307,1857241700,982289495,-334778371,20387
919609592,1767534917,1599106615,218719712,-686739152,20388
-1227971993,366788225,1706856971,1076568277,-1835979282,20389
377569508,1458693476,-1999811303,165973454,-2069649977,20390
2073123490,282009798,1045132577,-1662316038,1743867029,20391
-827164081,173607674,-774545864,1897253650,-130748437,20392
1233312180,-2017658853,2063353283,-1606416556,-1503433332,20393
-1837822240,2030179566,581589062,-591864074,1607262876,20394
807023340,-532206184,345853822,1108723716,-1489162969,20395
-787591175,2107582500,-333655912,1019973918,-231912531,20396
-1151995991,-1215818087,1865154866,-1776768963,465393957,20397
-163004983,-94233868,1128105632,-1105437028,1352367524,20398
1510087290,-891866576,2134491471,295783774,-1889727755,20399
-495150104,-2088041808,-1110805734,-1132516633,-179370130,20400
-1660259382,1666538837,-1952640078,37883931,-587345900,20401
-1961067213,886079809,16430379,-570437263,2088638925,20402
1499283240,207597581,578531159,940450021,-433271608,20403
1642120286,1425659141,-398720938,-1823740902,-1186320944,20404
1971251700,-1095898811,-747840728,-153093315,-1705845939,20405
1006008665,998700392,106670173,-27450341,-923543939,20406
1662893924,-246744470,-113311750,-1571604566,-420553909,20407
461376085,-1369506721,-422307486,1339590868,1622721780,20408
1790540694,-384696603,344330686,-1473592256,-491838617,20409
-1752566445,-814390626,-341505662,285206722,-910246292,20410
-1891360178,1245987673,-891290644,-1976034855,-2038066735,20411
2064585022,-1984604557,1645201800,100047852,1775037841,20412
770834844,-2043153262,1741516383,-821473181,-1578535120,20413
570281900,-780499032,1394085053,-396014656,-1633419724,20414
915499164,-1490989332,-1276309354,-1129142230,-2000113179,20415
504485664,869384239,-631604414,-1626193171,-2121769603,20416
2071676587,-912250461,-82479076,422724838,-1091628614,20417
-1954266518,699663931,-1603853269,-1556415720,-434423197,20418
-1748319029,1430863093,386730210,-1505200522,-1554980936,20419
1172705138,971575452,-1000759407,1544853944,-1958849637,20420
-1856043858,-723528956,629707763,1606472320,-1599432912,20421
-2055339039,-1515345786,-2079488927,869572675,840517101,20422
1400063937,907681330,1956705677,-2097611092,693895935,20423
1047979795,329948327,723493858,-1398610592,-995708585,20424
1846834959,673571666,-178358716,-418098616,-618847363,20425
-749052103,39825032,-1629703571,-866980831,744638509,20426
1290504469,1067944496,-710851073,744223871,-805572561,20427
847705698,-1479694617,-1092744756,-1953056771,-429804394,20428
87963453,1769223876,680608773,1322478807,71134523,20429
-1666762031,-915523071,-1729755196,656658902,-702228143,20430
1099600410,-1307943741,-308133269,-1579001721,-760907006,20431
-51761260,-201579255,1342554533,-1719229364,1618176894,20432
892913123,-1457299129,2074009621,-1278029247,-1652586329,20433
1587206854,664786035,-1613474218,-752232154,-875028515,20434
1077673418,-231085898,1752431460,527595048,-1589734031,20435
-1357368937,792106757,1126191127,-1470241006,-1496740739,20436
-1970940045,-1709885623,509585562,734948366,-1666345974,20437
-180496802,-469952313,-1140502391,1009727061,1953669980,20438
1868810382,871474045,-366523904,476129977,-715673534,20439
1994776997,-2058875830,1743506268,104618465,1626038115,20440
-188984168,-1220928795,1040542622,-331317968,-1928038043,20441
1873981321,1516982197,1501458106,198434046,774743842,20442
1652852569,-2026979993,-1164841559,-1121908964,830610097,20443
326030572,936945285,-1401182032,1084929643,-1295740711,20444
1726928937,1406731436,1389238506,-1572408822,-701695471,20445
-76218192,940217846,-1886386407,1016978306,-1373999951,20446
-1847552674,-540441026,-575340829,-827862012,2072679485,20447
301127866,-1284663228,-625728543,220911527,-327263000,20448
188622716,-635824441,-758202478,1076049958,1848178542,20449
563801510,-172593151,124823231,165563436,940054055,20450
-818129461,-1851343792,-1016383881,-595597357,399949748,20451
1761231753,829162609,-1644057210,1760342716,170056353,20452
1147165860,1349675892,750924098,-730368148,516822229,20453
1125016011,758100672,63457859,-1563212571,468911390,20454
1920916540,2034738011,-1678553728,215648064,-1910832758,20455
-333304901,-1125903657,372601390,1308458325,1263676363,20456
728177083,-144734875,-853125460,-1500334088,-1217501004,20457
1661399637,-948521916,-409667265,-1639497498,526902100,20458
671254852,-525400310,2123694212,-1163712153,-1926507967,20459
271950338,492513176,1694794065,-1973771272,981328452,20460
1217714558,589387501,-1523934345,-362859210,-277719035,20461
-1509352054,949272960,923495540,-481608479,-77290199,20462
-696570258,1369479006,-364756645,1032821032,-1517875428,20463
-1702162550,1291024493,-1362138057,111339082,-971910547,20464
570054848,-4333093,1760163236,159978786,-804019619,20465
-262563920,1574694344,1887076427,-2141591925,-12100927,20466
-1665521570,-1745895466,-875419933,36690283,792227891,20467
-1480830143,-483836367,81231118,2040896955,310545484,20468
622828824,965111172,-1178033929,-904098394,1901568341,20469
-774905552,1380768813,-2041687775,-1982046433,128550511,20470
-1513050754,1872193493,-1861519895,1592405364,-549618030,20471
-1510340170,-2026372010,-168848932,-530722997,-246254204,20472
-343493729,-2093582145,-1501052982,-242214839,1990055544,20473
-1363656673,-1936386689,851081674,951534255,521354107,20474
1704890106,-1656619647,247986955,465458446,-888400564,20475
1672635931,72495571,17508236,-1630838399,-966645892,20476
-2123360654,-571347587,-1082138778,1374253316,526057696,20477
742668142,-1013409969,1233186725,-544681516,-1968183063,20478
-1618536824,-1508265643,-1133667774,-2028127560,633574592,20479
1813672601,442581499,-581408760,-1904782534,-1430555772,20480
-217525492,-742385490,-856138166,191329397,1454647406,20481
-1308081807,-1467925883,-976006366,-2023783949,-1142469079,20482
-2043194599,10807800,-2106460128,-761102290,1834773998,20483
-1960749705,-705591742,1203679252,1884969474,-1536749506,20484
-1139630629,-284571869,970619357,-1160696767,-1312895286,20485
-24095686,427386050,-754431425,1010992666,343516720,20486
-1733734123,1420407809,-156895374,-204192881,-1598939336,20487
-2071043699,1688792205,-723339065,746303407,694222343,20488
-1849116296,-1119357153,-1217914966,-164701590,-192342172,20489
-1129461382,-1592085379,193472908,1623882745,1040968398,20490
1878646475,-1029051027,1358099253,-353190019,-273597802,20491
1324354208,-1731807547,-199610332,-1122432088,921387412,20492
-1798726244,468222802,-1093866875,567329565,-20470998,20493
-800997099,-1355457368,1985969946,-287064979,-1986002377,20494
680313155,1432151607,-2126160726,-1712698045,-142930056,20495
1478670687,718722817,1452271640,-1992731306,-114687668,20496
1499048453,-275841300,-601836481,-459173738,-971595647,20497
-957107604,7293891,-32779978,-1815433962,-62188122,20498
-687368660,-2033044294,918718840,338342127,506174607,20499
2112268834,749194375,-603346203,1541196101,-1026760742,20500
1518443192,-957707379,-425560509,2041649271,-1821656509,20501
-330347318,-2056300707,-1449774322,231545143,1059691572,20502
-1526527103,1752556222,866498773,1469950827,1599161221,20503
-310479022,718667442,1367324715,1870205405,975436700,20504
-29668048,568070053,-1785850274,-924082535,-1995742290,20505
-1358812428,-1487702238,1060259647,-1382819012,-1256792841,20506
-50291434,1511356771,-862698993,-1944181729,-1242066413,20507
-1722854247,-193375847,1099774521,-1166752579,-1521017222,20508
732291422,615851624,542279822,-234610223,964057213,20509
1229582257,-772726599,-1021368410,1854988117,1282942676,20510
969490204,-389853072,-1536017226,591569490,-238425655,20511
1476767146,1631821181,113696849,-545885797,-294556329,20512
-193179695,1069897567,843632942,1691892757,-1268188861,20513
1032182591,-171658361,-1821059146,508150302,-643271672,20514
367689438,891151031,547700692,1953674828,-995699868,20515
-1575867121,-2102162098,-1433607119,622791951,222636315,20516
-1215281645,-27221178,-1435444318,-820264592,1415537111,20517
324441815,1190073769,-729443243,71586472,-459726525,20518
-1723815850,-2112512851,-464900027,786715332,-1487648994,20519
-1705373797,281976044,-1950454860,-1307016630,-1237205410,20520
3567136,-1029137590,726215212,-1575323502,823115612,20521
36506214,-1652148738,1222918405,143005526,-106147620,20522
-1357224145,215056838,-1085847237,-1090392447,887580418,20523
-162661667,1205748615,-381493031,688291752,229436794,20524
-350991790,-243403471,1146996801,-376604561,1097725308,20525
-1085588058,-2007182715,16372183,1751874145,-1229858299,20526
-222439994,-1365104780,-789144852,1763175678,961770162,20527
1856840452,409636229,-1900465807,168809767,822259415,20528
-1408823506,-275063598,-1390883335,691142090,-699835457,20529
2099336102,-111747467,-1860146956,-1641369306,-1567295156,20530
-1362415434,115824265,1675046999,-313670572,1336319760,20531
-821660209,-1258670836,-1661732555,-579704506,391521890,20532
-2037987811,-1845434434,713256337,-47792976,-252506658,20533
-799009867,-890847272,817270555,-1630215935,-421145673,20534
242921074,964864221,-971348842,1249358116,1804998092,20535
-982074263,-1936142621,-866512007,-899397119,-2037855414,20536
-255514406,-643967911,-1935062874,-1786800919,127634679,20537
927255471,-1263545853,-437740927,-542597914,-1018672583,20538
-11921096,-2135688717,-1673527292,-1646125114,-1726908488,20539
-403848682,-2039424532,-1086949441,-1217880341,1979043461,20540
1060861969,-1439881164,-1931533547,1726438509,1043804471,20541
624577141,564209089,865898872,-450763519,872666695,20542
1029403535,-2142710088,-680796777,-429985765,1393666648,20543
405528616,192562594,951824119,-1388335012,598970010,20544
-562930668,1085816667,-1022809274,2087216742,-1622053934,20545
-834396144,-1661841333,-2046844638,1669515107,-1247910600,20546
-328284097,1416935596,313378546,1643479541,984414988,20547
2043031840,-1231722028,485333233,-647928050,-2096096019,20548
-1761226181,-1945743977,1414412156,-1915011098,2127700661,20549
-289481121,1863996065,-541526043,-347384817,1213427955,20550
-420577989,368973325,73879923,664198044,-1465136735,20551
-1773130520,-1565741604,662965332,889714697,108210183,20552
368101008,-386238578,1660002730,-1316089066,-1292842398,20553
-1504727926,-2044191988,1452793204,871705538,-1027291802,20554
-1015758119,-2010867202,1031018442,531654408,-997230410,20555
1369725649,-1771149846,-346892236,297526343,1216117357,20556
-1837439119,-1333077743,1019262827,237055307,1323642564,20557
-748340536,888251451,86315953,-402027314,1967134032,20558
1709406840,950922017,-218101921,473630995,-995496147,20559
1144753381,-1764071312,-606421286,1236622575,276623008,20560
1501183223,-1374437859,-304368569,-234827083,1463762344,20561
2066625253,2088272264,1711180397,1850217449,95130654,20562
778535153,-430639086,-760801230,2017207702,1593284588,20563
-1965781046,-1891754941,1145079043,-1554289026,-1418036593,20564
268267414,-508530964,1514400790,672270387,193496114,20565
527803707,387307531,-1416534790,-569289878,971442033,20566
1641601513,-1280648335,-1790204266,1685756681,-1521437314,20567
384592993,1250528413,675141224,-623169222,-847335223,20568
-2027268538,1941429607,419106738,-1020933496,-967040631,20569
340262457,1029493451,1301260184,-176361829,975247662,20570
-1643690067,1931375036,-1927193873,-111599492,-1905858838,20571
1559530256,-1710697493,1780731625,-1593473871,-1387288769,20572
2050362875,1807247382,-1567189423,-700340150,-684350785,20573
1116825270,1122339657,-231317672,-1358135599,-1077230924,20574
-1066747792,-1569337812,-37732383,1714345229,1857502417,20575
-1759447319,-230623514,-467169222,428447111,-141317554,20576
708763688,144398943,1125031109,-1581732640,390176747,20577
-570145141,1659766120,503741548,154407305,-1305118282,20578
-1453290244,636541571,-1542456468,1813466644,-1869163840,20579
-262686876,-1159364103,29543476,215132103,-598636617,20580
-26579969,1193163024,-2018107853,311793165,-1663030907,20581
826074826,1310168733,1870963429,1721423938,-1037388266,20582
-1607435636,652538313,932167632,1753573010,1421102814,20583
267558058,-1859658303,1382254780,430106708,-1303703273,20584
1908082839,505128257,-1394902280,1300948023,1269168106,20585
-2028866498,2007000196,-1674626459,-708163185,-1025579732,20586
2037000336,-1712173340,1106991305,1170486897,-1666341780,20587
1618301400,2146134476,525246265,1174753325,-1500985581,20588
1864817073,1359030051,225842385,703594684,247800718,20589
2042306075,918524079,-408993363,-1168827372,1788576141,20590
-848144216,98919675,-282636073,-1340426624,1460019781,20591
-1838425921,1400782968,-1697157917,1098939701,-1938700770,20592
-1005416042,-1946630160,252099875,541008607,1747818824,20593
-820315834,-1461166647,-1131013303,-1312204834,894217366,20594
-1882667579,-1639746975,-932062377,2022887929,-538949357,20595
884442802,-320266040,-570758913,-732994985,-1284254702,20596
1615529825,199585305,-137157222,539585628,-867352999,20597
-971256433,845321682,1742787034,-1726633541,387478173,20598
1827835358,1560789273,1844670067,-206511972,1979305764,20599
-865277143,-1310853864,252562107,267809476,-401548598,20600
-324744323,1197818137,1089116495,1672461411,-701459369,20601
-660162218,1372672306,-1894575938,1408135875,4206787,20602
-1200140310,-1489369926,-524703002,2117118622,-817979257,20603
-664432874,945861459,1939347887,662901041,1286616044,20604
44225001,-1368075907,2125756259,124816367,-540956464,20605
1550253637,-1941146033,1575821094,1280250964,1348469340,20606
-1766682547,-1693292839,2090760314,-938103851,-726248271,20607
428171258,1382561748,-590997554,1281834894,-1177079757,20608
226157928,-1429856317,-1337901568,1166601505,-20132731,20609
1598674376,617436788,312525909,-928902519,-2091277923,20610
-2014816082,14371646,-2030449683,-701704244,-1465449055,20611
-1717934903,-1890220032,-593372852,-618941895,-1068692940,20612
636404792,-1619961551,-1011111972,1091096431,995773902,20613
1916227009,-680529333,2014954996,-1154944255,-1219896667,20614
2017732413,1525709411,1256258092,635049568,193002837,20615
-113327506,381147914,-283582178,-903269865,-97237827,20616
1994811239,183322022,-2090271258,980088342,412914393,20617
-2120618737,-413242972,1096229531,1844690217,-1648469022,20618
1885279100,1551990247,165327488,1992190110,-1190126356,20619
1944227406,1711213181,-2073572025,-263688115,1602092181,20620
1970551128,1532814640,1057465461,-123262506,916833217,20621
-1723222139,-1699802113,1399040430,535933600,-945159726,20622
-407027808,-670845293,-684983349,78343464,337739601,20623
2083254212,1406729092,2117010300,149047603,2030237292,20624
974166292,1328557799,-1658800742,-1655829838,1532962,20625
-626785902,-316865089,1109497066,1745631521,419635787,20626
-1036317491,-1042162515,-418972990,-460261425,-1811777689,20627
-1726926228,-2104166677,1233820148,2139409272,801906887,20628
1877406739,-560199034,1912196533,-1158521166,1747142875,20629
-1178149262,748904325,1457125948,-396039531,1277311406,20630
-1340618155,1403851175,-338531851,-473145329,-387522465,20631
2088227755,-1409019393,1593661249,-1059309324,-1222890001,20632
110497724,-872004015,266851312,1899097194,-1078429099,20633
-1427479269,-1743644375,-1896768217,37072431,-1407830950,20634
-1659834053,-415707626,-2105519097,851579121,1613054894,20635
1301006828,430913800,1048420951,-239948833,2085795263,20636
-2035351921,1594938782,-951961635,1918992975,-1724746506,20637
-1514132584,-1697547461,-429454061,-389983943,-778998703,20638
-806620281,-1212716393,610763250,577828474,338074032,20639
-457513420,941034740,1080038709,-856837490,592890379,20640
-1107344410,1556505433,-1443938950,-1863635111,628172025,20641
1102345369,-794735684,-1294793877,-1691323796,-704055130,20642
-1205298333,361074217,-2071442371,-947526137,1734845477,20643
1718949499,-2080680726,929707514,-1986361352,449891711,20644
372887387,1092760809,-1951423162,-262359817,-1321245722,20645
-485290973,-1680106402,1375058848,-385592977,-357283113,20646
1886221143,271143150,1168544570,-1590034964,343741446,20647
832869083,1231689387,790087290,1005485210,-1406352636,20648
-708801926,1670876315,-180058553,-572214016,-1741016741,20649
-213341276,-1192059613,846451569,1607622275,198582576,20650
283148194,707834961,-237698491,1389275039,-1585998679,20651
-868036844,55226113,1248074876,1480141665,1295865876,20652
-1903556281,797327065,-980509271,-1443318768,809872254,20653
-97117951,1889397974,248346202,-787670385,2085295,20654
1773452765,-1450868776,-2081808106,-1451582636,-286670838,20655
1071116452,-735450124,-1676218076,-2059988937,1866621745,20656
725523083,1172247584,788423269,-349188751,1792752238,20657
-1988771603,132006579,-1308490126,268815098,-1864269389,20658
1775819165,1166866523,-1212776567,545847278,592147122,20659
-1192347886,949441071,-864746933,-646465091,501693926,20660
1131244817,910060185,737656298,1042825295,2091091871,20661
1003465326,-1697572212,-1539271675,536854205,-2063761880,20662
-158460749,-9016995,310722791,-1013529982,1831913729,20663
430855876,-1846209173,-813197092,-1195354643,-1727552076,20664
-1984786181,-920984962,511018248,-26146119,-898982142,20665
-238005251,-146828307,1376567149,1694905526,693180724,20666
1410987895,183241726,-1545872063,-1194543609,198789477,20667
1774473587,-924611984,695408959,-15527348,-661951980,20668
744173788,279481956,-352859334,-65740733,1743401944,20669
-1536088684,572228153,1066916350,-903437331,810317729,20670
-1705947424,-1041978737,-70670466,188009971,854838252,20671
-870190464,-685460964,264066914,1710001268,1635882759,20672
-1373036749,1784147577,-1174489703,1393407281,-540458452,20673
1588681455,1860191303,-1819382836,-1141840566,-1724126818,20674
-622119794,-1980091790,-618978384,-266230790,-509583855,20675
432575797,-1433362627,1783028222,-1672569809,925937593,20676
1504130732,-1671724544,-1349544262,1902977731,-1426128709,20677
-1005182310,234526779,679964232,-701833172,1960473039,20678
44965763,-713226791,-714624768,834509440,-1501413100,20679
-1154372708,-753905386,268048531,4747265,-326345242,20680
689897465,883639581,-936042861,1090182277,631260507,20681
725695267,-1163268206,1445480799,-1954222954,-101471609,20682
-520379322,-1547896642,-2136995325,1464702843,-37928479,20683
114924305,-1113376665,-728057286,623006779,975544879,20684
-1638448376,610015417,229563507,-686830003,544124413,20685
60279546,-1777411970,1822473803,-1011449152,-987425280,20686
455972697,618161548,1801880913,838800409,3896092,20687
163078986,-296019641,-13444775,-810919744,-1429060629,20688
1574981786,617078475,2115069035,837880517,1686466999,20689
2042354395,2138010623,92372966,-457015655,751803636,20690
-505989501,-639839245,-354495117,1749339482,987723102,20691
1262120181,-314053098,749535627,301053827,-1793663992,20692
-1628999108,953331030,-179463825,-1963992857,-876985592,20693
-121630515,-1511273980,1397336613,-689754687,-351585515,20694
1213808660,-1781166675,1658163889,-512861791,1287446019,20695
258959261,2020447661,-1179311620,-1431927370,-1495148527,20696
451273553,248305354,329615965,-1955970209,-170968180,20697
-1081639698,-38191366,-1901429026,-1677391661,2072529503,20698
-720818379,640801514,-225416026,260877680,790615342,20699
7960835,911681506,926100054,-696141621,1203542122,20700
1701371110,802731001,403848509,1206299235,1249617868,20701
-1646575616,598557326,-1629134779,1988199083,-2037371994,20702
118117127,-632271219,1808838354,-589179165,1885944281,20703
-490085275,1874014216,-1203329932,964172878,-1058150327,20704
-1156997581,-1154345179,1965528811,-1810454783,-890639512,20705
-770367043,-1927241472,-9117475,-913218452,1824176920,20706
359649235,1039894034,2051117988,1031915068,-826046038,20707
-889325099,-582006972,-616742642,150314733,2019032206,20708
-941268652,-1182000340,-619706075,1527027174,2091644821,20709
-1587795950,-456664499,1537954994,-622850574,2021082204,20710
-1783092629,1699369017,1167094832,-1823525746,-1736460395,20711
-150562414,-1963334513,-852581238,-1513251033,1623788469,20712
-1330427006,-533188376,-919180247,1060292787,2064463720,20713
-121697513,2051019065,1572396039,-1452778474,2002795280,20714
-1234681432,-177540751,-2025711493,-64324643,-963712212,20715
1483515769,-610613093,-1733903528,261726822,423274260,20716
1048400343,-961556612,315549972,280274191,1047453966,20717
1367387621,-447550967,1027989003,-968636878,-624916752,20718
1703531747,763330370,-1916330583,177637633,265605446,20719
-1379459713,973580515,-127244403,1046805547,-279163628,20720
1843205691,980489004,-1582278358,-415988424,-563884106,20721
-129232195,927720154,846193372,506148820,-870039880,20722
1737790526,360087250,1354855930,2042434834,994035364,20723
-1714274648,73756645,-233502947,648060145,1542863463,20724
1939410152,894780907,1252501137,80193087,-1365237291,20725
1397201748,-1049871037,-192330184,-355351775,1812067142,20726
1002434435,12549676,866370602,-215341596,1168081278,20727
-623685013,442200366,875827231,-966890172,-472359191,20728
1364103759,-355914560,197454029,2056694193,1048388152,20729
-515669251,48799946,-657272042,836871617,-1877691238,20730
-559845021,1464215155,2018640308,-313040769,374641895,20731
694549097,419985892,1085937262,-1207694054,-718819990,20732
-402637373,-610343383,879785864,375481953,355932974,20733
1276487342,-942648980,355408296,1911483975,-785874138,20734
-574938169,539785303,749244710,2118548490,-1182204743,20735
-1216844710,-1153498265,-2094143595,-1571142262,591444434,20736
-550851276,-88551101,740503790,-1810169659,1285713918,20737
154939113,783068244,352260940,-2139913817,-700061037,20738
-14605372,-713845946,-422124387,-768275482,303235817,20739
1944275911,701857915,155247636,1082782567,-1783417624,20740
1254264889,829082447,1017407420,1743090392,-1337625988,20741
180867222,364366019,1684409266,-573764531,1446352243,20742
1227377151,-1878664276,1184751136,-811098916,-1205661566,20743
1199281289,-1998229105,1726167392,1703735768,274155313,20744
-1984068393,2098973711,-1743414686,1470631456,1548928872,20745
1824964937,1452714022,199106714,-1375800233,-133596458,20746
-1214238865,-1810839832,-41934207,-903355147,1185432543,20747
-1128303361,709955853,221912806,1973080989,-743773358,20748
648401096,-273281251,-139878082,-1515749433,-2022719275,20749
80493973,-817466486,998305708,817013295,-2082270307,20750
1483527750,-1656467375,-1794888096,-16521934,-204602499,20751
-531598577,-1106077039,848731717,518182416,1762681876,20752
-649083566,-1672236213,-2004583837,-800863971,2047287447,20753
-1691977833,-159465077,114721569,689810425,-368785364,20754
1819546418,1122145515,-165350920,128041204,-1661862449,20755
-496724415,990512347,-1291099665,1419769258,-1439296336,20756
-1798142064,-1890686839,1142409393,-1119563593,-933956186,20757
-1436909214,-783178062,-1021364141,1980115569,-2010374921,20758
-1798798301,782839650,-1608689068,-1204593417,1321337604,20759
487478831,-553233710,-849768477,1900270480,2081513348,20760
1739017476,1440769443,-1278054086,265744098,1436548305,20761
692670153,-1017961565,-372352790,407130749,255008611,20762
1164668472,-882457177,202130878,1944014801,-2029852561,20763
-2124494773,1813915348,11764,275062890,191331922,20764
1179037731,1325747862,-1555501997,-1804386836,-1465807236,20765
311867419,-1838072006,-1369302371,1736045949,112601668,20766
664786845,-1753124932,1727626327,1830971489,165571665,20767
-78698310,25597458,2044299915,1062419736,-614518215,20768
2052597698,2079009076,-677831918,-915577792,1270639631,20769
-673033729,1679064364,-2056106832,-1172767382,1128428350,20770
811177790,1780395262,1271368519,-59883131,-1090504365,20771
742247586,-1433955530,1904497238,-1734799450,2100578947,20772
25988933,-1743593646,-321854920,246857470,702124065,20773
39359448,1283113346,-489434434,1032500305,848128102,20774
-1802448426,1614975381,155522884,1290594357,-1310545227,20775
683862726,1585532510,1604799557,-1857083904,-1948584226,20776
-529693268,-438720737,227842369,-703925771,-816443303,20777
-353657736,-464517488,1769250598,-1568766626,442015319,20778
1503463425,-523123354,-679087679,621109262,-1532426837,20779
-1085824284,-2042109323,-1299255175,-1773507012,-927290095,20780
1872454630,-1684772846,-1507559355,345706327,-1445463720,20781
960056247,-1344953783,-1156915624,-1304507307,1394293474,20782
-1815555459,46518541,-450665780,351241214,771565584,20783
-1727829817,-23774021,-2033114537,1818502333,1630144866,20784
-64108037,1440002091,2118485945,-1956268839,1295568855,20785
-213383142,-1397628735,1331867441,-1389780115,-174670425,20786
-2046446273,-1517721875,-1900619704,-919566970,-1008268868,20787
1396568665,-2119763282,-699674518,-548232967,-2063822208,20788
337978972,-613326814,788365197,-230761411,2136008736,20789
653985169,-1037586717,-702694346,-1116239069,2906105,20790
-1633441262,2119098574,-389621700,-1797635221,1855105973,20791
847826166,1085417401,280398622,55669682,-1493505403,20792
1471034099,943527322,-496933374,770995786,-2015167341,20793
1902782405,1495615103,-208128625,-726284361,-877780578,20794
-1969623577,294554859,1223516615,97389860,1091505518,20795
-1081423772,624280345,-1892490187,-1384494103,1640760854,20796
1927959082,588851932,1440777892,-192417904,168677866,20797
-1271311346,639928304,1303171721,276339443,-1380851483,20798
-1057493800,1799474504,597702014,644350823,451501903,20799
962566399,780722821,1646163166,-2138338507,1111481054,20800
1829781399,207021304,-1443079794,-1745414945,1561426857,20801
1888414097,179867214,-1979922023,-458171253,155911958,20802
1649110201,-1511008506,518979888,1805082148,1125005086,20803
881003932,-1954862466,-1054313517,-1340541885,-583073194,20804
1550372637,-1143026506,1701963528,931442224,-468262715,20805
-1407050664,1957815643,1218079165,1349981995,441662540,20806
1596764537,-848565206,1227468231,807052270,1486478499,20807
-801902202,215084500,-225567801,632984421,-110272847,20808
-1161607232,628478737,1765045691,1335107044,223351278,20809
1398683272,-815358147,-350353558,-2121613193,1879161976,20810
-1336208491,-549528729,1865848355,-743936683,1754928486,20811
1813195327,-367077622,2133570104,-295979995,1196706884,20812
-1061323675,1635941862,160794376,-743283516,-2099286629,20813
-445445154,-1388017945,2045750541,-1575303252,-1989575737,20814
1885250729,-818129818,-996872316,-1964589828,982961365,20815
890656227,1551622384,-587224153,716337795,-225316114,20816
-1237298880,175230848,1966626584,-803828024,-156922464,20817
-2054504935,932391380,1278023172,974908425,-2135299989,20818
1450576586,-471173963,-429831292,-1689687523,515440152,20819
1071626601,-513744344,-160989550,738299563,-1796223274,20820
-1098194329,-1328838000,609826382,903456294,1340166423,20821
899038797,912077627,1124217328,-1965795087,-1828178741,20822
-2126431137,-618259454,-34329813,-2046153967,-1186341487,20823
-146245667,246717068,755117615,623717062,237759892,20824
-1894003008,-663902828,-873663368,1099978379,-2119852557,20825
1020436261,-1776624884,1160886655,949102833,-1076674435,20826
1430748076,620723620,-1905333292,1914557200,-2075675693,20827
1557344685,-2107378193,1742554305,1117318373,1385770790,20828
-2100440078,-1801485154,-662348659,-176580653,1387002441,20829
1124576690,-1904299432,-1150570348,1000300222,-1782686032,20830
1130961417,147429437,1298012477,-829471356,247052219,20831
848887598,783397305,-2104853412,-806471698,-1642528289,20832
-422300600,88989913,1369644201,-2007072549,717494522,20833
320996746,-40256523,1227911506,-234012695,1856534098,20834
-235459988,440053301,1263688788,2056351470,715091768,20835
-1475582999,2140724062,-164008458,2004838084,1221570459,20836
427404072,-1660712525,-1212927732,1897232308,-59674692,20837
660553050,-1282110949,2116332698,-2104943629,2019188396,20838
-910200726,418276524,377657451,-2085625956,1717965904,20839
857595461,850679657,341832755,1102397488,-1523506220,20840
971812673,-903964998,51173246,-14847825,1511530672,20841
1902493028,387178904,-49223594,-759622848,-1072022468,20842
1040081597,-708640617,683080452,1831234883,2087290667,20843
335554890,1524200257,-1616824406,1996928206,1669036146,20844
1550317074,2038282174,172183063,-980451880,1661606420,20845
1617444703,-455287546,79433712,-396583468,-909175040,20846
-2112478159,-154347142,-65875727,1143701564,1818119223,20847
2128136269,1498471308,-1601401532,934747876,681598622,20848
-1171871952,-1403706155,-161273121,1846225428,-501388798,20849
1422168163,1103414624,-1661506984,-1419467353,2021674230,20850
-554896672,68914517,795722665,716635473,-1658455127,20851
983617765,-1648782781,-454509538,1633254003,1751572047,20852
-191558862,-1909647778,-924361709,-370402635,1604203260,20853
951730597,-2126103912,-33981536,318773902,-71348234,20854
-1342243557,-1738276798,-1621610751,-1708161872,571380990,20855
1558979011,69401543,-604408783,-1069146703,832754214,20856
833328301,-1413196703,1725232031,-1698429241,1337619969,20857
716678490,86213715,-17174998,1371435562,1209673007,20858
-1036460025,1737969311,-2135264073,-1922060718,-918556712,20859
547293190,-958551306,394973348,817137791,-900147185,20860
-1699598639,-546238879,-1399644848,653618913,1764251198,20861
-1313016692,-258005841,1995371430,1306205912,-1150970097,20862
-401755852,1488495800,1803875604,1622521414,-1374343507,20863
577725585,-747745528,1511753869,708871633,1921077969,20864
428196643,-1785313004,1936758941,566014478,1599039336,20865
1087447801,-1136189948,-1059192321,-75514086,-1554322015,20866
-1053172600,-1000188489,-1582006709,266631636,-43940936,20867
-883150168,-127803705,-1848964956,66056928,23424882,20868
2047493407,2056995304,-1620563158,444441096,687997882,20869
-177886259,-306538377,683645250,1760743980,1519170891,20870
1240699152,-1795815177,-415457431,-2096623641,2083394484,20871
-1336029629,323999712,473725791,-1348342904,1020109326,20872
1899334022,-1458064284,1892546790,993470690,-833706983,20873
-1418110935,1083681682,1843893944,-1147217151,-1806566861,20874
-1639715707,-409551982,218601639,-325889271,-1865237250,20875
211916152,749391686,-518092367,535273006,-1299815692,20876
1647983682,-1276115896,171725779,-616189260,-829715796,20877
-1934683231,-1060994886,843426710,-484337895,-92030440,20878
578226190,683930127,-608117016,2107573996,519458877,20879
796055660,580490610,1219058160,562444664,-1774894074,20880
-478722699,-996545502,-1392832696,-367003979,1439953308,20881
769231808,-1691815875,-513916939,1041532653,-1724064772,20882
-799038772,-698174285,1811633475,551753129,1441620421,20883
243756301,1698218322,-326880013,473462440,-1082940563,20884
55733362,-153163741,970887760,346954645,-2018586018,20885
-287552232,-149572145,1904384825,1302312223,535325367,20886
1045496556,-428035511,2101273898,-1473083433,-587542189,20887
-987735296,1808042253,649720706,457291732,-905299318,20888
1842614293,-152929764,1150543956,465167767,1146575019,20889
-449977220,-2032821899,1307068629,1019738056,2109040088,20890
1741263992,-356788580,1272172501,-1892010280,-1351998010,20891
1528708173,1609890198,1728765138,-187906891,1425575099,20892
1364545548,2071443143,-2104056580,-582372890,2118097426,20893
-764764285,1062268602,979083234,1204572439,1004449732,20894
-473324713,-923440789,-1226259338,982111964,-148577510,20895
669710547,442348190,1412356583,-1584728214,-169734717,20896
1755995463,-913037075,-7507883,735595499,295208528,20897
2133722387,769947638,1407428761,-1042604298,1721952096,20898
-1035485524,195577904,-1182104845,-610672656,-1133604055,20899
159309052,195199385,-1409272486,-69341640,1014887151,20900
671526423,-1944383279,-35311372,-433871681,1072611896,20901
-1624993548,1371332967,896007112,1056174988,-1912189923,20902
-857674314,179606716,-371207511,-305967425,694889117,20903
-1171085206,624099996,74099984,240910227,-515034490,20904
364419345,-156173759,1251852420,1844945606,1475619154,20905
-2077287021,-66698619,2045815591,-90055905,-1740740776,20906
-1508599069,-1769559134,-1830219721,208512266,1108793284,20907
-1695584526,-1547589108,-309652007,509924117,-1420905472,20908
1898915794,-1037162889,2011547844,-1598631116,1900251417,20909
-1015347697,-996242442,596681216,-1660637580,-784692144,20910
1496416659,-891780569,-1805983379,1641777201,1457018256,20911
953521593,575539315,14097575,-2146648451,-312279308,20912
-1812418449,600374017,-1361479728,-1936978514,-1192949608,20913
-680778024,448305085,-557933573,1277044892,880196253,20914
691418288,1665820693,1670558223,-118161064,-1055139628,20915
-556974996,1093643948,-2051184040,-154860148,-194134941,20916
-1274242972,-1035216603,-260718357,-584893197,1662921181,20917
2006002151,1547767350,-2088305400,-986146857,-1218541146,20918
-587106111,307192582,1391492900,446574348,-1916224826,20919
-1785110993,-1162399205,-1612531499,-1022806715,1312687963,20920
789985600,1965391144,1196979671,1360384334,1494214815,20921
-1175813358,466747648,755183334,183010705,-1659238437,20922
17573984,-1314416759,165258945,-713460294,-882229942,20923
1935433013,-802678092,-93972671,-866855761,-496833605,20924
-67470568,1453058628,-1336992409,-673127445,-1920033558,20925
1925242035,-1564944801,1278981071,1683367710,-2096903996,20926
-548773251,814498092,-1952443909,608871236,-2093936272,20927
664367845,2080945508,-651420606,-2084764270,-1151799546,20928
1614623186,-1796873493,-697018607,775956541,-992629016,20929
-2049198336,-736676512,736891089,-55200675,-55624796,20930
-783268968,1702012804,1105379762,1358232239,-363904079,20931
-1457941319,-1429480031,-1004989129,252047143,1994068864,20932
-396425480,1827346762,3007839,1205737069,1915340268,20933
924485091,824494236,-1384832213,893212070,-1508340916,20934
-1397925265,-2133947106,299396535,-69631741,-700607061,20935
-1976241541,-65417736,-1650087385,-1885625733,1349885326,20936
-564213628,1968417087,-17483216,-1728435511,1996433991,20937
-1677599098,-839901991,21736075,-1404528286,-416484448,20938
-624496790,1791253051,360487214,-1176115067,-1344876340,20939
1981837322,504488835,-388068025,768569972,-590582598,20940
1417717363,1090477749,2082132812,1072192658,1211657343,20941
-633856597,716261224,-2141659517,935526608,1227206615,20942
1124550182,-81863328,-542518360,1588067826,-1970096723,20943
759277080,-1721492149,8700211,-134079854,70813648,20944
-793858754,-907118155,-871534825,1477489125,-2121743802,20945
-1042062021,249867971,-1111868349,-1254826024,-442152570,20946
2022127978,235222902,1510339822,-253126898,-86670572,20947
694196445,-2019341358,-1697372081,836693209,297014394,20948
2082828058,-1504049933,-1293363885,524510644,2094065035,20949
-1680082638,1157848927,-254621654,-520770547,488362755,20950
-1468107215,-1064922559,-1064555931,1688770802,-1760342338,20951
1541979266,-367831758,-388012022,776425166,-1237859385,20952
-115409147,-2009395893,750492949,-1306475043,621845801,20953
-1307952897,2028565169,-576521378,1574209433,1809904537,20954
349582670,1004511375,1089268065,-883063458,707201643,20955
1767118909,-1165491277,-439732744,1955412195,1132715639,20956
971360081,201096902,-1186050665,893645660,146969206,20957
-1126472341,-375509881,-1363852037,839610518,-1599344728,20958
-912511768,-1682555428,943044061,-1725131825,389491086,20959
-1247014731,-650301685,594348178,1847804089,-773002068,20960
523750001,2049569185,1470731435,1521119800,-799175957,20961
-145356902,-1342373224,-1612284083,-1511374924,1838761983,20962
-1565006766,-1207497847,-833123887,-454842103,-659950276,20963
45532770,-965227805,-1212068774,-2002408750,-183854879,20964
796377729,1026004250,1048009749,1033149561,-297064629,20965
-798085738,1487109452,-733466099,1141194018,1029067544,20966
-193793185,440476683,-1234113119,-1220400307,70647493,20967
1273621667,2136049223,622185334,-128934629,987889728,20968
1228890110,1862208388,-1142736807,336527877,330370543,20969
246789755,1223131842,427274795,-56764759,-1392908813,20970
1756140741,833391624,-300200977,540873427,1855696692,20971
1011378397,-1065325452,-23220637,-350410876,312179215,20972
560489631,733637585,748011714,1698351153,-222623416,20973
1133897866,-796126891,33988792,1567235657,-1415040357,20974
1450103684,-642544121,386710158,-21039387,-438397889,20975
-1357075433,1696956634,1779309642,1335401326,-1188249985,20976
1131203614,-463555637,558120382,-265590515,66097091,20977
-776168852,-1352825790,-389634793,-561317434,-906507977,20978
-177048430,1040246938,-1330587459,1016045484,414075682,20979
-1855434638,-1336859095,-162193843,-1110439948,-2070316745,20980
1788734362,-1348383888,-1093088835,-835616518,-623816310,20981
2133496229,-1547113155,-1097377988,1327239337,1436322449,20982
1238887499,-2044422987,-2091931932,1064733308,1405814825,20983
1566393842,-1309525518,-1649118875,-724747760,562617333,20984
2082468328,-252886236,-602781873,-1263081635,2025930488,20985
1087675560,44628307,-1221090081,-483369119,-60427401,20986
-973870403,532991695,-1690935972,175750711,1864003317,20987
-1438500552,-1234194949,-1163557559,-839841574,-791235699,20988
633344405,1811861646,469489204,1614245289,1751631445,20989
277268653,-1801372432,-1859337631,302888490,2056738707,20990
-1915931609,1346278754,205137119,1903751990,-1056537624,20991
-1744533331,-629323298,-1198977172,1036573858,-875826420,20992
-668375317,1569454282,977961785,1741814850,1909819578,20993
1344738467,-504103260,-1528617286,805993717,-406879092,20994
1181307811,-1758042113,-233028123,-1150165129,1884088277,20995
-678531254,1134903197,-279738820,1890913863,1850115119,20996
1406342637,1613669160,-1698574365,-396093858,2078155687,20997
1623616786,-435713509,778540860,-1472703452,-21618725,20998
-345531352,1391451994,353442640,1230936698,603062080,20999
-734387844,-861923076,-455982113,1345337123,-520165759,21000
-377006928,1058687687,2145907125,-790126148,258245763,21001
1782926273,-1123888429,2069791438,89638508,-1945536488,21002
-675715310,1738692931,-1527329057,-1485136807,-958501880,21003
-414914775,-1660930584,-1841934653,-1730615735,-1415358821,21004
-1573525787,-2008510799,-1204243888,2140690160,-1683631995,21005
619435004,-808494939,2023029412,1337703840,-11555446,21006
-1007602277,-1619582684,1069321843,727795543,905279190,21007
1028945332,82001234,668394162,-2110392101,-1649477413,21008
1938218731,-1423481516,1302971655,-1887474968,-1897013375,21009
-187529968,-1212755695,201689041,-1775018152,491647548,21010
1057941889,1707687880,-210674872,-440804004,-251486526,21011
-558546211,-25641133,-599717364,1772871074,-886856904,21012
1080285667,-1800470753,373810906,-872141664,-1401454526,21013
2082338334,596387648,-547325565,1479951323,-795315733,21014
-670377836,784923838,-1341546659,231978568,626182982,21015
1031379071,-886066194,693741065,-2145933867,1865713167,21016
382233293,-604121296,1622495883,-1229238606,-90714816,21017
170489797,-2130597333,1133589561,-1499759531,1742608853,21018
-1253645670,-640535295,-962782276,-1789664539,-260703219,21019
912432727,-1945587353,-1812789796,1081099991,588128760,21020
-1142659763,-1813171705,-1385723532,-291032725,373880814,21021
344551479,722064787,-1009937627,-184318844,1112403987,21022
-303720307,-1672433984,-1849544029,-938554690,455297472,21023
1068901245,760679770,-1261362575,-2001636660,-883966236,21024
-88334401,-2077585622,-682452018,596667063,-1700340016,21025
1635347055,1961086699,-573465110,1018337916,-653183204,21026
-439103096,2117038813,789811377,-268505770,-1811748620,21027
-718333743,-1687198734,-1910453674,-74916567,216251470,21028
820120707,1225415151,-438225773,1107730196,742102264,21029
-1295840103,341004353,-1896872486,1954682823,354587354,21030
-947875513,-2028944855,82263988,823709162,734920760,21031
82479194,1657587148,469929412,1195555240,-1561236027,21032
-486004597,2015272013,-482472808,-1975491213,859604456,21033
-1532548624,-411396952,852582481,623208618,-215298023,21034
875283602,1788728925,1658173280,-2005509226,1226926228,21035
-1223327278,1638565984,-1541751318,1818976119,-1940961414,21036
883266672,-660031333,-48900027,-833954013,335471826,21037
1780500598,1260331163,1580720710,-241586252,-627813108,21038
522624335,-844989868,1630230408,-799897096,-688785962,21039
-1882166955,1660001976,-430799080,-265540063,441286536,21040
-1268687653,342661103,124978367,269800197,1894654550,21041
-856828165,-437248132,-1629481893,1853287887,-310235598,21042
1660326007,465184277,989447487,571538582,672167472,21043
-1380557377,-606991806,528761747,-1917588695,265452825,21044
632799436,-190442110,-2103461325,1565042709,-760018969,21045
2023203417,1116230083,-32293934,-693315676,1698079499,21046
163680455,777220878,680154736,1503519561,1340206372,21047
-439364289,1141928734,-1646957350,576655138,-1616707064,21048
-629947469,-1197157609,-419151859,-382382720,114337686,21049
715858660,975203929,730648045,1114897580,489475063,21050
-1808061507,2055739798,-1089775784,538474119,1602807886,21051
-1375166832,2028037413,516141155,-1054307469,1935480422,21052
611820982,192294714,-186823695,227517381,495587950,21053
-1885152402,-1711914887,-1674763399,163117039,-1933000384,21054
1766984140,1283725945,141044659,-2088186391,-779440302,21055
-1275525317,-1326325332,753508098,707811792,-1667896248,21056
-2074760077,-1659697027,1032248589,1713622949,-2021589762,21057
-722004163,-640675242,-1986980498,940734073,-1983603840,21058
1609450817,-330805787,333387125,1509926661,-808557026,21059
57671039,-2062857515,1350455408,327688952,-1380328945,21060
128952276,1983497727,-566049305,-1750120564,-547898293,21061
-703394496,1958179607,598182298,253048528,1211812847,21062
876909103,1073732439,-1124349823,-1301425880,-1595950810,21063
131613891,-1233784331,1932449822,660072503,1022619146,21064
1661282844,-63010788,-2086473596,-1849959270,-1211582689,21065
-229325496,-1185187870,-859196121,815934112,-128123681,21066
-403462335,727536539,-1436840864,-290045209,557269181,21067
-1660156786,-1531594095,-37224361,929185103,41889654,21068
744817710,1939287051,-856659592,753054207,1986228450,21069
1781176115,768721626,575398461,-348400565,-1584167870,21070
-1144599253,-1766195847,-1582840996,-1483601593,1033165897,21071
1800724785,-294158028,1821866207,971117224,1007170777,21072
1882960004,-807900764,-122618988,-1847952458,-1370204200,21073
-1970605016,650144816,184187955,-1914533500,133485460,21074
-903343063,1721008775,-39680001,-411841194,1783350988,21075
-286230630,396693343,741373876,1393809952,992101579,21076
-530839813,1218215975,1995222952,1982673552,-1447317648,21077
1474700863,-1701686326,437892132,-113804240,-1249509896,21078
-627289193,-531063348,1900507376,1404455937,1574357508,21079
-1503215481,664599793,247450918,249666074,-422953951,21080
-1264428001,-1655606622,-1479455424,-784403528,-136433197,21081
-1031482109,-1894286958,-899140118,-1894678089,-715172585,21082
-631800866,1483826174,-1933950327,1811693418,48336637,21083
2038773537,-2070533115,-1825483628,-116113439,990841961,21084
-1918959116,-983949859,-395623600,847184767,2097895751,21085
355986302,358282634,-1318494316,-1274476239,-1979410755,21086
493649602,-58419305,-1243456646,872527974,1657546499,21087
-448021451,1087330919,481847704,-981259133,260284512,21088
1357801312,-2115714415,929810826,2114052866,-1455737955,21089
-465548811,1221426199,-2013252599,1413507346,123778866,21090
-435857691,498392020,861585919,-1671288502,340161099,21091
-1590139498,548249440,1074563224,630373171,-1231579186,21092
-658723247,71763319,1512020535,-592215759,-1786001667,21093
1769806356,1393173523,-525028430,1042069974,-1496627241,21094
-251403523,-24188613,174868197,-1978505300,1621113971,21095
4759863,2052709395,1844654597,-955786409,202397438,21096
-2132396097,1003788804,1063097521,643940188,1863072770,21097
-1824237219,-652702861,1117860402,1521266445,-530112040,21098
1849324483,-1262959097,1840088545,-1931148048,1086948994,21099
-1824185669,-1521956452,436051981,177322501,1265419312,21100
1856079574,307060812,-2100018527,-696638600,-1635808403,21101
1304574642,2088828799,255361795,-135569069,-1519242158,21102
-1306225202,363340804,13431959,-333047247,-664618084,21103
-511048616,-218568647,934794682,-1322004157,-1445314371,21104
410927585,-1669200990,372252227,613235364,-1303675559,21105
2122468927,-348778535,567680593,-696001517,1642517786,21106
-1519789805,-1060997473,-1805396141,1220994936,1678884871,21107
2050830662,332806610,-688462366,-1341563440,-1678237675,21108
-1776538532,1944109408,-182462969,1717214424,-1636668688,21109
1994223607,435679526,1524463659,1835281700,-827201129,21110
-445346534,-774523958,1396103517,2058383238,-1591130371,21111
1856194749,-1885791518,827999059,-1084266144,-1124233826,21112
-1787875916,1625200588,-1371750884,485104546,-960852459,21113
260095779,-843306988,-603330285,481654987,998645513,21114
16926837,1150431327,1231678855,-1280111360,1337455869,21115
-1514316490,-1193810954,581393281,386205720,-893286794,21116
-2134643351,-1991581099,1141053642,948417220,1424435312,21117
1719712363,-50013283,-2117656127,-755509888,11104904,21118
1530946564,-241603620,-1016885612,1580618890,113053697,21119
-192281910,365835638,1760441713,1931970320,-947532773,21120
1545063970,1029978870,-629893205,-1408292496,-1523762372,21121
-1925681217,1533283596,853216718,-631568943,-1960866676,21122
-1308731443,432452691,-2116141605,-1215927220,1322015665,21123
773042033,622705911,-1845552647,95677099,205133308,21124
-817116758,-2054349240,1151257813,719766773,-1084916570,21125
1685171897,180120829,139264113,1404109825,1104047302,21126
1697411431,1160520169,1088750247,634288264,732677987,21127
-2114494134,1144199408,1927987826,2009008428,2037129697,21128
-895425665,1364942106,1391604205,-445302890,1865290556,21129
-1145222959,972059126,-422261060,-615483477,-1158644271,21130
1321400993,-1455654837,-701230659,824492193,-1755574968,21131
1868618439,1811958039,333959194,-720588871,1391233065,21132
-1334203934,304538979,357747542,-1723910336,-1436465707,21133
1721820925,-2124642364,-1263892475,1488876887,1983426099,21134
-603750919,412667217,148021107,525192199,515470901,21135
-388059439,1694140290,627528995,249936987,1562877810,21136
-989980466,785147805,-694836838,1732814653,151378581,21137
-892464865,-825291947,-102044393,927359260,990748520,21138
-1076416909,-1547227695,-1308417629,639456193,-1009609095,21139
-1996443958,154486464,-1447485477,-1447950825,-1312627971,21140
-382494988,1039656683,-1350645985,918611881,-321126995,21141
419784757,-852072189,198568417,-2135665699,-488054468,21142
1987465203,104782863,1493230985,203088615,53608420,21143
-199378944,322164671,-697030494,1357263459,368823923,21144
-1355861135,155462603,-764749235,1684545216,26313065,21145
-6908207,-34985038,832056452,364526926,1544082924,21146
-774753299,733678045,442606094,443912125,379272448,21147
-1542475828,-506015391,1669318083,1879734684,710081023,21148
-1135878918,-1721710686,1431497660,624339933,-176275577,21149
-1021849086,-1782104449,1574864044,-492377938,286584150,21150
1539746511,152872229,2013209729,561208522,-1896555064,21151
718817059,2075541507,-1919992084,-1967976678,-1375435949,21152
-894841746,584240863,-1300831076,-1517353458,-930885374,21153
-706076344,-1988990204,-2033913491,192046860,-399485171,21154
1621519370,-2106237504,-450160681,-1437753454,1523798799,21155
126185833,1774722028,390379982,215405213,-1447557559,21156
-10577271,-245638621,-1353868783,-13306518,-1319855305,21157
-1658097961,524592540,212257300,-733196302,2042920385,21158
-562426854,-471656744,1279207501,-1227699603,1975568572,21159
1022728374,2058693390,-1710187628,-776208455,1206542970,21160
887431735,767089956,1442299687,1267558514,-9302489,21161
-1708125404,-486063522,737502454,790737815,571689475,21162
1726640782,1317444063,-961631912,212143341,1326372447,21163
1941044865,-1781317954,803585053,391891405,-1061885646,21164
-1999311653,1427848923,-1849815627,-675637785,1682276967,21165
712443019,1011840850,1609377489,-82124090,1253532490,21166
776799123,1958914468,-1891136277,-1278959198,1726277828,21167
-759289552,298049358,-776682984,-325103385,137352276,21168
2145070389,-489943631,-1366456623,1043576728,-831242019,21169
-1303711181,1724482482,-1820391211,-1120119116,-2125568418,21170
-750836476,598447487,-92588444,2126703542,255832,21171
1402251411,-636724833,878467695,1690587970,-1692391246,21172
-753815274,-1893930090,-247715890,1026679666,-15684855,21173
1264784595,-564176075,-1106601498,-333721986,-2082921295,21174
1402419000,-1123814708,-108756098,-1855106191,1736915444,21175
-1155159527,-249171143,2015453725,-2082014911,-783528288,21176
414588356,-2005515830,272161240,1567933303,191275091,21177
-649258460,1526687408,233527839,-921192933,2046668178,21178
-1991193243,454710187,-132800916,573595426,-1940125383,21179
994129039,-805072727,-1708104673,1661746051,-1446233784,21180
-1474214538,1099406146,130454676,-1744160009,-1693987030,21181
1984042511,-1234574730,364843681,300040938,-1226949349,21182
23582571,-1450142720,2121783017,-761866705,-523771643,21183
1704846990,1810341961,1957565018,-1172436517,445044996,21184
1391197522,1573592500,-68888301,-2142013836,-1368782953,21185
-426691129,-1055870968,-2032432285,-1572247777,-1093734708,21186
1780138079,-331749827,590290416,1222553577,1007375943,21187
-1591887245,237040499,1957554060,-1677085735,-751519525,21188
1856170233,406239157,752250804,-703207136,-1332280912,21189
1757411696,-289265454,-1156290172,1349959573,849020679,21190
934024871,-918361654,-663308057,-1478478617,390219551,21191
-1889578507,-247803178,2062370743,1406589051,-922938242,21192
-545287980,-476290294,-450866199,2114611435,501835192,21193
-1075805360,536578442,-1862223896,1816661762,1803423464,21194
1177798986,2010956756,-1997568760,-917580700,1389132588,21195
1864547305,-308647211,1765790483,1725114751,1479506724,21196
-118070105,-2000664733,96363023,-200458721,-1575102123,21197
1219043364,-84710678,-633294164,1135922574,397038098,21198
-2064457037,-1808868516,462077505,-581406056,-1935250402,21199
-1857374328,-2117259827,760377769,-862358518,-1002496673,21200
-703070169,215475865,1485561770,1453778516,1960507663,21201
-853822354,1311128773,862841700,-2066079515,864059100,21202
-1619112810,-1465812146,-466075111,-1071252843,1657389718,21203
2138770349,-1854060933,651557728,-69342624,883289281,21204
-100999657,-1730558161,793365533,-1532672905,245097637,21205
-1484911500,-1759383150,-284861402,-360343261,-1635506984,21206
706962464,1147292747,120852454,-1731018874,240368579,21207
516002086,1962697748,721138957,1390211051,-443309999,21208
-231679419,-1859313658,-313307140,-1951679806,-1297248014,21209
164725853,809214701,978997850,832595031,-284368381,21210
-944508679,1405167858,-1253180146,689955747,814664093,21211
-835785919,-1806097898,1295584652,1996959926,1751745404,21212
-568961320,-1583930856,-1509293545,1786628201,-1922880897,21213
997166777,1139951087,-270859839,1076934859,-1026311134,21214
-1977456306,665734492,-1007961962,2102835098,906251778,21215
1092028046,784127890,-1191159612,1855427672,6536520,21216
82476994,943785861,1566962620,-1542603456,366316948,21217
824509664,886605780,829174495,-2104418203,1690067238,21218
1926109842,-572862122,1072333079,-368663794,174275061,21219
59674021,-427582148,422518986,-100243227,-1374632572,21220
1126402074,-1081596635,-694235199,1337688691,229782649,21221
-1267139942,-1482568110,422953721,-1227668671,55801403,21222
-804219755,-1916146222,-761135360,1319226337,-1323816262,21223
1660766098,-901429023,1646829696,42057387,1188428102,21224
1056736468,632941048,572056656,2071991802,-421615065,21225
2115086543,-1267956761,1815785146,-232762630,-219017000,21226
1189595118,379212408,-1933876809,412168420,1932909624,21227
-2058065267,1840410740,-314903689,1606458588,-1641722910,21228
1218893745,472437096,-243552365,932524962,2141903622,21229
218533322,-644208104,-1345296950,1461946937,1731260451,21230
2097814426,660724693,-605380204,-736037416,353406407,21231
1766934908,-1801682188,-488583795,410681439,1128734222,21232
1673249189,418226867,374843646,437512428,-507632599,21233
-1070707723,-199337052,995415785,-640538824,1204011871,21234
-1343045353,-431956511,-1925021246,-510027667,-114750711,21235
107490641,-247296184,70074833,1432084191,984120936,21236
1431661987,-1444099042,-530040999,894528851,-1599792378,21237
1386250465,1379132266,-1743741757,-1660620611,-2071750758,21238
-827553729,799286466,470249384,-1354962929,1263278701,21239
-371577746,-613277461,478983668,-780700904,-1609232517,21240
622209621,229741917,1891332247,930117966,-1643735513,21241
1938838321,-1431616779,-1322219385,2114523584,-1385494877,21242
1305123232,-1477958775,-1343531191,969290459,-1960030692,21243
725959621,-392980138,2037094018,-994016411,-1132236619,21244
-1493987656,-605543292,1063700679,363751754,1336799699,21245
-413766488,-408073077,895169787,1644494445,-862740177,21246
1314990780,-234999592,935742272,-310553971,-1183731453,21247
-1046456877,-336521124,-1532266630,374694227,347381085,21248
602178344,1184382935,-1051164417,495517818,1672072102,21249
-1397440659,624279451,843559440,1871925226,1348022873,21250
1392259288,-424192556,-2016277795,-1753192446,-682171496,21251
1733861201,1812786451,-315404939,-2143910791,1092398593,21252
-399527710,-756456569,28895000,351412442,1399460666,21253
710991786,-873550800,2025530618,-1514115036,817536355,21254
-1303383117,475976021,-1044925089,-439244802,1115763599,21255
1110402057,-412140574,-482448893,-1060688571,341625974,21256
1965490217,-1096081897,1067749807,1543512117,1268791623,21257
-920160334,-1998942357,857304490,-506859399,-1125931339,21258
-995428047,-917248021,-531142696,431493478,-95537148,21259
735958993,1372430843,-256327260,-322443182,2025044458,21260
-1461315030,-219531430,-1504588691,-1547328747,-1806107111,21261
-414645620,209231895,1944179306,-1170973995,-1334772749,21262
-691165510,274719742,-1433077763,441306638,-779307169,21263
1381020389,1202351052,-2098259653,1616077770,1035150951,21264
762450090,1877742035,-1110260376,-301958057,320797906,21265
1482735738,1957599304,1050041568,1525459615,-1935677932,21266
2024284732,-1719428379,54697322,-1687507223,-1546403404,21267
-501689359,607364381,1129904052,-701266020,540386979,21268
-1581564627,-388279522,-1569179405,72518677,751984345,21269
-1992666901,-2003025394,-650468007,373111630,7953263,21270
-114240692,106064196,1807025677,-1691186502,998673187,21271
1557248813,1770573019,1389303526,-2145649140,746224826,21272
-1672707179,-465622916,32454605,-1678745297,869643653,21273
-1748633938,2125969689,1115771775,1208625917,2137544998,21274
-1633673935,-36007828,-665595673,-884587248,-2124207599,21275
424273373,704107059,1719514560,925394946,1398625497,21276
425278228,2015046397,1045598774,217847737,-1030762084,21277
-69840875,1278002885,-1868198283,1995921995,310431033,21278
-1126686127,22485892,-1342641989,-806810099,681406099,21279
2065444714,-58374473,-6372714,-840539622,-1700528167,21280
2051143475,1255524735,-1569067802,-1561709547,1302432782,21281
1611420503,490127466,1615002957,-832312341,-1379361727,21282
2127745532,76019128,-144441706,-800771660,738768321,21283
1272242723,1805334697,-787602069,-1341523620,1172587610,21284
-1129858155,-1637550159,584926390,-1965657465,-1680753741,21285
-1350984966,-1692029763,-1812224566,321902484,-715343842,21286
1008963457,922067146,-1297719638,-16308561,1019922460,21287
847256497,-1584936569,1414277191,1355125805,-1143856945,21288
575150753,-136440206,269576236,-338946491,-1755740735,21289
-1102821188,2128767990,-822289620,718540189,1145235482,21290
607967851,223115530,-38189237,1468751141,-637748202,21291
1487167173,142276368,669463415,771936495,895402987,21292
1525333711,1511765144,-1461357948,-1498175109,-812758008,21293
-26357535,-475456,-2062261214,1711645238,-275117615,21294
-1879832951,935015705,578818294,-1949868243,-1608377665,21295
-212138341,1897447622,-417246782,1559585629,-2022101718,21296
632383884,-2062609743,-1451809170,-523323141,-2082854553,21297
-265399580,-481891537,-447276375,-1462008854,1747572920,21298
-1860678450,1428383888,1920152228,1964351999,-7495943,21299
736895563,1668073096,899623253,2048662698,515617906,21300
858769989,1847335350,-519640869,-2097636369,-894412789,21301
-1751965179,-918314446,-1031664055,-188933760,-1600536040,21302
-1978009702,-151785301,-1653302138,1174178135,-866088402,21303
217193423,850420978,1831937987,-1118050302,-691739148,21304
-391272017,-1103210635,410050587,-432285484,769178831,21305
-837613931,-1850940949,-9625709,-1890685815,-410853391,21306
-148871270,-1317056503,1754006310,1019445269,893436634,21307
-531797278,1782501663,603924199,61721470,811421423,21308
2135384972,-1104234434,-986567453,1471602108,1655915730,21309
1271455351,767604071,-1046111708,919673828,132731393,21310
-327197281,1472882213,-442688696,-881735562,1657129347,21311
336989707,-1840103798,1051207328,800034031,-885355602,21312
1588871188,-1488495394,-601233893,-1177733872,-679317486,21313
-1379123669,-892457961,-1134948165,-932161493,484315329,21314
1737541365,-1519313762,1670987922,1631968932,110189574,21315
50208713,-1634205771,-434193576,69745934,-834590356,21316
-525569335,-655371131,-1161728401,-331254141,-32440059,21317
-1824410531,-1003788532,1449825004,-1618525874,-306349608,21318
-141837689,438916594,544275190,1585031413,-523881152,21319
871069808,1850103725,-412092982,821522263,-1352504652,21320
1354549581,1381637470,-248793361,2089407147,-155497447,21321
-1979910173,-1760976177,-1995431744,1654490846,70142345,21322
1878767279,-1105006164,-1061037382,1232232722,-977602675,21323
-1382246709,-1252294738,682483430,-475259226,790793017,21324
911881187,635746017,-1071244044,-986349396,-1687997923,21325
2119251502,1436650513,1114622022,-1440219777,2003774920,21326
1907992736,974597764,-1443665470,1231153589,-915882876,21327
-2132636004,-1494788771,1465530518,-2016764749,-1259471868,21328
1049683830,-550441378,1030652641,2084964238,-785794773,21329
-1947726995,596906731,-451932179,-733606586,87798780,21330
-321903811,-305244923,-631413059,1122587069,-331816119,21331
1845228645,-623330858,190408702,-524634404,47561447,21332
1389202768,-1882006668,796554075,-875247455,-1941589248,21333
-1351418445,-1890146256,174312195,1445316519,-985695541,21334
406547232,533780159,1491549537,-2104242895,1455140904,21335
-789935339,825235709,1768377289,2100293355,648424329,21336
-1033246133,-1780159689,-1864006101,329794751,-822272605,21337
-2010461473,-1304117378,-1842419641,1071084368,1252033888,21338
1025729943,813226862,2072901264,1361243286,85020771,21339
512615902,-1084061847,-1828631553,-1984547383,-469264569,21340
1499296089,1704942044,-934483130,457532447,1980598060,21341
2116557809,1472015302,-1233061892,817090029,1710650288,21342
1470904591,-339283209,-1882911673,-1011815039,2106783518,21343
-1171660039,931996318,-784777054,-353310497,-1027034559,21344
1635929316,-1351576557,1296790344,-1764999769,1625224151,21345
9469615,-795609818,-264150679,2105183032,-26061285,21346
1286906144,-2134827369,596942844,-1249094107,1473963237,21347
839920166,-1483275005,1665141703,-326422447,-119122093,21348
-1778111854,-1171163101,-710196261,-1178283276,1521018594,21349
1207055880,-874342668,-1886688284,-1194893714,-1109161250,21350
-475411872,-1765454316,-1008909719,-852390618,1588030672,21351
1866038626,-1953196087,102467066,-1403060725,-82078294,21352
-1288643000,516096541,-1696554647,-1048102546,-2090514857,21353
958017174,2071623474,-1842620204,1544393475,1006611263,21354
-1123784789,1414801829,-1075720946,-1376803905,-1992226234,21355
1176057541,1021465521,-71157546,1488328476,-1725522684,21356
1524345049,-1973628693,-376296386,-444666065,-490649798,21357
357390400,-1868614282,1606079363,164404424,777635192,21358
1802796309,-110742070,1321467829,427765414,-505199897,21359
1270385717,-1383423325,-735563718,1206279805,-2118413603,21360
-854377800,-454345041,1066388233,-339677028,-274071243,21361
1825560595,-762826919,-48866350,222222306,-278656830,21362
-605664790,-2080519104,-592643086,-1411569751,882204722,21363
1446935279,541208848,1038822420,-1497835819,226162716,21364
-2082057139,819333058,-1277522074,427752603,1226977753,21365
1143972788,785648809,1079358295,-1464862162,-1487247472,21366
-1163187868,424082526,-1158756756,-1838878662,1493821563,21367
-611279409,894246617,1731040776,1288987189,614778713,21368
-745037164,-625017382,-1649594314,1852663900,760753660,21369
-1551542388,687275869,-1689429751,-1906905835,-605146727,21370
-1620172027,-1581096196,288023921,-788528475,1018479777,21371
739818731,-1589596026,-1352097153,-455869270,695521814,21372
-1390701874,2088453258,1576557784,1045301800,594645773,21373
1099941941,-1367064932,261694923,1946171278,-174707320,21374
-1057499605,1417108313,-1997404734,481010618,1384513988,21375
296930830,-301572172,210711565,1344025734,-539404088,21376
-1911924596,876197782,-476430346,-1610199287,439888291,21377
1523914343,-246587522,1413106788,209654399,1085403721,21378
1223956970,-761965692,-2085929711,1690857880,-494275174,21379
-1450334976,296575876,-63900901,-845069592,-92632840,21380
1502712,-1099477209,395207143,-615658565,-460915860,21381
-18081534,2045862251,1876235313,-1809117642,-1482741667,21382
1864829194,476525968,-493397990,681318281,1760717918,21383
-681279566,-2049430021,595092769,-496709028,-1378732498,21384
-437875133,2032534026,1438705676,971185478,536128961,21385
1077518175,-1963403533,55118089,-328761803,650801599,21386
-881419338,225653783,1046981316,-836295527,-270023660,21387
-85661381,-238621069,2032752346,-1454369114,1622219390,21388
-93161300,1629360737,-1384374677,560242276,-2055142786,21389
235885877,1380988900,2031443380,1081915784,1679934055,21390
669580932,1079096356,419162286,219520110,239012432,21391
1875561442,-569235751,-1371756062,-2091250916,-1519734928,21392
1600459998,-1289482240,1448395716,1595832950,-1316842553,21393
1705213782,-68825378,-1987486631,-1449062150,628904174,21394
854615172,-320187803,1615504578,888735750,-353206581,21395
531602338,1178096811,-810278051,805021326,-61003877,21396
-219771099,1232449720,-897653383,517673547,-584783462,21397
-439885340,-1028538395,-1137348192,-1634427658,1825350056,21398
1653459932,-1575712065,1633407775,-467742945,935429218,21399
-844129391,-1921390435,-2141914010,-1262960635,401903626,21400
1465590278,160339170,-1081968621,-1108671057,-1390177441,21401
-262365866,1205123257,502924126,-758234571,-2133994914,21402
-779034487,-1041519988,-1962827746,1930924622,2021865169,21403
1096506745,1442767209,-1316969360,823198860,-251427338,21404
1774685558,826359262,570240737,-821312254,-1107674044,21405
1844135068,-1645978079,-1638329068,-252092292,-1368395502,21406
907934697,-1367860189,-208633877,-2110071314,-2091731638,21407
1447374722,557788679,-947758578,997118365,646384202,21408
-303122230,-1153487497,-162097411,-1147465946,-1113771097,21409
-2063215437,-2110817773,1294241639,187587295,-1655976547,21410
-1057614288,1933239833,-2112840331,-1308636611,1595133428,21411
1952135293,1482306007,-1890675449,524048270,211392148,21412
2102789509,-820472297,135724264,-935512282,-450438631,21413
-1323465807,-1118720229,-528821179,-1819574867,-1286921487,21414
-1574787597,945738154,2141524301,112239152,-1687074406,21415
1859303726,-1216848006,-1877396121,-1789767598,2134455580,21416
1918567392,222746845,1154594431,499165117,447946084,21417
-1919912556,1428404585,350318374,-2060626290,-1272991566,21418
735450206,1234140345,854856290,76959668,1382386327,21419
-1239792494,-1496246220,393217249,-1650836673,1084038726,21420
866946050,-1093326352,-2007585604,1054505039,-662474885,21421
22722345,945072970,1554209514,771773391,2002192248,21422
-1717455736,1683255197,-1306634710,1262488005,-459239016,21423
-2098367589,-1835740504,1734195576,819121850,-685650118,21424
-304614078,1583390278,-1441723052,96055107,-570925892,21425
1256219049,-1470753770,-1073171512,719831041,1927480495,21426
1375560650,1497961867,320275709,1987673547,-1276477274,21427
1427972854,-1009545295,64937545,-2032757214,-1390376746,21428
-1977476948,752937491,-1430600289,-1473394888,584932732,21429
2138849945,-989991902,-930253838,-1525035241,-1924382545,21430
925733995,918268452,1303910619,-2040764037,-1979917017,21431
-1843866407,-1597348180,-239867916,-395206116,1947299373,21432
374366436,-887973744,-175370548,28964899,62896114,21433
-343916509,-1693181881,426779096,-1558915606,-1534792861,21434
1333675017,-259412077,5866272,1939427161,840613882,21435
-1418974069,170533625,1192398030,-293902950,-1471100556,21436
446013019,1429300021,1190089587,-401773365,-400799909,21437
-459614783,944491367,1722818879,1056020473,201596758,21438
-1373071645,-1330226504,1228834565,-589625044,-712320835,21439
-1879699187,-486246230,-977817568,-1172146426,-509597739,21440
-589548758,467924304,-1018953768,-766898859,-1655889759,21441
-1312700722,-147859651,-1611460712,1077142504,1530671793,21442
-917353921,-1301728871,-839582745,861940443,1968165897,21443
-2049858189,-1122742781,-1390398231,54501742,1600461714,21444
-946427337,-861989351,643726926,-323341721,1063679629,21445
2071196124,-536985752,416028387,-195832031,-1687551624,21446
1161661611,-1256703864,-1120146212,-165617373,-1905809300,21447
1864997005,1474150055,1719071,1907396029,-1733262001,21448
4358593,2079941104,-123234714,2025548045,433274384,21449
-1681566678,-1507020174,730016225,-367759835,-1559536928,21450
1288426913,1469554711,-1194973887,-850839205,600056333,21451
858065326,-2104404287,2081544796,770703417,-504840611,21452
-1755709969,-1653999727,474121590,2068384847,807913745,21453
-1026768275,236476320,-1981519997,1280171989,-376556900,21454
-1237284639,-1017188160,1551342451,1618792540,-1520148473,21455
872281936,-856820954,2077641072,1452936020,-1780426391,21456
-594114014,1055313462,-525489082,1554327110,363288368,21457
1191160799,-931140042,-1943933111,-2099763787,-473921417,21458
2088944504,1231770607,-538478613,1326082552,-579004039,21459
1101793013,-2144909998,-882519358,-1358292368,-1858970879,21460
474006137,1158673723,-778825911,365671563,-1454396367,21461
-1436497035,-1040231083,-1541090572,1609651,1721698264,21462
1965611271,-814192833,-344479658,-886606811,215889892,21463
241956145,1812273689,-1543300724,-178489971,-2103096530,21464
-637059607,585852363,1831126634,-1709945845,-705264628,21465
1530124447,1943471406,475147588,-1328280592,1099644219,21466
-704561149,-541489666,-2030443962,-1159847560,2108766357,21467
-343491815,1686285217,-740574717,1892564777,-919096665,21468
1503299367,1009439995,-88970836,804272545,863812725,21469
-439903507,-2072175010,1904887114,1143656047,-525683623,21470
-1796279131,1158212764,-888124937,-1234292460,-1521995077,21471
951399036,-1437462506,1783534981,-1343952696,-2020047896,21472
1422735228,1371070439,1147003932,-1120518766,1991256228,21473
498931960,941156720,-1883274778,1736370760,-1363250081,21474
1922602829,-1271968368,-1321951112,-1346897898,73486998,21475
1380404001,904896970,2040940346,760518629,1492169555,21476
-1380431374,-1044127516,1762612843,1702491127,2014592099,21477
545442015,-491320538,-334691150,1637962466,471647373,21478
341291694,281106987,-1869755048,2116001007,1527298618,21479
1192754138,1736072137,1982383719,1683703564,904332965,21480
1289195207,1227581057,-1868235211,-931134818,-197091842,21481
1481918016,1339331399,1905454233,753059380,-1730259613,21482
-1183506881,161361810,215064436,-2126866376,-1119179348,21483
-1913938214,286533416,-1535096397,-530584117,1502231711,21484
1852470918,-151046133,222344599,1738341349,-1547120905,21485
-553703255,-1939934361,1078686005,1192056113,-1398620579,21486
-952976534,-1014918126,2092423453,1950459052,1411253763,21487
-517574805,1202101876,1406713362,-1368077452,-1738736400,21488
-2045866547,1515145527,297223251,879185557,1004397176,21489
1477284004,-169516039,558204027,607183884,-350073637,21490
-1674052890,1327701340,-924628280,70795018,-1026193338,21491
1985692490,199581262,-715190590,-2037898058,1000152534,21492
-1827338447,768527562,139330326,986486794,-928517904,21493
-637427634,-986232901,2001438175,-110808237,1602686062,21494
-1895305773,1584372889,-1849435089,1688038629,-1653408400,21495
1365538769,886767326,374876645,45128321,2109664744,21496
-532930016,1031331720,-1982735169,451827775,-1851867014,21497
-1153607653,-1272172926,-1490773661,758796043,-962654413,21498
-709854202,1136978087,-2044190761,-2124920645,1605182202,21499
1313979529,139707707,-562919269,-100080639,-1729042952,21500
1719000082,474294207,1389631477,-753397086,2031777340,21501
1934457243,-1718275878,-760210100,422313645,1142476076,21502
1943702238,1774103806,2094899691,-45113635,1034263965,21503
-282216258,348198366,-456028659,-515003123,-780594361,21504
-2140587362,1036372901,-250596215,-1955032344,1557616479,21505
-1691021186,1265294940,1859282380,-1922209385,962727863,21506
465534465,-1721760807,-986135046,1162761659,1467921855,21507
38487402,267613039,-1831897629,53475225,371048767,21508
-918633210,-1181288334,1890689953,-1672422592,991935040,21509
933313818,55544456,-1745613287,-2104725196,-555445878,21510
-1359742738,1793585151,-498302690,29425508,-808293846,21511
-1087312904,-1201352846,-2087480681,1995666608,667376371,21512
-1254157551,-151691815,1534407290,877431931,971913424,21513
984544117,-177090476,-1509900400,-1976130457,123093005,21514
-160410859,1027745910,946462467,1409919815,-616815138,21515
2081613310,-1927289096,1338537334,-331800002,-247855552,21516
1619405920,-1409676028,337419083,1804445118,-1744564350,21517
-1152846177,188866776,-1358187921,-579746858,430415281,21518
-1604620187,-413081807,223271725,994798983,1151332332,21519
-872365982,553423938,-1935802379,94229222,-2094450376,21520
1299121553,-1592240181,-1748123782,1639967727,-375533184,21521
2110746301,-42542031,244213140,1362825288,2097878085,21522
-878399383,644857573,679235791,-1868604527,1919107532,21523
-71732185,-1527694744,-1938147546,883538071,-49790853,21524
-169988481,478565495,-1081325765,570793395,-1256907706,21525
1541089519,1196115250,-1061469410,1821670410,1326718800,21526
368426579,1848587019,-487684303,-1880458942,-1627827819,21527
-1824537537,-631911668,-1734210374,176139883,-493050158,21528
-1429277362,-377451430,222315160,1741800488,144825857,21529
997684881,1927087267,1941905444,855036632,-866895674,21530
500191282,-55742168,-826085695,1528906605,-2049322023,21531
-2142486814,731775274,1655105095,-818526875,1171925235,21532
-1433530183,1936908127,-670105586,-607314023,-1419229993,21533
943599081,289985204,-810336215,-32769057,-1261447666,21534
-187533287,-1485560403,2041337945,-1615620317,-1425020170,21535
-98910288,-802740916,-423446356,-1282685672,-508679134,21536
-1501496257,-128903933,743808125,-1172340642,679211066,21537
91720063,718309671,1449003522,-2025716510,246503727,21538
636783126,-1749746825,1330754393,395880562,-1326987682,21539
-1447150951,-1471700196,-1413176737,360357637,543088865,21540
-245233805,-1767105643,-1355842284,-794014293,-1749600346,21541
836058477,-2092497289,-1474023862,2038108424,543561179,21542
-875576903,1032210304,930418316,-1458573589,1482827386,21543
-1255443329,-657590813,2136545040,349214554,-973292131,21544
726697704,1959489400,2145559160,-1502914982,-1849578068,21545
-1256290408,-757997601,-1732964716,-1248503179,845695500,21546
447162257,681575655,-12687019,-57134631,-1306312228,21547
1277200307,-143922621,925967108,-35871879,-866470867,21548
1274080913,-20792578,441304435,-2084396992,-1603863621,21549
-911870449,-1636690920,-206644494,732228662,685982636,21550
-1831156287,534401835,-1383667695,-1049578749,1658847558,21551
-1888271136,222518179,-1500564283,2062141955,1520484448,21552
-750034037,-911307729,-1813763718,929075974,-1305776684,21553
-835337063,-561083385,1471596792,-698298898,743057250,21554
1423289843,908683003,-1421073248,-1347509271,2069394936,21555
2128304086,-1222281190,1139077296,-1659142243,156018338,21556
601714631,1736660989,-404948398,1754054497,-2012171747,21557
-542687090,-377302029,-465448729,1464089350,-456853202,21558
-1647209625,-593661219,103700561,168082061,-24909261,21559
-757385197,-1476469668,-981186278,1330320795,1788505510,21560
65765351,1963881407,-477795842,125251753,905852623,21561
203638333,1525986806,-241649209,1303888972,792278456,21562
-420323132,890620284,-223640550,37806083,-2038324347,21563
-1578034870,1243743151,61903221,-2009559850,1372183617,21564
1527374106,-658768301,1771724472,293132907,2047903902,21565
652405283,294523484,-1296955648,273321460,349049198,21566
768287015,1027844769,788278742,47451059,850329077,21567
1799713757,471198237,2141001548,109522638,-515313018,21568
2095418913,832441359,1669137059,376061702,-1747757066,21569
1336740734,-530031152,892012467,-508070825,-1005996847,21570
-86612701,-2018443912,-240810059,1571038947,1425982950,21571
-1133186655,1080116027,2059388525,-1949468235,-1589356375,21572
1100202133,-4929300,712010042,-899839152,-619850019,21573
1755976564,2096723518,1973597999,903203510,-828666721,21574
1423711407,-492620743,129851041,-29370725,409450293,21575
132001907,1484201187,1322139434,-1298406147,-321722634,21576
1135634312,1481048459,945844829,1636974914,-686147148,21577
-1184530410,1345150210,2142210536,72130920,-2071565995,21578
-114896024,-1961729929,-499148714,-1161051718,144039970,21579
1028158879,-1696562607,1773504651,1112941904,-2011552433,21580
-1802575235,1934776810,-1766830507,767064747,-1374213902,21581
2127762752,-465271782,-571501510,806064048,1913983343,21582
-240347332,1539393173,1373270640,1704743559,2102309138,21583
-344385906,-915487002,-337443429,-1403333956,2143736448,21584
-1421703393,-1279296716,-324871234,1369157360,-2125148425,21585
-487251517,-1808529885,-173877715,1076702206,-478558940,21586
-833096424,-1698794855,-1774540850,20741695,1276476118,21587
510921675,-1947167600,-1171213332,837173348,-1402344264,21588
1763247270,-395741646,-1922654553,-1339660303,362043592,21589
977215164,-1241334448,641044332,1290645275,1648340645,21590
1413317344,-1421702305,1509849110,-764400321,1529581459,21591
-1613924937,1389162438,-1597157173,1802177873,-265668721,21592
1102011865,-1992413498,978997368,1539110962,-1226887363,21593
-851737090,530440010,994256564,-1872343825,-1408511054,21594
1398941320,-994647171,2065727181,1262222630,-207520659,21595
-1649061271,-1400476061,1206319982,1537185589,1018893332,21596
-513711799,-1713588131,-683891491,-480035863,1301282314,21597
-1052555348,-1450464490,785959073,-1016581952,447262769,21598
616649929,-1537680675,-168234200,-1562631426,-439665525,21599
1658095556,-1158996037,1661055549,-1125883408,1389773176,21600
1066781039,-743688388,1647555472,-474898247,-1840053815,21601
640449560,-1892328565,-1789741960,6506395,-75902182,21602
1254262470,516158332,278250620,1909940130,2004699535,21603
292616996,-410785821,1637043854,1315067024,-1647639240,21604
263262352,54893871,-1246852447,153958391,-344573802,21605
-153852920,256659066,-763364668,-1620551395,-503255803,21606
-1132591096,-381044706,814185144,-209290664,1449830811,21607
2017675715,836265314,-867093210,1614298290,-853656200,21608
-656982831,34349334,-829533875,1459357795,-717198605,21609
1390087913,-1963796771,-724766478,355848385,810554583,21610
-1193674010,-382009757,-1184847443,-1208722067,-197063676,21611
-311523387,268937613,544205098,874562995,1769055480,21612
1401698980,1937752055,-1462959726,-24738342,-713249403,21613
-1241516882,1752717471,-1637370339,-150279175,669325827,21614
-1474914187,-93365360,-407043072,1364934060,-920973941,21615
-1516601853,467275125,-863301077,2011534697,1554977723,21616
969850494,-1745923637,1089788890,1335039515,1557344837,21617
-20301770,1968661959,522897106,-1172869687,-923774264,21618
-289206457,1486785266,621417725,1781794156,1060016366,21619
-2041694471,1987543250,-306021504,-1880829976,1882074391,21620
-1466827839,1645362097,-114609918,-1820712380,861854277,21621
22499992,1389005055,820142566,887483052,954972430,21622
-448399537,-1215704064,-328806365,269861718,675848430,21623
1917345227,1142559527,-765788809,706157079,-381476985,21624
1084541403,1164974509,-1244221944,1309054428,315304222,21625
1786779350,552063414,174857472,427806050,-657750619,21626
2115079425,643404033,-995298196,-869559075,1647913700,21627
-497003479,601061985,1093839314,305205844,-610928755,21628
208201382,322505895,1751325497,1613409023,-1378879973,21629
-1176248100,-1131175521,-1193221175,-1680326219,1457531935,21630
590027796,1486174153,150623679,-1018341933,-684585975,21631
-624929633,1717857577,1654813636,1839261889,1634280239,21632
2098132528,1927377068,1881254599,515139348,-667845702,21633
839487680,808035430,681430581,227682443,-993252636,21634
-637607190,-684308491,2042834057,-1054508976,-1056944678,21635
1615233974,65993009,540631317,-176487597,273790347,21636
-1142133756,279437818,896347421,1336130694,-1390845378,21637
-656763081,457431769,-1519359708,1401225062,-543299732,21638
1075244193,865894,-2051488714,-1509666886,2145815479,21639
-542545780,-1305618438,-2137963011,-1192702687,834360766,21640
-287882018,503025114,-1448627260,-915451792,-158385790,21641
1845516031,-1033821501,1512497948,666316680,1076577997,21642
-30424458,1230160925,-1497027816,430006241,421092755,21643
614444055,-883304387,918216055,2068180574,869882463,21644
-1777910492,-1855728875,-1890477826,1968257300,-1832234894,21645
530827057,1046496164,-1091448335,-1209602446,-1335807914,21646
-1531778520,469501675,-241244278,621979747,974930916,21647
-1170395238,-1407424146,-2143962573,-1024723283,-314547631,21648
1598101192,-1472449375,-1294782802,-675251432,132193618,21649
1281267146,-789975103,769091359,-2128247693,936821244,21650
949197607,461403387,-253604708,-151407280,1704860817,21651
-891004553,1882406745,641083231,-1616859807,1318351120,21652
-2929489,-340912105,-837901644,426718063,336110771,21653
-1662224677,-1762685915,569573968,-205691175,-1357879252,21654
-867855612,1184190476,-1305770605,1838478917,1924335390,21655
-1906286772,1851138307,350480503,569288279,-2122107468,21656
1780246626,431048956,1821283247,-1885009143,-530966750,21657
911332706,207406873,-1332871905,-186771748,-1894715224,21658
-161238958,2111326029,-768166528,79791591,424741808,21659
79070478,-436424188,241538376,-1923068488,1753045921,21660
-980515349,916798317,-621368947,2033586650,630161922,21661
-1633335661,869288363,600062130,-1291540285,-1322950516,21662
1901746881,-1103195560,288020444,415484770,-1669112750,21663
709167666,-2125704838,723381753,744814250,-638064426,21664
1521153030,-158303885,-1932667703,-1888625739,574423684,21665
1322996290,-1158317197,-913980024,2087928366,1621595783,21666
526570889,1506990575,217720531,1965964081,364579193,21667
1117988026,-1079278075,1679989598,733820371,413564218,21668
-1948602547,-634493416,2030715236,866597200,-250852142,21669
-1750530157,577566122,-1490967387,-1065283349,1075859546,21670
-2111630315,210800202,1594912554,1125615863,-1052042485,21671
778656029,879818438,535870133,-1950331028,-2070610044,21672
-1632895479,-1927413949,263848009,-1454772418,-1080456520,21673
1421857164,-1430202863,600448160,-200594738,1982747135,21674
1055659189,-1066075440,414510730,-2143394210,443505463,21675
1952536308,220786303,-931343586,-1251101584,987890840,21676
1565981721,-1454357733,1920645793,-569401646,-1102739172,21677
343099294,-467509387,-1305830044,-152223432,-1476964260,21678
-1186467193,555096599,1089872277,-1488307095,818627381,21679
-1850639588,1447764565,100276907,-828651745,1090256334,21680
572553364,-1291279706,-798495326,-2045380304,1212624725,21681
-373372808,1981309583,-77233804,145425260,359893735,21682
2116984619,-751330756,-2041123067,578889604,155877470,21683
78713086,19072939,1030407656,-2059283199,1870602444,21684
1492543548,-1823818647,-2105852976,-1185304433,2028675601,21685
505555917,-832396264,1021920380,349487089,-1532463653,21686
1994325362,-1580949782,-905467534,870792639,-880330968,21687
-364252242,1800687464,577653738,-916537786,646059345,21688
1942643460,-667493154,2141690611,-189694956,797075990,21689
-2121118214,1698554366,-2044720047,-1447365005,1005235297,21690
1257081015,-118724914,2050879250,-777975825,1868365648,21691
-2078571156,1518271173,-559017916,1882142186,-1050435464,21692
-1372342675,-1833854308,-1431614403,-592901380,24032195,21693
1100464191,1887164203,1260971885,243598995,-704251247,21694
1075399938,627503074,-441956820,-781573780,1802443692,21695
620269980,326113326,881954745,-2039528816,736110849,21696
241257253,1202435494,-1240282824,-1631538562,1861446086,21697
666390151,893208266,344624571,1715372030,1200856834,21698
-1190750676,-391321540,1120435907,133660365,-843226090,21699
-1925570640,1179812684,1954029262,1090049282,724032104,21700
1891040570,-936148521,291302886,-1628711983,-2115635953,21701
1716760521,2024935352,-1083806638,-85862414,352725240,21702
1454804219,-1188136394,2038940705,607973718,-1426936154,21703
1280512094,1105243232,1361876269,-596331206,-1825290019,21704
1514450760,-1415663388,606054579,-372567763,1520749187,21705
-383379800,1527649283,1812837998,442416017,672205782,21706
1476182058,1610975397,-283628180,781674247,-1079539593,21707
391054545,-694349458,-906043661,988933871,1379030985,21708
-1280937862,2055817927,10408445,1659154027,708687277,21709
110959241,1424249562,798159442,971307522,945055022,21710
153819586,1506469615,612017510,-333632121,-1232459725,21711
-1261772606,-572481047,-972174366,-1861386042,-1416017418,21712
-223166976,-990686806,-1501255916,278761956,-1836578048,21713
-1114940239,-1002642482,1756252660,545649421,-10901086,21714
1078674767,-2033271327,1015143406,-494663009,2049931637,21715
1482544403,1316381541,-628492882,1603563875,-1771079530,21716
1578783949,-771350864,1717824560,233788128,1057285140,21717
-2048676896,-1925244998,458111263,1830067561,-1937107384,21718
-1500123862,636314497,-1412361323,-1563937106,-1381013079,21719
1388722696,730852295,-938926611,667305581,2129496358,21720
410678236,1979037771,1041670245,1529770078,-2057435768,21721
-1213590255,267187582,1586927403,-470218912,1785791485,21722
-116076382,-391605728,-2131357476,1502268293,118560761,21723
-1084612160,-1110423092,1133635748,1986052255,-1279450100,21724
1585387645,-1901579413,1147197172,-427621413,-1063769799,21725
-672507144,-970696679,-1903443901,-1401347624,1679660455,21726
399165826,-1301000900,-553656792,952630701,2073028210,21727
-1042736783,1814455153,-1293030802,-1618919868,-1759931384,21728
953006200,-651836266,-1280742530,-2033643628,-1886712305,21729
630132620,1569704368,-538366928,-1723072561,609994919,21730
354480023,-272570229,-568865220,-1680369856,1214424081,21731
912149968,160815274,-1970296216,986809371,1781679344,21732
-41239015,-1448538820,-283837096,-1864949295,1371389741,21733
-2021349220,-1674999065,168824580,-1259802459,223828948,21734
-2126087615,1555342824,-1818952939,-974260941,-1042247794,21735
1743216291,2130765341,2096374621,-1078243577,1405948439,21736
982386479,256291707,-904644440,-1304217164,1461954900,21737
-606310444,1868521149,918160461,397708876,693081561,21738
1926054358,265512864,1698796872,1209246824,-1808920942,21739
855265989,955225437,-2120229164,399200583,205471356,21740
-1337284471,625669089,-1471471562,1490892612,1915744502,21741
-380888591,1772895659,655830746,-421421217,-872032937,21742
-1101859999,5778304,-1549135658,1673882197,-1278838719,21743
1590994228,748761889,1179385320,1250781223,-1541001022,21744
1374986978,1316414490,1275209060,284921940,-574943590,21745
1941718755,-2119900280,-427204969,196776914,447413168,21746
-1050588955,-872360837,1228730422,901667589,1717541465,21747
-1699792752,-1390388779,-164058682,103034675,-1612777269,21748
-1880011596,1999444582,-50471503,370676166,1987476597,21749
599679125,-370344546,-1581049797,2135514231,1812496659,21750
193397765,1228007281,-1149556360,2127905933,-1178204788,21751
1466189188,2072002115,1973563496,1077602325,1633594139,21752
-471372022,1405108749,1105602917,-2123973744,-655990259,21753
755365766,-597260048,722786477,-2067154226,1939794413,21754
1938428306,1404465190,-1951007258,-2146401374,-1589959387,21755
-1754304680,-628545276,314815585,-1097689310,1488385088,21756
-1359905396,2003717900,878287538,117069681,-945703687,21757
-680513468,1864427685,-1701335145,784253436,1469026710,21758
1029829815,-442989549,408132839,-1219675293,1541440104,21759
-1379661205,-266610566,-223608092,-1444093535,1629634720,21760
-553776899,2107371579,-2032082578,732299105,-1132974445,21761
-1275158881,2088007469,258061455,1630605992,1543044833,21762
-2140382505,238566185,-1877080850,-1390047749,1777589465,21763
-2048210961,438670218,588813154,-707636294,210551586,21764
-1204808428,-1104279892,-1947550172,-833869397,329335382,21765
760372581,-1667165374,-1953802465,557145116,1660980736,21766
-1802686505,1833272604,2110112648,-1853125299,1876505101,21767
1451117851,-2036489958,1501984577,2099008916,-1785159398,21768
-453015851,1877308235,1914181614,-1759829069,-323846697,21769
-1984502082,-1916523351,902292069,1458600200,-479378229,21770
-302617892,965292460,-1255683848,2091862004,-697586284,21771
-125396526,208539038,-284439445,1072652234,1406429713,21772
43567286,-865811311,-2004862485,-938618944,-2124556636,21773
1563323289,-1002999404,-1848684286,-1763165662,-1969020405,21774
2037120226,512814686,204043530,800856785,334511294,21775
44725564,-729526987,-2054368581,-1598251519,2022572085,21776
-1620458480,-265373429,-1447156973,-345568821,1727552777,21777
-795271845,-384606586,-121114211,1281080474,1428694551,21778
-1641573664,1513683619,447408691,-1173756140,-734967879,21779
1305402977,1864895557,-1476707844,-1158323082,-923977750,21780
-21629303,1564387744,1371500030,597668407,1878290558,21781
1896492332,564200779,1997499308,-1092598824,2004698291,21782
1033104768,1904161959,1414202125,-1923358527,1873462174,21783
-1731227581,218633891,-802117889,-2054143160,1345967330,21784
161914279,642597243,1358920638,-949709711,220667821,21785
2083755843,967707560,1470864860,475725862,-367436357,21786
1615507640,1503746797,1926105870,-1113119571,1559086304,21787
-1073002395,28803097,-1643928157,1835234429,-235408969,21788
310228627,-1067317859,-736755839,-550317067,458461904,21789
2055299942,-176095319,1650276123,-2091666594,-2117985758,21790
-1940747772,1761276642,-694985415,1035388947,822235221,21791
-2130613901,483491477,-1980540766,-393445114,-1607616732,21792
1867384849,1287679122,235268995,710167738,-1151182414,21793
228547896,-1197379872,-917381716,-1949082248,494138133,21794
1126362140,1822028832,-307849792,-1580228577,-602706920,21795
1541879369,1156503533,1549773928,-505813414,1887401646,21796
-578094131,-450521963,1828384109,-1724901526,2032608103,21797
-1653370520,1245689617,-1731745567,-87752613,-646819819,21798
894926140,1435587493,-2759707,1030324933,-1253914815,21799
-1311818049,-1314110456,-1313854123,1811518014,-1713912906,21800
-120994274,1921795394,367522821,-1735418349,1335084745,21801
826686252,-883917782,605710240,50552952,-830295193,21802
-1603994171,1619326986,-43027345,-1941549890,155852307,21803
-2029174049,704392712,-1059968731,134601361,-1151845666,21804
-562555040,-248620146,1209572341,-1408892653,1043125438,21805
1324834505,-321025952,1846303968,2096572225,1652658102,21806
-1785133525,-366071568,1631322612,-1329920724,-1534296243,21807
1495523075,-2083859267,-1296238791,-239776611,-273790006,21808
750010728,-1791326518,-1251770467,54331463,-1177792023,21809
1384859456,577127871,10040547,740767385,-1710859854,21810
-97404444,1255812374,-1799855262,1218623126,-624797801,21811
930768547,-458479953,-360232523,1474507619,-716178519,21812
801388442,-1261941208,801986752,1760686004,214850039,21813
702141235,-1472222692,1234283798,1798330412,308201497,21814
1918188042,-537523460,-446988320,1113786043,-691107502,21815
-1660432129,-712644392,-2126843517,-1694528328,1640812730,21816
930274613,-122586127,-1232572817,541310270,-1885832469,21817
-323265844,2077114161,-479202049,-512059891,-1303987089,21818
1654966617,-598499278,183995931,-171508306,2069616505,21819
1519312597,-486133223,-2145537973,-2104937572,141069552,21820
-1969614543,-1261147444,591139895,983005908,473997357,21821
-941460221,-1660712710,1712220994,-760697847,1102377306,21822
-1081531956,677894916,891712960,-1643460891,652527271,21823
1643030117,-329348838,-2087505855,-1393953602,-116950872,21824
-483477365,-281539839,-1601655684,422147782,1881197308,21825
-66264862,7536554,1618734992,1486258509,1824407676,21826
-954983879,1267943248,-715320897,-2041317133,-22697075,21827
62245391,-1069357401,1131122307,165306303,-516679850,21828
-689358676,1393239689,111351783,-1596432332,1074011776,21829
-1984343110,-1136031211,444330923,-1235153140,-1533034543,21830
-1635723996,1218224740,-1683681825,726800472,301825,21831
-1907841035,1045095830,1265266946,-596213952,-475497117,21832
-2080716397,-1671942105,1311428308,-618858087,-1559598499,21833
89733532,21271711,840521068,1753751718,-784024679,21834
84545012,-1682172266,-1001608678,2077311627,1695725915,21835
755159333,1209765751,-132271225,1033736876,267715785,21836
375517871,-1613295129,464139325,-966900475,-1450704037,21837
797898750,264078177,-466915431,1860148891,1816990589,21838
1074216198,-1539284262,-1776506259,-1948466234,903921281,21839
-663034512,1072049540,-1176799314,355915932,-680723538,21840
192249411,2112367699,1061831998,-1114190912,-1483493477,21841
-2146559656,-1118515384,-574880140,1413038257,1308964624,21842
646246902,-147322819,-1158794282,753701075,-1066474649,21843
-2097552467,-253922095,375122407,1712191947,1268906449,21844
1414958077,-1727440233,339133836,2019504560,172503628,21845
-1212043929,-791483656,-42495160,45032692,702244288,21846
1632588,-516044337,1701808785,-1921290058,1452065530,21847
769990871,-1831835519,1540277167,-2083813016,1804445074,21848
497908938,-837374343,-1782335006,1569550808,344380689,21849
-1303579283,1236650037,1161664537,-1883502638,-206881557,21850
-1317844902,231371086,-1738054395,1085808072,-938967185,21851
-126692951,-1571034510,-1708461304,-882134839,861967342,21852
-1610751377,-242523580,2079642846,659608220,1242610993,21853
-1788369708,-144875104,-89788721,2011608990,1154192867,21854
1401454622,955715203,1277354540,-450880500,-371005364,21855
1907062489,482354871,-1740012682,-589385196,576991912,21856
-841587826,-709805035,-938063876,1499036228,1809360694,21857
-283888679,1123392131,-1184717423,-668463627,700093541,21858
861755764,795003429,-1086205786,-89699531,1116978546,21859
-1729765433,884362267,1411989775,-100406545,-1069804293,21860
-1076774600,-840556864,-974433954,1020145202,1742279606,21861
-1740848490,1817524790,-1725378364,581878189,-1831113345,21862
-1315066911,-2132299471,1833103237,-1268968851,-522128405,21863
-35212375,-70378499,1600230330,1870425370,1418200820,21864
2105956917,-2076150663,-437465626,583483329,-1470984565,21865
-163420770,-1608086398,-2019974654,-359559452,1355667084,21866
-1925108308,295136563,1303533582,-33388868,1032651710,21867
-334093937,-131277865,772927205,-1405599423,-1246452033,21868
1954022267,-70165180,1820704079,30186522,1427118441,21869
151748033,773468839,122678188,-129376634,-1226198384,21870
-1316872423,308488052,-593898618,-307401089,746267770,21871
-470949881,-71550311,1875533932,33215619,-1003792594,21872
-399131247,933016111,1691654726,730128854,-1090387547,21873
-1944874553,743480849,1491554853,-363456542,-947025560,21874
1829243378,820333763,-2069478248,1895671545,801907124,21875
1423613039,-588799581,-1152012938,-2120410593,249319599,21876
-835272454,-1175926215,-1870582394,-693171024,-691576441,21877
-1505246660,-1410342937,942951249,-1638925048,-1977525169,21878
1623430624,1248736802,-1532082950,-1204817137,-736420432,21879
-1562205089,784250238,241021441,570929745,11006825,21880
-1199682442,-2117373396,-1696091108,1657892844,376690641,21881
431822573,-1086103956,502788389,-705296021,294148139,21882
-351406529,-442801336,2071847879,816300969,1598628196,21883
-139096767,-570621842,982249299,-1228499549,-37922729,21884
-271406489,-1163346474,-632848209,-1521097293,-1139561641,21885
476848968,-1636288406,-945282139,-280797068,-520110630,21886
751087059,-1455394940,-1510880061,-8900047,243408622,21887
-1463003429,426053986,-875103699,-451914063,-409093576,21888
-37199982,1718648753,1116806056,550823073,-155689556,21889
1505369146,-1987574745,1362916166,-451390894,-528505133,21890
321359694,458584303,1247044321,2117342202,1204564539,21891
-884521108,-1862813216,-157412445,-293856164,-1855965431,21892
-140325693,2082620663,-1818644913,-1112615331,-508596558,21893
1150479406,578627660,681246337,308925031,29291589,21894
-96490922,237935056,-1607244372,1562417838,-1114496607,21895
200306746,-562928870,11474460,563672075,1685909422,21896
1258100628,647657589,-666122458,1665255301,-1508150091,21897
-465430495,-1496145299,-818721061,718989963,-1870582052,21898
1168264951,-599942366,1658372697,391123342,1130940797,21899
1283860654,994865578,1665489824,-1818875463,-823602579,21900
843652156,1615001790,1880013809,2112892428,-547328930,21901
-1503770592,-708341449,1895219652,-27036066,-381003569,21902
283238105,1788094737,-1382273519,-183630149,218058631,21903
-1184486412,584398000,574797781,423934509,-1182856175,21904
1850664127,-731436148,1252691436,107613931,-759074703,21905
-1400847355,2057354486,-1552114353,-547315006,-742134524,21906
-1962071319,-366883440,2033078456,-1623762452,956889964,21907
-1765695378,-1011710565,1656621046,355095560,-1639497469,21908
-1777470258,-462537817,-108925196,2135633764,1830604635,21909
2139412401,1218939530,251136605,1292653679,-1829549298,21910
1728905608,-1212171901,1377696396,-1144945781,-1559840516,21911
579358152,-373798668,1934251085,-2117831551,-1000813044,21912
-1707689297,160195675,1516674061,-1190692412,1038228524,21913
100533077,-144877418,-9670601,1926830736,-562376079,21914
323179742,-1896903022,-50891667,-22530554,-1744687375,21915
-1821235805,-1345809212,-1717647656,853205215,-2060321727,21916
1136667266,632195208,852241812,1817400272,1991676094,21917
390862589,-1986794878,-419738190,-795072970,2106239205,21918
-1753397716,1270663415,-1899049423,-823725082,-2012073692,21919
2037636998,1722402331,-1087148498,1397818072,475048036,21920
-1200084787,1624736578,-1015475733,1030250861,-1419026986,21921
-357151360,1145403960,-1028687463,1250892273,221013702,21922
1238708682,355560529,-1627749257,-1316843794,-1215074767,21923
1001645763,-204674821,1717584083,797917077,-2081361328,21924
-1014224104,1781560009,1716795469,1932458567,-1429743729,21925
-451693029,1260472589,-1690526238,671925095,2125710762,21926
1819699445,595167142,-1661981411,-239263377,-1245832860,21927
1818242293,1257936895,-741813606,731662393,-509568429,21928
-1204395668,-832804098,-273866594,-77360607,125178067,21929
-2052854360,1937390334,-117973691,937248466,-1434575689,21930
863178637,1073121055,176840473,845970514,-1979763726,21931
1379015470,-282611995,-786665132,872717837,648408588,21932
1386858320,-133128843,-1272117328,629309391,1137792332,21933
151637862,-693932790,-1472346239,-27565568,-1563869552,21934
-1047707372,-1410697138,1051821776,-1322535864,62489027,21935
-300542192,-2091858394,-662149237,-158209204,1944537556,21936
1528521885,1473421045,781860004,-1841242591,270817164,21937
-1805603780,314116083,728305255,-1432232783,-402639722,21938
1340712698,-2006136922,-1263801380,-110431220,-1253399216,21939
1327199408,225260086,845330589,-1110142248,718110339,21940
1733184480,1521901122,149789777,1439729868,-1714095511,21941
-442936369,-1668403106,2113869497,350530368,684174724,21942
1905573263,-631931840,1832410007,-1635972065,-720090011,21943
-1594423363,1967301769,-461892692,2055826431,-805396009,21944
542777173,2145541107,8148334,-65912502,-896211446,21945
-620304062,1899030018,-1379279816,-1866539363,1204508256,21946
661488977,507846593,-1603037415,-1933754626,417962699,21947
-956964525,-2105853506,-218475429,349804797,2110093944,21948
-1972216946,1667809957,-1680984800,1036118686,662023757,21949
-1579290155,-1988182796,-551169722,-1711854070,371433225,21950
-1904140,-1016032779,1763606003,-813774084,-1338335214,21951
861782769,-1182432839,1755031998,-237650165,-41805183,21952
1440652294,1443480560,552257003,1164406836,295664110,21953
-502100122,-527359331,-322067781,-638580562,-1072687621,21954
-758347653,-743749052,-1845405449,570059175,201693227,21955
1270522861,976774712,-782961978,-216839581,1266147338,21956
1049342162,1499297853,-605122672,-1809646126,1226670960,21957
-1769725746,459672562,309243932,-726948377,523512160,21958
-552380163,-196571019,-100611774,1126716699,-2072820693,21959
-1440778552,494235090,-820011091,141167693,1018205774,21960
-2033305582,309332321,-1926878246,736046741,-118382345,21961
-1809122246,-1819241743,167204540,21164235,1793005681,21962
227304291,-1417459764,311940114,-1515825612,930780544,21963
-2089105388,1890163155,22559427,-1716348999,-717176781,21964
1666909977,38642019,-806472659,1979088617,-606458238,21965
-86688379,257202086,-308717041,1653221700,2143953361,21966
-2143218142,-125970203,-30013204,1862729839,872360419,21967
-1369547852,-415308186,342781218,-152012012,-1956333101,21968
302479879,-1541048678,-1083797512,988663005,-1663464891,21969
1083484268,-2017691309,-1221890039,1948298292,21659083,21970
1235913229,-2078307585,1821441048,-1542189354,1007043,21971
-248883712,-1719793503,-1639095186,-1040911002,1035010642,21972
-1526391584,1578253076,-156944346,324734341,1153531819,21973
-1758899741,-1935266326,1865070340,1297542783,-1887777995,21974
2011054987,832384126,-1504035045,-250923015,873153905,21975
1180343131,-1684258781,609546503,-1002940322,2035037072,21976
1717986954,262624455,-1545170677,-1125686383,-1507379149,21977
1281051927,581025480,-606729976,-1848260260,-1339582708,21978
-1802823938,-1207329176,165547582,1652668738,798051919,21979
-1221146454,-1606155250,578771144,-4766565,-2062883235,21980
-1155516109,2072381096,1330491583,1503859345,1580719540,21981
-1112526113,710228382,-471990375,565756179,1442774776,21982
1330506788,-1030227978,-739179644,-548551026,-416164809,21983
457095217,312180695,-1924042225,2009358896,-353193952,21984
321278551,1559796517,-2086286020,621017183,529112242,21985
2074533099,1342114299,-1985409376,-413251713,-1895122563,21986
1187334716,1114619365,-27691260,-1995024392,-1905409679,21987
-1202470003,865885412,1930381289,-424934839,-1713529640,21988
-1727268184,1415401954,-1143980239,1931595923,-1670377518,21989
957239501,-440598749,1156733671,723800247,-990262123,21990
880838197,-662940245,476723602,1515375880,87177631,21991
-925161937,-738385449,761873429,1512290124,696497316,21992
-1521120880,119403744,1482541040,109662331,-1307141594,21993
1223928649,-550235323,-913070828,-377536709,611127996,21994
-185150974,685997114,1360422485,614258192,1609272367,21995
-433511044,-111281427,-150797871,-1975462605,1440182397,21996
1513689224,833237128,1588171645,1983925691,1558901920,21997
611043118,1926040761,633633,1894547897,-1503865698,21998
658070580,394658217,1684155022,-1432995705,-917748709,21999
2013998235,-1704858096,-1388222386,-594601381,-1030529874,22000
1181822706,-1276455070,-1618123006,-777607109,1546503137,22001
497382352,-589757801,-1389395520,1210946827,1302602078,22002
-208988389,-1545966387,887436650,527483952,-1276539556,22003
2125258782,931883786,1129713321,-954766578,679887867,22004
1738711365,-1055626692,1413777070,569526535,-2096650335,22005
-379762916,165266134,-2042072381,1575648841,-1504196906,22006
1774078378,-1644998071,130943786,-815981082,-1097906753,22007
1172666025,-1209809212,-408377128,636391121,-596862347,22008
-1523956819,1550843922,1789235852,1885929246,-1921384753,22009
-874236448,1046652560,-1347497391,927075039,301558980,22010
-481126259,-704688601,1455568629,1666682036,1830059507,22011
-1408144261,-1770938232,1228749129,243413233,-97794393,22012
1232726969,474974481,-477884224,-1584191792,1407760237,22013
1295023227,242264874,1241271297,-1645526438,-1575465519,22014
602754369,-105368692,982756187,1737042305,1061812775,22015
-1089635841,312410904,-1457205186,1463921764,714799089,22016
341360856,-92518947,-793096326,2036782491,888199922,22017
155451821,1053282877,-786045817,693358307,540562116,22018
-900311784,1158415700,610331921,-1023961385,-999801692,22019
-11180951,630151732,1778697760,1493885312,2005202409,22020
-1517595855,-1999511157,363814124,1982074055,-1642351167,22021
-1005593895,1831275276,936601305,1760227974,636141042,22022
-1418928951,-336481325,1957435700,958120580,-1282134805,22023
-1506198601,1824746322,119138749,1259726972,168384151,22024
-402003540,-1782011415,-1613424894,-2078032053,149405926,22025
-350586642,96995981,384626607,-349252698,-776429112,22026
1145530847,94732557,-229306699,-95814256,-425020002,22027
987629708,-1735836341,-1609059177,1443704221,570678629,22028
717065048,1276671069,-449673096,1428058981,-863390092,22029
2090292738,1841888536,-780458738,631922747,797362406,22030
185176370,401200029,232474160,857114671,196053960,22031
2121573476,29032046,1363683513,-779315639,-455547081,22032
1845652320,1101923473,-957479195,2057295723,429178587,22033
-1463002319,-495047299,-264511805,-613130911,74019030,22034
597929232,-701759415,-2003523535,1844103166,147232912,22035
682230509,-2123787995,-871687325,-1692686307,1376466254,22036
-1632227315,-1705612500,-870057455,-176832515,-159352767,22037
-108929088,803257384,-754594346,369515170,1432237106,22038
1255404721,823862174,2133767598,-2142937778,-1933131846,22039
-1971510265,-1640883339,2105555993,1900344352,-207927765,22040
793610459,-1672661264,1136177238,-2125345409,943081116,22041
827332488,969671649,-966476083,382230587,249625972,22042
-2122682623,-1286337139,-962271252,1473210927,-729616184,22043
2013792668,1014844469,-460154288,298201254,2055472600,22044
-1335513258,717064660,-1555285894,762280159,-462462223,22045
-1882775771,1647446723,425564497,678817324,-149092351,22046
1196830893,1245331302,-1056001373,432541227,1887195995,22047
-1621949742,-952175895,-1425152736,1635543436,-2093183100,22048
-954139297,1599351132,959061598,1524407492,-1206926858,22049
815487466,-142531454,1557719066,1680588241,-1665640617,22050
-387549818,-1675001567,-1882109816,20524802,524676373,22051
2040703259,990618502,635073471,1484335321,-1903605398,22052
1667983017,301823220,-1310447049,-1674783218,-629038617,22053
1384333649,215175338,-1556599614,1344035861,-372060842,22054
1462848233,-1237804484,857484310,441418291,-1535281086,22055
1108296840,-2048444691,-162574279,-139260321,-1917252153,22056
832277192,1111815928,-1947111827,-517534438,2015842650,22057
-1663564988,385843582,645404889,-1914426483,1985307872,22058
898287933,-1622361017,1320456705,-811435033,-320895572,22059
-440375511,-1020317516,778817878,-879888525,-662177909,22060
966353936,-817299349,1740811305,1841280583,-632137161,22061
-2052567377,-1452351270,-467373686,-1741025657,-666501480,22062
886550101,-1547046256,-1171889997,-617660560,-984359796,22063
1590713100,1414509222,402566618,1100651188,205161015,22064
1890561635,815530689,63027083,1707238330,865946851,22065
967761089,1820456843,79715175,-523234635,-1918968606,22066
-1281437142,1332824990,-1182659528,-1311510734,112298671,22067
-1049995339,-713342165,2054123228,-951862395,-379244493,22068
737910927,-1751164638,1124625277,-1301023508,393709343,22069
-327011371,880521473,120698644,1846578356,214449666,22070
729774328,377532099,737047241,-819835164,792425964,22071
217814186,1646292270,1606927165,-20136852,2143671826,22072
-1104957690,-1031939204,2070013524,1005822202,-173652129,22073
-1753024841,-1517729779,-568041484,-78568725,337256583,22074
405233255,1050842260,-1224695688,1050403698,181710982,22075
-674711094,-557355633,946218869,-1123378363,-2048346822,22076
-1594789072,1013253613,-86731839,-282943477,1334374152,22077
885580950,-745501280,226001878,1046473006,-882155625,22078
573928926,-1336422100,1631395235,-480697453,-119539591,22079
123456813,1126897092,-32744412,-290640575,1866124529,22080
-837788168,1586715319,-60654815,1509055871,-1102361507,22081
701402155,769836941,1222969235,-1765448801,1130890961,22082
920389601,-783022752,-328873470,1679939599,1586727549,22083
1398577562,-700542074,-1113084383,1905748485,796543535,22084
341632284,-1280504995,1717245422,-712055425,596283028,22085
259073691,969304937,-73283598,1326043853,1384504961,22086
655709954,105714591,302860181,-276624684,-302267594,22087
1842759910,1596420298,1425716928,391468679,1607720632,22088
287421542,-1607582355,337546964,-288543073,-1749664433,22089
-1401045153,-1766689279,-1908485286,1831823216,-1846256055,22090
-1735172098,1664272041,-31180491,-1303702282,1812950858,22091
-515000428,1404192464,-1714180000,1270334889,186296208,22092
61002615,2040444343,-395141051,1787031578,1893876962,22093
-15148674,-1849980507,-881501097,1960814003,-800673788,22094
1817382019,1057398144,1560341640,-1219340158,-2007370928,22095
-1534994375,-2028717826,-1004497389,257793574,-1566597394,22096
665010211,-1590080592,753509482,1789832646,1346643929,22097
-390438930,870518495,-1927548087,1091363375,419787436,22098
-268053831,523973532,-184522839,-1456171304,177132455,22099
772383481,1446079618,-1678099217,1258921111,219764867,22100
-1305802496,1636859893,1535252314,-329256053,1107741137,22101
-1475365071,144188064,2001610571,1908339385,1444268315,22102
-1108969508,2008172645,1446530272,-1251882749,-1946919490,22103
-1606082993,315545977,-2020449549,1894901935,-192728857,22104
192373355,-259466681,536223034,1742823209,-1763783794,22105
-263352112,-1008402557,-1773178859,1413162777,1214164378,22106
251564424,-971762821,1101098538,878788791,-1057274068,22107
-601138974,-1435392085,-1785772077,1095472505,1272661916,22108
1351985126,447390991,258259896,1776411248,-1188590437,22109
-670429692,934337870,-1250180113,-202201566,-1382926011,22110
-745626258,-344306388,325194771,-1272598117,785020552,22111
1076117987,1611533103,981809716,-936016270,1991642595,22112
-1685440304,-512360707,-729439730,-494635463,-784537565,22113
179957687,1473180023,-1191208846,1618366214,1601011706,22114
846667940,1132574178,-1165861420,-2043709944,-2112545895,22115
1437968725,811027519,114539923,-371087945,-1621615736,22116
-1778183857,946424639,2056046005,430563014,651776462,22117
-1792756288,1525224112,1984770808,-1597409820,1079928494,22118
120752588,1082929728,1279622269,1244747180,8853574,22119
-925257328,272482860,338940688,1555242710,-985814544,22120
-57936657,-1320037549,-2063775582,-1526992110,-791900976,22121
1637316335,-1485219708,1806721346,-1733258425,-2101549372,22122
-2049309888,-1428155191,1991269600,-1543059843,718804281,22123
-1763854302,29800586,-1134587323,-310987434,620543997,22124
370922843,-461988802,1859509139,-290787596,1282996419,22125
949631767,877155426,1674817815,1627825630,1406844976,22126
-2135492214,1458652092,463354224,-1841127485,-726407391,22127
1440526420,1372907177,-797579309,935580661,1508883661,22128
959925039,-1109382966,118217130,-1175536386,525289737,22129
-793595367,497377662,1215278578,-1114707596,-1130551633,22130
1970919804,1741819979,295075312,879545291,-1861500472,22131
-836728454,2103384890,-838757203,688960286,2038275251,22132
1948447675,-1420795493,1480361533,-969273578,-1885469468,22133
-893415806,-278219018,876335721,-2144640679,1258342124,22134
-1880172990,-1997670828,1140012130,549208637,-270783297,22135
1292366841,-959511846,-1727997570,-1426707875,-557713415,22136
1812988577,-567185811,-1253565107,590860138,-1217801221,22137
76832394,2103909849,2080523559,272286089,-71830069,22138
-2109310447,1843326955,859308603,1468781976,1650234408,22139
23494938,1457747496,-1695549112,-522208884,-557457972,22140
1590551326,-2048571034,1484424389,-882210951,-959083657,22141
-1637531485,1497548987,1427492130,2037870987,-148924060,22142
-226905165,-1000224929,-565542094,-1364467138,-257957037,22143
1499135537,-1008986946,-376260091,1404670603,979595025,22144
-8892220,-1266321174,2062445826,714274162,-1236091267,22145
-342209539,1817162879,-768796097,-2010692104,955346724,22146
305832915,-2036841590,-489159083,-1301799879,839569261,22147
-2103721437,-1392979293,549667148,-557397708,-1206425767,22148
-725551952,-1918502738,-1263667315,73605487,-1419562370,22149
-704987719,-1582942617,1167742696,1684724397,-1985089458,22150
872711423,-580606041,-1845707726,966229513,990114697,22151
-325584425,-309386752,-795550783,-9899220,1069012472,22152
1890396107,-1363377290,1597210358,1205188395,1678175216,22153
-857604430,544419760,-723105340,2086630526,820087269,22154
-918820314,307069785,937600839,-1835105001,170222188,22155
1311611103,-2044008257,-1190287547,266565042,150894641,22156
1958609795,-535457701,-1093377120,-92672850,-740223618,22157
1110456850,-1571832423,-221398548,718455219,1926449168,22158
-852883783,535344848,-1102107556,1392396466,-1089228277,22159
-1105166793,-1823226304,-2003262420,491259443,-1338398358,22160
1679856632,-277925828,1758847799,149486303,-1474043809,22161
-167833434,-870359750,-1547649535,-2514935,-1775139260,22162
-1362297192,-1771147116,-1021582223,279110964,44685839,22163
-1643296682,510074125,-66288162,1445469788,-809668338,22164
-1481087092,-2024870635,-1375822407,601697720,-2118507782,22165
-1147415750,838302170,272969768,-497446834,-1111714423,22166
793049743,734322742,-2027593288,1358983520,1177511180,22167
-327450485,-1989537965,-1160512198,-1205084964,445054838,22168
-1376647891,413374949,1181164627,-1421537543,342515508,22169
779236845,16257293,-952401266,-1553515320,-557300360,22170
1379547140,280458336,1819445956,1667460548,148390473,22171
1064293939,1704188182,-1270477436,344437155,-1832057521,22172
219361974,836157972,1960132246,1488692426,1852806764,22173
-1947190476,-749952776,-1514305035,-177215226,-611938933,22174
-1978630099,-876805835,-320542872,-1912426988,-2000463634,22175
1325796553,-752661763,-1573048283,-1979266658,1962576125,22176
-33275112,1434689428,-953854965,867073461,-1472631180,22177
775023853,2090003273,-1406579490,-1548166368,231074610,22178
-326835760,-85872635,2128415907,2130030931,-122530538,22179
-633197627,-51165379,-577196826,-706479339,-1586171035,22180
1846456386,-981487190,-299172122,-24029491,-446918565,22181
749639437,425304677,110510207,-920636343,1369625911,22182
-1299307459,-1206161835,-1450429712,-1586070227,-889105830,22183
1139958087,1748300529,1370291112,1596440610,1324205028,22184
392340902,-1574303239,433383467,1427164375,1157733529,22185
1206364072,1891600984,-866784951,763601212,1055736580,22186
-205167071,-1445402273,711751662,532334903,413721791,22187
-1133164896,1595375419,1068191072,-644982580,-1814075589,22188
-1503264394,53340307,-1251116416,1876825183,-715782481,22189
-1386130302,1958650843,-2113891261,1276582869,959864920,22190
1339758148,-1129706465,-2024227833,318175404,1861435394,22191
-1120404096,-685132307,1643128187,996031976,978630830,22192
-768861363,-2042555416,408982250,1253273738,-548030644,22193
1510794211,962262464,1336766991,-1937748428,-703970207,22194
1565943077,-1265593066,2135781364,-519509200,576916443,22195
-1169621694,1829436844,125734144,1360867118,1378856985,22196
263356319,-16752119,1501477944,-1619388712,-2104673708,22197
1678083384,151797857,159703192,1808126637,-129697964,22198
1878099578,-2056754570,1884927970,-1172955595,-1352619660,22199
-1098934182,-1311805789,1653419220,1524657522,-1855053702,22200
-1311649433,422774672,21041116,946146336,-1823261547,22201
-319679963,-48589964,-1070452908,-1504339955,1303650223,22202
2019568814,100562456,-1053458816,-1949081481,-375677488,22203
1016494634,1055091629,-971756085,-160226567,-441719580,22204
288451328,1146689599,1253766129,-65584067,418839902,22205
1745854974,-1095713535,18310278,1347473514,1002095011,22206
-1010969904,-1883217553,-1745658483,712251493,1518285612,22207
1870584253,-536999779,746885883,-70653599,208477806,22208
-1333336002,1435914075,-1775997441,1862798402,-937449034,22209
-1956597169,-1500189041,-225921057,541674781,-1142248078,22210
1612835230,-358611002,2030930138,-1895874134,-1645021015,22211
-570199747,902397058,1550895916,-1150827817,-1632855393,22212
1424445626,282807275,1442975025,1230735096,-1129605888,22213
471749516,485165857,-789007117,-1632805122,393354691,22214
1688416226,-255150801,-2027061647,979374992,205429429,22215
950211295,-1013405982,-1935888461,1568499479,-865398712,22216
1622855274,184751321,228992480,75203483,991022296,22217
804329727,-692580367,357848699,659403962,1893005801,22218
1061196677,-346999755,1594689989,-130065191,169838688,22219
-367340867,-113902186,1794954535,1328432560,238649220,22220
1634793506,-137193363,-1074247744,-1957792580,2026934949,22221
-455626076,336993056,126750026,311302927,-1008451577,22222
-507335454,801315144,-641508256,-973929998,1685640113,22223
-1231622443,-153814696,-24668427,2008864083,-852710481,22224
1594809776,-83047190,-780865501,-1679301796,-420549574,22225
-1662596377,-404826875,-2109837025,-795455474,-1779068328,22226
-2042247075,-577134822,-1048621698,-454628400,1714811012,22227
835494636,583699780,582636493,796889995,-852083480,22228
336423359,1756564633,327868834,1670432852,712752470,22229
1560949307,494642291,1120096698,1005994504,2053504473,22230
-1075468704,-1114151167,-638280318,-1577311906,371725506,22231
654133961,670863565,-1174778328,-1136062182,1242798547,22232
1535865591,-1882292766,2075125795,-2073602036,-740648798,22233
-181720909,-1417712320,-829814023,-2016610873,2128392060,22234
1411030417,-325779257,-1657218784,-14494884,-694405726,22235
-204458113,-314596476,-825146637,-1322033471,-1522614170,22236
-1792143438,-467160573,-275568036,1724581195,892587263,22237
-763255346,378343506,-476571619,-1202941114,-251872230,22238
824384360,-67406837,772490820,-1013449992,378014908,22239
-928085313,2117184280,1902681755,-852060328,1337776570,22240
818653826,-322925068,-1405790195,-1225157909,-744966495,22241
-128841409,-1375421190,-868067716,-1761226249,386733017,22242
-1242036090,1776073895,-325080278,255733908,1293276347,22243
238700782,718845274,804973519,-113557988,1921435189,22244
-1422877092,-483039473,1467189469,-371411161,-2039682661,22245
-2120418003,1569033516,822013909,-1161092147,-1090100499,22246
551845725,252816395,-409469184,-1633844535,1693622924,22247
-838502804,382914449,-2034455366,1267815399,1231700847,22248
-77132039,1342822846,-1606296996,-1469506026,-1164723152,22249
-1587371044,-1526768416,1947560467,852689390,1780849112,22250
1691318187,-1412870836,-1120355102,-1476101041,414752819,22251
-1628437419,-2126365031,1860367327,-1133262622,1162281599,22252
-1693577486,-2095286340,-1095284329,-217486163,1179987396,22253
701226099,1212417581,382907112,545872326,919546476,22254
1672932541,675299995,-1783295760,-1972761936,-1998964807,22255
-2060374017,-247910388,1432076420,421111768,7391781,22256
445462547,1272322726,377373511,365075594,-606989666,22257
-1941923237,1645946023,2016863308,-891719708,-915695179,22258
135529514,-1130886198,-1645473878,-1172634350,1693327147,22259
-1014135034,-1753041210,-311181010,380810489,-1441628075,22260
-1882811561,-1224225091,25013886,1914881106,-1525831570,22261
-621939463,1194374503,-731403523,144813143,-31658058,22262
-1637731816,1675492645,-167439505,-989405713,-521447811,22263
1943803034,-630159876,1132794251,241437154,2118452901,22264
1792362438,-578630488,-597595584,-1967566606,-1548643997,22265
-1320139834,826190522,-51432681,1989448572,1047617515,22266
1566275665,1994016996,906230716,-1302487539,735104072,22267
1653942647,60604565,1443821736,1394154920,-575177522,22268
-502706039,1645205584,1033403746,-1517882744,-1676144508,22269
-118508345,-937251983,177468344,520730668,-1476655072,22270
11103448,-1595001452,257170749,485672667,693853391,22271
2067166664,1352248546,-1776831448,-1654638574,-642172481,22272
-1146923814,-786564202,-699995751,45940092,1432353393,22273
1805467310,-1573484818,482098251,1327036647,427548677,22274
723241479,-530034540,278505753,-2092028404,106814055,22275
1198019228,-209306572,-1228629818,-1205132904,-931101926,22276
-477340338,614414624,1433076698,81340536,-827079851,22277
-86706144,-1548575951,-86026104,498138893,1432346151,22278
-2076628882,-1979786998,829253215,618589831,1680056919,22279
-1792064550,1884689197,-512087748,1498346166,-1496261689,22280
-29798269,719331697,-2120285491,-1418341497,-750561613,22281
-1306203806,1664825181,-1288108602,-1944189706,968312453,22282
1057637630,-1710297549,-324895186,257378308,1220852282,22283
-915208056,-1060014553,-219526680,-1489080826,568929419,22284
1936050393,-2089594,-1699242548,-1519026938,1746425098,22285
2030012608,-154416492,-204996364,864455283,-1892387149,22286
-1493502895,-318117634,503589257,355774066,-1373482932,22287
-1366878166,528309005,-727218965,551524147,2143162315,22288
-1896765108,1473656996,483142378,659198180,1488787547,22289
-1455624552,2017936226,1039609582,1008268390,-961866094,22290
-75177622,-1361225887,138163629,1759959316,1042772404,22291
1488970044,763870563,-37510778,2101675018,-975156771,22292
-911111803,-571895505,943069781,29654889,-144788030,22293
-1691500882,1113073693,-687963239,-268233355,1757144866,22294
-1635786084,-1679197281,2088358393,162770066,1892565111,22295
1523685586,-498072797,1562486212,1414565331,-1342500807,22296
-536216565,1170010623,882583284,-163381685,1547467680,22297
-707599153,292060014,222551907,-388311117,-1404646772,22298
-2001470027,-1967801118,1376414719,439563895,-1667113664,22299
342245848,931839081,-741799923,-1973046181,922031587,22300
-875928004,1986024786,-109018085,-844072480,1206202120,22301
2068257653,-760220620,40384330,881018923,-1138742209,22302
-1570793014,-988506590,692882061,909536998,-662511362,22303
-2138941042,868913755,-1573427605,-911794614,-1473257269,22304
-1231408258,-677963437,-786188277,322464398,-1071308941,22305
1946299574,1409490567,298870667,402410299,1509037323,22306
2025112001,1238362862,2015765997,-1072363977,-1962080454,22307
-1026719049,1333272381,-1537487563,1725678068,493140711,22308
-1016256293,713012952,-1698956124,258387920,710597815,22309
-839830056,2106370851,-1067601487,-1858025380,999343627,22310
-1853717891,278424480,-1082784174,1481005726,397890978,22311
2043959303,-1949489672,-1793521158,1465511605,382957397,22312
-358932951,-1992720562,1432043498,-1360446639,-1408630047,22313
225186217,511610449,-1019099015,-1390442079,-1661394384,22314
-75405547,-1887059300,-439668336,624044693,-868934911,22315
-1569103394,-1734756688,-1840846763,-877095707,784942323,22316
537600482,223061812,-931804409,-841935293,2124276025,22317
-1473744999,-1444997819,772187680,-1826730650,554959089,22318
192649235,-192495831,309699536,1942801625,-16710902,22319
-1840964255,1204224372,-321292071,611604363,-631199917,22320
-1538302377,-405375535,-1719357736,-319570307,-1504948635,22321
754411789,1136274179,1967960986,1502251500,-1045119701,22322
1212399733,1707046549,-1960632920,-933374287,1740358334,22323
887859521,485758996,-367853324,74067911,-1640665722,22324
1617659457,1854452180,-1599166062,-1351833475,1713606087,22325
1717950375,-1821425,-72049646,382916965,-1714876829,22326
1346598280,936680299,-1388698112,1247648380,-701674527,22327
861424279,-1103870362,-1005181846,-1317154882,1361707295,22328
311447702,-1506351766,-636378241,-2134216047,726599058,22329
-1390513107,388924482,1307878973,400485177,-1585717552,22330
-1321523315,-982382263,-1244954131,1949747440,-2078545671,22331
-1047182215,-1329646070,-524941349,435641370,1565195610,22332
-944653774,301488543,-1595618092,1291151132,936992412,22333
1628384280,-1427318025,-363872353,2124635262,-225070148,22334
-49733751,422362380,-1112257246,-49647643,770359008,22335
820518172,-1473403282,-932810575,-1943108272,-1388653790,22336
-2127137671,891417315,-683666578,1946204666,-609101404,22337
-625622430,-1734571197,2050389192,920536936,-529507306,22338
1712843084,-1796000232,2113216404,-861266468,-1044010079,22339
96258029,950649829,2076320061,-662364208,680988442,22340
491693928,-2005936060,2083880351,-465451915,-90618379,22341
-1038592682,-1527709421,-477493862,2031042784,1025410179,22342
473127493,1744442918,-1590890117,697221614,-949142654,22343
1950312821,72979812,532290583,2137222770,1781823741,22344
-818454723,-352570062,-1377409276,448483662,-715270858,22345
-1179803860,-1385116290,-24846165,1484323888,627831084,22346
-193782595,364425658,-1321586328,1892789554,-1479830231,22347
-1903092011,1497373416,-1296222153,-1096721252,2082393872,22348
-187666181,-1351909047,924579623,1953081462,-1034438812,22349
395410151,1958468024,215729809,1134941010,-1333658333,22350
1143714690,-523890216,655445982,-240848998,1138294453,22351
1453246926,-110990012,-13209882,-1776924165,-976191435,22352
-183953566,-127277557,1426553009,593908106,551423985,22353
-1684027761,-1642231853,42442713,-424018785,1154516731,22354
1838089665,-1075420643,-514888765,1780028680,850655205,22355
-1850854521,13959978,-1699249196,414478346,142886823,22356
1625492563,1012652520,2071868493,1486335303,-182217351,22357
1840118123,-1154805639,-1664695452,-1593429323,-999475342,22358
1772566618,-1452259912,739701113,1781014383,69077786,22359
1236257372,-1449592344,-322210328,-240724162,1013431128,22360
-1748965001,-1006319379,1854871377,-105505752,1271095241,22361
338983884,1203137025,1748391952,316524586,-14449782,22362
-1861787596,-940478395,2074386627,229009446,-1330491569,22363
-335802419,-240503790,-1646449614,-1181660937,1819860025,22364
1783948298,-463593737,-253444110,1204731693,-1230602250,22365
412822063,420108732,1526094401,1729320521,397734174,22366
1521007917,389894596,962729920,1198467432,-1641519979,22367
1352972241,-674798760,-946170001,1667984517,-2095731701,22368
1590563748,641908787,-1291852369,932318994,1388772063,22369
188274455,-544780446,1928765827,1516057068,87832443,22370
1307090408,-805581531,-1140252071,1492765240,-1050400927,22371
-69376756,1973500992,67093385,499920711,1645276188,22372
559837844,-1586887458,-1016629384,-759585179,781979616,22373
-29805650,316009580,139435570,1875650737,220702045,22374
-1340484513,800772421,-910031829,-816805251,433543608,22375
1565676524,-1602165267,1696166723,-2000853512,882033384,22376
-1290604403,-1232796633,990632604,-217235141,-1563671858,22377
746940563,-935461296,1833614371,586121423,-922921,22378
-718474101,454785469,840243897,-225399397,-1360504719,22379
-825132476,1949532735,-782979,930958491,-599767381,22380
2029734857,-1071212837,-1988578828,-579540267,-285590282,22381
960338668,-425335533,1884256879,-2047140431,-126414787,22382
1903929387,159346890,208984833,-1750428308,-2075125963,22383
598389601,-436882718,-2044163999,-1523678951,1470857384,22384
1032130179,-1460256886,637904861,-61514345,952865125,22385
287571844,-1103746723,349045276,403984975,-2071672797,22386
-812706212,-1905656589,1706343448,387751834,657570850,22387
-774258400,-113179084,-714531067,1570281258,-1597031418,22388
876222932,954610304,-1633665318,314417515,1875438433,22389
-342759341,-1889189405,-1174081140,-1613129340,1294372443,22390
1985301143,653814960,-1178454732,-1560404090,2092246800,22391
1953987961,969516895,1943666029,1613232501,1577574780,22392
-934163723,-957695627,-1227884340,4207759,-293880799,22393
-1398020697,-850130810,-10335805,1652320910,209885031,22394
82489028,2076341813,1943957653,434748179,-78692274,22395
-1560272464,-1121084347,1585699785,999987506,1074216667,22396
573137793,2078077165,-1673046655,447868281,64178887,22397
-1986238918,1288156253,-783067597,2026721722,1788387453,22398
1820342044,19089837,-2060569877,81446025,1317289483,22399
-338877096,-1601593553,-1794959235,1504665923,-1558795181,22400
278162416,-1386395982,-403992346,1474877505,-472072198,22401
1322005563,1965482876,656759590,204746485,-86892191,22402
-1314553715,652185803,226339476,-983492927,-840815101,22403
-47680463,1857982506,-1024780697,-191667733,-352672457,22404
92069325,-907173441,661628327,1321274298,-2134588855,22405
-313402684,1449456931,-765811777,1725962248,-1684659893,22406
-1414423051,-1801794278,1327843410,-820528532,196795768,22407
-238491102,-162920311,1567360833,-1145916022,-1615128476,22408
-1002777963,1258678432,-134730030,2129383614,-660246271,22409
-2028883070,-1474731005,-456795251,754087037,-1842915447,22410
-428530527,-1479765030,-1956426798,210502796,1304593638,22411
-1944944324,-1622598125,502744602,-282333373,1484459908,22412
-55692516,1555354414,-1256647872,1879664004,1414389210,22413
-144497460,-1511061718,-985174842,1488664450,1810795143,22414
-313358220,-598147043,-2098545394,-1028752613,-1435789669,22415
1007283014,1667098485,451317369,-1291169730,-1112259781,22416
-104920217,-1267757191,-2058074757,1709763899,701217947,22417
434863679,1109551148,-1472912327,1720438707,714717054,22418
-865944812,106096939,1273971346,-1260295057,1526828683,22419
-191154744,1038214151,-1433585683,1243145826,-674967533,22420
-2081692124,1178905989,-1827212285,-665717653,-468825755,22421
1650549245,-1312212766,300124928,118471913,-1250899551,22422
1237568240,-529258954,1386295673,-1300742403,-1303552884,22423
-140205288,1784683798,751245238,-580815967,1790560766,22424
1595424151,-262008221,402913761,-817440708,1117851153,22425
1625508251,-889452147,-1224954067,480926893,572421468,22426
-362296442,-1996512062,808994734,-173076264,-785316934,22427
86197712,-605212377,824824059,-1167589479,764583574,22428
1816927821,-1768962875,618803939,-1026346535,-56871226,22429
202862468,1730315956,-1997127697,1093839552,-1968982172,22430
1399555288,478966341,-517628121,379504951,-373627105,22431
1457912719,-1420209446,-1677791785,1382652159,1682803354,22432
-1785425424,-2066219752,-606926638,-1407075714,11573849,22433
-330363594,1974340566,-1432144892,-1377020005,-1910102865,22434
1906042546,-1029925474,-9720144,-1930722184,1859603197,22435
-87056244,-1950392630,-197159186,-252237699,360644508,22436
1274985907,1092902822,-600599804,-592384320,1131512406,22437
1014783869,-356605284,-704188049,-55067165,-1309332051,22438
1557928255,984051870,-802782798,-1122896625,1584081037,22439
-1982150908,-1201310084,1705096998,960214288,-2132510129,22440
-2007934390,-1178424121,-202337324,1181978758,1663809974,22441
-1836102868,-675803404,-1598122173,-277844665,1241995093,22442
233894943,-607380827,17308784,88357292,1904160056,22443
-1282129986,-679756282,2089842573,-2076208488,-1071184388,22444
887067800,127328915,-826911686,1630023393,-1772447189,22445
-1411447207,-854847988,-389485333,-1580762840,-735116103,22446
1502194807,1758074241,1901105969,1806603183,641593697,22447
-1149791716,599150014,-1077553090,-1246172443,2119820406,22448
1576448370,-584162129,-160637201,957760678,-676183710,22449
1195127136,1450262740,740623317,-1856357670,1414445792,22450
-134506160,-1404471459,-1239571265,1470746440,1490428711,22451
-1506166042,-1093107515,-819592535,-981747380,-1398014125,22452
-796904110,-355281049,-866243078,-2072877894,1824438715,22453
1105566779,1591742950,603338705,-1456327280,-1596816351,22454
23907255,59649121,-1337181437,-1370391211,-35145641,22455
1047240966,-884327288,845712618,-2141444090,-1386462542,22456
1026890208,1337854786,902363572,1748155968,-747860535,22457
1035284297,-1790116220,-5728017,-1677579049,-27447345,22458
1188720609,-1785997673,-852605963,-231340719,1553823885,22459
-1747786330,1126099338,979237705,-810788403,1576699440,22460
-1916536255,-48712626,-1577595002,-749520128,917429633,22461
-643847651,1466826595,-321537436,21383595,-401779299,22462
-809600963,-865708639,-1417012856,-2112382117,744677266,22463
420799487,2083982587,900151241,167539951,630019398,22464
1280221540,-240500839,1122603972,-1824961120,-1760309858,22465
2076830389,-1380288642,617313597,-1504672470,-1206792712,22466
-1765496059,208315595,-1989511857,-1445288607,1452718733,22467
687408682,-1758541061,26933376,-402520193,516049,22468
-1964886018,1494440595,1658858091,2010453351,-1677210646,22469
2138231995,1245760715,1961383084,-1428243947,1816577425,22470
-1004410570,745948743,-960954305,2028040179,-169616926,22471
-1008357084,9177620,202772676,-768774730,-240384929,22472
-368674149,-989613091,2056172966,-753818308,2034572500,22473
946148447,608847324,-1260595242,-1399905110,1129368897,22474
-1782606078,-1582827804,-2010523516,-412772627,-885258529,22475
-1953149181,-2138507929,1245103250,2002901623,247973623,22476
-626938234,947012885,1722864422,-116697440,-1656749694,22477
-1549197071,598235694,-1902269364,-1696812985,-791758435,22478
774376302,-159030736,641952073,2098958736,-1390028462,22479
-113721038,628599314,-1658463784,-359471068,482621017,22480
832057838,1545493170,1828642661,-1719720651,124063916,22481
1591595164,1540179444,-2058616294,927585589,-761332179,22482
-930512285,-2006412594,1793509081,520293399,1186792035,22483
-2123392001,871784045,2106307532,586982391,2092508537,22484
785338736,-1434555362,37809999,573603657,711685740,22485
-641372954,1241390220,-1165452305,-1613234518,-763200863,22486
-793826316,454420217,1896320857,1792739885,-711787734,22487
-1958676475,-481049961,141663859,-531040688,1922880584,22488
2139903242,1923859909,1285966955,-1718881272,-1441738550,22489
-335971745,1771967419,473408200,-262435679,1814143754,22490
-158685830,-131709895,-1002622267,755605973,735386844,22491
-1673530444,-1629546449,498763673,534675343,-895730458,22492
-588471669,-1632028397,1052610850,-1041892786,2138830474,22493
-1087405059,1590894801,-2107782853,356522770,-1038506885,22494
-1578676888,-444325912,1773546810,1170139250,758585091,22495
-1663878317,-657780011,-1005674957,-149370094,-1955716158,22496
-474167569,1172809259,1341522762,-1509899458,1918168560,22497
-1015448293,739994409,-574874295,266927766,-1800431323,22498
-1047574956,165603625,-1192326886,-1677049676,-448635716,22499
42190564,-816732863,1302025071,48865439,1954226208,22500
260439354,-1490766568,1133537598,-261215999,1039528596,22501
-728643217,1333244534,411900265,1854001377,-1510241631,22502
392810879,-1074987267,-356167691,-1804472056,-1036923202,22503
921920806,416076751,-1468567166,907724097,-519418074,22504
-1860978279,2007629189,777070591,-1619992566,-1605711564,22505
1138930663,225770236,253466394,-1299039192,1732822058,22506
-1199533909,1904691407,-697857968,-546064367,-1488646126,22507
-803228004,-834055804,321897254,-856061287,149903994,22508
534991646,-639041291,1038879674,-1359946124,876738446,22509
1266411111,-1770575429,862459809,-1423510466,429427903,22510
-845324641,-443664830,-1478883103,1115571499,-827586834,22511
2106770061,1414004589,-1400686789,238173068,-824675809,22512
-963929418,175894511,335804935,-591782357,-1034475088,22513
-1302136119,-297319574,59053242,-23317315,1897979185,22514
112049458,426727632,1929693762,1865947156,-182778214,22515
-48866889,639524022,1635660852,-1565646922,1525897950,22516
1010128355,206463209,-443894650,1055367205,-692873472,22517
1384299244,-794839379,-1608656562,-1416254960,841182256,22518
764860007,-891089727,1109032612,1538234121,-1497037662,22519
673357584,-23298432,1756141921,-695039855,-1424843154,22520
410666524,559011831,1415222543,1933629847,-1383669552,22521
-2085052177,1205915307,-1853041042,515897594,-1398461785,22522
-1751300021,-1731784981,-1622851478,-1645186904,-1182660808,22523
1948203808,-69864988,-1527930704,-1005493506,-1369667108,22524
-1445484702,-1061089338,-2043398593,1988847827,-386235068,22525
-138463623,1211643314,1647663763,6675381,1215159142,22526
2105695891,-1453445133,-1071807742,-1658952114,1762653912,22527
801394449,-640411612,129182189,163177162,954044436,22528
-1452104744,-1803786559,-817639414,-1475807343,-1674060417,22529
902364073,1635915088,1172602653,274197818,300814709,22530
1126802354,1168049566,1136897816,743248679,-1924806672,22531
1820473875,441528169,1449581227,-1428478969,748683771,22532
1977993101,1412540687,-1928477724,59577138,-146336023,22533
-1609399761,629239945,-1987034410,-655511216,823698116,22534
-720058537,-542423146,-397001699,156659214,2048425438,22535
-748870219,-1175353970,467063039,-627393083,188947515,22536
440265170,180410880,410914259,2016521124,1570339331,22537
-2094929156,-2092085874,-633299564,754503566,1612995572,22538
-270186044,1716901007,-227287044,1697306157,-458087036,22539
-1322206140,2119720778,1417329776,959144397,-1118115705,22540
-186570222,235015887,-1057042498,-86604308,724118436,22541
948918162,-726037975,-1047048602,523691562,-1969939959,22542
1735451562,1330180890,1560790524,814210734,-1076705582,22543
441119097,505561292,1015323561,1223499805,1053762830,22544
-755784922,-1404209764,1882057064,-1792726911,-2088215088,22545
1108355142,-1901374788,-1402824733,1625314522,-871389028,22546
664525266,-63510698,-1578482000,14837818,-793579367,22547
128694121,1402063734,-549078649,-1586235619,-1984511506,22548
1869972311,-1937437962,1936338142,-1129407893,-1096860603,22549
1950056300,-2040239633,1210339689,1787660505,-1275854950,22550
436706916,-1803937956,1107055990,-567274649,-127090237,22551
1055057634,1436797302,1413352389,1507505165,1521717962,22552
-1862019675,-1969883043,-1550740627,2134618134,738081810,22553
1880390538,552684921,-1232586336,-1603276366,-717667156,22554
825861725,1381628011,2109803024,-597597705,670070115,22555
1523887804,791957672,798438139,172150558,-682285945,22556
1923114886,96069060,1005751996,-1185721008,775253027,22557
-1664275707,-1674431569,1724375674,-2009409853,-1893524477,22558
-2141266831,1764197621,-1370405014,422103027,-182939611,22559
-1280718110,244624616,1488888958,-199285587,1999562651,22560
-1619016403,124886082,1302167408,93894892,-1556910281,22561
192546226,-379347728,-2018028926,268591954,-1686022009,22562
708208284,2054231385,-1162419914,1473233816,128811517,22563
2121553535,2111628146,514982872,264003246,1855912651,22564
1870960290,1811697404,384479348,843398135,1212536020,22565
588176435,-1347549823,1365383141,859576263,1163807973,22566
-1570527036,-1716863182,-82181895,-1550408845,-1640862587,22567
-2026924747,469055005,2091870798,107207112,-1446076720,22568
476541380,-366221194,221195041,502267605,1620859371,22569
-1697087272,462411965,1842324923,-865570370,-330520766,22570
555975780,-1258502883,-868693484,1235635630,86141377,22571
1585565523,1621773073,1202589640,-319842970,-1497907390,22572
-1015079426,269708433,972989877,-403462094,-173713461,22573
-1930306563,7661380,826967750,-1104635442,-1554007003,22574
-894834225,243100691,1473623543,960034475,-881557513,22575
-842922370,1748635876,-340805901,123667548,-954967809,22576
-737507364,4325476,-1910537668,-1166526856,799886707,22577
832509994,656069028,241979557,230032565,-999689760,22578
391701018,1050166392,-1772380862,-872575822,1745916720,22579
-1130468744,1438105141,-158846021,-971233846,497496062,22580
-270873432,-797859582,-940395942,2014476081,-1224403193,22581
-684536029,1543760712,667562620,-1425565656,1139935923,22582
-591118309,1510014838,1909220396,2071967451,-1547385677,22583
499058577,43028471,81592934,2136553902,873367869,22584
296059676,1505308023,-1843290924,-177800116,443558114,22585
-639223312,-35265401,1091813580,-617208799,2117091924,22586
884571438,-1120861388,1537803852,-1248300021,92869433,22587
-1397059170,-1556528892,-849742669,-735254443,742474159,22588
1142191045,-720197893,-434887441,1193700076,-42541599,22589
-1365254887,-982104930,1096442726,-1208352695,-2048146033,22590
-139592550,-1292534914,-125238687,-1527197075,474573027,22591
201537462,-2054012992,931144309,1487383613,-556010978,22592
765645782,-385048543,-340256974,-1515267144,-1073654556,22593
-1178440594,1250749094,-1255043234,-1137309067,993958004,22594
2079660937,-182290411,-430528761,976339392,1429321197,22595
773298654,-224808013,-1094354664,-1789281049,-176099056,22596
-1135027916,1296354553,-1276218100,318136996,-733952936,22597
1073524376,-1519371244,-1574029000,-720741782,1744595105,22598
1354373616,2082004628,-680352369,2017232433,1710280171,22599
-956137702,-144750402,-2073606684,-1945339651,382504253,22600
-788761472,2079261626,-2027044785,714524670,-1408997449,22601
-1636311931,-1781768367,-1887819467,1276607892,-2020993889,22602
-1891665006,-1200256757,-953250033,-512911180,-1069409013,22603
-1618985711,723286710,-700395971,1190143689,1243403451,22604
1640025979,715128526,-1425161405,1535455790,-1163114766,22605
1910666727,1363258685,920378068,674567004,547566539,22606
-714748152,-37614868,151746922,1346929120,178458962,22607
-474244455,-1006954816,220950417,-1502194963,-1266723642,22608
-1837664249,1916753711,1556205568,335705564,494267785,22609
768221461,-1911126829,-1937027356,933861618,1413979525,22610
1757443156,932300194,-95295791,1811604462,1713838152,22611
1627686804,1314930561,-1426535229,-1458809266,-117768785,22612
-1577139715,-155885737,-22077935,2095285936,-1149192263,22613
1727531918,949215602,-2088668236,398957078,407337103,22614
267890996,1370683049,597092772,-379118364,-779038921,22615
197357062,-1528161055,-683208227,78160688,-1789285243,22616
1095418685,1468812124,-1156403614,293580686,-970977221,22617
562587342,-2038839177,-1082138741,-733105958,-371248075,22618
1086297698,968708372,-108818219,923573173,-2035841855,22619
-1623774930,209025117,1950091145,236946716,-221234949,22620
1087409934,-1510044182,1139644593,-161255442,593354079,22621
-35456309,-1179791921,1409484112,606804465,-990909429,22622
-681678681,-1820662968,130958957,-1865838409,223798879,22623
-35373054,1398588909,381379951,-368093737,1160161987,22624
-1338676326,-1089707203,-1382459256,1299984640,-112295290,22625
-12888182,-1095093862,567017986,212158740,580378435,22626
-903583400,1967284047,1797644001,-183114990,-2062773117,22627
143902354,1397312837,-1839127534,809638644,1558382903,22628
-1494871242,344555613,950037850,1017939559,1281275426,22629
67070956,-2033825321,218877751,-1658756482,614590725,22630
-498704542,1599872841,-864922204,-810261364,1131187149,22631
1293277270,-2015441496,-355456446,2009456486,-1275830023,22632
-883250730,1424168286,-649017829,827421092,547320115,22633
-1500149864,2082280368,-760843893,-1772631696,670070761,22634
409710419,1581502817,-1189401803,-1838736878,1658316623,22635
-710611384,-1285813852,318756453,-250709805,1092551195,22636
674572025,-1519203171,-1300824140,-945132732,-163485385,22637
-180609092,-1617178795,-1727968987,-725573684,-2025042316,22638
2081172724,107790651,-1405988977,-2059050683,650493331,22639
-412009919,-1432773330,-1311466037,283036674,908892286,22640
-1270454626,-824984759,1808239305,1037751744,-129160578,22641
2002208351,842110735,-1546455309,1200859684,-1359219892,22642
-1623666609,-1127066886,-823113322,-485677574,-369017790,22643
1473529943,1049896145,-1421238992,1512715126,-35959516,22644
509955431,2136518272,-1810345412,-738589932,1963217875,22645
992500382,653774404,-813008515,-672788286,-306528019,22646
336492425,324892665,66241817,-1820417419,-876014338,22647
385507824,210019669,487036814,1001270584,-1358319592,22648
-1643341811,216834449,-868366363,1448210843,-960772918,22649
35556476,1156982477,-625709510,326254759,-1210072780,22650
713935498,-1518088710,-313893433,707180414,966701407,22651
-1572281995,-1752936018,-66966047,1345474855,-230252105,22652
277064228,1954231986,1065957893,-233806672,-1918407619,22653
-73772158,-495075110,1368708592,1053899130,1947813537,22654
-578518194,-967798817,-409814926,-2065419780,892947153,22655
-1519751982,604015117,-869708370,1341582973,1506738625,22656
-105728144,1601496000,1176545803,1239182344,501601534,22657
-1434014933,-225910249,-43142455,-574673250,469961632,22658
-417564780,-248160659,1942316761,898857901,-1590261833,22659
-502254666,-1724768873,-84207240,750110548,759132980,22660
1975746516,-1913495243,-406680136,1125745743,-1715179936,22661
1582896016,-503220680,-883759571,1208628994,-73171429,22662
-1056595904,-826162904,-50605707,1407810443,-1781661109,22663
-481719255,765265963,1847881333,1161303417,-102939234,22664
-984179207,-783233859,1617227111,-506994670,630246837,22665
863444471,352876267,-591978288,-394775015,-1576836138,22666
-193113310,-190505363,-2011099586,1688583475,1948878106,22667
-449852576,1348950351,1819272192,1016614192,-1619127147,22668
1359803600,1152449704,-1709934360,22782524,1016666565,22669
1966089581,253501151,-12907328,-2097227638,1614329266,22670
1671186633,1531649758,1875375688,-368095078,-1463508659,22671
1085658102,-2003466605,1896790480,-815670904,-1897084602,22672
1731008613,1216816563,1721432638,-907293026,-484278733,22673
-876985061,1787231185,1306190445,-400800458,1998187188,22674
422509474,190917565,1019592679,-716667419,598916204,22675
-359080208,268777112,1446941192,1584378028,1056630022,22676
-272257799,-1250315349,1119877512,1715957814,468490069,22677
-2021279751,1116130550,-624678608,1138571754,1748899212,22678
84774180,1362747680,1838494472,-1923968493,761546566,22679
1412831951,-1211367251,-675241994,2102139541,-228364801,22680
736472289,462161848,-1654684741,1573868895,-48071730,22681
1111974938,1371491884,2107582700,1828777506,1884472832,22682
1241059188,400171816,-574635385,1317732205,511545208,22683
-348219336,276438110,1232637302,905565746,-507931455,22684
1102693800,1552048782,1365379099,-1252338128,-1814424410,22685
-1200918972,-1073585783,-783312445,-310352714,325345766,22686
-1167376357,191713275,1370079580,-1587302786,-657888523,22687
68616783,765278514,781215070,-223606127,1593679901,22688
-793154076,-1760371791,925746478,-2135192987,-1896512755,22689
2013732400,1532561004,1823008589,1856874911,1236745723,22690
111117679,284573575,-1856963607,-234045932,-1344712890,22691
1673790218,-693831326,-384736203,-2021547612,-1499068887,22692
-62954144,2111462152,-714528614,202591623,-344504030,22693
173027339,-1006318293,555783724,-1157038862,1309933700,22694
-1706418687,-106266898,732922571,2136530560,-1463863855,22695
-246166076,-474105224,-216777633,-214090755,-2013151558,22696
1571047926,1577678810,-1353573230,-2129314639,897506359,22697
1386995116,-1928923875,-1420311559,514515191,497177552,22698
1621550869,-1262798901,91806338,1378666559,421264150,22699
-213606911,-2053609034,-1017158917,-442614185,-1002471461,22700
807045586,-17354408,-844160981,1479382130,-2020861740,22701
-235173124,-224818444,-2063774225,-1018454830,-1897945697,22702
1691242788,-1502217029,-1716263864,484464968,335301943,22703
-73889999,339885216,1906997744,-1078266910,1000327340,22704
903209350,-69623667,-1699557960,-992468262,-974128406,22705
-699084211,-117108970,-1128790375,2082464963,-2103611737,22706
-1488055926,1359143084,1399702196,-600173799,1845683344,22707
-861418408,-912612492,-1409825039,964715057,1185986412,22708
576668824,14539313,750054912,-2108906579,749323607,22709
121718172,-1106250628,-1931781460,838660796,1646140328,22710
-534886289,-1662924335,1679179288,351778382,2144296864,22711
-106745744,1621930579,-1662267097,-984839766,-1246459440,22712
-450767737,-720564944,-1840127301,-912045971,1976417290,22713
1709959466,-1727266498,-1499050759,702381902,-1094003768,22714
596354429,-1722745344,1300143316,-1969163068,-1311608792,22715
1780352621,2077864893,618991780,960404778,1947341980,22716
-1880997147,1763510257,-426596498,730348695,-1281245783,22717
-1435741750,551230345,1961162417,1369347269,-651178066,22718
-215576874,1697054571,-150429276,-427507576,-2093122198,22719
776301914,1922923275,-1300419719,-188718212,-1948579964,22720
753261117,1392630388,1971457859,-2144436659,-714896494,22721
-1872851484,1990114343,177311406,-1281566345,-1795148891,22722
1939776514,-1445976289,1157022853,-1531933100,1179316401,22723
79942622,-1445943465,1425511332,-421690755,-78080356,22724
884487972,104496550,1368905816,1583845371,-786738330,22725
1420511040,-1118279484,-667239024,-1791224210,-1004991009,22726
1190365599,662330413,-134278887,-1933943821,-2099545281,22727
433906560,-1744628625,1411737231,-356253242,211768172,22728
181010862,-1753467982,1047640093,-1562655008,-260734051,22729
-1398659805,1172841926,587950119,-1131856054,-349219109,22730
-1369780322,-639196063,1075113159,-443056160,-1793287678,22731
-2132471311,2118890272,384100863,1989979573,852752256,22732
-390402389,1280381638,-836510001,-1708091867,-844525333,22733
-1565837783,-986164837,273687603,-1867110937,2048853907,22734
775142469,1812296629,-1291195782,2062191654,-1158349859,22735
1345265225,410328733,815979874,-1212200586,564097724,22736
-474090070,-1766181767,-445133033,253689474,1028824558,22737
-1667755747,-159744552,2121055362,57547988,1547273698,22738
-415841356,-248671947,1786081631,-88899541,-367647760,22739
1605547861,-1162518512,-831081212,567509382,1275369036,22740
-1331472609,-850191561,1710615779,-1219611450,649395399,22741
-862436839,829593415,1966587177,-941004798,1654308618,22742
-1158223449,1658954980,161456238,592491868,-527973352,22743
-321943768,-1728247046,-751570035,-1259327459,1590615054,22744
-1360562159,-1046344032,378931800,-186411429,-291308093,22745
2139256366,-1247855431,300245800,-1924908108,-988310762,22746
1765829766,592561130,-1857967959,677342711,894239788,22747
-2045872528,-1561056946,1754590706,792723176,-1455537911,22748
-1743173472,-1662452152,67680021,1523967409,1828135265,22749
-494107756,466293370,1484870567,1490862725,2132799185,22750
-928391649,-882108946,-2119037116,1054058714,-2058970689,22751
-693736371,718610519,3132577,-778696088,-1732254128,22752
-1318679211,-396324120,-1578333436,1642216149,827667286,22753
-1175345491,-1352423429,1836206859,-1422578705,1507784566,22754
1191602064,-165357946,-714887351,622980032,1149336316,22755
-850932400,1592262856,-671373105,-132907457,-2077432256,22756
-1467863516,1954280315,1458750236,-479928965,468511449,22757
-1281209207,1367610392,55075775,-981857168,1680402060,22758
655859819,1384434289,199455762,611730230,1111128546,22759
1072774205,482607264,-1235065469,-284894043,-1842711300,22760
-1706069222,-972646146,-42613716,-1927422809,1758237800,22761
8217302,-1631164288,33001364,240956887,-1814185264,22762
255410321,1853011084,1577783215,187695538,1067384262,22763
-96515384,298148201,1409614932,1353067703,-1753172238,22764
833324186,-1203781300,1177541348,-602598542,-1678334482,22765
1620684506,1371968661,-1387568622,1774863415,1352183682,22766
-105223690,1778238516,-300875381,-781753273,-1777860119,22767
-1939160983,187459658,1110480949,-147618351,10592428,22768
-1980093035,1186300874,-1415929142,137397166,2111062171,22769
-694093850,45826433,1771034821,999055283,1791739325,22770
-2143933875,-1439702396,2044805938,-1049576898,-592302447,22771
-528368251,284796825,-703585412,-1238795150,-1474740141,22772
-1971671580,1751024111,235414090,1141739607,-757340719,22773
-1090731936,1300993035,571842605,2085824159,-1723852940,22774
-1611530823,1318131603,-625668970,-1070969926,-859446807,22775
198847313,1007522059,-1726152304,-1591168363,-739168152,22776
-1993931138,-211292005,402095243,2103457616,-2012260561,22777
-679827591,-1668707360,1513818467,657646254,-2130003721,22778
1416478385,-963763654,-22367141,1983625047,1859994353,22779
424494258,-1967887591,-1598448873,-1344404054,1346299069,22780
-902348134,104166615,2114855242,1813539711,1640641929,22781
-309738848,2008941806,1905290063,2084460496,434860457,22782
-1447553482,-594387475,638247597,-604392095,-292826321,22783
1473377234,-2045356087,168064394,460856790,1467417231,22784
-588323945,-1377535196,244715114,327684402,-683838186,22785
-1385904267,1952335026,1609483861,-1073017814,-164883390,22786
-347627706,186587709,-1405163111,-949569749,-1084004583,22787
196897974,2102257819,-662491237,-455415383,-1046828583,22788
-1721606554,-242447386,1702684921,-1233910379,68361436,22789
709939026,434157684,-1645472914,163140187,-168028504,22790
-141792935,1079677809,1843484681,-1669322976,1874512017,22791
945772055,-19552948,744356162,-1206430743,1142654369,22792
637218743,-1817862884,1620409366,2041902714,-2035730722,22793
-207850800,-858202452,-1574092940,-1387824805,370873582,22794
2117292781,379112204,-514763298,-1500651363,-847532455,22795
-533757103,480124090,548035286,-2118538814,1764318563,22796
1090373079,2128424413,-1098941089,1300399827,-50743145,22797
1775200016,-1542168909,-302484358,-641464027,-197026001,22798
258212955,-1688430202,-370434947,-1065457481,1935710912,22799
487203380,-2057421336,-466186943,-1577567703,1268673786,22800
410916020,-836594399,1726405868,-682453876,-179192671,22801
-1500537237,898028090,2074992189,-347467701,-1837270639,22802
-2139194325,639762131,633477938,1535418362,1802170358,22803
-136713258,977622448,-1183529929,-771752292,-684801379,22804
1792168375,-229646027,-1069410824,-680248886,-299352759,22805
-1176777461,1370865317,435329463,-1449358071,677907628,22806
120742943,-527372507,-1182219293,-1735766242,-696331997,22807
1097807278,-117082733,1988206924,304013272,870681913,22808
119484193,-1705951301,1549663443,-2053500104,594470223,22809
2132924049,-1654833583,-1743718344,-504907464,824837862,22810
1729911456,-2131882679,-495753884,-1794995790,1439748467,22811
154916585,1743806,-1689994617,-15297923,750168084,22812
-978121538,-824649935,-1665004390,-1417241013,-236610723,22813
1978321646,995430910,-1120322791,332941846,-628880701,22814
-1867772225,71978309,632950029,1312153879,1389997214,22815
1015988231,-264858608,-1184481451,-849904395,1181171659,22816
-1429953273,532283180,268593914,-985690026,-1791476985,22817
-525137080,-140043092,1518691984,-1325942251,-236439826,22818
-2015727525,1471554556,-1820255489,1653808720,338167860,22819
826093021,2074839986,1188671924,-1383811171,2078560094,22820
274253131,-1299840545,1097357011,1283595312,-1548303278,22821
157465939,1883691043,-1032080049,-336023423,-661144986,22822
-1811909237,-1822423415,292227439,-1690583471,824659322,22823
231118955,1543123101,-1639190667,-1649803369,2144373213,22824
-381804757,742042612,-103357336,-217523026,-127010965,22825
1800006818,1612893168,-1551406355,-1470923724,-1886993584,22826
2067916225,-1091048955,617966947,138369268,1615041907,22827
47242944,1003271618,1895919017,1241155854,863503896,22828
1673398624,515366544,-1290258813,905487384,1096773046,22829
-1574929204,98336913,-901801756,1229820553,348503784,22830
-1270564959,1629406141,1402687498,148100327,-1632930488,22831
-1717111932,-996819502,-900085581,-1571771037,942175502,22832
1961097166,1059334438,177495280,1625988492,1545069902,22833
1146496569,-146619053,-412564277,-1143619957,951620459,22834
608024691,-455401019,-1270400826,1439989157,-2006897999,22835
1823440908,-1465950981,-332308434,-1608671017,1678747622,22836
-772101710,-220768030,-469170108,-306449523,1434457330,22837
665713844,2029257065,-384999526,1599416563,-250369402,22838
150144053,-1448558817,1074047721,531632711,993178505,22839
2049511872,-534742325,-1485449657,-1674527138,-538496686,22840
1239342088,-414835207,1445924777,-573975880,1506070269,22841
408649493,717121700,-934288929,1697347421,-1367204368,22842
-588877302,1878773957,-1624989637,-472152969,619573827,22843
-679757756,1357106528,-1239715567,223607063,-2110621080,22844
1944349973,1526296353,775584827,965471854,931525410,22845
1440976564,1909387569,99428397,2012491652,832366988,22846
777855017,1931887742,-479765244,1479300809,-1421741583,22847
851835020,1700260720,1845290509,388803565,-2124505916,22848
-1823708872,2111051151,-1746592949,-1197461392,-1869009426,22849
-1525712478,-783443467,-535861729,-1979105259,509090171,22850
-717371486,1216549891,1181521292,1962352692,-1086035071,22851
-341493551,1057824093,1846555826,655520338,-2136139457,22852
-786098340,1190789676,-1794209961,-755732341,-1593786420,22853
1304873681,-1354277776,2104686621,2080874062,2108095105,22854
1062236770,155068036,1422697834,-1925807769,-867818190,22855
62919174,1816026180,-799208624,-1325121842,-537789411,22856
-2009634036,-1763078511,444701668,-602467961,-830527541,22857
-1645664357,-1336019547,-1077590548,-1755275521,-380746587,22858
1722709403,-1556097212,-1327624445,578493921,1244377771,22859
1978182780,-73558340,1510692519,1589715040,-827759350,22860
997649800,-1875680587,1891428707,-692497052,2045679850,22861
1727865087,1269342423,169667408,81162016,2040675387,22862
1668211098,93652130,-202201831,494220954,-520819683,22863
44942483,-224843627,-1031449816,-242656511,-1184366927,22864
-34943944,630328203,1703285100,-382272870,1435606405,22865
870042710,-413710177,1998168629,842553553,-711319799,22866
440242933,-1445526834,214325852,1913776655,1648709610,22867
683838481,-1275107227,264479326,537183377,-372992631,22868
1286969394,-1635651546,-669992878,-1803096939,-1753552181,22869
-901424682,-559728088,1053956769,41363142,1097057167,22870
79950204,899327967,-1970097548,800506691,115329043,22871
-10938661,-1144625077,128276449,725966901,354609328,22872
842146096,1954501918,-1847167695,-965149299,1431274129,22873
2002056486,1108207515,481924386,1573469793,1787807119,22874
-1051163745,-252655994,1174140028,-1852780083,1476001617,22875
979960961,2019352569,-229012914,-612213944,2050983796,22876
966376973,1570919840,1333810677,-1071894264,-225487431,22877
789166400,-518852454,1238017456,-1755217589,464990126,22878
-530230176,1106594980,1847298641,1776396901,-1741739290,22879
-1438391825,944153230,-534108890,1414343826,-225934817,22880
-1709448554,441102230,1078588374,-157237122,649389452,22881
466013530,-52186400,125642913,1647510024,-1284634423,22882
555072742,1135468764,-690648676,2130837903,2108896562,22883
-1612478388,1940935162,1891274690,48361383,-1288630341,22884
1440930690,-1900184178,-99989712,-2084441585,179305029,22885
-516047938,1791381824,-556546198,-1529385545,-640802005,22886
-1389436328,-567862359,-583882912,1999917020,-624898577,22887
-682998759,-131273445,257421767,-1926349642,-603283212,22888
735783410,-2065597501,738849353,1186031140,-1083550509,22889
946170704,-1102685844,8849807,2017983572,1209387250,22890
213962861,134469962,-1679986448,-1396736415,-33477472,22891
1649986321,1938019052,375950404,-34274241,-1833225974,22892
206149170,-1157014472,1475428242,-1028678831,-1148419609,22893
-2253571,1210840768,-627013378,-1119699143,-2019103196,22894
683225515,1427797662,-458869612,-15508367,16515319,22895
-569374770,-345862897,1354228877,865337944,521470630,22896
-206645901,64083728,-1947008561,-1052383279,486745470,22897
1966830600,-616816342,979322677,-1742543230,670591690,22898
1696997736,-545017657,1017842176,-2094000655,616969862,22899
934682235,1246932487,-2045763968,-1766973002,1004118984,22900
2139383971,-295001925,-841592610,-2064198286,1599323055,22901
-1046096442,226756042,1667797806,-1579052763,1720173763,22902
-893987712,-2032671188,661478048,-1940401963,2090690587,22903
927427915,193830279,1189236721,1005462514,-429671024,22904
-744236464,988876096,1466341175,898936272,-1727275510,22905
152047925,1536674282,833643561,1919883846,1930589220,22906
-2082872381,-454415534,1054775246,1706333527,484184525,22907
-1298316550,-643104447,1254166056,1797401275,-2005087398,22908
163955552,1515090276,1115153017,-1549193201,161475111,22909
-565202076,571038929,-837988287,1063922015,-97916123,22910
476937476,837463739,1677469861,-1533980931,1438432333,22911
1834895063,1136860042,-939858729,-201570084,1174577470,22912
1256222710,1102449648,1350307488,-715982655,1852238870,22913
1233104792,47423701,1264346796,1963538863,-246446224,22914
-1709751973,-335487048,1109790004,-1087767368,-412679498,22915
495932102,-1344105546,-565397570,-1764984973,997297064,22916
500764163,-1851701898,1131060144,1849148135,766792825,22917
-272929829,1651832799,544567083,-893009543,-1801945232,22918
759484691,2050738140,317447377,-2073583077,-1305599787,22919
38835237,-1237826817,-1615186551,-1363424999,-1845463211,22920
-724430297,-439603455,-1972140294,-1348108125,1830493127,22921
724412190,-255767858,232831784,-1038458765,-1805140770,22922
-1659411569,899710107,-1878507939,-1515913203,1028024589,22923
-952803743,1194775858,1188090159,-1976706454,-1025856630,22924
743057254,622649843,229834283,-921416073,1066270391,22925
-536861489,1441877248,-641367040,1110931265,101876913,22926
-1502908867,435512716,-1098459517,538164379,1212723227,22927
-1790579476,1653651305,184732047,100443877,-913427998,22928
-1522276768,-650035702,1508997317,1650331389,-167897858,22929
-1571658697,1202741924,1522232786,829536712,286150088,22930
1875068596,-304820559,1293309493,724164257,-1848150489,22931
-796783658,779564056,-1400200515,300140440,-255479916,22932
-60933696,-1413924640,861191675,1902117882,1710403355,22933
710950481,-830092753,-1584955683,1879794055,1959910778,22934
-1098281860,-191509648,-1418393532,-1215124747,-1195379210,22935
-275734746,1901732630,1711169861,893486562,874965053,22936
-914827869,33946764,1343518846,589876087,102985717,22937
426319282,1268198183,-1609798055,445767313,-1976622470,22938
-1041032212,-268515900,-520560538,841584106,927251909,22939
-2094750709,1548465026,-156223328,1749060397,638642017,22940
119561859,-2113850958,-871065145,1146309329,2006225065,22941
-1013360140,-1540762339,490791305,601054457,-456311184,22942
-1644830973,-1911648364,-1552515167,-612132975,515763966,22943
-440158046,479603370,544956287,2101228914,950832829,22944
1606543331,2019735494,885480955,-1212954091,1861082484,22945
-906181551,-2057113299,377360840,-1425781252,44958635,22946
-976640197,150907555,-373819168,1247270795,92672712,22947
-344449978,332095095,-521654131,823500533,-198425305,22948
917605390,-638585456,1336911643,-1207209592,-771777174,22949
2117130408,-1561376880,-1293573962,794809583,1976890108,22950
1224800281,220599490,-106318409,796423303,899810084,22951
-111542247,-313150861,-96571157,-2115934217,1621449380,22952
393057718,1822510709,-1257785685,-430321420,-260369601,22953
2145039914,1224257768,-1137303669,862010593,-525459142,22954
-2082382535,1984231458,-1779442359,2124012786,20867909,22955
1117976022,-1356599263,-821704541,-983080312,-317478775,22956
1294276479,2004160973,-1803496800,1476443942,710821440,22957
-652416294,-1621349983,-2015167354,1373033454,1002220527,22958
539394243,57342851,143363800,196639548,2107206261,22959
532428366,-602186001,-966539449,-1880397645,-812569638,22960
-218703554,597681100,-1693414562,1473375765,-440107816,22961
1945310643,1529812353,617794881,988378657,1701109888,22962
1564761999,1913216732,-1486460907,1419625901,1402447630,22963
-1003205245,-1618615812,-1258444636,-1114856327,609054759,22964
1167317718,-1530420744,-1008119601,154081316,-1526082372,22965
81843327,-18724556,2075264994,1299581210,-1581903648,22966
-1816372898,1954630982,921605441,-1082168014,-190900977,22967
-1299613234,-398640334,1667802995,-740564706,1154477060,22968
-1964020440,-247998332,240562798,-650649718,-118541001,22969
1458889007,268849132,583790358,442565370,1453102087,22970
-1266471670,875599471,-962371852,-1014776027,1145776305,22971
2082973644,-397168115,-1570639185,-1033032426,111574896,22972
710809860,-1099694333,1509986678,-1594444790,1055444104,22973
945447624,696619733,837251181,-1740941083,341816008,22974
-864026059,-2033006333,294508475,2085305836,209486039,22975
-398998054,-2033172644,1191071459,1015995208,2140769404,22976
-768207823,-1085760981,-533513468,-1851688704,1010381708,22977
-914451929,-835801370,-258826732,848554188,-1689109509,22978
187527682,289989486,-2082609093,1702189603,18866398,22979
1597001455,-1381417587,-227956336,1864843133,1801241379,22980
-1217521038,-325285726,-123753573,-613411453,-1959654211,22981
-1124762161,864028777,-457805200,1378681244,-1956454192,22982
1704022240,2069068249,-16008210,-1499638531,1044646656,22983
1911282877,1932680197,-148945549,1030372986,2032146750,22984
146925765,-2110739877,-1144096539,-618628247,7179675,22985
-923865006,-1076488157,1964510890,1591119688,-2102783273,22986
53284228,884260636,1373352655,-1934222245,678264831,22987
-1213835133,-913796880,-1300433650,1468689448,246298743,22988
-635188981,890681153,-1554119840,-1106511836,886565480,22989
279970053,277432490,1364759128,-671832161,-1493525233,22990
330384396,1125505281,1531552075,-1760094346,-1972034386,22991
264739574,822710914,-1746765893,1419779559,-206788029,22992
-2134298666,-1130689777,1630006384,782811766,-319149513,22993
-1459289694,1790910857,1251451212,527847776,-615944263,22994
-129568541,-1369429433,1864213949,-1475733750,-775974384,22995
-465247214,2117098351,1326889257,-1310729114,-602944652,22996
-510497578,-508984149,75443714,127302005,-902726475,22997
-373825861,991419739,-1054822409,-574284918,1063174826,22998
1850835314,-1930293815,-798448453,-1329294599,715508328,22999
-1702548395,-1591004344,-1979965978,-171785540,-260455421,23000
-183098753,-2064240980,-1239501393,524814816,-1031374619,23001
1489857122,483103528,-731312472,297587476,-333043404,23002
1867517846,-1889089872,1124475353,-2058815107,-363512730,23003
-1907000778,1554515846,1890987170,-1290794198,688606833,23004
1429858843,-664517249,1815647279,-1658064695,860524708,23005
-180673634,-494882408,1034478851,825690149,-867340063,23006
846303041,1810051810,252715617,354248534,-1135346163,23007
-1027516795,2114246765,-423591869,166437888,-1473791825,23008
-1551571586,1931608698,-312993764,-1367749645,304145491,23009
985863803,761831416,-1800599140,-172108067,-1483875135,23010
291960314,-1900478363,-379151263,1793841069,-1756575762,23011
-307290604,1312590733,-1916984162,-1394553805,1060227651,23012
-1189533866,-134416513,-243595581,-1616773978,1685881311,23013
132991105,-1172681757,-830228284,-1228844225,1000107849,23014
681788095,1784477723,-678085028,1637799756,-755604944,23015
-1125480505,1545456741,-1897411469,-1769801111,-805231943,23016
-683121444,-2043743112,-175107268,912294414,1382431550,23017
-1272485221,2063755952,1988171169,182653579,-635277886,23018
545183591,-322164632,-310810878,-1970266812,536215359,23019
1483945893,-150391301,1371713274,849919040,1792112196,23020
1558682244,-1445940468,1185458157,-67520991,-712948752,23021
176651651,-381114500,-1108740658,1081830082,835953934,23022
-890778187,-339649704,1568663002,-289413333,1527278183,23023
-296533079,1394943196,-1403197194,-1530366133,2105175459,23024
503646490,-1837729772,-1758856088,-552450577,-1157675154,23025
-1186016673,-1460599340,1612232854,-1112487625,840715866,23026
986210358,363869367,-669161882,-1691182377,-744985976,23027
1199457046,-1055034108,-40083501,-241130660,1409470213,23028
-1665781048,-1259964503,726799731,-116962599,-765502238,23029
-126856364,547902721,1645950802,-834359781,-293255412,23030
-1852729582,-1140637861,1777551576,1899512598,665418693,23031
1830652519,431979729,1619226349,-325342222,-1438308094,23032
-542663061,-1703616157,1408483643,-1780558364,995057195,23033
-1488456900,2081923685,2020273038,-1015865136,1567961628,23034
1047653276,-1326999879,-1006134609,1286442001,239006809,23035
71351038,971001425,-491402999,-739018301,-1270775984,23036
1272858034,-688027268,8137235,-1216281825,143666580,23037
1381645125,-1064436003,1868740905,1090764944,836543377,23038
-2143287230,-1702875206,2139679099,1443694504,-1263347626,23039
-662836351,-1428443665,-1919344956,-1891590459,-1421270174,23040
-1124999641,-1824851637,570028978,1452738315,-2107284641,23041
1836872004,1616584056,716945205,-1631344877,129963729,23042
-80903736,-339602424,-553322730,-1837659310,978510811,23043
517042938,-1915623956,-1233787853,-1411259720,1252892049,23044
921976869,1750158648,-430807634,1864137085,1320142722,23045
1228590717,2045839528,47902174,-739106202,230081646,23046
-425606885,168710689,-22302939,293727367,2120048736,23047
-178049804,354185479,1881493288,330201022,-628249624,23048
-1444072067,1645154031,801405122,-1771484669,-502031521,23049
-514223419,1248168168,-25214621,1219144936,800621632,23050
1719082986,-1763744578,-1210037785,85913805,1754217370,23051
1193954675,488065916,-548647680,-1862087374,-1016515417,23052
-205595986,-1923250928,-400196571,2041306816,910232501,23053
-1829344857,1177844545,-991971411,-1044008224,1743637108,23054
1438855220,96045616,-1134824860,-884156375,896294343,23055
-526735999,1276236986,646388151,748386041,1839066924,23056
-1336422876,-226171422,-1498369659,-815805322,1435245536,23057
-1071299451,1733612570,25207342,1795911872,473660680,23058
1304077736,-1398679632,-1865540574,43316277,-1666897101,23059
-1789599062,1550823284,1225197116,-113316270,222748862,23060
1467336748,945019379,144198782,-947325209,828392950,23061
-852214596,-1519092438,1237313115,-1060084005,-1747854558,23062
1291037250,-2005113535,1847630600,2002066051,592005262,23063
-1690075992,1182510115,-762647167,-1496046076,-123098662,23064
-410255132,2114889777,-772952414,-531762725,1424432017,23065
1778412075,-1369589384,2086154780,-889676863,1883809887,23066
-640307432,-980782229,1307692434,-189788829,-1489056105,23067
1322161048,904231152,-1019040672,1270697473,-1934039835,23068
1641513198,2103514673,1108499006,985783071,-732916764,23069
-146373988,1595854745,225371503,-684499930,597120433,23070
1107294634,-1211200384,1508686570,-1438790484,1446515998,23071
-1178739572,-862266601,867027308,-2101797391,1986415603,23072
-2103643501,-891818391,1576299225,-1596712601,1737437517,23073
-2086786482,-1414767571,557621808,1289928644,19795882,23074
1582917600,-816413373,1201095706,121689824,-839567501,23075
409612688,655306248,1699982657,-522494997,309491515,23076
1316618899,1397948584,-1081219184,1385615856,493099710,23077
-112500847,-322645897,1268462802,596643725,-438114992,23078
1446993777,1334116136,347030003,-1467812132,1845324907,23079
-1468110098,-1185900880,-298338926,1417542029,833976420,23080
-1577226349,-928007839,15700660,466882395,625060883,23081
1221009783,468055915,-108498224,-242160498,1769056362,23082
-2115056106,6446750,1409385853,1266354488,976993965,23083
1104266862,1773375123,-279154926,-1885553501,-1737872729,23084
-1221691515,232731411,1352601645,431480144,-1681097476,23085
519192698,1073617454,-1423498679,-737255315,1477712535,23086
1385515956,540405518,72518657,1325429308,1688640513,23087
1816516814,1416361110,270225733,700056381,122934362,23088
476596194,-1181116741,-1624013804,1422856356,-1375257036,23089
1952422132,-1009632330,-1898480393,-1907794207,857739223,23090
-1172365854,-886286956,1492265476,568599576,1683935097,23091
1842404516,-1949369692,-603791222,2046649018,81305527,23092
-1148239856,1589637258,1516207135,1041335550,-880213919,23093
-325134518,-874691664,1054444175,-128876353,-722862042,23094
1552314123,121948571,-1830957465,968925958,532779551,23095
-728331693,700969873,1096638655,567673419,411122388,23096
2023999202,1699541692,-1165220031,-1875978290,2056630207,23097
-1558818221,-1422288079,1166315946,-2060494658,990229975,23098
2064390989,-1354841111,-1734222310,288426282,-97939699,23099
2124910082,379590736,-1987321662,990101646,-2027860685,23100
333167377,197568174,1376852027,-1510853940,1535348490,23101
-1721271564,-1348767691,1495733493,525615079,1239941852,23102
573879969,-1477562776,950406703,452386829,-678666026,23103
-243837190,-1748060487,-56265481,1922075255,-1744281849,23104
1051604877,1802860752,-2052133792,940161686,-2052629221,23105
-56731258,-2086072028,1723080474,-1256562129,-78367421,23106
1682035484,-2095740654,-1242366517,788296990,937144225,23107
1006803585,-2023994805,407065963,1617813686,-753104997,23108
1892846801,-695938299,1311901480,1809055136,197506614,23109
-1641540781,-1358309564,-31056903,198915392,2120208230,23110
232281859,-138685685,1439995223,-1341117036,-1940621724,23111
1587444972,1274533645,345277777,715584856,-2088815691,23112
-1651044761,243828596,1528348694,-1214873669,1089075239,23113
1964828960,1407626518,1314004568,-159524321,1238629531,23114
1500264257,1263695075,1421909537,237789054,-1340749742,23115
835800961,2054300810,-970283150,-1811255795,-1455189541,23116
-1255986979,-1679843726,-731552358,-296046897,1665149508,23117
-1449522256,515770214,-728388792,241423366,1180000703,23118
1982034704,-1756983289,382542154,-2121160894,-2002164050,23119
1078527311,494616739,1872999146,-1918156710,1973959948,23120
-767282539,-1178170961,1355276744,243402776,124647021,23121
169393277,-418262873,-1077291384,-27970812,-1715525379,23122
1787571990,1463375652,593471345,1572704252,864035606,23123
723340705,-967508079,1678929060,-373019082,996079436,23124
178374186,-1402524717,-1591441970,-1323718239,1492013994,23125
2139699392,-1775695482,2065785547,-1970170024,-1305125681,23126
1764053742,-715176707,1436818106,1019595500,-1072308988,23127
1794597835,-1200391275,-254227693,-757157900,1184746925,23128
-105128108,912541606,1853261425,1064235719,380631311,23129
1701413810,-820746985,17381518,2033048259,-1413917416,23130
-672588879,2128347698,734778796,-129537045,1402216159,23131
1329254049,4179796,1497696615,-1806217981,-692752589,23132
-598044203,-353515472,1290831446,1859582570,-2115744852,23133
-1383457410,406152644,540761121,-1663889171,615465534,23134
-395725289,-1327053415,-1222083954,-1291194891,1491101528,23135
17338458,561000011,1220377921,635779411,-447085601,23136
2133027768,2089726239,1130355631,1873441302,-2031727541,23137
2006504274,114643203,-2028846094,-558032917,-1092724978,23138
953271687,423615214,1128092965,-874108634,569599503,23139
-1742117464,42077536,-723588303,-958568342,336936960,23140
1253342634,-2086550521,-1878853793,-1734715375,667054649,23141
-1410627671,-1060475561,676460885,-1244534453,-959256063,23142
-1101825341,543112845,711232919,1442835130,1162755431,23143
507299295,-1855046144,-247692912,-734154132,-1513979851,23144
1916425366,1886159108,-1970148235,-1743172187,378639635,23145
439006763,-702938917,-2026299493,1623247378,-2141194849,23146
1781485513,1434291694,2014261959,370439386,-1482900130,23147
-2031392641,-76711701,223864297,-2106256101,-210670800,23148
-704032177,1582356495,-1507284191,83297040,597545204,23149
1827370689,-239493276,639855098,293431141,888408674,23150
1277235541,-452979374,-1944799285,1359457640,-1939080063,23151
667631000,1693499019,-1854354560,952266017,-1226847005,23152
358746247,1343752852,1358172397,-1535677239,2075984450,23153
-827719852,1692854444,-1394184340,1065297950,-494597579,23154
83498204,-981184388,1887053197,-177321029,156142158,23155
1646052204,-1737302683,841012050,-1383925062,471640692,23156
1415522414,-309309907,-573231499,-2060075545,-1809720355,23157
1803499824,575585126,1766635080,2003456961,1082960866,23158
-223215535,1980599726,815041390,1213413095,1495354754,23159
994824446,179605308,-612731050,-412364666,2075034869,23160
-1673298119,-368058848,-1959793318,-1763772392,1531952416,23161
-1633777253,-726748273,2034321385,-334418546,-327039792,23162
-1880320772,1051382670,-587806135,652647877,-1263717307,23163
-1599996494,-169534516,1724389978,1656371734,1047387008,23164
-672138492,-1813221614,-1133612126,1789072273,1602141096,23165
-2140574300,1714023671,-1341213824,910714396,4881181,23166
-1936662077,1933046283,-506875143,1625597846,680516722,23167
777676632,-941711657,-1124501317,-2015401964,-1375424992,23168
-1781195766,537831311,-1014138576,-1474357007,679916814,23169
909777736,-309616116,-781600170,702389681,2066086150,23170
-640194872,1470530473,-1183229939,1572352566,1105903494,23171
1855614523,2059884168,-1893829217,465064964,1209282487,23172
-1457069456,-416597294,1912471821,1990658940,-1161612373,23173
311178004,1044457963,1387956079,-2027338521,1389702915,23174
-1899205698,822472784,348784146,1374485893,1690245370,23175
311612435,917553738,1009824177,-1636510578,-1689678704,23176
-1537545895,-893944236,-1126000098,1129095576,-1395969888,23177
-641785031,-962459057,1201723800,426787483,1090638117,23178
1678765827,-942981748,-1827697084,1498519583,1693092245,23179
505373282,-1225220538,-872714256,980758185,-1055347504,23180
-1749382407,266825681,231934075,-768585712,178275888,23181
819454005,-2025507902,166759579,-207870192,-794040212,23182
-796957421,-470934087,-1696942039,1228533327,-1701624428,23183
473998385,287209567,-575888626,170501722,-457682332,23184
-1890517783,-842580854,-410384049,2032745222,431703531,23185
285537461,-1664496171,-378732895,-71918017,206896244,23186
-2094289378,655870698,-1273242383,-1860847583,-1535590660,23187
-563781224,1350259697,-158814267,-291470938,-628036365,23188
528164044,717957991,2036506760,-1805051813,1763331670,23189
-837127418,-1979378675,916823774,-1378781060,840159971,23190
-179273852,-1928839443,1490004517,1359513519,-1822307751,23191
-658099973,275610066,1037287919,-875314265,-949140822,23192
918685505,351111142,-1557078476,-150855345,1529328463,23193
1056581171,264306149,1196181977,-2061189903,-247330630,23194
-530617237,-1951951699,-661651154,282073032,-1826583321,23195
1265333559,1959702396,-1069935044,1405960677,-315837560,23196
810701238,-573387706,-932624169,117243276,-1533591366,23197
-181506670,-1328292825,1975597975,48062650,769355229,23198
-478858962,-624540730,911636878,69289490,1115014021,23199
1093966756,390268558,681694092,-1141194516,2116142405,23200
951540376,700380621,-1896509128,664130065,284810761,23201
1885485723,939820982,-502421959,944079299,-594768616,23202
-765958512,-581166486,-1680876943,858811524,1774149844,23203
817536561,-1267600683,-279343338,1848329821,103416868,23204
638712048,2075086385,-1654704069,-425671735,-1863380770,23205
-574050098,-1797269054,1572930072,2002220825,-207128697,23206
902075761,-404019817,1726994905,-2129799067,1671264363,23207
-817590191,-142681925,-710936869,822024854,191008817,23208
-1696449278,-163352039,812662434,2098783879,-9769961,23209
1626566257,-235323243,-427910131,-602351966,-1302713126,23210
72639626,-984460637,-931242210,1610428018,-453489082,23211
583426376,-793439001,1469824611,1623125443,813396495,23212
795993185,1047692645,424474098,572608219,-336736881,23213
-1194471266,-298510289,-1801708029,-1891354515,-1850818714,23214
-1641869084,1620892686,-1730788715,453874569,1292483868,23215
-966151293,799520581,-272833213,-1880522747,-2117168568,23216
977009770,-1314646150,1354430968,-1034512095,569749355,23217
-244386645,-1186408319,467775240,-1833020644,748935096,23218
1261984419,-235252184,1917538380,1636660485,957300881,23219
999120644,1302481969,683692581,705981130,233407702,23220
-318541870,642679019,-434053178,609345901,719035061,23221
-2085290523,468271786,1837339629,1513109498,-1965448220,23222
1942808372,1302506522,-539982581,1227358333,-850364956,23223
819108752,-1039897817,-291482011,1349852047,-1767028959,23224
-120406055,644381339,604328851,1734112648,679093848,23225
-1442586961,1970791182,-1155563561,-2090023045,1841818107,23226
-764973772,-149223234,1448150702,2071130458,484624921,23227
-1479479916,986273923,1074324295,544212888,511253993,23228
917259918,-222079533,-1170367124,-196624064,-872154258,23229
58512773,575413009,1439510316,-137707941,2083940954,23230
627392594,1134315689,1397965339,391770475,1394181326,23231
-686959225,506780441,434431158,1580310986,-1684789014,23232
716642370,-1574302734,493586764,1679690588,-982415437,23233
1194506254,-578722633,-1231526822,1757927238,988817051,23234
-555701032,-598348430,-1514472566,1548017655,-1897778094,23235
1930598276,1729296873,1904909326,733101394,473860764,23236
2091674065,1381833346,-2138407403,1814065530,81288096,23237
-1238760787,-1144764711,-1242035668,-329739525,-448261697,23238
461338669,196789473,2005068516,37127609,202448281,23239
1945757616,295702161,-2131732644,-28192516,1153332605,23240
169745773,-2131514314,950386909,-139561015,-1329826616,23241
-1442097011,-1693203727,1606474439,-888578690,-1295230121,23242
-204503506,1614966768,2027526952,359197289,1960629183,23243
1774076580,1293224872,975920040,-2048010561,1062182194,23244
-111323723,1625041830,1122423603,-1423914405,424396832,23245
-645830105,2034581802,-165316343,-1940694229,1286428501,23246
1563033477,-195861144,1353972653,-1199948117,-228936580,23247
-2058417269,1853964169,-172687682,1520952577,-202485295,23248
2006377062,421600614,1942314280,-28000403,-1903518399,23249
2017869817,688806537,-877703881,-961072433,-473360423,23250
1086061075,-1024538586,172016869,-630395104,1047999545,23251
-2046465909,1425028207,-2123916829,1781649715,228130488,23252
1756715225,396794696,68012189,225933565,-2134645438,23253
1678213782,1886408021,990802320,-1904872326,-1953420555,23254
-1155678125,40457577,-1709364443,617638929,59133898,23255
1038166310,-1136120037,656109697,138169183,326132894,23256
-1346916027,138260680,-1923302655,-1589782673,1530801181,23257
-1091645987,360556116,1648339826,-1269214621,100484045,23258
2025757779,-1841624569,1769975449,628954205,-684419136,23259
524443348,806907907,1058358035,1372291706,220821190,23260
1626725715,-1987140049,1037669361,515280297,-2037756478,23261
96692387,740325215,-1606062872,406955981,-1068426587,23262
-2062593172,-1502737039,-693069496,1129229329,-62417387,23263
1061472057,-2067201862,1227363555,-954739121,1927316648,23264
1999811832,-1674870217,-424963571,1885097488,-1678972166,23265
1631943873,-1636869380,-539499718,-347076596,383732123,23266
-21561798,-1641888432,-2028024344,34308580,531644889,23267
-1500830656,881609246,-549027416,1393643627,1959573086,23268
1887693066,-1281624989,555948432,136205578,439987931,23269
-1619917739,39441461,1359491122,436675694,748942657,23270
-1561673402,861155504,585926614,343249133,1815580325,23271
-1980929400,-358001611,265845453,-495386554,-311832224,23272
695283158,-1627213154,1251481126,1548752671,-1327453953,23273
1554184507,-214743899,-820881553,-903440803,578608555,23274
-808262635,-1824041427,719258259,990489933,1259093783,23275
-1270847344,732774637,1815810345,-617640653,1555561243,23276
-824220256,-540472874,-663909308,1670558593,575290574,23277
508202607,274975508,-1509843208,1624179998,-2053136021,23278
2035540308,-154133776,97352277,1768530920,1069318921,23279
-122499102,1586472735,1908364025,-801416269,-1522228368,23280
1873202671,33363160,125599857,516133919,1371701708,23281
1379000009,-2003016111,-502324625,660359634,-712575735,23282
-86763116,678930065,863842078,-1925026374,1587043731,23283
72455541,-1919163715,1741355074,-166529330,-1111174277,23284
1352082333,-1728304757,-422568610,-1077994748,-159288877,23285
-1859841050,974077169,-756476832,625200997,-580680938,23286
1418007814,-703747616,1908063541,-902722296,-268788990,23287
-1137793887,1338701849,1504434742,-1709366241,99656812,23288
993338863,-986578786,962722693,-2133408940,1547811704,23289
-1101992708,-1940154594,1273638380,-196740842,165361190,23290
587897937,2113799872,-83807302,338923936,2006911766,23291
-128024724,194165325,-1907150413,695603590,784084631,23292
-934983734,1845122764,816755897,1131885224,1691032665,23293
1270756097,1866977162,-1792118071,-37295121,-296698776,23294
1268863878,777861733,1688248993,-1385228000,-631269487,23295
1498252182,1200410784,-1820501987,358907675,-977312573,23296
-1511216839,-1242109643,-240233147,-176372890,-1228596744,23297
-1993889475,-592622444,-1659392817,-840490900,-369352971,23298
-1313206022,-1452994843,-1801569221,-2004800468,-774856686,23299
1379411187,-419754549,-1477395869,-1779128244,1313307441,23300
-1669759696,606632560,1254138054,-1758108108,1499974254,23301
-1413229703,-325528472,163639626,-678987829,-148951814,23302
-635746118,-141698184,-755297873,-1880459494,-774401367,23303
1662995441,1135269091,1970459734,-378392340,-234189386,23304
-728879956,-2057707943,918995206,642188689,495107751,23305
-711725037,1488180316,1248222333,-443952104,100951381,23306
-1164690626,-2100980234,637501146,237296272,-38575701,23307
-846139931,-719400177,11633586,1558754895,1684252590,23308
363558571,-1624764523,2140160994,-181269833,1315614571,23309
1910838069,878125237,1583587869,1765819728,1985370333,23310
-1194822511,1228661886,-439784323,-1386167854,-633597209,23311
2122008486,-1135396006,557019516,-474545351,606748257,23312
228079081,1283369060,41398425,1082548753,1741478293,23313
-1154079076,1859336218,-1501838315,1576601654,-1599733468,23314
-1629077361,1719972897,761195674,685119011,-1748121185,23315
-1698874666,1515575411,1737799876,1008847164,-2088081954,23316
691249303,-1721564673,-1532927194,-1370172106,1214372087,23317
530036680,-464376553,98779600,706036845,-178613856,23318
1274292650,1696507717,1159138069,583993722,2023731751,23319
1218864715,-869444775,-842438844,-1563684263,-180023171,23320
744084639,-895939998,-1700922061,-1156742392,-1869419804,23321
-1770396914,-888887974,1276421816,-2123306027,-1794673176,23322
-821854280,-469395392,-1110875733,1747754609,1282319430,23323
-1322117733,-90100396,1478598058,2132813356,1076385718,23324
532064962,-920354090,715767358,850387481,1364986799,23325
-1218719167,-1848498455,580197630,-2010959524,-1567179459,23326
-1760896907,834232428,-1637220743,-1269110232,-1008219161,23327
-2000377888,581040249,846995799,348181357,2092861329,23328
158177046,326440832,1702414048,-1396823904,-2025540224,23329
809192704,-275994078,-558292557,-380987669,507929682,23330
1584700037,277752655,584964274,604243821,-30029585,23331
-148143340,-429660853,-909917483,770284945,-661995748,23332
-687763181,-1002568520,1710909225,-928411157,-1504001868,23333
-710695055,1404172013,1442339363,1448696376,-459769648,23334
570417038,124038266,-369295252,338454583,290107798,23335
1635148108,1963163737,-1020102188,-1223086543,-1202029778,23336
1474550566,-1183219362,-92860536,-1792710491,-1498206205,23337
30644575,578786581,-1051554355,1528757218,-521633965,23338
1407595805,181381899,-1501082618,-1815237457,1565654753,23339
1707256028,-1929841938,55728069,1516823820,289941048,23340
997376855,849786531,1204878169,-1591270297,1450315072,23341
-1388015654,1700128325,-1020668024,-2048704898,556992277,23342
1503661947,-1837559485,1156882030,1349656118,-59020150,23343
-1047153678,-2129038674,-1041871568,-891880259,-593180925,23344
921188095,-1615388776,-900613007,-1622170878,-465662581,23345
412155287,1252329391,-1550600031,591403081,1064837760,23346
56081612,1853196298,-997916643,764722765,634806674,23347
-894097872,-147749574,1885807461,-1752475273,938475494,23348
1713737318,632101824,-2012906664,386248925,-646427479,23349
-1991418018,-111298880,1041951457,-429384474,-917632102,23350
571745078,1830215448,794554518,1292192274,850669479,23351
-661393657,-2066815224,1659053160,-1836798028,-1747726509,23352
2117229933,1713484073,-791961299,-673013856,-597707110,23353
-914708825,1240874834,-155163457,-732289467,-1281484259,23354
-174594153,-1394057528,1383568709,219231907,-683705350,23355
459013139,511459666,-1413385958,815919667,778393122,23356
-1805678790,545904940,1563640994,2062057457,-1656061829,23357
1399329856,-756092072,1585057346,1345092840,-273280580,23358
1410591103,818456085,-1614164347,-1875390473,-775978792,23359
-1800811111,1631190636,-1873848643,-1012419865,1281185916,23360
1267547073,-313654262,1166137536,-1884088192,-1799626721,23361
-1064912333,-757681193,1767547839,-136209251,-251633029,23362
1008733635,-1787273458,1762852183,1761942584,183400081,23363
-944945186,-240780951,-2033385497,-1601218174,1846733928,23364
384387845,1622965023,-889599663,717684846,1667143794,23365
-1648723454,-380362919,-280190001,1439720478,1994098778,23366
596858160,-2104112189,-585646455,-605486097,-2113334745,23367
-118402197,773964611,201799604,332198889,-308838444,23368
-599297222,686615336,1912466960,-59404800,-578635218,23369
-574216807,396167293,1260665891,-1999912413,1491205517,23370
-71152558,958649777,-435834713,-1130738834,-649628541,23371
119997688,655238664,-533912210,675766872,-909536810,23372
-586348254,377777865,1880854072,-428359797,-2128804841,23373
-709762421,1936751759,342459467,-705953908,-1678458759,23374
1109101323,1728981537,-876511403,86487118,-1524745235,23375
360610289,-2060619215,475198151,754593940,-1525480650,23376
-14831640,719678886,-1291494341,-354505250,57461933,23377
-2004441407,-1945318671,333714134,317377080,1604177259,23378
332669891,589888332,1794549001,1669858170,975733738,23379
688755498,-654825439,-873352055,1723898410,-596200888,23380
-1525149849,-926437288,-1048440660,2101530862,2014785257,23381
-2121076338,1247329368,729764780,2120635115,1556865497,23382
-755955931,1920251074,1722251493,1096535348,-1550775316,23383
2006417173,2058598993,1741808879,2045929952,-446698967,23384
1298004733,-515119202,-1749391134,-1692381797,-143471221,23385
-832572777,1273603282,1351584790,1452988523,48479940,23386
-170378590,2048265569,1174822108,1967932699,-1203034749,23387
824352730,-614339199,-1421050586,-375459049,-671647390,23388
-630771228,1768570505,26262203,-6616858,-415782560,23389
-1150329096,-1570447010,1395783517,1605947162,1071628965,23390
-1504682789,-1682582755,1432800513,-932688964,416628150,23391
-452467661,2009191329,-836359137,-387495940,-716193310,23392
-897373018,1638167557,537533824,-450950640,-511419888,23393
1454831221,-1204683844,1031868929,-405571151,1812319638,23394
1746124306,-1974258603,376517423,1062960994,1385618518,23395
1625693994,-1037556372,-334665828,924300159,1039311532,23396
595130019,2022385714,-597752694,1918284576,-399817227,23397
-624007255,672279788,-1194250296,-720126350,1799922281,23398
1434498162,2992058,1241239495,-517901688,-284675648,23399
272482042,-310802690,-1152147094,1510009465,-125742739,23400
309073677,-1131802074,985971609,1952360702,-980616184,23401
1687055793,1971126160,1486756096,-1232354046,-593187550,23402
1565374224,-1840746101,342501164,-1545905987,-641666095,23403
1602068606,899538491,-947793415,1517190787,1583985065,23404
1256857324,1350439109,-963114622,1063180231,-1028880314,23405
-1504032552,-1440054223,-146423597,-104826221,-1690309119,23406
686554356,712973568,-297553063,-1897903764,316098638,23407
-1478595664,972716434,1061424432,-623891767,-1173549617,23408
1271607224,-2034831502,356242847,533734937,1074242770,23409
1687635640,-1733365153,-54575874,102889622,-819608853,23410
2142612266,2017229502,635765278,-488534339,1331390420,23411
-2126733893,-231250045,1930899037,2032730925,743455548,23412
-78148609,863455914,688918998,378529723,-1632155085,23413
1260018746,731813323,1182072481,1622264281,1979438974,23414
1560405385,-19322977,-78707404,-1979435068,-990981753,23415
948434171,1729197081,1777656614,-292277615,2045352171,23416
-1017134869,929755778,-1571151739,384870614,-2071745891,23417
-504880863,-2119864842,-1237450956,534123557,-2075036181,23418
-1600299528,-286334265,412540467,1755753206,304441993,23419
-886621709,757011171,683653577,1001518749,80247341,23420
-507821788,-128316266,614663765,-1825673456,167612568,23421
-1981631975,1449118590,-648374063,510344444,-1242289243,23422
-1638456972,-900272458,1248906742,1585747708,564246719,23423
701116456,839882836,-1998755231,-92850092,1333112192,23424
-351007160,1184736603,1463116887,-1219547415,-417051536,23425
625928513,-1093516131,2043442697,1891403580,-1083743961,23426
-88415462,1890621759,-1297522556,-435520508,-108602750,23427
2125253819,-1445944428,477270257,-319614101,-51244677,23428
-65863697,-1408368917,-1903420458,-1973477542,1798659552,23429
-1247746562,-1464835139,1004122907,121353428,-1274270546,23430
-306552526,1542393980,1205029150,-32260705,1490759131,23431
-749606677,1181153645,859470193,1934109088,1444638260,23432
-674604136,1021158067,240852444,-422193936,38541342,23433
1995808522,-2069435980,16485651,-615842372,491467450,23434
674535037,812449493,-709056531,-797268409,1618158579,23435
73261627,426629912,1480119033,718705829,1609864567,23436
1752248080,984117060,1585546579,-1021983967,-1811499256,23437
649476227,855720953,-233636069,1492322847,-1461355648,23438
1019027269,865635110,-1952043708,-2116849031,1061061337,23439
1331304915,-1077608544,-587552334,1356531520,-1023248,23440
-1523564083,-350450458,1399563522,968690213,608984825,23441
1882657581,1392383692,-850875666,1517201392,378036336,23442
16477737,-1016136178,-2012115670,-831380183,-2135452060,23443
1168585952,-1867654595,-552632350,-1214791289,875992751,23444
-1336516526,1898584445,-2123038459,-1036579916,-980040864,23445
-884233272,-326371266,1032368708,1367156803,-1547531646,23446
-1761522353,1138791083,2134685558,1371196266,1583495672,23447
-1701844600,513593978,-432528393,-997472648,2080272099,23448
-1312092723,-94485802,507101396,1651635363,-710350404,23449
-999815915,455225015,1324545986,-1707676575,-1444734227,23450
1781757365,-732635780,1788615525,-1832371529,2099009127,23451
-728210109,-576143321,1613022709,1158161275,-989415477,23452
1533623611,674476702,1021056565,-1608653570,-1017020258,23453
-1642561629,269254362,-631446574,-990489649,1075236722,23454
-413434180,-1109699742,-823765972,-158137946,-227392325,23455
-494498205,2007414086,608552304,209010060,1397326633,23456
1599791194,-150365994,682188682,-743096771,-2102871531,23457
490418835,-1684310687,1453540166,-690723342,-2143591603,23458
298607995,2069251604,2114781549,-1637345224,-550615448,23459
-1481240304,-859013046,2048591466,-1550900668,1311423109,23460
-270265258,1078123018,-1671065447,-1453499142,27387604,23461
-422672799,-1248718879,-112452467,296150361,-310821923,23462
307573375,934073827,1606152495,391723591,-1283556148,23463
1770010437,1366706620,-379464034,-2062224521,-789397568,23464
-261124149,-1199511442,-1243754947,2036859731,-1426957366,23465
-1508726105,1999247641,724149939,-281816039,827269106,23466
1486363156,-570400338,-1586283176,1348460198,1413413135,23467
2071056054,-1344352360,1923767812,-43676828,-1250350669,23468
-1404344106,2040334883,1281440420,1830737116,1945965652,23469
1537136127,-570432671,-150145653,1761865836,1851961039,23470
-1789161687,-715486070,411173708,824533628,-742448452,23471
-108110558,-1856708223,210685205,-1973098039,1707021181,23472
-884440712,-613388499,282321226,1930127429,-1246529455,23473
1417089866,-762930565,1607044284,698780823,1600438394,23474
1681097817,1223730249,116245520,-1491657679,-1677206716,23475
612987965,-663378548,-1038827704,-1263709052,2147012155,23476
-1615068747,-1109757514,1989970914,-1711268492,1136223168,23477
-711116218,-1355897375,-1324291767,-1803901187,1610992590,23478
-782854654,-2048518465,900112742,-875545039,1579347302,23479
-1951792481,823734221,-1590801660,-679347830,67121614,23480
1290963413,156660509,-1436717186,1826424663,1863098281,23481
-602306587,1082449044,1736840588,-705266715,-1948077542,23482
-1302386907,860708473,-666464716,-896137472,1942121091,23483
937920681,-1552116069,-750618903,940014932,467793074,23484
-61797141,-151245647,876494105,-1106246435,-2000052667,23485
2062589412,-1354691236,310696509,-753901818,1614216840,23486
1874154658,-911220046,1544358576,1498973152,-1764018344,23487
-810217243,1333053134,-1062802790,-310593836,786113576,23488
-1847424560,-1136880592,-47095719,261580618,-880363310,23489
-1613083759,808194031,-158600119,-130910883,1147368222,23490
-320327956,-1331419941,779315537,-966267945,-2004186789,23491
1194980183,-691554166,-681440466,1999292047,67949705,23492
5794201,358382129,-2105907146,1707150509,86151809,23493
2025876512,583685407,-1365115438,1539923447,-2071325042,23494
-1063602674,-824386314,-1188757472,1410976971,-696062635,23495
405182645,-2010878678,2025593517,87445336,1178229454,23496
1999692430,-1440683286,1953373823,1989189640,-401476169,23497
-1728638094,-1288378163,1714948560,500902508,1769095364,23498
-890734709,2125859090,880415029,-1551524304,6797614,23499
733203657,1242413523,-24856246,-905885604,124224039,23500
-1360608158,686692198,-1586144082,-635124076,93130892,23501
-2097426865,1500187994,-2069075142,-756768209,544791022,23502
-1923059730,-2010837724,-1075190816,1585327837,769891894,23503
-1316732523,569404382,-408406073,-93041637,1929542175,23504
390269555,-1304745856,701809427,-759648668,1159476294,23505
-1126004862,1193836931,182423730,-81733860,1737817837,23506
-1757485467,-835459084,-2040808709,1675954537,252341270,23507
1827955795,1768391037,721636061,1278367127,-761552856,23508
1990686194,-937669120,1374218715,-1202900792,110725516,23509
369244390,-1771326728,-2138550202,-341953214,19362649,23510
704239068,1388245502,-971871904,1005573962,1426566392,23511
1486675297,2036815933,1197488593,1778118672,-1509004591,23512
-107861917,1736067190,1269927823,264091198,-400235200,23513
-136689665,-482176657,-1733291117,-1281134425,-1831311864,23514
-676000970,-167615289,732441533,-1974464088,2092961622,23515
-331928200,1470369586,-1480927991,-1112865070,40357773,23516
48323668,-562645969,-387482642,163663058,-1686879252,23517
5747233,1600699416,-1031986835,-193484428,1972597680,23518
-1730258728,-1839677290,-660333492,716804128,1469502900,23519
1710858719,1306322130,-1858227036,620905524,555630960,23520
968068358,1337967551,591656039,-904661833,505965669,23521
-1998229030,-1943968853,1087594153,-1956893418,-1964347564,23522
-3553024,922634795,-923074856,1467661531,1252712835,23523
-1860700160,1729256721,-1799619090,-1953189344,-330435560,23524
-1824531479,448127922,320320731,756879214,1614821499,23525
-447877882,134962148,1617643383,-913360000,1966046560,23526
325923231,1423593663,-1618070521,1004309474,-816766792,23527
343492859,360915181,-655097795,-1038625941,-1127630838,23528
1833110644,1944040493,-2132418939,-1543195934,298005781,23529
-1052029550,-2115872798,-1808492222,-304103185,1318398440,23530
1685445283,-961129932,1703725329,-8231205,-1527136629,23531
-472268899,-360877346,852110253,-1458523670,-2072869405,23532
-1669210089,1983786792,675925827,962625050,-1810810466,23533
-370162802,-1796508962,562255648,961062876,1405553354,23534
1914102606,-1854904623,-1494453033,-181496246,2032762576,23535
-1405070520,-760473355,-1382351968,-2008878298,1270866630,23536
139204201,124891443,-1726873418,-800264604,890328522,23537
615054118,869370160,2015285997,730891139,1070977915,23538
875958038,-743911854,436525757,-2074627002,-982984740,23539
-1019712611,1923877459,-969353541,-1232907746,-950933756,23540
-330940537,-1410251455,1358419832,1103625654,-850726018,23541
-1725732379,863318988,-1422062176,-502483860,-1315754192,23542
1014171948,-826884954,2029167998,790580725,1454496553,23543
39976052,351456243,-543188530,-1518072443,-344045233,23544
-2006887691,-1609872206,-1796354962,1341215071,-1531406430,23545
756447233,1064119917,14600036,-1714119529,1656668549,23546
-936597292,1875579146,-367793039,-51029990,1063389176,23547
975277780,706163414,-1669334561,-1739384564,764225963,23548
1253888932,1628972844,1408037266,-673862715,698146530,23549
-148980004,-555627207,-1950460849,-1145945616,-1454949480,23550
1729459841,553050886,-1671803086,-1145581474,-1914882465,23551
-1376553095,-298987720,-391310847,-1383205653,-2096479406,23552
1491469442,228330862,-1006405646,182601982,-658732576,23553
-293840063,-2039296777,424108113,-315178386,523398713,23554
2131413801,956157594,-1266008465,-656733850,-1281909164,23555
-1133017241,1260715139,-874273447,-871763413,-943596651,23556
1248048616,731438500,434523608,-302520460,-1994654259,23557
-887407995,480133295,427352850,-1063009935,1300144482,23558
-677717132,-343386255,2109977063,-936242300,-1298201632,23559
1710233818,-890456064,-376795450,338924292,-1970291407,23560
686694180,1891925907,-1894288211,-524392353,-557154174,23561
-1255269399,1883856275,607439100,-2054264679,1480267296,23562
-219896005,-772934125,-2147100799,661713830,-1127977540,23563
1454640432,-958803619,-501687971,1631728641,-632856512,23564
-1051576557,1727849059,-1056553387,1540322843,-53282415,23565
-1587309182,627762671,-1580976157,245663463,-1358619393,23566
-392533471,-1295797780,554375663,-1393846177,-922533585,23567
1491760456,933119954,-724289736,526457811,879331280,23568
1156606313,-128424900,-193201434,-715762684,-8723478,23569
453160201,717410807,421763476,-2123098333,1402307247,23570
1694224052,-1521242440,-846729345,-1259855786,1487098973,23571
1947082670,-2027542410,508000679,-2146213320,-1616658779,23572
378229602,1601765360,-1994206294,-90402725,-825816883,23573
-878041175,-106903691,1464761368,156822803,-994375127,23574
1659690876,552418587,1744643047,-988337421,1427305798,23575
426547027,1923066008,1047593751,118016193,-71279756,23576
-1467699824,-556771532,-9415467,-2121693193,-922167246,23577
-2112191845,-1971789482,-697716155,1761963923,1290551048,23578
-1717612819,2060655589,1377466753,-1539703519,-1993861619,23579
-1267614198,-63875238,1719784965,1438768371,-2059089675,23580
268792883,898262170,1639492551,-1061675561,1648223540,23581
-1359446845,-1249254389,1528902796,-1234248034,-1546415888,23582
1508091481,-32383374,-789853717,146602172,34991648,23583
971485913,300762267,-620448437,-1801306334,743062972,23584
84966648,-1293220150,-1605713508,-734179475,556142159,23585
-78146047,966879942,-1915253815,2141693882,-1172676518,23586
1974858542,-1260421394,966569200,975230636,590162357,23587
-1062479839,2021658086,1579925153,-1155145391,-519647277,23588
-690679950,1834420412,1600713991,-1747629231,-1880447257,23589
-1850795828,1616565726,220486065,1404376565,-1783411227,23590
864463873,1186148738,1192950215,-1440126624,912394001,23591
1016312872,-1635064632,95155240,867708543,765481721,23592
-386824632,999235480,1701125200,627247707,-1741397132,23593
-689329464,-446564153,-1587467366,-1109471858,-1816852677,23594
676599112,217113952,138311418,1410409565,2021781004,23595
-1501958401,2100247438,-970647839,888253472,-79191962,23596
-1283893271,-1346331048,1677442273,-149612063,-1623979325,23597
-1405280329,-2100034504,-1142946629,-1030637474,265949366,23598
1683643089,1431900154,-36247462,-1307947644,-1235606885,23599
-1589106875,-949047076,-1930422476,-174056201,1419230311,23600
1653367145,228724186,-2141324690,1407312500,1765524543,23601
-87461124,-1986551712,-1670460986,-1606362066,-1229162707,23602
2027910471,-1525231163,-807955003,-1020438768,-437354631,23603
-1825946702,-1201740227,1723480166,-1320949150,158245772,23604
-1916674937,548637923,984844494,-485399687,-169606756,23605
1528285046,2084873708,-1391123293,1011996628,1849523434,23606
-1005192616,106674073,1966414993,798411321,-1932620913,23607
1629644498,-1283465464,-898573015,1246102055,1503402725,23608
-1826941393,478300224,1096297769,1607828092,1678106535,23609
626273037,-950779813,1511935181,1705553295,1359669504,23610
827973700,-83686743,1540703925,178658432,1241263225,23611
-1215143325,1249486127,1362221926,1719572248,777810404,23612
-411709495,1163616456,-1774977684,316340543,431167310,23613
2146664931,-1567637073,-113938053,-1211472375,-536417720,23614
-2082267991,-1794338682,1015554345,144300615,-1755397037,23615
-1167583729,-511829693,239334834,584943588,-934597827,23616
-1208266747,-2036755852,-675478490,-2032065828,931847806,23617
1213381619,-1199418685,-915235224,-1835051035,-183055562,23618
-678333863,280405853,2126592833,206493104,2051330411,23619
662296085,1787190291,603423308,-1662471289,-1102460555,23620
1470436130,767522656,-718674651,-1655565173,460134034,23621
238592945,-662611378,408846356,1696853046,-1547021232,23622
2012283285,-1048024186,-555307196,-1833376772,-1149315845,23623
-389890094,-1889163730,-1466236980,1158495480,1498671275,23624
915549133,-1182193576,479536188,1588476600,1024532495,23625
-510786174,1038278514,552489500,-1726674232,1278757524,23626
-1441461926,-1509117407,1987244346,1113095734,1747810307,23627
1208652621,1553244066,1766260668,-1922918136,586283011,23628
322249768,1141060800,762905449,426425885,1623658692,23629
-936825799,-1974498477,-139218873,1751524105,-170602586,23630
1940422980,1480900365,1387079059,-1415662832,-1495825352,23631
907569297,1590795101,737748211,-1654811566,1689277001,23632
32151622,-234316550,-902301442,503855043,-87885073,23633
1118559248,954798215,-1739019732,-2131821351,9360979,23634
1826131195,-291872794,-580339070,-422176613,-1314530820,23635
-213855918,956778166,1703306564,-2124932022,-2054443941,23636
1142999894,-2105178422,-1250569345,-8796296,-200283713,23637
1821584950,551548788,716250697,1928143289,1074449770,23638
1751983082,-313899739,-314002531,-355152446,945231448,23639
-187379802,-2020292704,1205479878,-908034254,1200770410,23640
369791293,15584819,1061394624,-665298845,1581921855,23641
1936628059,892845062,1696293300,161694328,1740453177,23642
-952091100,-1159451234,-506546642,-847507169,-1787531293,23643
51305374,1981994857,896515469,-502052511,-319822352,23644
-153630147,2065245423,1271467225,-1362138087,-676623809,23645
-759603700,889691306,1384757281,271959814,112584055,23646
447098711,-530450579,577742733,1707435017,-616047122,23647
158119262,329837575,-134151355,-300403367,-1835919305,23648
113982903,-1610115383,1980362251,1749516321,-234907427,23649
-491990162,1397692137,-1722237048,-1367213772,1266253203,23650
-862508091,-1840212509,1901814196,42862678,260590701,23651
-2098344005,1342714709,215863540,633541880,1203287109,23652
285706789,-760941417,1143531822,1213197152,1944310715,23653
580552159,-1197173646,-832687371,-620979028,1426306907,23654
-1120646645,1689145436,-2043828466,-316316542,834070455,23655
-502704028,-23338626,928087470,-119713502,240643732,23656
1865869494,726749022,-75051727,-1175490899,-1337306335,23657
963657810,1930797131,1559234153,654772385,2063433755,23658
114652554,-1200593710,-1604008181,659802026,198023313,23659
1280017057,1869268679,2132212922,-1665296452,772778404,23660
1100268940,-914745422,2016454569,-2086576775,-113157027,23661
-1626970168,-1010657134,1997719553,-531146250,-1898659461,23662
1546925733,-1389559986,-2144750090,842840846,-1423939703,23663
-620291505,-553574597,-1449813212,-2125720664,-1418039028,23664
-1587204763,1310402971,1762342417,899391354,-1745046526,23665
-503412589,-1971696840,139553198,-1240751394,1922151568,23666
188920549,806474542,-418179809,-1577134534,-135183170,23667
-250690552,-1895893848,-798408965,-1621211896,-1036607256,23668
-1807296143,-1324053492,-620616195,-1201326918,1649742173,23669
-772837256,210031099,1844769615,-997517106,453905510,23670
-1160724584,-982599321,293054708,-1943873131,302643973,23671
-1594433286,878340820,1474835236,229602040,-507988626,23672
-1909408670,-1371747021,-1071867802,-665634158,-1075234677,23673
312138710,-145022191,107268324,-172328091,930544614,23674
1197289727,-1392172999,180041417,1584249593,885622665,23675
1477814578,1009304415,1973013212,1719616023,494620167,23676
-1327422383,-515392189,-976770232,-476996529,-679764735,23677
-862212036,507888192,1431757867,655437666,-1937601137,23678
1515488118,1140998570,-640451010,-2137644074,-816935266,23679
466904390,-612192850,-1663190984,-771280541,1578891526,23680
1915298210,-2103726580,647760923,-295552686,1676811570,23681
-285836602,-648604790,-520623741,-116018208,2083665368,23682
1993651745,1558656959,-1993164312,-1625021038,-1551168321,23683
-2147414394,718010513,553654341,-1565908268,-1427132982,23684
1652664138,-1075683517,1965821806,1582424406,62296132,23685
384063845,-1886048856,-863380017,-1109701908,-1382597491,23686
-1868873762,-1451797916,-329817240,2146293628,573760593,23687
1519764157,258228203,211854642,1591363326,789002129,23688
-1094292725,957320686,-347630325,936911813,1211999366,23689
64453511,-2069236632,893607819,-1550924355,1668351109,23690
113815611,-1401376918,1180239990,-449405589,1962275717,23691
-249956110,-2114424481,-1180680823,1252709647,1688472708,23692
-1415093315,-688992409,-284628891,-1788717589,1705350841,23693
-572301010,-659574938,1417215216,644314420,-2115471548,23694
1567686984,1408752391,840639429,-1962460429,-985769076,23695
393752731,-1823977934,940423544,1518110641,-639168378,23696
-1656310190,1365765462,-382987554,-1562669208,111365909,23697
-1088690235,-2143124392,1265439053,2058316256,1932517974,23698
-884675954,-1626087333,1098915637,-70334802,-797761262,23699
531253491,555423531,-45321919,-2041956346,-2003191310,23700
-166217202,1863789578,-1697963755,-1092666322,-1109296229,23701
1720466348,-1499409869,1800467739,1223151072,-450046681,23702
-312156976,-2131140242,1679111648,-1606400933,1021512354,23703
-981248812,-1713470383,601141174,-1042506103,-835811053,23704
1636382407,-1770963973,-1487241110,-475046779,1983679111,23705
1538566610,-1785748719,1763798599,114747107,555397403,23706
-714901219,1159859501,943566738,-2009449564,-812172870,23707
-1897802338,-349971049,187237102,-645204937,-869840903,23708
-873602463,1490024680,1594763787,-1686052004,1850496481,23709
-929700852,650206271,1379086498,-1268871177,-865440338,23710
558535456,143542978,1656922457,-894113746,-879977959,23711
-1844395211,1294333834,29990090,-2039407622,-1432279011,23712
-682298122,1190920229,1887751893,1852845894,-1964279944,23713
-1884203264,481947494,1630343166,388728949,-2008470578,23714
1461830058,-1293285035,-1100389855,-1115085128,1716992182,23715
510583706,1053602043,-333934209,1247331525,-207651048,23716
-1950053783,1491380815,1741597005,289926555,-1165011827,23717
-565908498,-401697826,1930220666,-1785144585,1957932884,23718
1165905338,806169588,-1315279085,1095789346,1649744142,23719
1406070717,-1408165812,1280661392,1726195446,363094704,23720
1657139282,1180538534,-1825757889,1923800091,2128597671,23721
-1660740508,-1683512323,-477506966,-1560158964,1274690895,23722
905157735,454409090,1309461693,1174698768,-936775208,23723
62189744,774346404,-1917124348,-557579442,-1230735289,23724
-1778267212,-1679081623,1362905718,251169418,2119635218,23725
305943723,-906748555,-1251766241,-2028496157,1650623476,23726
-361703812,71280452,1810412706,782840331,1308594106,23727
1039387470,1926670168,-1169811177,1825435395,1476445976,23728
-1009992186,-1849096419,673371887,-866858930,1894939636,23729
-768112610,-570320624,1413894514,1308555172,-631914007,23730
1860757915,-1263592017,917764395,936651620,23441269,23731
737900158,565441895,1376571705,-737145598,94306008,23732
2117661152,363777862,259281898,-244015776,-1364389077,23733
-1911845714,-1812257569,1167770331,-582534982,1782744080,23734
-1702395461,-2112573946,1740813837,941624924,-847043983,23735
-828331595,-2028296463,215073954,-1856087335,1886354016,23736
-262442095,-2068251319,1142288125,1663261337,1725462835,23737
204100383,116886886,1877751334,-898230405,1162368327,23738
1434123830,-2065721348,-1241636437,-58886936,102479909,23739
410838962,-2092450661,455552192,1093101414,-331944279,23740
-120871172,-687656455,723989885,1423029250,-655582769,23741
-1904163781,219715724,-1068284814,-1675512292,-523804606,23742
-1478054641,278954214,-684089800,-570597872,-1459830111,23743
-1942667141,-813304139,68207473,-388684246,-1712415935,23744
-1448995598,-1392905332,125918592,-848950136,-1740512058,23745
-1291208416,-1596046816,-216457784,-546596781,-1031933584,23746
102774656,-1934170595,635588146,-51060644,-565776634,23747
-231216070,-278049529,1533376551,-1789631435,-1578996305,23748
-1373657118,-650664193,-1771973519,-157773356,1564654954,23749
1454238036,-1184193024,-1758932560,375578406,-1606247057,23750
-1032531883,618858613,996048702,-2085402310,-262735342,23751
1193289039,-523564468,1799997976,-769287191,1160993793,23752
414431928,42889267,1610605050,-1146311593,376591801,23753
-1060252981,-1140851917,-1473439317,-470989225,1630248306,23754
1892022488,2117013811,1553653960,2215202,890807691,23755
1679805143,1382343103,512394242,-1053564884,-574481572,23756
1377015498,247311707,-2014389322,-953704593,1299538109,23757
1099045171,252898362,1744197516,-1672316677,382581848,23758
220798977,-1555181676,-254424334,1230756616,-1158326408,23759
1677773280,-61634321,1135020180,1194736331,-347969939,23760
770083110,-966764982,593462688,-243083274,1128617163,23761
79542912,-326953148,-1634941950,-1999752494,157164739,23762
-314256572,1459466994,-306004350,766978627,-436788565,23763
697336835,-1262303693,104240438,-1106982935,217509541,23764
-282339367,-998748720,-1273497056,-1848229513,208325823,23765
429456894,-1066780832,618311356,1067460141,-553021466,23766
-1023298151,-1428169903,-1816020115,1222806371,-1001705030,23767
1818549896,-335883582,-547701297,-1459091597,-291366802,23768
235051165,1474245801,-756817731,-565016478,-1901448566,23769
-1726004234,-884529148,301045189,-1747735557,2144377326,23770
-1982704972,-463561953,476663729,517634005,552207078,23771
673381368,-694670287,1018111264,-2124629759,777707796,23772
-1746397209,921998956,675382041,828530760,997076177,23773
-863210514,2051239240,-1426101970,1590889597,-1038371662,23774
645767798,1429767157,-483655473,1345673567,-1633210945,23775
129370705,-227224312,1782904574,2028216398,1191947789,23776
-815910453,-78071891,-578840057,-933385346,1913432740,23777
933141554,-417933694,-961423243,-80476588,-1504269966,23778
772922878,-1135903454,-402124071,-1439999738,854131370,23779
-175770329,1880833601,-182390810,837067735,-1061153267,23780
-1333815446,731507720,1212809619,1176908325,-45021084,23781
2012105751,1130938096,-348215424,1955832878,-1595304413,23782
805817622,-1502700166,-1092222018,877136258,-949296028,23783
-1731399707,-1249992756,1941607500,-346488430,-708011547,23784
198474192,294457149,1966532929,650453555,-921952257,23785
-1245834093,-841346933,1083771313,340143980,-289095899,23786
-797862017,1009175225,1039114798,-939851770,1591593778,23787
101452881,2120780499,-1801676482,-38400605,-172915109,23788
206280405,-1073617586,522260074,612595892,-900939118,23789
-1426151543,-139355335,-2071995429,882823990,1114877794,23790
723202960,-980965084,544139545,733935680,-2096034131,23791
-1172885119,-1871025154,460980008,-478292490,539560541,23792
-1742622987,844846167,1171039816,-1540329224,-1408963514,23793
-1443578798,1696605707,-314571064,-69204699,1495437693,23794
1384734238,-1888588886,-857273140,-138708432,1578216199,23795
288267561,-466906360,2119802838,-1411624050,-90363106,23796
383722084,917153163,-2019279859,789209926,-407685601,23797
-203162111,-66295959,-710185391,1734986875,1813788704,23798
1319960025,935981739,1526389822,-1982398297,-2004901394,23799
2054687696,-1559762573,-1847297876,-1682805391,-448101359,23800
-1202914209,-2012794515,-1006921096,-1580210775,-1004771744,23801
-1407333928,727671775,-274257909,1456699214,-1163990434,23802
-1749229509,-2002554194,151745632,1659466857,643766100,23803
2094120530,-962877938,1679738203,917788979,847424940,23804
931834097,25935764,143296069,-983411493,-1672132240,23805
-1321608462,1640779255,1293172218,469399711,1289938749,23806
-284126894,-1697953997,1055142658,-1457155164,1761238407,23807
-788147338,1413607504,-619241049,-665401291,-1528190571,23808
1372986055,1231274024,-217917171,-91009828,-1762732318,23809
1951705075,1573756,-80992216,-1170908231,1566050474,23810
-387490152,-1562529660,1479472566,459061599,-888201270,23811
-1398914508,893638585,122581007,-517781894,-1316902384,23812
227732623,1239250292,-129446282,-195189530,1803521425,23813
-1431965850,2124958661,-105023345,-1929715852,-1667224492,23814
707021160,-1532508629,-2011328479,-1821275667,-838146908,23815
129693549,-287180644,1174225608,-1289424169,93762672,23816
589217314,604782824,-1252874790,547641474,1818396020,23817
-1365840074,-461135769,854217003,1405927557,-2100600474,23818
1559545222,-312967227,-1183060213,-237158359,621195299,23819
-1643508679,-1500255499,1953523272,1818974227,2143749244,23820
-663672184,158312984,-1244933328,512082418,-1620168641,23821
414054980,1711285292,976821352,-1066394496,-509375903,23822
1684413857,-2091717494,1365248073,-819104614,-518733918,23823
-1465665145,725172150,-1647679429,2073090320,1803622170,23824
1257897742,653733245,757917746,1205853291,-1381729820,23825
-1300701227,1806234161,772185124,-1588652925,-1450905900,23826
-773219035,1760926806,-591628623,1811342344,-42200132,23827
-415541054,-127327855,-495718559,-250318899,663450883,23828
668490422,-1076856567,1695219824,1944112720,1250273093,23829
339453913,1042805053,1086536795,-983655122,978082870,23830
500797142,257569264,-494412567,1812420933,975234378,23831
66458079,-780066283,200762718,258983086,-130913077,23832
-749791842,367747674,1936656957,-1725925675,1266908412,23833
-1009847531,918702354,-1301127395,-991776150,1055058927,23834
734012521,1500816504,383531945,-1802528477,813424370,23835
1531059356,1386150904,-2020742273,1183860051,-1102351007,23836
1836173980,-1271992646,301428610,-330525981,-2141441738,23837
941719865,-2082905109,-584388547,-1304193091,-164797224,23838
140592923,1940801367,739114546,920697130,1493921380,23839
-734431664,-600937823,1505508028,1346186205,-1754546237,23840
1337309461,-706393909,723432774,-1095433896,-1181386640,23841
-226684230,-907332631,-1321311656,941152397,1045671557,23842
288443013,-323301081,-1121024622,-1297994006,1120902929,23843
-1795737722,-1855890038,-1855344696,51116517,847496109,23844
-714809632,872294551,-550421921,324972394,951037593,23845
670687458,369487645,-1950593127,-1701860002,2082429221,23846
625596088,-1523443320,-1061136936,931778261,-1789272891,23847
-1046573840,-1286312795,1699855452,2117131659,-498971600,23848
-92451525,-1866450700,905662275,1577906447,-1985606933,23849
714597583,-1490974541,2085980920,-1571321732,-1567131988,23850
-1578843747,740142134,-1898844248,1895036625,-1751042643,23851
-751195932,-1540462280,1503833045,-1567092979,-1118023293,23852
-167699311,-1620355676,-1923595586,1903892451,1901038948,23853
-1050290867,988917910,1790155034,1963713395,1191250896,23854
150494565,-642830020,-32409785,952080801,-68412231,23855
-1615373518,-467974581,-1914352340,-1406458834,1687078176,23856
1520427826,-1798464127,2113855419,414329948,-960798517,23857
69098177,1159447196,-2007904675,319204677,-424976968,23858
-752554592,142732039,-1869255648,975372485,-2006835627,23859
-1779096785,742008596,586478241,1268153801,1227097945,23860
-881430568,1479356788,820164738,1832112930,-1839665165,23861
646064893,-444145698,1552625379,181122244,-1883431470,23862
1432230304,2118318647,2064108378,410759503,1114581192,23863
8089091,974074926,-1066360609,184652978,960018256,23864
1984072798,964126497,1955899220,-72125935,416352406,23865
-1899846835,342537836,712865160,-1496866381,-1791616194,23866
1561355750,-1828063785,1300271793,-743721927,-1113628334,23867
397084193,-1924456580,-163471778,-1737950491,1595974392,23868
-1246791943,550774608,-1701669270,-1443846307,-640323305,23869
-766650798,-1488528232,596610138,-713329120,900822269,23870
1102758657,1823843696,-1785581175,338862793,1790212602,23871
-218715285,-1280774885,-1110547349,-1900930783,-2029058673,23872
1830667022,-1405433346,1855447626,429770516,-188592996,23873
1807360475,-159525064,254540263,1030254023,2082326461,23874
-1164745458,1901806030,-1901731837,1882547789,-1771122845,23875
-522403074,-2113561618,-1162527441,998295478,457938186,23876
689408942,-1319315923,-148542111,1097392829,-672666550,23877
-1112368632,-1440857409,-916218427,1933351945,2046227165,23878
1831130262,-426374583,1747118649,1145862264,450714254,23879
1913188428,1168090094,-1281294104,-509851292,432835564,23880
1612479078,-725565286,-89529172,-1336183240,-21381154,23881
-1144424467,1968459484,1198910111,-1451628641,-747732900,23882
-1190758958,-1929116224,2053883917,1915349075,-1624860703,23883
1037811325,-218908850,-236236965,-2053903781,1642901154,23884
1378582106,-271776648,-87784859,1618539459,290186282,23885
-2030316411,-796960754,-76330103,-1928331018,-389987134,23886
2082407879,505220424,1030655985,963372515,-1760045260,23887
-416186303,207928885,-674250744,-216712582,622649624,23888
-1614798932,-183143924,1185807021,1538947714,-1208239814,23889
-1898458783,1534993365,615907801,-1046958252,-782061420,23890
1625368097,-950834012,1617047372,397428954,1113056031,23891
1669533628,1870029644,770795256,534949029,-1608949541,23892
-1157332849,779760017,107888060,-105280568,-979795413,23893
1229383405,1886532386,1528744084,-550714568,-119558742,23894
-1080205586,1128567551,271543531,-1282644319,-1519370462,23895
485315498,-246108501,645931464,-813131639,1510084931,23896
-243760300,528417926,-1401306270,1298355175,-439176270,23897
-1819268663,990522993,1984095018,893027096,1641913444,23898
-1454550249,251666201,8116834,-1158245970,-1826040541,23899
91309097,-303481257,1448249444,1477799291,-90009867,23900
234060033,98193813,623336880,1157573291,863202808,23901
-1881335639,1859172140,1297527182,1886655180,2520439,23902
-566093702,534259812,-337727563,967672326,-481895970,23903
-1629922394,325898092,541284387,1416636278,1415499679,23904
1277378010,1922808287,-614076484,-1717862980,-362396897,23905
1520596901,1981461673,-1274843283,-167527927,1536020028,23906
-893982599,-2029692384,40006069,1431666566,-1395504856,23907
-1559391685,416396941,-1073249370,2118209916,-970680818,23908
-941597929,241519256,934318545,2086828356,1385165184,23909
1459206803,774967036,-1763799495,2051765839,-49840163,23910
-1968699195,-939369425,590867700,-858914683,-591028162,23911
-201017680,-937076744,-1483554892,-1827617071,2022969894,23912
1899585891,-971614154,-1871073446,768162519,51396101,23913
-1848106809,-2071870826,796834279,-1839879212,-343747258,23914
-1660602451,230129378,-1915520656,1652555273,199643232,23915
864159383,-302913361,-1110720270,-1886750505,1296380465,23916
-1522686291,-202239676,-422128109,-146106802,-2017910941,23917
2053223134,1887993929,-1783272814,1186607906,-1736976318,23918
269041656,1415507540,210828339,-1372529882,1773834251,23919
1457602406,1984911416,-1686785367,647505856,-1971612261,23920
-1558031412,1348852452,-679261039,-1538245314,-2012840030,23921
873903946,-1912726579,1028519450,1471460925,-786961422,23922
964147374,-1728107347,-2026329140,1173487045,-1051258389,23923
781992968,1433378368,1505254234,1403896798,-1694990740,23924
371099243,960768327,1214263990,97302968,-671810331,23925
-1361180163,799991759,1864189959,-563710769,-1951001678,23926
-513400108,1735517292,-676823909,1755879866,407922075,23927
893443639,1080986689,-967558541,-1786415444,341502086,23928
1030365060,-1537683902,1554716947,762898870,77104091,23929
1518181219,-2135153454,621281987,-2061382749,-1563744931,23930
-203210529,66617197,2114063833,588841226,-1529815986,23931
911212027,426344094,996268756,-921915896,1304323025,23932
1906903150,971461395,1082601853,-276312162,739322385,23933
589764256,960615218,-383379692,-1291232600,-1293443888,23934
2089548095,-985298658,354825042,-1478924750,1173351421,23935
1975657932,71052034,-1265675408,-1658917317,286546080,23936
1932613891,1404806059,1946836390,-1119941910,1139942543,23937
-2033826207,-912428234,-1233887910,1180413522,444263869,23938
1527503517,1573485636,-1999399702,-616190011,-1218695104,23939
467527762,1801462670,-1386947789,-1791468121,-896815096,23940
-460522352,-1525417727,917079030,524206410,-1474583225,23941
2104789310,154761306,-2137485225,893812059,-1949945920,23942
-1749040422,468635932,-1639278171,627993324,1125619776,23943
956692374,898335113,-809020932,378432590,1308357503,23944
1388774669,-2027686903,2002751264,-576519670,1259588585,23945
558048624,-285315549,1282978137,1824597981,-483355442,23946
1840438395,-1403348269,-201867738,-1417391154,2085425473,23947
481531742,1515591959,-1224977030,-999231363,1782479686,23948
-1659691537,-543435631,1433408370,-1945510832,-1640761180,23949
-1510144043,-646070277,-315639750,-994835633,-420823703,23950
480429017,999534164,1404482539,-348173963,351262390,23951
1037572663,1625010962,1998844103,-1667950706,244364953,23952
-543579561,-979795762,394625533,1983168821,440129959,23953
-246129756,1860497358,2115784439,1718111361,-1432622449,23954
1946663707,-1577375560,-1517608501,1000662677,1171667746,23955
-1530622511,-1882149200,1382458313,-112488990,-142309527,23956
-1927347053,-1723558411,1469963852,-156536885,-100498,23957
-2079535380,-1098455101,788943430,1551149583,-1068012861,23958
-1712949937,1743395081,-1646135089,1621319761,750262652,23959
2059210608,1471939982,1931006599,1280025070,1303937547,23960
976308386,-2115112430,-837092855,164164296,-1655426368,23961
-1513572588,1152854016,-1577491739,342514518,1188229389,23962
-1245182692,797550626,828426931,-1024716832,1404719284,23963
1642483679,-19384342,744307111,1443346080,-224842794,23964
1301365251,-1396523000,-747724866,-933196940,1153168199,23965
-1627867468,-557963908,-634615673,-917786852,57050501,23966
1702495833,1410389954,-867963534,745208980,1339891521,23967
328992415,-1019914086,-1811764258,-1583633571,489100423,23968
-1512236771,-559871253,-3117820,-1583663184,836634925,23969
682160391,-1876636586,-890309275,1678653019,2100660695,23970
-1138079411,798671459,997459288,-439424536,-1527137716,23971
-1541988236,1505235403,601921174,954302234,1674701203,23972
295495199,-794964240,-21527792,-1520914800,1218666753,23973
-1507483676,1462226005,-1781894539,1400957517,2087555411,23974
1293827295,-1782309766,-1363640738,-1297097255,-992518418,23975
-1525861043,-2116037189,-1453184468,-1235095872,2005533034,23976
-1223782123,-372925863,2071202019,-822557317,-382695767,23977
1837908850,585637310,118040265,-1419777594,1725200393,23978
409443085,-1315667169,1836522641,-1511270438,1790878389,23979
-510010684,1450354570,-1958438203,1612331506,2038963217,23980
-2082741050,-701432591,2128566934,2093302041,218300491,23981
25370169,-906479788,-2026865399,-1186502177,-871283927,23982
1823235387,338757859,567688374,-1039395459,-2052499399,23983
450096675,82724497,1625198237,195432105,-1706334498,23984
-9811600,-1063308284,182575047,-1315671898,-60100376,23985
558670062,-1030736604,-1977516529,927595300,844641254,23986
-2021345948,-1668566941,-952373609,-1650265982,915013595,23987
778559794,938504613,-225511105,823637562,2140552470,23988
-188412789,791004835,-29031282,-617269435,-315920587,23989
1359429049,1395475755,-301933051,-35244097,-322050418,23990
1136870961,-1277675124,-684434553,-24592268,-982244059,23991
-197290843,-7926295,2136085656,1683376827,-1311930964,23992
2100953640,-2116711182,-935954042,1198296744,-32915845,23993
1844866964,798974730,-464377328,252331634,-1581861992,23994
434906646,-302502337,1644622923,-1618198097,-794650963,23995
675270547,-1342989668,294922758,844820836,-64018214,23996
-96195655,-823270780,-1653302970,-1547028978,-404666602,23997
715168030,-111429322,1829148471,-406211069,-1414363306,23998
981773850,-964373748,836614340,-2122558304,1300366258,23999
1176164392,1266700886,812440094,1768531781,1491844160,24000
367366639,-245616918,-807205207,-290347017,-1968864601,24001
-1275820296,588349010,1855822846,742661449,1737216421,24002
-1660332759,862664229,-358387157,-1882835823,394277728,24003
1656121689,1558457952,-980720577,1473759472,-660572814,24004
1640669240,-181058505,469102401,2132520815,1314277866,24005
1216309947,2009791375,450353797,-1655588931,1077576207,24006
932502891,-1729890162,912489267,1776812230,1436430557,24007
-1498639421,193222396,-1081241390,-1593014315,-1134245466,24008
1325934578,-419218096,1827598885,1153315579,1481393317,24009
-634271026,1553526124,-922250892,1471941155,-241868464,24010
1016394986,-245228423,-1324235878,1105017356,512888064,24011
1623570634,-873046429,176945904,-1298132252,-932304835,24012
874056529,1931920923,-1320059514,159133796,-461864770,24013
-175403857,-2146972352,2052265358,-578292712,284378145,24014
-246535259,904944074,479189532,-285547413,1133919859,24015
-2042508115,-1638688353,1885165810,1631528206,-535185288,24016
86561256,1970357303,-1091696551,146839793,-1782437653,24017
-862136229,-924783116,1318479277,-1071566366,127448574,24018
-1618201590,1481142519,-1348305102,-995027788,-823324689,24019
-343196005,1157889549,871337741,674566494,-1739921635,24020
-655807514,15926071,-1600174243,1956681329,1636867385,24021
1188115632,733043774,1940817422,-1193339007,-172227824,24022
992027266,1454065801,-1022293302,1721874797,1776453339,24023
-588478033,1400399135,-932935334,-1484260367,402510221,24024
-1323981094,-430206585,959168580,-1263045244,841803748,24025
1053914160,1646423983,-278575134,-1025642869,1592983435,24026
1249798531,1411588421,1331033568,1734622963,2038715062,24027
-1481214804,-1916039568,1302711894,-1403779383,2058735826,24028
644956136,-383891928,-828689555,-70149878,266565890,24029
-215374966,1064220701,-1806251946,-290604030,972068129,24030
1487873357,1749953869,657161212,1215762372,1032378804,24031
-1717049554,-1669288922,-1716651116,-1537517332,1978127544,24032
-419162871,1936578000,-886935869,-29207022,-650904418,24033
2053441428,1514387328,-1541001378,-1662006312,-1639621292,24034
290280815,1064090295,-375339120,1751083286,-1559992747,24035
-1002505988,1473648757,1100917512,-600314180,-1503876508,24036
1940638522,-959462033,-1948661858,-207936926,551305894,24037
-24245971,-1402910565,-390383093,-651721002,16232551,24038
-548746749,210393566,-732927383,-384919481,833953913,24039
-337020211,-974248183,399439273,2112293630,-378600784,24040
-2133778231,488336477,2130058172,1244298025,494136695,24041
1810550455,2120557962,-260758801,793155027,-2053745390,24042
1373580600,1036229502,-902108991,1575204067,622303458,24043
1370984536,-1809021466,1833307619,655299815,-1889015269,24044
-124372953,-1308873769,944874054,-1345576548,-856712629,24045
1906878788,250173618,1967429407,654973510,1989087252,24046
-202389554,185259490,-508801487,-1067066020,1475875930,24047
-1589205734,1089244710,171336706,-1853760338,2022196319,24048
-1898050489,-2092641440,-1805397369,-1229626292,253224188,24049
-730779588,1426273629,-347749476,-356597664,275075526,24050
691990700,-738988649,-972258531,-1566735611,-2138931696,24051
1840483848,846620377,-1651998948,-1781251686,-1468952354,24052
-358370003,-1617332924,-1611760502,1360386479,-1437797393,24053
1754477820,643985850,-1353600883,-1512650576,-2127027870,24054
-62886613,-1270117630,-510952928,-180808587,-318421159,24055
-690490733,-129793621,-1846020772,-1227576307,-419109576,24056
275031407,588956515,-629599858,1124692282,1616562258,24057
-2087306014,-1999852543,-195134482,-1376714336,1867284361,24058
-761515940,1381799055,-1318209949,-938000584,1609680760,24059
-784007468,1102639663,-10687823,1671937713,-2089430653,24060
-1124355793,258445277,556542506,446026760,-202745866,24061
1346453032,269563128,-1712254995,1713627789,822246716,24062
1062710450,1978490847,-1139194945,817059223,-976907020,24063
191883139,-2091580789,1120571715,-474379224,-1941654806,24064
1844555793,32279292,-357981394,1311894956,-1946424879,24065
-1372697370,-1648344068,1992635919,-1053777185,1147078635,24066
-120880851,1010716152,996858515,-890032300,655247827,24067
108527739,-629097647,-1162111030,-503731993,1247524855,24068
1443864096,2002686181,247782063,-621840572,-520775271,24069
-1086612058,1389691006,2075775722,-2023043070,149102133,24070
-31601831,650166752,2087545379,-725220787,-67733482,24071
-647691236,-1019376513,2138416,-817247378,1536777028,24072
-1668891965,-1149570813,452483315,1105709858,-1008958520,24073
1851044357,-1687739349,2004324748,-1485272432,1969391012,24074
-1569684918,426488736,-895268275,-1005632955,-1824695092,24075
1916429981,-1350206210,-330611486,-199125209,1944271646,24076
-2142413927,-438602427,-305100694,2141807481,1876600956,24077
1700133774,-406482842,1744366306,1749148309,-891876508,24078
-2069692631,2121676293,-2146578084,927749004,2072837695,24079
1554717095,613155189,-288785323,-996320602,1827381226,24080
-457161870,1549227640,359270127,1632524601,-1656313072,24081
160079798,1859221778,-24004362,1068320478,1823752725,24082
-1401513940,-1847958484,-994582268,-291994659,1679059464,24083
-1507805924,1160139094,-339310987,-211118021,-331808512,24084
2053912691,-1166963119,1347117984,-1059588833,-849394844,24085
845077346,1841524270,1109762631,-92892941,-112098570,24086
-350834963,-1174197898,-1364408100,-743143701,1651966642,24087
1634874521,1039696388,-51577634,399022295,-1479285168,24088
-1791032019,1567361365,872544503,1706487375,-1876941475,24089
666884734,1780789190,-1008712414,492464795,602633832,24090
-1722907171,867849162,711613131,1066529735,951515639,24091
1254066500,327331051,-1859434861,-1717182107,488541478,24092
1802402348,1370906008,-1121513168,-289544636,1357846831,24093
-1480928152,1178932016,1790911938,-420757878,-1303417444,24094
-1514629517,1553688970,1270590624,-1725273295,-1179350343,24095
-1242161673,-636896193,-104365495,193249243,1527693673,24096
-433185259,-292487861,-1373351125,964851887,-757530129,24097
-2128714264,192840369,-1150887829,2116286797,61083743,24098
-1057740127,-858472680,1729896764,1004127582,-1188817600,24099
-344645325,1483962327,1069117789,1702460107,-528645264,24100
-2101182643,5345419,-2066624267,1070747437,228204219,24101
-1108800073,-963117676,-1293049504,-1682548928,1073572892,24102
-1424278610,1821458580,-395948158,-2114681591,1878152139,24103
-1319527262,1932183368,-297291675,-180545871,-1128727581,24104
-159302023,193124466,748794926,-198369770,500667260,24105
-846020385,1584138205,770158145,996107540,900458590,24106
-2043820563,1430636209,880812547,1412511414,-128211544,24107
-866488809,-244252228,1832846239,1940351503,2039287234,24108
-808912113,-1528770682,-417285478,-528209355,-1253673174,24109
-1286887889,1539616845,-851600562,65610307,-1510304557,24110
1497922535,1268817899,328891270,-62690027,-1027630182,24111
483061789,-1926984525,-609033318,-703397458,-164600619,24112
-678577139,114957163,-1962825414,507914578,-603291132,24113
643792489,-504540687,-1429495994,1486414001,-1332097849,24114
1496258676,-1529429070,-1121468359,-1502745772,372523640,24115
-1350978105,382769610,420976408,-173948385,1292063513,24116
-620621068,264449958,596195120,-516369679,-350416159,24117
598825618,-1267550270,-1766399412,-1719934560,749803646,24118
1012867277,-1709227979,-1603570931,-953781381,-1898514662,24119
-940125858,-1604923250,786908487,744359694,1946682759,24120
-1910500903,1737410247,-1293233693,33538822,-277666465,24121
1928729269,1995405892,-598080826,-1896159739,1059034517,24122
1682193280,-1772682997,-97527162,1047301591,-1016740017,24123
1534832887,2130997760,1026051306,134003050,-605442822,24124
-1949993187,-1185563280,2081805350,-322942142,1497213090,24125
-784248995,1449440734,-871311927,-105952562,1074198005,24126
-2113547607,-245415813,-747899288,1962200097,-11696345,24127
-614725774,-991059735,1337098711,-1461377552,1931953416,24128
-2119190161,-759042092,-686101042,-821483097,-815605623,24129
844808238,-965205343,-980154091,386720583,-1630646116,24130
80612465,-1545426744,733438236,924512488,-120326832,24131
-1113228627,1290369112,-1850229808,-2002089668,-1332413766,24132
972814076,-1404684431,-1396084518,1847182843,-1932384757,24133
387960429,-922570295,-1637620134,-1716753158,1232422125,24134
-1215325686,-670598354,1489818699,1942926889,835976560,24135
450499353,-1180757622,608197759,1507225793,-257061101,24136
1747939350,51668159,-1313174568,-1778110878,-884753050,24137
-399500403,1031834238,1281900041,1952563021,-1116575534,24138
-394946624,-1523042468,859623190,1921568678,1473975710,24139
667249032,-624329065,-2031672037,-759171036,-368694578,24140
1215389978,1230577145,-427685010,-1222301140,-1667913673,24141
-1557777708,-1170450168,-1960038581,-1498560877,1493381432,24142
1992442091,388770762,1093621413,-1722510717,1521559812,24143
-1525605111,919755011,-1914620550,-645452532,100124720,24144
482332005,355589107,1044168042,735618672,1145817173,24145
487979061,428682316,292875088,-1239558362,955370196,24146
1135723826,1353837944,1742212904,931951788,2027372195,24147
-886171623,-1722211917,1080353668,804939156,-1123373471,24148
-10438535,-824358585,-1396945304,1956028662,-1279609534,24149
16985629,1727429556,-852801581,-1297094185,1053315291,24150
894175446,-1137110360,-1428148388,-2061920360,773116598,24151
-589636284,465009176,1339280886,-1978327732,1926328350,24152
99316553,-1571252841,204652722,-243028942,-1582909681,24153
-153286867,1591307038,539073956,-1532233920,-2097562303,24154
-844273352,-1283326610,-642544611,554321303,1984074724,24155
-1193468024,1356101889,1937711905,-107570498,-704355678,24156
-349966930,-856876958,-1078287359,-1796209899,-272051905,24157
2049676618,1842860509,2123360616,1997738997,2042996505,24158
-2098121346,-663659940,59059018,145018100,-239947633,24159
-2030990173,-2122837284,-2034521989,-1213932947,1297340619,24160
-950500694,-429261037,969156386,1324494855,636223353,24161
1414596387,-1239221518,630244431,-183829187,-110634049,24162
-1704900580,287201711,-1940045726,-1538393287,-1143695555,24163
-181265648,-335937005,-477435613,-1016190532,-291072933,24164
-866341861,1843055949,-1644328210,621677202,746379864,24165
1852219488,1368003837,-1568392078,311384853,-1541833731,24166
-483195646,1152557514,1929177664,1867496822,-1222093793,24167
-824272557,-16283936,1794637041,-1015468519,931487771,24168
-748946238,-1799924841,-485497625,1619929950,-1939742024,24169
1913539922,-1015043733,-1398144377,-1319067573,-524218215,24170
-1059423592,1047149236,-1672336530,-457943013,-1000580317,24171
1292455639,-1231266099,-2049394651,320131157,-805001027,24172
913098061,-612300158,-1534101363,1655201786,2070698283,24173
722995379,-846575729,-1849870922,-1348265882,1443778472,24174
-100730063,1602737474,-465668730,-1439305992,372239524,24175
653261544,-1827464259,-348314846,-960561444,-492638156,24176
-1663841321,1059891830,-174991833,-40965824,41700317,24177
1092087700,889968581,-1951540845,-106544798,-1082577332,24178
163266844,-770167255,380900104,234617147,551940096,24179
-1600981644,-1324809424,-2133936828,1336201237,1408896489,24180
-121650912,959995569,-813985292,-1740974366,-728263252,24181
-659823847,-683908272,-1852233887,-1171659315,-1787692189,24182
370280443,1012278674,1981851198,-1368799286,1480809779,24183
-57064788,-1023641244,1496845473,1972596549,-1405060186,24184
1044797814,105555318,910860486,988820118,-1608223269,24185
-98477709,-1877022383,1723290407,124408164,-322528164,24186
-446427916,1635776530,341320423,-1634967898,-180152555,24187
1530270651,1825607140,1926186754,403703757,-1060510228,24188
-501054171,18993202,292703451,-2041849431,116706293,24189
1509549050,711249237,-1994441859,1074936466,-1880920348,24190
-143910337,-199597057,-610484140,1985046432,95680961,24191
-1929545004,1130794788,-430411354,-331957126,-1279260151,24192
-1951779167,-1540442019,-321707030,1887183320,-638253089,24193
826543886,833046541,147346147,929748342,-1736028410,24194
1319403396,-400422052,1968216011,-1662080328,1139601312,24195
1195062335,1297480934,-1939700654,-308336751,-531398625,24196
1479900537,-833419060,-1887599548,1953196969,1053225249,24197
-1525624876,998559237,-1269096711,-1628114344,2139308523,24198
189363528,-2089871578,-211728426,-388220064,-104311106,24199
-1426405029,2044832505,859698965,1273031874,97738133,24200
-636643978,1751327375,185518881,-542812288,1926464463,24201
-925199933,889993903,1976236591,-1181365365,-266376117,24202
2135096893,-694921078,202103798,-528996569,-879380682,24203
-1004093502,-1667699052,466529112,532540169,-599898902,24204
-2022684224,-1621327769,-408132253,-1900941406,-2036058140,24205
-1432482056,1046125369,9395980,315876135,2118993529,24206
787702071,-596449126,-1965700378,-1428822616,813038543,24207
1254227867,-1233194599,1342890173,-1213759741,2066647305,24208
703298017,-1356388951,1913119089,1728231715,-133826322,24209
212176813,2039432625,-1037307778,-330389618,1531165573,24210
2122495418,165312989,-563666101,-1027881789,-270537399,24211
-326569361,-740310748,-1500686115,1404803055,1815712606,24212
-1790476916,301062125,755972347,1791024813,329664036,24213
1125152821,148189102,2110843742,659021893,-1028535583,24214
1726821884,584649708,206300289,-892246267,-385180979,24215
-217353194,-1612685310,-1698798711,952378374,-174961266,24216
-246563684,-2001921868,-148791333,-89051575,-974381591,24217
-1308884723,-353242139,1855812468,-110004756,1679757037,24218
-366108982,-2132770680,799898058,-1975567609,-836435788,24219
1645682721,49835996,1958325822,1398617841,539796133,24220
1293399808,-307281971,-1973596278,-1317685144,1507720314,24221
-2139228194,-1202695572,-784070994,612260106,-310503986,24222
1679597590,622571151,-735803262,989310466,-1845690399,24223
495871031,-1449162688,-248451122,-1332303233,-420291385,24224
-1132650861,-1472656529,1970269460,-1653376211,1695959052,24225
-1922815032,-1105992576,286678137,1449439177,-624508710,24226
-779511105,-1928640989,1421462063,258166121,-381331100,24227
251771543,1521549712,579718840,779811855,-673180850,24228
1184058265,-995518815,835987972,1459465717,197742760,24229
271010845,791831864,-1634703162,-1679263259,-1231445961,24230
1874833065,-553080573,-1356044783,-546007335,-477154513,24231
951809396,1466409346,359625572,-865886119,1033647476,24232
932286150,-189214071,-1406763342,-614710877,-1019203881,24233
-678872931,-1772034189,-791027806,-1206560470,1443274503,24234
-1895726261,1784776385,-1380771489,-440196672,1615251194,24235
1006013956,-1921347486,-1939967824,-653753278,809775532,24236
436875577,-863307657,1104100326,-563956103,-1550878480,24237
695774710,684860968,-535910873,1002312929,746819701,24238
598931791,-411007343,-1951072912,-1886939119,-2130732300,24239
1901288601,894251769,1639943877,-790022498,2072004839,24240
1556328439,-1502145014,-1691058819,-584717094,-708988736,24241
728239490,609183480,-1223630209,-165362965,993208471,24242
-161467384,1654349504,-1764023053,1187098253,1222425316,24243
1341986797,-1542627890,-1273252507,1175015167,1902773951,24244
-1208156093,-321779059,1960287233,-1827750070,1036550259,24245
80697891,2025446704,711481617,426053028,779699325,24246
-174760241,-932857277,1918949254,109163230,1681635449,24247
1400226318,-820769721,1549696564,-1403663939,-172303462,24248
84037128,-40459056,1802484668,1564046888,387193215,24249
1127427923,-108003409,614117582,1419751447,-2049798681,24250
-681965197,-1125451767,-1010314444,-752838307,249414248,24251
57260509,-1342680465,-1577227633,-2112305296,1041302974,24252
-1161705529,447608269,-1612817172,457453832,1653702072,24253
-772997930,89938171,1365199747,1656707205,-82076228,24254
129410830,-1614276209,-1231344681,719732585,275533988,24255
-573106032,1259358828,68041801,1016846516,1988681410,24256
-454813773,-1223672010,-1836526071,-89866656,-727707994,24257
-1621690286,-1128789911,731068277,1523642456,-714674688,24258
228435360,-839518648,818024833,-312688644,-404353505,24259
-1666545620,1179258616,1427420730,499232364,452021808,24260
1884270327,-1835740820,-1824484240,1909625924,1323236719,24261
-636887777,-834745056,1473421579,1435705810,520482610,24262
1684006118,395659998,-1564533046,772594413,1035023176,24263
1711163870,530809757,1936121649,-1261030899,-481237768,24264
1223363297,-64069918,-1697221953,-1288459117,-1206262518,24265
-353945453,1152558402,1959899606,-519354342,-1668014421,24266
1466163356,-659596317,-208283190,-786926666,-1265560601,24267
-563232347,-1743155348,382776159,1967369793,-1802782703,24268
239178095,929518370,-1360569550,-846624928,2025701175,24269
-1551564420,-1898134727,-1871171953,-41061565,1077427356,24270
-1522909561,175397891,2122098886,964070853,1042072297,24271
1837778945,1431964388,-1338563439,1958466510,-1699289553,24272
752557375,-817238087,-1629446046,-674085064,-1690299160,24273
754244928,1447025897,2005189094,-1248047854,1509241018,24274
-143918091,409227829,-1359228291,-541745289,-1345145560,24275
-484212463,-288740289,-1231833352,-477152659,-16531454,24276
-992456831,-1671417808,-200847970,-961742294,-999481359,24277
566130919,-1851103767,1532802988,-358408700,187852959,24278
-973585492,1484365283,-497790,1645287228,1689776133,24279
1197064160,1409415070,391008524,-1360691694,-552408469,24280
1694743915,-1169805850,351632055,-372929977,599915430,24281
1742482268,-617199174,-1677746318,1898422362,1487853788,24282
-957974818,1348705689,-529320898,1641760512,-1414744646,24283
-190092369,-1919141337,-80158909,-687440797,-643145219,24284
1476278436,1703420494,1511641543,719845853,935164629,24285
-955509422,-359880908,1948767418,-87561683,1681171537,24286
1371239403,-337795665,164496283,-431287018,1456356917,24287
84450385,-871828558,6415840,-1350529088,1983310295,24288
-449610467,1984936158,1008670762,1718672750,-1591211913,24289
-2043783064,721571690,577725865,-1796237227,-1847678134,24290
833407793,-854804923,-1453883350,-1697079628,1409169192,24291
-604444241,24541250,-1213788703,1590207724,-531191680,24292
2135305344,751683902,780501691,1096415681,1263637365,24293
745920120,-1329702361,1221591926,-1214606674,-1181132739,24294
1372232475,-1604957190,588289558,-391368706,-1566633808,24295
-491881536,1769644087,1671700892,-1480801569,1552996822,24296
1452225782,-421775780,-668769531,-1092069175,1014717748,24297
1600305237,-1209516785,1725789839,419299765,-1872617526,24298
-1435496683,120855706,-421217840,-980199833,-1647053591,24299
1412894873,939724731,-1237013839,1111826894,1113621773,24300
-1736418447,1113378498,-529801814,-830439547,-73550488,24301
-1937147124,1849992829,234596722,-2090768786,1877025523,24302
-1310338119,1398007445,-1307317925,1045753067,1186181864,24303
889397641,1483662796,-979615682,-1317013233,2102107256,24304
-692615020,1452585706,281703,1749242743,-906525026,24305
2057862377,1982945452,226058617,1588134886,-1321726078,24306
2133601664,1928668472,-962449657,37910721,860985401,24307
-1780675713,-824457706,722423737,1656684991,1396859997,24308
-202210217,418133978,-2025020879,-1431037336,1107536509,24309
-2000605658,1586129964,-1429258264,-783006766,116206852,24310
-230667721,-1298341102,-1030419433,-1004928866,-1967285109,24311
-443473203,858478058,-1377065132,1131698428,-550999302,24312
981019461,-1366158203,1920426973,-1231363604,1823076271,24313
-132089810,-461821952,-899166829,1137771200,628241814,24314
-403434008,2067897356,-2022624987,-601523075,-262307291,24315
108027505,-1284926417,-1548646199,1904961647,422101299,24316
-1297371195,-1655103650,1093612563,1477511011,-1744723103,24317
-770129921,-940697404,1655966332,-365873131,-1768565089,24318
2052525064,1190710846,1783963639,1826923654,-2071086550,24319
-1104273919,1323672768,-883325499,-575496511,-1101614020,24320
449097082,-1719499557,1541079969,268048669,-1004914574,24321
-1190439520,1029266756,917355469,1419263589,-1719615342,24322
1526200572,35593900,182044184,942173136,1760672705,24323
-184588579,-1498991068,128903605,8086702,1383630275,24324
1945836700,1283171378,-1793341473,-1259586955,-1905712039,24325
-1954973491,2026259022,-1353747156,1930852124,-1800070758,24326
913754644,-1838519936,499331406,1991978720,1776960866,24327
563445696,774584174,1094651589,-1134428213,1465935497,24328
-95444527,-1473669482,276701668,-1684562219,-1176324761,24329
302242898,-934717782,1811169471,1028998795,725636829,24330
344460666,1394140383,859634130,846244798,-1397035762,24331
2032410132,650304938,-1736540664,-1873033598,-683682091,24332
-1588591763,-387789785,-1279538944,1885336618,213378084,24333
1600597650,814757863,864956291,236564314,1925290801,24334
-783225234,-1862456442,1713033909,-1220426698,-801973711,24335
2022214097,-1646260982,-1879866208,-931273008,1562260156,24336
-486467670,1265848174,-1367184180,-1327465371,-1613242253,24337
-1822683589,-1259617898,946941967,563762829,-2089382230,24338
61302545,-1019111739,-645794531,1109871027,1211531524,24339
1101861600,-794303527,-2135710644,-971876311,1231160944,24340
-1138547936,-1728593222,-1170232338,394323514,-121197367,24341
-1311142898,1071520868,798530943,-1329491643,103955335,24342
1493084609,-1070835659,-1657515445,-1455478809,-974056360,24343
983186933,-1331362408,1391057251,624898149,1837134902,24344
-203865098,350587765,-1726821845,2101791057,-77239771,24345
1524864515,135528354,2060692985,504135630,-376772582,24346
1401617813,-1759600808,1198525119,1119502317,42459678,24347
1888252280,-399827627,70209782,-715056701,1696656912,24348
254284466,150533823,1307711396,-1381709526,776624639,24349
620340982,1334569221,-937573374,-473043734,681828350,24350
-1750628565,818698,-984367661,1773300646,892264717,24351
-1976050255,-1449509875,1340005047,-1145279537,1506809196,24352
-1517455343,769473472,419918610,-1392287514,1791267926,24353
-376384522,424437334,-1396543480,-1440769427,-1778828846,24354
-2084747134,753121677,-255822915,-82822282,2131774898,24355
811101004,239847812,1804306482,1774645461,2029615175,24356
-1913340947,-762348683,-1254479086,-2144535657,-2132557392,24357
1528741207,507096786,-1900016043,1396408424,1735125137,24358
935423305,-371491429,-318160594,-2134714311,-289063807,24359
1635268905,-1999541658,-2028434739,1933851541,-1149506922,24360
1638723347,-458286041,-529652806,544623491,-379887043,24361
-1806875254,109812638,-250990023,-841995942,-1034283931,24362
1321982862,752307020,1419237345,1991792249,-73902283,24363
965954731,1628683756,-1513241964,-727021032,-1247579069,24364
-175515543,-461629799,-1945814682,958747068,-852286607,24365
1113507012,1037256179,200959910,2075594397,-458963687,24366
-63116590,1263619916,-660260519,1844411131,582765796,24367
-1169080344,-1119223524,-129210247,-1571558270,1626382023,24368
-1064048328,1409690221,931799689,-1689218697,-155367834,24369
587832529,-640591535,1698295945,-1743395787,-2045254961,24370
-213720530,-362743361,-2044618584,566031810,25901992,24371
128615387,-975343742,1535149472,1933466433,1209937059,24372
282132280,-1008135984,-251578599,2025565133,-556408031,24373
740447641,650057625,-1344822266,-2108622969,-1705798148,24374
193477778,-406197465,1655446844,-1343534742,-1106050430,24375
1252379674,-993756250,483613424,-1711592817,-349524647,24376
1926547514,2101886237,1133427497,-1330933978,-1571513936,24377
-726787651,1086424655,1516156540,748039971,-1299672043,24378
963831327,-405267582,-1341742618,-1442279292,-1889226428,24379
-1990436334,720067658,1525227416,1114363804,-1941908338,24380
1968434322,1887589298,1704691677,586415994,-1838907017,24381
-2045876942,1582890113,-1716004823,-684793557,-680670113,24382
-815186171,859078577,-1890087977,-298210428,-1187276279,24383
453967520,-1269014444,1418797533,-1682926225,742345029,24384
1105852756,1220577772,698081988,-1836815016,1940468797,24385
-2100802316,-651686095,650909335,1994919184,-1217254648,24386
-1367422682,757747065,1549610507,781337644,1588616934,24387
-696405810,1986191033,-1233855684,-367178107,758105061,24388
351909354,-1852137649,215947344,-1343215213,-1646503889,24389
-1932144934,139191244,-1354701729,2027040190,-1565951006,24390
1125049923,1232962955,-484335471,857125674,-853232738,24391
1642068696,2013691947,-245695114,585290183,-1917568908,24392
-947785810,-298041645,-60653964,-50914428,631141407,24393
821976132,631544092,-818916729,927272790,1572412274,24394
-1668199532,-1333300581,675273522,-935284078,-1911467997,24395
249797405,2129444767,-630394327,327308735,1530275622,24396
-344288959,810676477,1987639503,1206671844,-1724726264,24397
276873226,506526753,-601381592,614094850,959889046,24398
908232610,2095396681,1412879337,1319987710,217422440,24399
-2070609818,247305236,1372202972,80508632,1842431073,24400
-1330419199,842949992,914820541,-539541079,-384918212,24401
970943003,-1561241835,-346832712,1273505056,-116425190,24402
-1585197771,-1293457579,-226780949,6810081,-1531098385,24403
1144902651,-1079567656,1356461613,141802901,-247622164,24404
928613928,1005518457,43971352,77973589,-1721517824,24405
1471924659,-657366283,1980676205,1432105416,1868420486,24406
1586476758,-1663854786,-1980778774,-1241058839,1521621137,24407
-417518830,992163806,2076131130,1360860614,1665393491,24408
1424334387,-2101626615,-1865543490,104082830,-481734134,24409
-288512342,-991895270,1072347180,-1394331994,656661831,24410
708594371,1608414163,-1570664550,-643126322,1278387608,24411
920345557,-1303365760,-1155584367,-707664888,1602815609,24412
1410614322,-2045587809,-47570068,698547385,1925439658,24413
282317237,-1745892939,731248922,1277242033,-1656697054,24414
-1739619466,120064560,-1830875609,-48184166,528086449,24415
1927228941,1677943813,944595579,67583793,328638498,24416
-1305336275,956763207,-231085244,-1513243368,-932588002,24417
1865081617,1463939776,-912645393,-535696977,1978236187,24418
2010993657,-2039943012,2031851166,1811032061,705634350,24419
-313455860,1280497087,-761533156,1923857138,1990165378,24420
646910915,-1200493971,-930771468,800420756,2093846167,24421
965142347,499118527,-129897532,-1556534167,1635014460,24422
-1665931203,-479815507,-1707382706,-1696482910,484269523,24423
-327728226,-1407983318,220642346,-465311473,-81942068,24424
867446288,-845687060,1042991869,519383038,27067106,24425
1739170591,1971997764,-2095308003,-560562874,-1228261658,24426
-1252714632,1521883903,-1433592395,-1025268773,-2144402764,24427
-586123273,942126025,-1663830838,-494474638,-330649889,24428
-189991384,-710256548,478653543,-2064403028,628050979,24429
-370921234,-386963978,-140963811,396649829,213513722,24430
-1727888183,790087798,-189978820,-2124545158,1498566310,24431
-1562848492,218548694,-1974342875,-1250356071,1926180627,24432
-287106595,-153331196,1350910127,-153053320,406863174,24433
-1397380616,911382846,709480875,1906392542,836337270,24434
1450966034,-566859130,1161894584,-1187705394,-1566171809,24435
-402314120,742219277,901323544,-951728773,-1022807435,24436
-425492530,364620659,-543819441,187759075,-924779900,24437
1566798996,152200324,998727629,1527783922,854648704,24438
1357028100,-2002933559,-604094662,77075483,-1267397573,24439
69928355,941885748,880329819,1847619970,2144381874,24440
669563100,2014091993,548140547,-1723733751,-963618479,24441
423844831,-1421346610,-178393881,76245482,902488404,24442
-1405861192,-1731422597,1778807817,-349180904,-2068812852,24443
-22818404,1728386624,88919229,1286194034,1410406753,24444
-310270331,-911852766,1751227534,850189841,282287208,24445
1683991959,1764104635,-1885652159,-1907151210,-1352003669,24446
1517911518,408270001,1711398640,1192668073,834711416,24447
640936198,-1537564699,1813480565,-958015048,1069138777,24448
-691972189,-1800961749,1153647307,-1540969360,80374063,24449
-1862327851,138617614,477062181,-1320714634,-893178866,24450
-1507276243,-1923416339,361921764,-808961684,-1898454192,24451
1415593796,-887440183,1037043245,307627842,15734591,24452
1740234795,-472939862,1942709207,-2088096232,2072598898,24453
1852757774,1908195986,-988725352,1421455245,-313500360,24454
-1352733737,-625544704,-1201893239,-1211623567,-447688195,24455
-635353686,-1459342234,-444221442,-2044429114,795587992,24456
-1247010720,1911465002,1684014339,2032766559,513340105,24457
-650741335,-1300989033,1691962519,-444694841,2076406989,24458
410431958,-681965434,-1170864967,1673743566,536207989,24459
-2036596348,1530575439,-723829188,-355147678,92934691,24460
1472450426,-1790557476,-1208934016,-238735842,1444973687,24461
283017154,491532014,-1057970558,871178775,-1011868036,24462
263068570,536055421,1559077804,818397285,1734016760,24463
99457502,-2095877361,-80314260,1111190987,841753505,24464
132002101,-916709602,1098767090,-956893364,-18344994,24465
-867026141,314934614,-74212334,-1558274842,-764225059,24466
1705233042,796317235,917588005,1144244542,-464819399,24467
1906410,798315577,-111811903,1314260317,-339681812,24468
-506753297,1328574763,1170544815,1272990129,-1784437804,24469
1739320659,129433825,1725985055,-1770615694,1081499353,24470
-1067063293,-147338185,-1420137233,1771688871,150539941,24471
1407873475,813516880,-1465696365,-1759555122,-1866695172,24472
-962927261,475094221,1779313324,358560823,-1316801775,24473
-225710208,182096795,2053958992,-649297443,-780406556,24474
-2053479631,-264370909,1230710020,687652091,-459556951,24475
-504382961,-1718712849,408636346,579104828,-108659218,24476
-1167419184,703731795,2112946157,574677417,1312658342,24477
-1677232583,842061493,-1013374320,434826074,-2028745874,24478
1778797566,1704737290,-1513223109,-1952508837,1763027093,24479
-2010133364,-698496892,1577017774,-2078510098,40407005,24480
-1941814563,-2102586236,-321596146,1954407952,1861575204,24481
1384143576,-2045521347,-546224733,-1613004721,-1984105425,24482
607366898,578438152,1052960290,1035036563,-766587562,24483
2111710754,-1570497437,215049979,553537468,-287587739,24484
1590118403,514164280,-424073266,2037297072,-953234442,24485
621288424,1864957554,-1170382736,2057189355,-1574279448,24486
-1026645183,2068472969,1606014026,-602032522,-1627679135,24487
934426193,-1910752568,1312309245,663639546,715343462,24488
-413166933,537087148,-287140664,-2094253202,2016669689,24489
-168955443,1907909494,-368464957,-1997778742,-1966309731,24490
-1412186895,-94342279,-1248008508,-611076533,1349102232,24491
1034267615,-843972735,807072041,535560342,1018494681,24492
1639800284,917630188,-1320743399,1849047498,-81220029,24493
1854403810,906832295,88382230,1904949572,-286026826,24494
-195659490,-1192491935,-226065204,-925536890,1379461097,24495
417338411,1377253670,-521641422,187299879,1205716294,24496
-832288222,787543444,-1482664546,-328020990,1485711695,24497
2140786520,-899603821,462752094,2097065684,-233481511,24498
-564126910,1313916481,-1285379349,-1259884909,1056869586,24499
-1669569473,630629546,-1295675517,-77093739,-759260493,24500
1640838091,-154574899,-349721164,2020085997,899670920,24501
291461969,-1636831555,967533623,808690548,869833088,24502
479109874,-799942019,945848222,1933357,426878894,24503
-603103792,-2130661334,1694715121,452797907,939100935,24504
-470982510,1001173355,-866620888,-880174000,-337333773,24505
-2111195185,418586657,1930125942,769290044,-917957039,24506
-1012775887,-1061069838,1561884327,-361583219,152245545,24507
1258577334,54891709,-1843656568,1465860750,-349482261,24508
1149085341,-194007825,512444171,-1094301810,1329671225,24509
-684268324,-843207786,-453976428,-2142570722,1976565312,24510
-1247041781,-249852542,409355729,453353377,-381620970,24511
-73289210,-1526628529,530923594,84766262,-1516736819,24512
-65666955,-2044248341,-447325938,-880914836,1884232812,24513
-283989926,1493809016,-2074769951,-1158499667,-1047585776,24514
-1659226398,-280408232,-552333384,-1810979741,982634983,24515
-1897130965,520381723,2118338781,-1344572181,-215812961,24516
2076695290,1381484832,-612910951,636280934,771381755,24517
-1045850983,95489245,2026657904,1861986487,435113730,24518
2139177138,-1329896990,-671043626,399048073,-860906262,24519
-221230016,1905519437,-310909249,703143460,-1055930814,24520
621165090,-995653340,1331830142,-1031931591,-1208739407,24521
-1144306424,-1237536952,-1832084531,707987143,1671452203,24522
-404966543,-1735809360,860616332,-1306618762,-728479656,24523
-1281678319,776345840,784359463,-641988967,-1124059260,24524
1138793603,-1961673448,511919343,-1840608776,-1499637129,24525
620396512,1085901389,-1485473679,56388345,309035940,24526
10391698,971358689,1316271992,-222823799,-651916611,24527
1953814213,-318757859,-1504812177,-1513570942,-225831902,24528
544010956,-1989180364,-1482673946,-1148286828,-1127062248,24529
2077571258,-484238970,1511682081,-47900347,2041142486,24530
-596737277,365480178,-1033599477,-163031762,-1679966561,24531
1724400698,-804477512,965380871,-1270464617,1215296832,24532
-1234607171,466875225,2047921523,-444317421,-1746145063,24533
1317289236,786507511,696773867,490496160,-1189291510,24534
-2064874044,-1629236091,-99223337,-1705164509,911621756,24535
-1605236456,1169875524,-1661997933,765992523,-768738087,24536
47554319,2100272748,-489961474,1072222161,-552007755,24537
295044253,729029520,-872340268,-585179743,-147808962,24538
-2114297444,-1521326068,1492396203,1125792065,480259463,24539
700463689,-276915591,-1252172007,1047793141,1534594668,24540
1341974658,-1064763552,1166819225,-1109396718,1261066330,24541
-1442269004,-686364412,-2072436329,1475578301,1112635385,24542
682931424,1573653872,-553565929,-1547185131,-548738527,24543
1454677898,-123844874,-489571401,-620724753,1999218953,24544
-391362639,-945512110,312406161,-1416225064,941695106,24545
1047599767,-906652124,1746730325,-1499953369,-662386296,24546
23534254,-740548045,1690408973,-1862560015,330515086,24547
-704577956,-147264352,-324754425,-2085017798,923315206,24548
-1933946820,956429041,-1994249809,957914521,1698981502,24549
-1890427704,783651977,728694925,1997393316,137288452,24550
1486209559,1240949707,916189735,-1877698810,43463297,24551
-1806982022,931535646,-1417913473,267087453,-160835084,24552
1348766791,1180682920,-303290444,-70436664,-1533726286,24553
1153604731,-2067226771,54046233,1193531841,-1747463370,24554
-1205987525,479235093,-93477316,-1519549165,920144723,24555
-1491358708,264267710,2023094731,-1138768968,-464545750,24556
-1340386112,-495895445,-1116996158,1452967536,-726846751,24557
-843619828,702680846,-1414294154,1959912632,1428605973,24558
1470619122,-911355927,2108853470,-452593998,303276353,24559
-1590372448,-571079978,1691933370,-945073242,-873251483,24560
977632857,-646395502,540152015,1690556093,-1419312546,24561
1158972380,850378386,1803379220,323539689,497327035,24562
1803494280,-1481064986,-1336513619,-1844513222,648305365,24563
1044609122,852046806,-224171733,1590769429,-905902840,24564
-65633387,-1774078695,744319074,-1287234433,1243851000,24565
-1271524229,781051319,1261768569,-1734328580,-1363938709,24566
-904107683,-707170700,1337397076,-1264262908,-793976686,24567
-16580861,-1716925167,-1933804321,1779665338,1259834624,24568
1266357880,1161959425,220075455,123927647,798116425,24569
862688740,197451691,1283084865,285460026,-1277495528,24570
346597661,-953251412,1232206066,2143463801,-992137686,24571
-392262188,1973085669,666266813,-902891936,2033163710,24572
-1635043950,1339131263,1867894444,831423863,-460010286,24573
-1487164575,1858217042,-2091028931,1750398904,-364725495,24574
-950223417,1249223534,-866033297,-1365540540,2146233483,24575
-2065655303,-687248392,-2016441300,-1733841450,481290353,24576
1791931113,1519192772,1098148899,-1951554724,343540258,24577
1295137967,-985930154,-780470131,2040787770,1472740657,24578
336042391,1710496077,-434456498,-2034742847,-1658580621,24579
-372156339,-2018658320,-363401477,874619009,-2018983010,24580
-841348303,810350625,1185844884,-1486948262,-1267463408,24581
1072177641,1874907836,-1505193667,124645363,1175100920,24582
1212804445,-1339749062,-965323330,1032601423,-1927239821,24583
1942981690,-377215839,-1774090108,-155450085,-1526015934,24584
691837470,412922838,856775634,805775860,-1439407288,24585
1485951720,-1838509959,551574147,1272443642,-2138775823,24586
1137313952,-2403462,-1053501102,69878449,227913917,24587
-93856626,-493980378,1089211488,633104492,-1797218486,24588
-1799932600,-1063128023,-1908722664,1142782929,645990048,24589
-1254338817,-580437652,1787692748,-234395149,846307976,24590
1868778390,1357303301,-1965934347,2039731037,350723623,24591
1328172638,-963416469,1732835115,-1870890302,-2095930321,24592
1024007159,-1261931378,-2109797388,2038244816,-16671798,24593
-124730859,-5507206,185791009,-1649261925,-848866883,24594
-1842939373,-1537022843,-1351825091,-2143046354,-644603061,24595
1343261664,1215173582,174566857,-2012486036,-168286602,24596
1470131226,-1845556520,1047627716,1013095911,-507118237,24597
140236609,1044670121,-335506750,1912895958,-1291570440,24598
1237015910,-1707949292,670149093,1563109316,-958275722,24599
914508846,-457739087,-484583652,712329247,-1666420477,24600
-1958591419,-2146761514,1022444995,-1948370932,115999824,24601
960253712,1524104315,763088165,1495088145,436942711,24602
-1991610834,-338694162,-1175252186,758790480,35266177,24603
729835325,-79198308,1580173235,-264363258,1554353039,24604
-415358796,-1417141274,1561589472,-139543535,1537577525,24605
2119365903,2065811171,1326032792,-1404840953,103948090,24606
-1672709926,1957699619,-165342490,295174244,-1055380599,24607
1993578997,1460648637,1114937854,207734544,-1856616658,24608
-1769640707,810820313,-1124236774,160888029,-1977853110,24609
392483227,2091008340,1759578543,-635606067,157091264,24610
-1892810305,-1271985895,-1477071855,451013716,204758687,24611
215650920,1531834795,12638048,-1170104842,-196303972,24612
-1152499639,-61665368,-1061957305,-1224329700,-5813530,24613
-1131082326,1674576949,-368758530,1089844023,1763585742,24614
821839575,-184900164,-1308273154,-1115550070,-1240854258,24615
825376672,846759234,819820182,305534107,1913319191,24616
2103829555,-770947674,-1172982958,-149181117,-952369898,24617
-239491414,-132246408,1502686315,-709947914,859928625,24618
-1240007236,899189813,953009373,1351438378,404046022,24619
-2141932009,447066195,-1902844538,738071265,-2108425471,24620
1867774110,143947611,-564503730,1400936612,972309685,24621
-1183508756,347246204,101509365,-2138616807,900688757,24622
736630062,110231049,1681246913,-674346673,-1434021188,24623
1985567951,-1610062089,-78906465,-775447125,443501689,24624
-808589267,1017658916,-2093850842,2031171535,-1696929294,24625
1595326914,1284671411,-2025957640,454659710,1614450006,24626
1408775051,-1583116579,-328842565,1647063869,59217758,24627
-88115851,-1482950647,-1267117934,1160274952,-1244654268,24628
-1894562647,7499818,1199434672,-2134845228,1120256531,24629
-1669758140,-430492958,875470512,1930442148,586340088,24630
-526095423,1570582559,225449308,-814697164,-375278113,24631
1877834241,-831127967,-217564664,926812201,1414716676,24632
1150541084,-980932195,956495861,1180870026,-422612447,24633
1125923309,-379957198,1385297267,-1228750833,631172095,24634
1006568339,1479780895,149878961,-1396432216,420843993,24635
776848939,827614646,-1487068398,-879880393,-88623113,24636
121852282,941455639,-944218726,1163730661,-1511430108,24637
-505457287,1425449145,-1243612776,-1551153901,-182065431,24638
1057745739,-1920171757,-1402118852,913156862,-1570685861,24639
-328148950,-531213789,-1821163255,949841294,-2121831573,24640
-2003805438,-1179044620,165148540,1471844019,256102542,24641
1871852638,-1203283338,64058175,-1615322260,-505400341,24642
-707897211,492612273,-383053101,342581542,-1603212816,24643
105262860,1633883966,-1143989415,1850319198,-1657822398,24644
137679034,-556817650,1872976695,1056231598,-2085376125,24645
-2112021450,1133177279,-246711328,-1745638130,-1619256913,24646
1255322069,-2031747012,-133563440,1762449071,-1929141748,24647
1864625461,1759198535,-11335995,1334754466,1530323635,24648
-860026780,1380655311,-386669413,2128014104,838460963,24649
2063126845,516073703,559896267,-870479714,-114162069,24650
-1991029967,1591910399,-1484573403,-1527290957,-467965509,24651
875195935,1284947404,-566608653,-2112785382,1163457255,24652
-1305795879,-1826821918,204864178,296724231,1947674943,24653
1690942659,365058322,-1967306337,1814545622,270039874,24654
1196078849,-1009150407,955873110,926013535,739801720,24655
1289576044,574000690,-288638165,-1798193778,-206373051,24656
-459967887,-69638387,1282972847,-1256422580,912115296,24657
1911527185,1142884344,1798918221,-908965752,1799104893,24658
879605472,-1047584849,-534706676,-1110029598,1612407177,24659
1237986525,372007519,-102811149,-436340506,1002494390,24660
1757753407,-304816956,593577770,-995654710,371986800,24661
-755339883,2100846951,-1676083623,432628939,1296530249,24662
-287047343,-1387295828,-1231179097,-139566414,822712847,24663
1776080400,-1536675294,-1917664064,-582912542,1864783335,24664
1540836626,299131268,575530980,-963645853,1332858124,24665
-1198967571,1011103892,1978204781,-342588496,1755852863,24666
816890561,1785373568,1248738862,772205081,-682378588,24667
1216420955,1349337910,91742328,608680126,589189442,24668
1712493326,443724911,1519814851,-1102097207,1282379434,24669
-364342180,-1683217332,400467117,1499539180,-705547739,24670
1060832401,1082262319,-444262632,1237989875,-575779440,24671
-710280633,291288819,-1421366905,-1385951757,1986124981,24672
-1352880745,1672867738,-2026073161,-1174578420,147649388,24673
-1882295980,-1848315873,-967613931,2053274219,-481828986,24674
-1248226090,2022928273,615841086,757667491,-1059956523,24675
1588140965,173462435,-1063074298,286772039,822509877,24676
897294221,-425619761,1250167459,542649957,1803404224,24677
1732591514,-127749067,-1451045185,800932047,-1550913596,24678
2118594075,-1894949280,1832887882,1279525402,-429531063,24679
1550940933,116561888,-44349146,623822023,1214491846,24680
-1501529202,-1193471812,-374694874,-1144082775,-917528890,24681
-77251931,15805,-391973680,495557700,1894443577,24682
-644535523,-766134111,1103435711,-193148376,1211904164,24683
-1633309439,-512753702,883708649,-900559568,991010913,24684
-359195412,-813105519,-772561935,2070278047,264888170,24685
-1504457171,1562315631,1501162595,1589137942,979396590,24686
1414258076,-529910904,-650487925,784105412,-768694689,24687
1962541536,16476151,67149289,-587343670,1303125860,24688
-668808640,-2009112644,-25850705,1133381472,-968644014,24689
247529761,-2123184464,-432864541,-605530124,-66469347,24690
-1559982907,-1271147785,549235165,-267705483,-2046251542,24691
67705384,1401289055,600119275,1128798878,-1521431760,24692
290977803,1090301393,1292720691,1342681164,-500608949,24693
-1489215956,-1863035297,1358157130,-696364261,1762595379,24694
1882770731,-398314940,-1998054278,112180383,-1114573086,24695
315843487,-793144703,1466650468,-1425224009,299151262,24696
-1091872386,635526782,-977282898,-1925439973,-1161806815,24697
-769042679,-1709806662,-1614559383,572077829,-249646420,24698
-289349419,1691504874,1467072928,925361811,176938330,24699
-1939491419,-1322948864,-1739643105,-1834681801,2108532082,24700
-6585231,27779521,1028534245,429205520,-2117415427,24701
1121513777,-485390405,1367771865,1244065125,218892158,24702
215524530,451430982,368515814,-703474696,-757818452,24703
-996255146,74363202,-2052913906,-1388941431,927851420,24704
126455968,1490991822,-187918954,-488365559,13436596,24705
-221176710,-747167061,1807713620,1112685586,-1076510407,24706
1886953673,-128982894,-2063203771,-1193688204,1935186152,24707
2094456905,1013367604,1874144578,652002544,-2046871609,24708
-2128260323,1499008156,1091613867,2039662463,1298842553,24709
2030815125,-736303083,-2062182618,-673482316,661113998,24710
2145859969,914010368,-944398283,-850622258,2057707663,24711
-1366511273,593750401,-1012107410,-180607832,-808918361,24712
-1529001363,-658589051,150662577,-1898565593,-469407949,24713
-3981041,1182852683,1744702191,929606112,1322055650,24714
-371472366,665361668,-235211384,-1353036261,-2044169632,24715
2114418989,1866521190,2138364978,-676534199,-666486245,24716
1207351455,-599643660,1216761942,339475192,1704027584,24717
-1350261316,-1648868329,1824922734,-689970125,608666790,24718
1455649693,-515874048,-863651149,-206240347,1400804486,24719
-1832629387,783040941,48539100,1583572995,-1464665610,24720
-1170527298,-180790909,-1589050718,-1224316846,215568994,24721
908418424,1943256258,935342231,-179338861,-1664226456,24722
-39323832,-1291441657,20358537,556609382,-626182761,24723
1546455973,695142792,2116436436,-45024579,-218641265,24724
1056557746,267122709,-2087132291,1185459419,-1736945877,24725
-289306792,-1776911840,-54907392,-654718927,-2082611997,24726
213562364,1255414813,1331849902,-1475267346,-1666626781,24727
-1249527305,954512263,-856496110,-1973849872,-1002644273,24728
-610677212,-543854422,-422604715,-319623858,-1086465124,24729
1476498876,1036841422,-1208455382,158472539,372517629,24730
1969850412,1467321242,-1398718320,429600073,-1215533238,24731
2030905164,-713077157,362373365,-1911154933,1284095335,24732
-886876291,2124685457,-167088295,-893879544,1347805747,24733
-2024042882,74556344,-2063982934,1330138109,811108729,24734
990712331,-133005821,-773151936,-266762018,-1613431058,24735
-886448869,117657738,-291399896,-1798970681,-296111271,24736
-506099448,267095792,-404246268,-1939351033,440760050,24737
595663659,1597334019,-1403456856,-598150686,434324182,24738
-62886619,1017424076,1459137935,1984742699,-1608655036,24739
-1673206339,687191918,2069046956,2068280846,1232977804,24740
-19559308,-1229194203,626886390,1934360413,-29372229,24741
747776651,2024059396,131681643,964358278,-376230603,24742
2075385572,102016225,-224123809,2039596372,521070023,24743
322300947,-262465760,-562434915,-1756671180,-728030356,24744
-1018771122,-191214182,-211282309,-1639488717,1929682248,24745
1866647001,137438475,1557694818,1521181029,1883123423,24746
327715836,-1784016227,-202205770,1727809852,476197319,24747
-1631991071,206163485,89844201,1207276650,196721897,24748
-1168978727,-912184350,1945749041,-1152962837,2123318508,24749
-1560310406,-1188961950,2139189779,-369433119,846137718,24750
-1991936,-2035343952,-1933908796,1789076154,888408002,24751
497849018,1542333942,1912802746,1328234052,731215721,24752
-1687020598,2095375160,-737659737,1532550468,-873515142,24753
-368943209,-1626206935,-1579002209,-1422664563,-520859927,24754
1051179277,-1547912425,-1614051282,-1013182292,-324389080,24755
-2013009495,-2096175694,949138166,2055762606,794294526,24756
-390584930,528014809,-220498955,-1064555266,-73411103,24757
-506274922,661195024,-414448603,-1075031709,113201502,24758
-37726214,-1030613574,1193484147,-183596763,1303451274,24759
-2103857487,718107322,1528546327,1346697029,1120999448,24760
-1417323094,1968717309,-1976678676,1722041573,-1860624882,24761
822372865,-629156325,1612347728,1735045784,-1801217851,24762
-1062800462,-1731812746,-808689587,-1209654100,1974837436,24763
558721167,925157171,-2103196708,2113180979,-464748088,24764
891396258,1075235955,477149936,1839111631,-527192809,24765
-337899757,1823379173,2011612392,803466172,1593454308,24766
436053333,-1656451398,-423624500,-1201774652,295174927,24767
-1271516079,-1838957432,-536852798,-634886761,1693705164,24768
-1237859414,1086246419,-1505618582,2067230969,-925868972,24769
178940386,-2059511420,341153419,1242099694,-162740219,24770
-643963654,-1434380300,401822149,127106515,-646973924,24771
292381439,-745626896,341299518,1682289794,-1772681231,24772
-264642171,-1381964168,135381548,1052768413,330612969,24773
1297279664,1878959153,1942394096,1902203810,-2022183383,24774
-920081083,1736535169,121585222,984226046,578880751,24775
328626954,373169956,-769478796,-1053997513,-1121991409,24776
69134897,796630754,-76076292,1910469445,-791557137,24777
1417427798,-175179464,-1988796868,-1914111377,262811611,24778
-1516602085,1009277630,274042426,577090041,2023982005,24779
1431796824,978098478,882815496,-1448084392,691843107,24780
1342096228,1846797089,870982107,1982805319,-347642559,24781
-2044085155,-396645599,-1608572974,-1234911801,998848607,24782
2008434723,-388998747,-1453070643,987550277,-519425481,24783
1990281449,-2035993073,-1901499895,-2118285,-1005246923,24784
1487391983,199968717,364464889,-1483887822,746895562,24785
-586414664,-1003522850,1770780118,1630717810,-1401724621,24786
1251306768,1665752274,-776283210,48916578,1241615414,24787
-740817089,-1877884096,-649739262,1783847376,1022949622,24788
1863351064,374433264,-628163835,1887038636,-1707133792,24789
1802923814,1749100323,-873284784,-3236709,-920327952,24790
1620271353,1031076491,-146026319,59469785,-2062723670,24791
1334022025,-921550772,-508869812,-798881142,-1869270872,24792
-707168068,1812429606,184795388,1853112534,-472087298,24793
1643991679,1708701684,642457110,-623613699,-581704646,24794
-338873906,-1992930542,1991768953,-2140209054,-1631787595,24795
-928246153,-1853092525,1692060441,-2097545094,-1713449854,24796
1309612625,821308471,1826206561,-761497824,1470586569,24797
-1598290878,2134908198,-1461693106,-1715989420,-908874107,24798
1511525720,-984486548,-654442046,-350394853,999395097,24799
-1885044657,-1300378670,-857695754,-2127736225,1582366601,24800
2111908255,2036765113,-1070178208,-1924297721,-1759285119,24801
1100451193,911020482,1419964049,-2003358615,-1086820127,24802
-298018537,1368867475,703008724,-1220269258,-1214729110,24803
1422535920,-1258868894,1945780477,638480890,-473641976,24804
-904701389,1067292993,952352875,1663239204,-833063627,24805
1422499880,629153603,-1098990800,-142926969,1136574734,24806
-1586093660,-2072271697,1348067615,-1054209400,-273250058,24807
1866415965,-229366577,-1376369364,-626728461,1951079562,24808
-792828637,1003683544,-217288016,306872509,957592718,24809
-1584649105,-429735388,1300030242,379688914,128638707,24810
-1493113259,252231964,-60371337,2096072515,874422408,24811
234688853,5853518,325603586,268123633,-673797561,24812
1855216198,-160408968,1468024450,1115517777,-1681879386,24813
-180351287,-68056136,1900382791,-1818966427,342130804,24814
359043164,2105646964,336805649,-1327164108,-1985768339,24815
1831301149,-1424710914,1587299505,865831481,-879471111,24816
353509698,1809315592,1362262520,1886646186,-917086085,24817
1189406481,130888987,14471411,522251780,1954975274,24818
-313598783,1661276738,-1853814366,-1257539765,-595279581,24819
-1008195229,1707079744,-505191446,1247266259,992624853,24820
1915038771,911014354,-712402459,356725259,-570360443,24821
-431054265,-66777422,1859045425,-722802444,1358648180,24822
-435471948,-2051524629,-1836515388,284101504,1330257376,24823
-1939814358,423451916,-1792897633,1384868883,479600843,24824
1774575238,-444063863,-1636000863,761889151,-43995247,24825
245013878,-1795418610,1689914405,1642662762,-62032350,24826
290389045,-554274905,388002110,1735131150,367589156,24827
-1424718259,-1671615962,-452589185,133395628,-1640635378,24828
-1812722997,-1780704539,37158826,1702747672,2105811649,24829
2104368883,869998804,428760904,751760677,1377733839,24830
-1864780571,2069823986,1697625092,1177915094,-481303467,24831
92866557,-170366926,-2083145274,407346622,469467699,24832
-1121244888,1380323369,-886724832,2045549727,1359997186,24833
1046721323,1322883769,691538411,834047015,1282202657,24834
752339986,-1059067759,245790483,-1697352455,103849880,24835
2090718640,887102586,-327398132,-769619660,1388165804,24836
1876372467,-1876205480,1092670817,-1610749969,-745423020,24837
-1753688370,-1268282056,-610479388,-1114429344,2124063377,24838
207248534,-159645098,537906584,493627722,-636664775,24839
1764013828,649501280,370689861,-2071624897,1839683738,24840
-280840036,1785947378,1122517310,151861781,982979408,24841
2131165285,957009152,-192581422,1565290044,314475810,24842
1849513006,-2032926821,-885167356,470125344,-1674786499,24843
-1391363860,-79115257,1268075195,-1007882328,-1867931270,24844
1997638180,750169115,-1431189086,-731038016,-1011771727,24845
-48092570,-1971163292,-1844312276,2041381991,-1508573084,24846
1687446862,33937812,-200657439,-501071263,-2046464528,24847
341183451,1895174855,-943194786,-1643549260,565135116,24848
-233888411,-323052428,421347174,-655428375,676616099,24849
-1749092499,339730417,1080248553,-1156595706,106251775,24850
-1740396365,1210594542,2127437850,-102368165,518421161,24851
-1936209538,1977073308,-500713972,273387517,-15235616,24852
-957438498,1548967548,-1377132913,1888225426,110827937,24853
-1788504558,-606863709,576093031,-1294956347,-700251808,24854
1597281220,2145780849,-271345246,-575623442,871921356,24855
-1359815406,-318342693,623081411,-653443612,-1517066463,24856
-9603115,-1988154736,-1860552278,1833614549,-1908773534,24857
-1348249963,1406972521,-136603469,2003907544,-491863122,24858
-67214693,483452736,-195837710,-1831316270,1741841106,24859
495441795,-937152983,503507249,-442292023,2088242951,24860
-1297502963,198892654,280827425,355271141,-1705123816,24861
-1323815152,392840778,404801451,-2040443076,-2050024008,24862
969899632,1545073243,-1995655748,1590043293,-281056192,24863
170193830,922997620,63620732,1012024512,812944294,24864
-1209429313,-1195148470,-2127358731,-769310726,1164904657,24865
2008814510,-13763577,-956092441,1972082596,850772401,24866
1060822056,169217584,1814650143,-1163616067,-1064813788,24867
2101579258,1223088570,1978564811,1665795840,2033988830,24868
2117340662,-769851703,343303140,1955933538,-110146500,24869
1987375423,-633042101,-1148083511,-1204558333,1676010316,24870
232916288,434500821,1718296758,1168976798,-1326681574,24871
2099525631,-1718625071,597760066,-1961169016,857310138,24872
-1705947644,606078232,323857098,1203216155,389410846,24873
381490840,1904184930,535554562,1211538485,722512899,24874
-309395246,-1498021844,224162619,344496243,142435529,24875
-1966194124,-147976571,1038352992,402715242,-123751885,24876
-448742857,1973749429,1344902567,1742041457,1531649146,24877
934330908,447467115,35972690,2080225174,-1082288825,24878
-366185006,1932416390,-1156144693,-889825101,-68580092,24879
-1853406381,1540923666,1114157785,-677916029,-538447774,24880
-1161344034,-200303844,245367553,1373688836,-1346633313,24881
-307787397,-945275812,-1896598275,-999552756,-1078339025,24882
2022707918,-358794530,761592585,1069805187,190003616,24883
-58683345,-2073049117,-1894650105,2075341786,1513991766,24884
-920505424,-337355708,733821968,-1571216527,-335059082,24885
1797751368,2121193221,1793397937,1999802137,1563703579,24886
-1501981268,1786630195,-1347712085,-345490581,-1079261882,24887
-336073158,-733633947,2118802874,1040882921,-932151108,24888
179895845,-1694929203,-1821593480,194495736,1833690616,24889
-862874191,149307498,-1675859263,54210980,-1912896557,24890
-18537178,-1060490237,2107256053,394322137,-1435454142,24891
-268678385,1700180072,-507567704,-1551403653,-1826985611,24892
351556809,-419487958,-1088059675,-1341368019,122415861,24893
-1319724159,-87045015,-1887864649,-980042765,-1884792005,24894
58027779,-1895741532,-1693356422,1323442770,-881430384,24895
1192513256,241939703,-460354072,682990443,1218496014,24896
1636612156,1675862428,-285457240,-1737953905,-1617265067,24897
2070377383,767580867,-549187312,478659905,526985355,24898
323924034,-605852287,-853646279,1812092139,223579942,24899
-490545414,-82748956,-269469250,1548474291,-1617633726,24900
1819679934,-1570564953,-2043940822,-446697228,16451844,24901
-265696630,1125577248,-1705403942,-1254325959,170704182,24902
-744101545,-1955523199,229402937,-588020585,-399435198,24903
2131286822,1596285959,-1615930196,920783194,431681977,24904
-41532228,390608654,1808347473,1276149609,1209364150,24905
-33441787,974380678,-1329163604,-739006884,975152509,24906
-123955797,-898784054,-2046082545,-520950989,-1632961849,24907
1354348753,1906787918,-664977760,-813417595,1873579040,24908
428916390,-531883206,-2026719834,1155391233,544524669,24909
-414280987,-1977088450,-1918297730,519861899,-1191222803,24910
2128154327,2090666940,-78810709,881864003,1592597443,24911
-975318220,-1012517987,-530367911,-2084067155,174583866,24912
-1298306294,-2123197578,-1743253612,1788077980,-2106649941,24913
86198838,1720017929,671448490,247586725,-675610126,24914
897290789,48406275,-421179595,-367321831,-2116254317,24915
-1879768869,1610250161,-2125429843,-167587618,-1013118777,24916
866618908,1500554138,-1761995780,-392162573,-2139814511,24917
-2011205706,-253464282,1941777010,233780740,-65008431,24918
-1890065601,-1433778131,2088969194,2041866733,-1369377212,24919
-1427306087,241227185,481981737,1976513250,1501908896,24920
2075991281,933876053,-1770333501,-1276386851,-302842773,24921
1522144918,2079853186,1139914949,1412538629,1103198995,24922
-523923195,135483446,401450047,765284969,1815249372,24923
1720744947,-756954703,-952022767,-930812452,-1510727378,24924
-1064997621,-1184007914,-451309905,163757990,812129861,24925
-47856426,-502056532,1376580403,2029319906,-636203505,24926
-2023519459,1265829731,1491347518,-1611813304,-167387620,24927
-327292267,-1755632484,1284826139,-280083589,1736220289,24928
-1585001474,-280969630,-1402365835,1659818021,-2005594021,24929
186938049,-1963284953,2144691759,-960251902,-1071473913,24930
-1018350109,-1117837720,705221482,-355169408,-1594087319,24931
1321073460,-119387528,-116513376,-2008112516,-2029393320,24932
-311918214,-325056229,184264376,1031419426,-1622390123,24933
-2076309233,865845222,-756156992,-879598853,-91869211,24934
761940697,-1484794700,-1845451095,-1917471938,-665818039,24935
-2079955217,-981438888,-435577642,1089937826,583352211,24936
901761890,1813865833,-258570244,-1669649496,962071950,24937
631979158,-593615963,-1201353418,616302735,1947016713,24938
981138919,2079368962,-21099975,1965819489,518424227,24939
837526287,-1475417303,1267401786,-808651690,-1515431164,24940
-454437070,-959800719,1360492603,451482816,974693637,24941
1774088887,1365388503,-1961128984,-825046963,-1237200682,24942
1271354336,-2095302624,-793657314,1909087523,684557987,24943
-385421017,1452850867,419338686,-463485741,1624344540,24944
855754676,863879314,-151783141,-1689202554,-584434729,24945
-1157620716,-1254654611,-660148554,-660159714,867926500,24946
954655978,-1038849000,1904123155,-116469273,260883307,24947
-632796055,2030188032,-70915328,-532706742,1773768708,24948
551600348,25475606,-2054610818,1135830698,-1552041764,24949
-21018128,1306411083,1577144262,-350946590,1556415280,24950
1260619876,1272340619,-154231284,-2119709111,-1803441209,24951
-1820163434,-1769057996,-474230098,-791786264,1968463756,24952
652081152,803498902,447458930,479461978,1251636931,24953
1094094442,1532791120,1000315780,-1285379398,1657818906,24954
1913014112,120633139,-214818386,565124471,-2115581625,24955
1595068133,-661004852,1972220503,-361441404,-1151408604,24956
297162990,-1860689129,-1274959942,1379477921,367769245,24957
-730878898,-2077181646,1870904666,-5914067,218548411,24958
380772903,-1762811996,132634123,-1410096556,709752782,24959
2030125216,1991075442,-625036812,-648658446,-1248036184,24960
1444050362,-1106344770,469745472,-1006879221,-307895743,24961
-576120318,-1277042772,-1785512894,-939048244,-922275704,24962
-903829017,297369452,1428790957,-522600805,-1642584886,24963
-936351799,-1245851793,1274320049,-377141681,788992624,24964
831486834,961882341,-1934584598,-194379501,-1891260800,24965
1330905309,1380299976,-1170241634,237606927,-520633091,24966
-328450630,-329013214,-937420117,1574901832,356632638,24967
-513197702,1271977873,1811153240,-277709290,-2074596230,24968
868162088,408624796,-996262811,1764091002,1601312765,24969
-955020383,562841357,-2146755888,1790223038,-187277616,24970
-1051583153,-729366332,-888698286,-1389062587,72840204,24971
-546439517,652113260,-1367741207,173226206,-539697266,24972
-1456634821,985040677,-431011959,1040747786,-1491858965,24973
1025445656,-1391420588,-2119094990,-1676898038,-2129792554,24974
-1310647515,-854220373,-1368604289,1825138163,-1927820950,24975
-1419015480,-69578952,1313881484,-2051450891,2002132857,24976
207057990,1786593242,-1824759371,-1721484745,766940227,24977
-501500753,505383518,193051086,2087971762,1764986932,24978
884839546,689600672,137837977,2060961179,-653853491,24979
460158448,939181778,-259591217,-730257866,-1295915626,24980
-1904111614,-879638564,1721229411,-548210524,911725693,24981
-1821935503,1214690258,326503105,-1210416825,1560377880,24982
204866797,506821664,-248988471,1480368245,-371536850,24983
326653139,893314831,1163697844,1103700481,797646364,24984
-1238791746,-391972009,-926056501,488387874,1523424307,24985
-192183494,748869065,1287425409,-1919304248,-246840078,24986
1627830906,612937362,1005494728,-442760356,970215743,24987
-1535831325,1070541342,1150907997,277758697,978220997,24988
815249405,1897810010,-312227142,883009717,937681358,24989
632841196,-1351290092,-1629244288,124250728,-1156240889,24990
1511396291,-486089726,-1225789579,-1881862157,1114422403,24991
107687195,-101733120,1617530327,-1010052730,1973461141,24992
746203788,549404777,292024896,-255624655,225937618,24993
-611907985,175423314,-752468077,866913366,-1181848068,24994
-523628344,-1697413867,1569123349,-8152946,1071294021,24995
1901045038,962733242,1842276780,651673260,-965659679,24996
-515984338,-2113442106,-425794588,-665688011,-1713586048,24997
-1041470201,-187907962,-1259396133,-1686012962,-1391457284,24998
-1299583025,984816900,958329763,-1910965238,-822010286,24999
-1027282133,2057664139,2002349521,1109659480,-2132754134,25000
-2009383213,1656808131,535990218,-1268637789,-389014131,25001
759513885,506343253,277520577,-1279364332,1241798619,25002
-1327414743,-636190995,-1304548423,1467288477,1035259926,25003
1191941835,2024093435,-585926739,1599036528,940354958,25004
111981230,-464319280,598783174,-179329255,617061837,25005
-894961888,1819995693,-1965222623,1213581683,-95163488,25006
-168340746,235457988,-2025232943,375279022,-649898658,25007
-1337675631,-1154039105,1144054698,1334596818,-1592414995,25008
110320790,-503769060,390429722,-1726719043,-1139339923,25009
1907908239,-880642776,-1147790491,1850777759,-906694231,25010
1441505137,-345731995,1288539482,-847452318,-887249222,25011
-1609326340,1236891215,614397585,1168855203,-1766121819,25012
1071141979,412659926,-724570765,1176710921,-208045673,25013
-1924134833,1841523069,-1338596950,264245898,1302725696,25014
1465868410,-489073378,1639054618,-393440414,766365330,25015
936863917,824686167,-1866909452,440436023,-1306120916,25016
2009451393,-836469242,1255414852,548640997,-1775730397,25017
1732326697,1958689816,1031839794,-187138793,1619822659,25018
-535140207,-2028074524,-1253603632,1046872492,-429746119,25019
-1351240312,284540419,-1449122306,869383507,-921140596,25020
1825984012,-973636544,-1238058924,383016189,1373322909,25021
-89688635,160843362,-1116350921,-1769595911,514552425,25022
1482538078,1593567729,1022240011,-1901127602,-1963662657,25023
528570931,1503725198,-446022337,1028186197,1931116918,25024
809765417,358666807,-1916011855,-451819848,-1872907145,25025
-1973072579,-1205136945,1083327690,1616147141,1868177028,25026
1277454989,329873336,673244004,-695964996,-265641889,25027
638120830,-153906734,-255680283,-1235463523,855947679,25028
-1755016179,-1130235053,-1622815060,-455573398,-541089397,25029
-852499505,965134031,1021317302,1742251995,907049537,25030
-826806543,-41488718,1904251876,860161742,783753849,25031
512967815,-1209910526,632843564,-1700739231,893260223,25032
1297157855,-395469144,1967047596,1221107273,2141416074,25033
-738879438,-500809838,1905722264,-1450990574,1923153573,25034
-640481591,-238078910,-776634174,-501161434,830004270,25035
-1480319287,-309019190,1795419067,-1263198968,988516389,25036
319336227,2064370224,1698955626,748781579,-640925409,25037
1532542778,520333154,476259208,830821004,771938682,25038
844876652,-106414103,1273180377,499321513,813029246,25039
459971456,977079086,-1618326270,449618401,1675135245,25040
-280646003,-390052197,-955406927,-403863311,-1574710088,25041
1263790859,-523972710,712327534,-1377284128,-1430282360,25042
-1661404948,-2011312727,-1028652544,-622327608,1136009184,25043
-1926178801,-1915358687,222499686,410569080,940551174,25044
1218009752,17742934,1562625839,1600080777,1081639468,25045
-1502355727,1628372489,1641939333,-626457735,-1998745659,25046
-1197568654,1887759084,2060436129,1184469886,1492478560,25047
-1442021112,589747187,-1673653179,-1551758436,-1782482128,25048
2002389712,311846034,-1642495739,-149720356,-1766659478,25049
1141179737,2080600018,-492185758,-602471979,-1087757915,25050
-252417863,-984029873,1942240066,1232978754,-1144819638,25051
-1417408140,1293112237,-73787149,-221762435,-307201540,25052
-538878123,-84139342,1033799427,158382601,-1012792982,25053
-1139696358,-1996710767,305955105,-1716941294,1119499591,25054
1258512622,-229296707,217051388,-482953759,-1201067709,25055
684692856,145850286,90071659,-1562142451,-1172196968,25056
396627653,-41646709,-1228042244,-1339097053,-417694797,25057
2009466711,1087309840,-978405451,778804622,-1347070418,25058
-1318789468,2032589973,-905319135,368185425,-1626374315,25059
-1352187221,-340991362,1316731293,-1382757114,-473749846,25060
-78734562,-726610420,-167009203,-1082956465,-1784679696,25061
105005245,1918915679,293776950,-1679878183,799413896,25062
438274987,1989604,1840144955,1884405308,1857379943,25063
1540783696,-1644103378,-1248267942,-250309561,1206854488,25064
-1206910427,1720962494,1651179155,248085559,-815340171,25065
1994949177,1630205266,-1016742468,-150440115,-398332129,25066
713018284,-347203145,-415016766,1190044045,-1257510227,25067
-886746749,24080064,1976578506,-15613415,1362654762,25068
-1498535997,154927443,-276330314,-469464500,-815587480,25069
658539617,798025709,389722176,-268733539,104817928,25070
400807444,194309359,-113495421,86332679,1164091998,25071
-843339140,-625194569,970433510,-255357857,1412026597,25072
-708422888,1805326804,-1431481930,-435326968,-236319891,25073
181195417,-770689140,1071031318,1435153858,1411063703,25074
-553755881,1708181064,1178509543,229487915,-1110290802,25075
49578131,-813226028,1780910937,491483854,1430171551,25076
1585678877,-1672605609,-580502929,1295558373,-1653591945,25077
-2037205026,-127517333,1661170661,-2018373701,-1340407910,25078
88799514,727395097,1636591170,1768618691,-1156901963,25079
-1586903241,-734685606,538818226,1599909062,-1656019120,25080
1307526889,682451302,944762086,1516929618,-1983053614,25081
-1986818985,-2120066813,851580602,-450388032,1694606206,25082
1033862841,-2102185481,-1935089832,-2078710805,-1931295235,25083
-598279073,-2119362300,-1616013310,1232454848,48200564,25084
-1815419889,-611593996,-2103932337,1270003237,1995616074,25085
-18723124,187238838,1216481657,1537418037,-986954468,25086
1986131454,1325507557,-779351080,-407676110,-1851120796,25087
-1620371448,724854720,1413235101,-2044749326,236754611,25088
-8050711,1861714488,2130517722,-903465072,1838235987,25089
1862833548,-201169216,436722009,-1458168030,-145977039,25090
-131210898,219901048,222602613,1482129729,-1912314106,25091
1865578335,580080985,538390922,-1285479333,1651741460,25092
-305155966,1897165651,-424970752,1310068762,-2145510785,25093
-257650711,1674344424,2025279083,1761247230,419855609,25094
-55193162,-307903802,1672225110,1176538557,-763196218,25095
1528856758,-529803595,1137898359,-589269674,723448374,25096
-865175126,-51128261,-2134725184,510377492,1412966568,25097
171698222,-1507836032,258037469,307027305,1233023241,25098
795993292,-1055763396,-1837857229,-1192395797,-1916234001,25099
1565182350,-416367424,-1445559482,-1711933836,1583002041,25100
779256712,164009545,488316050,-984245443,-1944134243,25101
-62365415,1626665120,-353449462,1538363732,-755331296,25102
1900669254,16278461,-889289683,485479027,-845334768,25103
-1325833852,-1360805442,-1791216725,-1962841203,-301731706,25104
-637655843,-1994772564,-418199449,-1748439639,389471308,25105
1693245331,1094471519,579807382,2040770675,-239973877,25106
1146689563,-175498829,-1189415531,597550010,-1916438557,25107
291898719,1990973117,361027781,-329883203,100607533,25108
-1265769291,-2086328106,1946529923,964844255,894139953,25109
1453585792,-1308375420,-1771320393,-232210959,715491095,25110
-954315211,-2146830105,-1748142592,-1055291601,13348290,25111
-1829620625,1912250453,-1145872794,-1513481397,-1114325094,25112
762529309,2001476366,-1237980501,-148626114,-428443640,25113
-2079131710,-529514511,1574408499,-1129280000,2004816570,25114
1960684867,-293022724,-530746058,107410339,-1602571199,25115
-1662123131,1806262791,-1313604986,431681108,-1512789739,25116
-1506901699,590479416,1752969329,-328035911,-2087119253,25117
-368899011,2146535398,494269030,-1852353845,493755271,25118
-1973902746,1443479455,-96391312,-1994838482,783213581,25119
-1700832059,-1297810891,-22363217,1431002028,450791125,25120
-820650460,-1175138940,279125538,1462796212,-1667269901,25121
-1050398411,1440591217,1097950029,1703631099,1689106801,25122
-937951903,1100228873,1879163847,463901647,181952778,25123
-1314966363,-2133459041,-838682508,1049846562,-1903628428,25124
-1988813822,2049682319,183784365,702636878,-91616708,25125
1705041555,-1518950455,-1971706652,1228770641,454484433,25126
1142670681,-359771935,1278209647,-962563324,1449808835,25127
419583945,313846957,-1389751131,-1304406426,630220840,25128
1523935400,-1655332742,-1735156970,-1841144847,350918058,25129
1021975738,-1449594596,-1609579998,16045757,881213391,25130
857797912,704178665,-913154746,229370922,-1581255960,25131
-167711856,539445479,1348941356,900863042,1948065983,25132
1343467539,1103055349,-1825426500,906725947,-230146227,25133
670556872,-771818344,-1801091850,9513988,-2137216820,25134
-941454881,-1460163537,-2126228766,1709495787,-764989714,25135
-1456418794,797219331,1816239137,536727928,802438575,25136
-281302677,62902727,-49517547,-610814414,-601113890,25137
1187703628,1023363742,-471609626,-1617120607,-1431590353,25138
-1793335857,-2104976531,228587872,-1714186780,1926835368,25139
-1370715024,-1495796113,-1664271423,1336713541,-2037058514,25140
-1517602186,846192367,1543986516,311135428,947846414,25141
52297767,-1442684733,1167364673,1810772415,-786056310,25142
-787754392,1050203971,-628286171,1737351528,1868280794,25143
1651886347,528508761,258238162,-850445119,-774644258,25144
840383035,-1404509416,2089624273,1244495690,1021168383,25145
1492968265,-1609182589,1727883994,-1447629228,1256690261,25146
754892609,-1394621904,-285080116,335436327,1893304497,25147
-566742234,676607746,-1147438755,-599461674,2027120120,25148
-323349709,1830402589,1330452222,168918476,-1824131102,25149
-24842335,1471240443,-1487998133,-1800873607,-1182430853,25150
1579592235,688825424,-270220184,411908352,1412577252,25151
-1485461388,-1981920978,-2093442938,450488787,814168299,25152
1792952056,-1236128751,2094136374,1655087109,-1546627439,25153
2132181716,62456434,-747329613,1887459303,37487643,25154
-1061884714,1876995875,-382706542,-627266625,-1111996489,25155
1648174628,8748130,1880799935,-1911125134,-1070422980,25156
1948441163,1873842162,-1142672208,2052909500,-1478023229,25157
-1572970834,2054692779,-756609247,337651141,1369321450,25158
-325020636,1952055719,-969227834,445360181,1274167474,25159
232675625,1759896547,1780708595,139196160,1336522120,25160
-55879016,1113608446,757878970,-1097843383,-331248368,25161
-327178297,-1727287171,1711487105,-830413926,767404877,25162
-1635477164,-1261591509,-2088333900,-1987762432,-429501594,25163
2047173239,157718369,-1581958315,-66756441,-1804873190,25164
-1231743838,-447354404,-920715666,-2069147974,1239285386,25165
743358726,-1998590724,-1815294275,-1396191154,895279613,25166
936560354,1271160376,1117646799,298484688,-847284049,25167
1241914144,-1028623791,573323528,-311728531,473909454,25168
-1418609033,920732999,62856138,1489388976,-1760488003,25169
-373863089,636379634,2004750746,1985509391,1178820396,25170
626087630,-324207526,1201876767,899476265,-685786660,25171
1826673136,-1388308251,1193894664,1244271607,72566508,25172
1586618097,-668878393,-397135829,2117936287,2122001371,25173
-1637180355,1898554301,-1817927060,991364006,-1759374437,25174
-1132503325,397186538,1018238026,1278883159,-1472529202,25175
234080280,1399546084,1404591608,1201409683,-314000726,25176
2059758650,1209485792,-1410005046,1822364626,-493727949,25177
1587780681,-503234431,1247269258,-697117509,145603629,25178
1721323901,-1088967170,-1390515174,11818619,-1408043455,25179
-528446758,575641261,1123026530,-1789877479,1351028394,25180
196507613,-1637282239,-2128722309,-74647741,1360921176,25181
942801538,-1417770862,-1679007748,-1529355927,296989389,25182
-1777588537,944849733,-1198653542,1920621314,-574527521,25183
-1454980136,-1934973324,339603210,1070950360,-1813019754,25184
1516651145,1981150744,-635319227,168672766,1050954431,25185
1186109658,721896805,-71574938,1517430805,39688660,25186
441202754,-786595796,-1684220194,-1838409758,962906458,25187
1268112354,766949598,-1614091821,-1042778465,-1668277652,25188
179375,1073733940,-792320891,203701041,-630922350,25189
-296035857,1768644077,119489628,1669547070,561858596,25190
1742339093,-160467783,-1626404817,-2102772908,-130528357,25191
637921766,849954361,-534734853,415393,-1573194834,25192
2052593411,1326090505,-2127889768,-1406775744,829822139,25193
-1559840651,2034814648,-10823753,-1173491279,795826000,25194
2124242120,1671944294,-1745662792,-1821377321,-1340419049,25195
1475295760,1055855080,-205035818,-808390256,-1331227892,25196
1492905058,-539256308,-373366241,410130358,-1728900269,25197
-999747073,1852389207,-781281168,-512401092,-413011498,25198
2016659101,1790222353,706310373,191180026,-1140167596,25199
1603419837,-422956103,1215083513,1309896849,-1763786736,25200
1153344223,328664660,-383074525,-501312245,-297820581,25201
1224256466,-1725146965,23559086,1704621713,-130165534,25202
214231341,-2044852845,816104284,330627434,-19361348,25203
162791775,544236032,103110750,389017575,193529603,25204
693770740,-1093096326,606991093,939457024,1175007671,25205
-1794223987,1458870229,-1477671235,276630072,1489008046,25206
844040318,1701366529,317538785,-513459235,1835651109,25207
-1098172634,-187555910,1994227315,-141790272,-69974617,25208
553234853,-571806663,-527595501,-1527505315,-575466485,25209
-744855262,1557575151,167834639,-1434754948,-571422414,25210
-346407236,-1006228833,-150736202,1366687826,553059962,25211
-1884014568,1155611833,1074997727,1182701694,-1436103627,25212
1050341849,-1694396944,1081959172,-310179481,1801242045,25213
1513440017,-1364068008,-340726099,-1681471330,-155380925,25214
1670057428,-1891172658,-862003897,1216088425,-184670036,25215
-368523126,328454547,1526793076,1085553186,-85954218,25216
-1482241713,-1222502696,1533562138,-933737490,-2129735034,25217
1427106676,1825268795,942889394,-2076339915,-832995917,25218
1899585805,-1874224245,1395252719,30074483,1937392610,25219
856310869,-1409847275,1190527233,-1764572657,742920489,25220
-1971635287,1069121591,1113711443,-1187012226,-1776529801,25221
-1576797051,-1359687532,-1175166695,-1399844324,1407370832,25222
-1006138992,-588890025,-940135393,-580649371,-1424192678,25223
1252728790,300976440,344444742,-192998949,888758792,25224
-1991173914,-530541397,1699168923,192281347,1010693293,25225
-1459531902,-1454815291,-610570637,881702112,2144442926,25226
360424931,-209340491,653476784,83470757,850823834,25227
1492209004,839943248,-1129627661,483073185,1730987348,25228
1422077532,1121478055,-1008780873,697451539,2008732696,25229
209887776,-52745885,1899782747,1214367909,-844981301,25230
2007504528,613138387,-274701887,218176355,-2104038550,25231
-1697189682,-197231314,-184607784,-1912749797,-1230686647,25232
1907586947,-1621324976,-1311377213,-686385431,292354209,25233
8918796,-578224168,857589627,-71916429,-749187034,25234
-672370104,1892765371,-900743760,1911394943,-1689233415,25235
-199718940,-707713978,-941197416,1527809346,-1922440035,25236
1820724046,-1125081381,829833341,1703594354,-1225478029,25237
89342498,1444222423,549858689,542629181,-1484557175,25238
1060410713,223535430,-2099411022,-877556381,1675122327,25239
1049742753,1787798972,-710558529,-808527497,278984830,25240
659888912,1260175108,-2091618386,-2134101665,-515637009,25241
1071423266,1253226143,1539049272,738620666,566436540,25242
-1064108621,-2126439557,580066763,-1436926594,-1643080415,25243
1194229406,-1179287128,-99954602,-982599305,-2052397582,25244
-1275339108,-1573927387,-218847023,-1879773141,899732258,25245
-1292777236,204226208,-1795790364,680027709,-1585860620,25246
498510959,-1936560063,1053172896,1776326159,768102916,25247
-6142792,-978963204,-1325218298,-1261090614,1952290957,25248
185477176,712255630,280219693,1723379257,193363166,25249
-1997038988,-1599245200,1222690498,2072922933,-1745213263,25250
