P1_P_PARTKEY,P1_P_NAME,P1_P_MFGR,P1_P_BRAND,P1_P_TYPE,P1_P_SIZE,P1_P_CONTAINER,P1_P_RETAILPRICE,P1_P_COMMENT,nonce
183028449,-1956664903,-13605528,2095449811,-370628176,-717700311,465543798,1409023543,1355663809,101
-691196928,-1863843487,731447992,1218811440,-1463574934,1060564193,844134980,248827048,440403506,102
-809724561,2055125778,1612511312,457692317,1992662420,2041428766,-368231711,-1576847927,-1928758537,103
123158464,-163322235,1895425464,995097877,60463216,-589667787,-1518354413,-1307036111,582801968,104
686602772,796321942,1238597935,1304763050,843125500,-161198481,541322650,-1966721561,1646762521,105
-889529506,753348506,-1930091371,-341828185,-1208636786,-874640839,-1591230663,1981352780,-474861918,106
-1001038023,449043136,1525184382,193832722,-2013167340,-877122177,567072373,1701942529,-1676330494,107
809538166,-1285722139,-347151383,-1003571550,1725455215,-1646503090,-497070110,-1598269732,-856098793,108
653661590,2047985117,-60428722,-2039784481,-744522084,-567931361,2050404372,-1225951438,48514323,109
1023299305,-252826908,-1432887384,-1685861126,-219697079,-955032050,1824569207,1666672202,1341453327,110
-1714655123,-1436569179,1039492522,-1669969866,-1413347086,340540763,-1728233962,-3918968,1463069906,111
632491640,629681697,66027272,1433163192,-812039932,1216232230,-207993076,-77979911,-1939884909,112
-986567035,1752466464,96951725,-2004007859,189628927,-27326494,1610700217,-1511380660,988834535,113
1466966901,1701157190,-2069830080,694635473,266984177,-254591007,885581038,3100158,-1250755700,114
-720408105,-1690666592,760968718,-1241717258,529251840,-1863088408,991378523,-330495720,111798735,115
-548132812,-929998078,-1743803319,-20709372,-1736275980,-700935533,-1671470608,-149212617,-1804055579,116
-552564193,-2135805632,-1546613615,-1424638673,805241831,1321636213,1827625349,1166056260,1134466234,117
-1005168294,1682919818,-1018162985,871128255,-1737021898,1317940604,-175869698,317831637,2039546287,118
268043545,-2080432758,222614285,1907623827,765463407,208293656,-773933556,630805815,1078821120,119
1012079158,-1585997403,-864814543,-817859214,-1363221007,1312149111,-1665652822,801272042,86103060,120
1165326077,793677843,860848864,680165247,1206999751,-825503437,1554358390,-1473482161,-2060743387,121
-171340562,1119453223,308438394,60521103,1106640873,-82173078,88948312,-614711356,1549956235,122
2074194517,983385601,1997694740,-420677440,-2049253429,-2145173268,907039322,1361342946,585360431,123
1181634919,-379822021,966241311,1970104671,28367976,866228559,1397658023,-947142719,584730625,124
-1973845597,-176709871,-1356890719,1602407467,1548122897,-1092894376,-1063700500,-1193631804,2014197967,125
1115881238,1216795433,1461589740,3107899,-2030471991,-1136099983,-2142853284,262516515,-1311733641,126
1182582754,567150034,-1706772087,1212814054,1155824204,-1313836803,-1838593777,-1999839194,-1685022537,127
-1280997841,-1553201014,-1286256377,-1881466001,-1743658063,-738308899,-1440736842,1660431871,-1417657307,128
691089606,1879174149,-2107717076,-557075727,599467110,1050841159,-1982154870,1789798505,-1819421674,129
-1250696096,1223150172,1582205007,-628057575,-1807678299,-1241366175,-1737763058,-82533701,-250111388,130
-1304109288,-1164247202,495639341,-259091568,1167255253,-1186173820,1409101041,1303363646,908778826,131
-322990668,-694084096,-677384474,258702283,-913143769,-1956016091,1415506133,-469815992,-1671060829,132
1262813771,1046497652,700465530,164986391,1980290866,-417029033,-471074804,-1977830009,1053783722,133
-2007795566,19660028,-805398827,-2080055530,589900177,1886262352,600855134,1485440174,-296483513,134
1168631059,1863606540,-1279640246,-1038174855,869922682,1649324074,374516375,913997762,-1541522404,135
1989325755,1315512053,78992006,-1443312550,1759082937,741329357,2122817193,623366118,-2061584974,136
2032103748,-1440816395,-2095375668,-471398487,1777332639,1794303063,687211592,545495409,-552114232,137
-1682847071,-1034956457,1363636047,-1467972264,525653504,-1502688425,1414739308,-437940705,269756487,138
-1874775043,-843169272,-435618498,-1224523703,-1903546107,-754954040,-1594421361,-1972778205,-1094238644,139
1967893538,-1392418061,197582654,1217384994,-1901407282,1147007599,1191601836,-208977515,737421690,140
-1601649908,661238567,-828491889,349189854,-620238172,-790092863,-526446256,-2041246943,-1681756535,141
-1884946205,-1500021691,740957475,-994906327,1853282920,1392732367,1647727563,-1530339121,1075642815,142
-698233363,-906128742,-359153710,1076099883,1113296544,1191873106,-1421208771,150538060,1039790049,143
507379408,-420511919,587780781,1423020899,-1314257011,-290044620,1525614165,1487256236,823653631,144
721536118,-1150067399,1192326986,1508744917,1667521293,-974808339,957715592,1979052959,-1207201519,145
-1909008237,1297062332,1451302000,-883918917,-106253186,1020164765,560934595,-1711634379,-2037149665,146
613181707,1441237144,468590003,2103337058,-1048858477,150879634,91597006,-1893865296,-208121286,147
11408711,480460280,190100058,-1085925740,810316771,-940306376,-192315605,-1134318540,255645747,148
-386986926,-1029372128,785396357,-1726344089,-298920397,1358888242,-1463748101,145172981,712052777,149
-98848103,417194650,771026976,2049496265,-670141371,-2131191647,-1360699806,1402724623,-1987332442,150
1006043112,1475032792,1939957785,1924593845,-588976070,-587931858,1828502987,-1569757558,-1953096171,151
1273362623,-1904699174,1080706758,1603576483,-211829677,1693439808,341358661,-668893567,881399075,152
1599236326,-1530129587,-1227521186,1150421784,313993155,-574627544,1837863054,292409430,447043559,153
-2077328948,-2029461034,955056605,-775720250,-2104944298,157160983,857116534,1281853553,-1948308684,154
2128475087,-682236820,811760483,787829327,1962001084,-1386556224,-1727610310,-499806195,-605987941,155
1126823006,2048064636,1090924481,-1706274975,-2048455461,712316117,-400075763,1116062007,-865121002,156
2122291566,917571409,-626591822,1369841811,92084699,-973138168,-1370357941,-1379198988,676929044,157
-1056789026,-963343394,-207916252,790963474,1112368111,271285551,1777479570,1163000937,-2099786303,158
1991447285,-1535236096,928360437,-234877144,-975885337,-2044162685,690279397,757232240,-1148487002,159
-1457054666,-1381135907,-1931195331,676403397,-1113209211,1952542273,98480275,2025066920,1545602458,160
-1905907276,1336788505,-166065113,-1440886112,1010122938,2095494810,-566016970,393288588,961345228,161
-1511682791,891139448,1291606597,750397689,-1037765355,-513825445,-692094800,1207797378,-460701144,162
-803907591,1144787023,-166807169,2055802920,-696677005,-1981850269,-2015109096,3065238,1726311774,163
1882421550,1479310219,348187251,1014358974,249607887,1388522991,-686175274,206266750,1752496339,164
-1398910265,-177523954,-1459094244,1921362584,387043728,-743856709,1030273181,793631747,351989787,165
-72438291,-868204582,-1838486325,1791497145,1798215293,-1111708618,-1874571884,510428373,1812586852,166
-390982669,714269346,50233876,156571315,549224784,-1186307015,-127127508,1972118596,-1582604800,167
1777003831,1177125537,-549719870,-852972049,1280461210,675203325,-350758149,811695150,280725827,168
1063039796,172087562,-1231735302,401671371,-1337415263,496361009,1111749505,-630346321,-167695617,169
-214246298,-2086588680,2140326334,-986971237,2084167386,-108350605,1014836732,-1897146731,149009834,170
1937827000,280210320,1761265584,1590501127,-1293115966,303721837,-902584346,-1269277724,-240219355,171
101550496,-368808309,-193530616,1928043823,349238681,-1717528073,-727198074,353845340,-1158732111,172
1179368899,1355710556,1903785221,-1707645773,-1192706720,-178191456,1524368559,-923455808,1239118733,173
-941159404,1739164948,-162787296,-1728489554,-604423437,-497657259,212940793,-1497881933,1778743372,174
1601595887,1942050435,-2144684438,1237047264,-541088249,299086320,1799981263,1011325856,1564907390,175
-565440249,-798297696,-1878468743,-23488471,1313952311,1516127791,1594052825,1295259434,1374359269,176
-82108912,-410530382,840964577,-1727775845,1832016976,1432519771,1080320802,592928432,2141618426,177
222416643,-959330455,292672778,-436995723,-1801403849,-2050262335,2005377438,-1092931038,-1909064734,178
322581351,1938843121,-487310106,-1283384803,439576035,-1281011114,1269753564,-821880981,1938165099,179
1966157875,102192924,-314505657,1977024928,264551627,1857696028,820085725,915091876,534922991,180
-2076360644,-363908475,-1721173686,634727571,2115734738,-1742701166,-590676735,1134901026,-161063462,181
-1590673415,-1250527502,-1327193215,1345087583,-687138285,-1052652664,1755040012,-169446210,-633261160,182
-124276349,2010824296,-1681395002,-1200685634,1056446884,-849879516,-794565560,1541267444,334846489,183
284061304,-787618922,850778018,-1184054720,792386190,217216762,524452156,-1827216293,1072385932,184
-1023407100,-67838650,1050515655,-1907832329,-2007349667,-497511401,-765402967,-1921372878,113699207,185
208898298,1578026671,1358811784,-193327535,1019981905,589425355,-539965424,347747927,1744843894,186
-1420737623,-1843834289,-1118072995,-2123659281,967956692,-1253472908,1241192400,1477571264,-488063753,187
-812736348,1406289237,380942348,616701006,-443379384,1019226449,975431513,1699269200,1182420092,188
-166317861,-26242774,-1475294797,-861826166,-693834382,-950940888,493161455,-1704103605,191355779,189
-168375505,1415707056,-1927040830,-584748563,352743977,723269965,1799241874,1744011718,-512889212,190
-443221690,1674104891,889846118,-358381934,1278355519,-1964291179,129150380,-1177524975,-1911468192,191
1605012662,901554856,1685229057,-762436694,-787654581,-1415668121,722030900,-407509773,-1314698693,192
-1379113187,-259410343,-641752699,-1643331170,552675112,848137512,2022247596,1159269145,-993469843,193
-1471741105,-635099159,-1046497034,-1857477730,-1444682337,-1831854433,1088371032,-2094765130,-290120371,194
549625808,-1147852421,806280322,-14522643,-1059830940,-1849482910,-15929569,1579071609,-1071908287,195
-535790785,1690915839,-2114627379,-56733878,-127560975,-806783763,-867910219,1139481087,-647521560,196
-175575929,-1408874316,1413881200,-910896483,-1392842358,1935173063,-867367523,243308350,1267829584,197
1568517855,293447,-2082155132,1827981533,-947032212,-691412578,-1098718526,1160449171,1771143516,198
-1086302988,-841900881,718473984,1630438401,1281327431,-1455780466,-214155205,-980431464,906936860,199
-1324434981,405006030,-1481005418,1648160491,1130122019,1662792017,-822855304,2046133231,1989241475,200
-376986310,-1721646245,-921004796,-65758963,1285467514,1641593392,1062461134,-1440083326,-1350735513,201
598441268,-400520243,1382610060,-1613800465,48307631,-994496501,-2066165742,-177867905,1730349880,202
425679496,-1950517720,-840095463,-1712480892,-486191762,-360720831,-580234566,139096978,1583291279,203
1672239981,1177671408,886279119,-1611205281,-278550587,195687910,-607365312,-646361579,226247198,204
659748637,699961282,1083497122,787796497,2011534125,-599022459,1345179295,-680853643,2070079326,205
-501007456,1278900219,-1091629149,722400473,1080652999,-2050475746,-589915078,1193174549,-403231589,206
-1137446911,-809574623,-304229794,-998037498,1051366005,2053983737,-1932230149,-116096791,406010981,207
-307430256,-507466492,1042980346,-718189655,325758199,-1669425529,825437035,-800183045,-990896116,208
1703017032,891611179,1033389803,-87188297,54548893,1710450355,1107906854,-1169948351,922324815,209
211067228,1904332688,-461094455,205264823,-1015512269,566652466,1590418203,-304083970,1302240646,210
-808383413,1671657003,1913928014,165850869,-794215908,-1141183924,-1180252219,2117571855,-1081409753,211
985255552,1711817045,2047545026,-567187459,-908930715,-953044822,618935795,1059648448,2043546832,212
-1052745570,870449410,-1100540747,-1836146157,425739567,-1679233845,595432815,941487044,308387221,213
-190142636,-2081068779,1086457145,-1476262130,489725353,1394646024,-1891078039,-856136293,-1704209616,214
-409468070,-230289293,-1161154156,998360180,2031212944,1995943821,-1669341942,1732328737,-529949787,215
2135652190,-1603880830,38426490,1400667364,-1454015141,-2130448543,-1132222068,1190997944,524526328,216
-259801309,1187807285,-633463861,1274400133,-1887483410,-1085843856,-1636941410,357060172,-82438016,217
810660902,-98296204,1361445139,430751438,2054057359,-312042813,1422098820,1594918934,308007873,218
-1656617826,1040102899,368816579,-1882741078,-1633036809,-1122348651,569007707,-758895263,816385267,219
1096809128,1873768099,1210159500,-1252185242,609873738,2024896270,552818946,624352285,1365051271,220
-54382220,-1927725262,486454561,255794888,-1603364502,-1839418453,-1299077435,-754096750,896111903,221
-1309655150,540093891,-1007533197,-699756341,202985496,-652850158,2114811425,-2017820899,-2067805947,222
-483289718,1415423628,-2011341463,1356529143,-218205159,1621761274,-1323066406,-588479591,254552086,223
-209219461,1461751985,1039985184,-1486379596,913766400,-890842843,-659058777,-1160454975,-1825113906,224
1013893262,-822039230,-387027345,-722754497,1001664996,2013978692,500908338,74582208,343622174,225
1210066688,909253939,-311801055,-1814966861,-926948300,786258384,-1222956051,1037836426,1982517476,226
1483565176,-1267032460,1455594781,1275560994,1415395826,394595604,-582012932,1836410722,-1353503745,227
129188715,-2032274816,1160452734,1403918987,-1075242307,1691888346,-782768676,1120532233,729049741,228
-804674661,-1881815854,-556688409,-1887674853,-869855821,-262325311,1789103347,167607243,1074508207,229
-966191831,720282687,1893783967,-2134775950,-1176442982,-1965691244,1786066491,-1785635359,-301904508,230
-126052474,-1185298926,-515662633,2080522481,175843561,-439657054,-1400673620,1343063319,1437006190,231
-564736117,2074861961,1519719342,1934526901,-2083853049,1127090364,-304584025,74539041,-1921210289,232
-555572098,2005732053,-24881421,-536199273,1234472195,-284669317,688728935,-374975761,828066824,233
1616423713,-1058768373,1741345202,1676606343,-1434170977,-1015023208,-179061931,1650001292,-1018882261,234
1634466319,1255495733,-982123746,-883602839,-2105333221,856670005,-2205556,-1829375322,367518001,235
1688164207,437040251,1103662252,2033507436,-610831555,-1821280484,-344570044,930997134,-907104270,236
-730183106,-880084611,-838697819,1345671845,1157753870,-556897371,2019617854,-1749174955,276973746,237
-1662020222,-940913122,-382508280,-837642264,-1376251903,1968899824,-229323869,416207478,1310397001,238
1285629183,1954973671,1369781603,-1166369756,-1359351484,1239753303,-1089163270,2014713296,1944373434,239
-1503917268,-854157509,1977643902,1892332843,-792933292,965729375,-1356056032,-1776470352,-129254582,240
1177378699,-833695170,1859270526,903717961,-1057357972,-310318230,1387266215,-371111306,757692777,241
10454162,941543963,1157283613,-683061437,-788424802,2045310896,1076443173,110517714,839569065,242
-1237568382,-629245482,678661607,-1203485760,-2056812723,-2143039621,1310305436,1387962996,-689224817,243
-1505037109,1654053627,415982073,1926644061,689579393,577145578,1660507631,-734309800,974925249,244
1265708079,-1136254123,-1726747407,93947823,689882583,1073215874,196213232,122046487,-1564697265,245
-2094037589,309681703,2011631197,1791224300,1787511307,-655136732,536882653,1915292689,985245518,246
-1352336291,-1401418969,-1868702183,-321560927,2007950617,-2019362377,1532309732,-964546068,1558941133,247
741483808,-1055850001,262646101,-123374744,-778402960,-2114924869,-1274770592,-2079594312,-231132528,248
256222522,-1348400555,110238808,941622926,-1811958111,319899451,1211150347,-105334970,772384229,249
-305471408,-357359145,1337445513,2137658835,1080669298,132626189,-1249656871,1305783554,-1843052397,250
-1884607664,-221639958,405639479,1769991929,-449287096,1121522945,107647512,1913386959,3484965,251
-401888041,1592154721,-267368633,-1047388198,688716305,-1549313752,-937181419,-1371533664,-1843995446,252
2054974731,323323743,-383349985,1995680514,-915931795,-267431717,1135059361,2029501327,374470709,253
-1116948871,1407754987,-113562427,-1319403219,1314784685,1721828514,164418348,1346164000,-52696580,254
-857546211,155223464,-1416356289,357944809,659467788,-1699409382,1176230871,1824888005,264082965,255
1601992843,1238746223,-1857638421,1909000485,1386529950,-411550381,1469426539,314302111,-981374150,256
-1718650613,-411783937,-684186644,-1829450383,13048853,341362837,-166777280,1253497761,-536584358,257
-1721763628,-1809436877,-1141703342,1592305785,-2129329231,-1291970183,-729352654,-114361601,-1767300425,258
1762808973,461384618,-163465169,-687926935,-1748838099,2126278894,296221435,1728972987,95426699,259
447182348,-2133627352,1187908310,1558889042,-1748355328,-2107226964,-1838771588,-44853542,615656019,260
1388587665,822802448,1296870216,1458571854,-526215059,-482097493,-1325059849,1135947640,564470909,261
-1784677247,-432052454,-440431364,-1904956501,-664466312,-1681056013,-578360623,1016770989,-1407060285,262
748635321,12265941,-2088604428,617657759,536664032,-1202765532,1506833628,-874673692,-1201824069,263
1944379454,1995782299,1872039374,-871800631,-259619924,-38555025,-898375001,-2055983576,-448067690,264
587659551,1574146238,995478235,580604527,2093818705,-168004359,492529558,-1001444218,-1443514765,265
2031539024,-875955546,-1529285624,-400498387,-2074502268,606032354,-641968538,-934996553,-752725608,266
2095713498,-321821297,-663634176,-190100516,758509987,-244358142,1537097770,-1457555608,-604178446,267
951653087,1221177803,-341462646,1365786550,1897518788,-333158774,-1960036654,-393950534,1876734088,268
-738332340,-704468092,-954703002,-601233132,1843584261,-877761229,-178789612,606194180,1301890410,269
-326975507,-449458380,-740297146,2110736318,-1028606163,496665271,-1897247575,-1113448151,-1519099410,270
689281318,1173456750,1909034325,-852525367,-1427602534,1737502150,-1322708286,347038923,-1941819998,271
295251492,1983788358,311865485,755558020,-1520659497,1883454198,-1677079313,221101548,-517667749,272
289165373,-559355360,-436240722,-1638513672,311914431,228791579,-2021853497,1871243324,-704628992,273
-1472197015,133514341,941838438,-1930837550,-1053539916,-1823143123,87602605,-1145175831,-1737505684,274
-1561952614,2007961670,1432557052,454986101,-845753045,-679514454,-1101557872,1041896119,-2055717609,275
-110953324,-1055935369,1766154167,580490215,-1320255139,106706235,1807868772,-1599491575,1000762980,276
-1967067383,-1976291593,1668976882,833394310,1398419507,-894425751,1220606909,-1908036902,-802530315,277
1120205151,164388746,-1548772135,1959247513,914550949,948501683,-1973883663,-1285107075,-1333520400,278
220371756,-1887198543,-287035382,2093759750,-2063398185,1554000542,-1594828938,926225596,-1987680616,279
2135288330,-241358885,-112870264,-886296186,1831350123,-1667448770,1080288165,-1505535622,-1194157476,280
1091872822,-1429978953,-1914579540,-1915290817,-767787632,-144797912,-434250972,-1078591728,314861220,281
429407137,-757239526,933624933,-1126762720,408051115,1365610210,-155778545,-1612846829,-825878057,282
1434273014,1333513242,422208514,-719591334,-1404854238,723277849,-1323185363,338557753,-911150456,283
1340921464,-1188896850,527715931,-1614290353,-1411624019,-1759049190,1047893008,1356271357,-114046583,284
-451934035,245706471,-464433624,-773732157,1496246398,1240402386,-1206353928,233925018,1554368525,285
277176908,-2081328968,1738381873,-175188315,-1845454220,-386227666,1898886986,-416270605,1607113943,286
1298970402,-59068558,2066561805,1380760138,-1859527318,-1840468802,-339395950,1835801150,-97280377,287
-1873794248,1702920610,-2002407127,-1676162137,-1696723087,-1307632393,-231923693,1129702117,622845491,288
-328365294,1693916847,1195908397,2063979743,100858265,-1503016980,513942191,875346544,-1530756540,289
1513195672,1910742041,1136690985,125112420,1102668798,1274667935,-1269581852,-1313414955,1614155494,290
1948134454,-542742298,660657118,-786150833,-2096454054,1389206613,-1818298300,213459258,1037235877,291
-176471835,670376711,-1470855639,268555741,636035306,994801708,-1006388053,594755081,-1334580417,292
1621156292,205678401,1256570232,-1168414031,-2105532591,-1165404625,533392128,123455478,-388362896,293
1169135652,-802512146,1307380303,754286037,1489465325,1806250620,-707498450,2138816075,-279112076,294
-1472609168,-909509568,-1327542285,-992125282,1916552452,1903846202,-792922292,511347123,1041809091,295
16414167,560046912,-391742757,-1905851028,-1749351169,823618204,1267401750,428760571,1566660685,296
-1886307834,587099904,273938251,1427745932,1517997948,-1244316465,777395209,-1938989218,-174794623,297
1610469248,535131651,299342921,-1895954656,-1043404616,742835208,-540507465,-687043013,195395663,298
-882750260,1397756932,-1368102659,-2141113458,1606811446,1507412902,-1355690781,-1787728698,429554802,299
1239903857,-114718376,-1731892988,837236971,595040434,2907489,1666494041,-1389676302,-480025036,300
431253809,1021052995,-1950844014,204760712,-1478429113,-294930865,1445657608,1253486146,392120006,301
-940056951,778779941,1178584120,-855746560,-1769203867,-267016552,587301940,-330621871,257064015,302
845611210,676598481,-390546183,809343424,1420993876,-1138018412,1275159887,-1042375821,579595791,303
-2146253610,-2053243803,-527859605,863681006,1907646139,-1381668795,1474499751,1156048390,2018630968,304
946195784,-1451658327,-1844997393,1237730004,-1547728393,741846578,-1052548276,1720354730,-1699514506,305
-1483887516,1048767454,1802569826,-1090568819,333436709,245312504,1675601205,1662211512,-189518416,306
1303426214,-1693118968,-1248907182,1834762685,-243863268,-160028674,462960670,-371118084,-1761596658,307
-159941837,1275090941,459835150,-1357340192,1535345328,-142621576,-913843468,-145868236,1164307007,308
1789214910,-1116384923,1623362113,1927672134,-626050774,2028376314,859150265,-2130511617,-167698532,309
632709139,-2074586099,-675489205,177727207,582085171,945414339,1957267913,-1869808633,2122933618,310
1363593382,1581519911,-1192121202,-2080572537,1101485611,-1125779950,-904370785,235608542,-1122243392,311
56309230,1581227834,620428938,1851532220,681260848,1656876891,-12865868,317353169,-1990571809,312
1407559877,1515077329,-1945674242,500526548,-784988691,991013202,454302765,-398031138,-1932872587,313
-2140679036,1573229674,-286963262,-2080715023,1439124253,-1544566416,-1379847594,-599790484,1679749341,314
43980892,1252613578,147961655,-630811336,458106452,-1241000133,1090747283,-1858895976,1278541761,315
-1340476568,-552981989,473927825,401108587,-1597766513,-1123487262,-731777799,-1444439535,-1427968766,316
1808331253,1538136529,-1072721263,-1305427113,-1622708380,-1993029033,-587686236,63760185,1159520287,317
-640975169,268036119,-1322256598,1217737401,-85295186,-1129589396,-1330002059,-629681920,-1217991436,318
-1632400894,-761346927,-2020512933,-1898219727,433912244,-60417451,-1315433492,-389140109,-706696095,319
-1753708909,1203588512,-1352275983,1299007515,-1220389062,-855433690,-365000771,1747875607,1582258082,320
1338448821,1415865702,1525898360,-1642741315,1336672467,-1566084442,890042780,-2050500812,-1298056202,321
1782895709,-433909152,-700737202,-1105912330,-1726711771,-951399851,-181257348,812313736,-1004173402,322
853862089,-722899340,77811673,-154974163,1521820880,1407731078,1866191033,1364505038,-108089654,323
-1291697400,-1917578463,228762190,5395476,1573112528,-1262489744,574459393,-285293750,1131901479,324
2127611550,1676493953,-237455832,-1244124226,388100509,-120510987,99704754,-867698314,1544109985,325
1254708104,-777717111,-1805845773,1583799801,854297354,-1451241721,154456364,171028228,-2106092763,326
1269414372,-341223445,1476402988,-1816438934,-1037825900,-2088678377,-1178822465,1250325864,-423612246,327
1856538629,-1407909640,1112318893,-1574350074,1105706470,437402738,-1023390267,-431644117,-406495834,328
-296161226,1378424307,322174337,-228260384,196457775,1829702273,409742248,-1045494489,-406490180,329
2031317599,2047343141,627040745,-994343356,1114455609,-461996934,690800589,-943412913,-2047770993,330
1769200120,988107366,-1526164381,729599403,-1929124446,-1296191871,-1488715814,-969482348,-1185223976,331
-914213595,-179645744,531912506,-692397176,-1060402836,-1998334202,1427214465,-38818538,-982941260,332
-725528319,-1645057110,-1686932901,-1046717579,912115968,-234626358,-1881143391,1095733594,-430300359,333
729602295,288592015,-1657297469,-573925769,671522568,-1267347255,943682954,1706079740,372358594,334
-174704328,328697687,-2103791924,-2036084663,-812342110,-375004991,-993918376,1389474247,-1104396072,335
-1836824917,-1080065080,-766012180,2090887289,838997160,1753148390,-624138666,-2129039298,-485287576,336
-671994996,1256270407,-1026642994,1889632019,-1683303168,1610482632,2119217082,-340232950,-503833082,337
-1354218907,-120174265,-590695337,-436151003,2088596033,-546535688,1335194313,-202557049,674025343,338
-1036435894,-1375146386,1863429661,-649589383,1476833901,197289952,-401843950,69399209,541865861,339
-465058717,-493014527,417682542,-1646702547,1411813154,-1423787388,-274586671,809590802,1700274835,340
-1278933085,-1230166638,-1695687975,-1005689608,1520807819,-1749024536,729399901,1120707814,365265401,341
472092367,-215183107,-1077966727,-1182269269,181340225,-1326116210,1660457994,-69503693,-1181607148,342
-1271204590,-1005870435,1291995713,2057695514,-830887619,1119516126,623566417,-1735834357,-804993634,343
-332453105,-1269872798,-2066226473,-194349232,-1798336978,-1424926285,-269576794,785497901,-100749061,344
-741011721,768091607,-805703025,-1443612349,887127309,-1751706064,-1337101892,1850312541,778958354,345
-827350880,-1553747192,1138444017,412098283,1109663138,573223860,1739886004,1317272157,-1793551544,346
-594859740,-1609322929,-266951455,-1625527913,-2093426294,1675805293,953354582,1094132217,825464473,347
-323288797,-498862983,647123778,-399480395,-555572730,-1653283609,2142588050,-2140577210,741392629,348
-1770413251,1245988905,500365803,1351391006,1254121226,901378555,-1650532947,398247730,-1241589515,349
-1398287240,-457736849,-918880899,-1549542552,-385427998,458240247,359294276,-1630169690,-1446656732,350
1398799218,-118496768,-215115403,852459214,594554536,-2002055648,-332711526,-251981635,2120645261,351
-532993239,41609941,1744049011,-1037000244,1885317930,103525192,1645884495,1534709814,1994228881,352
224244863,440204222,156045511,-812917898,752340371,-1651588419,276455983,202740558,1596744689,353
729712159,-740058582,279028100,-1071812406,1037134054,-304928606,-1168925588,228881609,1771519606,354
569331747,-1247221941,-295784533,1310453555,786121194,636016613,1382680365,878308161,-1692970903,355
578758431,-324835236,722706530,-1753290112,-201032585,1015716422,1315077825,999902077,-115024983,356
1799892695,-45555184,429452216,564334281,389807287,442012256,2065049879,-1971759109,523567128,357
1750729524,-1068698153,728779377,-566696125,-1529664170,-839925603,-752597249,-1550716967,-46776399,358
62892856,346105452,918104033,-1532505397,276444933,1798337786,2124542218,-1790800610,413918126,359
-2049431504,-739291,-1791051666,299537321,339202086,-518666668,735518549,-1551864079,2145270907,360
1772650861,-605239217,-727829483,-1251770235,1926124409,-756811778,1514609212,1328558382,-1493494388,361
1622443528,-1130176739,-493036633,988319156,140410521,-971345592,-870884052,-1470753803,1967071835,362
-2035325975,-472131776,590865789,-224027832,-361573010,559101878,621419605,1450641942,-1309352999,363
1941782456,695098040,810558218,-725669829,-842682504,-1575879500,908640933,-400232750,-2059773302,364
1609989543,1563187425,598170777,792003266,-1306473857,1697981670,1676109296,-76104237,1502361294,365
-294530001,1570062994,1058297577,-550372252,1308115610,1027938000,1201706405,458352211,-2112103240,366
-914860811,-1750481411,1738114763,717468322,-736862490,-1133823609,-1941259783,-1879679587,958810921,367
54499277,-589835727,420520312,-1321791150,-155284466,-919394398,-10405421,1544418955,1578462667,368
1193043361,1747751722,1785162854,293043719,-766353800,-388009393,488501253,-1961277615,1668574471,369
-475815972,-1450542435,-806499185,-221750721,-593802249,-781678040,-233342793,-2084293087,1100776823,370
-157257307,1135686325,-1741725677,-1857376411,-1557432262,24887517,1218470776,684867558,2116432507,371
-2033253072,1702598074,622247507,-1094776577,615281397,-1208743070,-2032397771,-439010075,51228886,372
-1857704288,1315572908,-468312496,772801253,-773703349,-643287555,656582139,1887991689,895926796,373
545197048,1220796072,1777016992,-1841150659,-1080532728,-54142014,728964004,-511239258,-1664371922,374
-1243730555,-675745156,-372403746,-93084429,1716644511,636723419,-716773644,-917667896,-548275075,375
-2041059064,-494646577,526280520,-1488632874,1565520109,-1859851167,-2118102688,-959572433,712082252,376
-1925974721,-884399238,660383119,-254083667,-1084322283,2126841672,706345928,1878670460,15711755,377
1820128571,-1267301448,-626600243,1035019632,1672351952,-1921497092,1471428359,-1458106660,-991942272,378
1652826819,520273780,946681251,-1455929151,-409854953,1630909506,-649967480,-1299953452,2070810279,379
-1246420835,1309308052,1209331941,2089814164,868610638,1620869645,-2142157974,802927511,668015809,380
1059099424,-1712303341,991485265,-1316770903,2062045812,1941404753,-1607667702,213740671,-135694701,381
-561671332,784259265,-1214299450,1990666452,410487248,-1877961785,-1186836148,-922534310,-42578870,382
743570813,-147210316,1479993355,-652871976,369501102,-1681750923,1602288573,1946237762,954144455,383
731192241,-1372883786,-1485219486,-430199010,-19079211,77906896,-1602858381,1541352297,429066438,384
-350707426,1085738319,-1055495016,657561503,499820751,-567851905,1588408099,158569430,-1143795118,385
2064429275,365401671,626080247,-495477844,-557915126,1322818963,-1490630742,1608644440,9875613,386
-431365598,377754474,1417407340,-1155485887,-912506198,1083436188,1937504315,1624547283,-1375960970,387
-2052042668,1664351635,-1358346074,-1408102561,1977395729,1618103221,583638394,1702401159,-888566688,388
-1160983856,1352022940,1245363767,1764156358,1391363121,2050701343,-796145190,-1924533651,1895967236,389
-751121939,525102327,2073855379,-1670303285,-237079479,1518428848,-862397510,-1780187270,-1474100931,390
840857475,194449051,618900096,-1727952469,1970707986,-1120634065,10753536,-599362522,-866243544,391
-245462309,-1244116858,429178097,353612462,-191446605,-1673004764,2031220699,-2041904120,1961557062,392
-1361612473,1780446111,488189700,791563163,-43308548,55167162,-546841611,532970875,808630039,393
-998587809,1310439996,46334371,952362817,-1186423638,379218601,-373199759,1481813020,-765107496,394
-1667562172,2071128034,-1033575499,1026599584,-276880039,-605716854,303281099,-81851023,359917972,395
-845029326,1742913274,-1885543145,1960451181,1157622839,550027304,974142969,1934896886,-1838715647,396
1330212199,-2094020445,-345430692,-56869653,725923202,1338995114,583716054,300361497,1527306414,397
-782898306,-972333345,1421914589,-25475823,-796610528,1912210762,-1463310898,1748228080,-1346387138,398
-266998226,-670823953,209109415,1227796363,-228002956,-1236181381,2104951913,442943857,-583719748,399
1631825658,-1681749864,-530169201,-232693445,-2116907937,435667304,1738367317,649254719,1125087941,400
-646553182,2038447332,1873695706,1238055014,-257988408,530099589,-27557589,1775802630,1265040161,401
1907206412,699546428,633151158,1448391843,2070650762,2143092432,1327828411,114242994,-1598046365,402
-274159956,1594865057,1247269943,876937002,-2117259446,-1080578815,240493427,-1460654539,1506664554,403
2003665162,-1334951963,1018877743,990801805,582194787,-1474346521,-59670270,1352479185,2072586507,404
592251868,-1104981591,-1964582606,-594176134,-990102772,-288568325,25417820,-1888614669,441772821,405
-431407192,1189577450,1628185827,1252581340,-1539261739,-1264877357,-1502956517,774990172,252850716,406
1130871978,1174289625,1729478280,136851217,229754490,1967799514,-1855799223,1089748701,-1034231302,407
228807714,1192197559,40694507,1466091399,-2125312366,1322782260,619245246,684380242,-1133443885,408
1738185131,-69958368,827361170,556540400,1423588388,-774169571,-1663586214,1343614847,2102732048,409
-72953336,148374002,2086171738,-1908647884,-1113504036,-477060246,-1426668886,-1264592681,237740586,410
-244568729,690983222,914556998,-1795332867,-1043291022,253254886,-1119889312,1318639392,2077440496,411
-1773129787,171657941,-1815308007,-514820957,-584343157,-1307042204,1232430906,453978331,447122950,412
-2030278725,2080750748,1780095288,2113705081,-49315772,877315950,983091016,518905699,1409098420,413
2066861029,-1718041755,343881014,-539257840,1198150221,239391667,-1316034730,1085990192,930978235,414
-1633720101,-976544189,1838476461,218690960,2088763078,1198536886,-2147098121,-1422010143,-922781961,415
1246195442,-1380635888,-1303808698,1612386853,-1137541166,-1908807127,1682751037,-1285248521,-597018358,416
-307776950,1276657502,397807157,1372625563,-1812379181,1463809728,-551193079,815070122,651541154,417
-1050257781,-1589252346,1642510110,-1861091611,-1051466906,-670555298,1812505333,-1427195966,-1466317741,418
127108151,-863117305,1987786540,1419380894,-1454787101,-980787371,307958474,313570465,1257679273,419
2121595585,-1476228481,-645445920,1384610721,1728244794,-592658759,588948665,237873366,-176270602,420
-376586868,1747430035,-829878105,-833462309,976685403,-1116396346,1816618239,-437261123,-366958860,421
1612425459,332425607,419710058,771757352,376514263,-856193799,-938569352,-1229744082,275299887,422
1971537564,714615328,-157525361,2064688010,354723359,-1741249660,1658971835,-1726098863,-1009970477,423
630084393,149730654,2124697173,606475730,-1062707967,-2014692601,-427850790,-642698159,-1418502627,424
-1392393420,309113911,669572386,-1950454881,-2098405067,991107032,1240747405,-2020795539,390189351,425
-2088386985,-1447905014,-2129371803,1702374399,-537288230,1273655389,-123361174,1556843035,1050051023,426
567163839,-1383150155,-1276459511,1254211650,1336604681,-1513198214,939336466,-5318861,-1037700022,427
-1716608506,216031917,614377658,165958824,-1882792890,973914028,-1383292670,429973202,984431428,428
-635783180,840108385,179728728,-372034809,-802258806,1970689105,1328183970,-798626597,294035295,429
-1909982487,-216749187,-1821962045,1683552083,1099722909,-1347070354,-929791786,-657410380,-1113216615,430
-992920522,-1499140572,1298153051,-701198713,-1822930554,-402466347,-1307845175,1379805183,1193189419,431
487097900,693140607,557724364,181396118,1548822461,2134113678,1119162895,-820472048,958709007,432
-1355289204,8662255,-557899854,-640832334,-509872824,-104901329,-195880852,1940427516,-1200132075,433
935975247,-1837238737,1949072532,-1782719468,1084307232,-877927404,2010770626,-1500883687,1486317634,434
1028098767,-1135966122,-1394105854,-1835828127,896475850,1962898907,-1387946697,379157353,-921693908,435
1034927763,-114767065,-1580157730,-5719568,271406501,-178855291,-358050973,-1713397007,-1030880584,436
-1442581221,787051299,2031070218,-143350787,-1449985302,1804033706,1181110185,277135047,1036634044,437
-616726294,583094693,-118850601,153389244,144372027,1604618062,-2020823037,-921546235,-1530356760,438
-671081832,1500484888,-150990353,926781346,1688958372,48045772,-728715102,-452555779,1317281393,439
-82656891,-729634163,-2029400809,-1727635862,573709751,1874443841,-1433437583,-752549381,1822656346,440
1987031099,-438287978,-2110616074,394646496,576770735,-1633710288,259088350,611449648,-1009642422,441
1715956240,-966777536,2084668909,-1603179615,1198036631,525213231,-705609757,-1710905939,1065774275,442
-1734804074,1170421798,-1133670213,1647863552,1882159885,-82730497,-1070854038,-1083338908,-779348135,443
520550966,-2065885321,1213166042,1260786966,-1099473054,1506555025,-2138376738,-984609018,-628819332,444
919177996,292178374,1942778949,1919413338,1249832583,1177153052,-849848773,119740026,650250024,445
819706655,1865712920,-1904576784,-1654282247,-1294995679,-1540366973,291523072,1117169362,-498279523,446
-86741744,-1460496081,1408986925,-898693165,1058992512,1466455704,1583835320,337125925,1618587893,447
-1545666508,986974584,484253727,1977899353,-513778368,-1682599757,-1808941399,-1319501981,-444249297,448
-1993197069,-1402480922,674234647,1934749826,-1717515955,-122671166,-1526965053,799407335,1462443903,449
-1311474111,-1023676502,104361035,-1398891202,-261440542,1149549622,-846480613,1979888015,-2020085793,450
773633198,-1675308097,-2093441926,894633407,-614397222,478285177,-1086235365,-812634601,879614463,451
-1020921198,869226419,-1634915934,-1162371070,-377822912,1529855103,1073633352,-912629338,1308005535,452
-431772687,-1619465075,-645048915,1923801019,-983166689,-1880327460,-1627087172,1243770178,-446007052,453
-350492770,-1557351682,1444895084,-1811416792,1089532099,-728015570,-1461888324,-1213309039,-1271748939,454
-1725858372,1562400439,-2019967371,-1649099408,565738028,1015020206,665572409,-938437572,-656999162,455
-295359148,-2126257455,-1115803441,86165531,1829239049,1760579077,-261212951,-1045239908,1758785901,456
-518340831,-1236009972,-1377541119,959961166,-1588662677,-1177855080,1318779035,837174867,-1031642594,457
-118974811,896581339,1763726915,86879046,-1996589305,450643114,-326062772,-115892243,509677951,458
1447779018,1469751093,558092566,-1250176048,1373094302,-1120839089,-559206628,1866534365,1106054147,459
-1109118669,-136815630,-1358346749,77309756,-1127768159,-1348165902,961282474,2108215638,1575001744,460
-1665043904,-159474010,1533290312,-1949357195,-549217083,1341928636,-657031368,2096239265,-946913891,461
-1715505861,-1567780280,-633662367,-570347775,272551134,1159456671,2023787726,-1801720667,-1924761599,462
-801254925,1547504854,-233034401,1954650432,172844508,569035189,2026533604,484855799,1062138124,463
-1266146913,666432863,-224293403,-1185893096,1212670850,2096608893,1677485882,609871353,-731826188,464
957633867,1440097411,1793308093,1657850536,670124352,944032779,-410858943,1140207388,1537457612,465
417899949,-1748802350,601572352,-818515752,-1747865750,-482423628,1204493218,-1919646720,-1180181143,466
631227715,-1706769644,-1506240580,-35451709,318388855,-1299513616,-1097990661,1885971294,1086889411,467
-1552499991,-640462707,-1069412002,1279462451,-1052865808,656146872,270564323,1055392593,-1319974598,468
-316915926,-636154283,-682711435,-1883153243,1456630533,1861802811,-1621019703,1009656270,979698011,469
1884193920,303404037,271044699,1972823325,-1008403841,-673941829,698532462,1780072855,167646892,470
-1385298945,-339921101,721697636,424122961,-1285594297,-2135795803,-540395141,1256923311,1206675809,471
440526835,851925993,535541244,2092703414,1672797171,1404798629,-2034874799,-1425941376,1478100120,472
1439720341,1084030352,125510689,-2091288940,-299829800,-1677221424,-294477853,-764220996,-2069512390,473
-18511995,-1757394835,1687707506,271927622,21683770,-1697668751,-1533646545,423862489,-286573540,474
1720861912,1839953255,-1723073374,1912433517,1592342549,1991905851,554571701,-199733691,-1688932856,475
-2053082335,1375377644,96189083,1174853790,-1289646506,-1424836703,-2123825637,-2129499970,-2116248230,476
-24477034,-753084110,149783182,-1864265234,149321667,-1874749447,533182140,-1353700591,-1059164584,477
-1825836889,1583701475,1969407796,-1070996811,897348355,-730116282,141365145,1015730804,-669442601,478
-981147581,1302037625,-727593186,-2113905493,1072298119,-1734074979,-146481472,-464470885,-2138410461,479
-407823689,207454598,-2010641855,-533805352,861060811,2111444620,852235845,-217487674,594056498,480
-440797541,1064252823,228077870,-1208879460,-1099665553,-1298198933,-1050962419,787997846,1064053511,481
821845421,-651914495,-854373644,1813867778,1300640451,756830484,1734794581,881241888,1568695905,482
-110838118,2116465792,-1335708210,-560171733,1135089516,1499239670,-1591872724,-1471265149,1943909938,483
-1695219381,183388553,-443550609,9621635,-1774805698,-358001,-523966966,-1264452380,1257379809,484
-245174367,1919429208,674741368,1923473900,320010462,-4205613,-1815748853,-191670685,-1162981550,485
1882667219,-1362687881,-681388918,1772421,1585383904,-1107646432,937096284,1746229452,-728008855,486
-1080322899,1632224041,-1249473524,-754562571,-1881973112,83461054,-1342420216,-72048871,1361268015,487
2005902274,-263916060,-90097620,-1782581781,-206126691,1779218928,-1646374793,-2066475388,412331278,488
-1446612585,1947802142,100965418,-737816194,-1314424895,1210283165,-1315848361,-143159605,-2012646171,489
1150237597,1610922050,-18048756,1578649742,-1550840741,-657275622,1006470285,-418271807,504774682,490
-1780213266,-822335977,-1143205028,1603945832,-535911924,-769591602,977863140,1729628018,-1441199853,491
-865544078,850272508,1076129893,-1474886476,1450742657,-239600206,-622494815,415663501,-1580847607,492
1328264340,1859554600,-745763504,-1814128685,-890128906,1559103546,2027142432,-1963083971,-1684331920,493
317926245,1698543666,1993895724,435606919,507944182,1967467047,-576166896,-648222766,1155320888,494
-618484918,474879531,-1495358612,-615367340,100384318,-1233653449,-691520464,876221479,239108998,495
879558579,-1155661165,2091197536,254694590,317382279,-1324853246,-301362446,-332842099,1485448580,496
1973713085,1316837093,1424724914,1334857596,839896150,2082845401,1555691772,262182491,212535168,497
-306330039,-1254863970,-1419367637,-2130050262,1481197705,1948974362,-2004370713,1825482311,-76482116,498
-1175170009,1447285841,960076849,1910781441,-1271549991,-1595538845,999372191,2080073871,-769897985,499
565847036,1868593217,-840707667,226294879,-1268435205,-405629772,-2068636525,-1510306082,1083430689,500
1778345842,-865182633,-941172305,765861756,2014318490,2015491721,-1842208940,-1732489789,-2030466575,501
1260123750,-85404135,1903614346,1048317515,846802316,484195091,809516240,1985755110,-679843698,502
-338929583,1621976221,-794571547,404487075,1546565236,478647071,-467341299,-1072053242,898886020,503
1244678436,1668349493,1154765789,-1930371981,-344369875,-1186251601,1532970995,-1491134202,-489993929,504
-1008774729,-1181890172,220348045,-1962145306,-1123692915,1804986204,-1532294010,-489265172,1585142,505
-1689046994,2022301336,1718044566,337323413,-160544590,1426404745,1147763112,-1897557833,903417494,506
-2122325218,-1108384597,1807828856,697763755,1049892571,-1952866912,420653592,-1368312769,-1359917174,507
1152982208,1850356945,573769956,-1667333571,1097237564,444728102,-1200380085,-1439517250,-2004623160,508
-887970042,-2109598387,136870649,1327901558,598334750,1991684620,-658915265,1664837093,-382171558,509
-1816411063,-1179679445,-925742631,53474669,1802035125,-1568446764,-171965247,1119538541,-687602450,510
-841134361,2030482163,-64388892,726101722,-899778670,-1361843367,-1609147865,-761372265,-153267547,511
66836769,29969428,-677589901,-687786868,-955030227,-1117163829,-1228272650,1281699787,-608627884,512
1165438239,1216455895,-207706901,537746764,-514115924,-559281744,-1743084228,-739752894,1111647980,513
-137558104,775397426,789291620,656192169,857865174,272565965,406851650,-567091785,1084421437,514
1878236165,1964555352,-455578800,-776568317,-413410610,-290295682,-490553852,2054890454,1966678733,515
-668273644,-1428852584,778287078,-2047672207,-665869534,-1850503534,1241100602,-567068774,1752028037,516
580416524,-2031196749,-291714534,-1181681722,-1198396135,-1004643111,1951573364,-485025059,-2132073127,517
967455591,-147309380,1891320337,2081642001,-869475871,-1469708799,1213723806,-296169318,822375198,518
-459616677,543997736,-1754659129,1194555911,1614326922,-162642855,-1093732535,-221809165,-1171635618,519
-393244803,716411197,1237947335,853120101,-1492203323,657635768,945960971,1060690644,-1896748037,520
-23218665,509306577,1593097572,-1991537953,-1034736020,-1666257800,254425118,1332414728,28973838,521
-1633201470,1960310801,-546228196,652186983,1824773516,-1302200362,-696083121,1791667163,-2110121381,522
-643828189,-252816938,-1453313871,-280189372,-135740765,2116182485,-162968872,1744547009,1167900118,523
490061530,-1833947020,-351207937,1402159794,686430427,-1248961813,-1599856621,-688008882,-831952549,524
2043005846,-968422181,953790115,-283556893,1462750488,815407261,-1878366412,-1470922997,45905758,525
1994535397,1816097511,-1918041318,-1702455149,-748455217,676734094,1530001622,-1147752325,-2069041789,526
-2110309718,-654208415,-1622141536,1409819748,563828756,928129998,-1114574159,628413043,-1798081982,527
-467930535,-1354091196,1702906360,-1672131118,-2030304969,581258615,-776692706,641898926,1828258996,528
-1823935600,-1319311106,-792835074,515551566,646719416,-1478449226,-1532624997,-965310421,-1966079724,529
2146204969,1469171552,2021312040,1554142394,-1223052932,659738245,-1100929906,-373364527,-1929605858,530
634057202,1861849393,-1722027019,-1090820270,-1836856139,-29684793,-676187836,1809173820,194889520,531
975192891,-697117256,479969850,-1156144873,-1701189632,873464610,1565975070,-1573064433,-1965486850,532
-1008110354,-1075439260,745194311,1655846349,138808348,830190130,125186880,-226771696,230644728,533
206867658,-103243269,210117046,1747091257,280469347,2110149395,1406208061,1729582419,-1971029229,534
1083326165,-1121885513,-2081366758,-1987444622,-1120993253,1130988846,795459537,1401920947,1215696443,535
-1087143213,846950225,-301084366,361007417,-1892105618,-767497801,1571518261,-753067251,-2101971596,536
-161448926,735758842,-981585800,-26902551,2131029500,-1135593923,250919694,-234351808,2092181767,537
207838402,2026015561,1787274509,1106781345,-1965324245,220540983,123470722,-294058192,-25514752,538
1379640181,647454636,998265600,-1718798086,590801063,1974085611,-64028405,-262670403,1228755579,539
-626421939,181875495,-1066631358,-2066773187,1855522480,172220159,960934700,-749236422,985341459,540
1580556392,664557714,-430178119,559503234,-987720600,1373211987,1576310723,-1690280006,-1052429464,541
-803447192,-294724972,-618825870,1699264108,-1345729714,1215867033,1701130282,-724962265,871698201,542
1937384808,601557560,551143718,1621963477,-2136289083,-177328,-533805324,1016065713,-1335139860,543
643500970,-755678566,308088463,-736746394,-2144205561,1446189579,432854976,-503755374,2112981914,544
-1261008540,56480164,1397570754,558106686,1168039931,770090529,428874326,1557585129,1501980349,545
1506483495,1158299393,-1846145391,-660014701,-1632729515,-996799851,852958891,-2072517154,497635821,546
789260063,-767279381,-844841234,1010017802,-1225941488,258522375,783427844,-555516099,-799706312,547
-1139364931,-1363468001,-1336934244,533487403,1406747644,-1851227324,736611592,1356096196,-367026048,548
213210493,-85834845,-1854194391,1363143050,-1568981348,674451543,-1816467776,-1944028675,-1680781019,549
-1102884965,1128592660,1868322540,45230151,-436005710,363461793,553260997,1863921487,-115049028,550
702633557,434549277,-809016965,1728540303,-1925852471,-1039402541,-1194549309,-1937955465,-354378914,551
557790305,387916758,1514099335,-1297533039,799746944,585566548,878556515,-2086726672,81382920,552
136496220,214763752,1741300816,-1454893068,1291066018,-1671553993,-636237986,-33163218,2066781015,553
-814846448,35009938,615596995,209789237,-637518866,-936637252,-647884577,-1501528399,-674646521,554
-344179677,-1079595396,1337151336,593907550,9916212,-166464549,1945092849,199788553,-1731459623,555
-1574424233,-1198132327,-417363696,-1935188547,280138041,1502471254,-1815813031,-1542784311,1064901555,556
141438834,-414481144,-975720821,-248100023,1620397701,-1870656314,-1671437103,-2138262527,-1849936458,557
-2079995424,-1284193177,1328802130,1796999322,1517050406,1806966692,-1515195988,-2009235675,-52929819,558
710678588,1619532216,1151082512,-2039603455,-1233590935,-1666215118,284932188,1215325941,-843944368,559
-1032304508,1248972544,-327151574,1768756572,-272350773,630153477,-1490014340,-493087067,-2081181378,560
-1519216085,765349240,1879984381,2092519758,1063355080,1913983465,26126635,4254180,1595261144,561
-718927812,252647037,1037428919,-1428314722,1115187160,-640943326,-1090435395,652475927,281342427,562
833618644,-1960514318,-2042468977,-1273651231,737031830,-1445317625,710574521,1186276224,-461191031,563
1102492033,-1381718767,1911328508,745684301,1139484425,-724857705,-412811612,-17616237,-372324392,564
2118157465,1204204940,767090528,-1725293331,25759778,-2040764251,536828396,-1639885767,1546707664,565
790604092,879746658,-2002034348,-1389663765,728623734,-853246885,1909470898,-529135402,301790003,566
1135907317,1820527507,1688123999,-1990712187,699959419,-101859019,-481871941,-868939788,1244460942,567
644937960,-905828750,1141620222,-380477261,1406854127,679463151,-486633377,129401496,-775636911,568
37721212,1823177412,-779418478,1300826742,-2105620318,1445552473,-438267498,1071155142,-2127439167,569
1793364260,-1078666548,2115202359,-135324086,-1370195369,1045751714,-488180291,-1093847959,-1038687688,570
270368669,-511539135,-394082870,-1113673576,431667290,-1447618413,1395348249,-316851773,1766262718,571
-2110286602,704064711,-1104071786,1123991484,-1732655685,1565308443,1830533272,-1663345922,-1787027035,572
1298548418,1609091761,1042784765,1818067970,-698481017,-1021688588,-661128668,-42704147,309268525,573
-615180325,-1899052115,-999017276,-1619215488,1210620410,-1221936859,-1578753934,-1794274396,354580862,574
-1562645296,1317306178,-1068156743,2135870905,-2034893958,-1954300856,1531441554,-1326304647,-1351426643,575
-1696313641,-237050223,953713736,-1380816696,-417554399,-223250547,-1744648360,406626638,-1928682275,576
1214734418,1491966539,-2126040828,-248760216,-1364198458,-74924532,964129519,2141118672,1990750622,577
2118328637,184025095,-1472925116,1154630248,-2140600508,-249177697,431271441,-1402538564,937424325,578
1435095218,-45188152,311971367,1378830597,1477413335,403813493,1178621035,570665435,-1627864938,579
433456032,-1299872989,421169431,-1627077555,-371042099,-2091997175,534118824,-980629923,-442676322,580
642989594,741250832,1115767662,1171461305,696148724,-1381584403,-1318821592,-354276542,-139539027,581
1234669003,1566268087,823452211,1350921359,-279712722,-1315583387,-1728079686,-1470981859,-37930484,582
-1871490118,1676789038,-1106017832,-1698811988,1719604066,180776929,-1579345132,3433794,-1899721115,583
2110905802,-1054380526,90635417,-498026308,-1094856027,-2089613556,507973115,-1738299669,968996191,584
1258343542,1421910427,1468188791,640096280,162253343,2007558307,-1982972554,-1204289552,785480730,585
-478387600,-326400837,633799810,1337891161,596628914,643395901,812678873,-716862870,811791411,586
48680905,-1317936998,-1779680575,1906827908,1429064047,1883771955,1551329185,1370240610,558487193,587
1592167019,-1061727061,-1084116946,-75085694,-1381506599,2012972075,-186775454,-570774593,-1204185316,588
-599026417,446941036,-842956548,111891439,-26954302,105349217,697290856,1519753787,-436701945,589
248682732,1724401138,1033272640,1216753912,2138625394,-1710701370,-1809675009,1196766941,-1549459105,590
-827814976,-96547238,-332432939,-1484613292,-434461058,-2033131738,-1094432800,310809936,1327304126,591
1404542049,-422526203,1094732050,899201234,1357196260,1634751095,976691091,-1573253062,410688075,592
759661290,-1027402452,-1187852349,-1391137837,-2050781914,-1836135873,512271351,2062773873,-2144230704,593
1228687875,2059598186,-165530810,1970828945,1232823945,1724168460,-290510273,2089368065,-23503184,594
561481164,1868753726,1486941372,-1179636078,26229553,1773208707,1048049487,-1239005953,-465210707,595
444223210,2007580482,-1593884653,-215720174,780683486,812007664,-1019238002,930502763,-999163928,596
235496699,572129732,703672391,-1498135356,-1159419550,-1152174883,-949327554,-754671777,-1960921393,597
210797644,-755332074,1086624193,-369129749,655120183,-2067567013,1374401063,-2052858375,633431332,598
-1050788027,927803830,-1963784285,1673128667,1035935175,-210093554,1137821427,774829282,2022652621,599
813800635,-1465027762,-476548693,1052567280,-355129737,966844906,1772758327,783334996,-1475250488,600
392213877,1835343172,-1935951507,1595254302,-1172213701,-1710196824,-152568860,691343544,1859269653,601
-1245298834,-1298454173,-915463000,1352708263,-19516935,1537669748,419116579,1945539831,1383216309,602
325153407,606565433,1887263406,475225980,-2108603644,-1650957727,-128013081,-1302800066,-301856494,603
26015918,830957186,1840063860,-1493661210,-1801197408,1339030888,444795417,-961584225,-450728079,604
-303502959,2021257117,1500543933,725122336,-1779859530,-469018523,1903945447,197513928,1952474336,605
260218699,-528379607,445552779,471529103,-954621475,720456089,-982887877,1143120919,-861335253,606
-1301347598,1718838646,1242922796,-177225102,-770873021,-2062054717,-1374932763,279221451,107585602,607
2141616771,-1296875445,-1476368199,-1002044173,737155908,-1951245878,1435071188,1906636656,1228846087,608
-138662733,-1455715469,203954881,-272205166,-836509734,-551516630,1259967074,-1256733764,-1020744165,609
1911915752,1333954158,2114572939,1990956488,-1242440151,1640812541,720894141,1805555353,1282545189,610
201802983,142758099,-67003367,966418066,-405488622,-1299965375,-2133266746,1192255103,-1477850401,611
1547875970,-1649562467,-907034281,-1448934585,-828618223,1904705343,1796555352,1848452632,-1302395728,612
-1978159647,885288634,1939347928,-1039964507,-2035454250,527525712,-1663551853,1355995730,146126173,613
-1031598709,480680198,878472360,-174149163,1499654177,272446024,-632638380,281013455,-319617984,614
1452431581,493975091,259700643,1548816089,-2021383823,774208200,-509222396,1546747371,954483870,615
617716146,-733816767,-738492796,1804582212,397802937,-575740661,1484745757,-263693479,-1159427514,616
1377574788,-976764002,-1096445608,-2006823082,1118975526,1783047496,1675876037,-1044872807,-1420913952,617
-911149481,1236993271,-1952103615,189129199,-84136649,-57377787,-1652456042,-1987652391,-372464140,618
332969675,1607546752,-1758799663,-36070465,1657559541,554285344,1964710657,-142902846,-1467881484,619
-1448106777,-859364680,-1757828925,-419855006,538463531,1585559143,1310651677,617925547,164178699,620
-1864215125,-461400027,391758776,1398330975,1486936705,-629948592,-2123624648,-2076375096,1952393698,621
-1004719257,-1882500661,720228255,-916326082,-1540758875,805399616,-99864652,782547602,1058882951,622
-1992209413,365055217,-1680778050,-890279293,89427656,615293882,2025300188,-1335886181,-1406811676,623
-453611250,1688561083,-49378456,2054462786,1967534207,-962488129,-362398633,1452253760,-1948072265,624
-1292849113,-872081507,-1900218897,1216772011,1878587979,2119432030,-629108378,366023650,625603950,625
-733458991,-1873665491,1268604037,2028922584,1578308231,-1654492615,-779716733,2072700772,-18063544,626
777887876,-1861130279,-2039644899,-234970984,-1472757973,727622848,1952864687,-1574150704,951454836,627
667379536,-492728522,-1746782837,-424764096,1920380036,-1082886288,1518835879,-1479296192,1179171060,628
715714735,-302396576,1397622210,2003660320,-1886787427,-2071096451,-588340452,-1462411480,1817140828,629
-63622922,861900274,-985588407,587422896,-924019783,1498347605,-321184260,842759845,-196298054,630
-145021988,363764103,2020240727,-407883547,1334797686,1790498287,2007464849,-251920307,-1437525021,631
-817221584,665861644,417238070,-296418604,763098893,-780960257,-1585026849,1937218112,1064055724,632
-157391927,1121366191,1152064899,616220832,761712010,1523049206,-1550575401,-1934733281,1998286840,633
564736501,1898408425,-179491533,-535333955,673274713,1941552494,-931469536,2115849563,1633561918,634
595264249,1012351024,1080964237,2106512731,2098614628,989083208,-1301495325,-130968628,1684586750,635
-1777414368,1032399164,75396654,630866725,-853580690,535136807,-1629430413,1423215234,1377311519,636
84110507,804928566,561783728,1388858746,-1379535410,602865123,1943341750,1574212789,-2064551243,637
-1901097811,2093386597,-1293058219,863060961,-1352788882,223436562,-1876015764,1369084102,-487142870,638
1025849957,1882411872,-1081008402,1579493910,-860948139,-1296883744,-1643235229,-1966757035,1846304687,639
-912807547,-1837348281,907165672,1418065049,-1721255669,1556722568,499068418,1624771752,875979542,640
-1804653694,1359001686,-1153018890,-458454390,320459245,1864237515,1191090823,1875903693,189995445,641
176395262,551141896,-1699848833,-1264866872,2091256530,-2061673829,-582479279,345792879,-1625821867,642
137772590,115833195,-775019257,-726263533,1432137613,1359550177,-1742191070,-1155406941,778910801,643
-416176344,-873061664,983433135,878746071,-2008458618,-936789355,-2107662556,-856598401,-10912131,644
1988135059,1400794583,55047753,-1637775742,-1108392611,-1790308859,691245445,-704067132,-1467439257,645
1837871943,793937400,-871848880,1517875122,-325318934,1704806937,1207346878,1481076901,-487917380,646
-893539398,167932653,-1021635323,1059110873,1163799158,-2076488278,570551545,-182410378,1486549344,647
-2045776559,-890057178,1053793090,178233544,1890054147,696219744,1750714523,217311882,2026822390,648
1843824336,-90128626,1618726580,-1694471691,-123913717,1023283635,-782024931,-1967230026,419125565,649
2005758793,1834945393,1274905011,1378736317,481409739,319385238,-1625494118,160140765,1158671100,650
-675092401,-1771877411,34566222,655776601,1208050521,-1125990685,-624715161,403741497,1727257418,651
-1378978138,-791783267,777483359,370224753,-1690631558,189361790,1351782408,-1637163262,1989255109,652
921233205,1699879653,1498990391,-1962575403,-2086759575,542460377,-2091294152,-1253631424,215728321,653
1158026961,1500938155,-1099690260,-1056386435,1272999429,422609987,-390051290,1261167823,-276715955,654
-180550401,300529263,598185468,-733090946,2126655509,1050306280,206073856,-2028010981,-1659663989,655
1411439242,-89757678,-1635235443,506164478,934682180,1759752308,-1250691668,609005919,-78655367,656
435169805,-2013024969,1176733864,1161925007,2034864303,-97362919,1268842928,-140657738,2117380649,657
1946624380,843415948,348405139,-671214897,-2018978809,-875917988,-1101117141,609700666,-125420512,658
1570233717,1657808189,802143324,284036506,1291209883,1106688265,785579544,-2088974777,1673703115,659
1268077082,-1106358451,1391746806,1252659789,144110616,-1368711500,844202714,1481634030,1516014429,660
-1401179258,2099074900,429584044,1738868592,1408236203,2023793526,-1701399111,957413903,-1994940477,661
-562581578,-470252278,1492485885,1811782244,-26896910,1881304281,-398852120,-52366438,-647627377,662
-193263403,-237506695,511991584,1991858607,-1498594285,-1789494774,626181771,-1714900673,-2123821028,663
1270953866,-1504916762,832063830,837263083,-908515649,-1936696074,976693055,648950740,1342888095,664
-553447914,1570016881,-611568689,1744776286,202074310,449276335,2142449516,-305198029,-1872628628,665
-1346804692,-1855073132,1260705185,941151315,1156100652,-2033605804,-86942309,-269016551,966412360,666
-306698838,-1533878511,1841803032,387639839,821425580,125378204,1545511267,385696556,-67849758,667
-2057480470,736177746,2077995589,460477569,850791968,-347819429,1478905975,-890041458,1877224841,668
1269449054,-2141161582,-274087339,-190048964,1733224063,968676248,70547815,-531605917,-447189591,669
-36962073,2082385976,733602940,297986981,2083522763,289637805,930870241,695003154,1999359229,670
530055675,-1421593384,1567060381,-1241656832,-2028751294,-1511951401,-1599424744,-1925799598,362002654,671
963867029,-2018586250,-2083547201,-1843910897,-1694050376,379275704,1600623750,1117200556,1375295744,672
1537906960,1749213121,423492003,637242128,1067573374,-2034416830,950535379,884288418,-1971130956,673
802901723,-527852654,1433895481,1622942031,-1091905101,-1176681879,-1972944829,139509275,-132370422,674
-2107113013,-1605331187,-1359873113,1072018950,1037009414,295305780,1604958081,-2027594539,1114489212,675
-1687390649,1490316710,828784737,1179837010,-825197592,1285973326,1761113123,-1570204582,8115517,676
1303277570,1467336063,1490115470,-1374993256,496937313,1631345686,1168685867,397374124,-826485598,677
-1240508723,-160663011,1944373164,-641992566,2104207030,-549745237,903866474,-1374884747,654686001,678
292445696,2033854780,-700778408,-612731454,-179351887,388619473,-1711487921,189852856,1405616603,679
-1782725913,-2051106685,-1517967717,-40289587,-88009901,560180100,1294871948,87082206,767462863,680
1800577819,2132022725,1800571688,1773391936,-1589769342,-2075330196,1240498015,-164550151,297918084,681
-284994889,-2016177379,-254915159,-1778470805,1202317436,639738420,-1378680702,-459984807,86786894,682
-1954963376,1161678074,-621347138,1093315197,-1287512950,284879759,1757110534,-1366842122,285908243,683
-462179354,437014078,-370325303,1861881264,1286204186,-1316024755,-1272816048,-295667033,791791734,684
-233723093,396640,-566792945,-1348693780,248632540,-174069653,-1665462338,-365298200,-1174041131,685
-1147312836,-1566769925,-1451506865,1911442259,1438137752,-1409331153,301178186,690933433,1574104861,686
-113463312,-2045374839,-1614862573,-555507994,-1686282582,-1296226959,1953617095,-439428919,957335577,687
-1629288205,-1588672524,943781730,702046260,235957103,-131131721,-1417417365,-867581045,-1302835854,688
346966832,1980407237,1909344837,1635749873,-685220750,-1040028937,-119728437,1524577980,-611901862,689
-263106365,2056537982,1724524566,915225515,-1294157668,617933142,1732824995,-1826825382,1131947558,690
-489292905,499784195,1033628829,-487243508,-1838876774,-1371527606,-193226063,1219239153,-1199215379,691
1621756543,912768199,-2065407700,956034442,-643124502,928676216,-1428105755,-1044732346,560773418,692
-1451391715,529266042,266270941,-2114860436,479820158,-2063276053,-2036058759,-1407846136,-64277572,693
1891829264,-498053972,2031556559,-10479679,-1576394825,-1602281322,1181649418,-1092675033,-1916314345,694
-1019405101,-385359961,-1301013703,-2126107808,1348850289,416398671,-345597263,722273050,-1168711089,695
-525533450,-1378788712,369631131,884237264,2050760684,-1300853351,1318829664,296244351,303037167,696
-248393785,1532428048,294786639,1205599779,1516465182,1454406138,5401725,1662649794,1046534872,697
1400601208,-10109610,799378284,-808000879,-696365460,386693909,262995538,1866304344,-1875015385,698
2133148369,493704036,-1111872453,-810726203,-2107258737,1499569632,2030472402,-579962846,-590554919,699
1828141298,301780353,-396475470,-352932898,-1659945408,62370180,983240895,-711432730,1513080972,700
-1915690414,823586294,1804680720,1371236070,-229285536,-788526185,-878975957,1781378233,-80297481,701
-472730627,-1647977814,-938591440,-877434392,-1630637671,-1169309309,281634154,-1311855925,1240682747,702
1109955521,-824666348,1794523776,298189942,6344904,1888770756,-573277099,-1819486840,1196466479,703
159205738,1523276532,1658792323,-1668047384,-855668753,-132745200,-64579437,-1127942250,-951933599,704
1568657991,-2029476721,-818906771,-459299360,1082182370,-395397426,-1238355674,-1065937192,1992228452,705
-13431835,-1759337087,796088405,-948527632,533833774,-2051109699,1341940271,1098460065,1437879221,706
1756729763,-1433249463,-1286936902,715274036,-1256862942,-1082756176,-1514939130,1953666116,-1524073213,707
-2081300509,750007540,198067129,1509083496,-261687127,-352545438,172659293,-224073535,-1698025665,708
31050731,-1973354858,-1208282871,-1213399849,1339978052,-146181837,1698097147,-1524973215,238106489,709
658788981,1775637066,-162009649,1190303292,335814325,-1000585808,-646313021,-1308592245,-807058439,710
-1855086911,-1717754495,-163829683,1765484845,-122130711,780955247,-749955703,-1809121964,1169816778,711
505398623,-1014134368,-2121906653,-369338697,1958056757,2118512149,-425615528,819862132,457591474,712
-1420922471,506960765,-2033091675,212862137,-1026802581,904714694,1313762428,-1888293806,1513018058,713
587302948,174596495,1297294904,-580882061,-255714131,834716922,-1762205998,217327601,-243038476,714
-787721871,1768913239,-562746744,-1891004210,-2139253331,-2115970804,-100938000,-2097139463,1640699183,715
398409684,-1339096557,-19350285,580637104,529815989,1387364689,-122090456,-287885776,-1389287767,716
-1335104506,1350233855,414789740,473209215,-375349168,1133411943,759512324,-467331874,-1099387972,717
-164146083,-1242447725,-1049465811,1366083004,-1034628363,-524844757,948280866,703076246,-1819135324,718
751328206,-504516609,-1946790652,-635123333,-1471545971,-891939946,1541610102,-2049027459,-1916824332,719
-1738251231,-221032601,-964933046,-2067006940,-1631612197,560899780,-1095907612,-466603225,1379218622,720
-1662294719,1906681519,1339887935,-1405106487,761417684,1645883718,121748849,882704494,-1276460358,721
-525408769,-1600059048,2122319842,501289135,1561455879,1766080318,580636098,1544309627,1026243780,722
-1024588834,-232767873,-547069534,-2146279165,457695473,399413688,400967145,1374942698,939990234,723
-676710538,-1301743537,-1473514598,-1794926441,1340363116,-533888746,257260686,-1675135156,2038794476,724
-1817714225,2092542317,-1749856344,-676037614,-31506173,-467467260,806209515,-2113946864,-411803087,725
-649250539,1851879039,1479607801,-1755999596,-1338171504,-1183445604,-57958383,-804713565,218328044,726
2027052332,-1357528679,-578754727,-507088876,782160839,675310774,-1701210079,97808525,691082501,727
547313160,-1168916599,123708132,-19986539,-1269451216,-1780874028,867748998,495600245,907993645,728
-1854077823,448166429,-1397506897,824303758,-799325092,-885702325,-1021880807,-1083876312,1863235832,729
1434932254,-1183081498,1319893930,-263124547,551701068,-273855728,-1782681684,353285908,50535723,730
791182254,2090875557,1243792523,1602360930,801121056,-1894122198,-1404283830,-2066462728,1758129409,731
464906920,-828347876,44543870,-1777888757,68907714,1704315926,1266922975,911838450,-1410469196,732
1912070339,-1358899677,-280739135,-1886677482,-2095076280,-1184110959,1963774435,-1935411949,-754597087,733
904438440,-1774485405,1298364578,874770598,698683662,-1243719608,-1141098507,1977385935,805611961,734
1267509385,1885903520,89787296,964038035,-2084175323,-1115877764,-1518130675,21597349,349653220,735
860704290,330065901,-1487644126,855603679,278733063,1290030520,-1594655268,-938853496,672256710,736
-1841859703,-1192749331,-1857282828,1271365545,467117841,1297733542,-1608352297,-470117178,-100735082,737
625988095,63937707,-988948387,-978151106,-2053986199,-2132619175,-1000861884,1437657057,1692244756,738
1485967471,1038205173,917128151,-2141707695,-1938928234,-248967133,-1559305590,1581298974,564870981,739
-1166890016,489039594,-37802369,-1807954671,-971504084,1085514919,703946946,-546769394,258979713,740
-995033592,57493777,346906637,1016331069,-2069761591,1659526165,-204726654,-736919729,915628339,741
-1232913480,1182486336,-122254125,-591336326,1774234003,-658179824,1162239749,1944721244,1786678182,742
-1946764398,561982614,-2955691,-1727647244,-1635769600,109230992,1717042202,1005167393,1943001918,743
-626182558,-1145541143,-1167853365,1642679804,-316576293,-103323457,-499007132,622246052,-783074185,744
-1793062390,-301069999,651404034,1863943474,-1929536223,153308913,-1936056075,-494074396,1124557653,745
324083861,-1747256128,1952970420,993116249,563735451,-2082228778,44816977,-1944467463,-1219359911,746
-1395508414,971718643,1695602831,1375105815,229279116,-1881959324,1111404799,892340466,-1027462074,747
1753570089,433782091,1519679338,554638714,-1886329804,-1783911591,951030465,12575200,1302777817,748
-589605662,1351392349,-1261030962,-708474308,-993015678,-1784315900,-880319947,439523251,180946220,749
425479209,1924157050,-351248674,-965669337,-1566249524,-1702061689,1870704491,-1122179416,1482835155,750
-2053158583,1963275648,-139918742,-1813457547,1208148592,-79188783,1635580235,595200051,-1440394380,751
563540474,1547934356,-644301748,439936815,125506598,1551788922,-1147786199,-1449892212,120746007,752
-1511026390,1175836735,-1926534292,-2083059331,-328778863,-1083462755,-1752907246,-610839227,654078303,753
-2127488076,1165146562,1075514480,1399239028,347510896,337569080,1001526369,1205620830,544610835,754
-4620256,432727800,1449983275,-101573532,919002477,639506222,-1789205255,1325334739,-1005896679,755
-240013764,-1874443898,-497917007,844607398,-1878410874,386272605,-1659363770,-2053102180,-1415689736,756
-1928755953,-1143710821,-1235839631,-2103588751,-2102496908,311056195,-769177439,-2004404954,-209205415,757
164790816,-2017714820,-1542894391,-1791086174,356999184,983600506,1795109457,1377488206,247029297,758
-1927835376,1418989220,-1709338011,1761955057,1690695659,-1502151467,80418031,-2106974899,-1825234232,759
-706293329,448731644,-1689365684,376720553,-747166454,10575562,-1530094540,10416569,-1743988863,760
-1323232249,-94575648,-1358923648,1976672751,1436395258,-1025354442,-1361235946,-1120266167,1613520292,761
-660741632,228340736,-527606891,1521936857,766680002,90500317,1658399758,904711050,-474581574,762
618939830,-442475646,-2075032241,-953175152,23824468,588765376,-2131065113,-1158203743,-1524679089,763
1688271331,-1336656721,1677680128,-1051388538,-1689942024,-955656358,-2111189488,-1408848396,909977659,764
-1724910017,-1243614956,733480067,980872221,-289149520,-1997776211,1458006159,-605392349,-1864161955,765
1583546345,5732514,-750062904,-1709128342,-1308767880,-1378205348,974563147,-970598468,-1007275424,766
-149055422,-762313113,-9860988,-2121006762,1815394537,1770962809,1349834761,-901241048,916036250,767
125994692,494672815,-83927376,1979951817,1692036115,-1077091893,232448693,31559903,376364843,768
-976237747,487010456,1187408381,-471186721,201208815,-118157128,-1844480535,1417563825,2887517,769
-885921077,-1867471229,681198823,227326777,845262662,1701769586,626957899,-1864711806,-92067662,770
586517253,-2099132399,857087154,21105416,1345248712,-393686362,1343167058,-1783419446,725614652,771
1497436649,-1122393946,-1549626672,-1288984716,493250394,-2143615130,-1869813208,-403117548,-901449320,772
-1325856682,528041093,-317287116,-1563506845,-1319173150,53164907,-103017803,1749425381,-1420969774,773
-727317972,1420286725,-872243404,-1802135597,1147479620,246948918,400864688,-2118547198,-6816304,774
855370905,-1804933642,1631882460,1188940738,-251327443,1940497042,-1633676714,222386457,1137163075,775
-78391865,1631910132,1428745993,-1279062828,-1603148249,-1237094379,680805355,-1405955590,-2034555661,776
1096476236,-383261283,1442021348,-618457138,246313396,-137726021,-1352892286,-1178921167,-1191512753,777
-1711691096,-2109889282,379851357,-1929591636,-1548959884,932843529,1534080922,1849682753,1172414629,778
803092190,-1156160708,950526100,410234174,-2099812483,-1164431317,2139458324,-1233079643,261983888,779
1101119599,-796605052,1485010247,-468277887,1266553867,1035081564,1656710356,-1147547330,-60963279,780
481904124,2048434172,-701677133,1207979865,-1880143526,507331737,1362502717,-1460974493,2042286619,781
561796107,88365523,1048156036,527243703,1921824549,661911024,-844761051,-2053649882,153419649,782
1053425624,-868558546,47220001,-1644758695,-2061890587,741197484,101852424,92037937,1475241671,783
-743107974,-655987232,-1991390483,478483888,-836627634,-610176957,582927080,-536043806,1265814830,784
-765024875,951086960,-216591393,788080162,1327113817,-506854960,-1628839160,-1475789354,141987456,785
1814250334,-1591550658,-35885045,2108737438,-802664500,245473357,-362279981,-297978705,1318175192,786
304959054,-1542105408,-657747447,-1804042752,-1830329412,-240801711,-1174078383,1868896468,-1150151133,787
100863893,-723572291,185186593,-361822130,767950679,-1182548763,-335259785,-1269596728,1041770510,788
-710155718,-1848972223,219065072,-1360644506,-1160785106,1982178097,-2065943745,-875674008,204248859,789
333545322,-1145417240,-1564792348,1312967915,-1740428770,-484552880,954755930,-1040477992,-1155641439,790
-1310330304,-170106122,-320764563,-1463577746,1750464303,-1212423663,-2098296551,-1480895760,-1837871920,791
-522980342,819691577,832142347,407355047,-1726233558,1459775996,-74629953,963147320,-1888055894,792
-684920924,929916190,-1241713943,1277788043,-1376055486,-877343290,149037888,-977023958,2016950335,793
-1208641036,778238048,-283422147,207065040,-1818729139,-1716429267,-983791212,1605075377,256992956,794
984007583,797578465,953129549,1856829649,1603852618,409438698,1595961908,34747707,325455378,795
-957057065,-554369094,-1335920557,-251570929,220463755,1541383168,-649415517,-1045601595,1202826280,796
1447586225,-716811698,1692597800,1836948034,-1425519292,1996229810,-1785175658,2016597426,1630452712,797
-355912476,1568734250,-2061009822,-295717972,75372935,-15688455,352494202,173336192,-1631537511,798
269332500,1622579975,2052217288,-560435449,1202523719,-793643316,1863455837,2074869989,1974506549,799
-2031207260,841247854,-1500568533,1916087093,-401917935,483165501,-535742592,-149470042,-1158855739,800
-375287601,-484317003,1550936268,1183382809,574793027,652239354,-368828003,1270568196,190145531,801
-445137590,-786578889,-1090760286,527815162,255888877,35745078,1485423365,-959106630,-2079978156,802
-1555223459,52944714,-724457296,674472379,1945535183,-1624188530,230386710,-183783778,74893405,803
2074673087,-1539654311,575557329,666813299,-1171778388,449937020,-1521896423,313067964,-81519407,804
649858948,59133708,-1116654797,-1211605697,172467449,225274365,218122526,-1013125530,-978235055,805
1842675432,1839989968,938478488,1927590372,512815919,-1375847029,1963267057,2054514740,-57858020,806
686271731,-942655796,208574402,1322898769,1276005363,815596593,-218124169,50113014,-123971609,807
-1402300914,443028899,912613383,308345678,2019471147,-1805048091,-215630189,1367867642,696753656,808
-531618183,1164981369,-1272588880,409856538,-702140252,2031893687,930694866,-1121596400,-1163549161,809
1781681331,1762662299,1393445103,-359891304,-1488625952,325657911,-876050108,-1800271585,-2134338696,810
1446066939,1467921103,319254449,-960070654,1578904821,595047979,540656724,-882781414,1439634952,811
-1398172412,-1068416528,1228672082,-1857120706,-641691782,-595915082,-1941586712,1048177101,1255593109,812
847945870,801051170,-867812259,929677475,1259151422,907485689,640783814,55238164,1765636887,813
-359464659,-1667325199,646618001,-430977156,1012941125,794902251,1372082386,-1245689354,2123538895,814
-2073876043,-1051136179,631634333,-798140901,1857646570,2100224222,1285438823,1354776559,-1397655473,815
-1755820635,1879075525,700268392,-300101683,1118320166,764558294,560879049,1927751778,7744645,816
117917522,-1579087584,-465484956,-114346223,597622943,-812803594,-415764323,-788405068,893079814,817
-1430305860,-174475699,1955918969,1374117703,844653172,1923775549,-1574435901,1599330381,765263350,818
989000108,-1431454476,-920901202,454206425,-848361869,1919664638,254746885,-1751384789,36005933,819
988191804,1978273462,1545972121,1442233066,1013391878,-741937118,-59864493,-1703425698,-615086713,820
815294740,-1274752854,-162954687,176501253,-1950291152,1877685751,1520488383,2082738810,1999545635,821
1196293222,1952266743,-1367786826,1092478059,-1103474325,-767703982,-676486048,-838533645,-1926429816,822
724447437,-20569520,-1546680639,1990929201,688097033,9229193,-1935021940,-1855194911,2073971217,823
-1372150831,-2056069445,1134908736,1726287766,-245561741,-1089582550,186773052,146590542,-325806820,824
-1067905068,244141917,-2070882161,350500988,741938303,-1856727614,546441202,-533959270,146718850,825
496761347,-1162054815,-757460934,-740915255,20782002,-1008776010,1201683690,173419947,1090037585,826
400350230,-2033137993,1009583630,364988451,1829945686,183503831,435916664,234455234,1560912926,827
-358513660,-386719844,-1230370924,868149478,-1772665172,824382363,1495999018,1715773114,-568625030,828
-1477094828,-584855389,-281691057,674191631,-1742325982,-1021074731,577140742,-446207899,-58138877,829
-384791476,-1889934076,685493063,-717049979,1043232932,105843699,-468434092,856350319,-652777490,830
394886657,921002921,666731559,1517731233,-450647232,-1093410693,-2133118364,899231800,-563597153,831
1376583391,-1218439841,119973434,-1407872502,518347856,-1111414360,-2076894604,-719539175,-1927539072,832
912265723,-1813334442,714302886,-2029982559,1532630238,-919930526,518771284,494069566,-562904968,833
210823027,1378864352,-1818861045,1633275922,-1740721654,-1964065093,64332037,-331008979,652556696,834
1277724095,1410597116,-933633430,-576258618,-1100642616,624400059,-615538192,-372642485,546284057,835
1891760397,-831718015,1565426250,-1054409765,-1612393992,649531268,-1057878749,1210271282,-1300874728,836
-180040767,1027282161,-905360786,997308112,878676545,-1407619945,-31331127,1552780799,-1621450686,837
-1233954294,-1909720047,-1032905143,-1158993961,1535651147,359685193,-405660012,9942370,-1802882488,838
-375891116,-680131647,-1509187764,2044668897,489144221,1903450233,641375266,-923094577,1823634654,839
-214383842,1541148850,-1859889417,-6183530,-1053499817,-289577678,194584411,1989990709,-736298439,840
-1796283037,-1937710395,684615471,1757748836,-1038721068,-1185100492,935367470,239996159,478637405,841
-2137248893,-1134491835,-14934082,-1741681582,1640939450,-540538120,2089125784,-1448967583,521141915,842
374336445,907260300,1403239901,-8897721,932201210,-874522645,-891664378,-59643512,856046562,843
761123644,1612893689,-1574430682,1256716173,1061101470,-551371065,743547256,-298026158,-1574503087,844
-225892541,-1789581559,-1355196599,511862889,-493005533,574076384,-2092068169,-1802983285,-73892503,845
-1728467295,486195712,1485906258,190879112,-958428462,669678940,418882488,1342136309,-1271478844,846
1337886394,-2039331666,-1540825456,1013485152,-1004407323,-1506509076,1092017391,-1939797419,-132348668,847
-933310753,555490039,285494975,-1067616567,1491471721,1455796539,1170489304,-1037938247,1527172960,848
600877970,-1856383600,-1345031465,794014986,495769001,768825402,-55008287,-1451486667,-220629859,849
815866534,1324420522,541382002,223770987,1937913207,-978710398,1930790534,-1102773345,-1855427949,850
-932171200,326926054,-468774303,2089720256,-1984986552,806399782,-1080119060,-1815708678,-631049562,851
23877111,-1574183002,-886662506,1107386387,-1045652618,-1265972140,1799020527,1069599553,-860028239,852
-1495935938,376372667,-613590577,350833970,-568615178,1960077422,1186703078,-2059876227,-1987321292,853
-2101104387,1713692621,1660922214,825030165,1002019358,1139000395,-540102638,-1639162256,-117787322,854
-1362918672,-486090602,1063380293,-159660030,1011888431,-1337999004,1793075043,1004305796,123874123,855
-710733023,670854808,497957615,-199386700,441721560,1645894561,892833862,761891558,-966954841,856
-706123251,127927557,-49419867,2103846028,-1036805111,613514319,340711746,1029978155,1416792055,857
-226025487,683628864,970046591,1077631729,-1735961570,631821384,1989936269,922821090,-85397831,858
1715164255,1046163104,-1186281179,1782423270,-1602448592,551523612,883653227,2141314278,-1745414316,859
1290391713,-2051015919,-1092028113,-196588027,-114953599,1663034270,-1642929212,1896374383,-206448304,860
1043357495,-965241335,261355743,-92288188,-856893442,1219607215,-1760735568,475705002,1455218517,861
1081714267,-313179400,526690347,-848235705,-116525163,1710435533,-303968410,38349470,-1488839422,862
451541221,288512388,-1916225213,-2124494136,1302439599,-900054094,-1023232921,1966542495,-1414682412,863
-1792231478,1205820378,477710343,1647487798,-379163851,971879013,1538830180,716621463,-643770731,864
618138446,1140046427,945442884,-1074623122,-333283708,466162572,528590204,623923663,-1744035692,865
-443936761,2143546702,-803455586,-1485709727,959284695,-351357307,1760188315,-1157400053,-1847684060,866
607968880,-782739479,-140218156,-1046500686,-1014584871,744861788,1489613453,-2051550053,-274131755,867
1578458535,1497642283,-1311928853,-738118277,1884553371,111842810,-975756400,-1023788591,-353304361,868
1564730130,263952394,1759877147,-773033459,-628978601,1967156424,135906119,1839179069,-1603382834,869
1898194720,1197351844,-639465610,130477590,94236356,888672914,2086899646,589005750,-1817918261,870
1050428738,-1357189139,-1908165233,358072640,-167081622,-1738506331,-1360457768,353050772,-953913006,871
-1753861495,-443758706,435461951,-1721416166,-1421279831,237868547,-51631167,-1020743180,-404424888,872
-125284988,-1509197750,1846043777,1995035568,-1480313586,1188337880,1242451519,-507285844,-771896477,873
1798395327,-1081783004,1760436292,-1200350310,1689410258,750158739,-1633748413,-1134542669,1377460822,874
963556176,-575883348,790719698,1092662117,-914856663,101513377,1092503627,509239635,1409280910,875
167788262,1048350091,1465331202,439718119,1151254764,-1196835987,1858199458,-2121654459,-1826231516,876
-1150595631,-658178271,-827006295,1164821858,2072795320,-2003117159,-477237098,-454244713,1176043697,877
-866639236,1899656097,-2121499445,-1333414266,-446227109,1692060458,-1772131917,-1969763859,-288929500,878
671128357,-1064271130,-1360924883,1931549846,-805676124,772110797,-175997836,408932449,-1722508808,879
887430390,-1419381413,-1488186873,53099021,1498086966,1435319885,1317420227,-425162346,-1093244107,880
485081804,-623362797,-28207043,-777068783,-642986138,178898556,-435092154,-641878259,1286903664,881
759118095,1083488027,529823334,1273123491,-761332283,-369081923,156414215,694120929,-1896448016,882
-324985668,-445403809,-1264986323,1725402291,-563878904,-114367014,-599433004,-1223632291,-263090567,883
-1292715080,695996282,-1397147841,-1423420540,-347458511,-1381509883,-609918042,-2126383012,556189190,884
-499551976,1023543372,-886340629,444014521,1279361015,1756969723,-268956820,-256885862,1314818118,885
-357841055,-452017400,1463572998,1709748208,-1489167146,-55850005,-800803422,1821402521,1004678431,886
-572342179,-1562673721,-93134787,1813582928,-492228719,4251131,692226453,1677928552,1898858241,887
1928279786,-1432357000,-1037400698,296537174,-1530502022,-1214048569,1387953836,-1149032280,-1633208729,888
2074331149,1067359231,-1462469339,-674406658,1426502237,1945115559,-1548077161,-703047565,-1928044301,889
-1506014829,-1575283734,-1911468359,1780974596,816857066,685134998,1772597092,1457432405,276354715,890
-1280767688,1600587096,444913649,-1378827948,814159958,1852978422,-1479315091,-68727455,-1240462739,891
-1659115604,1123595728,2009758553,731342947,315943403,1387446547,331279276,-1192113520,1843922881,892
-504917335,14542051,-1120546301,1652429908,-445080891,1360635474,-348760986,113041823,-1647638448,893
1524177600,-728494887,-1449048604,-1880040215,-1234428322,1285026446,788196230,-1386824891,-735953228,894
1486050234,2023338348,-359728368,-1180829157,1595791884,-1194088612,2081303229,-214731925,-564185166,895
1284244445,-238378220,-1499620489,-359774682,624208036,-1948125231,-2085889770,-2118784632,-1369423221,896
-2129542701,-114206483,-951012173,92931917,-969542470,-1198645148,499515977,-1586236906,570258234,897
-76393391,1274516436,192245224,792022254,-1461665803,-1936263057,-557787315,1686581061,1497775553,898
-1309118516,1682199082,-531229713,-930054390,1002469303,-155337863,-450281570,1149647042,-432619515,899
-1755656525,662198932,321243470,988468444,681955953,-2117932648,1874133299,-954782449,-759239065,900
1999180363,1509952515,-690853217,490080164,1008580564,1464867394,-845510426,541307815,-1214625208,901
2049000244,1362747935,-1162971699,-882022631,-1754750270,-1425397626,1196863799,-1465262156,-45027880,902
260155880,-327608295,1487741007,761790443,356853401,-45339838,212490342,-1471595497,594283981,903
-620976129,-1798104645,341234076,-894795248,-1385543541,1420415342,-2126174648,1251955363,1071603345,904
-435407141,-1337744251,598747552,-1343699375,-1598282181,1691591346,-1653130795,-1004562107,1338125104,905
1546889406,1581275109,1154335511,1161463862,-1144039071,-339993409,1435033149,1746289409,888888320,906
-1194932824,946899910,-155474427,-1179159043,-896915383,125307183,-1310427897,-1741339618,-1047092194,907
834322597,-1964395286,-604354718,1613827524,130736169,1062315499,1596595515,639547799,-211960462,908
1646135839,-1645560924,-778208917,-1790876734,-725237640,-117684698,-1441204773,-93051183,681872884,909
-1877078645,376043221,2019136216,1774320080,-2032561078,1261117478,1497982973,-2039549510,-69517817,910
1514825585,1155046914,-188053009,227811108,1920163681,917996033,-1911546568,-399020969,-340076297,911
1393562512,-1987439501,-1655862158,599263491,31738032,-1634448755,1915451302,1386485856,-1912009537,912
-1252851286,-250110070,-1410278754,-1328104230,795331309,-973220288,-803003195,-354415654,-252477943,913
779758127,-779458901,605791055,1495041472,-696537158,-1833313612,-1186687293,529261991,-552617358,914
2039805543,425142254,-1806127465,415376778,274891658,1034329112,691103977,-440825036,-1992085870,915
1925190187,-921666096,102550492,-207522016,-1106919301,-1181524352,-231580034,-412863766,1134166506,916
-1959301045,-82512381,-997945063,1780108471,1479630171,-495911816,792567369,-1222810205,1189585233,917
2129177467,909887437,308863978,892398686,1913110411,-2005587996,-1582542377,1985221518,887217789,918
-1057719521,2128793466,-916844920,2038544523,-7864682,-1749910657,-1843807292,730262841,-576492134,919
-255999630,1243820293,-2048062465,733683522,1860007842,-565392651,1276542408,68121441,-113011703,920
150210604,1386149124,-312997062,267953994,-986016357,-596462088,-2049981527,1599638506,288938558,921
-1577227617,345353353,1942970215,-345266310,601039834,-1593354021,-1407124680,-2040195833,1515691711,922
800747979,-1364868310,859884951,-464664888,1915769540,1135302295,1711798241,432058047,-1710332150,923
-1124839622,1348099142,59161531,-1494493247,-541660975,1025756090,536746419,-1172682363,-1654004018,924
-582215829,9826951,1058011749,865164516,-788077172,1101872143,-1256314937,2139444820,313616407,925
1589840134,569406059,-2099361817,1509808012,946545861,94798288,-1473387531,-1117241294,2128797474,926
-987703730,1448473076,-1678096402,430910342,1262994687,-1097073138,1406634475,1305383975,25040943,927
-1257682757,1223615231,-1274493307,563009013,431937282,595623224,-1524835148,1076853827,-144211306,928
-592304825,11290931,-1188174517,1785929862,1082609462,-1591375690,-115425316,-870089053,57083524,929
-1943963024,1118139665,-1773405507,-1082200381,534692716,-1248111844,-1759652776,-2023762530,760270934,930
-2138563965,-686108225,1353661933,-839811427,-965721559,1721438436,517907149,94689203,-536803929,931
1783747802,1955021369,-1910364762,1481383742,-1740978242,1844054040,-829373110,1004733721,1735936243,932
1888861440,-527295913,-726885187,-1995853728,519376158,626904530,-1399644263,-747717553,-2114516383,933
1672960311,-101275508,-1444306213,-860184758,663611353,-1981399150,-112841653,2073908168,1266966698,934
1081458548,-1338533498,-941976654,-448220883,-909539088,-504183493,1549915402,-116662961,-636865607,935
1278486035,-851465000,-529664440,557622584,81987346,618983025,-1755979267,986285605,501062407,936
-1645936337,-1692477926,993841819,-510565420,-1824121448,-1411262208,35783990,1226713406,1965224987,937
1040508781,2000163125,268164262,801673068,1795137379,1563137090,2142155346,1399555718,-315758512,938
-1724202645,-158702461,428609797,344117229,1485707315,1987335335,-1934885703,-2016753592,-748965681,939
1246350570,459114200,-1140417686,1600120512,1886676313,-1999876757,-1385713786,1358050227,-1874635230,940
1655943632,-1921141007,-139903934,-992968063,124832302,-748523149,1885301448,-885380431,-245678679,941
407683847,1733271915,-1103134108,508119043,594888143,-1474262617,-2124627862,-1010446399,47819445,942
-1228991127,1607328315,-1566003119,813085609,813954208,1668277664,-544248238,-1552437566,-2096993395,943
348602874,-1540298693,444658955,1538175143,969676841,1491065952,-1142771566,1831129915,-1120799194,944
323638082,1066999581,552568421,770938787,1377976759,1793398621,240921529,1933952437,-1142998944,945
266572348,1870331230,1944380188,-196485125,-1275395881,-245167748,725760286,-154938434,879040474,946
-1256850169,-1806416661,-958349666,-286638694,664976197,1840134246,-68299646,-752049942,-879368439,947
2051987765,645931955,190929637,137324658,-2065848197,-269963872,-674937027,-1945736207,-1158657675,948
-1761882296,1553018047,-1841539165,-2079681908,1658367343,-1233190079,-1679971071,1549764047,-1296257248,949
2092043911,1724178412,-1505733829,-1908192417,-225026235,1615104747,2018373513,-1176648764,-1271093578,950
253475302,-1529052950,-148384211,1780985032,-656546125,-1745699527,-1226401685,1891341277,-1775772252,951
-2091882646,778033985,703484531,208887888,1164320569,2047383756,1299927692,22307040,-2098495151,952
-370588200,-118615634,-850154049,1472878511,985036359,-1870275194,522318392,331898254,1757336849,953
-1740120871,1008160072,897666680,-1880870559,-717286216,1210488453,838854464,2100680876,-2032963818,954
2054322304,-416076051,-2135331013,484819891,-704044323,1710867741,1271465878,-471306603,549191427,955
386887580,-989758606,746419395,526856887,-782673082,1407889378,1900654094,-1222310362,-1824349426,956
-172820354,-1876499317,992541174,-1341412037,-1413542132,-872973686,-1787772107,-252774264,1682162634,957
870695121,1782077086,-1197401751,214540871,308876555,-572690210,-1396316867,984845700,899502663,958
-991221915,1011124652,-25023922,-512520525,1045237955,88140744,754865442,470645958,1902829056,959
-1901962711,2122079273,1737129761,922518061,1556558231,-986637823,1942732402,-305601336,1583662269,960
1789599647,2000360860,1186855011,-928069022,931113777,-1687999478,1382079427,219460145,-2058246807,961
99672964,274166114,1611595152,-1530119259,1572963646,-1218763712,1017239748,163333584,-1257762633,962
-1117380371,-201632505,-105171718,1617833287,489051547,783724274,-767992552,44714239,151667279,963
-1878349371,1900626129,917732389,406561331,1453229773,573663635,-468096350,-1200702039,-1035161697,964
418643409,516730027,1446574596,-269556935,110024766,-797847852,-1295397523,582031711,-267405128,965
1443660818,1742290679,-1633196480,888713536,1246894925,-572662157,-894980423,-635613196,543748444,966
-683303449,-1653153316,-1042675278,-1023037531,-943071092,963493066,108847442,-1477417368,-1689799075,967
-522566577,-316900280,83219284,1932266296,1955328059,-1108010275,-1562288302,1351291259,260061216,968
-1228254232,1901857523,-397884433,776013693,339685101,760689598,1895884833,-1154241510,1304104177,969
27136549,1698368351,1246147424,-1415614559,-2064182708,1811091584,1444462999,1323381983,106566997,970
-645093752,-1796088464,-1338516991,1562214577,-1260572602,-322382827,1687374033,-803186907,-1920553512,971
-389728549,-495983725,2091205039,-1102605520,1812472659,1891784895,-1233612541,1598606582,-194620738,972
-72053367,-1767409462,483450395,-329590394,737780797,-783433570,-210536756,1359777661,-1968468508,973
-2139070652,-2083533208,1685638619,-935461309,1853169217,-1190917958,1291762972,-643354005,-338025480,974
533693054,-376745683,1702385146,-1159695051,-1472566636,-806868364,-818556213,831232300,-1090192442,975
-827197241,1832395429,-1635309423,-604427773,1636750411,-1793986470,-1982183032,-1298738934,-434883607,976
-1645830596,119993499,-148505878,1435283369,2118374234,408526452,1134771985,-2049237857,-133720340,977
1017675846,-2088229755,-2102740540,-1794290282,1531468511,-1530075334,1457917305,-755597109,-1661403932,978
-624345238,-890176262,1322153849,1577223307,-1082673795,-510344237,-570602040,223916178,-1951155318,979
-2145331343,-1552391652,-1807964587,-1310669980,504298074,288221018,-1240273458,1403454278,2084418172,980
-51015442,-1745837,1484673691,1863950545,897583309,-796739521,1618392220,1820526322,-325224222,981
1942994157,432141241,-1736245673,1006129110,-63280083,1695450166,-64864688,606731155,626935836,982
1224337971,1618690036,870882672,-2053644066,-1534031607,-1971418858,1024197110,55968801,-1135784746,983
829747357,-1883276496,325552721,846071287,893732001,-80389276,-1585694296,439648646,241218973,984
-1959501776,-863395333,1513893285,1196338617,1208331268,-154559765,1365454714,1168009009,1220773524,985
-1133383365,-1117342810,-1770979177,-615924606,-1147890771,-1144569791,-905831279,1194323023,779063612,986
482078639,319978489,-1985717570,-57512638,765089311,1843009711,-1284350325,1277291552,-1336155712,987
-861151680,-246406325,605604695,-1602680612,-923078277,538183155,753325129,1182452174,1163783003,988
1563202535,1305344884,188412966,426272980,-958120201,-1189687538,1782107634,-1413126220,-1050051422,989
-853388705,-1596147598,-2017747561,1494407518,-93022140,564251855,263503287,-268261787,-2078481733,990
246616814,1995755543,674510180,1335970952,766803335,1608448185,526492673,1537256269,-1265754506,991
588949646,1724595431,-1564730637,-1869549689,-1162421352,-917344547,-897530670,1369817825,-1221058067,992
312046709,-1349217197,1587339088,-1392252439,1251902882,1435862060,2116310324,2074203895,-1606678807,993
2123946687,-808822800,-281809432,-714479121,1737063634,-1424273874,1063608787,1197282288,-1146564836,994
-1164651830,-1314431126,1769850369,1557476189,1619912139,2119678329,-2023555253,-2023637327,-2065668048,995
-1490733204,1771904564,1228408520,-1489734378,-436321671,1392280223,-572189176,1609301804,-505401238,996
2081763831,439141599,1204508792,995684018,-1788410466,765422332,304488395,-1502577149,-230216247,997
1492900297,906666546,1500449679,-594884029,-707630734,1033951574,-1673150980,1855586753,-1368203741,998
-1259244236,347343761,1182178330,-736652393,1493463150,-2085554934,367248629,920148436,837072968,999
1120634887,-433586524,-750229151,2050155221,-1484790484,1139981694,1218073562,667808603,1568531631,1000
-1336941025,1298768659,-1436837260,-253137093,329994801,-1146321344,-890423211,519482678,-994119405,1001
-1655195803,-1175836856,-1968004033,1280597462,-1066889428,1707767411,-37021466,1311167147,-75593131,1002
722007965,289407808,1656997278,325511575,-1306741791,-198676758,-1770823448,597446393,-1662604490,1003
-948199647,-1658912314,2018897513,-903971824,-751046239,-1991950046,489954185,190388843,1793283345,1004
84616850,-563802134,-274396814,386810196,204674441,1962088949,-40177204,1095002432,-1703769158,1005
-60162627,-1289787833,204012982,-29484243,-398078946,2089725155,-1667151786,1856063673,-944446860,1006
1129390372,1981487885,-291739793,1394726900,-728693434,1961886832,-67650762,1128191940,-1344306092,1007
-1080765405,-1936600372,-391241567,1576856871,1478116970,1117967711,-1077375225,-1280190670,1212969422,1008
1949196048,-721079258,1780459048,-7695406,-2144960950,573817882,1189093984,2094550927,-369172975,1009
1988007615,755524799,-953283162,729051520,-1444024697,2061415420,-675676231,2137447021,1637605504,1010
-99115727,1813500898,-752434282,-273047439,-400395850,2111125659,-96154571,1974964100,1415007122,1011
1071715582,691549902,1119461554,-1559098023,-645359747,2043484268,1048724954,2028693454,-2051201077,1012
-1876560115,1196531671,-1066980887,51225213,34126710,1225969598,1411928460,-618537337,-216899414,1013
1919706896,-981127984,-432784083,2009816204,-91188903,127287118,1572789501,1272671493,1457071297,1014
-1843081489,-251754186,-320324134,-300699296,1178611109,-1051277171,-2020334655,1271839802,1640462054,1015
1638409798,-166974582,-1243308674,-1580018464,-348404895,395003444,-813514347,1065575631,-272206951,1016
721104567,-129546471,-357807958,66374759,-1586370646,2040813378,-2128721514,-1281373791,1210357198,1017
216170513,-1323690260,-1141168148,1224630877,983089516,876029985,1529113597,1305312115,-129020545,1018
-1113131426,648586638,-1020629804,-913786621,-293483195,-622598439,1474899006,-1379090696,810776734,1019
-1350812526,-1318291434,-858539390,1872004710,-573461079,790253524,-1969821466,2133359838,861460082,1020
-215633200,-198901960,-2074664113,-226048956,-1631309118,-2147441827,-2094844626,-1093977621,2132072036,1021
-1858190231,-959710823,1918655897,-711477604,-518236910,1179751965,1697831162,420602042,2104812109,1022
1530048690,1101856600,-1178670430,1383771901,-795508439,530168633,-1135959789,-854743731,1844360030,1023
-612542900,1024159672,1573897055,1400712138,2143164368,-1822297927,-1153295564,-343781089,-1905904313,1024
642103846,-501784742,932094401,-1922582147,-1742490497,-1883990170,532831978,-417571969,801111300,1025
1400459481,-346968900,1446837379,1198008790,1793018423,109645923,1448403293,-870856565,461512615,1026
364385915,251310915,1469584733,2061977773,844903546,-1657189115,-337704969,-121657931,-285926876,1027
1990188458,531982760,563566553,-740875047,-1536598053,1882659802,569653008,1773541017,-1632380983,1028
-117413737,-2080225733,235398857,520621498,1116607870,-1503234513,1577705640,1983512118,-1400113155,1029
-691473965,-311557193,-532963620,-479260830,-360836152,-213516849,2094811031,344088069,1687386667,1030
1610316551,737260781,-626551363,-825257194,-1980070041,352069800,409584849,-2073575121,-1545561304,1031
25296172,1908941781,2002830538,-1128317851,1319155042,547466222,-1198430094,-1951940676,-226460227,1032
1011797265,-1550468488,-1216255101,-60610961,486730053,-861542893,1548036464,-1244134313,1071869691,1033
-806677782,-781568843,1897662111,-589042673,-1982798906,-675143730,576398295,-1790664051,-892055777,1034
350270661,-625808424,416512885,-1837235467,1350595743,-2037453192,-1384320484,-175511372,1428691184,1035
-1421320146,1985996562,2143825489,1602395416,-1110401055,-1301784595,-1823291566,911719607,-1362042795,1036
-1237568126,328556073,589131230,2027643027,1090586268,57080798,-559321901,107212037,-868111282,1037
1674826931,-372765708,83493890,-2145319008,1544042959,-1057821927,-416961107,-1228011667,-1130289164,1038
-666535841,800372084,609403355,874130555,1632094561,-1370498192,-1068068470,-705135950,1100996319,1039
-1446909479,-2046663209,896587779,1577427473,-85272609,1325269012,-1043758318,2103316154,-1127634648,1040
886444093,-864141449,1796260005,312749146,69421976,1335456774,-1019993232,277996350,24803112,1041
1971482632,-986924937,-824182409,-935087876,-2107939783,-1737797287,-1747513947,-1577623139,2108987766,1042
1047204902,-802051939,517416866,1458888710,-1761805674,-1217353440,-1330594456,1742398876,1259397262,1043
1920558593,507365041,-500928700,2030478658,979355608,428437405,1313613463,-1479771879,-1053119695,1044
1986113494,1247857390,-556556356,1901430678,628457026,444823551,2022692478,656688493,-2071014682,1045
1858425571,423037447,1514913826,-272946071,1028253456,2096367634,-305159400,-112949142,364326238,1046
-1241598762,1512037637,-1528593134,167207427,-1687604730,-1601509472,-854183223,355799766,-753749965,1047
1210627889,812150340,-1189947732,-1852178905,-1067700193,2106300292,316579584,-1791939951,1288776907,1048
465650015,-2125961919,-1901036526,826163295,913394568,-725987838,-1475443407,232523291,-954011142,1049
-1280812154,1896139224,-464007009,-291145202,-1332775162,259918746,-1894977947,-546411944,-2052566260,1050
-1680188884,1332243338,822058940,823610650,-248593652,-1312606366,1798827822,1514112312,911884511,1051
1371268422,-1248914859,1317030981,-1978679106,-107704321,-1119968778,490146248,-1345613525,290315102,1052
-920272880,805944960,-1182363227,-1337986770,1717769522,-1986500487,-374558194,-1684161300,1820676539,1053
-560450146,2099994704,-1228500449,-1328855938,-16603108,-1119984319,-539177650,-1160799785,-2079300289,1054
-967296742,394174185,760275957,-523493037,1917230978,-163095371,-641896537,1152099741,-1232192339,1055
1045580720,-1001817765,-1260592915,336820363,-1689615027,-265361296,-2059501577,1749433832,-1028532310,1056
-1871212867,-1844225801,-1817675320,-349521379,-167196010,588053092,-1776956113,1658649061,-1095760274,1057
-482647838,537815060,281443252,1090631920,802805050,-1091451808,1896535469,-1562451274,-939795206,1058
-1427475977,-592115508,-624227036,1355461469,145857512,1087851723,370094092,389956788,913866362,1059
-4203586,628855002,514178679,1952211642,694433867,-1189916450,-819264955,735722768,383968591,1060
2044400201,71211495,-1719269846,-2049370135,1599832850,-363812687,1799257204,208469608,1960537683,1061
889877283,59957716,1605094657,1880733955,-1991487192,1673129645,408632323,-316661930,734763961,1062
83445495,1156268764,-1275392033,-1684470025,-122058270,1925822672,-403732128,469952580,838755872,1063
-806914539,1352852628,1416372257,-618461659,40819248,-763087431,661488421,1790138254,121185377,1064
1505014446,-1744358176,1221219950,157697225,-1117278600,973676917,-852313420,-887384994,-1402982117,1065
964332432,2074007331,46694248,-1543231664,1709497856,-1864797738,-11740300,-740795807,2110554841,1066
1258709280,-1310104787,97265966,1272813813,319571209,-1423266088,1682584232,-1005562172,-133193283,1067
2045708585,-641003509,734838730,-1010554528,-2001309604,-239165133,-1819269008,339303878,1456577520,1068
1612624102,-1813108418,418402151,-1337139820,1690614953,-65636658,-1256548415,-1598783048,590973352,1069
-1835793790,1245534832,-1134033055,396384250,250410431,700405842,2071377393,779443196,370824362,1070
-1913951860,1934117421,-1094923307,991695602,1255106134,1339157135,-2102032663,1966213560,-549465600,1071
857414084,1501640744,353394601,-2031016410,525937538,1035124859,895550,-590238156,1378116038,1072
-1671815687,2079010992,1801542180,-1863249192,-513494078,-139747657,1287778581,-1224602741,-1833945740,1073
-31225417,1787354145,-1528954475,2090780469,-2081822444,-786029007,155580540,-849676360,-1532076603,1074
-1383154082,-202092278,-1207181929,725858866,1182798107,-895603637,1461972190,1152643281,-460217985,1075
-2036059126,-1097155918,1478485049,-306914244,-1807591092,8412101,-1528672305,-1200555154,1189019148,1076
447042507,1784670469,-1447510165,1009473698,976024941,1924838881,-1073789436,-1571171239,594355929,1077
-1758140065,-1171660237,-1371609363,-1425251383,-1073100624,1382989596,125029290,653748064,-1995875878,1078
150134182,-27097576,456537996,-1147899807,-536354566,1996855935,1131026829,-221698270,-1519560320,1079
-105441224,1906343657,-339713270,301502400,279605936,1960361332,-1394002990,1589656533,1280025204,1080
1860489363,-353101337,-1814885912,-2036457144,-1803344049,311062189,-1957022622,207410216,-1503893972,1081
1013217198,-1171818768,1784725528,-1669812616,342542052,-1472430997,-2098675674,302252895,1246260135,1082
-2107451278,1441141266,434543953,-878312943,353251491,-1866309363,297767314,-1427984727,-95204604,1083
803563488,839583967,520469195,-1564791735,1843355068,-246663386,-1085104402,-1622630403,-1441354305,1084
1488047536,-1459960714,-2088024747,-1042570866,-933276,-59416117,2016140991,567176983,1725023604,1085
1075772370,-1692336067,1569666112,-2131643383,1330178488,-1293209270,-1105427581,1951321983,1799508754,1086
1600642482,-556602500,1578368753,703912140,-2110880132,-1642150830,1271009644,-607584000,-306139856,1087
1204766034,1018540182,53208363,1545649507,-1504510692,44196717,1923288335,-1168084341,1664540433,1088
1931578445,-1846758709,321877393,-727128484,-617378030,-1050356995,-1317200074,44221197,-1872190891,1089
906670739,-1252550454,1866855247,-1920830029,-95504763,1872939631,-1092946419,-1101800374,-390597619,1090
794868740,1908868006,-2069173259,-1707586161,1406001690,1071099284,-1406281254,1038933122,1591353283,1091
-990527606,-885941007,1953321972,-992754373,-1080867480,2031632646,713122136,180911102,1278000054,1092
1001435397,-1130922081,14160393,-1470574639,-957545258,-1205151896,1463612958,-2092562404,-39670534,1093
1573692073,-2025731460,-408316649,-1329426030,-1986035710,1217514782,-1180993349,856194375,-635714556,1094
-865451585,-990481970,467444119,1034102858,651427907,2065467276,1922808840,-1831594355,-646514409,1095
-703241043,1769301255,2080953849,-1505923611,131389302,-436824371,-757174577,-2109153536,-1464964824,1096
826204808,-537681487,474312385,1656809945,-162816524,-771189763,-1166475426,144325497,2012032140,1097
-1012016299,416130014,-466764230,2143245856,-1131441542,-749750559,-309773534,1493733515,1290736109,1098
415056424,1118785457,-1080924270,926506013,-900362956,-888077950,-484940665,-1125280122,-795490431,1099
-85458795,-413173897,1113455632,-42512235,1016430876,-1879754520,-352479263,-591387990,-256399487,1100
1405040901,-1760780275,-864342018,-1772138552,781377787,602815398,372117914,-1080339845,-1834831206,1101
1209517701,-1959127171,-1583202039,-1935289986,1529937365,-1277689667,1280651071,-492835849,-1682699880,1102
-1833314836,227991661,634559062,-607157673,496725758,1593005004,-2104471435,-852852294,1138807817,1103
1439059129,1230414567,-1120997432,1988993961,827423853,1497759770,-136185267,1022988533,-542604348,1104
739322918,545953687,-965192835,1942137048,-557845185,1732165216,-796081250,-1511727624,-1049440874,1105
-1456075062,-1726452716,752302647,-667207552,-758777952,-2028529011,-1282009331,1847778783,662846178,1106
1510998874,982886190,-2026731258,1146622924,-1561466770,-2066660449,-1820323715,-1766068848,2028107553,1107
2020506193,-852046095,-1261790653,-552903802,-1170953616,1622897926,-1581564800,278144968,-1973914445,1108
-744079246,-414673768,-2124000143,-1879620148,764419364,-63088918,1564053062,-1011975049,100015554,1109
2122825648,-1699488920,1974524535,1383106442,1248396434,-1867925024,-436906983,-179695983,1263094682,1110
-1629394210,-205727229,-1367669103,1357227124,970804011,1092536826,290628834,-287738589,-1258170560,1111
107616573,-1665095606,1424609039,-643638572,11395217,1479530011,962715914,-1497344403,-2006030887,1112
-1538630511,-423613701,1362902423,1114946469,218247217,-387073250,-146438057,1415295338,-1196425538,1113
-1759938844,-1747625194,1054744212,1533562841,-1742567058,1199207492,-2058930817,728647043,-590567132,1114
-1583340582,-355958375,-158215968,1298468289,1879804541,1634374992,1506884811,45803476,-446794931,1115
1154598538,-926381705,-948040287,-930140168,476974927,-68607981,196140443,289577954,-2146919991,1116
1328279034,-1204507413,-1099982578,-1842470393,1081882572,-1088186128,686460612,2030054308,-1104123737,1117
530433410,1665926874,956623879,1930630404,-153784493,1515136165,1920970665,1712008479,-106155068,1118
-480065701,-226063631,-1846873102,-785477222,2117463909,-362580206,-1427319316,750911745,1953182329,1119
1146053296,234018751,2099704161,-2041185384,230860400,-1327279340,2011430576,1442846300,1348886177,1120
917285761,-1949699491,-792840324,1799522984,1033859294,-259501726,1451015337,454993277,-939940000,1121
-776788987,-120483372,821092840,-1651034305,-1860570139,-566729982,1295276512,1465124809,773736772,1122
1795688094,-2018858352,-997332173,932822048,-1427739634,952081832,-2032336755,-1951749210,-910073144,1123
-1977793873,1786509434,-1631402047,-634705981,-8100922,2070840078,-1730652429,-110796563,-20438494,1124
-1106734783,52167465,268911190,635547855,222451867,-1701998385,112807740,826325450,1523448244,1125
-1229010622,1116148524,-1417297111,307040468,885281532,-754736268,940391012,180074729,-405864300,1126
-1621256262,582506077,-305848655,-144578439,-343587918,-123001677,-573354870,1581912300,-1968563121,1127
-1974991174,1900778518,-1445713676,565408193,997730581,-1279169374,-1197845967,1380954234,527963092,1128
-1548577220,1891013891,570522703,80741456,-2132899815,-3214336,-922444857,-1846269918,-1451011642,1129
1021225897,-123217166,2053251663,1371991509,1261686481,-2071064297,1309701421,897289618,662020147,1130
-19540734,1558091378,400751563,-1206909186,884276523,234902686,527089784,1614150834,-389056574,1131
1633989736,-982574079,156209032,-2071866370,1457925142,-844395700,1031612956,-1415375419,-1001327385,1132
513282561,1027478006,1956645177,2083380661,17582863,89576225,1823645203,32507378,-1344203091,1133
-1352561982,-181365390,831178788,1098993822,-1778203084,262909908,-1529147890,-1986195011,-1287782329,1134
1058539988,-185578558,-702780036,1124840830,-701096100,1807792215,-1640778365,-1858604066,-1968012134,1135
-637248764,-372232678,-1628896985,1480733835,1501496489,361392374,887557587,-1962541414,-346683617,1136
-1831023921,-711970953,25655149,197369443,708442687,-1512563261,-55475528,1769516100,-72198933,1137
573843733,-505464055,104509828,8984583,998465758,-1375953145,1985223620,1434151288,1471227786,1138
-101979506,929139246,-1499063750,-138088447,-2091133248,-1314505517,-1054108594,1057733276,-201900440,1139
1371271135,-359936963,-1927885924,-1858676164,-682329764,-777048960,531478152,-1483020140,-1934420801,1140
899861661,-711515173,1389875127,-747172796,172756830,595841869,-1482120894,-288166916,-1914916509,1141
-932817795,1889746395,-2066268859,1122113838,-913854815,710257393,-1878473009,-565877831,-1003068036,1142
-317943414,-447081528,745932214,1208172121,2091145472,-375887611,-1452030989,693511017,31533650,1143
1219909171,-1091226462,-1294620989,-1385827322,1423916050,-149265872,-1879453146,-2075206327,886102066,1144
-88768378,-858470656,-2106746808,-412085667,522392707,-2073616641,-1724778859,-811471118,1849213745,1145
-744932736,-147167364,1695697985,-400045729,868892085,19618616,-603423069,-222373375,780527020,1146
-1573347798,-1139485286,-490596141,-883821034,-1818151675,1773107422,-1845582041,778339368,34479148,1147
1662039906,-969274513,2004528561,-406963129,-1323994041,419418940,54309626,1090322529,-1590426046,1148
389671812,2145117073,-1527510763,1233159180,-1469719878,1783022348,-2051325938,-539702184,491589278,1149
1373033639,900209839,-452846465,836653908,1603762775,2092388426,2090324604,-991509326,-964785014,1150
1683390139,-1802295810,760096281,-639551284,-480090865,886362908,1421717432,-123984962,1911136063,1151
-816277125,-257448253,-1088825711,2010168833,-529823647,1776351262,1401107295,238151732,1059351043,1152
-1538896369,-2147191536,-857874950,987020073,1471328464,-1031817952,1378820899,-74537320,-956499195,1153
-1010805175,-752577390,118866606,1480217688,282070790,-91969224,-332561893,923547459,676645803,1154
164231291,-158955042,1463590900,1125365536,737902281,158540467,574276844,26405536,-416066937,1155
1150231208,-1307408117,562470904,471899654,563708414,1484928650,-1933297010,1157873288,-179534132,1156
-316204593,800519829,-386085676,581270723,-1476209352,-1974490010,1811428299,622496153,-832768339,1157
-1225397206,-422621264,-1892972016,1986893924,1569941083,-196007805,499412699,1506210897,18924586,1158
809898142,-1455537436,1459915095,-1041232149,775600619,-1506565109,-1379240415,-370255330,-1449664173,1159
-1858570330,-178778729,278416105,748553939,1823589820,246421636,1330825256,1048709237,-826856638,1160
-962982243,-1779321284,873359438,-344859656,-994613225,349387030,236389036,-1291402824,550462773,1161
1060897773,-1594715960,905969342,-45076197,-1247056685,-1954662279,1416904311,1602705170,2121835841,1162
1360029005,1525268258,148747967,1509656354,-401088348,2044470563,-31391765,64312759,444204974,1163
-758124746,2114519398,1538929599,-298406786,1932388652,1918812003,-989183194,-1342770540,831393553,1164
-141753815,1217804439,-1345550746,-627247654,-1046590495,1116269021,271676080,2115695661,-90936533,1165
491113906,1170149863,-1495046915,1079586163,-2047330438,-1633585053,900890127,703273569,815972306,1166
-2065680594,2139098110,1808099461,1687155744,1863110889,866970503,1663098464,-905196065,-2059288708,1167
-1022888243,-226631371,-741655528,-2044232409,-649763655,-380383728,-128808664,1260302563,-1946691949,1168
-1905112530,1081243487,1223781231,-688531791,1517103337,-668321084,-694722076,1812416669,164260076,1169
-264261155,578585557,2083519241,1433651178,-1988364682,626784583,-1564185434,-1224038413,-1148908699,1170
-707631582,-1176210536,-545513364,1096277656,60337894,-566402073,1305815015,432083489,1765343929,1171
-2145610366,-823209898,2016380091,-1323964321,-1268729264,175794963,1298409975,864683669,-825775236,1172
-1256630273,-1738046399,193055017,-884003252,355159954,1475535131,-1258277384,1179648754,-1843814130,1173
-2137634941,-1760946535,-1201235151,1401412136,-1652326893,281737650,2134135009,1753450681,-405481198,1174
-541643243,1362318453,-917209502,-1421168238,901082255,-1819129715,-1535549512,391996167,1956639857,1175
-584837633,-1246486545,-1384255147,-877807370,803218318,2072190234,-189503946,618090746,-1047520440,1176
-195638409,-2088485895,-1277035719,1933534171,-253349407,380543811,-710245214,1244109778,1567919548,1177
-229883901,-10493314,306224786,124677853,-48971427,2125641919,96047921,2009072231,-1988696336,1178
725694310,-356315339,399972198,1243891685,-1393795827,199104995,-584104035,-1277168619,-1870364117,1179
-1177992948,-1219854598,1262881645,-1085606527,98684587,753873622,861927400,-495189500,1776115817,1180
-790343802,1362687904,808144386,-111422585,-970085328,826813758,-2037672678,519250070,-1226180429,1181
-825905822,-1257441718,1271401695,1573838201,1181142822,120575349,405727680,-1930300292,74101168,1182
264296640,-2115409201,1977403230,204415646,2005195616,644061434,-1927425988,984915709,-1028258351,1183
1113589727,-934581012,2111371281,595577691,-1898896588,-37365528,1885835610,653708816,-1332492192,1184
-517547770,594672605,-1998955372,1996524759,1790991135,-1466296421,538626090,-1698301841,1364159399,1185
-1809184245,-192980488,2051517,-1209617788,-169436796,-291473950,280598057,-250154514,496585271,1186
1257785578,114084105,938277080,-1562935565,750217762,1107840618,686956757,555511926,1252949316,1187
-1918399497,-1514253209,929829729,-1001101523,-50016542,-1674411586,649554342,-1066774559,2137513924,1188
-925437214,697033277,-1892083939,1035362936,-57977753,-1452021132,169646336,548850974,-1987404023,1189
1746687631,1581901215,-1602656909,58504395,1967769966,775052,1350385641,1087550362,1781330946,1190
-710700449,1258887833,1236639205,538477069,-302373306,-849330006,763137484,901334631,-1682693775,1191
2306446,1403227532,-141890978,-1985553170,-321937689,1833407404,1487995533,-2063095161,370049527,1192
500961966,234387186,-774962280,-1762504145,-1925817083,2003479358,1489512713,-1231180504,150358015,1193
-952593870,1971934472,899113818,-627511417,1474185374,-239742309,19370900,-527082048,-407800228,1194
-1427271093,-554639407,-1667295613,225782934,1461867210,-1995446639,-474458710,1322945387,-1184425501,1195
-2039755570,569875988,-505033864,2132558890,791644078,-780970720,-1638717373,17550897,-1151243853,1196
1145936632,-1824023970,2068991761,8759489,2084938853,-654641443,-1168633740,-935599005,1926517673,1197
-1021874412,-1574340438,1323625941,1916444678,1359634407,-1838079630,-845174833,74099346,2040606551,1198
-894541592,2147044372,-1767515828,272210741,901723810,1021701596,-594057672,-1090521534,1333815899,1199
-1907526236,-1352735220,195935478,-1381705889,-1282760864,1511643159,-419989706,-573094088,1293651775,1200
-1418574213,1266156287,1668972349,-713697547,1083944143,1790615232,-1654284881,16490401,1607559719,1201
1432419321,-1463550129,-140577934,-1561611615,-1026334698,128798668,-11573521,-403814695,1196121671,1202
834191132,563757016,166903589,846152547,71004346,-164284776,-1426579384,-862823418,2035934483,1203
1049472556,946806049,313734053,2083868446,-283906110,-1816884873,348535758,1380856286,-1419271617,1204
-1406506297,167495297,2131755145,574540860,-1994651898,-651790780,-233259790,-444658776,1797403156,1205
-561635085,1228509002,418374400,1017233369,1910065625,1548832524,-154742948,-415561545,-674128594,1206
1103008915,891843619,1919648740,-1096378000,-2126776507,976642999,-277393847,-2052701737,301211458,1207
-1660224839,-719493144,795068896,-179605344,2085325552,1741729641,-1147295486,340287515,-1221530202,1208
-1748100801,699867711,1420508703,-1712353997,-1954846982,1054550122,1355692750,301360163,1704180183,1209
-112288300,288362251,1178253984,198548257,-1632111342,237438281,-1366808355,-534007963,78077369,1210
-320469872,-36559829,-157309480,1883417846,-743401423,-1473173791,-1684342661,377736581,970835772,1211
552388720,-526592452,631755899,-2051983078,1950053215,1664393404,1619830409,7982332,-2121195383,1212
2045381561,-140735579,-1302030041,-1900369591,1694373660,-2053657506,1745164039,-1666246001,186360579,1213
230790918,1150401421,-769652517,-1441730227,1897452954,-1958906470,-1702940697,1849571982,447989604,1214
646078682,-475565329,-871390934,-1801395724,-1127215429,-472895434,-2061632200,817352620,1812144083,1215
1220733402,1527968760,1373298604,-203672575,-509133056,-1704695759,1828740817,-1941711453,1905817010,1216
916689231,-1921138817,1346678449,-314272945,-998711502,-1181401160,-656212283,1927284656,-1166199946,1217
488583014,2138771440,212101982,1640776224,-620381887,-1726219036,-1906392009,-1458583200,-1821267861,1218
252865313,294469024,740284684,1705851614,676159728,1735612399,120942055,287817859,1350032461,1219
-1017459109,-268752771,1978333573,-641386894,1121589300,1535627533,-2139201909,-1038014465,290758417,1220
1098215311,-1819204702,672183188,-997583233,-1591959023,1590560918,-1541733589,358924915,1166041555,1221
-1156255800,-1033059129,-1628941724,-574360599,1662435802,-2026610111,-332372552,-1138328438,-981339906,1222
239511678,-2077816804,-1605145964,1977328129,-2127762516,34148380,-2098783139,-1442588681,-872579191,1223
1311196836,-106970266,-27616902,1096919507,-1941576881,-1148573545,-1126547215,-708314260,-1008035443,1224
-558092258,-722810285,-1982763839,-1538787650,-768256585,-1155323364,1487283229,1792279655,-1893541793,1225
-1090333452,-2144143875,1300318701,-1671241542,-1814595986,-1238390245,-899133192,-2114728063,1614782231,1226
350721409,322081766,608125591,1229749357,2106748168,-2019013660,1631436268,269482661,-613741683,1227
1428707754,1851442584,-432411628,-932515055,-900239280,-1825897959,-241583929,-1848091850,-127888813,1228
501378878,-686761324,-2088245225,474635485,-35056197,-2122952182,-689555483,-328766242,-812382619,1229
-1324954264,-72270555,281127321,-986544116,205492687,1621335621,-315411027,1217875467,439631579,1230
1273829049,1956264621,-1017640411,-16002538,754908663,-983620720,507238290,92112017,845169087,1231
-735551561,-803876339,184442711,1281004069,1385504891,1610552637,1329718592,-1825406615,-1638489576,1232
1435785822,815285986,-373410452,1743606357,-697163461,-398588765,140408475,694394540,2120233038,1233
-245967945,440941456,1063965065,571965972,286368386,-1722614048,-1793293392,-784085724,-2106185099,1234
1212346005,922709642,1701816257,-1127322537,1553330224,-1949779319,165787306,-350111961,-1791722928,1235
379614220,1928484188,-859110109,1399721908,-1261351100,-729062086,1585378422,1363837937,-2086554549,1236
2143090864,1622128349,1597109592,656251013,-533427130,-835286533,-274123091,910961777,-688940593,1237
-1389191492,1800267373,-1339575070,-505876739,-1053995407,-486861128,-946216718,31527985,1859165434,1238
25514635,1522385409,-1303496053,649396329,-765098267,938487098,2104853729,-1351464947,-1200500728,1239
-1789005985,1446667818,-318783149,-1878521698,-711894154,-1267234424,819793348,-333549322,-1067262397,1240
-1909454726,-834823485,71193578,1022459890,-1764821644,-476887666,-1886219016,-1536184876,-564627619,1241
1250994734,116588321,1950835017,931412045,-1785829979,-229106858,-1190765526,-1242997803,-2037634268,1242
-1598042271,1112632376,-1314593605,-2064345104,-360025647,-1181492722,-905864134,1401650633,1498823971,1243
1887279592,619060228,1757610685,1581119360,-221507460,779769662,-1724582465,950825569,-1128300403,1244
354358523,1185073712,-427854251,-90179426,-1032429792,1631235879,1517741966,1182006712,-1246071599,1245
2102866173,868195674,190409261,-1590730591,-89460851,1308493349,1021778343,-59011915,1110449229,1246
-1573544140,-1082937110,495139124,-648301645,-1788657024,-260884582,209130866,733206170,-870072411,1247
-307733430,1032442214,-475670763,1910759410,1461134543,819827536,2110234109,463074214,-20845578,1248
-938485447,-2021432149,246586678,-1430660253,-746610226,1938486228,849911487,-489984068,12306203,1249
-886780648,2138053177,-694999057,-90254415,2000331106,546719824,-239422936,-1219121190,2034503012,1250
620414298,-1211954636,-1276556186,241897338,-603612123,1004323455,1293052691,-765941162,2028205630,1251
-1790992108,-396140128,1273646893,1140022977,-2095964727,1783765674,489531322,44084386,1278547200,1252
1716058368,155203512,-1388941930,129700054,-750537019,-30219844,-1643286787,-212336905,1791234960,1253
1041032846,-1111046150,-1140253552,-1774696334,1619853207,-51324314,-178433967,-1830997324,-1663311819,1254
-1933681599,-386291648,-1176627427,-64612541,3725046,-1865923149,-1018046817,-621512010,-1994921772,1255
-390045329,455922411,1307537316,-1529018160,-1205287248,-709979324,-2097518913,1585457436,-1316275832,1256
-1981502206,820237626,738716282,1694941906,-93285473,273734712,1297061523,710768651,841541233,1257
585354940,1908782198,822645265,-283318167,1547337136,1063453326,2088576570,1002380105,419781984,1258
-962140353,539485990,1453468485,-159742687,977149966,-416227272,-1543042955,-130339208,1665358208,1259
-1472853,-769828300,-417966330,785687006,1671485157,962569053,2021799975,-1956015945,-910079922,1260
249473672,589348789,-65093617,-1760901687,-768699241,602230872,-1358431149,1110767089,1080788320,1261
1500126655,555099500,2043713207,-1274625017,1951936365,940527955,1117090208,-1175889981,922013915,1262
226163543,-461331207,-1158342987,1582484512,1070689833,-1156451518,1342382265,1225612111,-1064494660,1263
442461190,-2080373593,-305811110,-805531585,-135227990,-1925126278,1329767241,144024113,-1407643738,1264
-1872278984,2082095312,1011531321,1916375151,39209016,1734421182,904514734,1444368357,-1253356592,1265
304045058,-660737114,-395943797,1041138193,2112544234,1266707739,1202531882,1609274620,-1151413681,1266
-1730902179,1267619699,1409805798,1309514941,944287328,1006054357,-24606121,-1098061397,10097134,1267
-1365370969,1969501255,-2102610206,9449798,28653104,-87320179,1983433299,-578511883,-1325897199,1268
-1541452274,2058197499,-318359162,-89269877,2131568741,-1460922957,-1669724898,-145814666,-286384615,1269
1017410484,-162937513,934828677,-1462336548,1880403169,-1063022564,771993664,-1857128458,589491662,1270
-900503558,1389819936,196171896,-606355580,-863230430,956183346,-1506858637,-1619822639,1359676979,1271
-1946608391,-314611848,-352388787,324393097,1339489790,-1465766680,-274880930,1142562576,660994852,1272
-325232874,1791093862,-809488086,1546711268,874180289,-247697801,1413145981,1399079701,-1052783074,1273
-1252425823,1724628226,-856229691,610872569,688010546,1833714578,-1672444587,658979017,1760191893,1274
-1291763018,-612280501,1031234853,1435493841,-148429393,-894781904,-477570187,-606218965,-1146366270,1275
-1707626538,1245857678,-1307649253,-862263384,-2047123928,-833126271,143539750,-61549269,-328778484,1276
2075369722,1611389893,1352959203,-1439333382,-43735096,1287055803,509472589,1285544261,998956424,1277
-1743597501,845892503,-1614394949,67038107,159883222,-1781898706,1272394682,-1501471210,-1750181292,1278
-1111602579,-900958452,-1255918382,83650639,308209855,2019811673,-1471994259,-1868994819,2008128294,1279
-990032089,-421280365,646203000,-1768840541,-1958057703,2064274141,271666814,-806476928,33741662,1280
477939390,-964516854,-637605632,-1110852599,-1089977661,-656672974,-881583801,-722842490,-1844345366,1281
-495179179,1193821294,1536122943,489178348,995257656,398253157,-1165367637,-738191964,2045141502,1282
-1189433144,421131751,-623016179,-132166700,166057836,-942503825,-1495712072,-745183511,566725032,1283
-1546037826,781196976,-742491048,-519337589,1460506432,-1093512696,-682051447,-1186464331,844797259,1284
-1358601996,-940747200,-1208334500,-217595414,-1408380143,1638160690,1182313247,-1903052013,-1245287548,1285
20799836,-1519740911,396106370,385511646,-1319065954,1233561361,497243571,-1002385480,-967657578,1286
2025195495,1568617727,279159269,-289519694,-1716029251,-216139131,1865263186,-1969903099,-738337520,1287
996055292,2044175705,1912232942,-1029548519,-1456593459,717193704,123154274,609456836,290513765,1288
-1791709392,411417979,-436702721,-2049635577,-1943855989,-1783100727,2088149948,2043207214,-805661594,1289
1921078459,-777738880,1889604736,510605570,238523012,1818947050,-1024328605,-780746980,-1349560533,1290
1918043791,-657062119,1942864336,1575723485,-551172100,1927548117,-239070808,1648987409,-37854023,1291
-1032074734,-1806948258,-673920333,15637147,1472706331,1764518775,-147590661,-1530638361,508955749,1292
827144533,1497764410,-1822899906,592999293,1107695945,-1069309366,1917598063,-168793268,-250319923,1293
1380545475,-1918295668,-1025382931,27387049,-170711883,-1901724585,1777914073,-1100905924,-1922157969,1294
987956560,2091710007,-2080459829,1084016261,-1133752441,109753429,-1396776067,-1895895177,1683865369,1295
5197468,-655379337,1511853079,-75650035,-239269465,-2090859293,947367436,1197700727,1724043411,1296
631139723,1078404174,-169185350,-37900630,610786452,1673484191,705134850,-997360406,182356258,1297
213155174,820155779,1436483619,-1597107334,322542937,-122105394,1543978757,1078618476,-1640165249,1298
2121159797,1986768165,-1013014339,-1034667414,374397943,730836023,2063402386,-1593738395,-426053322,1299
890454989,-1624931394,-1239942255,-1316094970,1029777722,-1874323041,-147427628,-1453902088,521325811,1300
-1567753927,2141259822,1422451203,1142174301,-506332469,1422180639,-230236079,60836404,-1568716647,1301
-1215488979,1194801991,-2046072039,1885575259,-230761485,2129631881,-894143929,520524495,-251660000,1302
1040553634,1953960182,-509421952,-1803806644,-1466926644,1344247432,-1342143238,-972890428,1201601169,1303
1607971383,-1740060237,1702929807,306447875,1203701306,568520132,1368485351,735302833,-1959906421,1304
1707280239,467432492,-355309418,1939149571,1741782324,-1846709247,1625943468,46190302,-1611518560,1305
-408236922,-338307454,-1069872913,-1833316984,948768946,2092592574,1305698761,1799800069,925436361,1306
-778801191,1592460918,-785078984,1667845883,1677744154,-1633437315,-517053817,1821298491,-428990572,1307
897508098,-843097646,-755138805,-230697309,-287280111,1277706204,-1416052630,-1793812760,1458591823,1308
-2123747867,-1581772067,-1511095605,-519911596,752843140,-1504259673,-1480927123,-1099888896,-1489999735,1309
1079952164,1097526462,44922396,230808383,-1962912332,-843205671,-317962710,-1069399290,-1003455394,1310
845045539,1501861693,-1778627529,1199424021,772761429,773543297,1253082972,1942530344,-548736534,1311
1254087271,-1780081161,1812847500,-229380763,-1893708896,-1711545901,-695597395,-1538363431,437009346,1312
103238574,1154443196,-574031503,-1543858871,15186948,941950067,-464406900,376188405,1957009939,1313
1688107872,1647240781,325145208,710297700,557705899,1955345634,-432797468,1345607800,-672425734,1314
620286203,267926905,-1790341985,641294130,472700287,-1875176051,-757392213,407913359,-1248219888,1315
412447667,-336992380,1226165101,-555011099,-1035028807,1987634964,-1955283469,753684365,-11794696,1316
-118911487,-1679129214,867980185,37772128,765852660,-946894864,-827028635,770810813,-788420199,1317
-505792018,-630432277,898039035,-176847814,-878999475,-1700180958,1164166142,-1978647126,1731269027,1318
2045762601,-2021445013,-955698458,588561271,1880912899,1134139253,-68806134,-422814072,-694896839,1319
1049254244,1612844745,-503626420,1424253061,-1707511251,1053811169,-1765704668,-517986813,861481666,1320
-992907164,-46604840,-912786376,-13299503,-1314527314,1066742255,-1647397583,534987174,-1496473264,1321
1599217934,1561783550,2090165708,-1456407598,-2093737949,636594689,-510854752,-150563530,242257561,1322
-292586557,-1264315962,440225219,1733207215,194057026,1318931473,1702282680,-1860751957,1909882427,1323
467936820,1102236518,-556024461,-121963562,-997837329,1140513209,-1672705808,22787220,232795751,1324
-350925097,569798636,-611694272,1632096071,-533618580,704523801,-1935701881,-64143533,126057971,1325
-786674656,-71790585,-1817846612,-251603546,-1987223823,-1796669756,-256735636,215629123,71053268,1326
-1486463159,1290101220,-1751904412,1167007214,775402779,1958644022,1115987319,-954134587,-1793877846,1327
-862910871,658758027,1616070660,-889795263,1555757754,280033121,1743899196,563200122,-362152378,1328
450920876,474288123,-380629630,743287057,-706990980,1483678903,-513458262,823440661,1038252977,1329
-1797389395,-654000976,-1157628805,390975388,-507827807,833948885,-1658078421,1475309089,-1303290866,1330
-807608339,-1623320090,1071741627,259358526,1414655909,54582688,704832912,1570243902,1921494176,1331
-1318818433,-1259139326,756473400,1736640778,631014160,-753600055,-1403440389,-1524640923,-708965553,1332
1912749754,1861205208,-2013333163,79818147,-60889654,-463157628,305444194,-1056659421,-1640176689,1333
-1271988926,-1342127748,1191607195,-1776678779,1489803117,-1911086596,852933374,-1599511656,801877570,1334
-1355124406,-1897020485,1097323199,1409005761,1209301176,-1632546015,240902187,1345092205,-795386643,1335
-1921254486,-552074710,550405066,-1056675273,1634632059,-825678176,1258149377,-666161981,1013406800,1336
365736727,1451215967,333315654,-1896147691,-1733972772,935191851,1114924847,-1315610249,-2006605114,1337
447932305,267172849,-734398136,1427488204,-627827323,2127841932,701726100,2106711968,110829347,1338
-633229052,-1707103269,796836503,258003440,-1441909461,1493937845,547337796,-858933701,-825183896,1339
-971786654,514374587,1843028377,-961435052,1745550043,-1857739072,-985225030,-556818136,288977920,1340
607007520,1103169157,-2119116481,-955668447,83875737,926394533,1713180338,1088234817,-1702209467,1341
1147353082,-1618497523,257021635,-1693916361,-130930443,2124438439,1398569898,2073838088,-804530554,1342
1262118357,1557589618,-523224509,196592249,1836051211,1181194753,-514262035,-1296301319,-1599840226,1343
-1505176769,30172801,1411348345,501993220,-1427404728,-819540821,-351485398,1465054228,1285467943,1344
521131448,1354705715,1551340487,-1856185914,-1903033586,-588177697,-139436309,-1774405815,1927033399,1345
1993626566,976372626,-728986495,1382570174,-1077055262,1688871084,-1520701388,-1258082134,1509460796,1346
-1595561448,-633185186,180814808,-827734884,236606422,574244164,-911189882,1848500059,1466785602,1347
155142011,-169721843,52032222,-1645579396,-998488129,-230232334,909745603,212555056,658706902,1348
1506158775,269498893,1340149180,15823830,1210289651,-1147453507,-1127280176,-9756578,1779478296,1349
1569247155,-1749512202,-44465694,-478278640,-22355740,-1269522702,2066756160,924980988,1969916248,1350
1644448854,-1312202607,1297792289,-390976546,-1576190144,1445729495,1634650306,52012547,210369603,1351
1741709532,-1548691559,-1496328179,-2068792891,431340737,487773728,-956246558,1894812814,799769516,1352
-1160409214,-187023525,91691441,36343567,-1195766962,-2092248120,-1589278471,-1229322637,457748454,1353
1068308457,-687884466,1741647648,879379463,-2005271439,2137207704,-709184566,1061749927,-1025234830,1354
1314794892,-1093911588,1279096314,-862237043,-1809814133,-1034944446,340628126,1146886361,-128578342,1355
887397683,-172274710,943318486,-224699881,1060722657,1003833095,-2136937004,506672622,1753388448,1356
770509998,1860475981,-714950282,-315787151,988942352,1646402256,441972720,-932988173,80292087,1357
946682833,-314851666,-112081888,1673279954,363700382,-1223514515,1294147427,1768363633,-508040323,1358
332842992,1210488946,906444507,390122658,-257380635,773415776,370871407,-1189806304,663738438,1359
-1662302955,-773457010,35330829,1673213270,1453991396,-1512551123,-541675152,1914272793,-1516319891,1360
-899280790,1738757961,989164055,565618709,-2106957280,929206416,-806363185,545165771,2137035284,1361
-332163807,-398601863,1293927456,-1837389572,111882056,605983956,1710325130,673457955,-2032525713,1362
-374600996,-580617092,-424490301,-946313026,514938973,512065331,-922051503,-1268285948,-1002682743,1363
-321179477,-277137940,-1779496020,-1749890324,1985911829,-2051176981,-1941430507,705396620,1557951600,1364
1380068864,-1759767036,-532845701,-1241122005,1056620467,1823019666,-962121752,-104933298,2110128484,1365
73074020,1758429409,-205430064,1604404786,1919886049,1824387505,-257561535,857496323,-1597918096,1366
-556681493,-1684291487,-1453826449,-1728093829,310690362,-168798456,-762923333,-1285816107,-1762692925,1367
-127951654,-2127551715,-1632619037,-659174857,2088997136,772142044,1560827038,-1193258658,-654820040,1368
-2141198254,1604365275,-726773358,1579168824,-417287992,168210371,-36587595,-992983302,-1865174591,1369
-251147784,-1971592311,-2064309722,-1551236989,820808683,157149054,-1031055766,-1448524504,-395628407,1370
1048219634,-1429775437,-1060199866,-504780057,-1036621123,1102507185,49990270,-2019660789,1780780097,1371
-1059561274,1292194196,-797589714,1776104796,439534460,-1489308862,-657492662,1151777408,-1423979460,1372
1622933031,-1229965589,2037997454,1757223633,-2036061951,-1401962088,310735029,1061133846,1106307360,1373
-1955593671,555758714,-1526189750,-64940337,1765383605,-1039699679,638295419,1454225234,663583996,1374
-307647590,1084801742,1693452577,639765040,1456072477,1774079036,1200061506,-876479707,457065914,1375
130706799,1804588364,806595013,1184668327,401718849,-670293686,-362063039,-27335010,251545702,1376
-2052735427,-152202964,-1618849637,-1396175377,1860092738,1607217778,-1883420279,-666941212,799613934,1377
683014170,1178066723,-903138232,1064319757,-606373296,419815231,935869965,-1317304229,-483569768,1378
-496450678,416559357,1955804082,-779937677,-444836605,488804791,101880925,199557687,-1037033904,1379
-582018070,198068926,-151786026,430726630,1229803885,2122070293,545430676,166451355,1549114331,1380
1811443038,111980726,-1858948857,691435508,-786312386,2038233502,1926407541,-1114649098,484383522,1381
-1478144760,-691785709,1466911979,-659664782,1380542387,-756455984,419210666,-372754145,1389315326,1382
1268853389,-974082669,937566452,-925751972,-1743966678,471561309,1133140229,-1382682548,-1255859160,1383
-909542120,2075083313,-1712790878,1012602132,-1615521894,1226225398,-2076836140,2068366632,1362845818,1384
1806990093,-1431686594,1257108296,1405926314,551470123,736300616,2141955375,136967464,213862251,1385
294754072,-1736875057,-1008319692,-279775185,-1572929991,1153501118,402469379,2029970809,-1137718614,1386
-636676437,-1925560802,-34424941,-1958660687,1034309967,301525102,-1340974223,-34108337,-1719616447,1387
717646410,-1249844841,-1898795571,1546222078,151862276,218938719,258783042,-1772449292,1878662369,1388
712105523,-634329063,1192415167,-1736108296,-154635227,178964063,-1106718674,980023248,1345824715,1389
-1095329700,1062874704,1148984590,640170408,985487478,-1038642759,1147495103,1641006486,-1187922094,1390
-1263714000,19124599,1546016245,-131165974,1954374016,715929338,-1691591284,1435435857,-207959626,1391
-1523525775,281729003,905199000,169314613,1908058675,-1632076270,88801204,-322182266,980424819,1392
1383082807,1909484571,-1550919174,1239103580,1022982743,-651396249,2044122568,623176360,1430145977,1393
-1736384721,-1814355655,-1069488540,1825439000,1208286061,-577178045,-1071943606,-897437888,-1903510080,1394
-2097597809,-1564790594,634707823,-636227112,-711942675,651722265,-130468733,630825941,606870429,1395
2046111250,363471151,1413336157,768347093,-1067463062,1543427628,-1941242994,25195064,737650082,1396
1383114940,1771942031,1821119258,-1855236066,-1497165248,256092553,-1564669001,-1178812929,-352985286,1397
148517368,523711320,-1327945680,-2084113715,922396765,223838213,1390967476,1976596149,351776448,1398
947347325,749624419,1400099246,-539218331,549219866,-784910214,-419079277,-118175659,-1628300857,1399
1443041281,-911273117,-1166790915,-460797573,-1708094053,908816939,1269544562,-185229065,-665311369,1400
-1498754827,-1639295467,298345997,597283404,-252048306,1232147468,1984840244,-116854370,-1030532735,1401
-1658779613,1121333076,-467307220,-122516959,1000732753,-826444764,-859506922,1915903118,-1647159934,1402
-132892213,465740152,2036930155,-1807604237,-1944298199,1705924489,-503440196,-712357290,1424146235,1403
-352594689,1801988031,-1537798018,890264593,-797975109,477402497,-695525320,1384271363,-1291268069,1404
-1023435120,878587191,-1358865537,-1666900503,1364538371,-1538689904,-2064381929,-1965604887,-1643587617,1405
-952429829,1405541076,-1730201681,700757629,561342924,43254903,753270168,-1588280667,961045858,1406
-1078060007,412208823,889062417,-165047440,-1670274064,188106857,1215001931,957859713,301288709,1407
1420798890,-1393183922,733801136,1196690547,-631440715,-1251442948,-454314834,2039871316,1591144318,1408
-423932061,118255825,-371492844,1040925301,1288950092,-2062683153,2015682072,2010938718,1049331031,1409
-850839333,1294498696,1497907019,4253653,139020916,1728894693,522354267,-350772575,770202493,1410
1260413156,223894700,-1437425639,-383535142,-1150438601,-750599693,-170572439,-2109429369,1123571651,1411
566714113,-622634150,1823072293,-111768408,-1349957147,927656951,1753958105,1915605909,355121286,1412
-2118064354,1305506938,-13916690,-1094016847,1633763258,-1013904619,1622972243,-1012981028,-988202108,1413
-1146269127,-173154792,663739737,-1068700247,529283473,1504655330,-2021859491,-361491577,-1607016267,1414
11837376,-181897063,1680652889,960149593,-1664045429,-1051211234,1418877241,335058076,710434336,1415
2043222736,576607113,1216365906,1387047362,741970518,-233432785,-2063166465,1006015015,99346463,1416
306095111,223849290,1523407877,-1880570217,464674029,-745917406,-2138274825,-1827734446,-496257829,1417
-1842865728,1056535805,-543260910,1349240430,1195364309,-1593100294,-305474620,-1964766114,-1467012951,1418
-129645153,-860939730,1334757324,1971469963,-1891887297,433832356,689313402,2137378664,-1492895876,1419
768244454,430201361,1009188269,1218377175,517468123,1263244694,-68706989,1886788992,1338135460,1420
566808853,-743624937,-1346949312,-1014749350,-1170638581,-11200264,-646058697,-144252893,-1112134799,1421
367136292,-1893388714,-526001498,865726935,294752903,-2016518408,-1645509116,-650846158,-1904941484,1422
-1830843867,-1736499370,1925508949,-1035892977,1700073334,1481433155,-1715263542,357100057,217911941,1423
258023876,1736565576,-1518835787,983832287,-1289820345,-88553063,-1223507307,68847818,829752273,1424
-1145240881,-1202669900,1515198245,-1860582389,270935596,1516078730,-1715616513,-1652305787,702115286,1425
1953703032,-1858369938,-792353875,2137124956,-1649570011,-65173127,-1577302461,-676784538,1426460644,1426
773561971,1104897342,572834491,839296876,1436938628,346077360,-1195736368,-1906218346,1062135150,1427
1386441309,-781524800,-1186847966,-1807856470,-529543874,-237832315,940102441,-729939539,-1278350723,1428
1018895659,-1615982785,-1458970323,-402523941,1618820870,-726759528,48929620,1311836112,691110728,1429
-627162944,128958169,-2053216853,-1959113623,-2097941864,1011138727,-801846836,1510250317,1283609917,1430
-610345140,413981523,-1204495768,215477169,-1895527305,-1775180582,-1258868909,1727412451,864531004,1431
406480600,75408709,976325310,-330486570,-1062245003,-1767475206,811604160,29317522,-161092682,1432
2117628016,1010521962,-1721038901,980015134,-1934981253,-1472776024,-412253454,1559154058,-1026999699,1433
1618284829,201993230,-325051,-916114111,1083423847,-938260532,-1061379785,-927848473,1628565688,1434
1297516041,1276513519,1116880384,1503157940,-64151925,-211288705,-823484737,-63320350,-2066598038,1435
965017738,-946276396,867068890,389627134,-1893822300,320465874,449789501,1115077678,-1637294374,1436
1251827822,-1710455887,-269311966,882671376,-1801392648,-2111950596,50198894,981225920,558264793,1437
-3368060,1612434787,332120746,-1818812114,1384807868,1626493174,1678615224,-972114405,861663854,1438
678299082,-1744357619,123551868,-894980465,1649215305,-1897813608,1879644388,-1083478915,1864455774,1439
-421311423,576296388,-1504085857,-916426428,421899555,784749067,1225848677,1578291606,-2077404176,1440
1551448716,-280357914,1991656218,1927025757,969033641,-1776516308,523319688,-113018910,-1743972019,1441
1401734157,-158374713,1113241631,2110873358,1960381715,-483345099,-529057469,-186170199,141319920,1442
-285853050,781859886,109652965,1896695107,-1659908332,-507067855,-918859587,-253272647,-1313678562,1443
44383108,1739723468,-215527293,1612614308,1851859042,921149046,-1281649014,-2109562341,-197197,1444
1985014288,-574278075,836810578,2075841114,1263385551,-1150762774,-141255720,987995473,-1156832374,1445
-953474312,1598225763,-976132571,-1098668348,61468329,-407191870,971801999,-1787287459,-1888127073,1446
-728727063,-1130418601,-666074821,667235997,-1997599940,1827997135,1406018122,1812719329,-1270718038,1447
-1720268995,-2146990400,1822380968,-578792478,382935224,256629146,-352875265,-1284756146,677436890,1448
2017549737,-633415140,-1423124013,678903044,292451085,1894097474,-1597561838,482940031,1652015220,1449
-513443503,16456823,852563447,23863192,1619336725,1760100686,-1271750762,375713696,2111418826,1450
173848500,-2097286092,-1557158954,111400665,-23249883,-834442605,37173657,566980279,-1055800761,1451
-1372049917,-1754715471,1472498125,223543973,-1923927333,129583167,932433446,-1568948606,1465833796,1452
1812222362,938285410,1959645642,259257039,463724846,1158865416,2139324858,1218889731,1806499977,1453
-204054660,-2092454538,-1289375503,-212142537,-1432163991,104344711,-1839660607,-1765438352,518629890,1454
1893080046,-276243769,-712247492,-926614263,1378485935,-1632788105,-170923163,-1563230871,923700810,1455
-1211745621,597007878,-654773553,-1201099988,-1919080544,-729315778,249283154,1017304309,-1597134211,1456
-755079045,1334507024,2005252371,1506471036,-255497202,2082520467,-1266373791,-807984883,1731244398,1457
-287659360,-476292598,-257269790,-22717562,1972140813,-912696200,-1870214025,975419781,1543865112,1458
-691061097,-564196242,251658493,-1647086687,278391593,-1473962289,-1969410940,-1948384114,-302062341,1459
-38796009,-1303704375,292151048,-1911897043,426666188,1883595989,-652629282,-170681618,1319291004,1460
-280113816,758886761,-106629337,-1980500519,-1593983313,-1309919187,-2064571004,1071778587,-378537220,1461
-2008000788,1459352891,-1048949978,-701603785,2118353072,-1929000768,-2028237427,-1032052635,-1922388352,1462
479935628,369059903,688763313,561521364,-1961241723,542101227,1136014797,145260868,1543026290,1463
-910519651,1386892614,915863497,-1639615557,-1295834539,-1751783284,-2087175210,434410754,1195465275,1464
-1638585925,-1476793965,-152323,-68596710,2068488306,-1030892803,-201414916,-1732171434,-1294765705,1465
-364535261,-1396947371,131817040,1335703188,-669639157,940854834,811364264,106608302,615527959,1466
-884605968,2083107253,342028444,1438568649,164715437,1552482820,1159620784,-2013126091,1137685505,1467
-860432093,-777592817,-1511673175,1338100293,-1824298238,-293279135,-885971326,1477433503,692787352,1468
312823680,1849920964,701691721,-1505371108,629406198,-1907461544,-1802676777,-169515314,266678662,1469
189038157,1323619436,-1066496335,-1368524310,-2145030161,-2076020687,1503287510,-1336166937,1541746971,1470
1122571160,-572566780,-1797494260,1945751231,403399882,-200759788,1790401845,414108918,-1269014812,1471
181524554,-2059046722,-193672158,-463240057,-1929702952,-492142206,-1318902750,-321429384,1239482592,1472
1752175383,-64850618,-1873853910,-545296646,2053690701,-1649919695,818976626,-423489,1119182204,1473
-1141830823,-1821565738,190830850,1055171722,633363739,-1121169584,270093745,419058161,-1285144811,1474
857056395,973673846,1092285989,-1739781949,430095274,1617050140,2032594097,-170492810,-1731551416,1475
-176358569,983431336,261511867,-907832439,2005742923,1507869043,-220312723,676798758,2144575140,1476
844051558,-758918542,250728487,-1568664803,269055632,-1991946827,-287445866,891538573,-35854602,1477
2097708593,-1604370630,913312770,-929927615,611853469,-1323715811,-162745443,-1697750948,-1292559720,1478
252045770,1373817182,919049656,-1970462052,656145363,123500391,2112301088,296578749,-1864314353,1479
-1425626714,-1105952908,275991386,1896007451,-1131007081,829706349,280889959,-1838703405,1598614288,1480
259606561,1999313523,1807542367,504408528,-1587832817,-2115588012,1165475026,-1771945673,-1082131099,1481
-965094696,-899475920,-86027070,-345455360,1579883614,1673786680,-1913642871,-1716790640,576297360,1482
-1624551880,1828754740,-444012339,-1633814838,529187295,-1412775480,-617723509,351484738,-1825446097,1483
-2138878985,-422941530,1703830958,-943671007,-84947819,224080817,195411377,1067998915,-612711445,1484
2137915457,-450720840,1030394772,-213150437,-882595584,-1574526422,-246921340,-1629643006,23998341,1485
-723700665,2102224911,1132468848,1601593169,1192810582,-1491827465,812353508,168112805,1677356254,1486
-451937000,-528882258,1071939100,1122941162,-814233822,1754086960,-1637711636,1208029837,-948302117,1487
1669967524,-1273858006,-470481328,772089597,-2068641402,1252138705,-417380456,-1588440884,-1581557835,1488
1918464059,1504005553,1431513748,547605612,-1392447995,-761502619,-281702986,-225806881,-62732700,1489
-1417957266,53202420,-1339153593,1308083891,2128682880,-1544432950,1297939568,1741346034,375546409,1490
-1579681850,-667320326,80371883,-1142432259,1571856712,-1064544096,-1732605943,1999466444,1709765489,1491
204375401,1382179105,-434884495,-1894451817,-120954504,-2019704281,623022969,-1883205313,1641257082,1492
-744113782,-727654392,972677913,1108646888,-757424182,-706788754,1798187020,1609972077,269472095,1493
157045188,571138015,-566646847,-2084499607,1161696743,-1447191189,-838209061,1585736825,-685459439,1494
-2026399355,1076720157,-579878437,1657052914,-1988651172,1067265701,-942000905,-2010839348,1372840424,1495
-1230217248,259363895,-1833626603,-2072011662,1084471630,1919779430,-1863114834,-1201272148,-816811726,1496
1602434428,604840595,-515552381,485383584,-109012035,710172731,-1668479364,1462543198,1292152454,1497
1331576269,-723934454,2092739033,-350915583,2132772170,-1869079555,-707125331,1717930952,-1105069284,1498
-1357739534,-489676322,-452482147,1205614528,-313122746,1592959674,1523203351,-967700668,-176807000,1499
-985434570,-125151182,-448888046,937196418,1377195784,98162155,323734699,1435988886,-977218553,1500
67797619,-497903402,1120978703,-1045461051,-1282965293,-1194450782,1271439221,-1356969469,94077679,1501
488147585,621334845,405353197,-638650317,-111826958,1244111807,-1814416808,2115843219,-1469711646,1502
-2092450886,-545919653,587130738,253075482,98978227,-1128029180,-643494762,-1888163583,-2107463273,1503
408281886,826707250,-585172586,-1005310736,995590369,1586145545,-929768379,-1556530316,1490362193,1504
926472929,874140616,-1217924266,1260451067,1247491804,1840355745,-1959399047,1401876928,-2138817117,1505
-1306128587,379852594,365519032,907981938,-1004613868,-352763722,1107972437,754605712,65763856,1506
872223882,-1345263088,-1249854534,303087077,-613373876,1469617989,-315970995,-453104700,613325337,1507
-144843535,-594129544,-1839182914,164320525,-1130508395,803571267,-1671958276,998830053,-327620855,1508
1801637957,-1758256156,72293937,-325668711,81257513,1364222939,-742564696,-1205214539,2131264145,1509
-1623624634,-1521259359,72284022,-490731938,-1180510838,2073044605,-847305036,1632783103,-384616586,1510
1776996554,-510454456,706777704,-375154957,-2102424842,1697326784,1676183683,725177583,996037353,1511
290186695,-809064154,567870675,-1626736168,-2059500099,1105592339,-1176386436,447988401,-1211230375,1512
196449257,46226886,1137619952,1484502166,1236062798,170148005,1335992767,-2128616981,-1785969417,1513
1112033743,-512674005,-86188118,2086258270,1232681941,-877360654,818898700,975579126,1625329362,1514
-1123926462,768842515,-1398955433,33559914,-1921698,246135443,833819895,1943296294,-379713259,1515
32251910,-1619094467,1589130898,-653613321,714445301,1227403517,1295738732,516511187,-1833115109,1516
-1978125736,167848111,550227058,209562473,885103985,965105911,-668310257,-673087730,-1056440904,1517
-1863986645,682733410,-1983465135,-1743650767,415151282,159491000,-435826786,1169489930,-601372993,1518
-1695429715,1654104555,-631462489,-1757842247,-666939852,-2010210846,1452879309,1211340156,1328198265,1519
204992593,-2031784042,1144269791,-641947691,-1462480362,1230003243,-1688266959,-1678319355,-909192374,1520
-1634321164,2098530037,-1390502755,110138999,-2084486894,-836004825,-116476477,465889416,-1580078590,1521
-1963670910,1314925786,1823251485,150993218,253485103,91900170,473566817,-1690823110,1047957279,1522
555554090,832711100,-733462962,-632337961,-291047596,854936073,218347031,1573005108,-1853876274,1523
-1752789191,-1037024226,-1707033759,1300202289,-992797758,881990642,937520609,-1570429205,-351069484,1524
294731358,1308404137,-1645302837,-1947005601,-48477728,2058371876,-1561824114,-59016509,741776938,1525
-1882061380,458895453,340919548,1627300235,167664389,-1301333995,1100758482,1109001413,-737173387,1526
579679701,-1862634063,-995411556,2039719562,-999597846,43416675,632893456,-423398589,-874923321,1527
286404857,1563981058,2033174086,-2040026677,2033838287,-263082833,-196622535,1419911815,2092221982,1528
-1329649381,-457333239,-1875781975,-268135783,-1824019308,-125744913,2013438239,-813681983,-53854237,1529
-1961748934,1012126122,1479529386,-378227211,-804259779,-1152057469,-637491180,1967022689,-2031635542,1530
-1596889929,-1915091141,1388115729,-1746665186,-687449229,1063430740,1495749296,1174220943,-1513760101,1531
44492697,1020983431,1073696580,1817053459,-1282714832,-1652104804,1793900217,163198889,2138929305,1532
836400158,-327527443,1524451036,1380924880,-823098113,498256797,773738072,-1738237393,272018488,1533
-437835346,1657102970,-35405803,-1766830337,95235822,-68682138,1022947058,758569311,176811201,1534
1709126460,464370045,1802080393,-2005531736,536298769,-346567905,2146087713,-1215528776,432356692,1535
566090488,1195599277,-2091121393,1703334808,636085901,391305161,-1366963186,-1656114135,-373449448,1536
-1786878117,-951915532,-1760559756,243461289,104143998,-2073670095,-58626340,528791261,-1469572153,1537
-1508918101,368121388,673311017,-1617728429,720609761,-903581168,2130104834,2013308904,940084344,1538
622661626,-134314029,1144689768,-1161053287,1869731184,712243805,-1644834963,-150318751,-399673210,1539
-752903624,1584392901,-2140540483,-299373016,499419984,-557278329,-658133786,-1978850646,-1464051278,1540
916865211,-297771358,1295246754,-1389001483,618967843,1474697887,-1302984926,2144017495,1519060333,1541
-624897590,-798762239,1964304385,1256943889,-1897418477,-390702267,899602422,749476392,-1007980141,1542
1604313055,-1184704318,-1579126583,504358161,1161126182,1845550543,1680529010,-1124011621,-1280093960,1543
-151876951,1747530062,-468023776,-1616112143,-703966674,1406947001,-649950188,-1509229143,-841858422,1544
-590158318,-1905000702,1855964095,2144027395,-1549405454,1721194181,1424681964,936845997,-376876396,1545
1723086780,-265241088,119233954,-763310355,-980724109,1972248567,-1975772356,374108591,483942007,1546
-278230001,-1102712103,741231049,767788601,-95174461,1365837827,245394826,1544347810,-223554567,1547
1171404192,70280957,-817424912,-814086921,-468649201,-617729529,1483948126,-1392961851,-1555784953,1548
236284562,1097563211,1333266670,-1703997672,-511112745,261638893,-37411337,173230540,-1371867151,1549
-933549098,-1813989303,-988153396,511855246,-2056616245,1984161752,-1521929452,1366631449,943792892,1550
1073514720,-782243451,723964407,-37285554,1688907704,-1032292550,1392297080,1350420391,128739637,1551
830641849,-917494539,1580691725,-493767054,-1341469194,-719375245,-750160290,-1525080255,-730178473,1552
740423051,1133653917,-1665980394,1499157911,-7485742,-16309848,-384873596,977194799,-1987372338,1553
2077093430,1897897003,-624616311,-1245979129,-552868200,302707822,1253390854,-59581487,-872249641,1554
428660097,174117939,-1249137261,-868830251,-797409379,1814388583,1012826115,-2060796757,1492196053,1555
876541758,-2001264306,984598744,-321687157,771303385,296279484,609198665,-513522919,-828490274,1556
1374686635,-1795667266,1213005739,-1771463118,1381322383,-939290521,1871566902,-1240055882,-230002592,1557
-2122461599,781067620,47935109,-839751173,788783498,-1013651089,386798474,-1434772102,-1062856427,1558
2082550478,-872770007,1849497263,-42187835,250548586,719365499,1610899002,-1547482333,1662766815,1559
-1045687275,654177487,103030375,-1264511022,301844352,-1871734954,-518681032,-1642815264,1371196316,1560
-1790389767,1023355671,-622124773,-1501981564,1976376628,2076181132,-58115413,-1240108747,466756745,1561
-466546223,2026804600,472086166,1327365250,1058007562,-1731401205,1754310574,-60649533,-505792013,1562
1697280936,-1319634067,-416796556,782039651,267875441,778520951,1938127581,586898975,318673067,1563
-540007649,393292091,688352218,524656763,-714954544,-540065151,514745308,-715876561,1180750435,1564
-714621880,-662970442,-1069838365,2038565673,-705537415,-1668765861,1260460318,70258497,244148453,1565
-1910869298,1936540193,1050244845,2102128933,-675951145,-1159367757,-1017555528,-1363127837,2133322985,1566
-155236857,1892040147,-80319159,1952394743,-2016009280,926107483,481580067,452485075,-1113477929,1567
-1588724712,594607173,-544386483,-1652113065,941154948,-654035875,-1658717742,300889054,1077671105,1568
2053291691,-210400378,509401621,-824217793,-1407356099,740403006,1151604211,2075594412,-1804581834,1569
-705699495,-608972075,507582956,-1759603876,884726606,240519958,-1698676433,-2036880822,1476302382,1570
-590063129,-1590383358,-75571219,560007574,1773829646,1279228138,-772224482,-2107134063,-1958068546,1571
1581461435,117825672,570679161,933710708,231098804,1276794935,-1041424885,350749834,255661577,1572
-1737711731,1185616461,1627542549,1592265067,1981192195,-426002248,1012739375,-2081473441,-1242826873,1573
560935221,-2129935003,-41555435,87082868,358087798,1616061421,-1939329434,1149278647,-234978726,1574
-1445495412,1278936773,503830344,72737581,-1484528243,303468359,-1166202368,947493492,-470550651,1575
-1665775923,689582762,-25832258,338605444,674296481,160838182,1977619753,1920908158,-446500845,1576
1528560121,14904682,-1882371155,899879109,1525017797,835319245,604352019,771430467,-1859759329,1577
865146002,1256172879,-1609278616,-2074756399,-207102511,211393666,-672578657,695082926,-1560609734,1578
-574624669,-1859792389,-1980824043,113407795,1953954949,-1269523704,2124483411,-995342903,218377133,1579
-1492827945,883808331,381161640,-355406629,1862076310,1556618915,-75440659,637049497,-62591531,1580
320767981,-1016386385,1628782986,-1691762183,1922570405,1967858933,1138316774,-534124244,1342109315,1581
778525521,1688401936,1983628929,-692772757,-50075923,-1331104627,1378071348,64246286,163764915,1582
1637096259,89459654,-910473932,-932628430,2105496810,225117290,2136030628,1451552748,1960476032,1583
-1059032667,886902724,1343561467,-2089267303,996184443,-177319568,-1718705471,-768477536,568799196,1584
-1163608234,-318860302,-123061828,-1412183025,1050639461,-1995003548,678705674,-1305866889,1509089684,1585
-1255674947,766419570,1013498436,-507775973,-2026946976,939338027,-1189858640,-261321350,753431121,1586
382350901,-15628928,445108449,-1570264123,1312949733,-1985071484,300513517,941833797,-1494790447,1587
-1569483090,-1805205331,-1013740169,-333489800,1255382990,108438589,-742687129,-367068168,-788753247,1588
-368823502,234235293,602618753,1145875265,193499549,1816388030,1135330367,627335079,-917644626,1589
-2001510483,-1075517078,1018282689,-1702404427,-1317038132,-380562353,-1393206343,165709457,1498225182,1590
2140201831,1195227929,1766388462,-1585141693,1926880346,-1844098872,-2130602239,1534292504,687004170,1591
271002716,-1829461361,-493789263,472824108,-766013878,-961120612,1925410954,1576687126,-163887445,1592
573724557,125156478,757122197,-1857581897,-25161153,-928976374,473661162,956438339,-37243446,1593
1764266428,955690678,-667086476,-226417476,-1935103442,269303018,-1812718553,1315388372,2008911447,1594
-1709437379,634101287,1601379746,-69910427,1895664898,-1909927272,2138277250,-838332221,81689951,1595
1644915748,-1076447432,1240452898,1296074254,-1259597381,369698408,-1724681480,334585609,244863766,1596
-276836652,-492372133,1904742321,1840735196,277206060,774364553,1278018966,927919541,-1364822884,1597
1875631804,1650651331,487462825,-911177192,-2061101480,1614069592,-1867495357,-1750824214,1074241612,1598
-788919126,1566025672,-653771225,-943851238,-792761756,1468358074,-333928381,-962414389,-81940866,1599
-2040721486,-1342692050,936735642,-481353362,-775213788,1447086503,-1936183299,1981502585,1236635970,1600
167536825,-1356681196,-1722216824,-823647957,-143884882,1629549265,-476402530,495145663,-1985689667,1601
810670296,1019460510,-1007112869,-2087661612,1503133271,-272411150,724486488,425222421,-2110648267,1602
-479078269,688869649,-1287899177,1900271696,-1872076191,2057497049,1066286244,-354918183,1169306562,1603
-140255714,-1452601008,1562494953,-1430026428,-77962255,368046493,-1933208107,-876024651,339105352,1604
174482803,1231249012,1127844860,1134553135,-586390171,-1287888771,2001531095,-24065606,-834396722,1605
1514929868,-675266931,-791041701,569558925,-964318444,789321210,573978365,184915834,1436900986,1606
-247858191,-778609437,1108349911,171789498,1389384852,1091181133,670073141,-149836405,-731361118,1607
-1268174985,685963795,-1572019189,999595450,-2106496490,-710123191,-1775662801,-292896092,-436047381,1608
-1372753996,1042386915,-1080271079,823145222,508707411,-1805911466,1074760586,-307033555,-953232977,1609
997969378,134582811,1286800407,-1200890628,1175451205,-2039533801,1032650761,970107321,-513842952,1610
-2018534948,-544810369,699131977,740525592,148928161,626681579,-159022718,1327825818,-1283910199,1611
-1854351482,-1373031556,721392966,2051668517,150488853,-1638040300,1822173826,-1724094043,-405841854,1612
1772894600,111541790,1481982474,-891642201,1718867739,492519629,-292313769,1498402822,-1218564000,1613
1188485205,-1494991911,899270972,-472144001,267122180,-1903982697,-1042314148,-104262634,556103548,1614
973022101,957773402,2144582171,-1681584191,-1154785895,259129861,1009162491,1415944232,36030478,1615
1955605948,873175759,1381776064,1073792418,-297192636,1899395293,-645897248,-655856257,-634184821,1616
2049553788,838187013,1364258595,1761102514,1767974060,1361190918,-229574519,822187272,840995358,1617
2136883158,-217812047,-759828961,1826026997,1349798788,-630802302,1471654663,773695505,1995645543,1618
2138972804,-539693023,-1028596508,1237388475,1453613198,-167026001,1957759000,526182453,449390260,1619
-560952424,548596768,-1902244662,1900044692,-1570188936,-171024881,-1811802605,-1302242042,754359757,1620
175454822,-1409478470,-2115518965,49081120,1230203165,-2021290245,1250764794,209563449,1855032379,1621
1368405836,956305376,-811573681,1108441481,-108746824,-1384023388,-403347181,1673946872,-1248904501,1622
993383821,-1796394698,1496762442,-1131429774,1523515543,1002092929,-971438971,-1457839629,434822527,1623
-363322259,633206663,-2088619733,2054395152,1526648513,-1969954857,-1214702829,888202729,-102347782,1624
767140547,1335164392,-799221826,-1158770648,-1202637324,1527571988,602526980,-1564299345,-24100839,1625
-1939442265,-116198975,2050352758,341670965,27113455,-1229579653,830041463,-295211804,656545972,1626
2035320585,-105698241,-393521794,1559408873,906770933,-817780922,1168938695,443765319,937059830,1627
-1243440173,1964649589,-701273354,-1444108960,1218829517,581247192,-849170245,1697576307,-358869311,1628
-1444721357,1780964708,-169674848,-2041721315,159087224,1738566366,2097722114,97316780,343455224,1629
1577753945,-385191263,-514511917,153717514,-2057931799,-365050522,2025089178,-1538877834,2016105146,1630
959841857,-881686967,1743876327,-69967047,-683546251,1968988053,781152441,1793154832,583344458,1631
-1631562926,-362960116,-1722265162,-887876694,-1322665481,1351493173,340437655,436804298,313197108,1632
-1589699534,-1309843740,-874081134,-2039301675,-1705160493,1291475912,-1149475336,-1526150763,-1339807474,1633
-360450454,1627909042,1462086092,1486501984,1937705918,-1167242565,292854903,3554702,258285043,1634
252579379,-559683445,-2003886392,-931074759,-986005519,-1202341817,-793441172,-192095162,-106018385,1635
-996934589,1847849813,484130775,-1472642439,1797630184,1350751315,-2096865593,-456824371,-245067756,1636
252148445,-1128854190,-1100636412,-1023500567,-887312497,-1901127586,-668018247,-1833806498,91283474,1637
1763178374,1725249002,228287261,1139539909,-831178418,-1481071288,-780314184,1679054090,-1769760479,1638
-1715570847,1137010141,1399435900,-745249800,-1985613981,1419675780,1160875681,-1759676564,-1967813020,1639
919697793,-1426328785,-1914951594,-1470468959,1283509670,-1768723167,672265473,-183708075,1727547039,1640
-1983150372,-363673268,355351739,-159479007,1946550744,-1782058814,-926445165,672347063,-43586197,1641
-157384332,-1005228732,-1899052092,2041160623,-2081316356,-142120587,1283469548,998859995,1552839033,1642
1429359528,-1130735660,-413370480,-2109241133,-1815549003,-1019419845,-1446186146,-1046733187,1579072911,1643
709190256,-266894647,760653237,1003257626,-1936577932,2127166269,-1960170672,-1999488935,52465352,1644
165252839,1412186586,-1245614225,-1610830191,-658226820,1126574443,1700659765,1791589519,-1270846595,1645
1393926947,-299502086,-1416801094,-2106095416,-514755922,2101428026,1124615372,783936260,1836651714,1646
1235502793,1039051771,-1705435733,2016233671,-537818761,-552353407,1972723639,-492844554,-575469208,1647
394095745,2026063510,-180116036,1279008632,701903297,-707973693,-1720122725,1086738964,338425395,1648
1004344822,1382045107,-1928457617,-1597101767,-1316840689,-973905203,-1798768417,1779899917,-1998683885,1649
-575706702,-1047256172,2001272238,348659546,-595217609,18951257,-2117026671,-427550289,-459541974,1650
-828004413,549468121,-1892265753,-399379353,321315008,1242079558,-379684051,2033769094,908347609,1651
-1726227339,568589856,-1146846829,-957560423,-891580759,-703678468,340157059,1648633978,-1196593202,1652
-1640778642,1485916470,2104933022,-1693900668,-1685627586,1621124661,1487678330,989063625,-384845039,1653
-1995604224,-412807532,324792311,1219345962,-1324644241,-1789844858,1882693661,-857028509,-1046740233,1654
-1720611896,-450872899,626927431,784942071,-905714067,-388184357,1725401456,1412351314,-187278015,1655
32243368,601196986,-2001537719,-1035481515,1058427331,-623555434,512747210,-420948504,-439389713,1656
-137977299,-1937416980,673499449,1673855732,-1168394519,-528431153,1376102080,-1472981068,-1535762172,1657
-1254249965,109741990,1475991063,1251940854,-288638388,-1907313788,-1709939161,-155110766,-1694516112,1658
-2140420739,-1312468191,-1829877255,1696906867,-1894052252,1408711433,483269051,-437503259,823724022,1659
-1014971787,708416214,332084537,1774198104,934136450,1232090446,60796748,1375554787,1643234918,1660
1405157722,1349886440,-148578622,1934783474,-1800659133,1083616007,-1291786426,1862078995,1670136267,1661
271523142,-794913078,-1072953210,-224559755,1948909770,-1216456618,1904807704,407403203,-1465022210,1662
1005422958,218956967,-801914450,1576507235,-63334719,-925534680,-1820040500,-1318396459,-1229877854,1663
-636588066,1205935059,-894784262,726735939,731045719,1365218139,-158458159,496268772,-1211787142,1664
1555925523,-806155514,-2059471009,-1414665619,-1353764645,-664097730,186221589,-1868460936,-457677380,1665
1571349786,844095669,-501675729,-1866838805,-21003381,-1221894896,-21011355,-547737821,-118052500,1666
1855624037,-1909931081,175755572,-1297308250,975861507,-1043197440,-1410341808,488439416,-769051018,1667
-1362965720,61032672,994792647,169338921,-1051318094,-1817754943,1660041555,-240236782,-1008369646,1668
203699426,956243498,-1907784975,-1342940057,-579370905,1034822736,529469073,1134340294,252579415,1669
-238213800,-389975121,1949066279,647383941,-965200187,-866061422,-1046487753,-1697248269,-133492895,1670
1723776104,836416605,-1928407859,-1525245454,-523038673,-1545537791,640033852,-968588115,398472444,1671
-579330602,-2035212601,-186103064,-172730232,-2079415426,1224681844,1247155779,-1364485263,-691276900,1672
205851779,-1840689235,-549888577,1519318537,-1470005846,692653908,113489852,1519058291,-1565074910,1673
1387124068,-19634854,-1954134567,214078912,744941189,2021480965,178128426,772963312,679433102,1674
562165651,1635655226,606105692,-636290244,-396056442,1260384459,1577543788,-143915981,-1097446682,1675
-1388765810,165336677,-1308884632,841831365,2114322395,-1862473376,-831236403,1566627248,-1493909219,1676
444657898,1180527116,-1795305143,-1510329332,-7136082,127504101,26124774,-1517145010,500216891,1677
-1081673475,1501651030,-154299853,-1267530790,797520968,709259067,1688847247,482501754,-301544831,1678
-1848657918,1241113739,-883075956,1843238615,-1275038335,-415075078,-1822819716,1161969971,-1800508179,1679
994656188,1658991916,1567112488,1229374941,730122039,-1279928745,-817182405,-518835986,104034723,1680
1510017845,1182591992,-752302116,-1915496191,-944726661,2128268439,-1905710586,-1641332407,1567655291,1681
-94524305,-1019070987,1061358482,726440459,-321952695,2029869016,-1165554805,1178540454,154881555,1682
1444692727,1260113911,-299342070,1058042310,-1125286838,551453073,-375534309,1785289679,324481256,1683
-631864841,-1540179862,1898373952,-1171667028,-1945977422,-108112095,359427706,-1288777712,-99209110,1684
488616944,1977494943,-1898525818,-1041997028,379515044,-2003398989,1449824546,488065208,626586845,1685
-290817550,-584729471,-818164768,1959684490,765768809,-1222049210,-591221876,2008895969,-1770152931,1686
-97423445,132106085,1428481746,-292722306,2119471508,1274100824,-634134020,-390672301,776099824,1687
639216362,-1085150351,533053618,380510163,-1135576915,-1059687329,397421827,2136520657,1040436251,1688
1825301246,1588147145,-1303783009,1313978424,1857870591,382451241,1247079683,-1486508790,-1053720696,1689
1376304500,1844535575,1356591836,-1776493548,-1829722624,1762501218,270485982,68256989,1038795677,1690
221400365,1293772857,1788395751,-1135350704,-58745506,-1795894250,-31972704,506826459,205339819,1691
1717386762,820267035,-1678054553,334435868,-1634052639,1848799497,1193919150,831929114,1837570029,1692
281407484,-1439655164,-1753737842,-1576130992,134577212,2041844625,-1543111074,-1656170604,-2122593437,1693
376467310,-1107928344,-1905448144,1084669360,1949010086,1070526277,878408834,-1385548814,-1083714450,1694
-624219613,-2146261478,-126414841,-1930911725,-1933250297,1534969205,1736801448,1819303669,-1998695967,1695
-42615700,-1534797150,551509928,-783677837,-1496556053,-814411941,-251435087,-217742157,242331629,1696
1755242271,-93272651,-1227765693,1757999168,1944303239,-1030126115,-1567456166,-173223051,-1846671963,1697
2031718590,460045095,-1676312044,703153000,-1221095611,-915888663,710043380,880537474,-625811444,1698
-1600145530,2104213804,1264884954,412502121,-994811546,718358866,2101972864,221679047,-42430131,1699
-687264042,-1208234497,-284838693,-1203712333,-151495404,-1103277596,-1437788391,846337001,998627327,1700
831945943,450490620,-1288556137,1479578062,2096383976,1581963376,-859861788,555703237,1078105446,1701
1431700550,856023953,53670297,-2112767837,-722825450,1917950535,1830668950,1135669445,-1752114215,1702
-435694105,-1302554603,-77611453,-2054499161,1022269424,-459772757,378777754,1682523067,602648313,1703
1971880997,780491461,-322799734,1486101402,824196822,-2039713385,-543945997,733604036,-879136396,1704
-1484442807,725122421,894621277,466796094,1221671878,1220661263,1947371828,1210319758,497476942,1705
1985661973,245353643,1830921855,1622902493,-40816093,-1584779681,943462510,-1967370114,-1521461739,1706
-370850945,-592075105,-287662601,569098598,1559011216,995832125,-159972910,-380159050,1307011870,1707
1074006931,-275206518,-268930352,1378302745,-1709268449,-1398492366,890032737,1967470692,1137540066,1708
-178993138,1285969806,1961250302,1055386681,-73171787,-1910772204,-1091457596,808744711,302806167,1709
-1570893329,1306210390,2089529372,1057469597,-1638998101,-38058557,1377813723,-555242686,-1701896855,1710
657802034,251749215,-1217618222,-2044782418,1500151646,1137848873,-104422343,1244942167,-1062501349,1711
-808722685,-1823536757,137026213,-1570991692,135622614,1059045296,1900838603,-75442282,-454261241,1712
-1696475810,-1978902913,-846256757,-1478262626,-576920618,-590960094,-1381078834,1621731514,-1523971910,1713
1338899520,22814710,-2131992494,1286660380,1220577507,-299219351,-1624159004,-235501988,1449744541,1714
932694543,969588565,-464469163,-121105768,-980309553,-90269224,-233250562,-488988191,395919686,1715
-329873891,27525920,-772175432,-1069079045,-1441057708,1289964747,1020901736,607312230,-2144429058,1716
1996466347,2006972438,1198978802,-940192717,1802042629,-432751005,694375873,-2133855173,-1879990998,1717
-357155165,371382303,2105328856,862651771,2009460788,-143931955,-1140389221,-1333790411,1000737385,1718
-1208169668,-1526496863,1430631718,519535391,-1128341973,1199656744,-1772793086,-809739334,566377734,1719
605831632,1330042406,-1920171791,259726101,-1545091217,-151561669,-1308749242,2103887932,-2005977618,1720
697270197,-1733002048,832707748,128555206,159943146,-353753394,-1075423040,122545961,240328327,1721
-2108558965,1445159518,-1280737767,1065519922,21394252,-1435319983,-584031399,2132460639,-1457048066,1722
-246897363,-372025629,-2012628349,527842524,-255848530,-710246193,-21893891,-596107047,1897931724,1723
1906905272,1414686351,2144190209,-215467688,-347824380,1200750177,73463973,1564889017,1219255843,1724
-964893301,1711625816,-1567420335,78352807,1791993682,-1172724713,-23475818,-1043087470,257993721,1725
-1383876540,-443471637,-1739501698,-1330864786,277352474,-405745673,-677628003,-2132332130,519020236,1726
-1734757771,527315139,-635044313,993100219,-657858165,-1119641734,71904252,-1410893815,-1504716652,1727
727565394,652022842,-518131443,-1741874898,2064106759,-958698044,-1784567459,600423000,221829023,1728
-2049220158,1392433499,482368819,168077032,39503001,1885957431,-608151746,2006217614,1225578388,1729
-1234065638,323558335,1393939564,1794165575,-580871232,-1431590726,827728464,-142798208,1809695568,1730
-1880835492,642280204,449390811,-930652916,-369805034,153299383,1751784525,-602380366,-1368173704,1731
312368971,-690408208,-607555189,-1738461631,1193466627,-476389312,2111336405,1210016311,1348578552,1732
1807003376,-715446589,-1915063749,-1910440487,153383765,239564273,-1597322945,727674051,1169936446,1733
1695726008,-2104387787,-2022413254,-733728924,-1554663525,-2010986386,1543021763,872111450,-1696331417,1734
-1052785186,-1040847893,2098891220,-2117382867,-775526794,575052415,1255400988,-806525972,-695899645,1735
-1179132856,-1128135779,-902344577,-1460543702,213259188,-2092707789,-498538458,-631557909,5708057,1736
157565077,834967433,94614625,-1259254257,-1961466829,-163483457,-1936386911,1104597252,339100917,1737
-1841166954,658952334,-1394892262,1040827082,26176377,-329698262,860698628,-1737127901,1608658772,1738
-313178242,-310416970,-1107508680,887655442,1884690087,1254672827,287413626,-523588775,-840202577,1739
-1262795286,1857170468,-439169365,-1648293076,-659747453,-770713496,-1278173264,-852138087,-2102880876,1740
732773191,-1863770756,-799848498,-474905508,467647257,-1647456589,1983244241,835902921,-1323535020,1741
-917383722,-1988493962,-1566675773,-1333298882,-1325769952,122579630,198363955,-1978487816,-825079659,1742
583174085,1607718487,-1195811538,635625618,-1838971427,-1703032130,1566824652,-2111187650,83089201,1743
1739510068,863047723,-574761992,-1914496242,482034196,1145091672,-209015197,-900934415,-339515782,1744
1806578971,-1598929948,960808848,1943166626,119763425,-1511098723,-1851369793,542042054,408655834,1745
1843647778,-1848536833,-396718045,-775590635,-2120721453,-875677394,-2147237427,2079868645,1062640447,1746
805248849,2095232388,335380865,604182941,-102739343,645939479,2033722884,-910570103,693864477,1747
1580757215,26864491,1579186784,-232586793,1215641665,-1695445606,-596153576,-2106299708,-1765556345,1748
-2006489575,-188087452,-847718698,-125788355,1438959119,-1004292646,1426959500,203550046,777361916,1749
1273790738,984957497,71097047,-1105115298,1309458829,1097040227,-1994655124,-1718961357,-277877674,1750
1729984793,-1165276155,-528924705,-1957620767,-601938191,-746688445,1240924493,1779867508,467601180,1751
704965411,-422971165,105529906,-121764035,-158800865,-1870176379,-1763684529,-1074685699,-2090921802,1752
-465044135,1606687162,-315656317,-607819973,-1983491771,-1701487929,-557082294,1240210462,-2051197462,1753
562490869,-618854025,1330569624,1864461596,-1628701214,988227759,1954420571,-671464450,807994478,1754
-1748076688,92829463,-755207809,1961873002,868783614,-2095577901,1290086248,745776999,574332158,1755
1991691967,441667869,-568972715,-254929815,1105048272,-1464327659,953249313,-1787788184,1611853391,1756
-1121098319,-624165110,305238692,432384931,619583484,-264176859,-50457349,-1009052654,1319831331,1757
1322414472,1417752473,-1277228873,-1235306799,1524092085,912976583,-500836889,533745938,-1114958728,1758
-1094719017,298098848,-875871746,-1946544760,-710378689,-1627855180,-1840644684,1323738943,-1209488281,1759
374015301,-1204585985,-489423130,427872789,-647076931,-70245855,-1462431997,-1489896173,-1782166157,1760
1090052115,-73095142,85963018,236987161,1706729137,621722876,-1874772019,-345178535,1414224499,1761
-319691751,-992875099,368796299,1275314203,491576074,19791983,-1238698775,-1198121780,-1741824147,1762
2144059305,-247760407,-1130701971,-1517737007,898612009,-136078179,531627696,-531434185,259937347,1763
1880319524,-871785064,-1719409499,-2144527076,1400551287,1953269842,-1163952191,-1854752962,-1169055161,1764
-52975146,-1605837401,-998367085,2059810802,1098914578,-2026228496,-44532319,-1576770606,-1561816140,1765
-155918759,1056615017,-866845875,-108254793,1298937238,1484090073,1569345129,-34282877,-1221673491,1766
1680598452,354908973,-566203215,511422703,-665685339,134204586,-2044630522,1666566359,745243387,1767
-556916847,1744759528,953736197,1103280317,-831065519,1812715158,1262104899,-1826585531,1957243541,1768
-1510204052,-147174778,1528942962,-821857485,848665873,-1925187622,1342967037,-1567166107,-1977640449,1769
-837611917,-532793250,-1848496506,-395405886,-1043353645,-1399552637,56949079,1948247435,-1475815811,1770
1395847038,346554671,250401288,293308251,-1956433746,961111675,-1748077999,-290795647,-263073788,1771
-1708423886,1526899206,-1287662136,905202848,-1166016869,563505462,-1825886056,1658396451,707699109,1772
-1401382207,-1523612175,-749023726,1959892756,-710778924,-1180829142,-398131411,578433322,-158527682,1773
-1485890333,283470813,2089601325,1055143200,1204803713,-1402990860,1723287968,811257019,-1656257966,1774
-1106598843,-1529400214,41737576,795564044,-538130550,-1108889152,1342663722,1948509678,-1227605232,1775
127324681,-1124160095,256862652,-1524687839,-1408991071,358886449,1806941130,-789348516,1995079921,1776
-27534241,1021674940,1332595749,-1617276543,1061889800,-954033492,-2140999261,-1954555699,1238935386,1777
-83715636,677856019,1128860876,-1032785418,1917733967,-1473877012,1720234864,185560296,1473082782,1778
-1327832141,733545792,903509742,793219301,-20415394,-441198114,-539239450,-394248908,1673482111,1779
-631574959,-1648287330,925713307,1617830701,-812388704,45990188,-720509143,-316151456,694913278,1780
-606378614,561812630,-2118926582,1020225966,1787226727,1918215669,-715945021,153169713,-1026721077,1781
1652863989,-1938774420,-83053198,34231540,-1963718589,230922714,-305756712,-20620050,541074168,1782
1967879839,632674367,-2046467114,-1689727993,-2101420602,1719991360,1807049695,547560995,1660681904,1783
684094090,569609925,1340336966,-1456738237,1538586434,-2109372719,-1062227999,-432170578,-1541804203,1784
-1971589758,358840650,-1185579412,-1773072050,1843238227,180204948,-1066257146,-624385973,-1335766910,1785
2118490785,-797562699,-1031205309,1015082940,356132848,1340833280,-1221905170,504635106,-1641838067,1786
1461224178,-775176953,-1992344397,-819296810,2106800878,-1349930761,-1367629005,-1565578374,-1495604210,1787
-1447132593,24481026,-1774286243,1519243869,1359292520,105389908,1617830460,439488978,156549092,1788
107984497,881815568,1478305075,-228165026,-1083582518,-2020778520,346671020,1528723054,-2129146990,1789
-121849903,-1309623041,431830638,1540404065,-183064676,-1870359168,1702491701,1115965176,-1088075924,1790
-860789888,-229390600,-589784825,-2115423362,2145256064,-1359448192,1601568800,1578835697,2134282190,1791
2035242499,-11595832,-842579469,555025773,188548068,-293367005,1408241811,1621946125,-1156276407,1792
917963003,-1606662027,628283932,-177635626,724562494,1931602416,-1346010784,-112337123,-2138349016,1793
1062169761,277144812,-65656772,386254708,113948634,955111467,-823566489,-920245070,-1690682298,1794
74942338,-1500594149,1502229688,-1555999281,1077208498,1019396058,-1033018729,1604333544,1234646280,1795
674090831,-603396349,1589179973,-2099624683,1712198378,37800979,-1399096176,-1483852992,-1917851436,1796
1523285397,1588972709,431800337,1084366974,406554963,-1948305719,2141297909,1152242513,18310115,1797
-52927237,-1323585718,-19681325,1894072873,-2076413729,410176103,1772697350,620572096,-1068450876,1798
1711081823,624239819,602864103,943363242,-1043178421,1055846378,1474462023,-722115892,-1115922572,1799
953771391,1663487978,2091015354,1132944860,801359787,-110189139,-1998092550,172682595,-264647998,1800
1059660658,-1672628063,-120746009,-1491438056,-803887597,122683104,672589239,1181388205,698095044,1801
1604518905,1014461908,104427595,1993325787,-2060416662,1818698722,1513052048,-607454566,48121486,1802
-1685339614,1907813154,-1425500047,-1173279552,1486374636,-1749619233,-1969354811,668483796,-1579664884,1803
1614491208,1829684547,-1197021993,-2059560685,-257402033,-974278284,-1418432627,-356291858,362355118,1804
345650658,-2100988486,-474059359,480473714,-543982532,-1495981575,1642223628,-2087512932,921201507,1805
-869293652,-1422974928,-2074583729,-2141451945,1323963335,478423600,-282461565,-2071203448,1461995429,1806
745607275,372917585,623652758,-1808679866,-357692544,2010533649,-770434322,-188783574,2000237550,1807
1871761534,-2110025000,-1105181649,2122211257,-2143985691,658932381,-690913651,1198752497,1704096391,1808
606731175,-293420954,232948437,-1997574972,-1139272183,-1532434992,1467179251,-1916489355,-40897221,1809
-119374512,-225031049,-407530473,1434529914,-1536803759,559263101,1002498770,-492827770,-1072796739,1810
-1575481365,-404935408,425067409,161182132,1919013005,-1516256103,-1739382201,693940866,71738420,1811
-29803587,1839041548,678519937,1746832148,523578303,-1112779717,2099740827,262603410,765272866,1812
1601785035,-289753727,1077613881,-780963060,1056031080,1222875553,567576211,-1940411006,1917326461,1813
2112779971,-1507657237,1335765219,-1418092455,-396919407,-1555348880,1736016500,1168135876,54194733,1814
-1924598460,-849251631,522413319,1820499732,-586585425,1350607912,-914657100,-316004628,60950722,1815
-1805830549,-981759496,-37962880,-1711600510,-1275396567,1700696996,104555726,-1179270481,-1879522023,1816
-786147808,-1888935817,1363463007,1075827526,-751509088,494913383,-34169766,-1813297454,1194663545,1817
1478746184,1700211473,1979695956,2135370678,2127113182,-71746937,-1703991323,1128296330,725770495,1818
1287332252,1588726440,1181985976,-998035650,-593971188,-460638341,825719585,1178564628,1453098572,1819
-1038011738,-247854132,1642119562,-1056123563,2126228033,89318154,-248563258,-1233734115,646287135,1820
-1172873146,-965689463,537475872,1289868386,-490533074,245104782,1053784124,525505378,-1926978474,1821
548354298,597843594,-1553314203,362132981,-1357342345,-1419754230,-1438183707,1186495680,-1983474292,1822
-408928973,-431818147,1364365405,-1405427320,1250479220,-540849522,211674596,1490092609,1855046142,1823
-695828664,-1081787286,-1858535054,1236640739,-953909218,2068010025,-168255663,-1767714140,1966347531,1824
-509916511,-295857423,630724422,-1413836653,-1233871907,1597385399,-910585113,-1834100227,-1249012271,1825
2067230643,-802895011,265268882,-1640108530,436607976,1356980138,-153228431,783157287,-208802783,1826
337893772,-1215894043,1027201764,-1002646900,297341920,-1574402618,-392763727,-401590833,-636903561,1827
-479346785,582279898,1354748378,-726235575,1060423943,21677483,-1071378570,1179472882,-1888337992,1828
1377362811,-903449783,1510394900,-463137975,-683726953,-2056364495,608470890,-950858342,296748070,1829
-472578770,-554740372,-1631845814,1744372718,1586338584,-1765527095,-2053959044,-2031872917,689772162,1830
796953042,-1049021515,1454188159,1207498891,63954058,478173359,745543112,-1429579281,925325383,1831
2102659059,-2068844865,22960059,-1954178681,-454415907,-2079150030,-532986311,1769917802,-1608803056,1832
348713038,1078578332,733973353,-524449387,984132002,1483333208,-240340892,-139663940,-295963244,1833
-1352825037,-1949677123,93350224,-833141794,585419221,120655448,-1368662776,-933538699,-2048382128,1834
1291310079,1414859321,-1215871874,-302794851,-1703935481,2046678873,-1620391092,943082009,-435862759,1835
-121851540,38917875,-94846125,240357561,-2029954624,1494740420,826872609,515180733,317734182,1836
1243470937,-845869604,-486013708,77113452,-1686518945,-730021528,-356298760,-125281606,-1806746139,1837
1699608236,555437010,105345706,1211384722,818764034,1746689690,-101221507,-1412623738,-688813148,1838
-1294022794,1687277005,1191672428,-229152674,1557309568,2113792447,-1939323387,-1187180368,-109684032,1839
-1911897157,1230407926,-1708055782,-647715828,1935747544,-1268849695,1884385153,1946007974,-157616921,1840
-486082105,-1918612100,867454965,1680634058,663058950,61336954,336417747,-438874813,1395577273,1841
-1147219478,-299982814,-1502333415,1663709687,1262783579,-1827331078,2089258403,-1331732955,941458152,1842
-1839013413,902425293,-1622117587,265955676,-1742879645,404904815,1648752971,-139323525,1528338260,1843
1816514409,651739098,-1978369713,-1821518345,656498804,-106465241,1915413431,476359951,210969625,1844
1013921439,-941530891,-1029771536,-1611032367,-411941709,-1676973592,-1330135602,100120148,-1260273597,1845
1202269971,-1761022932,-1372367748,-805531051,-1339139727,1674878936,-881745415,-294771103,-1496097623,1846
-1297862606,-2031237681,1531605851,-427783578,45615385,601765880,816154790,-1629478378,-252233168,1847
585364991,-1161268559,636150103,46458955,1147261295,-590762360,407529306,-488481960,1711988533,1848
-1270675886,-94785639,1161765386,517953751,-893748246,1956905223,-1830545202,1315777530,1972458326,1849
-1193161732,-1982089246,695432971,-25870941,-1018601614,1248163559,617062542,-2074640587,-1981855448,1850
1371901364,1842707594,1478275717,246390132,-458495268,1304470608,-1454934204,1943140771,-671294827,1851
-1166895865,-1511294054,-410562559,522178097,570487146,1731900753,1141525349,-822941241,75364651,1852
-1253431646,-1569694636,-1136981851,-1198722974,-390405933,1542626599,-810851597,-883459422,1058833953,1853
1335995480,-1435393461,-881753610,-559459679,1090745520,-323070683,442414137,1644600227,-1030189308,1854
-2111305188,-1704016424,1480314415,482227470,-1380694382,1500713099,384414631,1824745682,1294833846,1855
925316347,-899505106,671089701,-1014227935,-134731253,-1024948067,1469867526,1427796279,1319043603,1856
-1712994751,-1294189156,1298131561,-541024227,115265624,248116283,748023323,843470967,-1326639520,1857
1555290763,-742296657,359156452,-848292860,-870574821,-538913742,-1698418410,-1177069146,-817639137,1858
-210980470,1467896522,-1226923372,73675514,631310676,52539936,1062098060,-255395264,626198314,1859
1782655526,275488871,-1773785166,-766417818,1338602823,1681627812,352590036,1625217862,1975101115,1860
214285778,-1988493303,1189358948,-531402262,519501720,749626228,1401188366,-1828535284,230757057,1861
-1229118318,1618224730,1098851103,-2054836898,452518646,-72579909,1978764184,1721130889,-633289293,1862
1800990872,730357335,816532299,-344207710,-2091505474,-272259080,-539614698,1843468231,-1529580797,1863
-1237620993,378274071,-1067650161,1210141157,-607109569,-255128176,-101579814,-1372749858,1959853006,1864
-1206747605,1950771683,-1955152356,-289829114,-1044640449,1221117179,1870593415,-1153223270,-1810235933,1865
1753985084,-4169013,-2102964030,1465087103,-315060626,465963877,-949652815,717511458,-1801325043,1866
1871558614,1743460555,-976736599,-381502155,1030846965,-2047894400,460941173,1717897310,-817461985,1867
-1251059993,-1419352100,1458024079,-550768348,-482712978,678375436,1250440357,40867115,1499812952,1868
-871671617,-2046510010,893479233,-1430389622,-1765168519,-1766107731,1227012866,1537787819,-1460563850,1869
259575273,625473061,913704808,-779477753,1578435759,1637143644,2131690044,-1868202341,-479712907,1870
1203129911,-1655224430,2091537775,-295404617,684594969,1259578800,-1617296849,-1551499768,-1358214824,1871
928565836,674012302,1936696675,2011947062,-467209720,-885721261,1016853481,-919843601,359992321,1872
741195204,-1065690233,2009828559,-803341588,-1644905716,1550762394,351948149,1741679981,119429316,1873
-1527730400,-34059598,-581500754,1859089331,-1492236958,-1110107161,-1565163006,-1889523789,-219952052,1874
1093349251,-88398358,-552571060,-647478586,-429580937,780881817,-628600950,188441511,-1366984285,1875
-789773903,48130010,-1065181601,1580734413,1712700187,1671236797,1658273735,1115551895,1729093711,1876
1643038957,103384892,1010720760,2025478133,-409981953,-480589216,-1333882988,1672168272,1755542725,1877
695453563,-1368220904,54718605,1395928475,-37089266,388208115,-20935842,-425891175,-2008419572,1878
-284124027,-1122088213,-1713773452,-519167876,-1889606806,686032502,1122853837,-1602538068,-1597794863,1879
-1503550679,1766254401,1595055441,1226349848,1495967620,-1523891096,-727062770,1204058647,914295571,1880
-2140353488,1496745622,1051872751,1013850572,-343521464,-275752912,-2050256643,-58975624,211502444,1881
-1835421205,-631192879,6455316,2087145601,-1451641524,-1908408328,138253759,-881838152,1249136183,1882
-1891838604,1324067480,1799106049,-1330673896,-1978003266,-655928089,461151249,-246800620,-1004373232,1883
984832807,-776132247,336911978,926470976,-1662825620,1101881136,-743786456,-672140164,-106156458,1884
1099631162,868997512,-22272408,-1485486646,482978655,-914657568,1884930157,-2031438468,1943745494,1885
-1083372991,-602679296,938294391,327036096,1777725849,388200813,2064340048,-2145432864,1462892618,1886
-2123976749,639785571,-555295686,777375815,1019652968,1853975204,1391180857,-1319729946,-608338229,1887
692506985,-365076829,2135508526,-1532518354,431419592,573780417,241430049,1739461733,1042783479,1888
-830693210,-1314820713,1658596855,1961427782,-999431488,-1172822686,-1117332224,-1993923035,-1939071057,1889
1889454248,695785285,490928444,-1302386715,-1682190327,-1823837379,1035302451,-871305099,1819682701,1890
-533358152,1508391930,-798734585,-1905393284,-1558132741,336707096,1718411110,866480294,141705566,1891
-1861376717,605993581,1400358714,-455427831,-855362246,-1369428464,1214933002,1869787718,-1484362720,1892
-2087325180,1865466241,60141717,447918836,-1814949246,-1325945345,1090418191,-1062743041,-1035214774,1893
1688716731,-1107033759,-1964383695,-826461225,943023207,-216697115,1666722480,654794252,-556778975,1894
-2075098568,-1768314454,2017616672,-874892449,970210248,-1115705634,-1739627291,1037037518,1400890264,1895
-950946083,329021269,428070417,-1702078346,243927115,-1312948544,1624465093,1584977596,-2047327128,1896
-1646716548,-1917946646,1332990422,1641746521,1687937285,-1684087726,926689697,-834476589,1667015080,1897
-382790785,769318210,-500629642,131930614,440299782,1788485412,1980652406,243745110,-415890691,1898
1199250731,-1598882809,-1811636301,-2093142747,1880000454,378711592,1848048288,719675551,100715645,1899
-1970383765,845071507,1984109787,-1412557717,1082242078,-789440616,331117444,-1041950616,1324544878,1900
-654014975,148800092,917921284,-1001028678,976303582,298511818,1377632200,639835561,1555277269,1901
1397185342,154082544,1395240470,-1660855359,-295939135,-833841867,1437176827,-95277174,1251300904,1902
-1670625458,955103066,-1954710919,2036446575,886786042,-1640344374,1508663760,-1278674084,160702834,1903
1751818042,1605200460,-1538199964,-810305673,2103884844,-2021017002,305401500,-200204204,795746048,1904
1015967916,1913971621,-2075785235,1170814693,-748275946,405484366,-52132960,-613647374,1976823976,1905
1837802326,-221769894,1592921084,-1293546607,-1331686677,-1341279104,316690298,-2131160454,-632211180,1906
-733900114,136178755,-343644796,-177524265,2028192194,-868079849,1235528059,543674725,-1071238942,1907
-936507791,755078713,1806898745,-204236389,-1953311043,2028946970,165009021,-1606896181,-99801130,1908
1258167154,1593823619,-357528429,-1929566980,138650047,-1057729595,-1363035335,1267517491,2123943270,1909
1818112477,-1423075935,90567525,-1852859710,2029038958,-1979224597,-806838754,273182887,-702857221,1910
1114161826,596373240,787581764,1082209379,1979060280,-260121241,-1867765857,-1496240400,-771020822,1911
-706102102,438114637,-1981092698,-1968762562,-928787487,90934263,-149113033,705510002,-653762628,1912
488973100,-929146318,-207400864,-320172092,1426131381,1444838040,-188947661,2027860196,-1062871047,1913
802378966,934918100,-1435487732,1463217479,1120659429,1888733700,-1634742797,-580443810,1505652393,1914
-1410455869,-1995376530,1854235363,2027253624,-1275648098,-1290720833,359568668,-1828038263,-119276134,1915
-288136355,-305369910,605797725,-2046444534,1564218040,303595657,-1495477966,1206643352,-1566067689,1916
-1399501480,-474356791,-772348311,1253082073,409865093,-1319446874,361818563,-1317938404,-62022409,1917
854293022,-150367865,112812066,1077990583,1044562561,-2100536818,-1267548113,-540547684,-119734608,1918
397772759,-2065066080,787319721,-1661780172,-1069674220,637417292,420600831,1134506574,1442145134,1919
-714975800,578192653,-321271695,-334950360,-1276118291,-417585822,-775929484,298106712,1857893591,1920
1426438408,-929629408,-1763215152,-349612323,618782268,-423081344,1142318946,1357319181,1664033661,1921
-460075677,-995362956,490221044,-1644613980,539551707,-1956788623,496093083,-495972304,1026394813,1922
98042636,1771754280,-424368118,-1399928168,-2110791226,1713764574,1310482250,-500487726,-1279004021,1923
1933317356,760585519,403681956,1289644628,1614459008,-2019266553,235254134,1458126183,-38082872,1924
-1661969640,714241996,1975232113,-725223543,-1156665354,-59704184,-1974289537,-1243162888,-841845109,1925
1357810963,-1606390133,1466120800,749581995,1931020732,-993219480,-1510402794,-1342739943,1317008430,1926
-2059035097,-322073827,-322646505,882577509,1943418045,1807794528,-1564213298,-1916816112,1656081483,1927
1500016300,1788667147,1147627965,585625133,-1989181365,-11582399,1554836107,922010277,-575274012,1928
2088164821,324158805,464896297,607558586,-347959144,-1753538881,2031301384,1279277449,-1609384604,1929
598550566,1867446345,942994625,-311973666,892512107,-1234355651,-830178976,213154954,-1737585458,1930
-1445113454,1227773649,-540223606,-1737816151,-319602214,1241915150,1808965260,634548754,2008092835,1931
1442576176,1407464804,-199376061,-1775116749,807318979,7561379,1067795696,-1425922731,-92875709,1932
1238431600,592390649,-273032598,-878776888,1723632415,1156410114,1365860140,-868146373,994838231,1933
-226981628,1116247067,-914653388,714194569,-219718026,-1928978963,1929735977,-150129579,86339641,1934
663929075,1757522578,1938715122,867236000,-637191528,2123148039,1657167435,-869942204,1853027878,1935
1943412332,301811456,1266851886,1087023916,-1914533260,538981697,-537695908,552806153,-1682176403,1936
-454638756,-829069279,996177680,-846419311,-880656203,-1285831315,-2077108406,-1055263338,338528140,1937
-233883539,-1209163281,-323109843,1622839055,-375165054,-731902092,1441519649,799362745,1536469600,1938
549500905,738442703,620615644,-1724127141,750322497,-1953103013,1720184054,-475613947,-56626151,1939
1481105698,681466508,-218335394,1632434165,494054699,413297264,-1752931906,890855093,-1747294653,1940
-1460079716,-347293041,518685258,-1373038275,867277951,-1086416397,1333240019,-1443608728,201172008,1941
-215492545,1748825424,485987,-516824275,-318050630,218447991,403873825,-1017998369,2102650472,1942
1995709701,1622384454,766956619,1163988939,936441225,-500415177,-625751444,1885210115,102010568,1943
1665492443,-1898659285,-1562091130,-1388041593,-1233035703,-1167123870,-231104537,1979972241,-1039016237,1944
-1322357544,1653003580,-1584466028,688251263,-1490479574,2078516832,-533803473,1523181525,1901307076,1945
-2028097588,18303282,1886315287,1341132631,-168338848,-161966173,1223242435,1036308309,1122755675,1946
412878627,1485935559,-718599106,-128440751,1110038991,335023883,-1254247959,-709771954,-742672962,1947
147864072,1822756978,314691566,-999861059,-1407477516,-322751582,1016430887,-196401013,-991572507,1948
-446556204,-1767089163,215337663,-600248757,1260157770,1682267336,206231162,597152475,1627350670,1949
-1029061274,-1399136719,986507676,-1750867267,480690774,-925198464,-131335827,652068430,1925625037,1950
-1522896618,-920038270,1972262890,-350775279,1287046110,1381723330,-1245130115,-72084330,1460794557,1951
1007183737,955781590,-687370560,185145292,437276443,1280600647,-964685356,-1192190661,1820342700,1952
603526104,1460101608,-609077382,-1619409723,1526504576,-1039471938,-1245710464,1993268969,-1112896264,1953
-1039204247,2022308255,-845006521,-695132365,-1057453894,1917587920,-985423461,1350209634,-722865050,1954
1850306791,-2051901605,-1017840073,472180148,242256552,1488162580,731396733,-138106378,-510266526,1955
211758234,839317910,-145623364,-1776663564,2116589644,-1547148641,1406837000,-49965416,701156865,1956
-429103791,-1484069816,-1964201798,-1291999964,1242731661,1366280049,-1695911310,-236015245,-1223739018,1957
558574846,1081280821,-1821525885,1449723025,-1845114560,1509523839,-954044720,-443721117,2060913246,1958
-1007932266,1186274853,1573677789,1144882694,952432233,-1814726961,1191007777,-1683333495,-150609891,1959
-1368721129,494848233,1481008963,-813233310,-1516331493,206208566,54818971,-1480415650,-1263309852,1960
-545560641,1632137061,27828755,-1513200101,-1875657618,1050366629,-1605072890,888769533,-1641901021,1961
737318947,-129854240,570515439,-738405525,-1646775464,2143943495,-373176951,-1025637199,427109862,1962
1566409864,-75766131,-998369439,601184706,-391841756,684616461,-1876632083,1030609832,-302005895,1963
1635992553,-1670470263,593819651,-1164903527,606587117,-950727370,471723250,-428406638,950161760,1964
-616285985,-2143939004,782472795,585192765,-1136907634,-1690172687,-85547924,-637700383,-866070444,1965
52444889,-615729128,-835551364,1743795615,-499116536,-18456042,-1696058389,192355880,815166887,1966
-1688967306,-474239684,1572070532,-138451403,-1533421190,1960975448,690630146,-864525513,-198340406,1967
464360912,701405089,223955426,1491089302,-968533909,-1930154745,-4486447,-909516590,1198158352,1968
-1449307682,488944205,240905240,842692228,1122445785,-2099490217,-887622591,14996672,903765673,1969
1781656602,-1149129637,324451632,-503111021,816188072,-637403061,1939767363,944461764,1416704299,1970
631056664,-235580747,-1940066083,-1994241106,616741209,-1900507913,-1835675452,-1325143450,-1731868136,1971
-820503458,-1783537148,301780957,-2077988596,234196046,-339513790,-1265857122,-2122308498,178472710,1972
42045484,565775506,619350282,-654345639,1101303286,-964673444,-1608024466,-1725621979,-1144413098,1973
-1342147433,-90220133,-1925355516,-1511489133,1335576457,-594954205,-1494232122,-664811423,-67076432,1974
1480025231,-1012658879,1132659115,-1143251608,946154394,-342649499,85037418,2107876246,-1498254452,1975
1466091272,-373213932,2111468343,725758437,307701670,-1422765179,-391591686,-1340116379,1173910288,1976
544065958,1761607842,1048643958,2092961069,685883684,-1483933000,922457887,444378322,837689804,1977
-2062632055,1317126941,443746898,1899531082,-400242982,2055396453,-1730186696,-1440109253,-414220646,1978
-284543829,1513972616,656312109,-725319664,1157671784,-1106668083,-2072748621,901764313,947326435,1979
-996016873,-1658760765,-1831419272,-1664682223,1230483579,-1873649661,594583240,381108461,-45586844,1980
482598291,-1140415210,-1590092496,-445028055,1320761643,1719500500,388167400,-1031992513,-1915154207,1981
-51849268,509316684,-2135381928,1337760,-1614198716,-991485875,1894163744,1772209294,-1664617689,1982
1530164149,-1252646057,901690281,942204624,-842359942,1779084787,-317934202,-1964733964,-368320938,1983
1895658506,414931562,429436716,1026083652,1259095306,960490519,1141063099,-693522010,-861297181,1984
1026818868,-1692725068,1541090803,840171001,-340198049,1866769292,1644862829,-684024459,-2130263433,1985
1165507950,1146484518,2016068445,-606261240,-745785832,-1904916015,135234862,-1512014573,-1077221642,1986
1581062836,-786141531,-2113134965,1481337288,1009363934,1796253752,370167588,1793918637,-590016633,1987
1345457413,998370806,-1130261593,-409992176,-318378810,-565282132,-589614569,-1738407617,-1143103169,1988
-683005226,357274628,306085897,1892483106,-95487927,409050435,-227126275,-201689682,-178550732,1989
1897811519,616615416,1911327066,-1408540477,-1599929667,1819928555,-1131189500,-101200725,-775653302,1990
-623870455,-1422482041,1750068541,1531977697,-1929064841,1634462582,-1280364675,1563302633,-1378744869,1991
-892715374,393930508,221996865,-1698563039,-1680793245,1630572778,-1738114365,-2050949804,2054676423,1992
231208548,1851332272,-1527925277,-773080002,-179870772,1004559743,1665887892,693858808,-2115975164,1993
300272257,1759840869,564539135,189921120,-335274960,31171463,300637748,159800615,1518632532,1994
1704269878,-493017184,-1492272181,-1346112111,-1152042709,-253474011,-1778429014,-1994429973,-161700597,1995
-664780928,806255664,34730883,1268551149,-1938177825,2116561584,-2089552631,740652231,-131798908,1996
-761226482,1449383320,762725835,-1641594110,-205129719,353031066,18272696,95039406,-834239090,1997
601335748,844661313,560773547,227816571,897253224,2017822903,-1965427541,183308142,2127201730,1998
-2123042596,1304162772,-1618771108,-56723951,-1783850725,128268062,2071294549,-768090773,-860270896,1999
-1329436683,-841149531,587609607,1677873027,2027493488,-1005206174,890891766,-810181718,18830493,2000
1143806972,1312198771,-1783730346,768575900,-961193002,759790321,-1997838395,-1726650307,-1490164439,2001
-1299053940,479314176,-1593004938,1015434181,1300205953,597327878,-1769899467,-73116775,442656165,2002
-1216383484,-861846087,1254340802,219778338,-1029001982,-2024280244,-1455197711,-1979175901,169530776,2003
-234641077,925771037,-578695997,-547487551,-1813013716,848083634,-1401072432,-1298141369,-1933567564,2004
1091024487,1818039785,-397775943,-370200275,-1166164975,944799420,1888983958,1307456795,1363562518,2005
820662051,747972567,1196402382,1452308609,-921860028,-1408648225,-2101422837,-1215652375,1678156966,2006
1364173155,-1470852121,-1784905537,2043215113,-700882207,-538537318,1852605480,3879448,-2139181937,2007
-1174660793,-1489599692,-332755623,158714121,-1469879312,-384177326,-1798394317,-1598284960,659632793,2008
163155444,650087046,-28265031,-830947538,1526999173,-17223976,-1061974824,-1413371084,620153576,2009
-1637524959,-1448130412,-1480453950,1809236926,-1300015131,1527350269,363425678,-1464682072,-957450202,2010
-549973581,-462705631,1522134675,-165628174,-50823533,-620285488,-903001659,-1962224688,-1028025106,2011
701900214,1825245508,-626004114,2063801214,-178542869,2048087604,414414970,-1468003829,-227634802,2012
1141976214,-77700791,1245048241,200364884,-1601288036,-141580108,1832128021,119997277,-1102423388,2013
-428718573,1467914738,1111894263,649493716,1834743371,423476532,-1684293471,242236152,1005246267,2014
529050720,-2126627878,-2032451318,2080384453,-1363396676,797490439,969498584,1867765524,452812749,2015
-1732616050,11036944,237399512,-261160906,-1279720527,-1514062753,-1464019297,-741613151,-1836220174,2016
1176573683,1587364043,1415782292,-1567562317,444892318,-557260228,-1558515055,-440685185,-2134754380,2017
948828267,1839275866,1115042241,-663275561,-967657195,89009953,-1473770589,209895723,893154232,2018
63380470,1214576136,-237777321,1158030092,-1698840820,250679241,-315082494,-1660887705,408951454,2019
1563973740,348780977,1181092053,-1160278859,-579617292,-176135206,1562817040,735600568,1411169634,2020
-849317417,1427897207,1450689371,-372585177,-634547900,-1121120116,-1288061509,773837489,943749747,2021
-1925835487,-197954257,1728561886,-1869534693,-1335268841,-2107674259,-1933886219,1945762926,-962123776,2022
1097387759,251020592,880950049,-1405388667,-793113006,-1587820419,138825757,500708750,1404835125,2023
-2058974862,-950548892,-924064627,-706223177,-2057567187,2064064386,1464292185,794860532,1017218152,2024
634300961,225362370,-121541936,-94875193,-1089474694,1962023428,-243789203,1200435682,-941079814,2025
-1119797192,1828906859,-1664390080,-1157598116,1660551042,915414984,1131027825,939240088,580636960,2026
586956192,838260874,736782260,578285166,-393419680,1899006825,1536177600,1497751325,601793196,2027
168194365,1750512406,-1211224886,-25641629,-1113230376,1293610959,-1433809763,-857551148,-1796263084,2028
1082773435,-1844699982,1624433934,-1129310575,810795431,-565723564,1833368492,-1939579319,53247137,2029
-609837879,1106078506,1525443591,-543624829,-1760708437,-1315412842,-1352027701,1065325542,1520211574,2030
130068152,-1641870049,-1376465086,-605267554,-615676970,-1908084654,-1617186610,-434093818,-610204160,2031
476140800,1408781689,-284566523,1162169678,464381529,2018854506,-1453667117,-2101955962,2061602112,2032
87681620,1281817075,925359904,-1327004119,1314013669,-70783688,-1679469201,1039116125,1366831336,2033
1218488660,-628725857,1954471116,1587818335,750871287,-1908002957,1502663122,-1469214589,153163957,2034
2105275130,-2037682535,-509932562,333941375,-1559382607,554649031,414387801,531467963,1222627469,2035
1564499017,557939808,-1837886517,-683372755,-1107891062,-1484745546,-1134530906,-600162858,1399910515,2036
-504748309,-1760128723,859736525,2039921079,1461471373,2088048873,-885446258,307360032,-2031911678,2037
-1049299518,1720390592,-453993790,-903530920,1475696358,341785530,1938137662,815122294,-1913115688,2038
-3404036,-864328148,1109616053,171922370,-1250292910,-1423885693,-547267824,186165249,375062537,2039
530918964,1331816555,-662958095,96599757,1493793719,274969526,368052258,-751374106,-744616893,2040
1134117372,2025744853,-1535733084,-1465144545,1211334383,1640485617,1273995054,-2095359684,-1061865659,2041
-1916401618,837642849,492420083,-607236183,-1871906377,1548677801,990194386,-1415492001,-894820202,2042
981092090,72141011,-519250300,359767327,-1048216520,-596489295,-2078550847,629035083,984679189,2043
-232086997,-999584958,-191675393,-1354658103,-410670117,-1992115603,-1155733969,-1070340371,274745633,2044
-1114782089,-480144283,-687171420,-734918139,329141808,-485046279,690643303,1787628771,-103349139,2045
1540609656,-2103104147,-564987247,-1786887471,-746405924,291417661,67327123,1341090907,-1704068697,2046
-908293374,279770544,-1178166095,-194678790,1544243842,-782266964,619555286,-1344419122,-1187898254,2047
810380807,-250274090,1732475753,525110599,-1798220465,-610305256,1779310252,804475154,1374514066,2048
-1278052291,46224113,-836319720,106289224,1729745150,-266492046,-1264957109,1746454184,-2112704693,2049
-1933368211,1237438286,-666649542,3853442,-380241033,447742618,-1925213567,-1961840075,65753513,2050
-1833091046,1948447596,-1847618022,830738376,-759649271,-1114668413,-1984957851,1930131295,-1300445204,2051
339966383,1886665307,-977486339,-762485498,-11854399,2129168663,598898195,488741317,-177404478,2052
-84320865,-496810888,-703506069,1268110189,-624655386,-148328633,821928064,1308727854,-915892884,2053
1771377929,-115263414,-1857616447,-907665492,537499729,-1230476389,-1329532665,1981705351,-9563242,2054
-1844070652,532257170,1253879918,671958987,251354539,-597532597,-490725998,579857386,-412219208,2055
615729019,-1546502489,883847303,1393121838,-1859616818,-1283738942,-621024096,853528639,-1089302675,2056
-1858763277,-49679285,-597629842,-392259347,-17498900,-1501234734,-1285610995,745411054,-1490042307,2057
-1224743003,-963137003,395989467,-1034646810,-1006689293,-832769989,812516590,1831258637,-1280130265,2058
344877343,-236878785,398337755,-1779650736,-1295109495,-430702805,-758409059,471931456,-393961825,2059
1267108300,296504656,-1634945081,834188312,-1960772331,1279724411,1028755528,-284040126,1286528734,2060
102981501,-39530936,-828021289,-41090474,-2103860007,-23033105,-143748336,-1549589857,-1479875510,2061
-1741944725,1111953232,-1201368071,-749974578,-1664129871,-1098448928,-587867520,-1745670324,-69641862,2062
-516719329,-868589871,25135271,-1115075292,-1431091310,-318327615,2060345210,367135364,-1001026764,2063
-1053277489,-1127231132,941154440,61739128,-823740023,-1630874970,-225459439,1190134124,297024187,2064
-665896601,354992440,1050310067,1608192416,-2057716063,620344920,-290728716,-882512202,-1489296578,2065
1254032305,-770743688,-1393649022,-710723151,-1854735853,-37013040,1691576606,-2119028586,-723003073,2066
191728962,-2017309932,443289343,-1688947480,-886284144,-1809201822,-2143583155,610460714,621836168,2067
1545675953,-2065065771,-1432716577,-1559004264,-384525741,564217517,1519260481,866626356,935519054,2068
928736343,1441779426,-1733957657,-1862210670,1508415248,720638443,1278424797,972055013,-1081299510,2069
964842666,-1089561219,-1429951692,1870987406,1653739500,-1766616164,-1036945778,52985897,285324236,2070
-1056616829,-371868970,-846492461,-77523359,-229355922,697964659,-1754052119,-983333505,728413697,2071
-785326411,899400798,2030604176,1598852953,-593372938,1082908521,-913589648,-792168596,-709249579,2072
315591727,-693533607,-913276732,-1657342062,-537814284,1254177597,1093250270,-252080135,-143783815,2073
-1733001656,2101442986,-397157790,18456836,302181451,-913538314,769189981,1130574101,-407534667,2074
35449123,1498248491,870620108,1495641465,-54157233,-724157601,-1361243555,305915997,-966127955,2075
778592470,1455606352,843846700,1209837398,1054450817,154094246,260640291,1130202748,-1622608139,2076
-1710416245,806394488,936168522,2110097739,548755101,234228418,-623768321,968751764,839443152,2077
-1386622114,177540525,1022472690,1346247846,416230897,951928342,1194590407,-1675694954,511521671,2078
1940872382,-46794131,527807114,1252188587,-2077989715,1947006587,-1287834525,219494312,1992446387,2079
-1755398515,137740245,-928496814,-779501592,5905479,728218872,462914346,2133299103,1050419405,2080
-1554314099,-379542636,600037968,-1814279416,356381471,-717800421,13441709,-1065628467,1052224102,2081
108895633,1568937043,-1315784746,-1522905151,472823882,724775098,941878910,-37201941,-943759914,2082
-497722606,122211526,-708795005,-883879329,-130777401,-970631025,731071777,-545650605,1157649734,2083
-419835927,996441812,683527272,841262564,261221524,1042720026,-829190791,161939651,705568093,2084
213099869,-2002098721,1483548098,-1650657140,-1107069331,1402040011,2067877697,-1784052164,897288025,2085
1952055306,-387219969,-793562695,-934223034,572851929,-1513680864,855683807,-101563185,-1324207927,2086
-23870294,-1104730801,540536329,-510787420,-1512766596,1905597570,891365373,1574364137,715377710,2087
410869266,265285251,-795200331,1540940947,-842838628,913630105,-1586735871,-1212355672,508498923,2088
306700442,-1262706632,603936772,-914394625,-2008390148,-1853161279,-560072083,-18062628,-1452875472,2089
-1999054338,1948836840,-2084293798,-734361172,-101336910,-1536386050,-1396694567,-1720537351,-1247827319,2090
1149422992,981701880,-1014425698,-827670325,-1885825167,-628987068,-1567135095,424104686,-921980402,2091
-1596660209,1688968945,1569230289,1881579347,-506873825,-207429396,659299255,2065653722,1406825344,2092
-1420592273,-531840871,-1782384636,-1097200462,1753126620,1001829777,1562974039,-1538442459,-50857807,2093
-1825817194,913544545,675291549,-278873827,-1550972283,580424239,-271702513,1946411427,-1778965603,2094
-490466231,1602786655,-1712502495,-1239336410,484417676,1620801912,736614155,-1309034241,-105749641,2095
-1354453442,-723383016,1871199389,-2047245480,-1054906661,199637932,2076000356,-996835418,-1394815316,2096
-1790356837,-929301409,2019821414,-1705763588,-828996579,201437639,2109525325,-986366661,1365203711,2097
-745813796,1028865871,287815927,1401937481,1791620142,592222048,2071714569,-488860125,-1320853553,2098
-373257134,1509981300,-1627594006,-1421827919,-1910676427,-1008621673,-832216588,-2033112270,-1968371665,2099
39989019,-517639008,-1064092321,-1896172785,-354208817,-2125195358,2083214595,-1106794665,-1843693754,2100
