U5_USERKEY,U5_INDEG,U5_OUTDEG,U5_ACTIVITY,U5_JOINDATE,U5_REGTIME
4,949,39,988,54876,54876
28,14,14,28,117724,117724
36,98,12,110,237223,237223
41,2,0,2,237042,237042
46,116,0,116,250909,250909
49,71,25,96,230407,230407
52,252,19,271,243809,243809
71,1051,23,1074,133785,133785
88,7686,55,7741,133921,133921
104,39,11,50,193464,193464
107,6,3,9,71305,71305
128,44,45,89,228203,228203
130,2,1,3,218506,218506
131,36,42,78,155853,155853
135,9,1,10,232736,232736
148,62,3,65,250726,250726
156,9,0,9,252133,252133
165,3,6,9,163540,163540
167,10,0,10,55027,55027
168,35,0,35,213004,213004
205,2601,3,2604,236681,236681
228,37,3,40,152104,152104
232,11,13,24,125547,125547
233,9,3,12,152137,152137
308,1386,10,1396,141327,141327
313,3,4,7,90334,90334
319,17,14,31,143955,143955
322,1269,10,1279,256339,256339
328,8,9,17,140386,140386
340,9,33,42,257050,257050
342,3,6,9,256353,256353
359,70,16,86,214600,214600
368,36,12,48,94847,94847
369,548,40,588,227828,227828
370,1513,34,1547,242847,242847
371,8,17,25,252412,252412
378,269,42,311,241909,241909
389,136,27,163,172725,172725
395,68,138,206,229841,229841
400,320,25,345,241460,241460
402,181,13,194,243908,243908
411,65,10,75,133717,133717
422,194,54,248,206687,206687
423,112,12,124,200362,200362
431,503,20,523,237401,237401
438,45,54,99,139813,139813
439,345,85,430,36881,36881
441,19,22,41,251178,251178
452,51,29,80,215547,215547
456,574,49,623,252044,252044
457,9,15,24,55133,55133
461,364,25,389,161576,161576
462,319,39,358,215515,215515
468,601,157,758,155286,155286
469,239,17,256,207236,207236
473,282,131,413,225650,225650
478,37,36,73,168911,168911
479,52,8,60,217333,217333
492,654,154,808,135223,135223
502,563,201,764,137272,137272
505,139,25,164,159577,159577
506,121,56,177,218858,218858
510,206,7,213,55118,55118
511,958,131,1089,137458,137458
531,401,16,417,73123,73123
540,139,30,169,167542,167542
541,61,30,91,56125,56125
544,10,19,29,216443,216443
550,332,16,348,150323,150323
553,259,101,360,118867,118867
556,214,41,255,199460,199460
559,23,24,47,167723,167723
580,104,62,166,149205,149205
587,1,13,14,258158,258158
589,14,29,43,222426,222426
591,20,34,54,253583,253583
608,95,65,160,241586,241586
621,26,12,38,77424,77424
637,5,4,9,151090,151090
640,211,14,225,250754,250754
643,39,12,51,240333,240333
657,7,9,16,149699,149699
666,18,7,25,229058,229058
670,38,18,56,224948,224948
677,4949,19,4968,195278,195278
697,18,5,23,149742,149742
698,40,22,62,256152,256152
718,137,72,209,195129,195129
722,2,4,6,63928,63928
723,8,11,19,128199,128199
738,12,28,40,221120,221120
761,30,1,31,205743,205743
762,728,2,730,221559,221559
769,4,4,8,164031,164031
783,19,6,25,79015,79015
786,7,13,20,44586,44586
829,1,4,5,181724,181724
832,1281,33,1314,144063,144063
844,28,7,35,133793,133793
873,1,9,10,258077,258077
874,15,29,44,248577,248577
885,383,24,407,137306,137306
894,167,35,202,248603,248603
898,12,15,27,222982,222982
903,6,3,9,220083,220083
906,40,9,49,220525,220525
910,0,2,2,172962,172962
912,4,1,5,137738,137738
931,10,21,31,133612,133612
939,28,20,48,225950,225950
948,4,3,7,129071,129071
949,6,6,12,244249,244249
994,163,25,188,256998,256998
997,5,28,33,214798,214798
1003,90,7,97,232775,232775
1027,18,4,22,242776,242776
1028,71,9,80,206158,206158
1043,45,37,82,132116,132116
1051,23,20,43,187490,187490
1054,1,3,4,39208,39208
1056,23,43,66,253780,253780
1077,4,17,21,235454,235454
1103,38,22,60,221040,221040
1111,0,2,2,188223,188223
1113,38,2,40,233585,233585
1115,32,54,86,233170,233170
1118,23,21,44,77230,77230
1126,0,1,1,59698,59698
1134,20,4,24,165270,165270
1140,1,20,21,232719,232719
1142,43,18,61,131384,131384
1147,6,11,17,74471,74471
1152,28,42,70,163401,163401
1160,17,24,41,73860,73860
1170,51,56,107,139452,139452
1185,4,2,6,133120,133120
1189,3,3,6,214292,214292
1190,43,14,57,226432,226432
1203,3,8,11,247356,247356
1215,0,5,5,144069,144069
1230,43,4,47,253015,253015
1238,9,17,26,239246,239246
1240,50,36,86,194469,194469
1255,21,11,32,140968,140968
1256,69,3,72,196234,196234
1262,94,9,103,85445,85445
1267,1813,38,1851,227743,227743
1272,19,7,26,142285,142285
1276,3203,49,3252,143859,143859
1281,13,1,14,227989,227989
1309,66,12,78,148572,148572
1357,360,15,375,163813,163813
1358,3,5,8,65109,65109
1359,3,2,5,65062,65062
1379,8,7,15,65132,65132
1385,8,11,19,104005,104005
1386,4,2,6,64490,64490
1400,21,8,29,57999,57999
1405,65,1,66,236949,236949
1411,2,1,3,237205,237205
1432,13,3,16,216002,216002
1433,11,15,26,190264,190264
1447,28,9,37,220794,220794
1454,37,7,44,225835,225835
1455,48,73,121,168276,168276
1461,19,30,49,173279,173279
1471,28,45,73,127299,127299
1475,1,10,11,206003,206003
1484,18,27,45,244845,244845
1486,20,20,40,232012,232012
1487,31,4,35,110479,110479
1492,10,20,30,230139,230139
1510,26,23,49,245770,245770
1526,14,4,18,145364,145364
1528,2,6,8,198281,198281
1551,44,10,54,65117,65117
1572,68,45,113,228653,228653
1579,12,16,28,159335,159335
1593,0,0,0,157811,157811
1597,36,11,47,228070,228070
1609,16,13,29,118577,118577
1632,4,5,9,210322,210322
1633,11,15,26,160972,160972
1654,32,7,39,94035,94035
1665,25,28,53,149994,149994
1694,4,5,9,85685,85685
1711,20,3,23,85984,85984
1723,9,3,12,197080,197080
1725,1,1,2,129230,129230
1739,4,9,13,158080,158080
1748,3,5,8,249098,249098
1751,13,6,19,228195,228195
1760,0,5,5,210187,210187
1762,104,9,113,221517,221517
1774,67,6,73,147638,147638
1805,113,28,141,70242,70242
1825,0,2,2,55482,55482
1830,4,3,7,235748,235748
1853,19,4,23,222685,222685
1878,61,3,64,208020,208020
1892,4,2,6,157048,157048
1898,1,8,9,138143,138143
1902,42,9,51,154749,154749
1912,60,39,99,43348,43348
1916,0,1,1,233231,233231
1917,12,3,15,134179,134179
1920,30,13,43,249747,249747
1944,3,9,12,180652,180652
1945,339,8,347,162677,162677
1958,8,7,15,138291,138291
1999,217,24,241,133056,133056
2011,54,15,69,166026,166026
2018,1,1,2,232141,232141
2033,5,14,19,252091,252091
2034,2,4,6,138901,138901
2080,222,14,236,190797,190797
2098,2,7,9,173668,173668
2123,4,0,4,235805,235805
2143,192,54,246,233420,233420
2148,28,19,47,248201,248201
2149,21,17,38,34125,34125
2153,842,9,851,213866,213866
2169,64,3,67,236199,236199
2171,7,2,9,135531,135531
2173,91,19,110,84067,84067
2175,158,27,185,142710,142710
2177,925,18,943,160644,160644
2180,81,4,85,138218,138218
2182,85,8,93,237898,237898
2183,6,26,32,216603,216603
2203,3,9,12,144145,144145
2205,7,1,8,212407,212407
2222,36,12,48,199036,199036
2230,78,40,118,148671,148671
2247,71,10,81,196196,196196
2256,9,11,20,233218,233218
2294,3,9,12,167606,167606
2298,25,18,43,62237,62237
2301,6,7,13,142806,142806
2303,5,9,14,34371,34371
2307,2,14,16,240958,240958
2308,96,12,108,237818,237818
2325,18,27,45,79929,79929
2330,9,19,28,132282,132282
2333,15,13,28,170088,170088
2338,14,13,27,230908,230908
2351,70,4,74,133322,133322
2369,125,63,188,128815,128815
2373,63,45,108,199887,199887
2374,28,39,67,56863,56863
2377,45,19,64,209045,209045
2387,46,24,70,218210,218210
2417,2551,44,2595,165630,165630
2422,17,3,20,213218,213218
2426,17,42,59,81863,81863
2430,6,13,19,159339,159339
2440,3,5,8,134029,134029
2444,32,16,48,254483,254483
2445,13,12,25,143811,143811
2465,20,46,66,130479,130479
2467,6,13,19,225308,225308
2477,56,29,85,236607,236607
2480,170,108,278,101068,101068
2482,8,19,27,215440,215440
2491,6,4,10,158850,158850
2497,20,39,59,237200,237200
2512,34,42,76,252319,252319
2517,86,79,165,85731,85731
2531,2,3,5,206812,206812
2536,44,8,52,207247,207247
2563,49,54,103,155959,155959
2564,4,17,21,150656,150656
2565,8,4,12,154800,154800
2567,373,12,385,127845,127845
2570,9,7,16,143842,143842
2571,9,15,24,179532,179532
2577,43,34,77,177038,177038
2579,2,4,6,161057,161057
2580,103,40,143,222498,222498
2601,1,1,2,215836,215836
2602,10,19,29,166063,166063
2615,0,7,7,170893,170893
2625,5,17,22,226686,226686
2642,32,3,35,239152,239152
2662,1393,4,1397,213481,213481
2684,40,31,71,207316,207316
2696,670,5,675,138294,138294
2731,11,5,16,188383,188383
2732,0,7,7,216634,216634
2733,57,30,87,3908,3908
2746,154,2,156,132152,132152
2753,477,11,488,105230,105230
2779,25,29,54,108944,108944
2801,1,1,2,233012,233012
2804,5,5,10,241743,241743
2813,8,21,29,241822,241822
2817,23,19,42,241595,241595
2836,130,6,136,242513,242513
2862,16,12,28,139802,139802
2866,26,16,42,129718,129718
2881,20,15,35,129827,129827
2882,40,27,67,130605,130605
2883,1,4,5,253078,253078
2891,16,12,28,141007,141007
2892,9,11,20,129859,129859
2911,37,5,42,147998,147998
2912,9,12,21,39084,39084
2916,7,16,23,150485,150485
2925,28,15,43,130239,130239
2940,130,1,131,135674,135674
2944,8,10,18,86476,86476
2948,28,13,41,92395,92395
2958,8,5,13,230036,230036
2960,2,1,3,88046,88046
3002,24,14,38,222472,222472
3013,100,164,264,98082,98082
3027,17,43,60,209095,209095
3037,1,2,3,189320,189320
3054,3,6,9,184426,184426
3064,3,13,16,98115,98115
3066,19,10,29,8576,8576
3094,52,15,67,206292,206292
3095,19,16,35,234887,234887
3096,21,6,27,214863,214863
3099,7,29,36,160493,160493
3104,23,40,63,151396,151396
3108,4,18,22,238187,238187
3109,9,53,62,251905,251905
3115,92,30,122,249903,249903
3117,8,22,30,155135,155135
3120,1,9,10,148797,148797
3125,12,2,14,133501,133501
3147,0,2,2,252055,252055
3172,3,9,12,44375,44375
3173,0,0,0,247947,247947
3182,0,2,2,153399,153399
3185,19,14,33,227775,227775
3186,4,12,16,119955,119955
3206,2,22,24,163344,163344
3212,123,13,136,237431,237431
3214,27,34,61,142338,142338
3221,2,4,6,215446,215446
3228,204,33,237,214967,214967
3240,2,16,18,242278,242278
3248,0,0,0,61895,61895
3255,15,1,16,232415,232415
3258,5,3,8,244238,244238
3262,11,12,23,131522,131522
3287,6,51,57,135731,135731
3289,93,34,127,134753,134753
3292,16,16,32,224280,224280
3295,17,13,30,95791,95791
3300,131,35,166,242957,242957
3320,0,2,2,133217,133217
3324,21,21,42,230403,230403
3339,9,10,19,215424,215424
3343,1022,29,1051,251870,251870
3347,16,7,23,170761,170761
3353,64,10,74,140797,140797
3355,21,14,35,227229,227229
3356,8,10,18,215082,215082
3357,10,37,47,232606,232606
3359,40,5,45,136436,136436
3360,340,12,352,155802,155802
3361,65,22,87,223001,223001
3369,1197,12,1209,65963,65963
3392,70,14,84,241171,241171
3416,2,2,4,231267,231267
3417,23,17,40,244485,244485
3419,1702,1,1703,194573,194573
3420,1,3,4,227775,227775
3430,8,38,46,192701,192701
3437,21,29,50,166035,166035
3450,9,23,32,218435,218435
3468,3,3,6,196360,196360
3482,83,4,87,202375,202375
3491,27,5,32,223539,223539
3495,30,4,34,236904,236904
3524,4,4,8,216442,216442
3525,6,1,7,184170,184170
3533,74,13,87,133694,133694
3542,28,36,64,151286,151286
3546,34,2,36,18456,18456
3547,294,96,390,136327,136327
3562,20,14,34,144930,144930
3564,11,4,15,209144,209144
3575,2,3,5,199882,199882
3584,31,7,38,130790,130790
3593,37,58,95,142456,142456
3598,58,91,149,137195,137195
3603,399,112,511,103399,103399
3604,879,34,913,62646,62646
3606,106,66,172,202201,202201
3607,19,11,30,227772,227772
3623,11,0,11,127396,127396
3624,1,3,4,57846,57846
3629,54,15,69,132898,132898
3636,12,23,35,58527,58527
3641,55,17,72,212931,212931
3648,10,2,12,218885,218885
3653,5,17,22,227881,227881
3697,23,1,24,193979,193979
3712,17,33,50,229411,229411
3724,17,6,23,97690,97690
3742,15,8,23,123140,123140
3748,16,8,24,196092,196092
3752,37,28,65,241194,241194
3759,10,5,15,118626,118626
3764,14,13,27,237048,237048
3783,121,5,126,186700,186700
3807,104,21,125,155941,155941
3808,79,45,124,243492,243492
3816,28,24,52,175651,175651
3845,20,1,21,141433,141433
3882,15,22,37,143107,143107
3891,2,5,7,142464,142464
3905,0,4,4,144710,144710
3919,11,22,33,73797,73797
3933,5,21,26,62852,62852
3947,6,28,34,138946,138946
3952,9,21,30,167205,167205
3962,5,1,6,167477,167477
3972,349,131,480,138900,138900
3994,535,49,584,138280,138280
3998,843,2,845,134083,134083
4024,2,6,8,103146,103146
4034,2,2,4,150013,150013
4043,8,2,10,249562,249562
4069,18,9,27,143418,143418
4072,11,24,35,225008,225008
4089,9,17,26,252513,252513
4100,11,2,13,222415,222415
4108,1,2,3,242763,242763
4125,3,9,12,132724,132724
4127,30,7,37,155342,155342
4129,30,1,31,148196,148196
4137,152,5,157,229674,229674
4165,8,15,23,156528,156528
4177,263,224,487,134957,134957
4187,26,9,35,242920,242920
4236,21,26,47,249893,249893
4310,34,57,91,75287,75287
4317,44,64,108,252683,252683
4319,3,21,24,55208,55208
4346,58,15,73,122630,122630
4348,16,50,66,117343,117343
4364,19,4,23,157686,157686
4367,28,25,53,209199,209199
4372,372,93,465,216171,216171
4377,70,42,112,214967,214967
4378,315,14,329,122562,122562
4381,18,20,38,151017,151017
4394,26,14,40,58368,58368
4407,69,91,160,142568,142568
4412,176,22,198,78442,78442
4413,4,12,16,221490,221490
4440,78,29,107,199885,199885
4452,6,10,16,252504,252504
4456,2,1,3,109819,109819
4458,3,1,4,197215,197215
4463,10,7,17,229550,229550
4464,10,18,28,237152,237152
4475,85,30,115,67926,67926
4476,3,4,7,248989,248989
4482,10,9,19,183423,183423
4490,4,4,8,151860,151860
4514,61,6,67,89181,89181
4515,24,25,49,182786,182786
4519,17,27,44,66213,66213
4528,40,14,54,151369,151369
4561,18,15,33,151469,151469
4562,10,8,18,194512,194512
4564,19,31,50,89589,89589
4567,44,24,68,152098,152098
4570,23,15,38,154726,154726
4582,5,5,10,61516,61516
4595,4,3,7,257897,257897
4618,1,2,3,225260,225260
4619,22,27,49,131162,131162
4665,386,113,499,2064,2064
4669,5,25,30,233038,233038
4690,5,2,7,94429,94429
4697,8,3,11,240514,240514
4700,14,6,20,223491,223491
4718,57,68,125,116186,116186
4732,27,2,29,133468,133468
4734,21,23,44,257118,257118
4779,10,11,21,226593,226593
4798,4,3,7,73327,73327
4804,2,3,5,73597,73597
4809,49,28,77,214467,214467
4813,13,8,21,230848,230848
4832,2,13,15,244927,244927
4839,0,0,0,105134,105134
4858,2,3,5,203161,203161
4860,1,4,5,221190,221190
4866,78,17,95,208938,208938
4872,25,36,61,228733,228733
4876,8,12,20,97573,97573
4884,15,16,31,72440,72440
4918,13,2,15,205870,205870
4922,3,5,8,211836,211836
4926,1,3,4,152908,152908
4941,5,10,15,250582,250582
4968,5,9,14,179394,179394
4971,19,19,38,245462,245462
4974,112,30,142,102434,102434
5009,75,43,118,249421,249421
5011,614,10,624,224418,224418
5014,9,8,17,234953,234953
5016,39,5,44,189334,189334
5021,26,23,49,68301,68301
5054,2,2,4,154234,154234
5071,111,7,118,228338,228338
5082,181,75,256,223276,223276
5086,12,10,22,228389,228389
5087,80,82,162,76946,76946
5104,52,86,138,230661,230661
5114,75,47,122,71971,71971
5116,143,190,333,223322,223322
5122,1,3,4,153985,153985
5123,252,61,313,58906,58906
5137,285,166,451,88153,88153
5143,156,113,269,169701,169701
5149,6,8,14,217295,217295
5155,131,97,228,147325,147325
5157,58,2,60,77838,77838
5163,235,22,257,147757,147757
5177,7,12,19,190738,190738
5184,65,12,77,195276,195276
5186,101,28,129,122103,122103
5189,114,19,133,107999,107999
5191,91,12,103,131632,131632
5192,43,2,45,63603,63603
5193,1469,42,1511,237629,237629
5222,2,2,4,145502,145502
5225,2,11,13,192044,192044
5226,2593,293,2886,111466,111466
5228,15,8,23,257521,257521
5237,7,10,17,159973,159973
5247,246,46,292,237669,237669
5265,5,11,16,89072,89072
5276,1,1,2,258994,258994
5281,132,97,229,117064,117064
5284,42,32,74,244254,244254
5291,8,9,17,179326,179326
5310,7,2,9,71960,71960
5315,13,19,32,201159,201159
5339,5,11,16,141396,141396
5352,3,10,13,257338,257338
5361,0,5,5,244452,244452
5368,4,10,14,205613,205613
5377,1,16,17,137510,137510
5383,14,9,23,188519,188519
5387,6,42,48,115610,115610
5392,10,9,19,149602,149602
5393,160,9,169,1863,1863
5406,140,61,201,241096,241096
5410,0,10,10,182237,182237
5444,9,18,27,15388,15388
5445,7,31,38,230125,230125
5455,2,4,6,140776,140776
5473,28,25,53,203310,203310
5476,1,0,1,216878,216878
5500,181,37,218,136090,136090
5506,4,10,14,73746,73746
5524,1,2,3,139809,139809
5537,7,12,19,155305,155305
5550,42,15,57,97171,97171
5571,6,27,33,240983,240983
5597,5,4,9,222998,222998
5664,144,0,144,167056,167056
5695,6,5,11,70435,70435
5704,71,69,140,202073,202073
5717,1,11,12,213669,213669
5742,6,29,35,224046,224046
5753,16,34,50,154647,154647
5771,43,71,114,210219,210219
5782,5,3,8,209321,209321
5795,144,41,185,226371,226371
5799,24,22,46,197506,197506
5810,61,87,148,195417,195417
5841,20,57,77,232462,232462
5843,43,56,99,134400,134400
5847,2,6,8,121367,121367
5851,21,31,52,152031,152031
5859,222,84,306,196264,196264
5878,8,30,38,242889,242889
5890,7,14,21,232220,232220
5891,44,38,82,197979,197979
5894,12,31,43,243400,243400
5899,14,2,16,55624,55624
5932,20,17,37,233120,233120
5948,130,45,175,160462,160462
5969,48,13,61,229961,229961
5971,10,14,24,251646,251646
5987,9,12,21,234198,234198
5989,61,16,77,255855,255855
5992,31,31,62,174760,174760
6000,4,6,10,243037,243037
6002,36,1,37,257967,257967
6017,79,38,117,222498,222498
6019,208,30,238,231207,231207
6027,21,3,24,256004,256004
6029,11,14,25,139221,139221
6038,44,5,49,236662,236662
6039,61,45,106,132778,132778
6053,88,8,96,75147,75147
6065,0,0,0,219970,219970
6072,12,39,51,119926,119926
6078,184,39,223,57007,57007
6079,21,1,22,224825,224825
6080,277,51,328,227214,227214
6081,260,27,287,128626,128626
6104,64,52,116,134373,134373
6113,3,8,11,255549,255549
6130,4,4,8,142290,142290
6150,40,20,60,167866,167866
6184,8,8,16,148450,148450
6193,6,18,24,148416,148416
6204,10,21,31,183828,183828
6210,4,42,46,237719,237719
6214,5,17,22,226438,226438
6218,20,48,68,209336,209336
6232,2,6,8,128302,128302
6235,5,8,13,179415,179415
6236,65,15,80,244360,244360
6241,563,164,727,194882,194882
6243,2,5,7,232609,232609
6255,5,7,12,191658,191658
6269,21,25,46,55517,55517
6277,3,1,4,233025,233025
6329,51,23,74,134320,134320
6330,15,30,45,245391,245391
6334,16,23,39,176937,176937
6338,165,99,264,48478,48478
6339,38,11,49,235877,235877
6346,4,3,7,217048,217048
6359,6,9,15,175600,175600
6360,14,17,31,252144,252144
6398,2,14,16,189619,189619
6422,8,11,19,206690,206690
6425,61,11,72,245127,245127
6441,6,5,11,211015,211015
6443,1,4,5,66740,66740
6445,5,17,22,232924,232924
6477,2,30,32,153124,153124
6493,12,7,19,87258,87258
6504,3,5,8,205968,205968
6509,2,6,8,250299,250299
6516,5,29,34,173295,173295
6520,5,7,12,142022,142022
6547,3,6,9,219799,219799
6551,8,24,32,73356,73356
6568,2,2,4,142860,142860
6578,3,0,3,166022,166022
6585,29,44,73,181094,181094
6588,5,20,25,146392,146392
6590,35,16,51,128100,128100
6612,16,25,41,247446,247446
6616,2,13,15,179710,179710
6625,11,18,29,118029,118029
6637,5,2,7,102509,102509
6642,49,13,62,101216,101216
6644,166,0,166,212692,212692
6645,89,43,132,9872,9872
6652,95,12,107,248303,248303
6654,44,2,46,225758,225758
6658,96,29,125,13064,13064
6662,37,45,82,135884,135884
6668,43,24,67,101444,101444
6669,33,32,65,8491,8491
6672,52,5,57,11843,11843
6674,93,27,120,119767,119767
6677,57,14,71,22490,22490
6688,18,19,37,127329,127329
6692,47,40,87,23947,23947
6701,47,43,90,12052,12052
6702,58,30,88,230074,230074
6704,24,79,103,37459,37459
6707,27,29,56,100862,100862
6708,26,45,71,20114,20114
6717,0,6,6,233006,233006
6751,50,38,88,215303,215303
6759,17,11,28,161094,161094
6765,9,44,53,217612,217612
6767,16,9,25,204416,204416
6790,16,58,74,216662,216662
6800,25,7,32,178954,178954
6807,15,17,32,227916,227916
6817,20,31,51,150930,150930
6821,6,10,16,102106,102106
6835,33,29,62,56806,56806
6864,13,29,42,257081,257081
6879,8,18,26,191331,191331
6882,22,24,46,148166,148166
6888,6,1,7,191975,191975
6899,4,8,12,193289,193289
6909,135,32,167,241758,241758
6937,15,15,30,176962,176962
6940,736,107,843,111471,111471
6944,0,1,1,113275,113275
6949,18,3,21,222657,222657
6951,495,3,498,239255,239255
6958,259,24,283,240780,240780
6963,149,9,158,152764,152764
6982,78,110,188,60818,60818
6992,8,17,25,130714,130714
6993,11,16,27,238357,238357
6999,10,8,18,55025,55025
7013,0,7,7,236573,236573
7020,1,21,22,145952,145952
7065,0,8,8,189176,189176
7067,293,76,369,257867,257867
7091,5,11,16,134866,134866
7095,6,9,15,216704,216704
7100,21,10,31,156573,156573
7114,50,27,77,246172,246172
7121,9,15,24,151773,151773
7133,10,4,14,192650,192650
7149,11,22,33,172817,172817
7185,7,5,12,70531,70531
7200,6,10,16,155714,155714
7231,13,4,17,257866,257866
7238,3,6,9,218290,218290
7242,21,34,55,189550,189550
7245,4,4,8,58343,58343
7254,18,8,26,236613,236613
7257,0,3,3,145134,145134
7259,35,43,78,148006,148006
7271,65,12,77,136407,136407
7281,1,5,6,136273,136273
7283,24,6,30,187473,187473
7288,35,42,77,177691,177691
7298,11,31,42,221853,221853
7305,2,10,12,237101,237101
7307,4,9,13,197570,197570
7309,3,7,10,197687,197687
7316,11,26,37,236734,236734
7319,11,22,33,128678,128678
7320,13,11,24,158345,158345
7330,2,3,5,242826,242826
7337,5,13,18,249418,249418
7350,7,18,25,229898,229898
7360,9,6,15,160077,160077
7363,3,7,10,237311,237311
7377,35,47,82,118830,118830
7394,13,6,19,55027,55027
7400,113,34,147,226712,226712
7404,481,55,536,220084,220084
7406,157,83,240,162514,162514
7417,83,11,94,231785,231785
7420,164,58,222,224360,224360
7440,5,10,15,194983,194983
7445,17,30,47,217845,217845
7453,4,10,14,221262,221262
7457,9,33,42,155427,155427
7459,6,14,20,241560,241560
7462,42,45,87,99318,99318
7468,101,42,143,224111,224111
7473,11,7,18,252372,252372
7476,46,40,86,130630,130630
7480,116,44,160,216670,216670
7501,343,105,448,149815,149815
7520,11,9,20,146702,146702
7522,20,0,20,233413,233413
7533,2149,12,2161,196203,196203
7550,83,7,90,215662,215662
7551,1475,87,1562,146443,146443
7584,51,55,106,256185,256185
7586,1,1,2,252467,252467
7591,10,9,19,222592,222592
7614,13,17,30,106119,106119
7617,9,12,21,75509,75509
7634,275,73,348,217688,217688
7658,5,13,18,208992,208992
7684,6,2,8,82328,82328
7686,2,6,8,210292,210292
7690,386,2,388,193443,193443
7695,1,9,10,117061,117061
7705,1,3,4,193574,193574
7721,11,6,17,222976,222976
7727,14,21,35,231786,231786
7732,0,1,1,196524,196524
7759,1,3,4,233193,233193
7771,1,21,22,246702,246702
7779,49,44,93,147418,147418
7786,8,18,26,204097,204097
7801,55,77,132,77958,77958
7804,6,8,14,237924,237924
7811,3,1,4,135609,135609
7829,17,10,27,242949,242949
7847,4,3,7,224099,224099
7856,7,19,26,55951,55951
7859,0,13,13,228254,228254
7865,0,1,1,181375,181375
7878,1,5,6,238045,238045
7882,4,4,8,134267,134267
7902,1,4,5,208214,208214
7903,5,22,27,192545,192545
7942,264,36,300,224581,224581
7969,64,26,90,241109,241109
7981,0,4,4,235541,235541
7982,11,21,32,243436,243436
7985,4,8,12,238286,238286
7996,4,6,10,238923,238923
8004,2,4,6,108512,108512
8009,3,13,16,229400,229400
8027,1,1,2,234015,234015
8063,4,7,11,214763,214763
8098,1,1,2,162772,162772
8122,155,9,164,127987,127987
8126,60,42,102,224443,224443
8140,11,36,47,230324,230324
8196,1,7,8,193598,193598
8198,1,2,3,245185,245185
8208,125,6,131,251760,251760
8214,0,1,1,196534,196534
8217,2,9,11,235944,235944
8231,0,3,3,208025,208025
8236,6,3,9,180654,180654
8238,5,1,6,254469,254469
8247,2,0,2,142424,142424
8253,0,1,1,145656,145656
8260,8,6,14,203792,203792
8266,41,9,50,140699,140699
8270,2,8,10,179686,179686
8278,11,17,28,233015,233015
8291,6,11,17,137564,137564
8292,44,60,104,242903,242903
8322,17,8,25,232339,232339
8324,4,8,12,165174,165174
8352,14,28,42,98036,98036
8374,1,7,8,157291,157291
8377,8,13,21,239273,239273
8379,40,47,87,224484,224484
8380,10,17,27,214864,214864
8384,17,57,74,214518,214518
8389,15,19,34,224763,224763
8391,518,63,581,136644,136644
8392,99,47,146,215525,215525
8393,38,29,67,214191,214191
8404,110,9,119,233014,233014
8409,39,7,46,206075,206075
8410,32,6,38,112551,112551
8431,1,3,4,135652,135652
8437,1,1,2,134124,134124
8442,2,0,2,163202,163202
8451,6,5,11,163097,163097
8454,15,53,68,170325,170325
8460,54,5,59,168506,168506
8497,20,3,23,78767,78767
8568,15,3,18,164578,164578
8576,6,9,15,232833,232833
8591,16,33,49,152214,152214
8592,8,6,14,137068,137068
8594,14,16,30,227812,227812
8633,3,16,19,85759,85759
8647,4,25,29,219859,219859
8655,0,3,3,150082,150082
8689,1,3,4,219509,219509
8702,85,20,105,71341,71341
8711,469,11,480,147727,147727
8734,26,5,31,180936,180936
8740,6,1,7,180739,180739
8755,160,17,177,73048,73048
8760,2,4,6,78923,78923
8794,6,7,13,71573,71573
8811,51,8,59,146634,146634
8832,27,29,56,227802,227802
8840,38,9,47,257530,257530
8846,1,0,1,90037,90037
8855,30,27,57,138433,138433
8864,4,10,14,148820,148820
8872,7,8,15,231629,231629
8897,9,26,35,71918,71918
8903,263,56,319,141942,141942
8910,2,11,13,230927,230927
8915,31,37,68,224661,224661
8950,9,20,29,256296,256296
8960,26,20,46,244187,244187
8965,2,1,3,229058,229058
8966,22,160,182,69401,69401
8989,75,129,204,178970,178970
8992,71,39,110,162834,162834
9011,5,29,34,131508,131508
9016,70,17,87,229534,229534
9021,130,117,247,138539,138539
9025,248,87,335,231711,231711
9036,121,104,225,139225,139225
9059,1,7,8,235868,235868
9060,3,8,11,134143,134143
9090,9,4,13,137873,137873
9091,28,51,79,242409,242409
9096,20,30,50,155590,155590
9099,0,6,6,147538,147538
9102,24,10,34,127414,127414
9107,83,34,117,131805,131805
9111,13,10,23,240261,240261
9129,21,6,27,108769,108769
9131,4,1,5,56617,56617
9139,58,22,80,248633,248633
9155,16,32,48,198594,198594
9161,29,52,81,123147,123147
9162,15,40,55,246394,246394
9173,3,11,14,227591,227591
9185,4,16,20,213677,213677
9186,9,35,44,102389,102389
9190,7,7,14,208526,208526
9206,12,12,24,95346,95346
9208,68,18,86,25547,25547
9210,16,18,34,101842,101842
9217,17,14,31,134067,134067
9223,13,8,21,105392,105392
9229,19,15,34,7802,7802
9231,49,4,53,10158,10158
9232,4,29,33,144853,144853
9244,9,13,22,179941,179941
9254,49,19,68,119214,119214
9258,11,27,38,248055,248055
9277,9,14,23,245830,245830
9288,13,2,15,50838,50838
9299,62,40,102,151475,151475
9304,25,31,56,167453,167453
9305,31,7,38,148807,148807
9310,20,32,52,219913,219913
9311,28,52,80,145382,145382
9312,3,5,8,130857,130857
9318,9,8,17,239545,239545
9324,2,8,10,73781,73781
9343,7,5,12,235884,235884
9351,46,16,62,58292,58292
9366,18,16,34,176113,176113
9380,5,14,19,137065,137065
9384,8,2,10,105345,105345
9385,13,7,20,137807,137807
9391,2,2,4,134033,134033
9398,10,2,12,151187,151187
9417,41,81,122,118915,118915
9421,7,4,11,174103,174103
9439,26,10,36,198146,198146
9445,2,3,5,152673,152673
9453,20,28,48,238826,238826
9464,19,59,78,239068,239068
9466,75,14,89,239832,239832
9476,9,37,46,114179,114179
9494,10,17,27,167465,167465
9498,23,10,33,185001,185001
9508,89,33,122,169106,169106
9514,15,60,75,77983,77983
9523,8,16,24,258833,258833
9536,12,20,32,183761,183761
9539,1,29,30,100496,100496
9551,5,6,11,217970,217970
9558,5,9,14,206375,206375
9560,2,4,6,192254,192254
9563,39,61,100,231488,231488
9570,28,66,94,228646,228646
9586,3,8,11,109135,109135
9589,2,4,6,244138,244138
9596,8,25,33,132201,132201
9604,125,49,174,132991,132991
9605,121,59,180,161923,161923
9630,23,16,39,235419,235419
9666,17,1,18,226309,226309
9672,160,6,166,149178,149178
9681,3,2,5,133904,133904
9704,148,6,154,107256,107256
9708,2,10,12,243315,243315
9727,6,8,14,142392,142392
9731,129,9,138,135977,135977
9747,1,3,4,217742,217742
9753,0,3,3,236025,236025
9756,3,11,14,170505,170505
9765,4,9,13,236895,236895
9776,1,4,5,188764,188764
9780,0,0,0,247340,247340
9792,14,19,33,155030,155030
9800,34,7,41,139801,139801
9810,188,120,308,251145,251145
9815,19,5,24,126138,126138
9816,18,27,45,137365,137365
9840,11,17,28,245973,245973
9849,68,101,169,243678,243678
9855,32,32,64,207876,207876
9861,10,5,15,164212,164212
9869,3,8,11,250268,250268
9871,5,29,34,198998,198998
9874,6,10,16,155615,155615
9883,1,1,2,134017,134017
9896,14,61,75,220835,220835
9901,52,56,108,208170,208170
9920,7,1,8,129210,129210
9931,3,2,5,169219,169219
9932,9,23,32,226435,226435
9940,3,9,12,134598,134598
9941,46,68,114,97242,97242
9947,35,11,46,140602,140602
9948,2,16,18,227839,227839
9951,67,69,136,69062,69062
9952,14,28,42,189240,189240
9960,60,98,158,163464,163464
9964,345,42,387,102582,102582
9965,19,10,29,231353,231353
9972,302,60,362,161423,161423
9981,3,2,5,216627,216627
9991,30,31,61,251973,251973
10009,26,41,67,214826,214826
10011,1,8,9,227276,227276
10013,14,40,54,136817,136817
10017,8,13,21,149954,149954
10021,6,4,10,131761,131761
10044,117,6,123,168154,168154
10048,25,4,29,251684,251684
10053,78,21,99,44670,44670
10072,42,56,98,200139,200139
10078,17,17,34,199371,199371
10084,12,15,27,142098,142098
10086,17,38,55,256645,256645
10087,8,69,77,134722,134722
10091,16,17,33,73168,73168
10105,1,17,18,153740,153740
10109,24,11,35,243187,243187
10112,3,2,5,155571,155571
10125,26,43,69,210301,210301
10126,76,21,97,215396,215396
10134,7,0,7,176949,176949
10140,30,4,34,108289,108289
10145,1,3,4,219382,219382
10147,1,7,8,193655,193655
10151,7,61,68,191967,191967
10154,11,14,25,242602,242602
10168,25,20,45,74301,74301
10179,86,113,199,46374,46374
10186,23,27,50,255027,255027
10190,61,24,85,233456,233456
10193,35,38,73,140528,140528
10194,21,14,35,189533,189533
10202,31,41,72,238141,238141
10214,160,31,191,188951,188951
10217,10,4,14,194434,194434
10219,18,46,64,251848,251848
10224,27,45,72,133105,133105
10225,3,25,28,220263,220263
10241,11,37,48,29526,29526
10245,10,25,35,199086,199086
10253,62,70,132,230315,230315
10255,57,97,154,224591,224591
10264,28,40,68,191967,191967
10269,23,7,30,54890,54890
10273,25,41,66,82009,82009
10282,1,2,3,136311,136311
10284,14,41,55,1230,1230
10305,13,34,47,163225,163225
10309,22,5,27,155168,155168
10313,34,39,73,199518,199518
10319,12,13,25,97706,97706
10327,23,29,52,242603,242603
10328,37,51,88,227439,227439
10333,9,36,45,119046,119046
10335,30,67,97,21843,21843
10338,51,62,113,179851,179851
10341,14,57,71,236781,236781
10343,14,44,58,29636,29636
10345,25,25,50,253218,253218
10350,14,36,50,159632,159632
10351,4,8,12,160722,160722
10352,5,6,11,136354,136354
10353,11,28,39,250096,250096
10357,53,86,139,243313,243313
10367,13,15,28,10570,10570
10381,14,52,66,23116,23116
10385,5,18,23,150963,150963
10392,26,73,99,219415,219415
10397,3,3,6,232571,232571
10401,9,9,18,224760,224760
10403,9,20,29,242665,242665
10450,2,13,15,223132,223132
10458,72,69,141,202050,202050
10469,2,5,7,197562,197562
10475,35,65,100,247453,247453
10480,23,36,59,227768,227768
10503,2,13,15,228442,228442
10530,105,3,108,232384,232384
10561,5,3,8,226270,226270
10564,7,7,14,246269,246269
10585,1,2,3,175717,175717
10598,2,3,5,230602,230602
10601,0,2,2,248360,248360
10607,7,3,10,248239,248239
10610,0,1,1,253738,253738
10616,3,2,5,237867,237867
10627,33,2,35,179710,179710
10650,100,58,158,148026,148026
10657,0,4,4,237995,237995
10685,87,78,165,190098,190098
10691,9,4,13,157113,157113
10754,3,4,7,221185,221185
10755,11,23,34,239860,239860
10781,5,6,11,245017,245017
10802,0,2,2,173006,173006
10814,17,13,30,228357,228357
10816,25,37,62,104535,104535
10817,22,15,37,161630,161630
10837,14,16,30,129127,129127
10847,1,2,3,216782,216782
10853,280,128,408,117471,117471
10887,1,11,12,191001,191001
10901,40,35,75,190586,190586
10910,133,11,144,245215,245215
10913,117,7,124,251787,251787
10919,2,1,3,198552,198552
10925,90,60,150,118725,118725
10931,35,7,42,192712,192712
10941,5,5,10,117594,117594
10945,12,19,31,63090,63090
10950,4,7,11,63560,63560
10969,74,41,115,227651,227651
10971,5,7,12,177825,177825
10973,8,9,17,236212,236212
10978,13,27,40,179730,179730
10985,5,7,12,140249,140249
11012,0,5,5,244164,244164
11025,91,43,134,244415,244415
11029,27,8,35,48935,48935
11036,507,96,603,105743,105743
11038,8,34,42,218049,218049
11047,2,16,18,38975,38975
11049,16,19,35,147957,147957
11050,52,14,66,47873,47873
11069,7,28,35,243142,243142
11071,3,5,8,241665,241665
11072,16,11,27,203136,203136
11094,14,12,26,152263,152263
11118,21,16,37,226799,226799
11124,15,5,20,221129,221129
11135,49,47,96,43276,43276
11167,2,6,8,197574,197574
11176,180,5,185,151445,151445
11193,58,47,105,242120,242120
11197,69,17,86,149799,149799
11208,10,24,34,162524,162524
11211,15,12,27,241623,241623
11223,1,4,5,45920,45920
11242,0,8,8,198320,198320
11253,11,16,27,202347,202347
11255,6,13,19,143670,143670
11256,46,63,109,57044,57044
11257,7,9,16,91334,91334
11264,17,20,37,157924,157924
11302,0,4,4,223997,223997
11315,4,4,8,125814,125814
11324,14,19,33,248233,248233
11329,75,23,98,246940,246940
11330,7,10,17,191923,191923
11336,64,24,88,100416,100416
11337,90,24,114,245882,245882
11339,175,9,184,253155,253155
11342,68,39,107,142108,142108
11366,11,8,19,246866,246866
11375,7,22,29,155606,155606
11387,7,6,13,257282,257282
11388,172,43,215,193676,193676
11393,27,5,32,125910,125910
11410,3,3,6,200010,200010
11444,385,0,385,234196,234196
11447,0,13,13,213476,213476
11474,0,5,5,107833,107833
11482,10,11,21,196621,196621
11506,1,2,3,130717,130717
11516,16,23,39,53771,53771
11521,15,20,35,118124,118124
11530,10,30,40,154011,154011
11542,39,48,87,108544,108544
11547,41,9,50,133477,133477
11569,132,17,149,142014,142014
11571,189,10,199,241971,241971
11587,61,25,86,256778,256778
11597,82,82,164,247202,247202
11619,47,8,55,220500,220500
11622,9,4,13,98811,98811
11656,29,31,60,147874,147874
11660,17,19,36,255145,255145
11668,99,15,114,212228,212228
11671,16,20,36,246715,246715
11677,333,51,384,118166,118166
11679,2,7,9,238226,238226
11692,37,54,91,115558,115558
11694,17,36,53,216624,216624
11744,19,18,37,73323,73323
11760,2,29,31,155509,155509
11768,9,5,14,243695,243695
11769,12,24,36,148578,148578
11819,23,11,34,215367,215367
11839,6,9,15,227420,227420
11844,57,5,62,158823,158823
11852,350,10,360,243584,243584
11856,1,11,12,130811,130811
11864,0,0,0,231248,231248
11876,154,73,227,69557,69557
11878,2,5,7,189092,189092
11884,92,89,181,230015,230015
11889,58,2,60,175268,175268
11892,1,6,7,140868,140868
11901,0,1,1,169410,169410
11905,46,157,203,108598,108598
11917,21,14,35,220547,220547
11921,333,23,356,244900,244900
11953,177,78,255,241746,241746
11960,63,15,78,208098,208098
11962,21,23,44,83286,83286
11971,4,3,7,160135,160135
11976,32,2,34,256790,256790
11978,25,9,34,71032,71032
11979,29,7,36,164740,164740
11981,213,33,246,131646,131646
11991,596,67,663,132728,132728
11992,4,4,8,73220,73220
12022,271,69,340,141903,141903
12026,5,5,10,202439,202439
12030,67,20,87,209273,209273
12038,6,17,23,133455,133455
12042,8,15,23,71238,71238
12045,8,12,20,137691,137691
12052,13,15,28,194558,194558
12058,12,41,53,244621,244621
12063,2,3,5,226714,226714
12069,3,5,8,216231,216231
12078,3,10,13,242760,242760
12106,1,3,4,208785,208785
12112,1,3,4,195091,195091
12122,0,8,8,132817,132817
12126,8,6,14,224403,224403
12128,18,25,43,243855,243855
12130,15,36,51,215792,215792
12132,1,3,4,142756,142756
12159,4,13,17,141354,141354
12176,1,1,2,220303,220303
12183,45,8,53,175986,175986
12201,20,11,31,241731,241731
12250,13,25,38,232554,232554
12273,9,11,20,223761,223761
12274,5,8,13,234605,234605
12281,551,5,556,152654,152654
12283,4,4,8,242924,242924
12295,17,6,23,201979,201979
12296,6,7,13,218112,218112
12304,9,16,25,146642,146642
12323,5,12,17,230914,230914
12327,13,31,44,202721,202721
12338,31,9,40,188669,188669
12340,6,12,18,153080,153080
12345,2,4,6,225287,225287
12352,36,28,64,223569,223569
12375,107,19,126,234046,234046
12383,3,14,17,155492,155492
12384,1,0,1,203553,203553
12396,1,10,11,232133,232133
12400,6,22,28,235073,235073
12406,6,6,12,245470,245470
12424,5,13,18,194931,194931
12425,100,3,103,222759,222759
12427,108,5,113,193651,193651
12462,70,50,120,123145,123145
12468,9,6,15,150942,150942
12471,127,0,127,189619,189619
12477,25,42,67,108595,108595
12481,6,3,9,241823,241823
12492,11,11,22,193802,193802
12503,1,6,7,234004,234004
12505,15,5,20,197614,197614
12510,329,0,329,20609,20609
12517,7,14,21,237693,237693
12539,77,66,143,231235,231235
12542,9,3,12,221291,221291
12554,0,2,2,152726,152726
12576,11,4,15,224403,224403
12580,0,1,1,66082,66082
12604,73,3,76,233966,233966
12608,3,2,5,249853,249853
12619,9,16,25,133135,133135
12631,8,23,31,247687,247687
12641,17,3,20,68368,68368
12644,11,6,17,241327,241327
12651,96,98,194,137132,137132
12674,0,0,0,214626,214626
12692,1,15,16,83490,83490
12699,48,95,143,239625,239625
12700,19,15,34,159126,159126
12715,78,23,101,167474,167474
12726,15,16,31,236714,236714
12745,41,19,60,149669,149669
12751,486,106,592,57592,57592
12768,1,21,22,233959,233959
12792,2,7,9,77935,77935
12806,94,65,159,138500,138500
12824,72,65,137,172829,172829
12843,13,44,57,73951,73951
12873,2,7,9,197364,197364
12879,38,48,86,83269,83269
12891,103,4,107,80053,80053
12894,41,35,76,192057,192057
12928,72,47,119,255829,255829
12937,120,11,131,212137,212137
12940,2,6,8,205739,205739
12959,9,22,31,149183,149183
12966,83,52,135,251272,251272
12985,31,9,40,193774,193774
13004,14,19,33,202663,202663
13012,8,25,33,210836,210836
13013,6,3,9,58438,58438
13019,1,6,7,254246,254246
13038,0,0,0,178793,178793
13074,135,52,187,202187,202187
13084,10,9,19,163728,163728
13109,48,35,83,224225,224225
13115,248,294,542,222180,222180
13116,41,48,89,136205,136205
13123,251,100,351,27021,27021
13131,71,24,95,124167,124167
13133,89,6,95,192171,192171
13134,435,45,480,229347,229347
13139,87,31,118,159395,159395
13149,11,40,51,151759,151759
13150,94,28,122,248512,248512
13153,38,112,150,149259,149259
13163,128,149,277,131711,131711
13179,7,2,9,165116,165116
13209,0,3,3,255411,255411
13219,22,6,28,190649,190649
13235,52,49,101,160764,160764
13239,14,9,23,135134,135134
13244,9,17,26,145939,145939
13254,0,3,3,101199,101199
13272,38,45,83,203622,203622
13315,4,14,18,125291,125291
13320,7,28,35,190460,190460
13337,6,8,14,246217,246217
13338,1,7,8,258441,258441
13348,4,8,12,247843,247843
13354,8,12,20,153457,153457
13364,2,11,13,207898,207898
13371,2,1,3,236519,236519
13380,7,13,20,238802,238802
13383,89,21,110,102619,102619
13384,22,7,29,121804,121804
13394,2,3,5,122111,122111
13405,0,1,1,85694,85694
13407,0,7,7,179148,179148
13416,10,35,45,242181,242181
13456,30,23,53,234548,234548
13468,13,4,17,125110,125110
13482,22,1,23,213799,213799
13488,1,1,2,159367,159367
13500,0,17,17,183750,183750
13502,55,27,82,151093,151093
13505,92,49,141,151103,151103
13506,109,46,155,151997,151997
13508,46,35,81,150785,150785
13509,53,27,80,151766,151766
13510,52,41,93,150792,150792
13511,52,105,157,151000,151000
13512,3,3,6,163893,163893
13516,248,84,332,149028,149028
13537,6,7,13,65230,65230
13539,9,7,16,222971,222971
13552,16,27,43,236912,236912
13561,6,45,51,242532,242532
13566,7,55,62,226766,226766
13567,4,10,14,100052,100052
13577,2,9,11,122722,122722
13578,3,12,15,74464,74464
13596,5,15,20,226452,226452
13598,3,4,7,181680,181680
13606,5,9,14,183978,183978
13609,37,32,69,109195,109195
13611,24,15,39,227051,227051
13625,3,15,18,172214,172214
13627,29,1,30,97806,97806
13649,1,7,8,192878,192878
13653,20,11,31,237826,237826
13654,42,15,57,198727,198727
13698,3,3,6,238757,238757
13700,13,12,25,207485,207485
13703,1,4,5,256054,256054
13705,9,9,18,223138,223138
13716,11,62,73,234175,234175
13720,6,5,11,159865,159865
13721,14,1,15,258131,258131
13722,28,29,57,245039,245039
13732,5,46,51,247920,247920
13735,7,12,19,236589,236589
13754,19,32,51,162496,162496
13756,47,5,52,228986,228986
13764,6,6,12,225093,225093
13765,116,15,131,132869,132869
13766,86,52,138,147278,147278
13769,2,0,2,149594,149594
13773,56,61,117,111999,111999
13778,57,50,107,116837,116837
13784,61,69,130,241665,241665
13790,82,46,128,29797,29797
13798,422,107,529,153745,153745
13807,3,2,5,239922,239922
13808,535,89,624,32392,32392
13811,494,159,653,112841,112841
13815,1,4,5,74640,74640
13816,10,26,36,233026,233026
13820,169,121,290,137111,137111
13822,9,6,15,219016,219016
13852,2,6,8,168373,168373
13856,0,3,3,203278,203278
13865,2,5,7,143913,143913
13871,54,7,61,245868,245868
13874,22,39,61,140935,140935
13875,5,12,17,226283,226283
13876,1,8,9,251256,251256
13879,86,43,129,133725,133725
13881,8,21,29,136739,136739
13893,4,3,7,223702,223702
13898,1,13,14,142700,142700
13900,69,15,84,216282,216282
13902,81,4,85,230819,230819
13912,6,41,47,239306,239306
13936,3,2,5,181588,181588
13937,7,7,14,148091,148091
13938,11,10,21,233558,233558
13968,5,32,37,59389,59389
13977,3,4,7,246978,246978
13994,6,6,12,209196,209196
14000,2,6,8,194364,194364
14002,20,32,52,238272,238272
14017,4,4,8,214151,214151
14040,8,6,14,196276,196276
14044,8,5,13,147949,147949
14054,15,5,20,55271,55271
14064,299,45,344,146242,146242
14075,933,26,959,248078,248078
14099,0,2,2,234226,234226
14108,0,2,2,123217,123217
14111,1,21,22,197406,197406
14123,17,2,19,99221,99221
14128,3,6,9,202229,202229
14130,12,19,31,165160,165160
14133,4,7,11,115518,115518
14136,12,12,24,224114,224114
14143,31,9,40,239388,239388
14153,14,22,36,181459,181459
14162,21,17,38,192066,192066
14164,22,23,45,43661,43661
14166,226,116,342,150253,150253
14167,20,12,32,154678,154678
14168,4,10,14,218847,218847
14170,20,24,44,73143,73143
14173,12,7,19,154248,154248
14185,27,9,36,192527,192527
14188,17,2,19,222363,222363
14193,4,2,6,138318,138318
14219,7,5,12,145868,145868
14233,3,3,6,230435,230435
14234,5,3,8,236793,236793
14241,13,8,21,138430,138430
14277,15,3,18,230475,230475
14280,4,6,10,188190,188190
14289,3,3,6,153658,153658
14294,2,1,3,99982,99982
14295,2,3,5,221196,221196
14296,1,6,7,202543,202543
14299,7,5,12,155702,155702
14308,10,4,14,246508,246508
14331,19,9,28,230816,230816
14333,6,10,16,73188,73188
14342,9,12,21,216830,216830
14368,3,2,5,57675,57675
14375,4,9,13,76341,76341
14392,13,31,44,169505,169505
14403,6,15,21,192957,192957
14404,3,10,13,205006,205006
14415,8,0,8,148983,148983
14436,0,3,3,167739,167739
14442,63,44,107,221090,221090
14444,8,1,9,168635,168635
14451,5,8,13,217097,217097
14460,1,5,6,242596,242596
14473,19,40,59,158112,158112
14486,22,49,71,203764,203764
14487,6,20,26,214479,214479
14489,16,16,32,106039,106039
14511,0,4,4,142039,142039
14517,9,16,25,55674,55674
14525,49,8,57,230462,230462
14543,49,11,60,149621,149621
14544,17,9,26,73431,73431
14553,17,2,19,193489,193489
14563,2,7,9,154237,154237
14565,151,21,172,202532,202532
14570,154,33,187,71306,71306
14577,638,18,656,208504,208504
14585,5,4,9,146672,146672
14586,8,10,18,139854,139854
14588,77,95,172,146526,146526
14589,361,41,402,148430,148430
14604,291,28,319,191952,191952
14608,27,34,61,244097,244097
14609,262,13,275,146229,146229
14611,331,96,427,121452,121452
14615,952,71,1023,147097,147097
14621,538,12,550,196908,196908
14628,20,28,48,120911,120911
14636,9,17,26,203940,203940
14644,11,17,28,246054,246054
14656,12,24,36,204788,204788
14674,75,73,148,223134,223134
14683,46,27,73,221161,221161
14699,4,6,10,156283,156283
14700,1,1,2,247475,247475
14721,120,44,164,124950,124950
14726,8,8,16,235981,235981
14742,11,6,17,209603,209603
14748,1,5,6,205303,205303
14755,9,7,16,244523,244523
14779,0,3,3,210025,210025
14797,36,43,79,133263,133263
14808,16,80,96,225290,225290
14813,225,6,231,251468,251468
14825,19,24,43,32436,32436
14838,16,22,38,252474,252474
14844,41,53,94,120441,120441
14847,0,5,5,191443,191443
14861,2,13,15,138413,138413
14899,2,4,6,155992,155992
14907,224,12,236,115478,115478
14910,0,12,12,149158,149158
14913,66,39,105,229648,229648
14917,77,1,78,179234,179234
14926,62,0,62,182201,182201
14945,52,49,101,177638,177638
14947,24,23,47,129515,129515
14948,0,4,4,220675,220675
14957,211,159,370,132457,132457
14960,16,16,32,164160,164160
14964,53,17,70,189957,189957
14966,2,1,3,83132,83132
14982,3,2,5,223415,223415
15009,1,3,4,193640,193640
15013,5,10,15,142052,142052
15016,7,8,15,134191,134191
15100,0,3,3,222016,222016
15120,23,13,36,219422,219422
15148,69,7,76,228779,228779
15169,13,19,32,130473,130473
15176,8,6,14,214418,214418
15179,2,1,3,252998,252998
15184,125,54,179,140853,140853
15188,144,52,196,154849,154849
15191,5,8,13,217223,217223
15196,418,61,479,154512,154512
15210,288,112,400,193116,193116
15214,108,83,191,251016,251016
15219,150,111,261,249923,249923
15221,1,0,1,168274,168274
15231,6,17,23,210640,210640
15243,10,22,32,229383,229383
15277,2,2,4,107877,107877
15294,17,28,45,101388,101388
15295,124,145,269,218741,218741
15302,1,7,8,222877,222877
15304,2,3,5,197481,197481
15318,2,2,4,213789,213789
15319,11,3,14,177283,177283
15328,104,6,110,192545,192545
15330,1,1,2,223517,223517
15357,0,1,1,231377,231377
15359,159,91,250,191493,191493
15360,21,20,41,223436,223436
15370,2,3,5,177222,177222
15376,1,8,9,133433,133433
15393,9,11,20,222352,222352
15397,110,16,126,177840,177840
15410,0,2,2,167196,167196
15412,2,3,5,228618,228618
15414,10,5,15,227841,227841
15416,1,6,7,258265,258265
15429,4,12,16,191394,191394
15439,24,83,107,136800,136800
15457,13,0,13,214621,214621
15458,149,16,165,129914,129914
15459,7,0,7,221102,221102
15460,1,1,2,211965,211965
15469,3,6,9,179870,179870
15472,5,5,10,179806,179806
15483,10,12,22,163588,163588
15489,265,20,285,157948,157948
15508,21,21,42,16734,16734
15513,117,16,133,147440,147440
15515,1,8,9,202575,202575
15518,72,17,89,214767,214767
15520,94,84,178,241458,241458
15555,1,6,7,136509,136509
15563,0,2,2,242546,242546
15595,0,13,13,185375,185375
15596,23,11,34,131741,131741
15599,1,4,5,219577,219577
15601,8,8,16,235932,235932
15615,14,19,33,237668,237668
15669,6,3,9,195916,195916
15687,31,35,66,129402,129402
15688,7,8,15,133900,133900
15691,15,6,21,226259,226259
15692,3,3,6,196033,196033
15694,7,7,14,133022,133022
15717,10,11,21,68953,68953
15722,2,7,9,166884,166884
15724,121,102,223,235266,235266
15740,2,5,7,197057,197057
15741,33,39,72,153844,153844
15752,3,7,10,197250,197250
15766,1,4,5,250217,250217
15783,45,35,80,192635,192635
15794,68,69,137,146734,146734
15795,2,2,4,219377,219377
15799,24,23,47,223589,223589
15801,66,66,132,207577,207577
15814,8,12,20,141656,141656
15845,3,4,7,233834,233834
15871,7,21,28,155199,155199
15885,106,3,109,67416,67416
15898,4,8,12,259048,259048
15911,2,1,3,85704,85704
15934,18,8,26,131301,131301
15951,5,9,14,231739,231739
15975,21,20,41,162662,162662
15976,6,4,10,98692,98692
15996,1,14,15,244058,244058
16016,22,22,44,57043,57043
16022,37,1,38,64999,64999
16025,8,19,27,151221,151221
16033,2,6,8,191474,191474
16038,10,7,17,136948,136948
16057,1,7,8,236373,236373
16064,24,30,54,191902,191902
16080,46,31,77,251008,251008
16091,69,15,84,15211,15211
16115,4,24,28,104503,104503
16136,18,12,30,197369,197369
16140,13,27,40,133957,133957
16141,7,16,23,196999,196999
16148,5,6,11,196059,196059
16155,8,27,35,97048,97048
16189,3,3,6,231793,231793
16210,57,5,62,159860,159860
16217,9,10,19,236639,236639
16231,0,0,0,137227,137227
16242,73,10,83,257005,257005
16244,6,9,15,243068,243068
16254,1,1,2,213674,213674
16263,2,1,3,241826,241826
16278,0,0,0,181371,181371
16301,10,11,21,173711,173711
16303,30,58,88,148167,148167
16304,12,40,52,55577,55577
16309,1,3,4,72874,72874
16326,1,3,4,155845,155845
16333,63,15,78,204156,204156
16358,810,33,843,215364,215364
16361,81,7,88,216052,216052
16363,0,4,4,58799,58799
16371,13,6,19,223807,223807
16374,22,41,63,223741,223741
16379,7,9,16,224515,224515
16405,2,10,12,137329,137329
16406,27,29,56,223741,223741
16429,54,49,103,89389,89389
16431,23,23,46,68799,68799
16433,13,5,18,70155,70155
16460,167,9,176,159903,159903
16472,4,4,8,184522,184522
16496,3,15,18,214008,214008
16502,28,23,51,248161,248161
16511,0,7,7,150770,150770
16514,58,20,78,126379,126379
16525,81,116,197,247132,247132
16527,534,60,594,204600,204600
16528,60,61,121,71527,71527
16530,78,65,143,207321,207321
16533,202,27,229,219165,219165
16536,31,5,36,155703,155703
16547,159,46,205,146880,146880
16549,38,15,53,165136,165136
16571,9,10,19,126368,126368
16578,12,21,33,62316,62316
16612,0,1,1,229307,229307
16614,12,10,22,216653,216653
16649,293,9,302,59439,59439
16672,75,52,127,222536,222536
16682,4,2,6,145631,145631
16721,2,4,6,136372,136372
16722,7,18,25,194780,194780
16723,1,6,7,130658,130658
16729,2,5,7,218506,218506
16739,1,2,3,254422,254422
16758,2,17,19,157420,157420
16766,34,34,68,128203,128203
16770,32,18,50,40196,40196
16772,89,17,106,154015,154015
16788,0,1,1,230637,230637
16797,2,7,9,205580,205580
16801,99,65,164,20364,20364
16812,102,31,133,233849,233849
16813,3,2,5,189346,189346
16816,23,30,53,244314,244314
16819,3,9,12,235828,235828
16822,46,10,56,135179,135179
16824,104,13,117,112587,112587
16835,2,4,6,231713,231713
16869,4,1,5,71454,71454
16878,4,6,10,228974,228974
16901,7,22,29,120997,120997
16927,14,7,21,149603,149603
16936,4,20,24,57044,57044
16950,5,6,11,238306,238306
16952,21,25,46,244248,244248
16959,1,0,1,105606,105606
16960,0,2,2,221137,221137
16970,24,64,88,43526,43526
16973,10,17,27,123784,123784
16976,9,22,31,192802,192802
16978,119,27,146,137058,137058
16990,13,21,34,118091,118091
17001,4,14,18,228187,228187
17023,14,1,15,196836,196836
17031,6,5,11,204332,204332
17035,17,24,41,149250,149250
17058,4,13,17,230401,230401
17079,3,6,9,254011,254011
17091,4,25,29,184997,184997
17093,3,12,15,190739,190739
17103,17,38,55,232479,232479
17111,14,12,26,146726,146726
17133,15,44,59,148510,148510
17136,53,103,156,224808,224808
17137,17,20,37,222345,222345
17145,154,71,225,197933,197933
17155,19,29,48,238776,238776
17172,18,19,37,17273,17273
17173,29,20,49,212015,212015
17175,253,68,321,218894,218894
17178,11,40,51,226513,226513
17182,90,35,125,214371,214371
17183,29,23,52,62489,62489
17185,90,90,180,106165,106165
17188,68,86,154,220803,220803
17189,23,14,37,232664,232664
17190,72,64,136,226174,226174
17191,25,56,81,128354,128354
17192,18,29,47,133676,133676
17193,11,77,88,154658,154658
17205,3,10,13,135433,135433
17206,12,15,27,254541,254541
17236,14,13,27,256743,256743
17240,35,33,68,141992,141992
17241,8,7,15,252128,252128
17244,5,30,35,81765,81765
17265,7,17,24,231733,231733
17270,15,1,16,136179,136179
17272,10,13,23,222821,222821
17274,7,9,16,176207,176207
17283,2,11,13,37770,37770
17284,0,3,3,228259,228259
17290,1,1,2,201278,201278
17292,0,2,2,235528,235528
17296,4,19,23,236940,236940
17311,2,4,6,236288,236288
17332,16,7,23,238363,238363
17346,7,8,15,132040,132040
17360,22,48,70,252379,252379
17369,8,25,33,225731,225731
17380,6,9,15,240312,240312
17382,18,12,30,248944,248944
17424,2,13,15,196440,196440
17436,5,1,6,212643,212643
17448,0,2,2,158184,158184
17487,31,6,37,105724,105724
17508,57,85,142,191725,191725
17511,20,38,58,231424,231424
17513,15,19,34,64104,64104
17518,80,13,93,233482,233482
17520,9,16,25,56046,56046
17527,37,96,133,132277,132277
17531,39,22,61,160122,160122
17538,130,8,138,168825,168825
17541,39,63,102,202302,202302
17544,8,22,30,232757,232757
17549,47,59,106,204267,204267
17555,9,22,31,158574,158574
17561,5,9,14,58638,58638
17568,4,12,16,162133,162133
17573,21,30,51,137733,137733
17585,1,5,6,194776,194776
17600,0,4,4,52592,52592
17640,14,34,48,222886,222886
17647,21,41,62,90186,90186
17649,5,8,13,172920,172920
17655,2,14,16,257150,257150
17680,169,83,252,219415,219415
17682,0,14,14,210362,210362
17697,2,10,12,199167,199167
17705,2,2,4,123704,123704
17708,2,5,7,139477,139477
17715,2,6,8,241671,241671
17726,1,11,12,244089,244089
17746,0,1,1,243529,243529
17748,3,5,8,103476,103476
17808,5,16,21,112793,112793
17820,1,8,9,173679,173679
17826,1,3,4,197352,197352
17848,3,1,4,247597,247597
17856,0,2,2,142353,142353
17873,29,6,35,244131,244131
17915,30,71,101,123216,123216
17926,4,3,7,163572,163572
17937,16,15,31,242165,242165
17939,92,20,112,140405,140405
17961,6,10,16,242190,242190
17964,1,3,4,238059,238059
17979,9,40,49,228142,228142
17991,3,1,4,134408,134408
18034,18,0,18,137969,137969
18036,39,16,55,130772,130772
18038,279,59,338,234020,234020
18040,39,63,102,155346,155346
18050,5,16,21,230103,230103
18057,19,10,29,58155,58155
18065,6,14,20,155348,155348
18076,116,74,190,229505,229505
18077,4,12,16,168425,168425
18086,65,60,125,147869,147869
18087,52,58,110,225887,225887
18094,2,4,6,214313,214313
18095,80,88,168,243218,243218
18097,85,90,175,151859,151859
18103,13,26,39,212374,212374
18105,12,30,42,201629,201629
18119,7,15,22,186852,186852
18125,76,27,103,198940,198940
18140,2,9,11,234935,234935
18142,68,34,102,188584,188584
18176,2,7,9,250176,250176
18183,12,8,20,120250,120250
18213,4,16,20,196505,196505
18223,80,10,90,146709,146709
18270,1,8,9,55284,55284
18278,20,46,66,220964,220964
18309,79,94,173,164598,164598
18318,11,17,28,160482,160482
18343,19,15,34,243082,243082
18349,62,9,71,216112,216112
18368,9,4,13,151692,151692
18393,11,11,22,206719,206719
18395,11,12,23,159495,159495
18438,3,8,11,229983,229983
18490,12,57,69,245162,245162
18491,4,4,8,243875,243875
18506,82,61,143,53917,53917
18514,3,21,24,221819,221819
18521,45,50,95,258932,258932
18526,37,13,50,164652,164652
18540,32,18,50,238188,238188
18543,6,24,30,219120,219120
18561,1,2,3,238046,238046
18577,34,66,100,256114,256114
18584,43,12,55,255408,255408
18585,25,26,51,222241,222241
18592,15,37,52,172990,172990
18598,2,7,9,161867,161867
18600,15,25,40,136228,136228
18601,10,5,15,204391,204391
18602,2,4,6,85984,85984
18608,46,30,76,134210,134210
18624,14,30,44,163867,163867
18626,7,40,47,3406,3406
18627,16,2,18,218836,218836
18641,30,15,45,148678,148678
18665,20,50,70,55607,55607
18666,61,92,153,155810,155810
18674,1,11,12,167323,167323
18675,35,46,81,133976,133976
18677,12,18,30,255817,255817
18701,39,17,56,230986,230986
18702,47,6,53,237855,237855
18712,31,20,51,137573,137573
18713,15,5,20,201366,201366
18719,1,1,2,142843,142843
18729,7,22,29,173210,173210
18764,7,15,22,128227,128227
18770,10,8,18,194610,194610
18774,15,12,27,195336,195336
18776,9,8,17,194826,194826
18777,3,3,6,161808,161808
18780,13,8,21,194287,194287
18798,22,45,67,249843,249843
18810,1,8,9,243228,243228
18824,31,5,36,221002,221002
18847,1,2,3,234804,234804
18849,1,2,3,257148,257148
18852,1,2,3,66131,66131
18861,0,2,2,56646,56646
18863,0,10,10,140599,140599
18881,16,11,27,256868,256868
18895,12,22,34,78553,78553
18906,6,8,14,74168,74168
18937,1,1,2,259060,259060
18965,7,6,13,160729,160729
18966,8,26,34,34448,34448
18973,6,17,23,73908,73908
18975,0,1,1,69567,69567
18979,2,3,5,159794,159794
18987,1,12,13,49155,49155
18990,0,7,7,221103,221103
18992,0,2,2,177749,177749
19000,0,5,5,216937,216937
19002,4,39,43,136399,136399
19010,2,9,11,167942,167942
19011,0,1,1,230072,230072
19019,5,3,8,235664,235664
19023,1,2,3,161561,161561
19047,35,9,44,150112,150112
19048,9,9,18,58618,58618
19072,3,6,9,196986,196986
19074,4,6,10,141120,141120
19109,17,29,46,200638,200638
19113,2,2,4,58284,58284
19132,8,12,20,187789,187789
19138,0,1,1,195383,195383
19143,3,7,10,157815,157815
19147,2,5,7,212545,212545
19159,455,8,463,228047,228047
19166,0,3,3,104764,104764
19178,39,91,130,164974,164974
19207,16,18,34,194837,194837
19210,20,39,59,230234,230234
19221,15,10,25,197360,197360
19226,38,56,94,234148,234148
19227,13,15,28,195377,195377
19236,26,17,43,235177,235177
19246,4,12,16,141559,141559
19258,18,38,56,203265,203265
19262,14,78,92,136260,136260
19265,23,16,39,145723,145723
19274,31,87,118,223029,223029
19276,1,11,12,224369,224369
19284,9,14,23,149116,149116
19292,1,0,1,203132,203132
19295,0,7,7,59643,59643
19325,3,2,5,237781,237781
19331,2,5,7,105941,105941
19335,0,5,5,59231,59231
19343,104,29,133,220446,220446
19347,13,9,22,134433,134433
19358,4,4,8,193257,193257
19431,10,0,10,151326,151326
19485,25,6,31,179058,179058
19504,5,4,9,104471,104471
19521,0,4,4,248232,248232
19527,12,14,26,235744,235744
19535,8,5,13,71498,71498
19545,2,1,3,243128,243128
19563,9,13,22,154285,154285
19570,5,6,11,131939,131939
19574,1,10,11,170674,170674
19576,1,3,4,247900,247900
19582,102,37,139,252234,252234
19593,44,22,66,129369,129369
19604,704,23,727,132878,132878
19605,43,38,81,164251,164251
19615,1,3,4,240365,240365
19628,4,15,19,247817,247817
19637,4,8,12,244266,244266
19640,3,9,12,51782,51782
19642,0,1,1,238353,238353
19643,13,14,27,52880,52880
19650,15,33,48,227983,227983
19671,15,42,57,239560,239560
19682,4,4,8,213231,213231
19695,10,22,32,230403,230403
19706,16,26,42,230498,230498
19711,10,8,18,230475,230475
19726,1,4,5,244661,244661
19738,15,24,39,250456,250456
19745,3,8,11,231747,231747
19792,8,12,20,138740,138740
19797,19,28,47,241954,241954
19805,2,3,5,233078,233078
19808,11,9,20,162163,162163
19827,1,2,3,61438,61438
19837,18,30,48,121524,121524
19860,5,3,8,73336,73336
19862,37,21,58,139200,139200
19877,25,67,92,237567,237567
19880,136,46,182,142889,142889
19883,56,59,115,244689,244689
19886,9,14,23,117965,117965
19890,22,17,39,114734,114734
19911,20,40,60,208566,208566
19919,4,3,7,153787,153787
19920,10,4,14,148998,148998
19944,18,18,36,248102,248102
19955,31,20,51,229547,229547
19992,7,7,14,238310,238310
20020,15,7,22,245359,245359
20026,40,18,58,195681,195681
20031,5,12,17,58020,58020
20072,15,12,27,160797,160797
20073,35,53,88,104502,104502
20091,5,41,46,230465,230465
20131,7,10,17,216120,216120
20188,0,3,3,136990,136990
20219,3,10,13,122392,122392
20261,12,15,27,122967,122967
20262,58,18,76,188895,188895
20265,14,11,25,120671,120671
20270,11,4,15,196448,196448
20273,32,35,67,151534,151534
20292,5,9,14,189573,189573
20302,4,4,8,187736,187736
20305,7,13,20,234505,234505
20327,27,14,41,74404,74404
20346,22,31,53,133043,133043
20356,0,2,2,238617,238617
20358,66,0,66,48143,48143
20366,9,23,32,245950,245950
20367,124,79,203,228619,228619
20368,41,22,63,215728,215728
20378,11,26,37,147882,147882
20385,132,65,197,205737,205737
20398,97,52,149,214308,214308
20411,0,0,0,81271,81271
20415,7,14,21,225386,225386
20452,11,7,18,238201,238201
20457,3,3,6,81783,81783
20463,8,21,29,246374,246374
20488,1,5,6,57065,57065
20493,40,34,74,227565,227565
20504,3,2,5,122417,122417
20511,5,26,31,192690,192690
20514,13,39,52,211829,211829
20516,0,1,1,153194,153194
20558,3,8,11,215610,215610
20573,4,5,9,209822,209822
20580,1,3,4,143272,143272
20586,1,2,3,215312,215312
20595,10,0,10,163110,163110
20613,4,3,7,236801,236801
20643,6,6,12,207779,207779
20661,4,2,6,193586,193586
20683,4,5,9,236089,236089
20709,6,10,16,198548,198548
20710,7,12,19,197661,197661
20716,32,25,57,121660,121660
20717,11,24,35,219833,219833
20729,16,41,57,198243,198243
20780,2,6,8,212476,212476
20817,9,7,16,245390,245390
20849,5,1,6,64721,64721
20863,2,6,8,147693,147693
20876,12,38,50,149812,149812
20891,3,4,7,98800,98800
20896,3,9,12,130802,130802
20908,36,22,58,221167,221167
20910,17,22,39,231695,231695
20916,66,12,78,196316,196316
20923,39,75,114,209287,209287
20937,21,16,37,160791,160791
20947,19,18,37,153048,153048
20949,18,32,50,148940,148940
20952,56,20,76,113003,113003
20971,26,46,72,149119,149119
20972,41,45,86,196657,196657
20987,4,17,21,245161,245161
21006,41,65,106,33844,33844
21009,4,16,20,212506,212506
21017,106,81,187,246970,246970
21019,15,56,71,207308,207308
21026,29,37,66,219424,219424
21028,10,43,53,243612,243612
21035,6,12,18,214886,214886
21039,2,3,5,115546,115546
21041,40,36,76,212233,212233
21062,94,7,101,152087,152087
21068,4,14,18,212356,212356
21069,16,12,28,194166,194166
21097,20,16,36,206546,206546
21109,47,12,59,196632,196632
21116,0,4,4,245515,245515
21121,10,11,21,201996,201996
21132,6,15,21,132727,132727
21133,10,14,24,138002,138002
21140,4,6,10,236364,236364
21155,7,25,32,101587,101587
21159,5,16,21,152466,152466
21163,1,2,3,206526,206526
21164,10,1,11,235272,235272
21166,1,1,2,233742,233742
21184,7,18,25,149601,149601
21198,5,26,31,230468,230468
21218,2,6,8,87242,87242
21234,3,4,7,224800,224800
21255,2,6,8,198432,198432
21265,7,31,38,160106,160106
21267,27,8,35,155849,155849
21290,2,1,3,221321,221321
21298,9,12,21,220549,220549
21304,2,5,7,221188,221188
21327,21,29,50,116657,116657
21339,7,8,15,151266,151266
21347,1,6,7,192763,192763
21351,114,8,122,223822,223822
21362,42,29,71,197229,197229
21372,3,4,7,210499,210499
21397,20,25,45,177950,177950
21399,8,6,14,197091,197091
21401,1,2,3,180391,180391
21416,21,17,38,132785,132785
21485,1,7,8,157348,157348
21494,2,2,4,245532,245532
21503,1,2,3,215806,215806
21507,24,27,51,140615,140615
21521,24,21,45,202972,202972
21525,41,5,46,193309,193309
21534,2,3,5,201872,201872
21535,5,14,19,213544,213544
21536,8,9,17,234072,234072
21565,4,7,11,75218,75218
21578,23,4,27,238255,238255
21587,29,3,32,255600,255600
21600,36,11,47,227800,227800
21608,5,7,12,74506,74506
21609,3,6,9,152130,152130
21627,3,1,4,204391,204391
21630,4,8,12,192856,192856
21631,3,6,9,230183,230183
21647,22,41,63,240328,240328
21658,8,13,21,205079,205079
21671,9,16,25,234975,234975
21675,31,44,75,192802,192802
21690,9,15,24,203658,203658
21692,46,9,55,245004,245004
21697,11,14,25,246876,246876
21698,32,7,39,252167,252167
21704,32,51,83,249207,249207
21715,60,20,80,118440,118440
21719,31,11,42,193128,193128
21727,11,27,38,204621,204621
21730,2,9,11,72537,72537
21736,3,1,4,142319,142319
21740,1,2,3,249532,249532
21741,11,19,30,141841,141841
21753,1,1,2,151055,151055
21755,1,1,2,103067,103067
21774,1,2,3,207326,207326
21782,18,18,36,70911,70911
21804,2,3,5,59910,59910
21819,17,12,29,213682,213682
21822,10,11,21,139490,139490
21832,25,22,47,213722,213722
21881,20,52,72,220445,220445
21902,6,10,16,246852,246852
21909,42,57,99,213600,213600
21910,11,14,25,235286,235286
21917,4,1,5,227884,227884
21929,86,15,101,132794,132794
21930,2,4,6,216705,216705
21939,0,0,0,178880,178880
21941,2,5,7,174192,174192
21942,12,11,23,98958,98958
21961,11,2,13,115050,115050
21979,79,74,153,146711,146711
21989,4,1,5,204652,204652
22000,4,8,12,191766,191766
22006,8,9,17,202007,202007
22018,12,16,28,241053,241053
22029,0,0,0,149249,149249
22034,35,20,55,102546,102546
22036,1,10,11,61121,61121
22042,21,9,30,202914,202914
22051,113,3,116,163276,163276
22070,2,13,15,224170,224170
22072,7,17,24,147065,147065
22073,11,9,20,145393,145393
22075,0,13,13,148101,148101
22078,0,3,3,207691,207691
22084,126,46,172,192539,192539
22108,0,2,2,231169,231169
22116,0,0,0,181263,181263
22123,3,3,6,195181,195181
22137,2,5,7,105407,105407
22181,7,6,13,85451,85451
22187,1,4,5,240632,240632
22206,13,10,23,211777,211777
22217,0,2,2,100040,100040
22221,5,24,29,134429,134429
22226,9,29,38,243069,243069
22228,1,6,7,221698,221698
22236,114,37,151,122707,122707
22240,79,71,150,61948,61948
22261,2,4,6,245820,245820
22276,4,8,12,231671,231671
22288,7,42,49,104792,104792
22306,5,5,10,116318,116318
22313,13,3,16,66113,66113
22339,9,21,30,103939,103939
22343,1,3,4,172595,172595
22345,1,11,12,162487,162487
22346,0,8,8,152154,152154
22357,9,18,27,258758,258758
22359,39,59,98,248555,248555
22367,25,22,47,237721,237721
22370,33,32,65,255625,255625
22375,9,39,48,237896,237896
22376,4,8,12,123984,123984
22380,45,51,96,252128,252128
22390,4,10,14,247899,247899
22392,9,6,15,114063,114063
22397,23,41,64,239722,239722
22399,14,13,27,234278,234278
22408,59,12,71,255661,255661
22416,4,4,8,122609,122609
22428,1,10,11,130274,130274
22432,60,89,149,176487,176487
22444,40,39,79,202833,202833
22445,18,7,25,108460,108460
22446,11,17,28,155322,155322
22450,111,137,248,163466,163466
22451,53,67,120,218611,218611
22455,55,84,139,136047,136047
22458,45,24,69,163456,163456
22463,35,1,36,128329,128329
22470,153,153,306,189178,189178
22472,13,12,25,217813,217813
22473,22,91,113,175290,175290
22487,7,10,17,134676,134676
22502,11,10,21,63466,63466
22505,1,6,7,55876,55876
22510,126,45,171,233363,233363
22512,6,16,22,136509,136509
22531,2,21,23,196735,196735
22555,25,127,152,137648,137648
22556,4,3,7,102625,102625
22566,12,28,40,55001,55001
22567,2,13,15,81506,81506
22593,47,1,48,230394,230394
22616,5,40,45,133912,133912
22642,113,13,126,144983,144983
22643,114,28,142,234011,234011
22645,1,16,17,227774,227774
22682,2,5,7,55252,55252
22683,16,7,23,193272,193272
22689,9,8,17,211228,211228
22694,7,14,21,203120,203120
22701,9,45,54,126843,126843
22707,1,1,2,236367,236367
22727,19,16,35,100292,100292
22731,2,0,2,245210,245210
22733,0,2,2,186506,186506
22743,2,2,4,70385,70385
22750,17,16,33,137327,137327
22753,37,0,37,224558,224558
22755,7,8,15,237562,237562
22758,2,3,5,236201,236201
22759,9,2,11,200587,200587
22805,62,95,157,218390,218390
22808,67,61,128,158000,158000
22810,19,16,35,187711,187711
22813,2,1,3,241618,241618
22814,66,62,128,83944,83944
22826,76,106,182,217821,217821
22829,48,9,57,187510,187510
22833,34,12,46,238501,238501
22849,88,90,178,164604,164604
22852,1,0,1,246564,246564
22858,2,3,5,242589,242589
22869,14,11,25,159023,159023
22873,0,1,1,241211,241211
22907,5,18,23,137770,137770
22910,9,11,20,225445,225445
22924,64,41,105,125507,125507
22958,32,0,32,205964,205964
22959,1,3,4,224375,224375
22968,10,8,18,232384,232384
22974,26,31,57,213082,213082
22977,10,12,22,166880,166880
22980,8,108,116,236406,236406
22990,324,42,366,243129,243129
23023,4,20,24,177135,177135
23055,4,9,13,163479,163479
23057,3,5,8,199926,199926
23061,8,10,18,99098,99098
23105,3,4,7,141384,141384
23116,25,3,28,67118,67118
23118,21,30,51,216346,216346
23120,24,4,28,66591,66591
23131,6,3,9,179810,179810
23144,1,1,2,242781,242781
23148,11,12,23,89850,89850
23155,6,8,14,136900,136900
23159,26,47,73,114870,114870
23186,3,3,6,247551,247551
23189,1,3,4,136023,136023
23191,1,6,7,201635,201635
23197,87,6,93,202737,202737
23200,59,62,121,77323,77323
23204,27,14,41,234482,234482
23208,40,10,50,122543,122543
23213,4,10,14,148504,148504
23214,41,9,50,68839,68839
23221,1,1,2,146667,146667
23227,20,17,37,125364,125364
23240,1,7,8,208216,208216
23243,2,5,7,27428,27428
23244,25,11,36,192591,192591
23252,8,3,11,188628,188628
23261,3,5,8,249909,249909
23265,2,3,5,181025,181025
23278,9,31,40,142188,142188
23279,4,18,22,104658,104658
23280,5,22,27,186621,186621
23284,1,3,4,77392,77392
23287,1,7,8,135244,135244
23291,4,26,30,207126,207126
23293,9,18,27,238423,238423
23301,1,4,5,141744,141744
23308,5,33,38,158941,158941
23311,1,6,7,177043,177043
23315,2,8,10,168989,168989
23318,47,29,76,138619,138619
23336,5,23,28,245372,245372
23346,1,3,4,77412,77412
23358,6,15,21,214367,214367
23373,1,19,20,162720,162720
23384,0,2,2,130578,130578
23399,47,44,91,240454,240454
23402,30,57,87,199008,199008
23407,15,14,29,208703,208703
23414,3,1,4,144317,144317
23422,20,37,57,137421,137421
23423,1,3,4,131833,131833
23465,2,2,4,208439,208439
23472,5,10,15,98519,98519
23484,0,4,4,138885,138885
23486,6,14,20,198392,198392
23489,6,12,18,101779,101779
23497,20,20,40,75096,75096
23498,16,10,26,224693,224693
23516,9,31,40,257214,257214
23529,31,6,37,224953,224953
23535,4,9,13,74129,74129
23546,0,2,2,250709,250709
23567,2,2,4,213877,213877
23568,0,16,16,201615,201615
23581,2,0,2,118644,118644
23610,7,19,26,63061,63061
23616,11,11,22,54107,54107
23619,12,3,15,191121,191121
23634,11,21,32,226590,226590
23635,20,17,37,109912,109912
23642,15,21,36,130963,130963
23665,11,12,23,116624,116624
23674,1,5,6,193401,193401
23677,25,15,40,225011,225011
23679,2,5,7,190789,190789
23687,6,15,21,224622,224622
23692,3,13,16,229187,229187
23695,38,14,52,210363,210363
23710,2,12,14,151102,151102
23713,44,15,59,44531,44531
23749,7,8,15,183532,183532
23769,16,7,23,195871,195871
23774,0,1,1,58235,58235
23800,1,5,6,256024,256024
23809,6,3,9,151269,151269
23812,52,3,55,204173,204173
23820,21,26,47,173300,173300
23826,2,1,3,149668,149668
23838,11,24,35,228613,228613
23845,22,33,55,258997,258997
23857,4,2,6,209351,209351
23866,156,61,217,117571,117571
23882,1,8,9,243012,243012
23902,2,6,8,230475,230475
23910,5,12,17,67079,67079
23913,0,2,2,154533,154533
23925,6,21,27,190649,190649
23950,8,15,23,245981,245981
23953,141,14,155,233749,233749
23956,415,134,549,147997,147997
23958,47,1,48,142243,142243
23960,51,114,165,130704,130704
23970,12,41,53,220745,220745
23973,39,62,101,150068,150068
23975,32,26,58,207665,207665
23976,40,65,105,58370,58370
23979,30,53,83,54168,54168
23980,51,0,51,145926,145926
23982,9,41,50,166356,166356
23988,0,7,7,138657,138657
23998,7,13,20,248514,248514
24013,8,0,8,246005,246005
24016,0,1,1,257324,257324
24017,11,27,38,224511,224511
24021,2,5,7,159693,159693
24025,173,3,176,136240,136240
24033,5,11,16,203668,203668
24035,10,5,15,225846,225846
24038,8,2,10,204864,204864
24053,13,11,24,200635,200635
24057,1,5,6,224527,224527
24077,2,4,6,156545,156545
24080,0,2,2,204942,204942
24082,43,7,50,197110,197110
24091,52,47,99,213621,213621
24121,24,15,39,223084,223084
24128,2,2,4,194942,194942
24140,4,15,19,156329,156329
24146,8,6,14,134997,134997
24150,14,7,21,221310,221310
24173,8,12,20,200806,200806
24182,0,6,6,141337,141337
24195,3,27,30,144935,144935
24215,28,25,53,61057,61057
24225,3,2,5,136697,136697
24227,186,96,282,257180,257180
24253,1,1,2,159563,159563
24263,1,1,2,123079,123079
24271,8,2,10,189312,189312
24289,0,5,5,147407,147407
24291,15,27,42,162720,162720
24292,9,11,20,223180,223180
24299,0,9,9,58709,58709
24310,8,11,19,173563,173563
24315,18,15,33,214438,214438
24323,12,18,30,160985,160985
24341,4,8,12,133986,133986
24342,1,8,9,154922,154922
24343,1,8,9,29173,29173
24349,0,1,1,250858,250858
24350,1,6,7,229682,229682
24358,0,2,2,243837,243837
24360,8,6,14,228913,228913
24370,11,16,27,142541,142541
24387,15,3,18,170849,170849
24395,8,19,27,142568,142568
24410,8,9,17,73471,73471
24418,58,19,77,238464,238464
24443,7,9,16,160991,160991
24446,9,9,18,210215,210215
24472,3,5,8,240471,240471
24493,0,1,1,134407,134407
24502,11,0,11,187017,187017
24513,3,3,6,57539,57539
24517,4,5,9,187639,187639
24531,4,10,14,181868,181868
24548,4,8,12,135673,135673
24549,5,12,17,244164,244164
24563,9,16,25,150401,150401
24593,6,5,11,58723,58723
24599,9,12,21,195690,195690
24607,11,24,35,174380,174380
24628,6,5,11,165499,165499
24629,5,11,16,62549,62549
24636,26,45,71,99239,99239
24637,4,2,6,148874,148874
24658,6,11,17,68972,68972
24669,2,6,8,232657,232657
24672,4,16,20,224576,224576
24685,1,2,3,101695,101695
24688,2,3,5,55347,55347
24690,2,23,25,243372,243372
24699,3,5,8,227894,227894
24704,132,166,298,145930,145930
24759,2,1,3,86869,86869
24781,1,0,1,215166,215166
24806,2,5,7,230191,230191
24821,22,37,59,74049,74049
24832,8,3,11,137666,137666
24848,3,2,5,163226,163226
24888,9,5,14,113251,113251
24890,3,4,7,59207,59207
24913,3,18,21,163159,163159
24919,41,16,57,52379,52379
24941,1,2,3,179954,179954
24954,31,39,70,162688,162688
24955,3,21,24,155480,155480
24959,25,28,53,220838,220838
24985,1,4,5,125843,125843
24992,4,9,13,99955,99955
25006,67,70,137,215920,215920
25018,8,7,15,67741,67741
25024,0,2,2,61942,61942
25048,3,5,8,133491,133491
25049,0,3,3,192337,192337
25057,2,2,4,159534,159534
25063,64,72,136,201648,201648
25065,16,17,33,151183,151183
25080,8,12,20,241825,241825
25083,1,1,2,73762,73762
25088,11,16,27,142711,142711
25089,45,60,105,138674,138674
25091,7,15,22,230634,230634
25100,25,25,50,105296,105296
25125,9,23,32,97147,97147
25139,0,1,1,235378,235378
25168,1,1,2,160620,160620
25180,18,12,30,126125,126125
25182,8,18,26,256166,256166
25183,1,4,5,63724,63724
25203,2,11,13,134764,134764
25205,5,24,29,243367,243367
25221,2,0,2,178112,178112
25241,5,5,10,174597,174597
25243,1,6,7,171145,171145
25247,0,5,5,167503,167503
25248,18,24,42,206272,206272
25258,7,9,16,134352,134352
25274,12,56,68,198174,198174
25280,51,138,189,184031,184031
25284,13,29,42,70251,70251
25291,10,7,17,122876,122876
25300,0,3,3,225013,225013
25303,3,10,13,250644,250644
25310,11,15,26,223396,223396
25312,12,25,37,190780,190780
25315,10,13,23,150425,150425
25326,8,12,20,150398,150398
25332,4,3,7,191502,191502
25339,10,4,14,236460,236460
25346,1,3,4,241405,241405
25359,7,10,17,219009,219009
25360,22,49,71,194217,194217
25389,4,12,16,159183,159183
25398,4,30,34,226533,226533
25402,7,14,21,222339,222339
25418,0,2,2,226476,226476
25436,2,8,10,150533,150533
25454,1,7,8,258278,258278
25462,0,1,1,256448,256448
25483,7,11,18,242529,242529
25489,6,4,10,223744,223744
25507,21,38,59,190913,190913
25562,7,7,14,195107,195107
25599,1,3,4,184082,184082
25600,18,64,82,142773,142773
25605,2,5,7,241495,241495
25607,1,1,2,146586,146586
25628,1,2,3,73275,73275
25631,4,4,8,106558,106558
25654,8,3,11,225740,225740
25661,27,23,50,68848,68848
25667,4,2,6,95195,95195
25674,4,9,13,136250,136250
25683,22,25,47,215781,215781
25701,4,8,12,250449,250449
25702,4,6,10,131496,131496
25706,12,13,25,136525,136525
25716,0,2,2,254395,254395
25728,1,3,4,164107,164107
25730,1,5,6,164309,164309
25733,4,5,9,154883,154883
25734,11,36,47,230388,230388
25742,14,13,27,159359,159359
25752,2,1,3,148912,148912
25755,13,7,20,236892,236892
25758,2,1,3,217495,217495
25766,12,13,25,187043,187043
25771,21,17,38,132884,132884
25774,11,9,20,217035,217035
25781,15,22,37,149135,149135
25817,10,11,21,218404,218404
25843,20,26,46,240486,240486
25844,1,5,6,236593,236593
25856,2,6,8,236554,236554
25859,6,4,10,223746,223746
25862,3,5,8,55409,55409
25871,0,2,2,196062,196062
25892,5,12,17,139075,139075
25907,48,65,113,56392,56392
25909,2,0,2,207015,207015
25911,9,10,19,132080,132080
25922,0,8,8,247915,247915
25942,4,2,6,148143,148143
25966,1,1,2,173897,173897
25988,2,3,5,90184,90184
26004,15,19,34,223296,223296
26008,2,2,4,241780,241780
26018,4,8,12,213704,213704
26023,6,24,30,210070,210070
26035,1,4,5,228518,228518
26042,0,2,2,203906,203906
26043,8,14,22,68336,68336
26050,1,1,2,214211,214211
26054,4,2,6,73630,73630
26067,33,61,94,134533,134533
26072,51,50,101,53002,53002
26078,149,16,165,90202,90202
26079,87,6,93,136521,136521
26091,167,195,362,143799,143799
26092,207,65,272,76607,76607
26103,69,4,73,221179,221179
26113,1,3,4,237007,237007
26115,4,13,17,236026,236026
26116,21,15,36,236796,236796
26122,45,85,130,189401,189401
26128,5,15,20,221081,221081
26140,6,10,16,153936,153936
26141,59,0,59,223601,223601
26153,345,24,369,135466,135466
26158,189,57,246,117451,117451
26174,88,9,97,222849,222849
26175,5,6,11,139292,139292
26177,72,49,121,203450,203450
26197,4,5,9,186535,186535
26200,4,16,20,131980,131980
26203,0,1,1,145802,145802
26208,6,5,11,203508,203508
26211,8,14,22,153321,153321
26228,0,1,1,197328,197328
26234,1,3,4,197204,197204
26238,1,12,13,44138,44138
26251,8,9,17,45462,45462
26253,3,1,4,249056,249056
26256,158,19,177,182113,182113
26289,27,58,85,159325,159325
26310,0,0,0,162309,162309
26321,9,6,15,247959,247959
26340,10,9,19,148555,148555
26370,9,8,17,146869,146869
26375,7,16,23,383,383
26382,10,12,22,176046,176046
26388,1,4,5,241685,241685
26396,5,21,26,136321,136321
26397,29,12,41,219148,219148
26398,270,135,405,69984,69984
26404,4,1,5,240271,240271
26407,4,10,14,148318,148318
26408,3,4,7,174958,174958
26417,14,10,24,57497,57497
26418,1,2,3,153719,153719
26425,4,9,13,99597,99597
26428,4,1,5,102933,102933
26430,1,6,7,189304,189304
26440,0,2,2,136070,136070
26444,24,28,52,185514,185514
26451,0,0,0,254993,254993
26454,22,16,38,140805,140805
26458,16,16,32,140746,140746
26471,13,9,22,131564,131564
26475,1,6,7,179702,179702
26486,35,9,44,49796,49796
26502,83,7,90,133381,133381
26506,4,7,11,238338,238338
26509,68,19,87,145500,145500
26566,5,3,8,201700,201700
26588,3,17,20,206804,206804
26603,7,18,25,203515,203515
26610,0,0,0,209860,209860
26611,18,3,21,201964,201964
26626,1,4,5,234984,234984
26629,43,25,68,30164,30164
26633,3,3,6,236105,236105
26640,93,54,147,112781,112781
26645,2,1,3,142272,142272
26674,25,41,66,250081,250081
26677,32,18,50,221921,221921
26681,34,38,72,252393,252393
26692,4,3,7,146260,146260
26708,3,10,13,88784,88784
26709,4,16,20,136136,136136
26724,0,0,0,106778,106778
26738,0,1,1,120499,120499
26757,15,16,31,86617,86617
26762,48,9,57,142157,142157
26764,40,20,60,150118,150118
26767,8,7,15,200785,200785
26790,3,3,6,195185,195185
26829,4,7,11,214575,214575
26849,3,14,17,223871,223871
26857,3,4,7,102768,102768
26867,5,11,16,222654,222654
26868,3,6,9,226879,226879
26870,4,8,12,234701,234701
26881,4,22,26,207555,207555
26925,4,4,8,258313,258313
26927,23,20,43,222054,222054
26938,11,13,24,256723,256723
26944,1,0,1,157088,157088
26949,1,1,2,228873,228873
26960,7,9,16,175822,175822
26963,4,10,14,72968,72968
26972,4,5,9,59748,59748
26981,1,5,6,245233,245233
26991,3,9,12,245445,245445
27017,15,49,64,224687,224687
27026,0,1,1,128690,128690
27040,7,7,14,208772,208772
27045,3,5,8,151934,151934
27046,132,11,143,228901,228901
27048,72,13,85,220420,220420
27050,30,22,52,219962,219962
27071,76,28,104,203726,203726
27079,11,19,30,232027,232027
27081,16,38,54,150715,150715
27087,4,30,34,214467,214467
27103,5,6,11,209163,209163
27104,0,9,9,121438,121438
27108,0,7,7,222342,222342
27135,2,11,13,195166,195166
27162,2,4,6,243367,243367
27176,0,1,1,138715,138715
27177,0,0,0,155487,155487
27184,44,7,51,256134,256134
27191,11,13,24,238867,238867
27201,1,9,10,257271,257271
27202,5,4,9,58692,58692
27209,2,16,18,209618,209618
27212,0,4,4,144347,144347
27223,1,1,2,147931,147931
27245,6,13,19,192103,192103
27246,5,16,21,141237,141237
27247,5,16,21,198325,198325
27249,3,4,7,198497,198497
27252,15,8,23,57317,57317
27285,3,6,9,226420,226420
27289,11,8,19,234083,234083
27295,57,52,109,245445,245445
27298,39,61,100,220586,220586
27304,5,13,18,237423,237423
27307,160,62,222,212317,212317
27311,52,74,126,161563,161563
27314,148,26,174,233232,233232
27349,28,1,29,106603,106603
27357,6,20,26,55386,55386
27366,37,77,114,245406,245406
27381,49,34,83,23893,23893
27394,23,14,37,81550,81550
27399,14,4,18,144070,144070
27400,23,9,32,221056,221056
27403,2,2,4,214574,214574
27412,17,35,52,127012,127012
27436,4,1,5,223294,223294
27438,0,2,2,185941,185941
27452,12,14,26,133125,133125
27466,0,3,3,131231,131231
27467,3,4,7,256075,256075
27474,14,17,31,151188,151188
27475,24,12,36,149524,149524
27479,3,14,17,215637,215637
27483,143,46,189,147650,147650
27484,90,5,95,78437,78437
27488,1,5,6,237483,237483
27524,0,2,2,251651,251651
27542,1,1,2,245533,245533
27564,1,2,3,243403,243403
27569,1,6,7,127404,127404
27577,2,1,3,86903,86903
27589,0,7,7,246306,246306
27592,1,6,7,149542,149542
27618,19,7,26,235255,235255
27624,41,12,53,202024,202024
27630,0,9,9,214247,214247
27645,11,7,18,202041,202041
27648,5,12,17,229803,229803
27649,2,4,6,236178,236178
27656,9,11,20,173444,173444
27674,0,5,5,231140,231140
27676,46,7,53,75822,75822
27678,6,27,33,182791,182791
27682,5,3,8,80891,80891
27685,0,5,5,231177,231177
27687,14,8,22,133852,133852
27695,0,1,1,98855,98855
27696,4,13,17,238386,238386
27705,49,35,84,184387,184387
27723,202,19,221,150337,150337
27725,0,2,2,120033,120033
27730,79,14,93,148786,148786
27734,54,30,84,211883,211883
27741,83,85,168,147471,147471
27748,11,20,31,203728,203728
27766,11,40,51,117914,117914
27769,2,31,33,256528,256528
27772,2,28,30,205193,205193
27774,2,9,11,225264,225264
27791,38,18,56,157092,157092
27794,99,71,170,222951,222951
27800,117,127,244,228844,228844
27811,49,74,123,141640,141640
27814,2,5,7,228714,228714
27816,15,45,60,148820,148820
27817,206,129,335,257934,257934
27818,20,20,40,78806,78806
27859,9,17,26,230718,230718
27883,1,3,4,229892,229892
27885,2,3,5,229609,229609
27886,0,2,2,234279,234279
27905,13,17,30,180555,180555
27916,1,2,3,73226,73226
27917,19,10,29,147274,147274
27931,1,1,2,237321,237321
27959,0,1,1,55628,55628
27980,12,12,24,101181,101181
27983,1,3,4,21579,21579
27991,15,8,23,159510,159510
28013,0,1,1,244185,244185
28034,1,1,2,228430,228430
28036,6,4,10,134129,134129
28054,10,7,17,252962,252962
28059,3,2,5,159591,159591
28061,0,5,5,192068,192068
28063,59,4,63,248788,248788
28067,68,65,133,112401,112401
28084,14,9,23,213465,213465
28092,88,44,132,151663,151663
28102,15,17,32,153212,153212
28103,39,12,51,150704,150704
28107,17,23,40,73184,73184
28115,20,17,37,147811,147811
28128,18,29,47,217104,217104
28143,15,13,28,197979,197979
28148,12,15,27,153146,153146
28156,0,4,4,151651,151651
28183,12,15,27,245749,245749
28205,3,5,8,190712,190712
28224,2,0,2,240593,240593
28245,14,13,27,56804,56804
28254,8,3,11,55546,55546
28261,3,9,12,134105,134105
28314,18,34,52,245008,245008
28318,1,5,6,220954,220954
28327,14,11,25,130060,130060
28331,8,7,15,76165,76165
28333,4,7,11,55111,55111
28339,2,1,3,118516,118516
28363,3,16,19,217415,217415
28375,23,28,51,135060,135060
28383,19,30,49,57141,57141
28389,0,3,3,238373,238373
28390,52,36,88,81017,81017
28395,4,28,32,243297,243297
28396,0,6,6,146552,146552
28425,4,9,13,145126,145126
28446,3,25,28,135077,135077
28458,15,3,18,234185,234185
28462,114,11,125,120771,120771
28476,456,44,500,196209,196209
28479,5,15,20,216918,216918
28492,2,7,9,178787,178787
28529,2,2,4,139614,139614
28539,2,1,3,66563,66563
28541,8,8,16,248040,248040
28545,3,13,16,153995,153995
28548,62,17,79,78479,78479
28572,0,1,1,86226,86226
28574,1,2,3,242555,242555
28578,1,1,2,79604,79604
28585,3,0,3,217672,217672
28596,3,18,21,66488,66488
28608,0,2,2,249690,249690
28622,6,17,23,223383,223383
28673,47,18,65,67103,67103
28681,2,3,5,206288,206288
28701,7,7,14,233883,233883
28715,11,4,15,130388,130388
28727,13,11,24,144747,144747
28749,8,4,12,217411,217411
28755,0,3,3,216552,216552
28757,12,5,17,140213,140213
28769,9,15,24,234031,234031
28770,3,13,16,245232,245232
28776,24,23,47,235009,235009
28794,9,48,57,147047,147047
28799,9,12,21,231217,231217
28801,14,10,24,138594,138594
28802,8,7,15,209483,209483
28806,23,37,60,110513,110513
28808,5,15,20,253161,253161
28820,23,3,26,116341,116341
28827,1,2,3,178959,178959
28828,1,5,6,203363,203363
28829,7,15,22,43594,43594
28837,7,6,13,176477,176477
28854,35,30,65,116685,116685
28857,1,12,13,119955,119955
28859,1,7,8,208044,208044
28860,20,3,23,89539,89539
28866,7,30,37,21445,21445
28885,7,10,17,192379,192379
28889,7,2,9,246012,246012
28891,5,2,7,191374,191374
28898,23,9,32,234287,234287
28901,16,17,33,214913,214913
28911,4,3,7,203627,203627
28951,43,96,139,79907,79907
28957,6,6,12,179235,179235
28958,7,8,15,71380,71380
28962,69,87,156,13933,13933
28964,6,11,17,99805,99805
28965,27,48,75,245980,245980
28977,9,16,25,157830,157830
28991,38,41,79,211598,211598
28993,17,6,23,71284,71284
29006,10,23,33,245544,245544
29010,23,19,42,99488,99488
29012,37,37,74,82285,82285
29021,35,53,88,16822,16822
29078,6,31,37,144682,144682
29081,20,22,42,191015,191015
29109,0,0,0,125841,125841
29113,0,1,1,92655,92655
29131,0,2,2,157054,157054
29135,4,28,32,135532,135532
29136,19,42,61,253922,253922
29209,4,9,13,161523,161523
29210,18,20,38,223177,223177
29228,7,20,27,91127,91127
29234,19,23,42,98847,98847
29241,0,1,1,170465,170465
29243,2,9,11,245813,245813
29252,73,13,86,128685,128685
29254,24,39,63,233839,233839
29343,4,0,4,25724,25724
29347,4,9,13,137949,137949
29388,19,13,32,172753,172753
29389,7,6,13,242431,242431
29396,2,12,14,171442,171442
29407,58,21,79,243537,243537
29416,25,51,76,189102,189102
29417,6,34,40,125457,125457
29419,10,8,18,178267,178267
29428,0,18,18,223504,223504
29437,3,8,11,247816,247816
29442,6,20,26,253104,253104
29455,16,44,60,153889,153889
29459,0,8,8,55666,55666
29467,23,32,55,145937,145937
29468,2,4,6,256353,256353
29477,6,30,36,160705,160705
29482,3,2,5,134032,134032
29487,3,6,9,171860,171860
29493,23,58,81,105939,105939
29497,5,17,22,209742,209742
29504,6,24,30,141983,141983
29506,4,8,12,200532,200532
29519,4,46,50,203406,203406
29542,90,106,196,186525,186525
29544,12,9,21,237023,237023
29559,2,42,44,38737,38737
29561,3,1,4,246870,246870
29573,3,19,22,249007,249007
29579,4,13,17,244298,244298
29589,1,2,3,227928,227928
29594,5,12,17,207685,207685
29597,0,2,2,143371,143371
29599,1,3,4,196763,196763
29609,0,1,1,196314,196314
29628,3,6,9,229633,229633
29631,3,14,17,243195,243195
29647,0,1,1,257537,257537
29648,51,58,109,82069,82069
29651,7,23,30,250897,250897
29695,5,24,29,213988,213988
29698,1,3,4,101284,101284
29704,0,6,6,164843,164843
29710,37,38,75,148723,148723
29721,3,24,27,130486,130486
29724,3,4,7,154837,154837
29727,1,4,5,191083,191083
29730,0,1,1,244498,244498
29767,3,4,7,64293,64293
29768,2,6,8,127005,127005
29770,0,10,10,232706,232706
29778,4,7,11,209385,209385
29783,5,2,7,241148,241148
29793,0,0,0,216023,216023
29800,14,14,28,207907,207907
29817,13,2,15,89185,89185
29836,11,16,27,187877,187877
29855,15,26,41,111084,111084
29871,2,8,10,133885,133885
29919,1,3,4,71479,71479
29937,47,28,75,252536,252536
29961,2,6,8,152624,152624
29963,0,1,1,76813,76813
29976,1,8,9,148738,148738
29978,29,35,64,216861,216861
29988,11,12,23,226972,226972
29997,1,0,1,228855,228855
30030,17,23,40,36420,36420
30069,28,27,55,184450,184450
30091,26,6,32,155056,155056
30096,9,13,22,57824,57824
30097,41,12,53,59218,59218
30104,2,4,6,224813,224813
30105,0,1,1,136027,136027
30123,1,2,3,190566,190566
30136,5,2,7,142469,142469
30153,29,40,69,142509,142509
30154,5,12,17,120395,120395
30156,2,11,13,221737,221737
30184,6,34,40,213930,213930
30201,6,11,17,251829,251829
30218,142,60,202,209011,209011
30221,38,50,88,238682,238682
30225,263,51,314,125288,125288
30226,60,73,133,125772,125772
30227,19,3,22,241490,241490
30228,260,46,306,208613,208613
30239,3,20,23,197377,197377
30255,0,5,5,223894,223894
30294,4,4,8,152410,152410
30295,11,12,23,219954,219954
30311,17,4,21,160924,160924
30351,3,5,8,77175,77175
30355,14,13,27,161339,161339
30374,26,19,45,179434,179434
30383,16,17,33,233732,233732
30400,13,12,25,227955,227955
30422,2,2,4,59752,59752
30437,19,6,25,64038,64038
30439,1,5,6,252729,252729
30454,2,3,5,172434,172434
30477,34,14,48,175868,175868
30478,11,18,29,137745,137745
30479,1,1,2,116899,116899
30496,5,5,10,246847,246847
30525,41,66,107,203314,203314
30537,3,4,7,224951,224951
30539,9,9,18,53870,53870
30569,31,5,36,228684,228684
30573,28,26,54,172418,172418
30597,3,10,13,192003,192003
30600,36,4,40,147460,147460
30603,9,12,21,147459,147459
30619,16,7,23,196788,196788
30635,7,26,33,147432,147432
30638,0,0,0,140574,140574
30639,252,128,380,118938,118938
30641,0,6,6,248852,248852
30660,1,7,8,127454,127454
30671,1,5,6,76867,76867
30673,8,9,17,206755,206755
30684,2,10,12,201298,201298
30685,3,7,10,231802,231802
30694,4,4,8,233055,233055
30697,0,1,1,239735,239735
30827,21,17,38,250923,250923
30831,15,9,24,152486,152486
30840,10,5,15,146811,146811
30852,4,10,14,99942,99942
30900,0,2,2,220983,220983
30915,1,5,6,177795,177795
30970,2,3,5,186440,186440
30990,7,6,13,254222,254222
30999,2,10,12,253065,253065
31013,1,11,12,232017,232017
31020,3,21,24,223663,223663
31026,6,3,9,150517,150517
31032,0,2,2,63303,63303
31041,1,2,3,227968,227968
31042,6,9,15,111571,111571
31049,23,13,36,244850,244850
31051,2,5,7,248553,248553
31054,1,2,3,140427,140427
31057,0,2,2,154990,154990
31069,0,8,8,235683,235683
31080,4,11,15,194888,194888
31082,0,5,5,71346,71346
31084,133,82,215,121088,121088
31107,4,16,20,135295,135295
31127,3,4,7,246838,246838
31131,0,7,7,188773,188773
31140,5,7,12,50495,50495
31141,12,16,28,149241,149241
31162,4,7,11,243142,243142
31172,0,2,2,168537,168537
31185,20,20,40,119373,119373
31187,11,28,39,44996,44996
31201,4,28,32,146610,146610
31209,5,7,12,194551,194551
31214,16,25,41,146770,146770
31224,107,60,167,219912,219912
31231,216,40,256,240586,240586
31239,1,9,10,146834,146834
31244,8,7,15,219484,219484
31245,1,5,6,125432,125432
31267,9,20,29,232010,232010
31271,29,12,41,86961,86961
31289,4,15,19,235602,235602
31305,30,2,32,252268,252268
31306,8,9,17,247573,247573
31313,9,11,20,215718,215718
31329,288,83,371,208526,208526
31334,95,45,140,245988,245988
31336,13,9,22,242975,242975
31351,19,13,32,62204,62204
31355,3,3,6,243066,243066
31364,1,7,8,212394,212394
31389,23,11,34,236851,236851
31427,49,94,143,107466,107466
31429,3,18,21,250818,250818
31436,5,9,14,65911,65911
31450,342,41,383,221140,221140
31468,2,23,25,165318,165318
31493,0,2,2,238641,238641
31538,9,10,19,237057,237057
31560,8,22,30,231214,231214
31564,12,32,44,120453,120453
31589,7,7,14,231714,231714
31607,20,10,30,78180,78180
31610,3,10,13,163960,163960
31618,2,2,4,240476,240476
31627,1,2,3,159004,159004
31651,10,19,29,103795,103795
31653,4,9,13,219654,219654
31661,10,15,25,147785,147785
31670,8,14,22,216512,216512
31671,27,35,62,234385,234385
31681,349,7,356,234943,234943
31687,4,20,24,227927,227927
31689,4,6,10,162971,162971
31690,3,6,9,205446,205446
31695,102,35,137,237612,237612
31696,38,25,63,237340,237340
31698,42,32,74,196754,196754
31705,34,34,68,227864,227864
31709,42,44,86,150773,150773
31711,3,8,11,214135,214135
31713,9,31,40,193514,193514
31732,41,51,92,246943,246943
31739,2,25,27,154217,154217
31740,96,96,192,146689,146689
31779,31,35,66,198062,198062
31797,12,11,23,153105,153105
31814,4,5,9,214099,214099
31829,12,33,45,151708,151708
31833,5,13,18,158037,158037
31840,5,8,13,222044,222044
31850,47,61,108,28595,28595
31857,3,8,11,114570,114570
31887,25,1,26,172391,172391
31895,1,3,4,248694,248694
31926,40,37,77,135247,135247
31927,11,17,28,231857,231857
31934,8,4,12,235769,235769
31950,3,5,8,233274,233274
31954,0,1,1,153620,153620
31959,9,11,20,247625,247625
31961,3,7,10,73641,73641
31966,26,30,56,134346,134346
31976,0,43,43,133977,133977
31985,5,3,8,166256,166256
31986,11,11,22,239181,239181
31987,1,1,2,60332,60332
31989,10,4,14,216344,216344
32002,0,1,1,189669,189669
32006,5,3,8,218790,218790
32010,5,2,7,165021,165021
32020,0,2,2,196270,196270
32037,3,2,5,154517,154517
32051,3,5,8,246113,246113
32060,6,23,29,246007,246007
32081,0,7,7,245784,245784
32108,1,3,4,210447,210447
32119,40,51,91,247454,247454
32178,0,0,0,249604,249604
32184,0,2,2,150963,150963
32200,3,20,23,160737,160737
32208,12,8,20,225539,225539
32229,91,100,191,134203,134203
32242,50,39,89,173647,173647
32243,5,5,10,207273,207273
32245,11,35,46,175221,175221
32257,3,17,20,137884,137884
32264,68,113,181,142122,142122
32269,10,18,28,250310,250310
32274,7,10,17,193268,193268
32279,17,24,41,230260,230260
32285,0,1,1,234347,234347
32314,8,15,23,180434,180434
32315,3,7,10,136587,136587
32326,1,4,5,189908,189908
32344,6,6,12,220554,220554
32349,10,19,29,142432,142432
32350,11,14,25,188782,188782
32355,7,18,25,114550,114550
32390,1,1,2,161507,161507
32397,1,2,3,191341,191341
32408,3,4,7,254250,254250
32420,6,6,12,258874,258874
32424,33,9,42,210182,210182
32427,31,10,41,214516,214516
32433,4,7,11,76681,76681
32438,31,34,65,230620,230620
32445,28,44,72,215795,215795
32448,1,7,8,249636,249636
32452,1,5,6,180495,180495
32460,14,11,25,136276,136276
32463,0,0,0,230632,230632
32472,0,1,1,248130,248130
32488,12,14,26,181150,181150
32495,2,5,7,160823,160823
32508,23,32,55,250085,250085
32510,5,5,10,131192,131192
32515,9,14,23,135198,135198
32524,17,12,29,213013,213013
32534,24,122,146,135084,135084
32536,1,4,5,245998,245998
32567,1,3,4,102893,102893
32618,4,4,8,242990,242990
32641,12,8,20,75754,75754
32652,33,91,124,251081,251081
32669,66,54,120,147265,147265
32672,30,47,77,245006,245006
32682,0,4,4,117428,117428
32696,1,2,3,136815,136815
32706,18,17,35,196877,196877
32723,11,16,27,234593,234593
32727,1,2,3,203607,203607
32746,4,16,20,141674,141674
32754,1,21,22,140787,140787
32770,3,5,8,228740,228740
32772,6,9,15,85487,85487
32775,1,3,4,179930,179930
32776,4,6,10,235883,235883
32780,7,19,26,62350,62350
32796,15,26,41,209711,209711
32806,1,2,3,38510,38510
32853,6,6,12,243353,243353
32870,8,2,10,221611,221611
32883,5,9,14,247789,247789
32920,1,1,2,220500,220500
32925,21,21,42,230286,230286
32956,4,9,13,166752,166752
32957,2,8,10,220765,220765
32958,7,21,28,143349,143349
32967,0,6,6,152464,152464
32972,258,37,295,194240,194240
32979,9,8,17,256425,256425
33036,4,38,42,144173,144173
33051,23,19,42,108248,108248
33057,1,4,5,109134,109134
33061,2,5,7,237738,237738
33068,2,1,3,111082,111082
33070,32,57,89,240138,240138
33087,1,2,3,233092,233092
33097,5,13,18,61523,61523
33113,1,2,3,240148,240148
33121,15,14,29,203825,203825
33122,28,26,54,239724,239724
33127,1,4,5,248483,248483
33136,10,12,22,126437,126437
33140,1,1,2,109414,109414
33142,3,9,12,60742,60742
33145,25,17,42,235978,235978
33171,35,17,52,121926,121926
33197,8,7,15,142886,142886
33230,1,3,4,205782,205782
33234,0,0,0,214529,214529
33269,25,7,32,137254,137254
33283,22,14,36,196512,196512
33288,2,10,12,147951,147951
33305,7,2,9,192042,192042
33318,1,5,6,193942,193942
33335,5,5,10,231106,231106
33338,1,5,6,203094,203094
33340,4,7,11,243115,243115
33356,1,6,7,73619,73619
33360,10,6,16,79341,79341
33376,13,37,50,149070,149070
33387,5,36,41,242872,242872
33421,10,9,19,230613,230613
33424,12,43,55,227257,227257
33445,0,5,5,252726,252726
33463,0,1,1,8984,8984
33468,32,86,118,250707,250707
33478,8,8,16,184975,184975
33512,1,2,3,139206,139206
33513,3,12,15,155657,155657
33514,86,52,138,170082,170082
33520,3,3,6,232438,232438
33537,1,7,8,234296,234296
33540,3,4,7,207508,207508
33548,6,9,15,56945,56945
33551,4,3,7,56009,56009
33569,7,4,11,250869,250869
33584,3,14,17,178878,178878
33616,3,23,26,237005,237005
33620,0,4,4,216295,216295
33625,3,9,12,112832,112832
33642,5,5,10,146802,146802
33645,6,8,14,246057,246057
33648,9,26,35,147111,147111
33669,2,15,17,231810,231810
33673,0,13,13,170726,170726
33679,0,6,6,253212,253212
33694,17,17,34,201278,201278
33719,6,25,31,129567,129567
33725,61,37,98,233292,233292
33728,17,4,21,48350,48350
33732,7,6,13,137258,137258
33746,1,2,3,205744,205744
33752,13,6,19,203196,203196
33765,1,10,11,116030,116030
33776,2,12,14,223943,223943
33784,31,49,80,210904,210904
33794,28,9,37,192219,192219
33799,2,2,4,196384,196384
33800,12,19,31,202843,202843
33814,70,11,81,209887,209887
33825,22,15,37,101524,101524
33828,5,6,11,208266,208266
33829,6,11,17,245345,245345
33833,63,71,134,6183,6183
33849,15,18,33,71612,71612
33852,0,4,4,248341,248341
33878,3,3,6,228796,228796
33879,5,11,16,198370,198370
33919,2,3,5,121515,121515
33942,39,30,69,162745,162745
33946,9,7,16,1092,1092
33962,0,1,1,55821,55821
33963,1,0,1,235679,235679
33979,11,12,23,196352,196352
33983,0,2,2,242231,242231
33993,2,3,5,183246,183246
33996,0,4,4,183890,183890
34002,0,5,5,190734,190734
34052,4,6,10,148774,148774
34061,8,10,18,204338,204338
34072,11,12,23,191954,191954
34084,16,4,20,194875,194875
34096,21,9,30,209711,209711
34113,7,9,16,258505,258505
34116,0,0,0,211584,211584
34133,0,1,1,134528,134528
34148,6,8,14,73159,73159
34167,0,11,11,76407,76407
34170,26,69,95,242856,242856
34192,2,3,5,122355,122355
34202,33,38,71,140465,140465
34218,13,39,52,230887,230887
34227,17,23,40,146265,146265
34236,189,87,276,220366,220366
34248,298,19,317,227654,227654
34271,0,0,0,93287,93287
34289,25,16,41,225265,225265
34300,0,9,9,153429,153429
34308,142,15,157,238245,238245
34324,35,14,49,122787,122787
34396,3,10,13,154812,154812
34407,54,26,80,184690,184690
34414,110,53,163,244138,244138
34418,4,6,10,180721,180721
34423,5,10,15,252975,252975
34426,5,12,17,149172,149172
34427,17,45,62,228524,228524
34430,0,5,5,240757,240757
34476,0,0,0,143061,143061
34487,2,5,7,153989,153989
34496,4,8,12,198929,198929
34517,1,1,2,149372,149372
34523,2,4,6,83666,83666
34531,3,1,4,159849,159849
34537,5,2,7,159925,159925
34553,21,12,33,124491,124491
34558,0,2,2,227781,227781
34566,6,10,16,196757,196757
34570,0,6,6,193259,193259
34581,4,1,5,242751,242751
34591,6,7,13,204865,204865
34605,13,20,33,133500,133500
34613,8,15,23,210074,210074
34622,38,17,55,126038,126038
34641,3,4,7,228854,228854
34663,0,4,4,179468,179468
34666,2,6,8,240003,240003
34667,8,9,17,222923,222923
34678,2,3,5,133561,133561
34687,4,1,5,228962,228962
34693,3,6,9,198016,198016
34698,62,10,72,245055,245055
34708,1,8,9,112602,112602
34747,2,4,6,256111,256111
34790,11,34,45,7106,7106
34837,25,1,26,242724,242724
34838,33,90,123,131801,131801
34884,3,2,5,209682,209682
34885,10,15,25,206358,206358
34890,15,59,74,232799,232799
34893,2,6,8,133912,133912
34900,6,4,10,258699,258699
34903,8,5,13,202031,202031
34905,9,17,26,244165,244165
34912,3,10,13,149930,149930
34919,5,6,11,196568,196568
34923,30,53,83,195484,195484
34926,49,13,62,198442,198442
34934,6,23,29,147875,147875
34938,6,8,14,197851,197851
34949,5,13,18,197040,197040
34950,35,30,65,222666,222666
34960,4,7,11,196950,196950
34964,9,10,19,242791,242791
34973,10,27,37,208314,208314
34989,17,24,41,146644,146644
34992,3,1,4,203158,203158
34993,2,5,7,201153,201153
34995,15,20,35,197006,197006
34999,8,10,18,215525,215525
35004,2,8,10,148269,148269
35015,24,26,50,72247,72247
35023,4,4,8,196867,196867
35043,2,12,14,210243,210243
35050,4,11,15,165716,165716
35077,1,10,11,163823,163823
35086,11,4,15,200198,200198
35090,3,10,13,152346,152346
35101,12,26,38,146783,146783
35105,24,20,44,150718,150718
35109,26,20,46,199224,199224
35113,2,22,24,214177,214177
35128,25,29,54,120942,120942
35131,5,18,23,113003,113003
35144,26,23,49,220118,220118
35154,14,29,43,234412,234412
35170,10,9,19,31407,31407
35184,34,35,69,61618,61618
35185,1,1,2,206427,206427
35197,0,8,8,235306,235306
35207,4,9,13,73151,73151
35209,1,1,2,76584,76584
35215,1,2,3,256445,256445
35233,0,4,4,249398,249398
35245,2,4,6,74445,74445
35248,566,22,588,202857,202857
35249,1,9,10,74996,74996
35265,11,27,38,152772,152772
35288,13,37,50,217070,217070
35300,3,10,13,195426,195426
35304,172,68,240,148950,148950
35334,21,47,68,224941,224941
35339,10,20,30,112389,112389
35344,77,75,152,235678,235678
35347,11,13,24,211043,211043
35348,115,21,136,116719,116719
35354,63,65,128,245004,245004
35361,54,11,65,152189,152189
35370,4,17,21,218470,218470
35371,40,15,55,196075,196075
35373,24,26,50,209078,209078
35374,17,42,59,238290,238290
35375,252,105,357,221948,221948
35376,302,76,378,124570,124570
35378,3,15,18,159526,159526
35382,12,26,38,104874,104874
35383,7,2,9,155258,155258
35401,19,23,42,128092,128092
35421,14,25,39,203573,203573
35422,6,14,20,207431,207431
35423,1,5,6,211918,211918
35424,0,12,12,112136,112136
35425,0,1,1,242942,242942
35436,13,18,31,153887,153887
35445,18,35,53,242827,242827
35446,18,19,37,244125,244125
35488,9,10,19,245253,245253
35493,7,18,25,221043,221043
35506,3,14,17,191627,191627
35509,9,10,19,224952,224952
35512,4,4,8,134509,134509
35514,3,5,8,89498,89498
35519,2,3,5,234994,234994
35551,9,27,36,146076,146076
35552,2,10,12,230667,230667
35590,43,43,86,202027,202027
35604,13,24,37,134586,134586
35611,55,38,93,236065,236065
35616,2,7,9,239933,239933
35618,3,1,4,219366,219366
35619,8,8,16,50982,50982
35625,5,5,10,204104,204104
35626,1,0,1,203804,203804
35628,2,2,4,223200,223200
35632,5,19,24,191106,191106
35636,2,2,4,230245,230245
35652,19,38,57,160698,160698
35677,2,5,7,202265,202265
35683,4,39,43,259111,259111
35690,1,1,2,237763,237763
35711,7,16,23,143894,143894
35722,5,16,21,133970,133970
35723,12,25,37,196325,196325
35726,229,185,414,188401,188401
35727,5,11,16,131077,131077
35729,56,79,135,113524,113524
35731,30,24,54,151362,151362
35738,192,81,273,148232,148232
35784,0,5,5,145537,145537
35799,7,10,17,131768,131768
35803,4,11,15,252739,252739
35809,18,41,59,61904,61904
35837,23,12,35,118687,118687
35839,57,90,147,58999,58999
35853,3,3,6,199387,199387
35930,0,4,4,147736,147736
35945,0,8,8,134485,134485
35985,0,6,6,72994,72994
35997,0,1,1,107278,107278
36015,0,1,1,196718,196718
36058,1,9,10,148653,148653
36059,0,2,2,246492,246492
36065,118,8,126,207056,207056
36079,23,15,38,246088,246088
36093,41,43,84,133248,133248
36122,6,6,12,236766,236766
36124,16,7,23,236745,236745
36126,6,18,24,236258,236258
36152,1,0,1,215484,215484
36158,1,0,1,155975,155975
36176,31,48,79,225121,225121
36214,2,1,3,145080,145080
36258,6,4,10,194574,194574
36268,31,40,71,221659,221659
36276,21,24,45,214814,214814
36289,61,22,83,221446,221446
36293,46,3,49,225902,225902
36313,28,29,57,245274,245274
36331,1,2,3,227460,227460
36334,10,5,15,234575,234575
36345,38,42,80,243128,243128
36378,2,6,8,159855,159855
36417,2,18,20,248028,248028
36436,106,63,169,191842,191842
36474,5,14,19,83785,83785
36485,3,18,21,202931,202931
36487,42,16,58,193499,193499
36488,3,6,9,236725,236725
36521,29,32,61,65394,65394
36525,15,24,39,192340,192340
36535,5,10,15,246666,246666
36563,5,2,7,196525,196525
36600,5,5,10,184309,184309
36613,14,0,14,196915,196915
36634,11,25,36,55759,55759
36646,2,4,6,201103,201103
36652,3,6,9,202307,202307
36705,2,5,7,66200,66200
36757,1,3,4,135033,135033
36773,1,9,10,159966,159966
36794,5,9,14,230265,230265
36797,2,2,4,191871,191871
36802,34,26,60,241731,241731
36805,24,11,35,160754,160754
36807,33,12,45,235645,235645
36810,62,26,88,57769,57769
36836,5,15,20,114910,114910
36840,57,38,95,210200,210200
36854,21,17,38,130746,130746
36858,1,7,8,252893,252893
36894,27,26,53,143304,143304
36905,7,58,65,211357,211357
36914,1,2,3,75211,75211
36919,9,40,49,149783,149783
36950,2,4,6,55301,55301
36956,2,5,7,165525,165525
36964,0,3,3,248753,248753
36970,3,9,12,35573,35573
36973,2,6,8,142369,142369
36982,145,27,172,141900,141900
36984,9,15,24,151673,151673
36987,3,4,7,133982,133982
36989,212,3,215,156526,156526
37001,23,20,43,55991,55991
37007,2,1,3,206227,206227
37009,62,15,77,206956,206956
37019,15,4,19,257399,257399
37093,7,5,12,239616,239616
37113,14,38,52,165745,165745
37115,12,34,46,223234,223234
37117,1,11,12,237246,237246
37122,2,13,15,128948,128948
37138,5,10,15,178829,178829
37162,17,8,25,125751,125751
37169,17,15,32,236577,236577
37188,8,19,27,250873,250873
37197,2,12,14,153071,153071
37198,0,0,0,100317,100317
37226,52,65,117,228929,228929
37234,9,12,21,250421,250421
37240,1,3,4,55014,55014
37242,5,27,32,249436,249436
37261,1,5,6,236374,236374
37265,15,34,49,40884,40884
37266,3,3,6,254522,254522
37274,0,5,5,191046,191046
37296,31,49,80,238843,238843
37308,16,16,32,73959,73959
37318,12,2,14,74404,74404
37322,10,8,18,196459,196459
37325,10,2,12,138646,138646
37361,2,9,11,43482,43482
37384,43,90,133,155268,155268
37406,0,6,6,177658,177658
37412,1,2,3,67397,67397
37414,1,0,1,245264,245264
37428,25,58,83,194099,194099
37431,2,10,12,227692,227692
37438,74,41,115,190421,190421
37439,7,16,23,196844,196844
37440,18,90,108,218551,218551
37445,10,8,18,226538,226538
37448,0,2,2,231356,231356
37483,5,20,25,244825,244825
37502,423,100,523,206763,206763
37505,28,16,44,146869,146869
37532,771,33,804,199414,199414
37582,22,13,35,120243,120243
37603,0,2,2,144720,144720
37609,6,11,17,147860,147860
37633,3,2,5,206565,206565
37635,3,1,4,96821,96821
37643,5,10,15,186683,186683
37650,10,12,22,170263,170263
37655,6,1,7,228885,228885
37657,6,8,14,55754,55754
37660,0,2,2,135958,135958
37666,30,36,66,249858,249858
37677,9,12,21,213230,213230
37685,19,10,29,131412,131412
37694,3,22,25,55670,55670
37702,6,18,24,255896,255896
37706,0,4,4,215100,215100
37708,14,14,28,214342,214342
37753,10,11,21,196449,196449
37785,1,7,8,167325,167325
37786,1,16,17,210347,210347
37787,6,11,17,161840,161840
37792,3,4,7,248689,248689
37793,17,29,46,97557,97557
37798,4,2,6,222451,222451
37803,60,9,69,195228,195228
37808,10,28,38,153948,153948
37831,6,17,23,240765,240765
37834,13,28,41,147980,147980
37838,12,15,27,199973,199973
37851,0,6,6,233819,233819
37852,1,6,7,213977,213977
37888,4,10,14,202490,202490
37901,3,2,5,138260,138260
37904,8,11,19,192384,192384
37923,1,3,4,141167,141167
37933,6,8,14,188669,188669
37946,8,2,10,208044,208044
37981,7,6,13,241680,241680
37983,8,24,32,60465,60465
37986,2,5,7,232597,232597
37994,1,5,6,194030,194030
38001,19,26,45,130642,130642
38007,22,16,38,129600,129600
38010,9,12,21,129774,129774
38022,4,2,6,141032,141032
38028,8,14,22,140068,140068
38045,2,2,4,237349,237349
38048,4,4,8,129747,129747
38060,8,6,14,257193,257193
38090,0,1,1,208774,208774
38101,0,1,1,242894,242894
38105,0,4,4,164958,164958
38111,0,3,3,179364,179364
38124,1,3,4,181883,181883
38159,1,3,4,176753,176753
38161,9,11,20,148825,148825
38166,0,2,2,141781,141781
38198,1,4,5,73330,73330
38204,1,3,4,75504,75504
38211,0,5,5,207846,207846
38222,0,3,3,252629,252629
38231,16,31,47,230031,230031
38240,0,2,2,227876,227876
38247,66,0,66,188593,188593
38254,1,0,1,223470,223470
38260,12,16,28,244396,244396
38292,4,4,8,224590,224590
38318,4,3,7,202939,202939
38327,8,23,31,68433,68433
38334,6,6,12,161167,161167
38342,5,5,10,109408,109408
38356,13,25,38,219642,219642
38362,5,3,8,235333,235333
38365,11,31,42,156391,156391
38379,3,4,7,226044,226044
38390,18,13,31,214752,214752
38395,35,21,56,207406,207406
38401,52,54,106,193653,193653
38407,16,17,33,193444,193444
38413,0,1,1,202973,202973
38421,16,44,60,238928,238928
38430,2,12,14,208486,208486
38436,8,22,30,197472,197472
38452,2,3,5,238087,238087
38455,7,18,25,140897,140897
38456,9,20,29,140112,140112
38467,2,1,3,194314,194314
38478,2,4,6,133996,133996
38480,3,18,21,140470,140470
38484,1,2,3,206681,206681
38485,2,2,4,239432,239432
38490,2,2,4,128384,128384
38502,4,9,13,135348,135348
38514,3,3,6,120694,120694
38517,14,11,25,9359,9359
38532,1,1,2,60172,60172
38533,1,0,1,199205,199205
38535,3,0,3,137193,137193
38545,2,0,2,202878,202878
38572,40,25,65,95972,95972
38577,2,14,16,231276,231276
38579,9,0,9,229325,229325
38599,9,16,25,82137,82137
38602,71,9,80,70595,70595
38634,2,3,5,254796,254796
38642,13,6,19,123586,123586
38649,0,4,4,250042,250042
38651,2,8,10,214337,214337
38654,6,19,25,126051,126051
38668,0,3,3,230607,230607
38733,2,7,9,173116,173116
38748,3,2,5,238434,238434
38757,0,7,7,222084,222084
38762,5,6,11,229377,229377
38771,2,6,8,194186,194186
38776,2,5,7,196459,196459
38785,20,11,31,160399,160399
38804,43,28,71,130503,130503
38806,38,76,114,202376,202376
38808,2,1,3,230967,230967
38809,11,5,16,221758,221758
38815,174,85,259,147227,147227
38819,54,39,93,5936,5936
38837,5,24,29,235520,235520
38849,2,3,5,196486,196486
38856,1,3,4,192640,192640
38865,20,40,60,136374,136374
38878,4,22,26,128119,128119
38879,3,2,5,205631,205631
38881,6,33,39,139282,139282
38908,8,9,17,89956,89956
38915,3,66,69,188075,188075
38920,42,5,47,200178,200178
38927,1,1,2,162842,162842
38937,13,3,16,34246,34246
38941,33,5,38,94126,94126
38964,0,1,1,249671,249671
39027,1,1,2,197143,197143
39028,11,36,47,176726,176726
39057,54,55,109,196970,196970
39075,17,28,45,252812,252812
39076,6,11,17,107909,107909
39089,64,36,100,35357,35357
39094,11,0,11,95152,95152
39095,9,4,13,227361,227361
39100,4,18,22,95366,95366
39105,23,29,52,224215,224215
39106,3,15,18,146176,146176
39114,2,36,38,229152,229152
39124,149,68,217,71142,71142
39127,8,6,14,201005,201005
39129,3,4,7,151525,151525
39131,19,30,49,123420,123420
39146,2,13,15,245132,245132
39153,3,13,16,203110,203110
39157,2,5,7,146595,146595
39159,13,15,28,236256,236256
39181,10,17,27,194581,194581
39182,1,2,3,197117,197117
39184,8,10,18,254851,254851
39198,4,4,8,199972,199972
39200,9,23,32,199720,199720
39213,0,8,8,237696,237696
39243,13,14,27,140384,140384
39254,6,14,20,254975,254975
39256,3,20,23,243209,243209
39261,22,27,49,146464,146464
39267,2,7,9,247035,247035
39271,5,18,23,220282,220282
39272,11,64,75,116022,116022
39282,6,7,13,228441,228441
39285,4,14,18,159243,159243
39286,10,19,29,238974,238974
39295,5,14,19,192964,192964
39318,7,21,28,180205,180205
39321,8,33,41,142554,142554
39336,47,60,107,216791,216791
39346,0,7,7,198861,198861
39351,12,15,27,204025,204025
39381,8,6,14,103430,103430
39401,1,3,4,248443,248443
39410,5,29,34,107206,107206
39416,9,14,23,223715,223715
39418,4,10,14,229961,229961
39454,58,39,97,238405,238405
39458,10,5,15,207798,207798
39470,4,13,17,202612,202612
39487,8,16,24,244090,244090
39495,1,1,2,213372,213372
39502,5,3,8,149079,149079
39504,39,23,62,245028,245028
39514,8,5,13,77851,77851
39529,3,2,5,207962,207962
39538,5,4,9,254457,254457
39544,2,19,21,236393,236393
39557,0,23,23,145465,145465
39564,9,21,30,166557,166557
39566,26,3,29,148745,148745
39581,19,21,40,135367,135367
39582,37,47,84,175901,175901
39583,36,39,75,224668,224668
39585,1,9,10,130716,130716
39601,5,4,9,133361,133361
39606,8,11,19,73211,73211
39614,1,4,5,147318,147318
39633,20,25,45,193958,193958
39645,36,16,52,206306,206306
39658,28,46,74,118985,118985
39660,72,32,104,101616,101616
39661,24,34,58,205473,205473
39666,37,46,83,246520,246520
39669,23,34,57,209702,209702
39697,37,19,56,172933,172933
39709,0,5,5,132714,132714
39741,1,2,3,224121,224121
39749,0,6,6,235089,235089
39782,75,61,136,137452,137452
39796,2,3,5,238255,238255
39835,5,5,10,189028,189028
39843,1,3,4,239269,239269
39852,3,3,6,118879,118879
39866,3,1,4,234223,234223
39867,10,5,15,226449,226449
39877,95,54,149,247312,247312
39879,76,50,126,185205,185205
39883,11,15,26,109792,109792
39885,86,52,138,70202,70202
39889,126,47,173,66832,66832
39891,25,26,51,221892,221892
39899,14,18,32,162632,162632
39903,3,0,3,139266,139266
39911,11,12,23,204079,204079
39917,9,9,18,202238,202238
39924,4,10,14,234249,234249
39930,2,3,5,254659,254659
39942,6,3,9,177519,177519
39948,2,7,9,168758,168758
39995,2,0,2,199724,199724
40011,20,11,31,220669,220669
40022,0,0,0,132390,132390
40029,9,6,15,193920,193920
40037,8,20,28,255164,255164
40043,3,18,21,245761,245761
40050,7,16,23,157972,157972
40056,6,13,19,76123,76123
40059,2,5,7,141271,141271
40063,0,2,2,257663,257663
40069,3,5,8,197204,197204
40071,2,8,10,142614,142614
40168,0,0,0,248888,248888
40176,2,1,3,82227,82227
40184,64,77,141,150985,150985
40185,95,106,201,223482,223482
40188,20,7,27,173063,173063
40190,44,29,73,128503,128503
40191,66,25,91,143295,143295
40201,15,10,25,149975,149975
40228,14,34,48,234007,234007
40242,11,8,19,137736,137736
40245,3,3,6,154791,154791
40247,2,3,5,210517,210517
40249,22,34,56,71224,71224
40255,6,6,12,71402,71402
40277,35,6,41,251928,251928
40281,1,1,2,206636,206636
40293,57,31,88,214448,214448
40301,12,6,18,201631,201631
40306,30,24,54,202078,202078
40325,20,9,29,253107,253107
40328,71,23,94,253943,253943
40333,28,20,48,201887,201887
40375,0,5,5,152959,152959
40411,4,5,9,250114,250114
40426,2,6,8,253484,253484
40429,90,85,175,148769,148769
40443,10,10,20,205250,205250
40446,9,15,24,140123,140123
40449,35,10,45,195598,195598
40454,1,13,14,237819,237819
40457,6,7,13,122131,122131
40474,1,13,14,158050,158050
40478,73,3,76,238257,238257
40504,2,16,18,218104,218104
40533,0,0,0,154162,154162
40534,1,1,2,192886,192886
40537,19,5,24,174838,174838
40541,1,2,3,244361,244361
40550,35,46,81,112476,112476
40565,2,7,9,228584,228584
40581,12,33,45,67940,67940
40585,6,1,7,137132,137132
40612,71,24,95,244996,244996
40618,21,13,34,151146,151146
40624,5,5,10,156281,156281
40634,25,29,54,201384,201384
40656,0,20,20,230706,230706
40669,38,15,53,112617,112617
40673,7,8,15,190274,190274
40684,12,56,68,203364,203364
40686,21,24,45,210931,210931
40695,39,12,51,240140,240140
40698,39,2,41,135122,135122
40721,0,14,14,146497,146497
40740,4,9,13,216657,216657
40744,46,35,81,159309,159309
40749,64,47,111,195429,195429
40751,2,3,5,221920,221920
40776,3,5,8,248876,248876
40780,5,12,17,231300,231300
40782,5,10,15,188384,188384
40810,3,18,21,244992,244992
40812,3,6,9,153928,153928
40819,5,17,22,22235,22235
40823,13,14,27,135340,135340
40828,2,1,3,227855,227855
40838,4,7,11,204206,204206
40851,2,5,7,55190,55190
40857,4,21,25,133162,133162
40861,5,7,12,157282,157282
40879,0,5,5,214029,214029
40880,3,3,6,238166,238166
40888,0,3,3,248535,248535
40909,10,13,23,184272,184272
40910,0,2,2,246698,246698
40919,42,42,84,156977,156977
40936,5,13,18,216060,216060
40937,0,5,5,133548,133548
40950,100,21,121,222637,222637
40956,6,5,11,238272,238272
40957,7,7,14,169861,169861
40964,71,70,141,176397,176397
40971,11,16,27,177434,177434
40973,168,170,338,67931,67931
40974,45,95,140,161465,161465
40992,4,4,8,131812,131812
40996,65,17,82,132607,132607
40998,4,15,19,212580,212580
41005,0,2,2,215615,215615
41012,2,22,24,231090,231090
41019,4,10,14,225301,225301
41041,7,7,14,102456,102456
41051,2,3,5,60872,60872
41111,13,8,21,208839,208839
41118,4,12,16,209633,209633
41136,18,16,34,133864,133864
41141,0,14,14,194349,194349
41146,4,4,8,152118,152118
41149,2,10,12,182911,182911
41152,10,15,25,61237,61237
41180,26,33,59,147746,147746
41213,0,1,1,204312,204312
41278,15,9,24,238157,238157
41280,7,9,16,155255,155255
41281,8,44,52,146679,146679
41328,11,4,15,136339,136339
41336,5,9,14,208383,208383
41343,1,1,2,259193,259193
41353,210,3,213,204634,204634
41355,2,10,12,179949,179949
41360,0,2,2,221922,221922
41364,2,2,4,176696,176696
41367,18,4,22,248184,248184
41378,0,2,2,64396,64396
41384,2,5,7,147155,147155
41392,2,5,7,253847,253847
41398,1,4,5,196021,196021
41399,2,1,3,76506,76506
41427,1,2,3,221335,221335
41434,32,4,36,232021,232021
41435,13,6,19,232619,232619
41437,7,4,11,230248,230248
41441,7,11,18,252128,252128
41462,1,0,1,139441,139441
41469,3,5,8,140069,140069
41470,1,2,3,124704,124704
41476,3,4,7,130419,130419
41506,1,8,9,214763,214763
41507,26,19,45,218004,218004
41511,34,33,67,135746,135746
41527,5,13,18,190621,190621
41529,1,1,2,234862,234862
41565,3,4,7,234264,234264
41600,2,4,6,208332,208332
41609,2,12,14,152474,152474
41629,7,11,18,232377,232377
41632,12,35,47,217096,217096
41633,1,5,6,61082,61082
41655,15,36,51,96284,96284
41672,14,81,95,217606,217606
41674,7,7,14,131866,131866
41679,0,0,0,136165,136165
41685,9,10,19,135714,135714
41692,7,17,24,251416,251416
41709,0,6,6,157750,157750
41710,0,0,0,223845,223845
41723,46,73,119,184404,184404
41730,1,2,3,244437,244437
41732,2,0,2,195268,195268
41733,120,161,281,190056,190056
41734,45,9,54,231338,231338
41735,4,5,9,148375,148375
41736,104,88,192,199097,199097
41740,30,76,106,129600,129600
41768,7,13,20,138110,138110
41791,3,8,11,86536,86536
41792,43,48,91,103272,103272
41800,2,4,6,165065,165065
41808,23,29,52,246612,246612
41815,4,1,5,250881,250881
41828,19,73,92,243156,243156
41842,17,24,41,157428,157428
41846,7,15,22,259123,259123
41849,27,44,71,160810,160810
41860,2,4,6,256054,256054
41870,4,4,8,249729,249729
41890,1,5,6,179150,179150
41892,9,13,22,219603,219603
41894,12,15,27,134262,134262
41896,0,3,3,258802,258802
41906,2,5,7,162682,162682
41945,0,2,2,143862,143862
41949,1,2,3,123768,123768
41988,1,6,7,86048,86048
41989,2,13,15,147355,147355
42011,1,6,7,242763,242763
42019,4,5,9,153691,153691
42032,0,0,0,180511,180511
42033,0,2,2,163782,163782
42056,5,23,28,256230,256230
42065,3,3,6,221997,221997
42069,29,18,47,134974,134974
42096,2,10,12,142371,142371
42099,2,11,13,242949,242949
42110,24,16,40,209217,209217
42119,1,4,5,73913,73913
42125,5,6,11,170464,170464
42137,1,10,11,50434,50434
42157,5,11,16,256480,256480
42160,6,1,7,136861,136861
42165,2,6,8,204044,204044
42166,39,18,57,143638,143638
42169,4,29,33,135784,135784
42170,15,14,29,104975,104975
42172,110,56,166,113339,113339
42173,62,15,77,133479,133479
42179,15,15,30,20856,20856
42180,39,20,59,21044,21044
42182,75,18,93,129567,129567
42189,1,1,2,131265,131265
42194,3,29,32,143907,143907
42250,0,1,1,179095,179095
42251,5,12,17,69646,69646
42261,2,4,6,221190,221190
42276,0,6,6,121407,121407
42285,0,1,1,197088,197088
42289,1,3,4,42666,42666
42303,23,42,65,251987,251987
42311,1,3,4,73304,73304
42333,0,1,1,134519,134519
42335,13,10,23,50967,50967
42342,5,5,10,211151,211151
42356,4,8,12,145321,145321
42365,0,3,3,219537,219537
42369,1,2,3,162262,162262
42370,1,7,8,214514,214514
42374,2,2,4,205380,205380
42418,9,21,30,21675,21675
42435,2,2,4,254255,254255
42475,2,11,13,125140,125140
42478,5,14,19,165652,165652
42490,40,47,87,131425,131425
42546,6,11,17,123980,123980
42569,0,4,4,189135,189135
42595,5,23,28,228237,228237
42618,1,0,1,231615,231615
42619,3,43,46,237792,237792
42634,18,49,67,203323,203323
42636,1,1,2,244027,244027
42642,18,0,18,182459,182459
42656,16,44,60,233383,233383
42663,28,16,44,216878,216878
42667,23,16,39,148693,148693
42669,1,4,5,249529,249529
42678,6,12,18,196736,196736
42716,2,16,18,221786,221786
42717,2,10,12,231601,231601
42753,1,5,6,157030,157030
42776,0,5,5,137334,137334
42777,7,2,9,89838,89838
42796,9,34,43,240770,240770
42797,4,5,9,224054,224054
42815,13,28,41,155739,155739
42820,2,5,7,246742,246742
42825,1,9,10,204257,204257
42829,5,12,17,153661,153661
42831,45,59,104,24302,24302
42833,5,6,11,248306,248306
42842,1,18,19,214890,214890
42843,9,40,49,107917,107917
42850,10,105,115,48818,48818
42866,6,8,14,88864,88864
42872,4,9,13,222777,222777
42887,9,4,13,218424,218424
42898,1,1,2,204399,204399
42900,72,54,126,130343,130343
42902,5,7,12,208066,208066
42907,96,136,232,182739,182739
42909,36,61,97,72655,72655
42913,1,13,14,48458,48458
42925,2,4,6,232227,232227
42932,6,13,19,254191,254191
42947,5,21,26,216322,216322
42951,6,13,19,133278,133278
42959,1,5,6,55924,55924
42970,0,6,6,245587,245587
42976,15,25,40,160810,160810
42982,0,7,7,191422,191422
42984,17,32,49,107100,107100
42994,5,1,6,244808,244808
43004,4,10,14,117623,117623
43017,12,15,27,90580,90580
43025,4,8,12,197157,197157
43030,5,18,23,221641,221641
43055,2,2,4,71458,71458
43056,4,8,12,73143,73143
43064,3,8,11,134540,134540
43088,7,41,48,142025,142025
43121,1,4,5,224584,224584
43123,27,0,27,234172,234172
43141,0,10,10,245858,245858
43143,19,17,36,235389,235389
43147,22,2,24,140222,140222
43151,32,33,65,238008,238008
43152,13,29,42,244364,244364
43158,55,15,70,246825,246825
43160,0,8,8,163271,163271
43168,11,38,49,188625,188625
43175,0,1,1,243723,243723
43177,6,11,17,147211,147211
43183,6,12,18,213529,213529
43189,6,12,18,179191,179191
43209,1,3,4,145847,145847
43210,20,5,25,219973,219973
43231,2,3,5,224970,224970
43236,2,4,6,192073,192073
43242,4,2,6,170143,170143
43246,30,121,151,227502,227502
43276,0,10,10,191945,191945
43291,0,1,1,225828,225828
43296,0,5,5,154853,154853
43313,18,10,28,112602,112602
43322,10,7,17,72422,72422
43327,8,6,14,125130,125130
43331,1,2,3,246586,246586
43332,0,19,19,7667,7667
43337,3,7,10,216391,216391
43345,4,30,34,173479,173479
43347,72,106,178,185039,185039
43352,5,11,16,50668,50668
43353,2,4,6,220801,220801
43356,26,33,59,220865,220865
43360,0,5,5,239259,239259
43372,5,26,31,226637,226637
43394,0,6,6,137694,137694
43400,2,7,9,161997,161997
43420,3,7,10,59140,59140
43422,4,6,10,142631,142631
43437,5,17,22,159523,159523
43467,1,3,4,209580,209580
43484,1,1,2,170181,170181
43491,1,6,7,217707,217707
43492,11,1,12,166768,166768
43515,33,22,55,36854,36854
43522,2,0,2,255866,255866
43552,1,4,5,226741,226741
43554,43,27,70,207584,207584
43556,12,10,22,192988,192988
43567,2,4,6,196478,196478
43570,5,2,7,221354,221354
43592,3,6,9,99913,99913
43595,0,3,3,206236,206236
43597,52,11,63,82011,82011
43603,18,6,24,190431,190431
43610,2,2,4,125917,125917
43615,5,1,6,193646,193646
43676,6,2,8,55858,55858
43677,116,17,133,236725,236725
43693,1,5,6,53864,53864
43702,3,7,10,124625,124625
43712,1,4,5,70427,70427
43716,54,29,83,78922,78922
43719,0,16,16,229121,229121
43722,69,13,82,164680,164680
43725,68,48,116,204893,204893
43726,24,33,57,166539,166539
43736,6,12,18,215311,215311
43742,360,0,360,128634,128634
43751,6,18,24,133536,133536
43772,3,9,12,155698,155698
43779,3,7,10,227488,227488
43783,0,2,2,237461,237461
43789,0,2,2,132578,132578
43794,30,18,48,252851,252851
43810,1,1,2,80406,80406
43812,2,4,6,80052,80052
43815,19,27,46,172391,172391
43837,27,7,34,193593,193593
43848,2,3,5,159643,159643
43864,110,16,126,190785,190785
43867,21,9,30,157784,157784
43872,11,11,22,149683,149683
43877,12,8,20,161444,161444
43880,1,3,4,161716,161716
43896,2,2,4,74847,74847
43899,1,2,3,76025,76025
43912,13,14,27,149846,149846
43914,71,29,100,147704,147704
43918,7,20,27,258154,258154
43923,3,4,7,225019,225019
43925,27,10,37,134521,134521
43934,33,30,63,150035,150035
43939,9,10,19,73967,73967
43942,11,7,18,244153,244153
43956,6,11,17,243173,243173
43967,1,3,4,232510,232510
43968,11,12,23,228117,228117
43975,149,2,151,146522,146522
43982,2,24,26,162481,162481
43992,10,10,20,247608,247608
43996,15,32,47,71790,71790
43999,4,6,10,229583,229583
44013,8,40,48,147026,147026
44018,173,57,230,219608,219608
44024,14,14,28,136236,136236
44036,163,22,185,246504,246504
44049,0,11,11,149039,149039
44058,13,14,27,224893,224893
44060,8,8,16,156863,156863
44068,5,6,11,204029,204029
44080,11,20,31,105480,105480
44086,20,18,38,81580,81580
44119,5,13,18,73872,73872
44141,2,3,5,101425,101425
44154,38,19,57,209646,209646
44155,3,6,9,242139,242139
44183,102,58,160,191856,191856
44190,13,11,24,228263,228263
44191,7,22,29,144998,144998
44210,8,10,18,249245,249245
44211,12,8,20,212374,212374
44214,8,26,34,248938,248938
44238,44,17,61,221110,221110
44246,87,107,194,137420,137420
44251,2,3,5,259125,259125
44255,0,7,7,195369,195369
44271,88,14,102,198062,198062
44306,11,16,27,249313,249313
44307,14,32,46,118677,118677
44308,20,25,45,84375,84375
44316,15,21,36,72690,72690
44324,2,5,7,144849,144849
44354,0,5,5,156913,156913
44364,1,3,4,256435,256435
44368,8,12,20,209036,209036
44390,8,9,17,233573,233573
44393,3,4,7,244247,244247
44402,11,26,37,173213,173213
44415,1,8,9,77684,77684
44446,429,117,546,149278,149278
44452,17,43,60,202530,202530
44458,2,15,17,201695,201695
44484,4,5,9,149436,149436
44492,1,2,3,151468,151468
44493,1,2,3,149485,149485
44516,1,9,10,141353,141353
44524,6,8,14,63674,63674
44545,2,2,4,166643,166643
44548,4,4,8,140666,140666
44549,5,14,19,223376,223376
44555,7,10,17,236459,236459
44559,14,8,22,192653,192653
44561,7,4,11,195556,195556
44562,5,7,12,201408,201408
44564,6,7,13,235772,235772
44565,9,1,10,215260,215260
44567,6,3,9,235815,235815
44576,2,2,4,141686,141686
44593,1,4,5,247686,247686
44620,45,16,61,120447,120447
44633,4,7,11,198334,198334
44634,10,1,11,240114,240114
44637,15,34,49,215980,215980
44644,24,14,38,89765,89765
44652,12,9,21,115180,115180
44655,3,19,22,200576,200576
44657,9,16,25,146778,146778
44664,3,8,11,212942,212942
44669,3,4,7,242300,242300
44682,0,3,3,157178,157178
44686,4,7,11,138349,138349
44700,0,3,3,196751,196751
44713,4,10,14,230039,230039
44726,3,4,7,22983,22983
44728,0,3,3,215664,215664
44738,5,8,13,100619,100619
44749,2,19,21,241840,241840
44752,0,0,0,223036,223036
44768,2,7,9,143250,143250
44784,0,1,1,44169,44169
44798,3,2,5,68778,68778
44799,7,20,27,59928,59928
44803,13,69,82,241553,241553
44807,1,8,9,245936,245936
44822,2,12,14,230277,230277
44824,1,2,3,209561,209561
44842,0,2,2,191985,191985
44872,4,4,8,258159,258159
44873,3,4,7,150627,150627
44883,16,16,32,138823,138823
44898,0,0,0,134054,134054
44899,0,4,4,239038,239038
44920,0,1,1,220629,220629
44933,30,6,36,75028,75028
44945,3,2,5,222879,222879
44946,9,20,29,126361,126361
44960,0,0,0,150198,150198
44961,26,48,74,203081,203081
44969,4,15,19,112385,112385
44973,11,4,15,157331,157331
44983,19,27,46,223668,223668
44988,8,17,25,226401,226401
44989,5,14,19,74343,74343
44994,11,10,21,204066,204066
45006,21,13,34,98482,98482
45008,16,0,16,110727,110727
45010,34,24,58,221482,221482
45013,83,84,167,149637,149637
45057,0,3,3,188594,188594
45063,18,54,72,141992,141992
45082,5,13,18,154008,154008
45091,3,4,7,161953,161953
45101,1,12,13,241097,241097
45130,0,0,0,185904,185904
45132,4,13,17,189667,189667
45166,4,0,4,148819,148819
45182,6,3,9,239183,239183
45200,4,2,6,188403,188403
45205,0,4,4,217477,217477
45210,18,44,62,249231,249231
45213,0,2,2,131287,131287
45219,0,1,1,225342,225342
45228,4,10,14,244647,244647
45230,4,5,9,127740,127740
45242,2,11,13,222048,222048
45243,1,1,2,180096,180096
45260,1,4,5,194261,194261
45262,5,12,17,148086,148086
45272,13,13,26,146253,146253
45286,1,2,3,242777,242777
45308,0,3,3,19423,19423
45318,1,2,3,255445,255445
45321,1,2,3,254490,254490
45350,39,15,54,163084,163084
45356,57,20,77,226758,226758
45363,1,3,4,165630,165630
45375,0,7,7,236034,236034
45382,15,22,37,248244,248244
45383,90,57,147,245496,245496
45386,20,22,42,193591,193591
45391,41,57,98,257974,257974
45405,1,5,6,126728,126728
45414,13,9,22,212232,212232
45419,12,23,35,191441,191441
45420,3,23,26,243363,243363
45424,9,20,29,149922,149922
45426,5,21,26,146573,146573
45430,20,23,43,227651,227651
45431,15,21,36,73178,73178
45432,1,7,8,151066,151066
45449,1,6,7,124103,124103
45454,40,8,48,188889,188889
45456,8,12,20,215239,215239
45463,10,36,46,71248,71248
45473,14,9,23,222639,222639
45474,8,13,21,187020,187020
45479,32,9,41,188605,188605
45481,22,8,30,189898,189898
45483,2,9,11,189883,189883
45494,2,2,4,138202,138202
45515,9,14,23,176485,176485
45538,0,1,1,223554,223554
45545,9,14,23,138192,138192
45554,5,7,12,227433,227433
45559,5,26,31,192247,192247
45564,4,6,10,221010,221010
45566,9,8,17,132973,132973
45567,3,2,5,133817,133817
45572,5,24,29,148074,148074
45585,0,0,0,256374,256374
45586,1,8,9,239568,239568
45604,15,55,70,107275,107275
45605,93,61,154,153495,153495
45609,3,5,8,223191,223191
45640,2,1,3,154227,154227
45641,0,1,1,166146,166146
45643,3,3,6,165311,165311
45650,1,3,4,203592,203592
45651,4,4,8,169090,169090
45677,0,8,8,58795,58795
45680,2,12,14,240929,240929
45702,4,23,27,108799,108799
45738,9,10,19,242754,242754
45740,16,29,45,221015,221015
45742,3,3,6,195846,195846
45745,9,12,21,112684,112684
45755,2,6,8,158017,158017
45762,10,15,25,193661,193661
45774,6,19,25,220903,220903
45777,18,20,38,238269,238269
45779,12,18,30,211113,211113
45782,26,23,49,160093,160093
45786,7,9,16,150620,150620
45795,4,12,16,158113,158113
45824,6,6,12,244102,244102
45841,0,4,4,121092,121092
45843,10,22,32,140159,140159
45846,4,14,18,242969,242969
45853,2,1,3,161066,161066
45877,5,9,14,235967,235967
45893,10,13,23,140522,140522
45898,1,4,5,102246,102246
45904,0,1,1,110483,110483
45920,3,7,10,245090,245090
45938,8,7,15,232864,232864
46031,0,8,8,68786,68786
46046,70,120,190,130312,130312
46053,11,16,27,54765,54765
46056,20,41,61,49158,49158
46058,23,10,33,240405,240405
46059,3,6,9,221300,221300
46065,2,4,6,226394,226394
46083,0,5,5,245020,245020
46085,8,14,22,128192,128192
46090,17,39,56,227964,227964
46117,96,30,126,234891,234891
46130,0,5,5,236856,236856
46148,1,1,2,166634,166634
46149,2,3,5,213922,213922
46154,0,3,3,197875,197875
46159,6,9,15,216122,216122
46172,0,4,4,166319,166319
46190,8,11,19,207559,207559
46193,200,0,200,244276,244276
46203,22,5,27,202822,202822
46213,1,21,22,208260,208260
46217,10,27,37,139143,139143
46228,7,6,13,206545,206545
46233,1,1,2,234138,234138
46255,2,4,6,161715,161715
46260,6,14,20,75492,75492
46262,0,9,9,203860,203860
46265,0,13,13,256576,256576
46275,3,5,8,142585,142585
46283,25,27,52,163871,163871
46295,3,16,19,106938,106938
46317,3,1,4,79264,79264
46321,5,11,16,243339,243339
46326,13,14,27,247409,247409
46342,9,16,25,90040,90040
46351,0,1,1,160844,160844
46374,0,11,11,231103,231103
46381,3,16,19,149154,149154
46401,1,7,8,214361,214361
46412,4,6,10,203481,203481
46418,16,7,23,59627,59627
46431,2,3,5,184197,184197
46439,19,14,33,148671,148671
46452,3,5,8,128416,128416
46456,10,18,28,165277,165277
46464,7,5,12,221158,221158
46525,15,12,27,134601,134601
46530,49,10,59,162275,162275
46535,15,22,37,157751,157751
46574,15,13,28,235326,235326
46578,39,46,85,147588,147588
46581,3,3,6,104422,104422
46591,21,2,23,242643,242643
46629,16,4,20,172860,172860
46640,1,4,5,233551,233551
46681,1,4,5,216804,216804
46704,12,11,23,227164,227164
46710,18,14,32,187198,187198
46713,3,5,8,149797,149797
46719,7,23,30,199688,199688
46726,12,8,20,122683,122683
46730,20,11,31,150561,150561
46733,43,82,125,74143,74143
46753,3,6,9,180818,180818
46754,80,105,185,159177,159177
46759,7,23,30,156182,156182
46772,6,6,12,242517,242517
46788,23,37,60,214363,214363
46795,95,35,130,198173,198173
46797,10,40,50,238382,238382
46803,16,23,39,234427,234427
46804,5,3,8,232939,232939
46811,5,14,19,195311,195311
46818,19,11,30,105509,105509
46821,8,15,23,246202,246202
46829,20,22,42,239217,239217
46839,7,67,74,160907,160907
46842,48,111,159,146403,146403
46905,0,3,3,159882,159882
46936,2,5,7,187551,187551
46948,1,2,3,196448,196448
46979,2,3,5,204762,204762
46984,32,44,76,207928,207928
46985,26,7,33,147263,147263
46996,16,17,33,6918,6918
47001,1,2,3,100268,100268
47015,203,34,237,118927,118927
47028,7,45,52,226193,226193
47030,10,7,17,234307,234307
47036,2,2,4,160898,160898
47043,4,8,12,132838,132838
47068,3,2,5,160316,160316
47084,3,12,15,129413,129413
47140,1,5,6,77958,77958
47159,47,70,117,199117,199117
47160,0,4,4,202434,202434
47164,40,64,104,236987,236987
47165,8,3,11,148797,148797
47172,18,12,30,243421,243421
47179,3,6,9,155719,155719
47181,3,2,5,258176,258176
47196,1,4,5,226269,226269
47197,27,20,47,209894,209894
47210,1,3,4,240270,240270
47216,26,35,61,246798,246798
47219,0,2,2,236453,236453
47220,9,18,27,66697,66697
47223,24,44,68,47420,47420
47231,0,1,1,150189,150189
47238,10,41,51,241841,241841
47239,2,2,4,250764,250764
47245,7,18,25,173252,173252
47266,21,25,46,225757,225757
47268,39,50,89,209302,209302
47270,2,3,5,123966,123966
47271,19,4,23,199447,199447
47273,11,12,23,170693,170693
47278,31,39,70,227384,227384
47290,4,19,23,112734,112734
47291,2,3,5,237689,237689
47309,2,1,3,59376,59376
47314,14,8,22,226389,226389
47320,1,11,12,161187,161187
47321,5,5,10,85773,85773
47323,5,6,11,225026,225026
47329,3,1,4,166318,166318
47354,0,1,1,252961,252961
47376,3,5,8,225494,225494
47379,7,21,28,135597,135597
47387,11,24,35,244657,244657
47393,1,9,10,218065,218065
47398,10,9,19,216004,216004
47402,2,3,5,63132,63132
47460,42,37,79,68033,68033
47469,5,11,16,64113,64113
47470,66,48,114,115671,115671
47479,8,8,16,146363,146363
47494,26,18,44,120223,120223
47498,17,16,33,28086,28086
47499,28,11,39,12657,12657
47500,19,12,31,100532,100532
47504,0,1,1,208810,208810
47505,26,14,40,183066,183066
47506,15,23,38,109706,109706
47507,7,18,25,183722,183722
47517,8,10,18,9657,9657
47519,6,0,6,28222,28222
47523,8,9,17,102076,102076
47525,10,9,19,198853,198853
47534,7,11,18,123102,123102
47543,17,3,20,146133,146133
47558,5,26,31,235149,235149
47570,4,19,23,243693,243693
47574,3,12,15,152479,152479
47576,1,8,9,208452,208452
47596,0,1,1,197530,197530
47615,3,6,9,66631,66631
47619,0,2,2,2846,2846
47622,3,7,10,149036,149036
47631,88,98,186,258371,258371
47638,2,0,2,237667,237667
47646,1,10,11,144134,144134
47654,11,22,33,198338,198338
47655,1,2,3,124894,124894
47659,19,121,140,191536,191536
47664,32,104,136,251875,251875
47678,2,4,6,217857,217857
47681,2,2,4,245931,245931
47697,50,6,56,198857,198857
47714,3,4,7,245816,245816
47718,4,16,20,223928,223928
47728,7,14,21,131049,131049
47734,2,5,7,227368,227368
47740,9,2,11,183000,183000
47751,6,11,17,228823,228823
47758,3,19,22,133278,133278
47759,199,123,322,181176,181176
47761,35,25,60,197903,197903
47815,13,25,38,251757,251757
47817,0,18,18,150634,150634
47818,1,5,6,142956,142956
47847,0,7,7,159510,159510
47867,5,48,53,257948,257948
47868,5,18,23,172159,172159
47878,18,10,28,222555,222555
47885,58,39,97,146575,146575
47891,0,6,6,211005,211005
47895,0,1,1,127372,127372
47900,0,3,3,250888,250888
47906,0,1,1,226784,226784
47935,3,11,14,232098,232098
47936,3,12,15,144688,144688
47971,0,3,3,141298,141298
47998,20,31,51,229032,229032
48004,16,7,23,238611,238611
48034,2,12,14,258772,258772
48039,25,40,65,143319,143319
48041,13,66,79,221531,221531
48043,6,10,16,220113,220113
48067,2,11,13,195593,195593
48084,5,10,15,58940,58940
48092,1,1,2,157533,157533
48096,7,13,20,149874,149874
48101,13,25,38,222395,222395
48108,4,9,13,206304,206304
48120,4,7,11,239543,239543
48128,3,9,12,249351,249351
48150,7,2,9,176937,176937
48163,10,17,27,131727,131727
48164,5,4,9,170438,170438
48166,0,3,3,218095,218095
48170,6,7,13,168630,168630
48208,7,16,23,204010,204010
48226,40,40,80,58105,58105
48232,2,12,14,142438,142438
48233,24,22,46,195646,195646
48235,18,21,39,243330,243330
48238,3,4,7,156140,156140
48252,18,23,41,251419,251419
48267,14,32,46,191803,191803
48271,40,43,83,133998,133998
48277,69,61,130,141680,141680
48278,34,10,44,141036,141036
48281,19,32,51,142990,142990
48290,3,7,10,89928,89928
48299,7,19,26,257006,257006
48305,57,59,116,133842,133842
48314,30,3,33,154438,154438
48331,4,2,6,143587,143587
48344,8,0,8,21414,21414
48355,10,27,37,236843,236843
48373,1,28,29,131505,131505
48374,6,11,17,118182,118182
48376,4,40,44,141972,141972
48384,2,4,6,223444,223444
48385,3,4,7,110697,110697
48399,5,5,10,189250,189250
48408,0,2,2,235220,235220
48434,2,2,4,224767,224767
48438,6,24,30,151230,151230
48441,9,11,20,131509,131509
48450,7,27,34,209386,209386
48453,3,4,7,159100,159100
48455,3,4,7,162100,162100
48476,7,5,12,181598,181598
48485,3,12,15,161117,161117
48507,5,6,11,162957,162957
48523,18,20,38,93589,93589
48526,5,5,10,159350,159350
48535,1,4,5,114236,114236
48556,1,8,9,131526,131526
48566,1,8,9,249852,249852
48595,10,13,23,154831,154831
48617,1,1,2,159898,159898
48622,1,4,5,223133,223133
48646,2,5,7,249555,249555
48663,0,3,3,137196,137196
48681,33,47,80,133390,133390
48724,10,22,32,208088,208088
48743,6,3,9,207014,207014
48746,17,26,43,129307,129307
48761,6,2,8,121471,121471
48768,30,3,33,66439,66439
48779,4,14,18,153249,153249
48781,3,4,7,139854,139854
48787,4,19,23,245750,245750
48791,6,8,14,258178,258178
48807,1,5,6,251872,251872
48816,2,2,4,220528,220528
48823,16,45,61,189668,189668
48830,2,1,3,204876,204876
48840,2,0,2,208954,208954
48856,4,16,20,244809,244809
48906,0,5,5,177771,177771
48914,5,6,11,221059,221059
48917,1,0,1,227154,227154
48920,167,43,210,135736,135736
48925,6,6,12,241735,241735
48929,10,5,15,145969,145969
48937,10,5,15,243180,243180
48954,12,7,19,190880,190880
48955,11,26,37,245853,245853
48963,0,58,58,131691,131691
48977,24,7,31,149105,149105
48985,4,14,18,54992,54992
49006,3,5,8,237615,237615
49040,3,5,8,156944,156944
49041,4,7,11,144602,144602
49061,0,0,0,155182,155182
49074,5,10,15,216427,216427
49080,10,31,41,149995,149995
49082,31,50,81,128630,128630
49086,17,9,26,144131,144131
49087,6,14,20,203759,203759
49089,11,23,34,233680,233680
49090,35,7,42,142511,142511
49104,22,37,59,219146,219146
49108,45,49,94,224951,224951
49125,148,47,195,135222,135222
49126,11,28,39,230624,230624
49131,10,10,20,149740,149740
49135,1,2,3,237282,237282
49138,34,28,62,141977,141977
49141,25,15,40,237088,237088
49144,20,9,29,247169,247169
49146,3,2,5,153740,153740
49154,33,28,61,199794,199794
49157,8,9,17,192408,192408
49164,4,3,7,243188,243188
49167,10,11,21,216273,216273
49173,3,13,16,218378,218378
49174,0,8,8,190652,190652
49178,6,6,12,146624,146624
49179,118,68,186,107735,107735
49180,116,170,286,207114,207114
49184,28,41,69,71158,71158
49207,14,12,26,141561,141561
49209,14,25,39,223752,223752
49212,100,37,137,151239,151239
49217,6,10,16,67636,67636
49220,7,28,35,188943,188943
49222,6,7,13,243964,243964
49241,1,19,20,247389,247389
49243,0,0,0,179936,179936
49249,5,7,12,135098,135098
49254,3,10,13,171600,171600
49273,1,2,3,160767,160767
49292,1,2,3,219467,219467
49300,4,9,13,204968,204968
49324,5,13,18,227902,227902
49328,5,5,10,236584,236584
49334,17,8,25,158824,158824
49342,10,39,49,130246,130246
49351,34,72,106,250677,250677
49384,3,5,8,142555,142555
49402,10,21,31,194958,194958
49417,7,10,17,220530,220530
49419,9,7,16,188474,188474
49422,6,20,26,244638,244638
49490,5,21,26,163318,163318
49520,15,22,37,127245,127245
49534,0,2,2,99258,99258
49536,3,5,8,197824,197824
49553,2,3,5,152105,152105
49557,0,1,1,132735,132735
49572,0,9,9,200863,200863
49605,2,15,17,59149,59149
49610,29,27,56,206078,206078
49615,3,7,10,130755,130755
49620,11,4,15,229922,229922
49625,27,7,34,238055,238055
49637,3,13,16,146495,146495
49640,6,4,10,239578,239578
49659,0,9,9,219668,219668
49660,0,2,2,244597,244597
49661,2,3,5,146624,146624
49665,7,5,12,250568,250568
49668,3,5,8,231375,231375
49679,7,4,11,240232,240232
49706,0,1,1,249728,249728
49711,1,3,4,240602,240602
49717,10,13,23,240005,240005
49761,6,38,44,125480,125480
49803,4,12,16,89567,89567
49806,6,7,13,105297,105297
49825,8,5,13,106540,106540
49827,0,2,2,210156,210156
49831,27,24,51,140944,140944
49837,1,3,4,181175,181175
49841,0,0,0,61563,61563
49845,16,9,25,162127,162127
49854,0,4,4,223054,223054
49867,0,0,0,240671,240671
49877,0,5,5,149265,149265
49885,0,2,2,137141,137141
49906,0,1,1,221510,221510
49917,2,10,12,207723,207723
49947,4,7,11,158163,158163
49950,4,14,18,149378,149378
49957,0,5,5,203207,203207
49959,2,7,9,191288,191288
49960,16,15,31,243258,243258
50013,3,8,11,159040,159040
50030,2,9,11,249285,249285
50041,1,13,14,63890,63890
50042,2,9,11,191807,191807
50047,54,39,93,155888,155888
50051,6,5,11,258474,258474
50060,9,21,30,250051,250051
50091,1,1,2,185653,185653
50096,7,6,13,148228,148228
50103,25,56,81,235396,235396
50104,0,5,5,142897,142897
50112,3,8,11,96905,96905
50114,8,37,45,62095,62095
50115,1,6,7,195119,195119
50118,2,9,11,136896,136896
50119,3,4,7,223747,223747
50128,0,3,3,246387,246387
50151,13,35,48,156290,156290
50157,64,104,168,137423,137423
50169,0,4,4,244817,244817
50175,2,3,5,101317,101317
50186,1,1,2,146354,146354
50190,15,10,25,146892,146892
50196,99,6,105,176172,176172
50200,101,18,119,137357,137357
50207,3,15,18,242789,242789
50215,2,15,17,147638,147638
50216,31,52,83,161115,161115
50217,9,1,10,135809,135809
50218,72,72,144,44873,44873
50219,49,70,119,2624,2624
50221,136,82,218,228126,228126
50222,3,4,7,6296,6296
50226,3,8,11,188399,188399
50227,72,51,123,166448,166448
50229,19,29,48,214850,214850
50230,17,13,30,254502,254502
50231,15,17,32,6468,6468
50232,1,3,4,214386,214386
50233,15,22,37,253420,253420
50239,6,7,13,233717,233717
50241,30,102,132,79355,79355
50242,18,20,38,144071,144071
50244,15,28,43,152137,152137
50249,49,34,83,228405,228405
50250,31,57,88,93919,93919
50251,3,20,23,250537,250537
50260,5,6,11,257816,257816
50262,13,8,21,253846,253846
50265,57,74,131,151341,151341
50266,30,32,62,65454,65454
50268,5,9,14,216039,216039
50269,3,8,11,256127,256127
50270,28,38,66,244319,244319
50275,36,37,73,220942,220942
50276,37,49,86,234664,234664
50279,12,10,22,149182,149182
50282,75,20,95,197804,197804
50286,24,12,36,136022,136022
50295,10,21,31,5876,5876
50300,3,11,14,134162,134162
50301,4,5,9,258747,258747
50303,3,7,10,124297,124297
50304,3,6,9,252577,252577
50305,69,97,166,195157,195157
50309,5,11,16,147988,147988
50311,38,34,72,239141,239141
50314,21,15,36,153142,153142
50315,7,13,20,71499,71499
50319,12,15,27,73566,73566
50322,7,31,38,73143,73143
50325,159,130,289,250570,250570
50326,13,6,19,153156,153156
50330,54,34,88,251033,251033
50335,36,40,76,148048,148048
50337,7,10,17,184472,184472
50338,251,267,518,225504,225504
50339,1,4,5,209021,209021
50341,150,118,268,238790,238790
50346,8,12,20,127942,127942
50347,20,24,44,143276,143276
50348,26,23,49,253006,253006
50349,49,30,79,125860,125860
50350,90,37,127,165519,165519
50353,19,15,34,74542,74542
50354,1,9,10,131504,131504
50357,2,29,31,233861,233861
50391,0,1,1,249384,249384
50398,5,79,84,192909,192909
50401,63,76,139,201490,201490
50408,27,39,66,183977,183977
50421,10,21,31,194026,194026
50423,16,34,50,107815,107815
50434,37,6,43,60114,60114
50437,11,0,11,236597,236597
50449,6,2,8,237740,237740
50456,15,19,34,197616,197616
50460,10,12,22,228797,228797
50464,10,0,10,184410,184410
50469,5,2,7,95076,95076
50483,3,13,16,213276,213276
50493,2,2,4,192124,192124
50512,10,5,15,26514,26514
50523,3,4,7,139462,139462
50536,5,4,9,198551,198551
50559,2,1,3,110265,110265
50570,0,5,5,74629,74629
50586,3,16,19,252345,252345
50595,27,38,65,221237,221237
50597,6,18,24,232110,232110
50604,2,33,35,224423,224423
50607,6,22,28,241524,241524
50614,0,6,6,244546,244546
50620,41,99,140,137448,137448
50663,4,1,5,128382,128382
50682,5,4,9,142912,142912
50698,22,19,41,109834,109834
50718,1,3,4,221057,221057
50746,0,2,2,135299,135299
50748,2,8,10,147734,147734
50755,2,16,18,238347,238347
50763,7,27,34,136472,136472
50769,100,33,133,197878,197878
50796,19,20,39,120669,120669
50802,2,27,29,123696,123696
50804,1,13,14,153466,153466
50806,11,7,18,180557,180557
50811,0,3,3,135289,135289
50824,8,11,19,253845,253845
50827,1,2,3,176044,176044
50836,2,23,25,136854,136854
50854,17,4,21,161279,161279
50857,5,8,13,201317,201317
50862,2,3,5,83263,83263
50863,5,5,10,191955,191955
50882,30,22,52,154749,154749
50890,15,54,69,200130,200130
50897,13,17,30,153980,153980
50899,12,57,69,133659,133659
50901,4,27,31,154718,154718
50910,60,68,128,29209,29209
50920,16,9,25,218016,218016
50927,37,81,118,229326,229326
50930,43,94,137,111685,111685
50935,13,34,47,203636,203636
50937,16,29,45,251845,251845
50938,6,6,12,145519,145519
50940,68,105,173,144285,144285
50945,62,19,81,229767,229767
50948,44,58,102,157327,157327
50952,1,4,5,60852,60852
50954,7,1,8,218016,218016
50962,53,136,189,31608,31608
50976,18,33,51,250058,250058
50979,7,9,16,199573,199573
50998,1,3,4,205054,205054
51015,5,5,10,131632,131632
51021,12,11,23,140537,140537
51031,1,3,4,206880,206880
51037,0,0,0,181075,181075
51042,14,15,29,240213,240213
51071,22,36,58,73154,73154
51081,2,8,10,145197,145197
51084,0,6,6,189468,189468
51088,3,4,7,230989,230989
51100,0,0,0,150192,150192
51107,0,2,2,161012,161012
51112,29,55,84,138500,138500
51129,0,2,2,226511,226511
51152,22,6,28,160764,160764
51166,53,11,64,69883,69883
51168,10,12,22,246424,246424
51169,17,87,104,220828,220828
51175,21,16,37,199594,199594
51176,49,36,85,111215,111215
51177,70,56,126,46270,46270
51181,2,21,23,146384,146384
51230,5,8,13,158468,158468
51239,0,8,8,190924,190924
51241,31,51,82,47843,47843
51247,26,32,58,105768,105768
51259,8,7,15,138546,138546
51264,1,2,3,207883,207883
51274,0,13,13,148811,148811
51280,39,70,109,224863,224863
51285,91,133,224,189238,189238
51288,77,90,167,177109,177109
51292,44,49,93,96521,96521
51307,7,25,32,239301,239301
51309,16,13,29,251610,251610
51313,7,24,31,245116,245116
51316,1,14,15,139097,139097
51319,37,88,125,67971,67971
51320,29,40,69,186140,186140
51329,1,14,15,186298,186298
51332,107,32,139,239608,239608
51334,8,41,49,219889,219889
51335,17,26,43,232366,232366
51339,8,29,37,226521,226521
51364,71,91,162,154527,154527
51365,15,16,31,255447,255447
51367,66,76,142,189964,189964
51370,8,42,50,155096,155096
51373,40,60,100,90768,90768
51374,2,22,24,124460,124460
51377,53,61,114,173095,173095
51383,1,8,9,136849,136849
51385,6,15,21,151785,151785
51390,26,34,60,98695,98695
51400,58,81,139,182586,182586
51403,44,105,149,213378,213378
51423,1,2,3,160565,160565
51429,3,3,6,175887,175887
51430,5,8,13,149873,149873
51436,7,29,36,161432,161432
51441,5,7,12,225540,225540
51443,30,37,67,253108,253108
51445,8,4,12,145058,145058
51449,3,1,4,165047,165047
51453,2,19,21,204819,204819
51460,2,23,25,94460,94460
51472,27,47,74,135165,135165
51477,5,14,19,208329,208329
51486,8,6,14,162951,162951
51488,26,42,68,148667,148667
51501,4,6,10,206307,206307
51513,3,6,9,124049,124049
51518,12,13,25,208706,208706
51531,0,2,2,159340,159340
51542,4,6,10,134771,134771
51555,4,12,16,147258,147258
51557,1,3,4,140239,140239
51559,4,4,8,233103,233103
51561,1,1,2,177734,177734
51580,4,13,17,79451,79451
51599,1,0,1,242793,242793
51604,1,7,8,258123,258123
51607,1,2,3,142722,142722
51613,26,20,46,171214,171214
51631,6,19,25,187658,187658
51638,3,0,3,62040,62040
51640,209,0,209,154928,154928
51652,4,5,9,55003,55003
51658,3,7,10,208330,208330
51671,0,2,2,216952,216952
51682,4,13,17,71498,71498
51683,2,3,5,215410,215410
51684,5,7,12,245504,245504
51685,12,16,28,147698,147698
51695,18,10,28,224537,224537
51698,44,35,79,227542,227542
51702,3,12,15,73277,73277
51709,51,20,71,240085,240085
51712,7,8,15,226846,226846
51715,15,27,42,224449,224449
51726,3,6,9,218191,218191
51762,3,4,7,232048,232048
51800,3,11,14,192085,192085
51810,5,6,11,159907,159907
51811,4,8,12,151513,151513
51813,1,2,3,183744,183744
51814,2,3,5,244375,244375
51816,6,14,20,71412,71412
51849,110,2,112,235394,235394
51853,14,18,32,54809,54809
51856,9,30,39,48493,48493
51858,8,17,25,147349,147349
51873,7,5,12,149828,149828
51876,43,38,81,253882,253882
51877,23,12,35,179793,179793
51878,40,38,78,149219,149219
51885,23,66,89,176075,176075
51886,32,37,69,90269,90269
51887,40,58,98,130404,130404
51889,140,166,306,217393,217393
51893,3,25,28,185758,185758
51894,8,3,11,243198,243198
51897,2,3,5,240137,240137
51905,11,3,14,200607,200607
51907,0,2,2,176214,176214
51912,1,1,2,239034,239034
51914,2,5,7,147327,147327
51915,0,2,2,236405,236405
51927,0,2,2,237205,237205
51965,0,3,3,133948,133948
51980,7,9,16,213325,213325
51983,3,14,17,166651,166651
51989,11,12,23,188927,188927
51992,1,2,3,73147,73147
52013,1,3,4,63742,63742
52015,7,7,14,106935,106935
52058,0,24,24,149695,149695
52060,5,4,9,229914,229914
52077,1,4,5,192437,192437
52083,4,4,8,250984,250984
52086,1,1,2,242983,242983
52093,2,6,8,76106,76106
52103,1,8,9,102276,102276
52111,0,3,3,247676,247676
52122,24,6,30,248045,248045
52127,1,0,1,143026,143026
52141,0,1,1,147797,147797
52144,2,2,4,238438,238438
52150,25,81,106,219908,219908
52153,1,3,4,243658,243658
52156,5,16,21,112066,112066
52159,17,23,40,146561,146561
52164,10,14,24,190990,190990
52165,5,25,30,159777,159777
52166,5,13,18,154696,154696
52172,8,8,16,230165,230165
52184,2,5,7,246461,246461
52186,5,6,11,252219,252219
52195,8,22,30,257079,257079
52199,23,15,38,245921,245921
52204,29,13,42,194043,194043
52205,10,12,22,147277,147277
52210,5,7,12,72171,72171
52211,4,8,12,239723,239723
52215,4,3,7,194878,194878
52230,1,9,10,233808,233808
52244,2,12,14,257303,257303
52293,10,17,27,73254,73254
52297,23,34,57,160570,160570
52299,19,40,59,245992,245992
52308,11,14,25,177835,177835
52318,16,69,85,258786,258786
52321,5,8,13,152329,152329
52322,4,10,14,71249,71249
52324,2,19,21,233237,233237
52325,8,10,18,237339,237339
52326,16,19,35,246407,246407
52329,87,72,159,215705,215705
52333,3,10,13,192301,192301
52357,2,1,3,215470,215470
52361,1,4,5,73118,73118
52369,2,12,14,144500,144500
52387,13,8,21,250214,250214
52402,2,4,6,169844,169844
52413,29,3,32,228529,228529
52427,8,20,28,125235,125235
52430,3,3,6,217237,217237
52456,20,39,59,147877,147877
52463,2,5,7,246659,246659
52468,19,24,43,139808,139808
52472,22,60,82,148887,148887
52490,11,39,50,147307,147307
52541,0,1,1,118809,118809
52552,3,7,10,193579,193579
52650,2,3,5,246342,246342
52659,2,9,11,192334,192334
52678,1,1,2,238253,238253
52682,0,1,1,148223,148223
52694,4,4,8,155364,155364
52696,0,1,1,189381,189381
52700,2,1,3,127147,127147
52709,12,10,22,128010,128010
52711,2,10,12,135446,135446
52712,1,0,1,231262,231262
52730,3,3,6,59237,59237
52737,0,0,0,190514,190514
52745,0,1,1,165381,165381
52753,2,5,7,254216,254216
52761,9,77,86,143308,143308
52764,6,2,8,188494,188494
52765,0,2,2,232788,232788
52784,6,8,14,109269,109269
52852,0,3,3,125594,125594
52862,6,2,8,130140,130140
52882,40,34,74,244854,244854
52897,28,40,68,194638,194638
52902,7,15,22,133693,133693
52908,34,66,100,135263,135263
52909,28,33,61,220126,220126
52912,3,4,7,143310,143310
52919,17,20,37,206770,206770
52927,1,5,6,230773,230773
52936,22,32,54,15146,15146
52940,14,41,55,157568,157568
52941,4,10,14,137339,137339
52942,2,27,29,135179,135179
52944,0,8,8,57382,57382
52947,9,8,17,146466,146466
53007,6,13,19,230749,230749
53013,16,19,35,210566,210566
53025,0,2,2,179122,179122
53061,2,12,14,140033,140033
53066,4,3,7,179627,179627
53100,0,2,2,79016,79016
53103,1,1,2,132720,132720
53117,4,4,8,148297,148297
53133,0,0,0,224470,224470
53144,0,2,2,65156,65156
53163,4,8,12,231928,231928
53174,2,10,12,150454,150454
53183,0,1,1,182753,182753
53189,3,4,7,73552,73552
53213,4,19,23,146488,146488
53223,0,2,2,214866,214866
53228,6,13,19,197761,197761
53243,2,17,19,71449,71449
53247,56,59,115,159742,159742
53257,10,28,38,158687,158687
53273,2,12,14,149926,149926
53279,2,10,12,147719,147719
53281,0,10,10,71522,71522
53285,12,16,28,147382,147382
53286,28,17,45,148968,148968
53302,2,35,37,74245,74245
53317,10,14,24,193564,193564
53329,42,30,72,226138,226138
53331,22,14,36,220167,220167
53347,7,8,15,228701,228701
53366,0,4,4,152997,152997
53383,17,18,35,153079,153079
53384,2,10,12,199622,199622
53388,6,10,16,210152,210152
53393,6,2,8,60943,60943
53394,3,6,9,204306,204306
53421,9,10,19,196642,196642
53433,0,0,0,247555,247555
53435,3,9,12,146737,146737
53467,5,18,23,231415,231415
53478,5,11,16,73427,73427
53491,2,4,6,244415,244415
53506,2,5,7,136128,136128
53508,8,24,32,131375,131375
53517,1,3,4,136819,136819
53534,2,2,4,222037,222037
53570,0,3,3,238698,238698
53575,23,44,67,64687,64687
53606,11,36,47,228652,228652
53613,19,20,39,71272,71272
53635,21,14,35,225494,225494
53637,7,7,14,147763,147763
53645,5,9,14,133747,133747
53659,33,26,59,243078,243078
53667,2,11,13,161352,161352
53672,1,6,7,233093,233093
53676,8,0,8,230771,230771
53707,3,4,7,138459,138459
53718,12,10,22,67394,67394
53755,18,25,43,115056,115056
53775,3,2,5,157564,157564
53787,13,11,24,67398,67398
53800,29,25,54,67563,67563
53810,17,19,36,68000,68000
53811,16,34,50,116085,116085
53816,19,8,27,233315,233315
53819,8,8,16,68413,68413
53822,20,17,37,156679,156679
53825,4,8,12,243048,243048
53854,14,16,30,232990,232990
53859,19,26,45,67864,67864
53865,24,11,35,216511,216511
53902,7,9,16,152059,152059
53908,3,0,3,230719,230719
53920,37,6,43,142886,142886
53921,24,3,27,169090,169090
53930,104,77,181,105907,105907
53932,2,5,7,248108,248108
53936,11,18,29,127455,127455
53940,50,102,152,187122,187122
53944,10,53,63,149067,149067
53950,87,27,114,129294,129294
53958,15,11,26,224805,224805
53962,4,9,13,160633,160633
53964,22,5,27,141930,141930
53966,22,31,53,148945,148945
53967,132,34,166,22158,22158
53968,11,29,40,192607,192607
53972,0,18,18,202442,202442
53976,8,1,9,187601,187601
54003,1,3,4,220406,220406
54009,4,3,7,200926,200926
54024,25,1,26,236204,236204
54028,3,5,8,72357,72357
54029,10,24,34,153339,153339
54047,0,0,0,156160,156160
54048,6,25,31,251548,251548
54054,1,1,2,230897,230897
54060,19,35,54,143721,143721
54064,32,76,108,258556,258556
54066,50,56,106,121371,121371
54078,0,0,0,238106,238106
54084,6,10,16,226767,226767
54098,1,1,2,173129,173129
54103,2,5,7,215108,215108
54117,2,7,9,256578,256578
54122,12,9,21,248971,248971
54135,5,35,40,246515,246515
54139,0,4,4,234238,234238
54166,0,2,2,256839,256839
54182,4,2,6,229398,229398
54191,1,5,6,146181,146181
54202,77,33,110,244346,244346
54213,10,24,34,198723,198723
54215,114,14,128,222945,222945
54218,55,23,78,130153,130153
54221,13,0,13,222414,222414
54222,152,20,172,171397,171397
54224,40,14,54,162310,162310
54239,0,2,2,234185,234185
54242,0,0,0,172401,172401
54255,5,7,12,248033,248033
54258,85,28,113,141197,141197
54263,9,8,17,178018,178018
54272,8,15,23,135994,135994
54275,71,65,136,218153,218153
54277,17,7,24,229054,229054
54286,19,12,31,152022,152022
54288,9,23,32,137634,137634
54289,0,2,2,101849,101849
54292,38,19,57,143336,143336
54300,0,1,1,144968,144968
54301,4,0,4,113095,113095
54303,15,11,26,131757,131757
54305,34,32,66,215933,215933
54312,0,11,11,68406,68406
54319,26,24,50,148863,148863
54343,4,5,9,136116,136116
54344,29,23,52,147047,147047
54352,7,11,18,151280,151280
54365,13,14,27,158458,158458
54367,18,21,39,150758,150758
54371,7,6,13,147143,147143
54374,2,5,7,230811,230811
54375,195,51,246,226860,226860
54378,7,10,17,191067,191067
54379,4,13,17,248158,248158
54380,13,18,31,197332,197332
54406,3,12,15,175326,175326
54408,0,13,13,131804,131804
54410,1,2,3,207968,207968
54413,3,3,6,166360,166360
54424,3,1,4,232622,232622
54440,2,11,13,225778,225778
54442,1,7,8,221043,221043
54446,4,2,6,158676,158676
54451,7,1,8,157134,157134
54488,31,22,53,197534,197534
54495,11,12,23,225133,225133
54496,16,22,38,214249,214249
54516,11,33,44,225070,225070
54529,6,12,18,242650,242650
54544,0,2,2,191592,191592
54545,1,7,8,215947,215947
54558,6,17,23,192270,192270
54572,0,4,4,205053,205053
54582,0,2,2,147586,147586
54584,3,9,12,150787,150787
54589,1,15,16,259190,259190
54608,1,0,1,219936,219936
54610,1,0,1,221227,221227
54626,4,3,7,187474,187474
54636,0,0,0,228689,228689
54647,5,6,11,246636,246636
54656,2,16,18,70161,70161
54663,1,1,2,167163,167163
54685,1,1,2,176871,176871
54698,0,11,11,221099,221099
54700,7,7,14,253104,253104
54720,0,0,0,185674,185674
54730,1,1,2,175508,175508
54735,1,6,7,142694,142694
54738,0,7,7,55560,55560
54741,0,4,4,225282,225282
54755,11,50,61,43653,43653
54758,10,30,40,195197,195197
54772,0,1,1,205265,205265
54780,1,4,5,232678,232678
54784,3,6,9,202566,202566
54791,12,28,40,237150,237150
54820,11,17,28,221743,221743
54828,54,55,109,213333,213333
54832,15,5,20,241184,241184
54845,3,3,6,229388,229388
54855,8,2,10,132494,132494
54872,7,35,42,174845,174845
54873,4,11,15,9056,9056
54881,1,1,2,243385,243385
54905,3,4,7,220119,220119
54907,0,0,0,224085,224085
54912,30,26,56,221359,221359
54913,4,1,5,232755,232755
54917,111,93,204,216397,216397
54921,14,30,44,126026,126026
54938,4,6,10,169477,169477
54945,0,2,2,108253,108253
54967,5,4,9,160657,160657
54984,4,9,13,238907,238907
54987,4,22,26,150606,150606
54992,7,14,21,138310,138310
54996,4,9,13,240508,240508
54999,1,3,4,130779,130779
55007,2,2,4,134501,134501
55021,2,6,8,108363,108363
55030,10,4,14,104341,104341
55037,6,0,6,188886,188886
55038,1,2,3,87552,87552
55046,3,3,6,207385,207385
55047,2,4,6,221515,221515
55052,2,7,9,131955,131955
55064,0,0,0,153873,153873
55087,1,8,9,206499,206499
55104,0,1,1,178278,178278
55126,5,22,27,116496,116496
55127,0,1,1,116556,116556
55158,3,6,9,250118,250118
55170,1,2,3,206469,206469
55193,5,3,8,247372,247372
55195,6,12,18,246955,246955
55201,7,7,14,155845,155845
55222,0,1,1,143145,143145
55226,9,18,27,130136,130136
55232,2,20,22,147938,147938
55248,14,46,60,214926,214926
55256,18,16,34,258077,258077
55262,2,1,3,183214,183214
55270,1,0,1,220765,220765
55271,15,8,23,232150,232150
55283,0,34,34,132171,132171
55393,1,8,9,222446,222446
55418,0,4,4,248159,248159
55460,10,14,24,208418,208418
55463,21,7,28,205544,205544
55464,6,8,14,207265,207265
55467,4,5,9,207079,207079
55480,4,3,7,221088,221088
55488,0,1,1,160101,160101
55495,30,8,38,246152,246152
55526,47,31,78,139417,139417
55530,21,25,46,239305,239305
55537,2,6,8,97998,97998
55538,17,13,30,196075,196075
55539,69,35,104,140233,140233
55540,6,3,9,216962,216962
55564,1,3,4,255761,255761
55567,13,9,22,220999,220999
55578,1,6,7,192817,192817
55580,1,6,7,226512,226512
55627,5,9,14,213524,213524
55628,2,4,6,222026,222026
55632,4,1,5,255211,255211
55634,4,9,13,150821,150821
55651,0,5,5,157584,157584
55660,36,11,47,139959,139959
55664,21,24,45,160655,160655
55668,6,7,13,247750,247750
55669,0,2,2,237269,237269
55700,0,5,5,189047,189047
55733,1,3,4,128373,128373
55745,0,4,4,227769,227769
55761,11,24,35,210870,210870
55783,3,4,7,162903,162903
55799,0,9,9,233615,233615
55805,6,3,9,189505,189505
55807,1,4,5,58370,58370
55825,0,1,1,256430,256430
55852,0,1,1,231925,231925
55853,0,6,6,156278,156278
55857,17,2,19,220146,220146
55861,1,5,6,259035,259035
55862,1,5,6,242048,242048
55874,1,2,3,134348,134348
55882,0,0,0,226233,226233
55884,0,0,0,219992,219992
55889,0,0,0,176773,176773
55902,5,4,9,150676,150676
55906,6,6,12,131690,131690
55921,1,5,6,92707,92707
55926,2,3,5,229895,229895
55938,4,12,16,162699,162699
55939,3,10,13,130554,130554
55950,13,15,28,235918,235918
55951,177,20,197,243272,243272
55955,111,13,124,211590,211590
55958,21,18,39,235613,235613
55965,134,35,169,199536,199536
55967,2,7,9,230405,230405
55975,3,5,8,141243,141243
55976,9,16,25,74187,74187
55983,3,5,8,126617,126617
55991,3,4,7,111505,111505
56022,76,42,118,105154,105154
56030,6,14,20,194530,194530
56037,1,1,2,155012,155012
56058,13,0,13,192652,192652
56067,5,3,8,147259,147259
56085,12,20,32,146496,146496
56132,0,7,7,55644,55644
56167,1,10,11,231488,231488
56203,3,3,6,169253,169253
56216,1,1,2,150789,150789
56222,41,66,107,231366,231366
56259,0,4,4,161681,161681
56271,7,7,14,146589,146589
56274,0,2,2,244094,244094
56282,10,11,21,206055,206055
56292,10,13,23,237852,237852
56303,24,68,92,106007,106007
56313,0,2,2,192923,192923
56315,2,0,2,152363,152363
56327,3,7,10,168858,168858
56332,0,5,5,243108,243108
56333,29,58,87,126566,126566
56341,3,2,5,231888,231888
56352,12,40,52,141071,141071
56353,10,24,34,154545,154545
56357,20,40,60,140956,140956
56361,3,3,6,135093,135093
56381,73,3,76,190238,190238
56386,4,14,18,246526,246526
56422,3,6,9,258921,258921
56425,10,26,36,214569,214569
56426,161,38,199,34824,34824
56430,6,9,15,211990,211990
56444,6,7,13,202651,202651
56488,5,23,28,145768,145768
56501,1,15,16,215288,215288
56511,4,17,21,142371,142371
56534,2,6,8,210205,210205
56536,5,8,13,83350,83350
56538,13,27,40,240424,240424
56543,5,14,19,71449,71449
56546,1,8,9,134616,134616
56547,0,3,3,163970,163970
56563,3,6,9,128796,128796
56571,9,27,36,249715,249715
56602,2,16,18,228839,228839
56605,0,1,1,205047,205047
56608,7,32,39,149186,149186
56611,0,24,24,199665,199665
56625,2,7,9,197502,197502
56667,0,7,7,203501,203501
56674,0,3,3,227078,227078
56675,6,13,19,150782,150782
56696,0,0,0,166895,166895
56699,4,4,8,155726,155726
56702,3,3,6,156660,156660
56714,10,30,40,201529,201529
56731,11,14,25,146888,146888
56733,59,83,142,136839,136839
56746,6,0,6,243805,243805
56747,7,22,29,146498,146498
56754,23,12,35,191630,191630
56757,26,22,48,129378,129378
56766,8,3,11,202298,202298
56773,6,13,19,248922,248922
56819,4,6,10,244566,244566
56829,1,8,9,234576,234576
56832,9,14,23,245935,245935
56858,0,4,4,244613,244613
56869,2,10,12,95682,95682
56871,2,21,23,206933,206933
56873,2,0,2,95641,95641
56875,1,5,6,203030,203030
56881,8,5,13,138007,138007
56900,0,0,0,226234,226234
56903,8,16,24,55678,55678
56929,0,3,3,129561,129561
56935,3,2,5,242214,242214
56939,7,4,11,165827,165827
56948,15,7,22,225931,225931
56952,4,1,5,161510,161510
56953,3,2,5,146076,146076
56956,17,70,87,190617,190617
56965,10,12,22,231483,231483
56968,100,69,169,131795,131795
56980,3,10,13,139365,139365
57003,11,24,35,176054,176054
57008,8,24,32,255049,255049
57015,1,2,3,234249,234249
57019,7,3,10,135909,135909
57034,0,2,2,225063,225063
57045,13,19,32,147426,147426
57057,1,2,3,233152,233152
57064,11,7,18,150054,150054
57065,4,9,13,211982,211982
57071,16,35,51,146160,146160
57087,5,6,11,113122,113122
57103,1,5,6,160181,160181
57104,0,7,7,164062,164062
57105,72,67,139,150373,150373
57114,68,15,83,42677,42677
57118,4,14,18,112554,112554
57129,28,34,62,194097,194097
57136,5,11,16,146605,146605
57174,3,15,18,209499,209499
57181,6,5,11,196799,196799
57182,7,12,19,193637,193637
57222,0,2,2,238896,238896
57229,86,43,129,193733,193733
57245,3,4,7,248927,248927
57253,6,10,16,243832,243832
57254,16,24,40,73074,73074
57256,3,4,7,151685,151685
57265,13,10,23,195847,195847
57277,46,17,63,107331,107331
57279,20,18,38,209443,209443
57289,45,26,71,238089,238089
57292,0,4,4,142270,142270
57337,2,7,9,252750,252750
57346,2,8,10,218176,218176
57367,3,26,29,82526,82526
57371,16,27,43,230020,230020
57373,4,25,29,158665,158665
57377,1,1,2,211537,211537
57382,5,7,12,249896,249896
57384,12,11,23,249641,249641
57395,15,26,41,146910,146910
57413,1,16,17,192140,192140
57418,10,22,32,146942,146942
57421,12,23,35,156747,156747
57427,1,3,4,157175,157175
57429,23,9,32,199087,199087
57434,11,9,20,77328,77328
57435,39,57,96,169495,169495
57442,7,26,33,219514,219514
57447,1,8,9,146190,146190
57453,7,5,12,152626,152626
57454,3,11,14,205183,205183
57458,6,11,17,154578,154578
57460,6,12,18,225560,225560
57464,38,39,77,212260,212260
57468,21,17,38,210771,210771
57473,3,10,13,71319,71319
57504,0,2,2,147612,147612
57518,22,19,41,146794,146794
57525,18,41,59,112447,112447
57533,33,11,44,231763,231763
57541,2,6,8,187236,187236
57546,2,3,5,207473,207473
57548,0,1,1,235681,235681
57554,3,1,4,243879,243879
57556,13,14,27,125497,125497
57560,6,14,20,229071,229071
57562,8,1,9,204130,204130
57577,6,15,21,211487,211487
57586,3,11,14,238401,238401
57612,0,1,1,237738,237738
57623,10,18,28,35185,35185
57648,35,61,96,54945,54945
57654,3,19,22,130040,130040
57655,1,2,3,156863,156863
57656,1,6,7,225992,225992
57668,2,17,19,183151,183151
57670,1,5,6,197053,197053
57688,84,46,130,147893,147893
57706,13,7,20,231184,231184
57709,2,3,5,142610,142610
57712,1,3,4,195866,195866
57721,4,5,9,59315,59315
57729,4,8,12,195370,195370
57731,10,14,24,146306,146306
57747,2,8,10,160817,160817
57748,2,4,6,134875,134875
57766,13,21,34,192792,192792
57769,20,21,41,151275,151275
57790,1,4,5,163200,163200
57801,7,10,17,245507,245507
57810,12,46,58,229225,229225
57812,6,16,22,241664,241664
57830,4,11,15,229363,229363
57831,2,7,9,204005,204005
57885,0,1,1,131336,131336
57917,26,20,46,213200,213200
57942,26,66,92,134183,134183
57959,6,16,22,219778,219778
57963,8,6,14,145017,145017
57965,8,5,13,230656,230656
57967,53,42,95,198608,198608
57974,4,13,17,148090,148090
57977,33,55,88,71496,71496
57982,1,3,4,157510,157510
57984,1,9,10,146446,146446
57992,2,3,5,214694,214694
57993,16,20,36,71580,71580
58011,12,9,21,146782,146782
58021,11,7,18,246553,246553
58033,4,11,15,241862,241862
58042,4,7,11,229302,229302
58048,60,65,125,147141,147141
58052,6,4,10,215987,215987
58062,2,5,7,152592,152592
58068,41,62,103,147166,147166
58074,42,31,73,110330,110330
58075,9,14,23,152818,152818
58083,2,3,5,146940,146940
58084,0,4,4,245465,245465
58095,11,26,37,146728,146728
58105,2,4,6,218659,218659
58114,33,125,158,148441,148441
58124,6,43,49,210952,210952
58141,12,16,28,202148,202148
58145,9,18,27,221530,221530
58147,0,3,3,240913,240913
58164,19,18,37,225677,225677
58172,0,7,7,242113,242113
58179,10,10,20,147351,147351
58183,34,25,59,227372,227372
58188,3,31,34,127309,127309
58208,11,20,31,227703,227703
58212,30,0,30,143210,143210
58216,0,0,0,230973,230973
58238,6,8,14,254528,254528
58239,19,31,50,250481,250481
58264,18,44,62,147380,147380
58272,0,1,1,247492,247492
58275,20,38,58,240936,240936
58283,26,47,73,147708,147708
58294,39,0,39,29802,29802
58297,6,45,51,126930,126930
58299,15,110,125,131035,131035
58306,1,15,16,257258,257258
58323,5,12,17,162413,162413
58324,2,6,8,239433,239433
58329,6,9,15,179378,179378
58330,4,8,12,227265,227265
58334,5,12,17,142329,142329
58344,1,1,2,172214,172214
58350,1,3,4,221611,221611
58353,3,9,12,90294,90294
58375,10,14,24,233220,233220
58377,1,1,2,130830,130830
58447,1,1,2,178964,178964
58448,1,1,2,209403,209403
58449,1,6,7,228814,228814
58452,6,4,10,236323,236323
58486,5,2,7,211342,211342
58488,5,1,6,57481,57481
58491,3,4,7,196429,196429
58514,41,23,64,157170,157170
58524,1,0,1,130187,130187
58529,1,1,2,154032,154032
58534,21,6,27,236034,236034
58547,9,8,17,147491,147491
58548,11,22,33,193095,193095
58551,8,12,20,216776,216776
58559,8,9,17,250838,250838
58561,0,2,2,254412,254412
58574,58,4,62,250281,250281
58578,1,8,9,136361,136361
58608,5,14,19,202967,202967
58640,33,4,37,252614,252614
58651,0,7,7,155270,155270
58667,2,1,3,231655,231655
58668,2,29,31,224672,224672
58670,1,9,10,222607,222607
58672,13,15,28,146350,146350
58686,10,34,44,227521,227521
58693,1,0,1,134216,134216
58711,0,1,1,75635,75635
58718,0,1,1,144916,144916
58737,6,13,19,159352,159352
58766,3,4,7,160923,160923
58769,3,20,23,59021,59021
58770,7,4,11,186562,186562
58774,0,1,1,155551,155551
58840,2,7,9,195876,195876
58847,2,4,6,238225,238225
58870,2,4,6,71426,71426
58874,4,2,6,134121,134121
58891,2,2,4,126507,126507
58898,5,9,14,172552,172552
58909,0,5,5,197264,197264
58912,4,16,20,209802,209802
58926,1,3,4,197095,197095
58928,4,9,13,197721,197721
58933,2,26,28,200532,200532
58939,10,36,46,71153,71153
58950,5,7,12,225641,225641
58990,2,19,21,78308,78308
58994,4,29,33,39140,39140
58999,37,11,48,210164,210164
59000,115,142,257,33971,33971
59005,2,9,11,205060,205060
59012,96,95,191,158932,158932
59026,99,108,207,152018,152018
59027,99,56,155,151951,151951
59029,10,24,34,212957,212957
59042,3,6,9,196990,196990
59048,0,8,8,202799,202799
59072,3,1,4,54905,54905
59074,1,9,10,196397,196397
59075,4,12,16,150738,150738
59109,0,3,3,193020,193020
59134,7,7,14,213879,213879
59136,15,22,37,160944,160944
59173,9,19,28,42935,42935
59175,1,5,6,247697,247697
59177,17,39,56,111626,111626
59194,10,22,32,145542,145542
59195,37,5,42,138054,138054
59224,0,3,3,207972,207972
59231,89,9,98,215416,215416
59234,32,33,65,148248,148248
59261,1,2,3,141416,141416
59294,4,8,12,240465,240465
59296,1,9,10,225913,225913
59301,9,34,43,241615,241615
59303,6,10,16,238429,238429
59312,3,5,8,149028,149028
59314,2,1,3,147238,147238
59316,12,55,67,192262,192262
59325,11,4,15,220484,220484
59327,13,6,19,164927,164927
59329,8,8,16,214223,214223
59332,13,22,35,237079,237079
59334,4,7,11,139464,139464
59335,9,16,25,184301,184301
59336,9,4,13,201563,201563
59341,6,1,7,228879,228879
59343,18,26,44,7929,7929
59356,10,10,20,71342,71342
59361,7,10,17,146155,146155
59383,14,13,27,152517,152517
59385,8,2,10,201124,201124
59405,43,55,98,221975,221975
59424,22,87,109,144163,144163
59432,1,2,3,234284,234284
59437,1,1,2,135208,135208
59457,0,0,0,241848,241848
59476,9,19,28,257733,257733
59478,1,0,1,161875,161875
59482,1,13,14,149175,149175
59484,1,0,1,227532,227532
59499,1,2,3,128935,128935
59501,8,21,29,194396,194396
59515,7,6,13,172519,172519
59549,2,7,9,77135,77135
59602,2,8,10,77473,77473
59612,1,5,6,157837,157837
59654,37,7,44,237540,237540
59657,4,19,23,233732,233732
59715,1,0,1,138321,138321
59733,18,8,26,151673,151673
59757,3,14,17,226275,226275
59767,0,1,1,157702,157702
59780,1,4,5,184696,184696
59784,27,37,64,240458,240458
59785,13,23,36,248563,248563
59806,6,7,13,212943,212943
59817,30,28,58,192792,192792
59818,3,3,6,120609,120609
59847,0,2,2,224213,224213
59870,4,5,9,197785,197785
59872,11,11,22,236526,236526
59882,0,10,10,238635,238635
59893,143,45,188,198007,198007
59894,2,1,3,199694,199694
59896,55,50,105,140203,140203
59901,91,72,163,195389,195389
59902,70,56,126,229399,229399
59905,2,85,87,127674,127674
59908,13,23,36,214152,214152
59909,3,37,40,144773,144773
59917,24,48,72,152652,152652
59925,2,35,37,235563,235563
59926,10,7,17,153535,153535
59942,0,2,2,239051,239051
59945,320,40,360,196864,196864
59958,70,50,120,204641,204641
59960,7,9,16,236212,236212
59977,162,21,183,221082,221082
59992,2,4,6,233964,233964
59993,6,28,34,153962,153962
59998,16,23,39,240255,240255
60003,3,9,12,158889,158889
60007,17,59,76,187416,187416
60017,5,5,10,223002,223002
60020,19,16,35,247895,247895
60021,144,15,159,166404,166404
60029,1,9,10,192460,192460
60035,104,71,175,146193,146193
60049,27,71,98,38712,38712
60059,1,12,13,147188,147188
60066,26,42,68,229976,229976
60070,3,11,14,213188,213188
60077,4,17,21,244852,244852
60080,2,1,3,240241,240241
60145,2,5,7,236239,236239
60167,10,34,44,146857,146857
60174,5,7,12,179047,179047
60180,1,2,3,156350,156350
60201,1,2,3,50233,50233
60219,5,7,12,242979,242979
60228,1,6,7,239676,239676
60234,4,7,11,219279,219279
60242,1,1,2,241206,241206
60245,7,4,11,118711,118711
60291,1,10,11,142628,142628
60294,0,1,1,240225,240225
60297,1,4,5,236376,236376
60323,1,1,2,226125,226125
60334,2,7,9,235340,235340
60347,2,7,9,141937,141937
60349,37,67,104,184476,184476
60353,32,47,79,250831,250831
60366,5,25,30,204556,204556
60367,1,9,10,146779,146779
60372,1,4,5,206742,206742
60374,1,3,4,229380,229380
60386,21,10,31,129804,129804
60395,14,20,34,147124,147124
60402,1,3,4,205748,205748
60406,15,8,23,156850,156850
60407,2,13,15,239893,239893
60422,0,6,6,209156,209156
60432,5,10,15,232637,232637
60448,11,15,26,233080,233080
60450,14,16,30,204705,204705
60453,28,8,36,159529,159529
60454,28,33,61,198977,198977
60465,37,14,51,158341,158341
60466,10,16,26,157560,157560
60469,32,7,39,150608,150608
60479,0,6,6,217780,217780
60484,2,0,2,226852,226852
60492,6,14,20,208430,208430
60504,1,2,3,229789,229789
60552,3,15,18,222063,222063
60555,3,14,17,152048,152048
60562,4,16,20,234354,234354
60587,7,17,24,59763,59763
60589,0,0,0,257252,257252
60600,3,1,4,188990,188990
60605,4,4,8,234933,234933
60607,0,5,5,194599,194599
60631,0,2,2,159283,159283
60652,0,1,1,221875,221875
60662,4,10,14,168352,168352
60664,0,0,0,206368,206368
60677,1,8,9,224114,224114
60684,3,22,25,221373,221373
60686,86,34,120,158795,158795
60739,26,11,37,136913,136913
60757,12,29,41,231398,231398
60785,0,1,1,112243,112243
60835,5,17,22,130855,130855
60841,2,1,3,192864,192864
60845,13,17,30,45866,45866
60848,90,28,118,234157,234157
60857,15,19,34,56225,56225
60867,2,5,7,156186,156186
60868,0,8,8,251066,251066
60876,9,5,14,138536,138536
60892,0,3,3,255617,255617
60903,0,8,8,229752,229752
60920,1,2,3,143574,143574
60941,6,3,9,193292,193292
60954,3,7,10,148929,148929
60957,3,6,9,138023,138023
60966,0,1,1,165687,165687
60994,52,19,71,241149,241149
61002,1,2,3,104273,104273
61005,22,16,38,120284,120284
61012,7,7,14,117749,117749
61013,2,2,4,148779,148779
61014,5,12,17,239058,239058
61029,0,4,4,147875,147875
61032,19,35,54,195689,195689
61048,8,31,39,191928,191928
61066,2,30,32,245264,245264
61075,9,82,91,168477,168477
61093,2,2,4,193442,193442
61109,1,3,4,238912,238912
61118,25,31,56,196458,196458
61123,10,13,23,225146,225146
61125,5,7,12,211117,211117
61126,1,5,6,229021,229021
61130,19,25,44,196872,196872
61133,4,6,10,148215,148215
61138,43,21,64,147437,147437
61142,7,12,19,27930,27930
61152,6,2,8,199848,199848
61191,1,20,21,209141,209141
61193,2,2,4,129253,129253
61207,10,8,18,196923,196923
61217,3,6,9,224863,224863
61235,35,17,52,202369,202369
61271,6,23,29,141435,141435
61293,7,10,17,75125,75125
61302,2,4,6,117060,117060
61322,5,5,10,137977,137977
61332,2,5,7,155638,155638
61338,2,12,14,245306,245306
61395,3,6,9,144518,144518
61406,8,15,23,211682,211682
61422,0,1,1,138681,138681
61437,0,1,1,234975,234975
61468,1,3,4,195824,195824
61472,2,3,5,234035,234035
61479,10,2,12,215427,215427
61481,1,6,7,155983,155983
61487,9,9,18,242091,242091
61499,24,5,29,242157,242157
61502,7,7,14,201982,201982
61508,24,51,75,152335,152335
61521,10,17,27,154526,154526
61524,6,7,13,152083,152083
61527,5,11,16,196170,196170
61536,1,3,4,155913,155913
61544,8,15,23,124321,124321
61545,1,1,2,149290,149290
61548,1,10,11,165066,165066
61552,1,2,3,248634,248634
61565,1,11,12,185729,185729
61574,9,17,26,199572,199572
61581,0,12,12,248049,248049
61592,0,1,1,226105,226105
61596,3,4,7,141606,141606
61624,5,6,11,180446,180446
61655,2,6,8,224475,224475
61657,9,3,12,170574,170574
61672,6,5,11,180471,180471
61685,6,2,8,256701,256701
61687,0,3,3,77106,77106
61698,9,31,40,149059,149059
61705,1,1,2,109812,109812
61708,2,9,11,246077,246077
61728,1,5,6,218944,218944
61732,8,4,12,59667,59667
61740,3,20,23,73351,73351
61742,0,1,1,75573,75573
61753,15,20,35,122821,122821
61763,1,12,13,224594,224594
61786,1,6,7,144287,144287
61813,12,15,27,235912,235912
61816,8,38,46,120348,120348
61817,4,2,6,147765,147765
61824,18,42,60,251048,251048
61832,1,8,9,241339,241339
61833,11,4,15,115972,115972
61856,17,19,36,133632,133632
61863,10,9,19,228585,228585
61873,32,28,60,192700,192700
61874,1,5,6,102149,102149
61876,4,4,8,146632,146632
61884,67,69,136,223292,223292
61891,15,37,52,241359,241359
61895,40,60,100,207986,207986
61900,12,38,50,248897,248897
61924,1,2,3,133745,133745
61944,13,8,21,257656,257656
61952,1,2,3,191643,191643
61975,15,33,48,237860,237860
61990,5,7,12,139773,139773
62001,14,24,38,73138,73138
62002,15,25,40,97401,97401
62013,2,8,10,137220,137220
62036,9,10,19,245334,245334
62042,9,3,12,215461,215461
62045,5,19,24,257832,257832
62061,3,0,3,174951,174951
62080,1,4,5,117819,117819
62086,13,9,22,12315,12315
62095,0,0,0,165381,165381
62104,1,1,2,151290,151290
62105,0,3,3,194281,194281
62107,6,9,15,133855,133855
62118,0,2,2,66255,66255
62130,6,5,11,138302,138302
62137,7,14,21,239064,239064
62160,8,25,33,236144,236144
62162,4,18,22,207953,207953
62164,12,13,25,219412,219412
62168,7,32,39,206933,206933
62170,4,34,38,239420,239420
62195,8,13,21,130538,130538
62213,1,2,3,251086,251086
62227,117,3,120,215607,215607
62235,2,2,4,228167,228167
62248,5,21,26,218862,218862
62279,2,3,5,210015,210015
62301,2,5,7,235464,235464
62322,3,2,5,200761,200761
62334,1,7,8,162990,162990
62346,0,7,7,246419,246419
62350,19,98,117,240780,240780
62353,25,27,52,64636,64636
62358,37,63,100,149582,149582
62391,11,36,47,144746,144746
62393,0,9,9,186406,186406
62404,2,4,6,244121,244121
62406,1,3,4,206299,206299
62439,14,21,35,106021,106021
62442,9,18,27,230550,230550
62445,1,5,6,161133,161133
62455,11,15,26,60245,60245
62457,15,32,47,207823,207823
62458,34,49,83,195981,195981
62464,5,23,28,223355,223355
62480,16,54,70,121110,121110
62530,3,5,8,157927,157927
62551,3,3,6,76588,76588
62564,2,5,7,72222,72222
62576,1,1,2,76884,76884
62593,0,2,2,132153,132153
62604,28,8,36,232244,232244
62618,4,3,7,156643,156643
62619,4,23,27,165128,165128
62627,6,6,12,162764,162764
62638,11,11,22,188591,188591
62647,0,4,4,234365,234365
62720,14,18,32,164336,164336
62733,3,26,29,157181,157181
62734,3,16,19,146939,146939
62736,0,6,6,242589,242589
62755,0,0,0,252654,252654
62774,1,1,2,236606,236606
62805,9,16,25,231366,231366
62809,4,15,19,89499,89499
62811,2,5,7,199932,199932
62812,5,5,10,244620,244620
62818,7,16,23,184267,184267
62827,2,2,4,241398,241398
62862,1,2,3,206026,206026
62863,1,3,4,202067,202067
62877,2,10,12,68067,68067
62883,0,30,30,70974,70974
62891,31,81,112,246792,246792
62906,61,56,117,156145,156145
62922,25,44,69,226511,226511
62965,2,37,39,197276,197276
62986,3,10,13,235630,235630
62995,0,6,6,253799,253799
63020,0,3,3,212305,212305
63038,5,5,10,123902,123902
63055,2,1,3,256374,256374
63058,28,44,72,216698,216698
63067,3,6,9,157755,157755
63070,3,9,12,70945,70945
63090,0,1,1,74029,74029
63091,0,1,1,177714,177714
63105,2,4,6,130871,130871
63112,11,7,18,255399,255399
63115,58,43,101,251515,251515
63120,3,2,5,220604,220604
63143,77,81,158,112375,112375
63144,17,4,21,21663,21663
63181,2,7,9,248714,248714
63185,1,5,6,235472,235472
63204,11,14,25,147951,147951
63206,9,7,16,147543,147543
63236,1,1,2,248018,248018
63247,0,13,13,153246,153246
63254,3,2,5,237801,237801
63259,19,41,60,212131,212131
63272,0,2,2,229641,229641
63279,7,1,8,66561,66561
63290,0,9,9,138134,138134
63312,0,2,2,245707,245707
63338,4,33,37,175785,175785
63344,5,13,18,155950,155950
63346,1,8,9,237552,237552
63360,1,9,10,108883,108883
63363,0,2,2,218405,218405
63365,2,3,5,80252,80252
63373,0,0,0,148837,148837
63386,9,8,17,71976,71976
63392,8,3,11,214776,214776
63401,1,7,8,242323,242323
63402,0,2,2,199818,199818
63406,0,1,1,56269,56269
63413,0,5,5,230779,230779
63427,2,0,2,188702,188702
63429,4,1,5,223571,223571
63445,0,5,5,193472,193472
63458,122,3,125,234863,234863
63462,3,4,7,223561,223561
63467,4,6,10,247612,247612
63476,7,24,31,246190,246190
63477,0,2,2,232143,232143
63480,2,7,9,73859,73859
63481,5,5,10,147522,147522
63483,0,3,3,65367,65367
63485,5,7,12,149657,149657
63486,5,2,7,76247,76247
63546,0,1,1,238862,238862
63592,10,19,29,153462,153462
63597,2,5,7,208175,208175
63598,7,9,16,131843,131843
63624,10,4,14,257728,257728
63641,2,10,12,257034,257034
63644,7,4,11,67890,67890
63652,1,0,1,171279,171279
63658,3,7,10,232671,232671
63677,1,3,4,129331,129331
63704,2,20,22,214595,214595
63708,7,11,18,160484,160484
63765,7,7,14,150955,150955
63772,1,28,29,245625,245625
63776,1,2,3,207237,207237
63777,3,6,9,147648,147648
63779,6,32,38,231363,231363
63785,1,2,3,247966,247966
63790,5,9,14,191736,191736
63793,81,29,110,195086,195086
63801,29,56,85,227178,227178
63802,5,57,62,240663,240663
63803,4,4,8,193374,193374
63806,8,13,21,221332,221332
63807,3,3,6,197856,197856
63808,53,76,129,147074,147074
63816,7,21,28,149892,149892
63817,4,8,12,133411,133411
63834,0,1,1,250834,250834
63839,10,16,26,30700,30700
63841,18,0,18,215883,215883
63870,0,0,0,205923,205923
63871,10,5,15,245006,245006
63874,0,1,1,122977,122977
63882,2,16,18,203722,203722
63890,1,0,1,221949,221949
63892,1,5,6,195674,195674
63893,1,0,1,204107,204107
63909,1,6,7,196613,196613
63930,24,66,90,126415,126415
63961,1,10,11,150070,150070
63962,1,36,37,242379,242379
63966,1,3,4,149438,149438
63983,29,58,87,128487,128487
63986,5,2,7,154287,154287
63991,1,1,2,242122,242122
64016,0,11,11,86553,86553
64045,0,17,17,223788,223788
64048,7,8,15,128693,128693
64049,6,5,11,150117,150117
64050,3,7,10,128312,128312
64065,3,6,9,87110,87110
64078,2,11,13,229515,229515
64084,5,10,15,135666,135666
64086,0,11,11,133596,133596
64113,2,8,10,164908,164908
64118,1,4,5,201806,201806
64159,14,31,45,243399,243399
64160,1,2,3,224722,224722
64175,3,2,5,224619,224619
64176,27,13,40,116118,116118
64180,3,19,22,165591,165591
64190,40,10,50,218729,218729
64228,4,15,19,247110,247110
64229,1,2,3,188724,188724
64239,4,16,20,203976,203976
64241,0,1,1,218620,218620
64257,2,3,5,72934,72934
64274,4,6,10,240632,240632
64327,4,6,10,73554,73554
64347,2,4,6,142483,142483
64352,2,8,10,238854,238854
64355,0,3,3,113028,113028
64362,1,16,17,180296,180296
64367,2,12,14,68004,68004
64375,3,21,24,4724,4724
64389,1,3,4,132916,132916
64395,0,3,3,197555,197555
64409,1,1,2,250906,250906
64412,4,39,43,153217,153217
64413,11,16,27,42198,42198
64442,44,6,50,191923,191923
64455,1,1,2,224907,224907
64466,0,4,4,211136,211136
64474,0,1,1,107265,107265
64484,78,106,184,195108,195108
64496,0,5,5,227596,227596
64511,0,2,2,240685,240685
64528,3,10,13,55585,55585
64553,0,3,3,242993,242993
64563,34,3,37,244982,244982
64585,8,11,19,209473,209473
64606,4,8,12,58286,58286
64613,4,18,22,109164,109164
64626,0,3,3,196007,196007
64627,2,2,4,147549,147549
64640,2,5,7,230821,230821
64641,0,3,3,235158,235158
64643,6,5,11,243445,243445
64652,10,25,35,231145,231145
64654,3,8,11,253352,253352
64660,1,3,4,232552,232552
64703,2,2,4,210816,210816
64709,1,2,3,238017,238017
64719,2,8,10,210141,210141
64723,2,14,16,73191,73191
64729,47,62,109,71247,71247
64733,1,3,4,133328,133328
64736,0,2,2,250318,250318
64745,11,6,17,213938,213938
64753,1,7,8,166031,166031
64767,10,13,23,137653,137653
64782,10,2,12,239470,239470
64793,0,3,3,201376,201376
64808,2,8,10,140076,140076
64833,3,14,17,154385,154385
64847,0,14,14,211811,211811
64860,0,0,0,140833,140833
64863,1,11,12,143976,143976
64867,7,9,16,140795,140795
64879,2,6,8,168629,168629
64885,32,35,67,233819,233819
64899,31,3,34,134336,134336
64901,27,17,44,235285,235285
64902,39,19,58,225159,225159
64911,140,193,333,17714,17714
64912,6,20,26,161594,161594
64929,24,42,66,251650,251650
64936,27,39,66,238125,238125
64950,10,12,22,170753,170753
64952,19,39,58,243751,243751
64960,9,10,19,215142,215142
64965,122,8,130,75569,75569
64967,12,16,28,134045,134045
64975,0,4,4,178345,178345
64982,2,5,7,227816,227816
64987,37,49,86,47784,47784
64992,91,95,186,221482,221482
64993,70,75,145,155270,155270
64994,22,32,54,120696,120696
64998,22,60,82,13421,13421
64999,52,12,64,208314,208314
65000,25,43,68,208194,208194
65003,33,40,73,205015,205015
65007,36,84,120,229689,229689
65010,9,22,31,244511,244511
65021,1,0,1,188665,188665
65032,14,18,32,68986,68986
65035,8,12,20,175844,175844
65053,6,18,24,243188,243188
65069,10,16,26,250899,250899
65080,1,7,8,235043,235043
65094,0,0,0,247748,247748
65100,12,22,34,181428,181428
65102,4,11,15,196286,196286
65106,2,5,7,67319,67319
65116,0,7,7,251490,251490
65122,0,0,0,167859,167859
65150,6,14,20,146399,146399
65151,21,105,126,194421,194421
65156,20,43,63,146862,146862
65159,5,19,24,76505,76505
65172,14,2,16,232493,232493
65187,15,10,25,61591,61591
65189,4,1,5,237344,237344
65210,10,50,60,238408,238408
65216,17,59,76,154138,154138
65219,24,21,45,147011,147011
65223,10,16,26,76011,76011
65224,42,56,98,153713,153713
65225,1,10,11,204056,204056
65230,3,15,18,198055,198055
65243,13,45,58,229412,229412
65253,7,11,18,71175,71175
65254,18,52,70,149503,149503
65255,20,71,91,185588,185588
65256,31,58,89,147178,147178
65261,2,23,25,230841,230841
65276,3,4,7,209378,209378
65305,8,17,25,165246,165246
65309,2,6,8,161589,161589
65312,1,1,2,112865,112865
65317,0,2,2,118049,118049
65327,1,4,5,243451,243451
65343,0,7,7,153897,153897
65349,0,4,4,257607,257607
65375,5,1,6,172297,172297
65396,16,11,27,245002,245002
65443,1,5,6,251990,251990
65474,2,7,9,58701,58701
65528,0,1,1,66173,66173
65530,1,2,3,203224,203224
65539,2,10,12,243941,243941
65541,4,5,9,114387,114387
65545,4,6,10,145003,145003
65547,5,41,46,227696,227696
65548,27,32,59,144971,144971
65549,6,7,13,238837,238837
65552,48,13,61,235990,235990
65560,0,4,4,159283,159283
65576,3,3,6,232838,232838
65589,7,6,13,198765,198765
65612,2,4,6,155254,155254
65619,0,13,13,167540,167540
65629,4,8,12,234842,234842
65634,14,22,36,161223,161223
65636,1,3,4,166450,166450
65644,1,9,10,85963,85963
65651,2,2,4,179245,179245
65659,0,2,2,224433,224433
65708,24,20,44,153207,153207
65709,15,16,31,256069,256069
65772,13,56,69,199812,199812
65774,12,37,49,74635,74635
65795,20,46,66,245468,245468
65796,2,14,16,257527,257527
65807,4,8,12,183877,183877
65820,1,6,7,245238,245238
65826,2,2,4,198343,198343
65832,2,7,9,247211,247211
65834,6,7,13,244908,244908
65851,3,2,5,67152,67152
65853,4,14,18,160718,160718
65854,1,4,5,231609,231609
65871,3,3,6,136280,136280
65879,3,10,13,229024,229024
65899,3,42,45,250132,250132
65900,11,11,22,230298,230298
65904,14,14,28,99607,99607
65919,21,14,35,21211,21211
65951,1,18,19,131979,131979
65989,6,28,34,244034,244034
65993,34,26,60,158626,158626
66002,1,2,3,78460,78460
66009,1,14,15,122635,122635
66060,5,6,11,157687,157687
66070,10,11,21,243743,243743
66088,3,11,14,221339,221339
66089,4,2,6,153319,153319
66104,13,20,33,238535,238535
66111,24,15,39,252131,252131
66114,22,24,46,248664,248664
66118,2,2,4,244005,244005
66132,5,8,13,187296,187296
66141,0,19,19,229271,229271
66142,60,69,129,237404,237404
66150,2,7,9,254653,254653
66157,0,1,1,239531,239531
66166,18,38,56,142177,142177
66177,1,4,5,234926,234926
66206,3,2,5,105664,105664
66218,2,6,8,202997,202997
66255,0,2,2,165675,165675
66257,0,0,0,145412,145412
66262,0,7,7,155500,155500
66279,11,14,25,73293,73293
66282,3,1,4,125553,125553
66320,21,8,29,176438,176438
66363,4,4,8,233347,233347
66367,16,23,39,231225,231225
66371,131,66,197,150201,150201
66376,7,11,18,257901,257901
66377,1,6,7,235174,235174
66378,4,14,18,136192,136192
66379,14,5,19,231265,231265
66382,28,14,42,234016,234016
66383,42,60,102,10975,10975
66385,6,15,21,213150,213150
66387,80,89,169,187244,187244
66389,17,47,64,239083,239083
66412,16,21,37,186845,186845
66419,13,14,27,205718,205718
66423,72,82,154,166045,166045
66429,10,13,23,206803,206803
66443,6,9,15,195952,195952
66458,1,3,4,190575,190575
66465,3,29,32,212024,212024
66483,2,4,6,157345,157345
66492,24,45,69,235141,235141
66503,2,6,8,205496,205496
66555,5,20,25,166070,166070
66583,2,3,5,158633,158633
66584,0,1,1,228961,228961
66605,6,7,13,154338,154338
66612,1,3,4,236669,236669
66617,6,8,14,148680,148680
66629,6,15,21,237659,237659
66636,0,0,0,180988,180988
66644,0,2,2,163996,163996
66669,12,19,31,135762,135762
66694,7,1,8,241114,241114
66695,2,1,3,211675,211675
66699,0,0,0,256404,256404
66707,4,17,21,172134,172134
66718,6,17,23,250167,250167
66726,3,0,3,138837,138837
66731,10,17,27,146312,146312
66755,6,34,40,206693,206693
66782,1,1,2,138552,138552
66784,1,2,3,130486,130486
66789,4,8,12,175766,175766
66803,4,20,24,192632,192632
66813,0,0,0,214472,214472
66825,2,3,5,216414,216414
66829,10,6,16,165506,165506
66835,5,5,10,224592,224592
66838,19,22,41,144258,144258
66877,1,1,2,256474,256474
66890,11,4,15,252669,252669
66891,31,3,34,91042,91042
66894,4,5,9,220177,220177
66916,3,5,8,204647,204647
66917,2,13,15,78793,78793
66918,4,4,8,245676,245676
66920,4,3,7,245643,245643
66944,6,3,9,196763,196763
66951,4,52,56,240657,240657
66969,7,12,19,127551,127551
66978,1,29,30,219779,219779
66982,6,1,7,147969,147969
67002,1,2,3,148923,148923
67010,0,5,5,188869,188869
67012,5,5,10,224362,224362
67014,7,10,17,217794,217794
67018,2,5,7,237055,237055
67028,11,25,36,237139,237139
67048,26,17,43,238090,238090
67062,14,2,16,74256,74256
67063,0,12,12,161541,161541
67069,5,5,10,232038,232038
67083,2,7,9,173874,173874
67086,0,1,1,143534,143534
67087,1,3,4,160658,160658
67090,2,11,13,144902,144902
67093,5,6,11,190171,190171
67097,14,25,39,221124,221124
67104,2,3,5,223001,223001
67105,1,3,4,151578,151578
67106,6,32,38,246000,246000
67119,9,15,24,134472,134472
67132,32,13,45,91708,91708
67135,26,20,46,156200,156200
67139,1,1,2,203216,203216
67145,3,0,3,240183,240183
67149,0,1,1,235142,235142
67166,3,19,22,134172,134172
67178,70,72,142,87482,87482
67181,31,49,80,163732,163732
67184,49,85,134,212410,212410
67190,61,74,135,165893,165893
67195,3,10,13,249843,249843
67215,2,6,8,236678,236678
67234,1,5,6,136379,136379
67242,0,2,2,250654,250654
67246,15,12,27,253737,253737
67311,14,60,74,259149,259149
67341,0,3,3,241952,241952
67349,2,5,7,122350,122350
67353,4,8,12,207134,207134
67371,10,26,36,26134,26134
67374,3,11,14,100506,100506
67380,9,14,23,251501,251501
67382,147,25,172,14050,14050
67393,0,2,2,198018,198018
67424,5,8,13,200909,200909
67434,2,4,6,218334,218334
67446,1,2,3,205638,205638
67468,4,5,9,248714,248714
67472,0,5,5,161060,161060
67476,18,7,25,200994,200994
67484,30,40,70,214811,214811
67501,3,20,23,135538,135538
67503,10,1,11,20930,20930
67504,36,113,149,82857,82857
67515,11,6,17,36402,36402
67517,31,81,112,21189,21189
67530,16,1,17,139784,139784
67569,0,0,0,192218,192218
67581,39,31,70,124629,124629
67601,1,1,2,70476,70476
67614,2,1,3,55918,55918
67620,1,1,2,243837,243837
67632,0,3,3,244885,244885
67666,114,26,140,158994,158994
67674,14,29,43,221122,221122
67740,4,27,31,146282,146282
67758,0,1,1,227363,227363
67777,2,5,7,141445,141445
67816,110,144,254,220707,220707
67868,2,2,4,23797,23797
67878,1,8,9,198292,198292
67884,1,14,15,244383,244383
67886,2,2,4,242765,242765
67888,1,2,3,200965,200965
67923,2,5,7,185248,185248
67925,1,5,6,167984,167984
67926,1,2,3,242528,242528
67948,4,5,9,227520,227520
67950,88,122,210,202173,202173
67998,44,20,64,173503,173503
67999,0,3,3,173484,173484
68015,4,7,11,173466,173466
68029,3,45,48,176861,176861
68068,0,6,6,141248,141248
68069,3,8,11,179845,179845
68080,7,10,17,191867,191867
68104,2,13,15,245984,245984
68110,4,5,9,135610,135610
68126,0,1,1,198572,198572
68127,13,2,15,191530,191530
68132,36,38,74,252512,252512
68133,25,38,63,105415,105415
68152,1,3,4,241305,241305
68158,5,3,8,211371,211371
68191,47,152,199,156392,156392
68194,3,9,12,226406,226406
68197,6,9,15,191645,191645
68206,41,60,101,134638,134638
68213,0,2,2,150297,150297
68217,2,4,6,188627,188627
68221,0,22,22,59531,59531
68223,5,23,28,31560,31560
68247,2,3,5,207550,207550
68256,7,9,16,197354,197354
68280,7,4,11,230671,230671
68285,45,16,61,191960,191960
68302,13,21,34,183870,183870
68304,30,54,84,190726,190726
68307,91,11,102,162324,162324
68308,137,5,142,158063,158063
68313,34,1,35,184226,184226
68317,69,6,75,198253,198253
68374,0,0,0,231611,231611
68380,3,14,17,131029,131029
68381,92,88,180,150281,150281
68391,4,5,9,49800,49800
68400,4,3,7,155761,155761
68410,3,9,12,188815,188815
68459,0,2,2,192251,192251
68498,7,11,18,43801,43801
68527,1,2,3,224785,224785
68539,8,3,11,75067,75067
68542,0,2,2,100993,100993
68563,1,10,11,112851,112851
68599,10,5,15,235996,235996
68619,5,4,9,152440,152440
68623,0,3,3,227232,227232
68633,1,5,6,100412,100412
68640,2,1,3,225880,225880
68648,10,14,24,230939,230939
68651,18,4,22,219191,219191
68654,3,6,9,222366,222366
68658,1,9,10,147577,147577
68663,0,0,0,203902,203902
68665,0,2,2,120407,120407
68668,12,34,46,196902,196902
68692,1,1,2,208789,208789
68704,1,1,2,231260,231260
68707,0,11,11,152309,152309
68708,6,11,17,227249,227249
68758,30,14,44,126847,126847
68781,28,2,30,232609,232609
68783,1,0,1,178845,178845
68785,0,8,8,220768,220768
68801,3,11,14,237390,237390
68855,1,8,9,169733,169733
68884,0,1,1,182205,182205
68904,7,13,20,135358,135358
68931,0,1,1,233946,233946
68932,6,8,14,182066,182066
68934,8,23,31,190066,190066
68938,0,2,2,171056,171056
68939,8,8,16,62998,62998
68963,15,41,56,201509,201509
68970,4,43,47,122817,122817
69005,1,2,3,179210,179210
69019,0,6,6,160496,160496
69034,1,2,3,75867,75867
69038,1,4,5,176315,176315
69041,1,7,8,134501,134501
69045,3,3,6,256521,256521
69061,0,2,2,178735,178735
69073,1,1,2,206344,206344
69092,0,0,0,210940,210940
69105,1,8,9,192979,192979
69109,3,8,11,197238,197238
69122,0,2,2,247268,247268
69127,6,21,27,115480,115480
69132,4,5,9,218682,218682
69140,1,2,3,216447,216447
69144,6,5,11,231527,231527
69156,2,8,10,253191,253191
69162,7,18,25,245550,245550
69165,4,3,7,246644,246644
69175,4,10,14,195051,195051
69195,4,2,6,247448,247448
69215,2,3,5,178579,178579
69219,9,6,15,159142,159142
69224,5,5,10,171726,171726
69230,4,4,8,182483,182483
69234,0,1,1,164049,164049
69268,12,20,32,232506,232506
69269,9,9,18,63163,63163
69287,0,8,8,247106,247106
69296,2,14,16,237728,237728
69308,0,3,3,67025,67025
69311,4,18,22,196495,196495
69322,3,2,5,143805,143805
69333,1,1,2,179403,179403
69340,8,6,14,172219,172219
69353,3,13,16,235201,235201
69382,0,1,1,246404,246404
69395,6,14,20,208677,208677
69398,1,2,3,222840,222840
69408,1,10,11,230890,230890
69430,2,4,6,142030,142030
69451,42,48,90,128597,128597
69453,0,1,1,212849,212849
69458,2,5,7,117060,117060
69459,3,14,17,147856,147856
69468,0,0,0,131228,131228
69488,1,4,5,196264,196264
69515,3,10,13,55347,55347
69549,1,1,2,123450,123450
69550,10,1,11,167406,167406
69563,1,2,3,176211,176211
69567,35,53,88,219353,219353
69572,35,35,70,232800,232800
69578,22,34,56,134137,134137
69581,3,10,13,252735,252735
69583,7,9,16,152595,152595
69589,33,33,66,258706,258706
69590,1,8,9,167058,167058
69596,7,6,13,195097,195097
69597,11,9,20,155371,155371
69600,0,0,0,129505,129505
69611,13,14,27,192467,192467
69615,10,0,10,219564,219564
69628,11,17,28,223921,223921
69638,5,10,15,187002,187002
69642,42,41,83,74522,74522
69643,37,24,61,140954,140954
69647,19,25,44,196974,196974
69648,66,74,140,151806,151806
69729,9,4,13,240825,240825
69744,2,5,7,240893,240893
69774,15,5,20,198352,198352
69785,2,4,6,222737,222737
69788,34,30,64,164042,164042
69796,6,10,16,248252,248252
69800,3,2,5,222118,222118
69813,0,1,1,103386,103386
69815,6,16,22,203291,203291
69842,0,3,3,192618,192618
69866,17,7,24,225930,225930
69871,8,11,19,242100,242100
69876,6,17,23,234263,234263
69877,2,3,5,221816,221816
69879,6,8,14,152842,152842
69882,1,16,17,212192,212192
69883,60,54,114,147849,147849
69884,6,15,21,245301,245301
69891,48,50,98,210967,210967
69906,0,2,2,103754,103754
69914,11,47,58,221011,221011
69917,1,4,5,246146,246146
69928,2,7,9,176258,176258
69958,1,1,2,162684,162684
69970,35,23,58,160991,160991
70007,2,14,16,254634,254634
70011,1,4,5,221082,221082
70013,8,8,16,119021,119021
70018,10,7,17,149630,149630
70025,0,1,1,231228,231228
70033,7,12,19,147956,147956
70057,9,36,45,47240,47240
70064,5,6,11,155488,155488
70065,1,3,4,160148,160148
70071,4,2,6,55949,55949
70072,6,5,11,233056,233056
70111,1,3,4,58218,58218
70148,21,42,63,143891,143891
70152,13,2,15,237466,237466
70165,0,8,8,230862,230862
70169,2,3,5,189186,189186
70175,3,1,4,208278,208278
70190,24,0,24,146728,146728
70191,25,43,68,86466,86466
70199,18,23,41,222280,222280
70230,9,21,30,243122,243122
70241,5,9,14,234894,234894
70248,3,11,14,237755,237755
70262,33,42,75,243938,243938
70264,9,16,25,173434,173434
70271,46,63,109,189817,189817
70275,17,41,58,166621,166621
70276,44,56,100,253548,253548
70278,20,17,37,175757,175757
70294,8,27,35,183136,183136
70301,59,101,160,11039,11039
70303,37,57,94,170059,170059
70309,69,111,180,99225,99225
70324,36,72,108,223955,223955
70329,10,7,17,136136,136136
70330,0,1,1,227683,227683
70350,4,0,4,170508,170508
70376,3,2,5,133944,133944
70408,3,9,12,69756,69756
70422,4,4,8,125051,125051
70439,3,8,11,89578,89578
70447,3,2,5,167938,167938
70448,11,12,23,168713,168713
70457,2,7,9,254005,254005
70459,11,1,12,227586,227586
70471,3,3,6,237830,237830
70479,2,6,8,191618,191618
70488,16,33,49,236408,236408
70491,10,12,22,129019,129019
70503,1,7,8,169158,169158
70514,1,22,23,130855,130855
70518,18,15,33,172101,172101
70519,3,4,7,175365,175365
70524,4,8,12,74611,74611
70527,1,0,1,236693,236693
70536,41,36,77,193606,193606
70554,4,6,10,168736,168736
70584,2,4,6,247008,247008
70591,52,59,111,246994,246994
70612,1,3,4,164874,164874
70617,7,6,13,153155,153155
70622,0,0,0,154078,154078
70628,1,2,3,157730,157730
70629,5,15,20,71358,71358
70632,7,21,28,148413,148413
70638,0,4,4,236785,236785
70647,21,5,26,184996,184996
70654,9,19,28,71523,71523
70656,5,7,12,233285,233285
70680,1,6,7,233443,233443
70726,0,2,2,148592,148592
70757,6,17,23,162668,162668
70769,1,3,4,188440,188440
70773,3,1,4,177852,177852
70782,15,32,47,192499,192499
70787,16,35,51,111955,111955
70807,0,0,0,181441,181441
70810,0,0,0,136443,136443
70817,9,9,18,234719,234719
70825,2,3,5,223788,223788
70826,1,3,4,228880,228880
70832,22,79,101,208700,208700
70839,0,1,1,202328,202328
70869,0,0,0,146969,146969
70880,10,25,35,218035,218035
70883,19,23,42,204725,204725
70889,5,7,12,78085,78085
70902,1,9,10,235042,235042
70906,7,19,26,185797,185797
70916,15,29,44,232150,232150
70923,5,7,12,192856,192856
70929,22,23,45,191720,191720
70944,0,9,9,234717,234717
70948,0,4,4,172405,172405
70970,2,0,2,179805,179805
70974,0,3,3,177367,177367
70988,80,31,111,225572,225572
71005,2,4,6,127793,127793
71006,4,16,20,139045,139045
71020,5,24,29,246516,246516
71072,5,8,13,74445,74445
71079,2,2,4,89124,89124
71101,1,3,4,189604,189604
71133,2,2,4,78284,78284
71134,5,6,11,146912,146912
71141,20,7,27,134226,134226
71148,1,10,11,51616,51616
71156,1,0,1,240495,240495
71157,5,7,12,167650,167650
71167,10,9,19,149821,149821
71178,0,0,0,143703,143703
71179,0,3,3,251837,251837
71180,2,7,9,155944,155944
71181,1,1,2,200386,200386
71185,3,29,32,210546,210546
71188,4,6,10,233766,233766
71196,1,0,1,179038,179038
71206,3,13,16,159501,159501
71218,18,10,28,235016,235016
71226,27,39,66,247400,247400
71228,2,3,5,210932,210932
71234,3,3,6,210251,210251
71240,22,3,25,104953,104953
71246,1,2,3,73252,73252
71253,0,0,0,195333,195333
71274,0,1,1,195203,195203
71277,10,75,85,179022,179022
71291,5,1,6,228246,228246
71305,3,2,5,131402,131402
71311,9,7,16,108457,108457
71339,54,34,88,109357,109357
71358,1,2,3,177920,177920
71367,0,0,0,169742,169742
71379,0,1,1,172004,172004
71382,24,21,45,197991,197991
71402,0,1,1,198645,198645
71430,5,18,23,58310,58310
71485,32,40,72,71176,71176
71490,0,0,0,223612,223612
71501,14,50,64,246131,246131
71519,9,11,20,187653,187653
71526,3,9,12,146471,146471
71545,9,22,31,196129,196129
71546,2,11,13,203596,203596
71547,26,28,54,239514,239514
71549,42,39,81,140146,140146
71551,5,23,28,145401,145401
71559,5,3,8,149569,149569
71589,0,26,26,246541,246541
71604,3,7,10,196657,196657
71605,0,4,4,209657,209657
71619,33,40,73,151126,151126
71658,0,1,1,226638,226638
71665,12,18,30,248102,248102
71668,6,8,14,192887,192887
71722,1,4,5,228026,228026
71726,2,5,7,252655,252655
71729,1,8,9,40646,40646
71765,6,4,10,149309,149309
71769,0,2,2,218209,218209
71777,2,16,18,153672,153672
71783,11,5,16,220192,220192
71786,2,2,4,172607,172607
71787,2,6,8,124437,124437
71800,2,5,7,253694,253694
71822,19,10,29,125922,125922
71847,1,5,6,235094,235094
71848,5,11,16,136226,136226
71861,2,3,5,251899,251899
71866,0,0,0,200030,200030
71877,3,2,5,221657,221657
71880,3,14,17,204640,204640
71888,23,20,43,245377,245377
71897,5,7,12,58514,58514
71909,2,3,5,69815,69815
71943,0,5,5,162696,162696
71947,0,7,7,188351,188351
71987,0,2,2,247024,247024
71995,0,0,0,248107,248107
72002,2,5,7,249628,249628
72007,1,8,9,222971,222971
72077,2,2,4,169137,169137
72080,2,2,4,168887,168887
72081,0,2,2,175708,175708
72094,15,20,35,247876,247876
72135,2,3,5,64879,64879
72143,1,4,5,191966,191966
72145,3,2,5,190753,190753
72200,9,19,28,219862,219862
72203,8,12,20,201649,201649
72218,3,11,14,256283,256283
72228,1,1,2,217213,217213
72229,0,0,0,172921,172921
72252,5,4,9,58631,58631
72273,9,21,30,224601,224601
72278,0,4,4,99819,99819
72280,4,7,11,155887,155887
72296,0,3,3,130405,130405
72304,44,52,96,191299,191299
72325,4,10,14,212100,212100
72327,3,10,13,241731,241731
72338,3,13,16,127378,127378
72339,1,32,33,146971,146971
72349,20,18,38,149784,149784
72368,15,35,50,224431,224431
72380,4,5,9,224053,224053
72388,7,27,34,75260,75260
72390,2,1,3,97468,97468
72402,6,19,25,240628,240628
72404,0,0,0,209335,209335
72413,25,0,25,203468,203468
72455,31,16,47,178587,178587
72466,16,25,41,199061,199061
72479,0,0,0,124221,124221
72488,0,1,1,212891,212891
72540,2,6,8,149014,149014
72557,2,3,5,148192,148192
72560,0,0,0,215985,215985
72562,0,2,2,220275,220275
72574,8,5,13,214356,214356
72588,2,9,11,193971,193971
72596,0,1,1,139740,139740
72639,1,2,3,172770,172770
72645,2,3,5,255130,255130
72648,7,0,7,141705,141705
72669,1,4,5,247771,247771
72680,2,4,6,225372,225372
72701,4,9,13,246119,246119
72709,0,12,12,227825,227825
72729,0,15,15,166893,166893
72732,0,8,8,189012,189012
72776,0,6,6,116467,116467
72789,5,15,20,250055,250055
72834,0,12,12,216758,216758
72844,1,10,11,205084,205084
72909,36,23,59,257496,257496
72913,1,1,2,174280,174280
72916,30,42,72,230703,230703
72926,0,2,2,228270,228270
72960,0,3,3,243257,243257
72961,1,2,3,132710,132710
72990,1,18,19,226283,226283
72991,0,7,7,150221,150221
73004,1,4,5,107935,107935
73006,4,7,11,215786,215786
73007,26,10,36,203933,203933
73017,1,1,2,201674,201674
73019,1,2,3,201330,201330
73033,0,5,5,170701,170701
73034,42,21,63,84378,84378
73041,6,23,29,169015,169015
73045,0,11,11,224281,224281
73051,0,0,0,151629,151629
73063,1,8,9,146745,146745
73067,7,22,29,203843,203843
73073,4,8,12,248312,248312
73076,67,2,69,173189,173189
73077,46,44,90,200311,200311
73084,49,109,158,241333,241333
73091,9,16,25,139647,139647
73103,6,7,13,258970,258970
73119,9,10,19,135571,135571
73122,3,14,17,170128,170128
73125,5,7,12,140210,140210
73134,11,38,49,148717,148717
73153,7,17,24,211050,211050
73179,12,1,13,222192,222192
73206,7,15,22,146551,146551
73217,3,2,5,247716,247716
73218,2,4,6,178426,178426
73227,77,91,168,166889,166889
73236,1,6,7,245202,245202
73257,3,2,5,145398,145398
73290,5,6,11,195246,195246
73314,7,1,8,207491,207491
73319,14,45,59,217828,217828
73320,16,29,45,246679,246679
73328,14,23,37,111818,111818
73355,16,7,23,195148,195148
73360,9,10,19,234407,234407
73365,38,47,85,80664,80664
73367,36,49,85,17055,17055
73371,1,11,12,59591,59591
73383,3,9,12,228594,228594
73394,2,2,4,143596,143596
73442,6,36,42,67596,67596
73444,12,21,33,162394,162394
73473,10,20,30,178513,178513
73487,23,3,26,169315,169315
73496,3,14,17,138428,138428
73501,1,1,2,168806,168806
73537,23,23,46,160061,160061
73561,4,21,25,131438,131438
73564,0,1,1,239978,239978
73571,13,19,32,225798,225798
73575,2,1,3,237573,237573
73580,4,14,18,245176,245176
73582,4,8,12,233352,233352
73583,3,37,40,256664,256664
73590,6,17,23,238632,238632
73591,0,4,4,68433,68433
73604,16,22,38,83307,83307
73608,10,10,20,133774,133774
73618,2,3,5,93083,93083
73627,38,48,86,156748,156748
73639,4,13,17,223820,223820
73667,31,28,59,160941,160941
73669,2,1,3,206913,206913
73709,47,52,99,76802,76802
73710,30,37,67,76862,76862
73720,10,33,43,99642,99642
73725,5,20,25,46190,46190
73777,1,6,7,168846,168846
73786,1,6,7,259071,259071
73788,2,2,4,57258,57258
73792,3,8,11,94010,94010
73796,1,1,2,171260,171260
73801,9,8,17,254204,254204
73813,9,15,24,59043,59043
73819,13,10,23,150607,150607
73835,0,7,7,191473,191473
73848,2,7,9,240193,240193
73860,12,19,31,204104,204104
73861,3,6,9,76557,76557
73888,1,3,4,146598,146598
73892,3,3,6,137578,137578
73898,27,15,42,202120,202120
73911,2,4,6,223913,223913
73916,3,6,9,234977,234977
73917,3,4,7,202179,202179
73925,1,9,10,258650,258650
73931,3,5,8,221973,221973
73988,1,10,11,228287,228287
74000,0,0,0,150545,150545
74003,4,3,7,225204,225204
74016,5,14,19,101392,101392
74029,1,3,4,235152,235152
74030,26,21,47,149567,149567
74036,39,95,134,188791,188791
74039,15,53,68,122508,122508
74043,24,26,50,198350,198350
74047,25,39,64,245236,245236
74059,6,30,36,225538,225538
74068,5,7,12,142496,142496
74136,11,23,34,248163,248163
74148,8,13,21,182745,182745
74187,1,15,16,197160,197160
74206,0,21,21,218273,218273
74207,95,104,199,151215,151215
74218,4,11,15,140560,140560
74228,0,10,10,215690,215690
74234,9,10,19,222509,222509
74247,2,10,12,205121,205121
74270,1,8,9,199851,199851
74289,16,47,63,238225,238225
74295,25,46,71,225765,225765
74297,3,24,27,160786,160786
74298,3,4,7,248260,248260
74324,20,43,63,148907,148907
74332,0,3,3,257199,257199
74354,7,19,26,113308,113308
74366,16,54,70,225990,225990
74367,11,26,37,210112,210112
74372,4,15,19,126403,126403
74376,7,9,16,76097,76097
74377,30,11,41,144888,144888
74398,0,2,2,183592,183592
74424,15,30,45,184266,184266
74457,6,6,12,160816,160816
74494,2,6,8,159224,159224
74506,10,7,17,200906,200906
74508,2,2,4,157907,157907
74518,3,2,5,108727,108727
74548,2,9,11,167627,167627
74559,4,10,14,155333,155333
74573,1,3,4,194489,194489
74588,1,13,14,177753,177753
74594,19,14,33,157339,157339
74596,1,2,3,240303,240303
74608,0,5,5,252849,252849
74613,3,12,15,218281,218281
74635,0,3,3,149902,149902
74655,2,4,6,231366,231366
74672,6,11,17,210500,210500
74691,2,10,12,130924,130924
74701,5,4,9,150239,150239
74713,3,5,8,56230,56230
74714,3,3,6,224987,224987
74732,5,12,17,228708,228708
74745,1,1,2,66294,66294
74756,3,3,6,193577,193577
74758,0,10,10,245881,245881
74764,3,15,18,244571,244571
74765,8,19,27,68699,68699
74766,47,24,71,134345,134345
74776,62,115,177,231879,231879
74778,19,60,79,119481,119481
74779,60,51,111,132939,132939
74783,90,74,164,215146,215146
74800,0,2,2,231537,231537
74819,1,2,3,230849,230849
74866,2,7,9,234054,234054
74876,6,10,16,147762,147762
74882,3,5,8,213834,213834
74900,1,2,3,248841,248841
74913,1,2,3,222756,222756
74914,0,2,2,218556,218556
74928,2,11,13,175211,175211
74936,3,4,7,56894,56894
74938,6,6,12,55504,55504
74943,0,3,3,236668,236668
74975,18,46,64,237878,237878
74979,1,10,11,234157,234157
74981,2,8,10,171197,171197
74984,3,4,7,188619,188619
74990,3,6,9,173891,173891
75025,8,32,40,203285,203285
75030,1,4,5,149011,149011
75036,4,10,14,203093,203093
75037,13,3,16,134082,134082
75049,7,0,7,241060,241060
75054,4,11,15,143376,143376
75081,5,7,12,222260,222260
75083,36,99,135,932,932
75088,37,29,66,138961,138961
75089,0,3,3,179849,179849
75092,11,25,36,243837,243837
75095,49,45,94,148101,148101
75121,2,4,6,155027,155027
75123,1,19,20,166326,166326
75125,1,6,7,214473,214473
75136,2,2,4,225132,225132
75227,4,7,11,244829,244829
75239,0,2,2,226283,226283
75247,2,2,4,158665,158665
75272,6,9,15,131939,131939
75290,0,4,4,237037,237037
75296,0,11,11,252496,252496
75297,3,4,7,230855,230855
75306,1,2,3,226149,226149
75309,0,1,1,104243,104243
75314,1,5,6,218545,218545
75322,2,2,4,239272,239272
75324,1,11,12,242726,242726
75325,3,2,5,138282,138282
75333,0,1,1,191950,191950
75335,0,4,4,223169,223169
75354,1,7,8,248367,248367
75358,11,14,25,221039,221039
75381,2,3,5,223632,223632
75382,1,2,3,249128,249128
75387,5,13,18,224108,224108
75405,0,2,2,159144,159144
75407,3,4,7,252657,252657
75409,6,7,13,85874,85874
75415,1,1,2,170507,170507
75418,0,1,1,210229,210229
75427,15,1,16,153886,153886
75441,42,25,67,146900,146900
75446,18,20,38,132987,132987
75447,13,3,16,231593,231593
75453,24,10,34,160540,160540
75458,16,23,39,171146,171146
75460,7,6,13,244577,244577
75467,12,17,29,15078,15078
75470,13,40,53,5791,5791
75487,10,7,17,200023,200023
75493,1,7,8,198565,198565
75494,0,3,3,210580,210580
75515,0,0,0,246952,246952
75535,1,1,2,122169,122169
75546,10,9,19,140160,140160
75548,11,11,22,143047,143047
75563,8,4,12,190669,190669
75578,3,3,6,67040,67040
75580,2,1,3,63705,63705
75598,17,26,43,170467,170467
75640,8,19,27,222816,222816
75642,5,5,10,197472,197472
75648,1,2,3,244526,244526
75670,1,1,2,210742,210742
75682,34,28,62,96436,96436
75684,9,13,22,150547,150547
75689,20,38,58,59518,59518
75697,1,1,2,216351,216351
75710,5,15,20,237787,237787
75711,3,26,29,196840,196840
75736,2,1,3,236992,236992
75739,46,67,113,225504,225504
75741,7,18,25,203215,203215
75744,4,5,9,159991,159991
75759,0,1,1,110286,110286
75768,3,17,20,203266,203266
75771,1,10,11,151438,151438
75785,4,8,12,197986,197986
75792,1,3,4,234285,234285
75794,18,22,40,236949,236949
75795,10,28,38,130268,130268
75797,27,13,40,108487,108487
75798,22,23,45,118181,118181
75805,4,4,8,153540,153540
75806,1,0,1,163046,163046
75816,1,10,11,196834,196834
75822,0,2,2,227744,227744
75829,0,5,5,239514,239514
75857,0,1,1,135538,135538
75862,0,2,2,228868,228868
75877,1,1,2,186975,186975
75881,4,6,10,250964,250964
75909,12,14,26,213723,213723
75929,21,12,33,203736,203736
75970,7,15,22,142542,142542
75985,0,0,0,177269,177269
75993,8,6,14,147425,147425
76032,0,6,6,239145,239145
76044,2,20,22,117307,117307
76068,3,20,23,205880,205880
76069,3,4,7,213956,213956
76084,1,8,9,211121,211121
76089,5,4,9,209900,209900
76091,0,4,4,200341,200341
76102,1,4,5,76594,76594
76116,3,14,17,126281,126281
76132,4,13,17,58590,58590
76138,12,29,41,143727,143727
76141,12,22,34,131837,131837
76144,8,36,44,206371,206371
76150,1,3,4,147930,147930
76162,0,10,10,124324,124324
76165,71,20,91,38371,38371
76166,35,26,61,130620,130620
76169,1,17,18,227825,227825
76170,23,17,40,229690,229690
76171,52,24,76,199646,199646
76203,5,10,15,211161,211161
76205,4,4,8,199034,199034
76215,0,3,3,179131,179131
76225,1,5,6,152679,152679
76228,5,16,21,236747,236747
76273,1,1,2,47454,47454
76276,0,5,5,227840,227840
76291,0,0,0,250050,250050
76309,9,11,20,162735,162735
76311,8,20,28,179187,179187
76329,5,5,10,252742,252742
76364,11,24,35,218642,218642
76365,1,7,8,158554,158554
76368,22,16,38,220959,220959
76372,4,5,9,198265,198265
76373,15,10,25,115306,115306
76400,0,0,0,219330,219330
76404,10,19,29,149812,149812
76408,6,11,17,249059,249059
76415,3,18,21,195068,195068
76419,2,4,6,210593,210593
76423,1,3,4,145629,145629
76433,2,1,3,139010,139010
76442,0,3,3,166915,166915
76460,3,7,10,101229,101229
76463,1,1,2,198185,198185
76469,5,8,13,196253,196253
76471,7,11,18,73149,73149
76473,0,0,0,150154,150154
76491,1,4,5,106555,106555
76495,3,2,5,107886,107886
76497,1,1,2,220694,220694
76506,1,7,8,257516,257516
76533,0,4,4,141488,141488
76542,1,2,3,176040,176040
76550,1,1,2,259176,259176
76567,5,11,16,156165,156165
76579,11,9,20,240747,240747
76584,1,9,10,256331,256331
76588,2,3,5,216883,216883
76592,40,24,64,235879,235879
76598,2,2,4,216756,216756
76605,0,4,4,139017,139017
76620,1,1,2,217003,217003
76630,3,4,7,153623,153623
76637,2,4,6,151228,151228
76640,0,4,4,165121,165121
76646,5,6,11,152602,152602
76647,3,1,4,241155,241155
76650,0,2,2,205555,205555
76660,1,1,2,233844,233844
76665,0,0,0,137578,137578
76666,13,13,26,220441,220441
76686,1,5,6,221908,221908
76689,5,5,10,148975,148975
76693,3,1,4,162700,162700
76708,23,11,34,235264,235264
76712,4,4,8,252621,252621
76721,8,8,16,151692,151692
76725,0,1,1,136080,136080
76726,5,14,19,151840,151840
76756,0,13,13,192478,192478
76778,6,5,11,196093,196093
76792,6,14,20,115413,115413
76793,1,14,15,164677,164677
76811,0,0,0,151630,151630
76826,4,4,8,98407,98407
76835,3,1,4,110494,110494
76864,4,1,5,193720,193720
76879,5,7,12,126502,126502
76887,2,9,11,245146,245146
76888,0,4,4,186953,186953
76911,1,7,8,142513,142513
76920,18,12,30,78136,78136
76923,4,19,23,198673,198673
76934,2,3,5,159437,159437
76940,6,23,29,58330,58330
76941,3,11,14,160223,160223
76950,0,4,4,157983,157983
76967,0,4,4,202555,202555
76977,1,1,2,162283,162283
77005,0,2,2,141388,141388
77008,1,3,4,128829,128829
77013,12,12,24,107433,107433
77016,1,2,3,232357,232357
77030,6,37,43,136784,136784
77040,0,1,1,91483,91483
77049,8,4,12,173955,173955
77052,4,2,6,91875,91875
77058,0,3,3,18908,18908
77059,18,21,39,253001,253001
77095,9,18,27,179787,179787
77110,0,2,2,236642,236642
77116,1,6,7,246679,246679
77138,20,15,35,74201,74201
77139,5,7,12,208678,208678
77155,0,1,1,138712,138712
77156,23,39,62,161462,161462
77161,2,1,3,229481,229481
77184,6,5,11,226967,226967
77194,40,22,62,210779,210779
77200,5,8,13,246632,246632
77217,1,10,11,234204,234204
77227,17,13,30,207340,207340
77264,3,12,15,256297,256297
77275,3,2,5,119746,119746
77285,0,2,2,254062,254062
77291,2,4,6,196651,196651
77346,0,1,1,60696,60696
77352,9,2,11,245569,245569
77355,1,2,3,154692,154692
77400,4,24,28,72261,72261
77438,5,6,11,243524,243524
77457,1,3,4,63155,63155
77464,12,14,26,63553,63553
77472,3,9,12,110815,110815
77498,1,8,9,213937,213937
77515,9,17,26,222589,222589
77537,0,0,0,217487,217487
77539,22,2,24,137208,137208
77551,7,3,10,203407,203407
77555,35,40,75,147726,147726
77556,7,17,24,200154,200154
77557,3,7,10,150787,150787
77562,5,22,27,79406,79406
77571,4,17,21,245164,245164
77574,6,12,18,199745,199745
77577,9,21,30,232335,232335
77578,15,16,31,225167,225167
77579,8,34,42,148725,148725
77580,19,42,61,243370,243370
77583,44,83,127,192722,192722
77584,3,23,26,248357,248357
77588,32,36,68,223916,223916
77595,16,11,27,221480,221480
77601,0,4,4,102204,102204
77602,1,2,3,66804,66804
77616,3,5,8,57907,57907
77634,6,13,19,139459,139459
77639,9,17,26,250648,250648
77657,2,2,4,239202,239202
77670,2,8,10,130136,130136
77683,32,60,92,171173,171173
77700,10,34,44,71366,71366
77729,25,10,35,233335,233335
77742,1,3,4,199133,199133
77745,5,8,13,236428,236428
77747,4,10,14,144780,144780
77768,1,3,4,55067,55067
77778,3,7,10,166557,166557
77820,0,3,3,208456,208456
77822,0,7,7,134680,134680
77837,6,15,21,224151,224151
77840,5,5,10,222011,222011
77846,10,23,33,52243,52243
77847,9,10,19,224859,224859
77848,3,8,11,143220,143220
77854,5,3,8,256240,256240
77861,1,18,19,110805,110805
77864,9,77,86,62276,62276
77866,2,4,6,192605,192605
77874,3,12,15,186501,186501
77876,1,6,7,162284,162284
77895,0,1,1,227547,227547
77917,4,6,10,197270,197270
77937,33,18,51,131170,131170
77940,0,0,0,199721,199721
77943,1,6,7,68416,68416
77950,0,0,0,148874,148874
77956,1,1,2,114141,114141
77969,0,1,1,140276,140276
77975,6,3,9,157547,157547
77982,1,3,4,41542,41542
77999,8,18,26,30155,30155
78028,18,32,50,147282,147282
78034,4,11,15,224953,224953
78041,0,1,1,67424,67424
78043,1,5,6,73564,73564
78048,9,16,25,203600,203600
78049,2,6,8,201995,201995
78057,1,3,4,132830,132830
78071,3,6,9,155978,155978
78076,2,5,7,172898,172898
78106,4,15,19,135669,135669
78108,0,0,0,137402,137402
78109,1,4,5,71874,71874
78114,6,7,13,159348,159348
78126,1,5,6,152415,152415
78130,5,5,10,159495,159495
78133,8,10,18,133462,133462
78135,1,2,3,238497,238497
78160,2,2,4,136120,136120
78166,4,3,7,137562,137562
78189,1,0,1,165955,165955
78194,1,1,2,241100,241100
78209,7,26,33,221023,221023
78237,16,19,35,208986,208986
78238,0,5,5,78778,78778
78245,5,16,21,190702,190702
78247,0,4,4,229480,229480
78328,19,13,32,57563,57563
78330,1,4,5,150238,150238
78347,14,7,21,54984,54984
78362,60,60,120,215900,215900
78374,0,1,1,136155,136155
78375,1,2,3,101764,101764
78377,1,3,4,154474,154474
78406,2,4,6,64867,64867
78413,1,2,3,98307,98307
78425,2,6,8,247626,247626
78456,5,9,14,118511,118511
78490,6,20,26,184895,184895
78505,8,2,10,195083,195083
78507,0,6,6,226225,226225
78535,1,3,4,212129,212129
78537,3,11,14,162890,162890
78551,3,1,4,229151,229151
78556,1,10,11,72314,72314
78574,0,0,0,234871,234871
78588,0,2,2,197663,197663
78593,5,6,11,63457,63457
78627,2,10,12,234746,234746
78642,3,6,9,206952,206952
78646,7,9,16,234231,234231
78647,4,4,8,206604,206604
78650,1,6,7,254989,254989
78653,1,12,13,137754,137754
78666,14,26,40,116052,116052
78668,2,15,17,258521,258521
78672,6,20,26,162111,162111
78689,0,3,3,246382,246382
78698,0,1,1,137447,137447
78701,13,19,32,154672,154672
78719,1,5,6,217194,217194
78740,11,31,42,222609,222609
78750,3,3,6,56045,56045
78760,48,63,111,235414,235414
78767,0,1,1,223101,223101
78770,21,23,44,72506,72506
78819,0,0,0,174551,174551
78825,11,14,25,220509,220509
78838,0,1,1,231650,231650
78886,43,50,93,179673,179673
78887,26,25,51,249194,249194
78918,0,0,0,199426,199426
78958,0,2,2,210025,210025
78973,2,6,8,248474,248474
78992,4,19,23,237196,237196
79007,0,5,5,247401,247401
79021,1,25,26,153101,153101
79038,2,9,11,201498,201498
79065,0,1,1,208139,208139
79067,7,21,28,214689,214689
79084,12,21,33,202069,202069
79100,13,17,30,161077,161077
79101,13,13,26,202269,202269
79105,40,51,91,235591,235591
79106,10,30,40,193409,193409
79115,10,27,37,208354,208354
79142,24,60,84,188333,188333
79155,22,31,53,250832,250832
79156,15,16,31,150583,150583
79157,5,2,7,242878,242878
79159,7,10,17,229567,229567
79168,11,6,17,147349,147349
79173,4,18,22,237705,237705
79175,3,6,9,140319,140319
79183,15,25,40,179932,179932
79184,7,23,30,242625,242625
79185,18,28,46,63235,63235
79194,10,19,29,150901,150901
79201,29,41,70,150858,150858
79208,1,4,5,147332,147332
79217,0,1,1,236919,236919
79225,2,17,19,196700,196700
79232,6,16,22,224881,224881
79247,14,18,32,136110,136110
79266,1,2,3,241745,241745
79268,9,15,24,107012,107012
79288,0,3,3,166389,166389
79315,9,13,22,226865,226865
79325,2,14,16,172846,172846
79330,1,8,9,236655,236655
79338,0,2,2,55676,55676
79348,3,14,17,145232,145232
79354,10,15,25,158021,158021
79359,3,6,9,147183,147183
79360,2,9,11,204253,204253
79363,9,24,33,213099,213099
79365,3,3,6,247994,247994
79389,0,0,0,214878,214878
79410,2,11,13,224028,224028
79411,0,1,1,137072,137072
79449,8,35,43,121851,121851
79452,27,20,47,237906,237906
79457,32,28,60,169767,169767
79460,1,3,4,65827,65827
79477,56,3,59,214387,214387
79516,1,3,4,138302,138302
79517,41,56,97,182536,182536
79538,2,4,6,243440,243440
79543,0,1,1,143498,143498
79551,10,13,23,142111,142111
79568,3,6,9,206353,206353
79571,0,1,1,142065,142065
79608,0,0,0,162975,162975
79611,2,1,3,109989,109989
79622,0,6,6,237412,237412
79629,0,2,2,194722,194722
79634,2,15,17,244821,244821
79639,9,19,28,135090,135090
79644,0,0,0,209456,209456
79657,4,15,19,74452,74452
79687,9,10,19,139618,139618
79691,2,3,5,171721,171721
79698,4,2,6,171597,171597
79732,6,5,11,164345,164345
79743,4,23,27,57095,57095
79751,0,12,12,149302,149302
79769,7,22,29,134013,134013
79775,0,6,6,199985,199985
79783,4,6,10,152272,152272
79790,1,15,16,201862,201862
79805,2,5,7,151539,151539
79822,17,37,54,230292,230292
79827,2,34,36,187957,187957
79875,12,7,19,258314,258314
79893,4,25,29,127219,127219
79902,1,3,4,222705,222705
79915,1,9,10,180363,180363
79921,35,24,59,189761,189761
79924,1,7,8,159357,159357
79927,4,3,7,101077,101077
79931,1,1,2,188695,188695
79941,4,6,10,154018,154018
79983,5,6,11,138633,138633
79985,4,19,23,214344,214344
79986,4,15,19,104178,104178
80009,4,11,15,126083,126083
80035,1,3,4,73667,73667
80036,1,1,2,232331,232331
80077,1,2,3,43738,43738
80084,11,16,27,46190,46190
80087,108,64,172,224094,224094
80091,0,0,0,218927,218927
80101,27,123,150,3830,3830
80113,4,12,16,230000,230000
80128,0,0,0,240157,240157
80163,2,5,7,75288,75288
80194,1,9,10,238228,238228
80195,2,2,4,174245,174245
80197,2,2,4,173871,173871
80198,2,2,4,172031,172031
80229,0,3,3,142485,142485
80231,0,2,2,227130,227130
80241,0,11,11,225071,225071
80251,7,20,27,197947,197947
80267,15,22,37,98907,98907
80271,12,13,25,244531,244531
80281,13,19,32,68942,68942
80283,7,21,28,220258,220258
80285,6,6,12,233137,233137
80293,15,30,45,199438,199438
80308,39,71,110,196601,196601
80313,4,27,31,192750,192750
80319,4,5,9,226446,226446
80360,1,1,2,231506,231506
80369,5,5,10,149911,149911
80385,0,4,4,188538,188538
80426,14,12,26,246768,246768
80427,12,30,42,228282,228282
80428,2,6,8,234569,234569
80429,54,62,116,153159,153159
80431,5,15,20,223352,223352
80438,12,13,25,258569,258569
80451,1,2,3,255867,255867
80460,0,3,3,226478,226478
80508,11,10,21,216627,216627
80517,9,36,45,230903,230903
80542,1,2,3,211240,211240
80544,1,7,8,192946,192946
80550,12,2,14,218147,218147
80568,5,27,32,136321,136321
80579,1,9,10,159687,159687
80583,0,15,15,153933,153933
80591,5,7,12,162639,162639
80592,5,11,16,77009,77009
80600,1,2,3,232834,232834
80601,0,0,0,228773,228773
80605,2,7,9,230786,230786
80612,2,6,8,233356,233356
80617,1,1,2,245922,245922
80622,2,2,4,199567,199567
80632,0,1,1,247187,247187
80636,0,1,1,248925,248925
80638,0,0,0,164674,164674
80653,0,2,2,194975,194975
80673,1,6,7,156755,156755
80684,2,3,5,213802,213802
80686,0,2,2,235585,235585
80690,2,4,6,165377,165377
80717,0,3,3,246514,246514
80726,14,5,19,162956,162956
80727,2,6,8,249020,249020
80760,1,0,1,151472,151472
80771,7,11,18,230895,230895
80781,1,0,1,239936,239936
80783,1,2,3,145079,145079
80799,2,4,6,251008,251008
80803,39,25,64,238530,238530
80814,17,0,17,234996,234996
80818,23,25,48,71712,71712
80825,13,19,32,188805,188805
80858,1,13,14,71199,71199
80861,9,38,47,222082,222082
80864,34,92,126,119508,119508
80876,1,2,3,151916,151916
80881,3,26,29,133468,133468
80888,21,39,60,77129,77129
80892,33,46,79,179742,179742
80893,15,38,53,222823,222823
80895,2,17,19,149099,149099
80896,3,11,14,174903,174903
80898,14,39,53,230480,230480
80900,1,35,36,153501,153501
80920,23,41,64,165967,165967
80921,34,14,48,245927,245927
80923,1,1,2,192567,192567
80926,14,9,23,194700,194700
80945,17,18,35,101177,101177
80952,6,61,67,57147,57147
80974,0,1,1,249609,249609
81000,6,7,13,203858,203858
81037,25,17,42,241156,241156
81058,0,3,3,234433,234433
81090,2,34,36,176151,176151
81092,0,2,2,247839,247839
81098,5,8,13,177700,177700
81102,9,3,12,207577,207577
81105,4,12,16,29668,29668
81122,6,14,20,146071,146071
81130,2,2,4,233304,233304
81150,5,9,14,157026,157026
81153,4,7,11,204894,204894
81160,1,1,2,221369,221369
81167,3,3,6,211078,211078
81168,2,6,8,233667,233667
81171,1,7,8,141481,141481
81173,12,23,35,70526,70526
81181,24,52,76,22713,22713
81182,0,5,5,248376,248376
81183,27,41,68,237868,237868
81190,9,6,15,151312,151312
81202,0,2,2,66632,66632
81224,4,3,7,211169,211169
81225,1,4,5,248304,248304
81241,1,2,3,85657,85657
81265,1,1,2,178195,178195
81274,1,4,5,137757,137757
81297,6,9,15,192195,192195
81303,10,21,31,244949,244949
81339,1,4,5,212292,212292
81340,2,4,6,171104,171104
81356,11,17,28,246136,246136
81358,0,3,3,156327,156327
81364,2,4,6,217065,217065
81399,4,7,11,194356,194356
81405,5,86,91,73222,73222
81469,5,7,12,208231,208231
81474,2,2,4,200559,200559
81475,1,8,9,251862,251862
81477,0,2,2,171377,171377
81511,6,14,20,245599,245599
81522,1,6,7,235252,235252
81562,4,5,9,250766,250766
81574,0,2,2,100594,100594
81586,10,20,30,251190,251190
81593,1,2,3,210285,210285
81602,14,30,44,68058,68058
81633,20,30,50,231034,231034
81641,36,54,90,186668,186668
81659,6,16,22,92889,92889
81660,27,32,59,174056,174056
81666,2,9,11,69982,69982
81674,45,60,105,74699,74699
81678,3,5,8,199862,199862
81696,4,9,13,246855,246855
81699,9,2,11,84162,84162
81713,0,4,4,228056,228056
81715,9,5,14,197065,197065
81723,7,9,16,153185,153185
81731,2,8,10,197534,197534
81749,9,7,16,223504,223504
81752,4,11,15,190409,190409
81761,1,4,5,113266,113266
81766,0,3,3,184569,184569
81783,4,5,9,245327,245327
81838,2,2,4,120937,120937
81859,5,2,7,202787,202787
81861,1,3,4,236745,236745
81863,3,3,6,223809,223809
81887,2,2,4,225515,225515
81889,1,2,3,232872,232872
81933,1,5,6,79095,79095
81947,6,6,12,242651,242651
81990,6,13,19,162840,162840
82000,2,5,7,147323,147323
82017,7,16,23,235931,235931
82019,16,13,29,150616,150616
82049,1,5,6,149868,149868
82084,0,1,1,229553,229553
82089,5,1,6,174506,174506
82091,1,5,6,173610,173610
82093,0,0,0,151396,151396
82117,1,2,3,220751,220751
82128,5,21,26,146654,146654
82142,1,11,12,44515,44515
82144,0,5,5,236528,236528
82150,4,7,11,131386,131386
82175,1,3,4,220616,220616
82197,6,3,9,203049,203049
82203,3,6,9,242111,242111
82207,0,1,1,239335,239335
82210,1,4,5,240931,240931
82211,0,2,2,240762,240762
82214,4,7,11,148376,148376
82228,1,3,4,151644,151644
82238,7,31,38,203769,203769
82240,4,9,13,146250,146250
82253,2,1,3,239407,239407
82289,2,5,7,159738,159738
82292,6,3,9,242635,242635
82301,2,9,11,201455,201455
82303,4,18,22,194893,194893
82322,3,2,5,158338,158338
82339,1,3,4,246278,246278
82369,0,15,15,149201,149201
82373,2,29,31,154847,154847
82378,7,25,32,235530,235530
82382,1,12,13,157760,157760
82394,0,7,7,242921,242921
82406,1,8,9,136225,136225
82426,0,4,4,205150,205150
82445,5,16,21,197944,197944
82461,7,14,21,41710,41710
82466,0,1,1,155714,155714
82508,2,22,24,122612,122612
82541,32,55,87,235420,235420
82566,3,46,49,150531,150531
82588,0,3,3,246580,246580
82607,1,1,2,200121,200121
82613,1,1,2,176383,176383
82625,14,48,62,154921,154921
82645,1,2,3,241307,241307
82646,7,11,18,201697,201697
82658,1,3,4,155429,155429
82661,11,6,17,125470,125470
82663,2,2,4,194004,194004
82668,2,1,3,199865,199865
82671,3,3,6,240086,240086
82679,3,15,18,49657,49657
82686,4,7,11,73319,73319
82689,2,6,8,73106,73106
82700,1,3,4,87689,87689
82714,7,101,108,189343,189343
82717,18,13,31,250491,250491
82720,10,32,42,176273,176273
82722,56,94,150,257722,257722
82723,13,7,20,243485,243485
82727,2,9,11,222289,222289
82729,7,18,25,158912,158912
82732,0,12,12,8147,8147
82741,47,52,99,44030,44030
82755,8,12,20,244468,244468
82763,2,47,49,222557,222557
82764,12,19,31,247305,247305
82767,14,18,32,199837,199837
82768,7,26,33,115857,115857
82775,2,3,5,148326,148326
82781,4,16,20,72786,72786
82799,3,9,12,228292,228292
82800,6,27,33,245286,245286
82801,1,0,1,183458,183458
82810,3,5,8,151975,151975
82811,1,4,5,151394,151394
82813,1,2,3,152961,152961
82814,1,1,2,171735,171735
82824,29,31,60,231121,231121
82826,66,24,90,147124,147124
82834,0,1,1,81999,81999
82858,3,6,9,186646,186646
82861,2,2,4,77791,77791
82882,0,6,6,241976,241976
82894,0,8,8,143624,143624
82907,3,3,6,237073,237073
82944,3,9,12,129714,129714
82957,7,4,11,258462,258462
82972,2,25,27,248751,248751
82973,1,5,6,153485,153485
82979,2,11,13,156502,156502
82995,2,2,4,220744,220744
82997,0,3,3,104833,104833
83004,0,2,2,169944,169944
83019,1,8,9,221687,221687
83049,0,1,1,257418,257418
83063,1,6,7,224326,224326
83083,2,2,4,213700,213700
83118,2,12,14,216267,216267
83119,0,3,3,73094,73094
83122,21,6,27,209134,209134
83129,2,16,18,146284,146284
83149,3,32,35,217453,217453
83168,2,10,12,112714,112714
83196,48,51,99,196346,196346
83221,1,7,8,184234,184234
83235,2,2,4,152444,152444
83242,4,11,15,195778,195778
83260,5,4,9,210046,210046
83261,6,15,21,130276,130276
83300,1,2,3,214538,214538
83340,4,8,12,247946,247946
83348,1,2,3,201870,201870
83351,1,1,2,197056,197056
83355,2,12,14,205178,205178
83356,24,29,53,209654,209654
83377,8,12,20,193591,193591
83383,10,14,24,235733,235733
83384,6,19,25,149763,149763
83389,41,40,81,219177,219177
83428,8,20,28,136088,136088
83435,9,14,23,147833,147833
83451,7,4,11,243520,243520
83461,3,13,16,138040,138040
83470,7,8,15,218156,218156
83479,23,16,39,52224,52224
83516,1,3,4,103995,103995
83518,5,17,22,123050,123050
83538,15,13,28,223409,223409
83563,9,4,13,240804,240804
83576,1,4,5,216375,216375
83580,5,13,18,250805,250805
83596,0,1,1,173579,173579
83600,1,5,6,191440,191440
83601,2,0,2,173322,173322
83622,3,11,14,49892,49892
83640,9,11,20,152701,152701
83644,6,11,17,248177,248177
83655,0,2,2,247110,247110
83658,4,7,11,200321,200321
83684,1,1,2,133959,133959
83695,12,27,39,190752,190752
83700,57,37,94,227891,227891
83706,1,4,5,221058,221058
83708,7,19,26,193915,193915
83722,0,4,4,146179,146179
83736,4,9,13,248048,248048
83739,9,10,19,153118,153118
83745,8,38,46,253849,253849
83749,0,1,1,233057,233057
83751,3,4,7,209725,209725
83763,3,1,4,139960,139960
83771,8,21,29,146505,146505
83810,26,38,64,161558,161558
83829,0,1,1,148343,148343
83836,2,2,4,147281,147281
83853,0,0,0,191609,191609
83854,2,2,4,228761,228761
83872,0,4,4,239337,239337
83876,1,17,18,248547,248547
83899,0,2,2,254520,254520
83921,5,5,10,211669,211669
83927,7,1,8,193803,193803
83946,22,32,54,234910,234910
83953,3,7,10,177523,177523
83957,0,9,9,212786,212786
83967,10,5,15,117074,117074
83970,5,7,12,75275,75275
83977,2,1,3,237461,237461
83998,3,10,13,208575,208575
84000,5,2,7,147376,147376
84007,2,8,10,146409,146409
84008,3,6,9,159023,159023
84012,15,8,23,214510,214510
84018,6,8,14,158744,158744
84025,0,1,1,150123,150123
84029,1,2,3,197981,197981
84030,12,32,44,226986,226986
84032,18,23,41,142693,142693
84058,0,0,0,176206,176206
84067,5,10,15,232508,232508
84072,0,2,2,211161,211161
84083,25,34,59,253967,253967
84092,17,11,28,253610,253610
84112,18,13,31,11320,11320
84124,0,7,7,233205,233205
84138,4,2,6,176222,176222
84146,2,6,8,176198,176198
84171,44,23,67,221017,221017
84216,9,12,21,91107,91107
84219,10,7,17,164678,164678
84220,6,8,14,173100,173100
84223,6,10,16,172867,172867
84225,12,15,27,82864,82864
84243,0,4,4,220303,220303
84261,4,6,10,203593,203593
84267,2,7,9,218566,218566
84275,2,3,5,144373,144373
84295,0,1,1,181840,181840
84328,1,2,3,137291,137291
84337,0,2,2,236203,236203
84344,1,33,34,222054,222054
84375,9,52,61,244526,244526
84392,4,21,25,199668,199668
84395,1,9,10,248192,248192
84397,4,21,25,153120,153120
84399,3,3,6,240388,240388
84438,1,2,3,164368,164368
84460,12,7,19,167427,167427
84474,2,2,4,159192,159192
84481,0,3,3,222797,222797
84493,7,6,13,235135,235135
84507,8,4,12,111063,111063
84514,0,1,1,231235,231235
84524,1,2,3,132829,132829
84554,10,32,42,190145,190145
84556,0,2,2,147619,147619
84572,6,15,21,135400,135400
84600,0,1,1,250065,250065
84626,1,4,5,245724,245724
84641,6,19,25,253146,253146
84647,71,42,113,47062,47062
84667,7,7,14,188049,188049
84689,7,11,18,244902,244902
84713,0,2,2,242119,242119
84731,2,3,5,170572,170572
84736,5,11,16,151422,151422
84739,13,23,36,144631,144631
84745,4,43,47,153299,153299
84752,8,54,62,85327,85327
84764,1,3,4,134325,134325
84773,0,0,0,225548,225548
84780,25,40,65,150392,150392
84819,7,9,16,188637,188637
84821,0,14,14,150101,150101
84827,2,16,18,234382,234382
84836,3,8,11,149841,149841
84841,11,20,31,248822,248822
84851,1,6,7,243823,243823
84855,0,11,11,192103,192103
84871,2,8,10,233062,233062
84874,1,2,3,222110,222110
84894,1,9,10,141917,141917
84902,1,15,16,215857,215857
84905,2,6,8,250660,250660
84948,8,10,18,119353,119353
84953,0,3,3,60750,60750
84955,0,6,6,205730,205730
84967,0,1,1,239373,239373
84984,3,6,9,150415,150415
84987,0,3,3,190205,190205
84997,21,7,28,233719,233719
85042,58,47,105,238456,238456
85050,1,2,3,135880,135880
85090,5,10,15,73671,73671
85108,17,20,37,130734,130734
85139,20,15,35,89229,89229
85147,5,18,23,103764,103764
85169,1,2,3,200020,200020
85177,0,13,13,104564,104564
85211,5,5,10,151668,151668
85215,6,2,8,206647,206647
85241,23,29,52,215981,215981
85257,6,13,19,156661,156661
85264,23,23,46,228546,228546
85265,5,8,13,155724,155724
85268,2,1,3,235220,235220
85283,0,21,21,193100,193100
85295,22,21,43,230044,230044
85301,0,1,1,221206,221206
85313,0,0,0,246959,246959
85314,54,59,113,192554,192554
85319,10,7,17,229224,229224
85333,0,3,3,198541,198541
85335,1,17,18,230876,230876
85359,0,4,4,181037,181037
85361,8,4,12,172028,172028
85397,5,6,11,228322,228322
85423,53,37,90,175841,175841
85424,43,10,53,172896,172896
85433,3,5,8,192891,192891
85434,1,1,2,209532,209532
85435,0,6,6,226241,226241
85441,0,2,2,61243,61243
85460,2,4,6,101554,101554
85461,3,3,6,103716,103716
85471,3,7,10,174897,174897
85475,0,2,2,87888,87888
85478,1,4,5,238078,238078
85500,0,0,0,202269,202269
85502,0,1,1,158093,158093
85505,3,31,34,237349,237349
85509,2,8,10,145710,145710
85515,1,4,5,154159,154159
85550,3,19,22,89460,89460
85557,1,4,5,162196,162196
85562,1,6,7,227543,227543
85589,10,10,20,126420,126420
85601,1,8,9,252222,252222
85605,2,4,6,222265,222265
85609,4,8,12,236758,236758
85624,3,7,10,236819,236819
85632,6,16,22,243598,243598
85648,0,2,2,157989,157989
85653,2,6,8,222637,222637
85661,1,3,4,207898,207898
85674,1,0,1,256631,256631
85683,1,1,2,138820,138820
85685,0,2,2,215547,215547
85693,14,1,15,244287,244287
85697,1,5,6,139868,139868
85722,6,2,8,218727,218727
85733,14,20,34,238997,238997
85740,3,21,24,135851,135851
85742,0,4,4,126801,126801
85746,28,76,104,241576,241576
85747,2,2,4,198467,198467
85752,5,12,17,137065,137065
85795,7,17,24,134152,134152
85796,0,4,4,148459,148459
85804,3,6,9,146343,146343
85805,8,22,30,152832,152832
85807,20,28,48,190962,190962
85831,5,29,34,148132,148132
85843,0,1,1,229981,229981
85847,0,8,8,58174,58174
85862,4,11,15,243572,243572
85968,5,31,36,239352,239352
85970,0,23,23,200745,200745
85983,16,28,44,178689,178689
85993,1,1,2,217470,217470
85994,1,2,3,159348,159348
85999,14,15,29,226227,226227
86007,102,56,158,241783,241783
86008,14,22,36,130222,130222
86019,0,1,1,253287,253287
86021,2,1,3,121857,121857
86032,4,2,6,204046,204046
86037,5,8,13,126095,126095
86065,5,12,17,215809,215809
86066,12,27,39,135543,135543
86076,2,3,5,239861,239861
86079,4,15,19,72812,72812
86082,2,5,7,222017,222017
86091,0,4,4,188957,188957
86100,8,12,20,136316,136316
86103,6,7,13,138744,138744
86108,2,14,16,141542,141542
86172,3,5,8,133447,133447
86176,0,1,1,138173,138173
86180,2,4,6,16121,16121
86230,14,6,20,212208,212208
86243,3,7,10,243699,243699
86244,2,4,6,103401,103401
86258,16,23,39,158248,158248
86271,1,4,5,63346,63346
86298,2,9,11,102899,102899
86319,4,6,10,179906,179906
86320,2,6,8,192039,192039
86341,2,5,7,211632,211632
86352,7,26,33,191399,191399
86357,8,66,74,204520,204520
86358,16,58,74,111535,111535
86366,1,14,15,231466,231466
86368,3,59,62,130250,130250
86371,10,12,22,159108,159108
86384,32,19,51,225011,225011
86388,0,3,3,221903,221903
86394,2,8,10,212811,212811
86395,18,15,33,146362,146362
86397,0,8,8,224322,224322
86409,2,2,4,169381,169381
86464,0,4,4,149310,149310
86465,18,19,37,192357,192357
86467,2,1,3,234929,234929
86481,18,49,67,206163,206163
86491,16,10,26,139450,139450
86496,62,93,155,219510,219510
86498,2,11,13,131727,131727
86501,46,64,110,182139,182139
86511,2,5,7,165777,165777
86514,1,14,15,167615,167615
86516,34,36,70,221389,221389
86520,23,25,48,201528,201528
86523,17,51,68,118260,118260
86524,1,9,10,230113,230113
86532,0,2,2,195358,195358
86595,23,43,66,248344,248344
86601,6,10,16,234308,234308
86605,0,4,4,166039,166039
86631,10,15,25,221042,221042
86645,14,19,33,163010,163010
86667,2,6,8,255412,255412
86692,4,15,19,166032,166032
86708,10,13,23,239760,239760
86720,2,4,6,191876,191876
86725,8,18,26,147364,147364
86734,7,15,22,131772,131772
86763,2,4,6,159798,159798
86769,8,6,14,193548,193548
86773,0,0,0,216627,216627
86802,7,15,22,231366,231366
86808,2,4,6,235489,235489
86809,4,14,18,151001,151001
86825,20,22,42,152376,152376
86826,8,6,14,158634,158634
86828,7,9,16,158406,158406
86843,7,26,33,191536,191536
86846,2,2,4,193398,193398
86867,45,37,82,199637,199637
86876,3,8,11,150743,150743
86897,0,0,0,250603,250603
86898,3,12,15,148051,148051
86903,43,52,95,71387,71387
86905,1,3,4,211002,211002
86921,12,2,14,190281,190281
86932,0,5,5,73392,73392
86934,3,13,16,238421,238421
86948,5,18,23,106390,106390
86960,17,59,76,251932,251932
86995,3,3,6,74673,74673
87024,5,9,14,228492,228492
87038,2,5,7,223804,223804
87065,2,5,7,248670,248670
87074,0,6,6,10157,10157
87082,1,1,2,183247,183247
87102,8,16,24,158189,158189
87103,16,12,28,233101,233101
87147,1,1,2,190791,190791
87183,1,8,9,246516,246516
87210,2,8,10,139146,139146
87212,1,3,4,206986,206986
87213,5,2,7,149065,149065
87233,2,5,7,235725,235725
87234,3,4,7,251193,251193
87239,2,3,5,165683,165683
87263,62,38,100,224467,224467
87268,3,8,11,74580,74580
87274,6,6,12,144331,144331
87282,5,3,8,219761,219761
87328,3,5,8,192732,192732
87330,18,14,32,46929,46929
87349,1,6,7,153052,153052
87354,31,38,69,148836,148836
87358,8,7,15,125624,125624
87389,0,0,0,154856,154856
87397,0,0,0,36694,36694
87407,0,2,2,229136,229136
87414,2,2,4,163291,163291
87421,2,5,7,231726,231726
87427,4,10,14,198878,198878
87431,8,2,10,179741,179741
87436,0,1,1,133954,133954
87442,10,22,32,171110,171110
87449,12,9,21,80467,80467
87466,0,11,11,153102,153102
87483,0,3,3,179918,179918
87548,3,12,15,224298,224298
87575,1,9,10,256280,256280
87577,1,1,2,249203,249203
87592,1,1,2,201205,201205
87601,1,3,4,190599,190599
87619,1,8,9,134586,134586
87623,4,5,9,148995,148995
87634,0,3,3,251993,251993
87639,0,1,1,57439,57439
87642,0,6,6,142573,142573
87651,1,2,3,248886,248886
87696,1,2,3,186583,186583
87697,4,10,14,101206,101206
87740,8,8,16,145447,145447
87752,6,4,10,228875,228875
87756,3,4,7,172547,172547
87760,2,1,3,173772,173772
87770,1,1,2,76375,76375
87771,5,5,10,246992,246992
87803,0,2,2,180439,180439
87810,4,6,10,216628,216628
87822,30,30,60,245415,245415
87835,2,9,11,214618,214618
87837,0,1,1,188299,188299
87852,1,1,2,175535,175535
87870,9,9,18,248156,248156
87879,1,4,5,209508,209508
87884,1,2,3,197105,197105
87889,1,2,3,55924,55924
87890,1,3,4,55761,55761
87911,3,8,11,237770,237770
87919,1,4,5,133870,133870
87924,6,5,11,216910,216910
87929,0,0,0,157070,157070
87934,1,3,4,190994,190994
87955,2,3,5,150479,150479
87983,2,8,10,195475,195475
87986,8,20,28,148616,148616
87987,8,26,34,73240,73240
87992,9,14,23,158202,158202
87993,6,19,25,127297,127297
88006,1,12,13,229395,229395
88028,0,25,25,122740,122740
88029,8,22,30,148791,148791
88044,3,10,13,228117,228117
88048,5,2,7,235807,235807
88063,0,1,1,233400,233400
88078,2,1,3,7250,7250
88093,0,2,2,162701,162701
88095,1,4,5,159580,159580
88105,0,6,6,141563,141563
88113,5,12,17,220669,220669
88114,16,0,16,219204,219204
88130,1,10,11,243724,243724
88134,6,9,15,195427,195427
88137,2,5,7,238281,238281
88144,1,10,11,249896,249896
88146,6,12,18,135653,135653
88148,0,4,4,240571,240571
88167,1,2,3,159435,159435
88176,8,3,11,188672,188672
88207,2,4,6,135150,135150
88208,9,22,31,235538,235538
88221,56,60,116,253577,253577
88247,21,34,55,166969,166969
88262,1,29,30,151273,151273
88278,25,31,56,193197,193197
88286,16,21,37,160019,160019
88291,1,2,3,217725,217725
88292,3,24,27,249855,249855
88295,1,9,10,238474,238474
88306,5,14,19,110566,110566
88349,0,1,1,217932,217932
88350,0,3,3,154703,154703
88353,1,1,2,240123,240123
88383,2,0,2,144445,144445
88401,3,6,9,233316,233316
88407,1,2,3,103339,103339
88410,6,3,9,238124,238124
88414,1,8,9,239160,239160
88429,7,9,16,191824,191824
88438,0,0,0,168828,168828
88440,26,8,34,232865,232865
88450,0,3,3,202587,202587
88491,3,13,16,66028,66028
88506,1,5,6,247895,247895
88515,16,26,42,235502,235502
88519,9,8,17,206826,206826
88537,2,3,5,247863,247863
88540,0,3,3,42207,42207
88542,5,0,5,190194,190194
88597,1,1,2,225943,225943
88602,0,1,1,256907,256907
88604,2,12,14,151092,151092
88610,5,6,11,176907,176907
88613,6,46,52,197627,197627
88619,9,8,17,256941,256941
88642,18,30,48,219128,219128
88643,3,8,11,226292,226292
88654,2,33,35,219364,219364
88662,27,54,81,220160,220160
88665,21,55,76,145840,145840
88671,11,54,65,256209,256209
88678,15,19,34,129919,129919
88679,2,9,11,156858,156858
88680,1,3,4,173445,173445
88690,2,8,10,148726,148726
88691,12,28,40,113633,113633
88694,10,15,25,226370,226370
88695,42,58,100,192025,192025
88700,34,31,65,136240,136240
88706,8,9,17,224732,224732
88710,8,24,32,219684,219684
88712,11,87,98,112579,112579
88716,1,7,8,235471,235471
88720,2,21,23,142122,142122
88722,5,12,17,227263,227263
88729,4,8,12,164019,164019
88740,0,0,0,137739,137739
88750,0,0,0,149635,149635
88761,2,4,6,195350,195350
88763,0,1,1,217571,217571
88789,1,4,5,188573,188573
88801,1,9,10,245309,245309
88804,25,14,39,156616,156616
88805,11,0,11,219820,219820
88809,17,0,17,256434,256434
88814,4,18,22,252464,252464
88816,12,13,25,57378,57378
88825,4,8,12,203333,203333
88831,1,14,15,132222,132222
88838,15,33,48,72020,72020
88843,5,30,35,148277,148277
88849,1,9,10,188814,188814
88870,0,3,3,133321,133321
88875,4,17,21,133456,133456
88883,4,1,5,159925,159925
88889,1,3,4,191774,191774
88893,5,2,7,141090,141090
88912,0,3,3,253306,253306
88945,4,9,13,139297,139297
88949,0,7,7,149063,149063
88951,2,8,10,112886,112886
88963,1,15,16,80612,80612
88964,0,3,3,240524,240524
88983,1,1,2,238506,238506
89035,1,10,11,186457,186457
89043,1,8,9,157112,157112
89059,1,1,2,221291,221291
89062,5,6,11,254558,254558
89082,4,9,13,129520,129520
89085,0,2,2,149132,149132
89088,0,7,7,243282,243282
89094,0,3,3,201720,201720
89105,0,1,1,238591,238591
89119,1,6,7,188528,188528
89233,3,11,14,146807,146807
89248,2,3,5,57669,57669
89270,1,3,4,249115,249115
89280,0,1,1,212053,212053
89290,4,17,21,135391,135391
89295,1,20,21,192682,192682
89311,0,0,0,206222,206222
89316,35,32,67,123546,123546
89321,0,0,0,213892,213892
89329,3,9,12,147002,147002
89341,0,5,5,171863,171863
89357,2,5,7,156893,156893
89362,5,19,24,243411,243411
89363,18,15,33,136004,136004
89377,1,2,3,156596,156596
89381,2,4,6,151409,151409
89390,1,11,12,208693,208693
89399,0,3,3,185266,185266
89403,2,2,4,213660,213660
89406,1,0,1,218259,218259
89427,1,6,7,226039,226039
89439,40,8,48,212379,212379
89451,2,8,10,158870,158870
89466,1,3,4,198945,198945
89467,0,4,4,185278,185278
89477,0,5,5,150028,150028
89479,2,9,11,150062,150062
89494,2,8,10,197941,197941
89497,0,7,7,146580,146580
89512,9,20,29,166935,166935
89516,0,0,0,179233,179233
89519,1,4,5,233716,233716
89527,1,8,9,250949,250949
89543,7,18,25,124040,124040
89558,3,45,48,142612,142612
89587,0,7,7,221195,221195
89619,1,6,7,57001,57001
89626,1,0,1,236016,236016
89629,17,122,139,197245,197245
89640,0,2,2,177288,177288
89698,16,9,25,130648,130648
89707,12,45,57,226409,226409
89751,1,4,5,134716,134716
89752,0,10,10,145743,145743
89757,1,1,2,236531,236531
89758,1,1,2,255524,255524
89771,2,21,23,149490,149490
89781,3,21,24,199398,199398
89802,8,32,40,111977,111977
89803,4,4,8,112271,112271
89805,61,67,128,3670,3670
89807,37,143,180,26185,26185
89866,3,3,6,153055,153055
89878,8,15,23,230263,230263
89880,0,0,0,102798,102798
89884,0,1,1,207088,207088
89904,1,9,10,139598,139598
89914,1,4,5,241151,241151
89916,2,5,7,239679,239679
89921,7,2,9,135404,135404
89922,0,2,2,66707,66707
89948,0,0,0,207986,207986
89961,3,2,5,117398,117398
89979,3,15,18,154466,154466
89991,2,11,13,103031,103031
90013,1,1,2,145046,145046
90015,2,1,3,258648,258648
90023,5,9,14,165073,165073
90028,0,1,1,240418,240418
90041,4,9,13,151848,151848
90058,0,8,8,253099,253099
90064,1,4,5,149905,149905
90083,28,22,50,220303,220303
90118,2,7,9,229763,229763
90168,16,23,39,141492,141492
90169,3,7,10,187552,187552
90182,2,15,17,170767,170767
90195,10,16,26,204701,204701
90227,56,71,127,147420,147420
90243,8,18,26,243286,243286
90244,0,5,5,161737,161737
90274,6,34,40,190273,190273
90277,1,8,9,221941,221941
90278,5,7,12,106682,106682
90280,7,9,16,230492,230492
90298,1,4,5,159050,159050
90301,1,5,6,208568,208568
90302,1,3,4,213678,213678
90305,4,8,12,187376,187376
90311,4,9,13,159345,159345
90325,13,35,48,159113,159113
90351,0,2,2,149476,149476
90356,1,7,8,163317,163317
90366,0,11,11,61335,61335
90370,2,8,10,247734,247734
90382,3,5,8,200318,200318
90398,7,19,26,240003,240003
90411,1,14,15,245984,245984
90431,1,20,21,136718,136718
90442,8,39,47,243794,243794
90459,1,2,3,56280,56280
90463,1,2,3,252538,252538
90465,0,5,5,248136,248136
90473,10,23,33,157678,157678
90477,1,14,15,239174,239174
90483,5,9,14,244207,244207
90515,2,9,11,137367,137367
90528,2,14,16,145595,145595
90530,1,2,3,234797,234797
90540,53,99,152,158463,158463
90547,15,2,17,191730,191730
90556,3,10,13,143770,143770
90573,1,5,6,149247,149247
90578,2,12,14,126241,126241
90597,1,7,8,123808,123808
90610,4,19,23,246078,246078
90626,2,2,4,153851,153851
90640,10,7,17,148086,148086
90645,2,11,13,193076,193076
90650,1,5,6,203431,203431
90654,22,40,62,139402,139402
90664,4,4,8,134326,134326
90677,1,1,2,243475,243475
90709,1,3,4,161814,161814
90718,9,16,25,148305,148305
90732,0,1,1,142608,142608
90752,2,9,11,224775,224775
90792,2,5,7,215800,215800
90800,1,2,3,87149,87149
90804,1,9,10,133519,133519
90805,3,5,8,255148,255148
90806,0,0,0,220879,220879
90821,0,3,3,145259,145259
90840,0,7,7,86406,86406
90841,4,8,12,203818,203818
90847,26,10,36,163386,163386
90853,0,3,3,172390,172390
90858,16,12,28,238006,238006
90935,1,5,6,242130,242130
90950,5,9,14,242902,242902
90951,1,8,9,146416,146416
90961,1,2,3,199894,199894
90962,6,7,13,226045,226045
90968,1,18,19,189950,189950
90970,13,5,18,145684,145684
90972,5,14,19,222600,222600
90979,5,5,10,117722,117722
90980,3,23,26,200907,200907
90987,26,55,81,236928,236928
90990,5,6,11,150901,150901
91003,1,2,3,209079,209079
91006,6,32,38,128242,128242
91009,2,5,7,220947,220947
91025,6,6,12,145199,145199
91052,4,10,14,193925,193925
91054,6,10,16,244634,244634
91055,11,12,23,226006,226006
91086,22,42,64,227777,227777
91088,3,3,6,222333,222333
91098,2,6,8,234880,234880
91101,1,1,2,207449,207449
91102,2,3,5,186420,186420
91139,24,8,32,151964,151964
91140,6,9,15,63742,63742
91160,13,16,29,212326,212326
91170,5,34,39,136028,136028
91180,1,4,5,242967,242967
91186,0,1,1,205386,205386
91188,1,2,3,190510,190510
91193,2,4,6,199405,199405
91194,1,5,6,200392,200392
91196,1,2,3,182330,182330
91204,5,5,10,236068,236068
91216,10,47,57,251017,251017
91242,18,25,43,110068,110068
91255,2,4,6,246690,246690
91259,5,14,19,196334,196334
91264,64,48,112,151173,151173
91267,12,22,34,193379,193379
91275,25,4,29,199749,199749
91289,0,4,4,256383,256383
91308,1,5,6,208716,208716
91335,2,9,11,105974,105974
91339,15,31,46,237322,237322
91342,0,10,10,208613,208613
91365,50,14,64,243304,243304
91381,7,2,9,246159,246159
91383,8,17,25,190410,190410
91392,1,1,2,246432,246432
91407,0,3,3,209573,209573
91432,3,7,10,209840,209840
91434,10,12,22,134722,134722
91435,9,17,26,206084,206084
91436,6,10,16,206049,206049
91439,12,1,13,103268,103268
91453,1,2,3,134215,134215
91510,10,17,27,214790,214790
91512,0,0,0,155502,155502
91518,3,5,8,193422,193422
91519,0,4,4,246074,246074
91574,3,7,10,155949,155949
91616,1,1,2,241327,241327
91627,4,45,49,122624,122624
91641,2,5,7,220145,220145
91643,6,14,20,235015,235015
91653,0,0,0,198552,198552
91662,0,0,0,217281,217281
91668,2,4,6,255744,255744
91669,2,5,7,237343,237343
91742,5,12,17,140910,140910
91746,1,1,2,225779,225779
91765,0,0,0,172491,172491
91780,0,5,5,214710,214710
91790,1,1,2,210030,210030
91800,1,3,4,245190,245190
91822,15,24,39,238544,238544
91831,4,7,11,196908,196908
91843,9,28,37,152966,152966
91873,3,2,5,113238,113238
91884,20,17,37,241648,241648
91891,1,1,2,132987,132987
91894,3,9,12,247942,247942
91897,38,22,60,222312,222312
91916,1,4,5,92749,92749
91932,24,58,82,223501,223501
91950,26,5,31,149177,149177
91960,3,8,11,231105,231105
91965,2,16,18,59864,59864
91992,0,4,4,55967,55967
91995,2,4,6,213365,213365
92002,3,3,6,239403,239403
92007,4,7,11,118869,118869
92024,0,0,0,213942,213942
92036,2,3,5,136413,136413
92037,20,42,62,67302,67302
92059,3,4,7,226605,226605
92060,2,9,11,214012,214012
92064,4,20,24,213855,213855
92115,5,13,18,242986,242986
92116,3,2,5,225414,225414
92129,1,2,3,233279,233279
92134,12,42,54,201369,201369
92138,7,16,23,149253,149253
92139,0,2,2,197439,197439
92149,5,17,22,135336,135336
92150,7,22,29,134363,134363
92153,19,19,38,796,796
92159,9,9,18,230253,230253
92160,3,32,35,160174,160174
92170,5,58,63,228787,228787
92172,8,41,49,147500,147500
92177,0,9,9,227831,227831
92193,0,7,7,126982,126982
92195,11,12,23,246618,246618
92205,3,4,7,255041,255041
92219,1,2,3,65768,65768
92221,7,42,49,72940,72940
92223,1,13,14,256002,256002
92239,2,8,10,152484,152484
92243,3,3,6,152707,152707
92249,1,1,2,232821,232821
92273,1,9,10,252165,252165
92274,106,23,129,36889,36889
92296,0,5,5,202067,202067
92302,0,6,6,143049,143049
92304,10,7,17,227331,227331
92305,1,5,6,229410,229410
92308,1,1,2,138900,138900
92310,2,4,6,188882,188882
92316,0,1,1,252244,252244
92324,3,3,6,225065,225065
92349,2,2,4,234929,234929
92363,2,18,20,115163,115163
92377,16,8,24,227852,227852
92388,0,0,0,184601,184601
92411,3,10,13,219007,219007
92421,0,8,8,249033,249033
92434,7,40,47,115631,115631
92441,0,0,0,129940,129940
92453,2,5,7,195872,195872
92455,1,0,1,237079,237079
92458,6,15,21,123650,123650
92459,18,31,49,134207,134207
92485,8,12,20,130045,130045
92487,0,4,4,207127,207127
92491,3,6,9,218317,218317
92493,1,13,14,255616,255616
92496,0,4,4,256874,256874
92499,0,3,3,74477,74477
92510,0,0,0,168403,168403
92522,1,10,11,147791,147791
92526,0,6,6,173325,173325
92528,1,2,3,59886,59886
92531,1,2,3,234347,234347
92536,7,7,14,239393,239393
92537,3,2,5,194893,194893
92538,4,2,6,236489,236489
92540,0,0,0,256859,256859
92547,1,3,4,142504,142504
92589,5,6,11,144735,144735
92599,4,14,18,150871,150871
92601,1,18,19,254541,254541
92603,9,4,13,164464,164464
92625,4,9,13,115457,115457
92631,12,22,34,210422,210422
92665,2,6,8,245347,245347
92671,1,0,1,254328,254328
92688,33,57,90,51010,51010
92692,2,15,17,142092,142092
92693,43,76,119,141964,141964
92709,2,7,9,212292,212292
92766,2,3,5,237862,237862
92768,4,14,18,120596,120596
92775,7,19,26,135127,135127
92802,0,1,1,213346,213346
92805,0,1,1,195263,195263
92812,5,26,31,180490,180490
92823,12,14,26,233960,233960
92831,8,32,40,209101,209101
92884,2,11,13,134530,134530
92920,30,7,37,95446,95446
92947,0,1,1,236987,236987
93023,2,11,13,150043,150043
93024,7,68,75,143797,143797
93028,1,7,8,160154,160154
93049,0,0,0,220451,220451
93057,10,14,24,192297,192297
93066,18,28,46,229255,229255
93076,2,6,8,142555,142555
93100,14,7,21,119115,119115
93103,52,80,132,176128,176128
93106,20,21,41,74459,74459
93107,52,56,108,135940,135940
93109,10,34,44,145211,145211
93118,25,37,62,92460,92460
93120,14,29,43,173729,173729
93123,1,6,7,199515,199515
93145,15,35,50,252956,252956
93147,51,63,114,136497,136497
93153,2,17,19,196436,196436
93156,23,26,49,181988,181988
93159,48,62,110,188729,188729
93167,23,49,72,191596,191596
93168,15,18,33,226271,226271
93171,39,129,168,34258,34258
93180,23,28,51,155227,155227
93189,0,1,1,142902,142902
93195,2,7,9,56686,56686
93217,48,21,69,245718,245718
93249,0,10,10,75968,75968
93252,24,13,37,11767,11767
93255,21,9,30,226823,226823
93258,30,27,57,109785,109785
93265,15,39,54,206285,206285
93266,31,26,57,257285,257285
93268,8,12,20,121144,121144
93269,15,12,27,2881,2881
93274,28,39,67,14133,14133
93275,8,26,34,119916,119916
93279,34,19,53,59631,59631
93293,23,54,77,40524,40524
93294,4,10,14,77739,77739
93296,50,38,88,101205,101205
93297,48,15,63,109764,109764
93308,47,51,98,14821,14821
93311,28,66,94,109058,109058
93314,35,32,67,32635,32635
93317,13,19,32,16597,16597
93321,13,25,38,17329,17329
93325,35,38,73,141401,141401
93331,7,22,29,97960,97960
93336,7,17,24,22922,22922
93337,33,36,69,11027,11027
93339,5,7,12,41894,41894
93378,0,7,7,178845,178845
93379,4,4,8,137226,137226
93387,1,2,3,134050,134050
93395,9,14,23,199786,199786
93400,0,1,1,237956,237956
93410,0,1,1,228269,228269
93418,6,11,17,135222,135222
93432,2,7,9,162866,162866
93438,3,8,11,234388,234388
93443,0,17,17,240076,240076
93459,1,4,5,136324,136324
93476,9,22,31,137813,137813
93480,7,12,19,74357,74357
93481,8,7,15,74967,74967
93485,3,3,6,131818,131818
93487,11,8,19,130897,130897
93488,21,28,49,65909,65909
93491,2,3,5,242569,242569
93492,21,54,75,236921,236921
93502,15,11,26,138509,138509
93512,0,2,2,235199,235199
93523,10,6,16,148637,148637
93524,2,8,10,245197,245197
93529,11,44,55,124657,124657
93547,1,0,1,228975,228975
93551,4,3,7,175988,175988
93555,4,18,22,219952,219952
93593,7,6,13,134338,134338
93594,1,7,8,141266,141266
93596,0,7,7,74634,74634
93601,14,6,20,73721,73721
93606,7,19,26,153343,153343
93607,0,1,1,121440,121440
93617,1,0,1,235045,235045
93620,0,3,3,60008,60008
93625,0,1,1,163626,163626
93649,1,7,8,204177,204177
93688,4,38,42,145667,145667
93691,0,5,5,243070,243070
93703,13,10,23,241127,241127
93705,25,64,89,188418,188418
93714,19,46,65,256004,256004
93720,0,0,0,238426,238426
93735,37,58,95,92766,92766
93740,23,32,55,256436,256436
93751,0,13,13,112817,112817
93765,4,5,9,166642,166642
93780,1,3,4,234385,234385
93835,24,21,45,230678,230678
93884,0,2,2,237930,237930
93897,0,5,5,227278,227278
93907,2,12,14,142872,142872
93916,16,64,80,203883,203883
93922,0,1,1,156505,156505
93926,1,1,2,253680,253680
93953,29,42,71,188424,188424
93977,1,0,1,143805,143805
93978,0,1,1,257848,257848
93987,1,2,3,220353,220353
93989,0,3,3,215983,215983
93990,5,36,41,230377,230377
93999,0,1,1,191343,191343
94002,2,9,11,134298,134298
94005,1,3,4,188725,188725
94012,0,1,1,141806,141806
94033,2,5,7,234554,234554
94062,2,4,6,72309,72309
94069,1,4,5,243313,243313
94075,1,5,6,239650,239650
94108,7,14,21,219506,219506
94111,1,10,11,233177,233177
94119,4,14,18,133818,133818
94123,8,24,32,121558,121558
94132,0,6,6,165276,165276
94148,3,6,9,161451,161451
94158,3,16,19,128364,128364
94179,2,5,7,136458,136458
94200,1,4,5,135396,135396
94201,0,2,2,188458,188458
94217,1,4,5,222887,222887
94254,7,6,13,119339,119339
94256,15,15,30,244695,244695
94260,1,9,10,246364,246364
94269,3,21,24,49539,49539
94296,0,1,1,197357,197357
94310,1,4,5,193510,193510
94348,0,0,0,189286,189286
94362,5,19,24,186654,186654
94371,0,4,4,207597,207597
94393,0,9,9,201331,201331
94396,2,2,4,246622,246622
94399,4,12,16,165432,165432
94403,5,7,12,237004,237004
94414,0,0,0,186556,186556
94422,1,1,2,125054,125054
94425,1,10,11,206725,206725
94427,1,1,2,107106,107106
94436,2,0,2,171861,171861
94443,1,5,6,165901,165901
94453,1,2,3,159860,159860
94459,3,7,10,209240,209240
94496,8,10,18,238742,238742
94553,1,5,6,232030,232030
94555,0,2,2,139093,139093
94583,1,20,21,134409,134409
94588,0,1,1,122401,122401
94590,1,3,4,230707,230707
94615,11,16,27,155713,155713
94616,2,5,7,190953,190953
94640,0,3,3,197348,197348
94665,1,1,2,242071,242071
94693,3,4,7,196168,196168
94694,1,3,4,183986,183986
94699,1,0,1,182282,182282
94705,0,1,1,161850,161850
94713,9,8,17,103508,103508
94716,32,80,112,159389,159389
94723,9,17,26,131156,131156
94730,1,1,2,207755,207755
94768,0,4,4,103522,103522
94792,1,2,3,107390,107390
94800,0,1,1,166710,166710
94815,0,1,1,221222,221222
94830,3,11,14,30797,30797
94833,4,25,29,214382,214382
94847,17,11,28,183898,183898
94854,15,5,20,207223,207223
94861,4,3,7,188760,188760
94869,2,4,6,109750,109750
94880,15,2,17,66087,66087
94881,1,3,4,225908,225908
94905,2,15,17,237690,237690
94909,0,4,4,235394,235394
94940,2,6,8,98049,98049
94950,1,1,2,223287,223287
94952,3,9,12,229518,229518
94954,2,3,5,232386,232386
94969,1,4,5,159489,159489
94974,11,30,41,147866,147866
94979,3,31,34,236902,236902
94981,6,18,24,212344,212344
94984,6,12,18,153114,153114
94990,22,28,50,234492,234492
95001,2,8,10,194214,194214
95030,3,34,37,238358,238358
95036,16,19,35,118520,118520
95037,8,19,27,72369,72369
95040,3,58,61,246037,246037
95047,14,19,33,226980,226980
95079,14,24,38,151991,151991
95081,30,79,109,112506,112506
95085,9,11,20,148038,148038
95160,3,8,11,226355,226355
95186,0,0,0,202498,202498
95201,1,6,7,168924,168924
95208,4,18,22,231264,231264
95212,2,14,16,147601,147601
95213,0,3,3,204221,204221
95214,7,6,13,203321,203321
95226,5,20,25,236526,236526
95235,30,14,44,73983,73983
95257,2,21,23,236196,236196
95266,0,8,8,141415,141415
95283,2,5,7,200628,200628
95295,30,10,40,234876,234876
95303,1,16,17,221545,221545
95306,3,4,7,147831,147831
95315,0,2,2,192737,192737
95329,6,11,17,207697,207697
95344,1,15,16,190984,190984
95347,4,6,10,204272,204272
95352,0,1,1,157708,157708
95365,0,2,2,175345,175345
95377,10,26,36,132085,132085
95394,15,24,39,159155,159155
95402,0,6,6,156622,156622
95411,6,8,14,234360,234360
95415,4,29,33,228722,228722
95417,3,20,23,217390,217390
95429,11,15,26,150659,150659
95435,1,2,3,160203,160203
95437,7,1,8,257140,257140
95452,1,2,3,229624,229624
95455,2,5,7,55154,55154
95468,13,33,46,177632,177632
95470,9,14,23,129623,129623
95484,3,5,8,148620,148620
95506,2,2,4,196758,196758
95510,25,55,80,141951,141951
95549,8,10,18,240558,240558
95559,5,4,9,227087,227087
95562,2,4,6,145691,145691
95566,4,7,11,242564,242564
95586,3,4,7,47016,47016
95619,15,35,50,242564,242564
95626,3,7,10,244448,244448
95629,4,7,11,196088,196088
95640,8,21,29,238100,238100
95644,9,21,30,57107,57107
95652,0,7,7,224415,224415
95655,7,41,48,242855,242855
95656,0,6,6,191101,191101
95660,13,12,25,74519,74519
95676,4,19,23,172181,172181
95688,2,7,9,245750,245750
95693,5,16,21,213822,213822
95697,8,11,19,47097,47097
95702,49,56,105,170041,170041
95721,8,10,18,216068,216068
95728,4,6,10,25962,25962
95740,16,20,36,225700,225700
95773,12,43,55,215733,215733
95783,1,2,3,237842,237842
95800,6,9,15,104181,104181
95823,5,9,14,147448,147448
95826,1,5,6,194929,194929
95829,2,6,8,73858,73858
95835,1,0,1,74422,74422
95846,32,32,64,174371,174371
95848,13,54,67,37217,37217
95871,74,12,86,126206,126206
95878,3,2,5,140137,140137
95881,22,60,82,211764,211764
95909,7,8,15,243264,243264
95935,6,13,19,76650,76650
95962,4,4,8,208925,208925
95973,1,7,8,247145,247145
95977,1,4,5,138399,138399
95986,7,15,22,117020,117020
95989,23,83,106,154167,154167
95995,0,5,5,118713,118713
96022,97,56,153,122398,122398
96030,3,12,15,170488,170488
96047,3,6,9,232421,232421
96066,1,4,5,207234,207234
96067,13,14,27,228308,228308
96069,7,32,39,203035,203035
96078,0,0,0,132409,132409
96093,1,6,7,257579,257579
96094,3,8,11,250112,250112
96118,3,3,6,135197,135197
96125,0,0,0,247797,247797
96160,3,4,7,244486,244486
96184,0,2,2,153736,153736
96189,12,18,30,150292,150292
96190,3,23,26,217257,217257
96193,3,4,7,251603,251603
96199,5,16,21,199900,199900
96202,10,15,25,154693,154693
96203,1,4,5,217259,217259
96210,1,1,2,223073,223073
96217,1,1,2,197431,197431
96224,2,11,13,192872,192872
96231,0,2,2,254843,254843
96263,0,2,2,90973,90973
96267,0,4,4,216775,216775
96268,2,11,13,237893,237893
96291,56,61,117,58472,58472
96298,1,0,1,216763,216763
96312,0,2,2,210318,210318
96349,3,8,11,156238,156238
96350,11,13,24,161517,161517
96352,1,1,2,225672,225672
96411,11,30,41,248564,248564
96413,10,72,82,126381,126381
96415,6,19,25,247227,247227
96419,2,15,17,154533,154533
96459,0,0,0,175141,175141
96467,0,6,6,230071,230071
96483,0,3,3,202449,202449
96484,0,1,1,202712,202712
96485,1,2,3,218109,218109
96490,3,10,13,227792,227792
96491,1,4,5,192756,192756
96516,0,2,2,242881,242881
96522,18,19,37,205666,205666
96536,17,19,36,158130,158130
96537,1,3,4,21846,21846
96540,2,5,7,154338,154338
96585,6,19,25,150352,150352
96594,0,0,0,243401,243401
96597,0,3,3,143461,143461
96600,2,6,8,234568,234568
96665,0,0,0,168762,168762
96667,5,6,11,235553,235553
96717,3,3,6,158366,158366
96724,8,7,15,218120,218120
96731,6,41,47,251580,251580
96734,2,4,6,74664,74664
96755,7,6,13,221943,221943
96756,27,27,54,155208,155208
96762,2,18,20,245587,245587
96781,2,1,3,106958,106958
96785,4,48,52,243139,243139
96794,1,2,3,226898,226898
96806,0,10,10,223366,223366
96807,3,13,16,240873,240873
96811,0,7,7,149629,149629
96813,1,6,7,146419,146419
96823,3,19,22,71706,71706
96829,0,3,3,151255,151255
96859,1,7,8,104130,104130
96869,1,3,4,188379,188379
96893,2,1,3,114354,114354
96911,3,8,11,237332,237332
96918,3,7,10,160196,160196
96923,2,6,8,201076,201076
96934,0,2,2,133718,133718
96937,1,1,2,66734,66734
96938,0,1,1,187880,187880
96968,1,5,6,238650,238650
96991,2,5,7,133503,133503
96999,2,1,3,209846,209846
97003,0,8,8,241836,241836
97014,3,10,13,173498,173498
97015,8,16,24,149345,149345
97028,0,1,1,147792,147792
97045,5,4,9,152734,152734
97049,6,17,23,151193,151193
97050,6,17,23,225870,225870
97077,7,6,13,246942,246942
97097,0,2,2,216980,216980
97102,14,22,36,250945,250945
97104,0,1,1,233448,233448
97129,0,13,13,130214,130214
97136,1,2,3,224195,224195
97137,0,1,1,207223,207223
97138,1,4,5,242184,242184
97153,4,9,13,236730,236730
97154,0,9,9,10293,10293
97170,10,33,43,101467,101467
97203,0,2,2,116184,116184
97204,2,1,3,224183,224183
97209,4,5,9,112368,112368
97210,5,17,22,146470,146470
97221,3,15,18,148994,148994
97222,4,8,12,146771,146771
97227,0,5,5,71726,71726
97238,2,8,10,184087,184087
97246,0,0,0,180864,180864
97252,5,6,11,226977,226977
97260,0,1,1,104764,104764
97284,0,3,3,161627,161627
97292,1,7,8,250403,250403
97293,6,10,16,57057,57057
97301,2,9,11,57838,57838
97303,0,2,2,242303,242303
97309,8,11,19,157714,157714
97319,2,6,8,137353,137353
97326,2,9,11,149170,149170
97359,8,14,22,208525,208525
97378,0,1,1,242458,242458
97382,2,1,3,82290,82290
97385,2,5,7,82545,82545
97393,0,0,0,217930,217930
97413,0,5,5,247278,247278
97424,1,1,2,241194,241194
97429,4,32,36,256235,256235
97433,1,5,6,134141,134141
97465,10,22,32,169356,169356
97466,8,17,25,134461,134461
97478,46,24,70,180611,180611
97480,4,3,7,224231,224231
97493,12,12,24,96707,96707
97501,4,3,7,163163,163163
97506,32,31,63,151553,151553
97520,0,5,5,239801,239801
97533,0,4,4,200353,200353
97543,4,15,19,203938,203938
97560,10,2,12,55354,55354
97579,4,18,22,183723,183723
97635,12,12,24,125362,125362
97670,0,1,1,199534,199534
97674,1,9,10,238187,238187
97699,1,0,1,237406,237406
97755,1,2,3,129493,129493
97756,1,2,3,128647,128647
97757,4,15,19,168988,168988
97764,0,2,2,163216,163216
97786,3,2,5,132484,132484
97788,1,10,11,231201,231201
97811,1,6,7,246772,246772
97813,7,37,44,227479,227479
97815,2,8,10,252397,252397
97826,2,7,9,134735,134735
97827,1,4,5,190003,190003
97852,2,3,5,237253,237253
97869,0,3,3,217051,217051
97871,1,2,3,80270,80270
97874,6,14,20,180218,180218
97881,1,5,6,80665,80665
97882,2,5,7,144729,144729
97898,0,3,3,189629,189629
97917,2,1,3,191087,191087
97919,0,1,1,117423,117423
97964,1,4,5,220996,220996
97979,6,7,13,73261,73261
97982,11,1,12,214883,214883
97984,0,2,2,192784,192784
97991,1,2,3,231543,231543
97994,1,2,3,242482,242482
98004,3,4,7,240162,240162
98015,3,27,30,251569,251569
98025,7,9,16,178854,178854
98054,4,12,16,228630,228630
98056,7,5,12,131109,131109
98075,1,3,4,62758,62758
98091,0,0,0,168824,168824
98100,5,4,9,74471,74471
98104,1,1,2,152671,152671
98132,0,2,2,163397,163397
98142,2,11,13,229807,229807
98150,1,9,10,237200,237200
98202,8,15,23,225131,225131
98204,72,20,92,90403,90403
98212,4,6,10,151444,151444
98226,3,3,6,179211,179211
98239,2,5,7,142929,142929
98240,2,6,8,163927,163927
98243,4,8,12,163574,163574
98260,5,10,15,216352,216352
98269,1,2,3,115913,115913
98272,0,4,4,223654,223654
98311,1,3,4,74878,74878
98315,4,5,9,123850,123850
98319,6,10,16,114756,114756
98371,5,6,11,210281,210281
98377,1,27,28,128625,128625
98378,7,8,15,211424,211424
98415,1,4,5,241440,241440
98430,6,10,16,77354,77354
98439,3,4,7,160932,160932
98449,1,11,12,222291,222291
98453,18,133,151,31267,31267
98458,7,16,23,188741,188741
98460,1,11,12,226153,226153
98472,6,8,14,134847,134847
98473,0,2,2,66063,66063
98484,0,1,1,121588,121588
98493,3,4,7,161505,161505
98501,1,4,5,144737,144737
98505,0,2,2,146393,146393
98542,1,3,4,160497,160497
98544,3,9,12,211501,211501
98549,7,2,9,130954,130954
98551,0,2,2,168727,168727
98552,4,10,14,216756,216756
98557,0,2,2,256303,256303
98597,1,9,10,222841,222841
98599,0,2,2,190581,190581
98625,3,6,9,73961,73961
98636,4,3,7,130124,130124
98639,8,25,33,73349,73349
98671,8,13,21,132879,132879
98702,0,8,8,203059,203059
98728,12,12,24,93997,93997
98733,5,7,12,248236,248236
98734,16,13,29,155711,155711
98761,2,10,12,148992,148992
98762,21,27,48,117943,117943
98776,3,5,8,202210,202210
98778,1,7,8,204176,204176
98783,12,17,29,191651,191651
98791,11,20,31,159865,159865
98798,2,3,5,215914,215914
98829,2,22,24,74853,74853
98831,0,2,2,70872,70872
98851,5,18,23,99556,99556
98856,0,2,2,134571,134571
98857,8,2,10,121703,121703
98863,0,1,1,75394,75394
98897,14,26,40,86916,86916
98904,2,10,12,204436,204436
98905,39,46,85,149609,149609
98906,2,4,6,231740,231740
98938,2,4,6,147732,147732
98942,1,10,11,225828,225828
98945,0,1,1,158490,158490
98947,6,7,13,237375,237375
98960,1,3,4,214750,214750
98965,0,9,9,223072,223072
98967,2,3,5,256125,256125
98992,47,31,78,254044,254044
98995,3,10,13,250101,250101
99018,3,22,25,198257,198257
99021,7,17,24,148791,148791
99022,2,16,18,248517,248517
99027,3,10,13,146249,146249
99029,6,30,36,146766,146766
99030,6,11,17,204171,204171
99032,0,9,9,99533,99533
99033,8,42,50,228163,228163
99038,3,40,43,222547,222547
99047,5,15,20,202206,202206
99065,2,4,6,241642,241642
99068,3,2,5,149479,149479
99079,7,55,62,236026,236026
99102,5,21,26,146885,146885
99107,15,57,72,116423,116423
99112,6,36,42,229395,229395
99121,10,15,25,202924,202924
99134,0,16,16,147841,147841
99143,0,9,9,246010,246010
99149,3,17,20,227960,227960
99158,6,11,17,231845,231845
99165,3,8,11,195747,195747
99170,4,19,23,196744,196744
99178,5,12,17,245093,245093
99186,2,7,9,193388,193388
99207,2,2,4,191011,191011
99258,3,15,18,463,463
99266,2,19,21,215575,215575
99280,14,24,38,136819,136819
99282,2,7,9,222363,222363
99292,1,3,4,141855,141855
99312,0,0,0,205572,205572
99314,0,2,2,206661,206661
99318,2,4,6,229424,229424
99357,5,2,7,143784,143784
99364,1,2,3,63075,63075
99393,4,45,49,77747,77747
99403,5,9,14,132894,132894
99431,2,1,3,232476,232476
99439,2,13,15,226114,226114
99442,0,1,1,230944,230944
99456,7,13,20,235799,235799
99493,2,7,9,208883,208883
99494,0,0,0,223084,223084
99535,1,15,16,149167,149167
99544,4,10,14,236645,236645
99548,0,1,1,211647,211647
99549,1,0,1,165522,165522
99565,0,6,6,240922,240922
99573,2,5,7,72869,72869
99596,2,2,4,148929,148929
99620,4,30,34,229763,229763
99633,2,3,5,198584,198584
99634,0,1,1,180427,180427
99637,0,0,0,206219,206219
99656,0,4,4,204875,204875
99668,1,9,10,161506,161506
99678,12,9,21,245022,245022
99707,9,31,40,58700,58700
99719,0,7,7,209152,209152
99727,0,0,0,190125,190125
99743,21,18,39,149832,149832
99745,2,9,11,197277,197277
99786,2,30,32,234518,234518
99790,0,4,4,140391,140391
99791,0,9,9,160120,160120
99826,2,3,5,250705,250705
99838,0,1,1,215786,215786
99842,3,2,5,227665,227665
99846,1,0,1,55498,55498
99855,0,3,3,243302,243302
99867,2,6,8,141334,141334
99873,1,0,1,135030,135030
99874,0,0,0,212384,212384
99879,5,4,9,158995,158995
99885,1,5,6,155402,155402
99895,10,14,24,229218,229218
99917,0,3,3,154057,154057
99919,27,10,37,78684,78684
99949,2,4,6,210495,210495
99957,3,10,13,241456,241456
99975,6,5,11,102403,102403
99991,10,20,30,199827,199827
99992,1,5,6,248815,248815
100016,2,9,11,147822,147822
100026,4,4,8,126213,126213
100049,0,1,1,214050,214050
100061,0,2,2,169632,169632
100063,10,0,10,230254,230254
100071,3,2,5,237064,237064
100101,10,28,38,210237,210237
100123,5,15,20,228978,228978
100127,59,46,105,80229,80229
100129,3,92,95,226067,226067
100132,4,5,9,151854,151854
100134,4,13,17,221348,221348
100141,1,3,4,238122,238122
100152,1,3,4,75381,75381
100153,9,4,13,250210,250210
100156,0,4,4,153041,153041
100160,0,1,1,197023,197023
100166,7,8,15,225927,225927
100193,6,9,15,236312,236312
100194,6,2,8,228369,228369
100196,1,4,5,67766,67766
100223,3,17,20,214825,214825
100246,4,4,8,256921,256921
100253,3,3,6,125822,125822
100284,3,4,7,120364,120364
100291,3,15,18,133497,133497
100306,1,9,10,51060,51060
100316,2,4,6,72128,72128
100318,3,9,12,146447,146447
100343,2,1,3,202255,202255
100351,1,11,12,190012,190012
100353,5,12,17,258077,258077
100378,0,12,12,213560,213560
100382,1,1,2,259112,259112
100411,11,4,15,131770,131770
100414,12,7,19,50157,50157
100428,0,0,0,249967,249967
100436,0,19,19,155130,155130
100444,1,14,15,148660,148660
100465,0,1,1,235701,235701
100477,0,0,0,137494,137494
100489,2,3,5,170536,170536
100490,2,18,20,233229,233229
100491,8,4,12,205783,205783
100503,0,2,2,203381,203381
100526,4,5,9,229607,229607
100528,0,3,3,229006,229006
100534,1,2,3,177666,177666
100554,2,15,17,256960,256960
100555,1,1,2,206370,206370
100571,2,6,8,203960,203960
100583,1,13,14,214889,214889
100592,27,57,84,148105,148105
100611,2,3,5,138398,138398
100618,1,21,22,248956,248956
100673,2,5,7,128243,128243
100676,1,1,2,238872,238872
100677,1,3,4,218420,218420
100684,2,6,8,227967,227967
100700,2,2,4,144944,144944
100703,24,22,46,94203,94203
100706,0,1,1,162686,162686
100741,0,2,2,223843,223843
100749,2,4,6,205706,205706
100755,1,1,2,225179,225179
100764,12,18,30,208150,208150
100771,1,5,6,44038,44038
100773,0,7,7,142826,142826
100777,0,3,3,168506,168506
100808,18,2,20,150859,150859
100809,5,8,13,217102,217102
100823,2,6,8,239030,239030
100827,0,1,1,123712,123712
100837,1,2,3,239297,239297
100838,1,7,8,232767,232767
100868,0,1,1,51859,51859
100881,0,1,1,247295,247295
100908,0,9,9,220665,220665
100934,0,1,1,227566,227566
100941,2,10,12,130839,130839
100943,3,10,13,220709,220709
100971,1,4,5,198472,198472
100985,0,0,0,189197,189197
101024,0,11,11,188378,188378
101028,12,31,43,122403,122403
101033,1,5,6,152703,152703
101034,5,12,17,203934,203934
101108,2,3,5,243718,243718
101109,7,33,40,20267,20267
101118,2,2,4,142452,142452
101121,0,6,6,232980,232980
101132,5,14,19,192295,192295
101139,2,18,20,146345,146345
101151,13,13,26,214264,214264
101175,5,11,16,231920,231920
101201,7,11,18,197054,197054
101209,6,13,19,38235,38235
101211,5,6,11,132827,132827
101238,7,49,56,18849,18849
101243,1,2,3,179807,179807
101244,2,3,5,148182,148182
101270,2,6,8,221547,221547
101286,5,14,19,228374,228374
101304,0,4,4,154429,154429
101306,1,2,3,248324,248324
101307,12,18,30,146693,146693
101308,1,10,11,163416,163416
101309,1,4,5,242172,242172
101362,7,10,17,169019,169019
101370,0,1,1,176466,176466
101373,0,8,8,117861,117861
101377,6,14,20,221966,221966
101396,0,3,3,157519,157519
101425,3,12,15,162876,162876
101447,10,0,10,126100,126100
101477,0,2,2,230025,230025
101524,0,1,1,231655,231655
101546,1,0,1,235946,235946
101550,1,1,2,65214,65214
101551,0,3,3,239808,239808
101557,0,0,0,132871,132871
101569,5,5,10,220941,220941
101577,5,12,17,250796,250796
101586,0,5,5,106357,106357
101592,3,6,9,99393,99393
101609,1,4,5,146781,146781
101625,1,1,2,228822,228822
101630,0,0,0,215463,215463
101679,1,8,9,210905,210905
101684,6,5,11,204948,204948
101706,0,2,2,233905,233905
101718,7,10,17,176657,176657
101742,0,8,8,130712,130712
101745,1,15,16,137929,137929
101762,5,13,18,256350,256350
101783,5,58,63,223261,223261
101786,1,6,7,243545,243545
101788,1,6,7,202445,202445
101796,5,10,15,151328,151328
101816,4,5,9,38972,38972
101845,9,19,28,146683,146683
101876,7,3,10,245189,245189
101888,0,5,5,152123,152123
101906,0,5,5,56931,56931
101907,0,7,7,199768,199768
101918,2,5,7,251761,251761
101924,1,1,2,253723,253723
101932,3,5,8,130797,130797
101956,1,4,5,129861,129861
101977,7,7,14,74576,74576
101981,11,62,73,208299,208299
101996,1,1,2,246646,246646
102013,0,5,5,241167,241167
102026,0,4,4,183507,183507
102027,1,3,4,156281,156281
102038,0,1,1,209972,209972
102052,1,7,8,212202,212202
102086,8,1,9,239735,239735
102091,4,5,9,154842,154842
102116,0,10,10,243385,243385
102124,2,2,4,153302,153302
102140,2,6,8,145320,145320
102141,4,5,9,156520,156520
102144,3,2,5,141442,141442
102157,6,12,18,175334,175334
102168,1,2,3,222189,222189
102206,1,2,3,125281,125281
102214,6,4,10,240754,240754
102223,0,0,0,82720,82720
102255,1,2,3,141634,141634
102266,4,6,10,144649,144649
102291,0,3,3,250242,250242
102292,19,15,34,245825,245825
102296,3,28,31,229998,229998
102300,1,23,24,154580,154580
102309,7,10,17,150593,150593
102320,15,19,34,202904,202904
102337,3,6,9,126257,126257
102339,3,9,12,197945,197945
102340,0,4,4,146886,146886
102342,3,12,15,126656,126656
102343,0,0,0,220261,220261
102348,1,4,5,120737,120737
102352,6,6,12,199446,199446
102366,9,15,24,189639,189639
102373,20,20,40,241566,241566
102386,38,23,61,196703,196703
102390,4,9,13,209020,209020
102393,34,45,79,198682,198682
102394,2,14,16,146239,146239
102399,1,3,4,199898,199898
102401,2,9,11,231776,231776
102403,6,17,23,219579,219579
102404,3,17,20,212278,212278
102406,3,15,18,71349,71349
102412,0,4,4,193006,193006
102413,1,5,6,213989,213989
102425,10,10,20,149243,149243
102427,6,23,29,160683,160683
102439,5,7,12,146553,146553
102443,1,2,3,196749,196749
102452,1,5,6,225301,225301
102456,1,1,2,236435,236435
102459,0,6,6,147144,147144
102461,2,4,6,83598,83598
102477,2,30,32,71162,71162
102501,9,24,33,146326,146326
102502,0,12,12,148353,148353
102504,6,13,19,222641,222641
102505,3,24,27,210938,210938
102506,0,18,18,149344,149344
102511,10,34,44,250817,250817
102512,0,7,7,199200,199200
102523,6,8,14,245404,245404
102533,0,1,1,224398,224398
102545,5,9,14,148249,148249
102551,0,10,10,203517,203517
102563,2,2,4,202261,202261
102576,0,1,1,234729,234729
102581,0,1,1,240114,240114
102606,1,5,6,178339,178339
102634,0,0,0,178802,178802
102654,4,4,8,197472,197472
102661,0,2,2,80748,80748
102679,5,9,14,255631,255631
102682,2,4,6,238528,238528
102718,0,6,6,176577,176577
102721,10,10,20,130312,130312
102760,1,21,22,221145,221145
102786,4,3,7,230918,230918
102802,4,5,9,138222,138222
102804,2,2,4,61570,61570
102806,0,5,5,247723,247723
102830,0,0,0,200083,200083
102839,2,1,3,194091,194091
102840,0,4,4,104363,104363
102848,0,0,0,179252,179252
102870,7,18,25,248857,248857
102902,0,0,0,133053,133053
102923,4,39,43,218317,218317
102928,9,20,29,253644,253644
102929,1,3,4,117605,117605
102938,9,4,13,251589,251589
102952,1,2,3,146691,146691
102956,1,3,4,154986,154986
102979,0,0,0,230974,230974
103003,10,24,34,115227,115227
103008,2,20,22,148554,148554
103037,0,2,2,224296,224296
103045,3,15,18,237567,237567
103060,8,4,12,197123,197123
103100,4,1,5,121310,121310
103114,7,9,16,146527,146527
103118,0,2,2,208449,208449
103121,0,1,1,213869,213869
103125,0,2,2,235050,235050
103127,0,3,3,148205,148205
103131,0,3,3,205697,205697
103132,1,2,3,235418,235418
103135,1,1,2,84994,84994
103140,1,2,3,128111,128111
103167,8,3,11,132407,132407
103171,0,4,4,248360,248360
103172,11,15,26,152175,152175
103174,2,13,15,145041,145041
103181,34,64,98,182856,182856
103199,0,0,0,182968,182968
103201,1,0,1,142839,142839
103226,10,10,20,161449,161449
103251,19,32,51,240235,240235
103275,3,5,8,134098,134098
103278,2,7,9,119692,119692
103285,4,9,13,154146,154146
103287,5,26,31,187120,187120
103293,7,39,46,103624,103624
103294,16,76,92,229154,229154
103300,0,0,0,205842,205842
103313,2,0,2,145702,145702
103373,0,5,5,222694,222694
103416,2,3,5,137425,137425
103424,1,15,16,137623,137623
103427,2,5,7,159671,159671
103439,8,65,73,197928,197928
103441,5,8,13,224863,224863
103447,75,122,197,20064,20064
103449,1,5,6,222713,222713
103460,0,0,0,218537,218537
103475,1,1,2,134027,134027
103478,0,1,1,253503,253503
103490,0,0,0,190804,190804
103498,7,53,60,162001,162001
103502,2,9,11,144921,144921
103509,2,4,6,194916,194916
103512,1,2,3,212936,212936
103517,39,84,123,132499,132499
103537,2,10,12,163717,163717
103550,3,10,13,81988,81988
103553,16,21,37,228168,228168
103555,1,19,20,133944,133944
103556,8,17,25,239799,239799
103559,5,3,8,209247,209247
103568,6,6,12,221012,221012
103573,1,6,7,140485,140485
103575,1,2,3,212855,212855
103602,1,3,4,214343,214343
103611,1,1,2,215139,215139
103616,5,6,11,231597,231597
103621,0,3,3,224513,224513
103624,0,0,0,157658,157658
103629,2,2,4,166180,166180
103664,0,1,1,230574,230574
103684,1,5,6,133653,133653
103695,2,2,4,192278,192278
103700,0,0,0,156563,156563
103711,2,10,12,222049,222049
103724,15,14,29,148831,148831
103726,3,2,5,199547,199547
103757,2,6,8,145985,145985
103759,12,22,34,58790,58790
103787,2,1,3,74552,74552
103829,2,9,11,234645,234645
103849,4,4,8,158192,158192
103867,0,3,3,230166,230166
103883,6,20,26,173509,173509
103921,90,38,128,151955,151955
103929,1,1,2,210246,210246
103943,3,9,12,164141,164141
103977,1,22,23,158781,158781
103986,3,8,11,131948,131948
103991,4,16,20,253517,253517
104038,2,1,3,221985,221985
104047,4,6,10,243840,243840
104049,8,20,28,150862,150862
104056,10,57,67,194950,194950
104057,4,20,24,60745,60745
104059,4,0,4,56324,56324
104083,0,0,0,181871,181871
104101,1,1,2,258611,258611
104161,2,20,22,160978,160978
104181,6,10,16,253160,253160
104184,4,0,4,247762,247762
104187,0,2,2,202705,202705
104188,4,28,32,225470,225470
104204,0,1,1,223562,223562
104208,7,3,10,152392,152392
104211,0,6,6,121531,121531
104215,0,24,24,192554,192554
104233,0,1,1,238164,238164
104281,10,3,13,255475,255475
104293,0,5,5,183816,183816
104321,2,5,7,1994,1994
104330,2,10,12,226097,226097
104336,1,3,4,235200,235200
104337,2,9,11,235103,235103
104372,1,2,3,249401,249401
104374,2,20,22,226155,226155
104381,3,17,20,211729,211729
104398,0,1,1,238530,238530
104409,2,6,8,150778,150778
104412,2,7,9,161563,161563
104423,5,27,32,223537,223537
104431,10,12,22,207155,207155
104441,25,98,123,193232,193232
104445,0,0,0,233227,233227
104448,14,44,58,200343,200343
104487,0,3,3,106155,106155
104496,2,3,5,235442,235442
104498,6,0,6,5639,5639
104500,7,6,13,155766,155766
104519,1,3,4,135809,135809
104521,2,5,7,71128,71128
104536,4,9,13,137313,137313
104537,4,13,17,235522,235522
104541,6,11,17,52868,52868
104544,13,4,17,153183,153183
104547,1,4,5,226125,226125
104550,4,3,7,147253,147253
104552,2,7,9,146816,146816
104558,2,2,4,220265,220265
104561,1,9,10,146733,146733
104567,16,33,49,27945,27945
104571,17,70,87,71559,71559
104572,89,72,161,229544,229544
104576,15,31,46,198117,198117
104577,39,49,88,113779,113779
104603,4,5,9,247134,247134
104612,8,35,43,154688,154688
104613,4,19,23,221331,221331
104615,3,5,8,194530,194530
104652,1,2,3,124701,124701
104697,9,33,42,112165,112165
104708,1,2,3,222674,222674
104712,4,4,8,112389,112389
104731,2,7,9,159783,159783
104732,3,7,10,191393,191393
104738,12,53,65,218317,218317
104755,11,18,29,235891,235891
104768,15,26,41,252678,252678
104770,1,1,2,154335,154335
104781,35,18,53,224184,224184
104806,0,1,1,176910,176910
104810,0,3,3,248868,248868
104812,0,0,0,239523,239523
104826,2,5,7,216041,216041
104827,3,3,6,107692,107692
104833,4,3,7,247852,247852
104863,1,1,2,113038,113038
104864,1,0,1,223671,223671
104867,0,0,0,161641,161641
104870,2,2,4,137891,137891
104875,3,5,8,136808,136808
104889,3,7,10,77486,77486
104895,2,24,26,129388,129388
104919,1,12,13,173521,173521
104930,10,44,54,244055,244055
104943,0,1,1,109059,109059
104953,0,0,0,197969,197969
104963,2,7,9,204747,204747
104997,0,7,7,194729,194729
105041,1,2,3,83015,83015
105044,0,14,14,237724,237724
105059,0,3,3,226228,226228
105060,1,1,2,205536,205536
105065,0,2,2,194986,194986
105075,0,3,3,235616,235616
105089,0,2,2,239863,239863
105090,1,12,13,203464,203464
105100,0,0,0,236952,236952
105108,3,4,7,246450,246450
105116,13,16,29,230798,230798
105119,0,0,0,247063,247063
105143,0,4,4,162393,162393
105170,4,3,7,70356,70356
105175,1,5,6,110350,110350
105225,1,1,2,246427,246427
105229,0,1,1,133721,133721
105234,1,4,5,198856,198856
105238,1,4,5,253081,253081
105267,1,21,22,148646,148646
105294,0,0,0,142706,142706
105309,0,0,0,218206,218206
105320,1,6,7,249180,249180
105324,9,7,16,215855,215855
105352,0,2,2,218771,218771
105356,35,10,45,198838,198838
105361,14,11,25,243514,243514
105363,1,8,9,14983,14983
105367,10,13,23,219432,219432
105407,5,0,5,13499,13499
105452,3,10,13,94547,94547
105461,1,17,18,203215,203215
105471,3,4,7,236771,236771
105473,1,2,3,134114,134114
105489,13,21,34,227169,227169
105492,5,23,28,228603,228603
105493,2,2,4,252128,252128
105498,22,32,54,95688,95688
105517,10,0,10,197773,197773
105538,3,5,8,215525,215525
105543,1,2,3,92784,92784
105544,2,16,18,61081,61081
105545,2,9,11,30045,30045
105562,15,14,29,157599,157599
105568,0,2,2,231477,231477
105574,1,2,3,189825,189825
105619,1,5,6,244057,244057
105623,6,28,34,245089,245089
105625,4,2,6,129237,129237
105676,1,1,2,235445,235445
105695,1,13,14,192073,192073
105717,11,6,17,221886,221886
105727,0,1,1,239344,239344
105731,13,36,49,118405,118405
105736,2,10,12,222699,222699
105740,1,2,3,247609,247609
105758,1,5,6,133374,133374
105791,3,3,6,241817,241817
105814,1,16,17,113230,113230
105819,2,1,3,206455,206455
105827,3,10,13,124003,124003
105828,1,18,19,70797,70797
105834,0,7,7,74163,74163
105843,1,3,4,237539,237539
105855,0,1,1,236141,236141
105883,5,10,15,133645,133645
105885,35,52,87,221309,221309
105892,7,21,28,214596,214596
105903,0,3,3,222766,222766
105924,2,8,10,193626,193626
105938,1,2,3,234101,234101
105939,1,4,5,152742,152742
105968,5,4,9,103944,103944
105969,1,4,5,152620,152620
105970,0,0,0,205651,205651
105974,0,10,10,244227,244227
105979,3,11,14,112674,112674
105980,0,0,0,239908,239908
105985,0,3,3,239025,239025
105989,0,0,0,196942,196942
105990,1,3,4,219487,219487
106006,0,2,2,186992,186992
106082,2,4,6,200951,200951
106086,4,6,10,200297,200297
106089,9,5,14,191219,191219
106091,2,1,3,212216,212216
106098,1,1,2,221548,221548
106142,0,1,1,153127,153127
106200,16,19,35,88598,88598
106207,12,7,19,190142,190142
106209,29,86,115,42714,42714
106211,1,8,9,71002,71002
106217,6,24,30,46120,46120
106219,2,45,47,239546,239546
106221,6,45,51,53313,53313
106230,2,29,31,236795,236795
106247,0,2,2,60193,60193
106256,0,3,3,143788,143788
106295,1,3,4,213538,213538
106297,1,1,2,208339,208339
106337,0,8,8,243688,243688
106339,1,18,19,249239,249239
106359,0,1,1,134862,134862
106399,10,10,20,241165,241165
106414,0,6,6,227899,227899
106428,3,2,5,116717,116717
106447,1,2,3,195969,195969
106450,1,7,8,201784,201784
106453,1,1,2,244599,244599
106486,1,3,4,176009,176009
106491,1,22,23,226919,226919
106501,1,3,4,257402,257402
106502,6,35,41,184657,184657
106507,2,6,8,148354,148354
106523,8,19,27,207183,207183
106544,5,17,22,204759,204759
106558,3,8,11,95056,95056
106569,16,9,25,73447,73447
106570,18,7,25,71117,71117
106575,5,16,21,147935,147935
106588,0,1,1,208975,208975
106595,1,1,2,197127,197127
106596,1,4,5,209568,209568
106599,1,2,3,231442,231442
106644,0,4,4,59689,59689
106646,8,15,23,122891,122891
106650,24,32,56,130008,130008
106666,2,11,13,55426,55426
106685,0,0,0,218097,218097
106688,4,5,9,221990,221990
106699,2,2,4,237998,237998
106708,0,2,2,193914,193914
106734,2,1,3,133253,133253
106741,0,1,1,79121,79121
106743,3,3,6,148592,148592
106748,10,23,33,57100,57100
106752,4,5,9,195199,195199
106755,1,9,10,236601,236601
106760,2,1,3,120491,120491
106774,3,5,8,252193,252193
106781,4,6,10,211934,211934
106789,3,6,9,221390,221390
106803,7,8,15,246730,246730
106815,3,3,6,189348,189348
106844,0,3,3,257022,257022
106880,5,8,13,66459,66459
106903,3,6,9,221840,221840
106906,1,5,6,240191,240191
106923,0,6,6,243518,243518
106926,0,0,0,190944,190944
106978,0,0,0,155713,155713
106983,1,4,5,150090,150090
106985,0,2,2,248286,248286
106995,5,6,11,247703,247703
107006,2,21,23,55328,55328
107027,3,2,5,234379,234379
107031,0,14,14,216036,216036
107036,4,32,36,231454,231454
107044,37,45,82,141022,141022
107045,2,1,3,119733,119733
107046,0,4,4,228056,228056
107050,7,5,12,206064,206064
107061,15,28,43,237366,237366
107072,5,11,16,254014,254014
107135,14,22,36,227442,227442
107144,6,19,25,256724,256724
107158,0,0,0,227765,227765
107170,0,2,2,194050,194050
107195,1,3,4,220437,220437
107200,8,26,34,146887,146887
107219,2,7,9,236295,236295
107231,12,21,33,201302,201302
107242,2,1,3,258753,258753
107247,7,4,11,205344,205344
107250,6,5,11,87483,87483
107253,6,4,10,257145,257145
107283,4,0,4,190958,190958
107285,2,8,10,207087,207087
107290,0,1,1,251289,251289
107346,2,18,20,188642,188642
107347,11,14,25,188440,188440
107353,3,15,18,61284,61284
107363,1,3,4,221418,221418
107367,1,3,4,214424,214424
107376,2,4,6,50973,50973
107383,2,8,10,154189,154189
107436,5,10,15,203108,203108
107437,0,3,3,236745,236745
107442,2,5,7,74500,74500
107443,1,12,13,236746,236746
107444,1,2,3,182343,182343
107456,3,7,10,146364,146364
107471,2,4,6,162908,162908
107496,2,16,18,124723,124723
107499,0,1,1,235534,235534
107517,1,14,15,158945,158945
107530,1,0,1,207425,207425
107535,0,9,9,133857,133857
107542,5,71,76,135892,135892
107550,7,20,27,229698,229698
107569,5,29,34,227502,227502
107585,18,27,45,53095,53095
107617,0,0,0,162400,162400
107619,5,6,11,54888,54888
107624,1,5,6,199725,199725
107638,0,4,4,136003,136003
107639,5,11,16,256576,256576
107640,10,11,21,10292,10292
107644,22,50,72,228406,228406
107647,4,8,12,127906,127906
107652,10,27,37,177606,177606
107653,4,27,31,167534,167534
107668,0,0,0,163927,163927
107674,0,0,0,226983,226983
107681,3,10,13,253909,253909
107693,2,11,13,60926,60926
107729,1,17,18,196953,196953
107743,13,24,37,47928,47928
107772,3,15,18,149269,149269
107784,1,1,2,215902,215902
107787,1,4,5,133221,133221
107791,2,3,5,157941,157941
107808,3,3,6,244745,244745
107820,4,9,13,159016,159016
107825,1,1,2,103265,103265
107829,2,7,9,135288,135288
107830,9,9,18,216220,216220
107835,1,1,2,231054,231054
107854,18,8,26,220136,220136
107912,1,8,9,239403,239403
107920,2,3,5,230326,230326
107932,2,2,4,95101,95101
107934,2,2,4,95095,95095
107962,2,6,8,128678,128678
107976,2,8,10,212356,212356
107986,1,6,7,99511,99511
107999,0,5,5,249870,249870
108007,0,1,1,133740,133740
108024,3,8,11,214495,214495
108040,2,6,8,241280,241280
108067,1,7,8,206414,206414
108089,2,3,5,211472,211472
108099,0,16,16,90466,90466
108108,3,7,10,189473,189473
108123,0,0,0,163421,163421
108133,29,34,63,72774,72774
108136,0,7,7,196407,196407
108150,5,10,15,229895,229895
108151,5,11,16,230436,230436
108162,13,4,17,152434,152434
108185,0,1,1,209214,209214
108187,2,6,8,258069,258069
108191,1,5,6,192822,192822
108206,9,14,23,186490,186490
108224,2,6,8,99539,99539
108225,2,19,21,208131,208131
108246,4,8,12,236202,236202
108267,2,27,29,235959,235959
108272,1,60,61,147644,147644
108290,0,8,8,154820,154820
108308,1,1,2,230192,230192
108313,0,20,20,246105,246105
108343,2,1,3,106562,106562
108348,16,74,90,231039,231039
108366,2,33,35,136561,136561
108367,3,26,29,112872,112872
108372,5,7,12,252386,252386
108380,2,5,7,55404,55404
108383,4,28,32,59562,59562
108391,0,7,7,185231,185231
108395,5,6,11,135074,135074
108448,0,0,0,237894,237894
108480,3,4,7,246047,246047
108483,3,0,3,210531,210531
108484,4,8,12,163470,163470
108507,1,3,4,251274,251274
108528,0,2,2,234813,234813
108529,0,5,5,221202,221202
108536,1,2,3,142803,142803
108538,2,4,6,248992,248992
108540,1,2,3,246841,246841
108558,6,11,17,118707,118707
108562,6,13,19,184634,184634
108568,1,8,9,159324,159324
108573,1,1,2,195170,195170
108577,0,19,19,154762,154762
108600,1,5,6,254170,254170
108608,1,0,1,157683,157683
108626,0,3,3,193651,193651
108653,3,23,26,69749,69749
108668,0,6,6,143747,143747
108682,1,5,6,197089,197089
108693,0,1,1,238006,238006
108696,16,14,30,220042,220042
108705,0,14,14,159581,159581
108731,2,12,14,135880,135880
108733,2,27,29,173829,173829
108742,8,51,59,118489,118489
108744,1,10,11,144954,144954
108746,3,2,5,154245,154245
108751,1,2,3,167559,167559
108758,3,7,10,191278,191278
108765,1,10,11,252728,252728
108766,1,3,4,233117,233117
108801,1,2,3,58034,58034
108804,1,2,3,242591,242591
108821,1,15,16,155262,155262
108828,5,6,11,193906,193906
108832,3,6,9,150176,150176
108856,0,3,3,212989,212989
108919,0,1,1,244946,244946
108920,5,5,10,75013,75013
108958,1,10,11,238026,238026
108988,1,4,5,157943,157943
109001,2,3,5,78301,78301
109006,3,4,7,198354,198354
109032,1,6,7,105803,105803
109036,2,2,4,158505,158505
109044,13,13,26,137311,137311
109047,0,4,4,59487,59487
109059,1,7,8,255190,255190
109062,2,1,3,225299,225299
109064,1,1,2,173493,173493
109069,0,2,2,192957,192957
109072,13,17,30,252622,252622
109080,1,3,4,234214,234214
109088,0,0,0,214651,214651
109097,1,6,7,152090,152090
109109,3,3,6,210857,210857
109112,1,1,2,167211,167211
109113,1,2,3,66434,66434
109119,1,9,10,151673,151673
109121,0,9,9,209814,209814
109151,0,0,0,249222,249222
109171,11,4,15,147021,147021
109181,1,3,4,246548,246548
109184,0,1,1,133900,133900
109203,2,5,7,152227,152227
109207,0,3,3,219370,219370
109246,20,68,88,73896,73896
109249,1,0,1,227424,227424
109253,3,4,7,226780,226780
109255,5,40,45,255974,255974
109266,3,6,9,176515,176515
109290,4,20,24,230435,230435
109309,0,29,29,247110,247110
109316,0,0,0,246835,246835
109321,2,14,16,250092,250092
109324,18,13,31,131475,131475
109326,1,3,4,223751,223751
109350,2,3,5,243064,243064
109369,15,7,22,146362,146362
109372,8,2,10,212828,212828
109373,16,28,44,208021,208021
109390,2,8,10,218845,218845
109391,6,16,22,13702,13702
109417,2,7,9,134017,134017
109418,3,3,6,123045,123045
109422,5,10,15,197471,197471
109426,1,3,4,224568,224568
109437,0,2,2,190844,190844
109485,3,9,12,127360,127360
109506,3,12,15,131288,131288
109510,3,9,12,231967,231967
109513,1,2,3,146972,146972
109515,4,5,9,151562,151562
109527,16,54,70,26296,26296
109531,1,6,7,193591,193591
109533,7,11,18,193871,193871
109535,2,2,4,227258,227258
109538,9,10,19,202033,202033
109540,4,29,33,206251,206251
109543,18,27,45,235487,235487
109562,3,2,5,162858,162858
109566,0,23,23,221955,221955
109588,1,14,15,226017,226017
109601,6,5,11,258027,258027
109608,6,12,18,137231,137231
109610,10,17,27,106199,106199
109618,4,11,15,173237,173237
109621,13,13,26,159823,159823
109629,11,12,23,256350,256350
109631,6,3,9,111346,111346
109634,0,1,1,182438,182438
109635,26,39,65,132882,132882
109645,0,4,4,173938,173938
109647,31,42,73,135613,135613
109648,1,38,39,78960,78960
109652,12,41,53,149040,149040
109680,0,3,3,191079,191079
109698,10,10,20,233323,233323
109706,12,3,15,221812,221812
109717,1,5,6,228520,228520
109740,5,4,9,145316,145316
109770,3,25,28,248059,248059
109771,0,5,5,178955,178955
109775,3,2,5,135913,135913
109780,1,5,6,182256,182256
109784,1,2,3,178957,178957
109786,4,8,12,210224,210224
109801,4,9,13,188430,188430
109846,1,0,1,178846,178846
109858,1,3,4,227370,227370
109861,1,3,4,254813,254813
109877,1,1,2,223042,223042
109897,1,4,5,172855,172855
109951,1,4,5,255343,255343
109965,2,2,4,229588,229588
109966,1,11,12,136316,136316
109975,6,7,13,165664,165664
109994,2,3,5,76195,76195
110006,12,13,25,216324,216324
110015,0,2,2,150708,150708
110050,7,13,20,248442,248442
110056,0,3,3,234408,234408
110064,2,4,6,238837,238837
110069,1,6,7,246631,246631
110070,0,2,2,153505,153505
110071,2,2,4,190182,190182
110075,0,0,0,161828,161828
110093,11,17,28,57908,57908
110101,2,11,13,159768,159768
110135,1,4,5,181266,181266
110167,3,5,8,237313,237313
110170,6,12,18,73416,73416
110177,7,8,15,136072,136072
110188,2,7,9,139333,139333
110195,3,5,8,255797,255797
110204,0,5,5,112211,112211
110209,1,1,2,234539,234539
110229,0,2,2,161652,161652
110248,1,7,8,225027,225027
110249,3,12,15,110514,110514
110257,2,2,4,256010,256010
110259,3,3,6,258570,258570
110262,4,0,4,57045,57045
110269,4,7,11,257687,257687
110271,0,4,4,138519,138519
110283,2,3,5,132027,132027
110300,16,20,36,230150,230150
110311,0,0,0,190618,190618
110318,3,1,4,159761,159761
110319,4,14,18,150134,150134
110335,0,0,0,241653,241653
110337,0,3,3,251495,251495
110366,5,6,11,157521,157521
110383,2,10,12,207911,207911
110387,3,25,28,216832,216832
110388,4,16,20,62774,62774
110390,7,12,19,191470,191470
110394,1,5,6,227889,227889
110395,4,5,9,121612,121612
110403,0,2,2,133603,133603
110412,0,2,2,242254,242254
110413,2,5,7,158647,158647
110432,9,15,24,212477,212477
110433,19,27,46,141414,141414
110434,6,16,22,224075,224075
110442,0,4,4,74522,74522
110443,13,31,44,222198,222198
110447,0,4,4,206171,206171
110454,1,20,21,208514,208514
110463,6,60,66,74592,74592
110470,6,18,24,244374,244374
110476,3,19,22,201950,201950
110480,1,3,4,226687,226687
110482,5,14,19,224559,224559
110497,12,21,33,132038,132038
110525,0,7,7,227309,227309
110544,0,3,3,228382,228382
110547,2,3,5,200390,200390
110559,2,6,8,258590,258590
110577,13,26,39,38779,38779
110585,1,9,10,188629,188629
110592,0,19,19,61628,61628
110594,1,6,7,176796,176796
110697,0,10,10,246835,246835
110699,1,2,3,150724,150724
110731,4,11,15,213060,213060
110732,1,4,5,214168,214168
110735,4,20,24,180432,180432
110737,3,5,8,157436,157436
110738,1,3,4,255607,255607
110774,0,12,12,226108,226108
110794,2,2,4,152891,152891
110817,1,4,5,244433,244433
110819,3,5,8,198723,198723
110830,7,9,16,195567,195567
110874,21,25,46,247713,247713
110881,0,1,1,167013,167013
110895,1,2,3,138492,138492
110903,88,49,137,134985,134985
110916,15,20,35,148325,148325
110922,15,47,62,228294,228294
110926,10,11,21,203576,203576
110930,3,5,8,226597,226597
110934,4,5,9,208775,208775
110968,5,4,9,234678,234678
110989,1,3,4,158439,158439
110992,0,0,0,252728,252728
111005,0,10,10,72868,72868
111029,7,4,11,172468,172468
111044,0,2,2,220963,220963
111048,2,2,4,174364,174364
111054,1,1,2,171444,171444
111059,2,4,6,221069,221069
111085,2,5,7,201972,201972
111102,6,20,26,168205,168205
111105,30,64,94,167928,167928
111112,8,7,15,222691,222691
111114,8,20,28,148132,148132
111127,2,3,5,94839,94839
111128,4,7,11,251392,251392
111139,5,3,8,225466,225466
111144,0,1,1,183415,183415
111153,0,1,1,206904,206904
111159,0,1,1,177295,177295
111160,2,30,32,208396,208396
111162,5,12,17,131253,131253
111173,1,2,3,216086,216086
111176,8,66,74,254662,254662
111181,2,6,8,72400,72400
111185,1,3,4,73469,73469
111189,2,28,30,110343,110343
111202,2,3,5,231440,231440
111203,5,27,32,133860,133860
111205,2,10,12,154638,154638
111208,7,17,24,99641,99641
111272,1,6,7,225914,225914
111280,1,4,5,160114,160114
111302,2,2,4,223313,223313
111325,8,32,40,183220,183220
111342,1,2,3,150420,150420
111343,2,6,8,149038,149038
111358,1,1,2,213444,213444
111368,0,1,1,214441,214441
111433,0,2,2,234292,234292
111436,2,8,10,249649,249649
111440,0,4,4,242583,242583
111452,18,39,57,168704,168704
111459,5,1,6,258039,258039
111510,8,9,17,207468,207468
111545,0,2,2,227149,227149
111550,3,10,13,224728,224728
111562,2,20,22,247037,247037
111567,1,6,7,191975,191975
111568,0,9,9,190703,190703
111570,0,2,2,110317,110317
111588,2,3,5,246685,246685
111592,10,34,44,71538,71538
111599,4,6,10,245246,245246
111627,14,30,44,81274,81274
111634,0,2,2,256676,256676
111648,0,5,5,238792,238792
111687,16,3,19,212625,212625
111697,1,10,11,233152,233152
111710,2,8,10,133978,133978
111718,5,10,15,203754,203754
111720,10,22,32,250350,250350
111722,1,1,2,226930,226930
111728,11,10,21,212550,212550
111729,15,19,34,241270,241270
111730,1,8,9,73295,73295
111732,7,13,20,75781,75781
111792,1,2,3,165214,165214
111821,0,2,2,42327,42327
111879,1,8,9,189862,189862
111906,10,47,57,235630,235630
111924,0,16,16,194120,194120
111959,1,4,5,178415,178415
111971,0,4,4,227194,227194
111984,2,6,8,109409,109409
112002,1,6,7,156602,156602
112018,1,3,4,72383,72383
112029,0,18,18,236697,236697
112031,2,6,8,203766,203766
112059,0,13,13,253165,253165
112061,1,4,5,227661,227661
112096,0,3,3,113625,113625
112117,1,0,1,143348,143348
112141,0,2,2,238280,238280
112142,2,5,7,162241,162241
112157,0,0,0,252361,252361
112169,1,13,14,234749,234749
112186,1,3,4,167631,167631
112191,2,2,4,226157,226157
112194,0,2,2,223410,223410
112201,0,0,0,183213,183213
112221,0,2,2,149330,149330
112228,25,83,108,103700,103700
112230,0,6,6,247510,247510
112241,1,1,2,150604,150604
112260,2,2,4,134862,134862
112307,5,8,13,218263,218263
112315,0,0,0,234810,234810
112336,5,4,9,105251,105251
112345,14,19,33,247257,247257
112357,1,2,3,254651,254651
112359,11,21,32,153741,153741
112365,0,2,2,180163,180163
112379,1,1,2,212388,212388
112405,15,27,42,213158,213158
112408,0,2,2,181025,181025
112410,4,13,17,210325,210325
112462,0,2,2,138107,138107
112476,0,7,7,246701,246701
112479,1,15,16,146514,146514
112481,2,9,11,145431,145431
112484,2,19,21,234228,234228
112505,4,2,6,203005,203005
112530,0,10,10,239662,239662
112542,0,1,1,160170,160170
112544,2,5,7,253361,253361
112563,1,4,5,227873,227873
112572,0,1,1,130439,130439
112582,1,2,3,68230,68230
112588,1,1,2,136297,136297
112589,1,1,2,139148,139148
112612,0,0,0,217229,217229
112617,1,6,7,156040,156040
112642,1,8,9,147029,147029
112667,1,4,5,44874,44874
112683,2,1,3,255090,255090
112688,0,0,0,172363,172363
112692,1,3,4,224399,224399
112699,5,5,10,160486,160486
112707,5,21,26,146721,146721
112720,0,0,0,238907,238907
112739,0,3,3,189041,189041
112743,34,85,119,169482,169482
112746,15,36,51,218570,218570
112771,3,11,14,228409,228409
112779,2,2,4,151884,151884
112786,7,7,14,225976,225976
112801,1,6,7,253254,253254
112808,2,0,2,232020,232020
112820,2,2,4,224544,224544
112846,2,7,9,238985,238985
112857,10,20,30,206073,206073
112862,3,13,16,59004,59004
112879,0,1,1,136994,136994
112904,1,4,5,233818,233818
112916,0,1,1,133993,133993
112917,0,5,5,221058,221058
112944,1,2,3,229898,229898
112952,1,3,4,143334,143334
112969,0,0,0,188009,188009
112973,0,2,2,196245,196245
112974,0,4,4,255219,255219
113002,0,14,14,199707,199707
113005,6,28,34,146500,146500
113015,5,9,14,204156,204156
113027,8,47,55,248482,248482
113050,0,3,3,107956,107956
113051,2,1,3,176966,176966
113052,1,1,2,177221,177221
113066,6,5,11,147331,147331
113078,6,23,29,38681,38681
113083,1,3,4,202797,202797
113084,1,3,4,160170,160170
113088,0,6,6,127180,127180
113104,0,1,1,191196,191196
113113,3,8,11,244662,244662
113126,1,4,5,243535,243535
113135,1,1,2,72890,72890
113142,6,15,21,129755,129755
113155,0,1,1,223255,223255
113161,1,1,2,255631,255631
113162,3,7,10,224984,224984
113182,1,15,16,233446,233446
113222,1,3,4,193870,193870
113223,9,68,77,115292,115292
113232,2,1,3,55602,55602
113242,1,16,17,229475,229475
113260,6,7,13,228995,228995
113281,11,19,30,146907,146907
113282,1,0,1,159941,159941
113299,3,3,6,141751,141751
113312,0,0,0,216340,216340
113317,0,0,0,221962,221962
113319,6,2,8,73170,73170
113330,1,2,3,160624,160624
113334,0,1,1,143356,143356
113336,1,5,6,146763,146763
113348,0,5,5,178044,178044
113350,4,7,11,214754,214754
113366,15,17,32,129496,129496
113386,0,1,1,245481,245481
113392,7,6,13,199501,199501
113393,1,10,11,194860,194860
113395,5,6,11,73383,73383
113400,3,15,18,73279,73279
113404,3,8,11,247468,247468
113406,2,3,5,247735,247735
113412,1,3,4,161168,161168
113413,3,5,8,197804,197804
113419,0,0,0,258692,258692
113422,1,12,13,227046,227046
113433,2,2,4,221794,221794
113454,1,2,3,194221,194221
113465,3,3,6,244967,244967
113501,7,2,9,143872,143872
113523,1,3,4,255793,255793
113524,0,1,1,163579,163579
113540,7,9,16,236225,236225
113541,2,5,7,163022,163022
113542,1,4,5,143835,143835
113546,15,20,35,227069,227069
113549,8,31,39,214641,214641
113551,0,0,0,190951,190951
113561,3,9,12,140467,140467
113564,13,7,20,122687,122687
113578,9,23,32,238045,238045
113596,6,4,10,118255,118255
113600,0,17,17,134584,134584
113604,13,46,59,141820,141820
113607,1,21,22,180559,180559
113614,0,0,0,171431,171431
113633,3,3,6,231580,231580
113650,2,14,16,245872,245872
113655,0,0,0,153779,153779
113690,34,50,84,152070,152070
113700,3,6,9,132375,132375
113705,5,11,16,165319,165319
113727,5,14,19,210695,210695
113773,0,1,1,233052,233052
113774,4,2,6,79671,79671
113776,6,10,16,155253,155253
113779,20,32,52,154998,154998
113782,1,8,9,173392,173392
113783,0,1,1,97608,97608
113796,3,12,15,185122,185122
113801,15,9,24,252051,252051
113841,4,10,14,236953,236953
113850,0,9,9,111053,111053
113865,1,12,13,214159,214159
113880,1,11,12,148622,148622
113893,1,2,3,210308,210308
113895,1,9,10,155182,155182
113898,1,13,14,228163,228163
114010,2,2,4,219215,219215
114025,0,1,1,227833,227833
114027,11,44,55,135212,135212
114039,1,4,5,149968,149968
114050,0,1,1,180631,180631
114083,4,1,5,244274,244274
114104,0,9,9,73250,73250
114105,2,14,16,171676,171676
114108,1,11,12,221438,221438
114119,0,4,4,231597,231597
114126,0,0,0,239185,239185
114140,15,11,26,65137,65137
114184,1,3,4,247979,247979
114187,1,1,2,166769,166769
114214,11,17,28,195130,195130
114221,10,25,35,134301,134301
114224,5,11,16,172862,172862
114226,12,21,33,182258,182258
114230,7,12,19,171989,171989
114238,12,7,19,184691,184691
114244,4,15,19,142910,142910
114247,7,4,11,84877,84877
114248,4,7,11,218911,218911
114271,7,10,17,193288,193288
114273,11,11,22,215627,215627
114274,7,14,21,255799,255799
114276,14,26,40,178392,178392
114285,16,16,32,245576,245576
114287,1,5,6,250742,250742
114289,7,25,32,111463,111463
114293,7,27,34,196587,196587
114314,0,2,2,150002,150002
114350,0,3,3,231777,231777
114351,0,5,5,6242,6242
114366,4,16,20,184699,184699
114370,12,28,40,233906,233906
114376,4,6,10,190860,190860
114377,0,0,0,156107,156107
114386,1,9,10,144579,144579
114407,0,2,2,238916,238916
114409,4,26,30,239753,239753
114425,2,7,9,217653,217653
114428,20,18,38,233817,233817
114430,10,9,19,239378,239378
114433,11,12,23,231861,231861
114456,0,5,5,51451,51451
114457,0,2,2,212085,212085
114473,2,4,6,233019,233019
114481,2,13,15,191060,191060
114490,2,87,89,154090,154090
114503,3,8,11,234905,234905
114508,4,15,19,236279,236279
114518,1,38,39,206715,206715
114523,1,6,7,146312,146312
114548,2,17,19,101986,101986
114578,1,1,2,114790,114790
114618,0,0,0,119427,119427
114629,3,15,18,239187,239187
114631,20,22,42,217539,217539
114635,2,18,20,211863,211863
114647,1,1,2,138025,138025
114663,8,10,18,233932,233932
114664,4,8,12,230055,230055
114669,18,21,39,187405,187405
114670,4,3,7,239694,239694
114693,10,12,22,81469,81469
114704,1,3,4,252430,252430
114707,0,6,6,196623,196623
114715,1,3,4,159847,159847
114718,0,4,4,234274,234274
114723,1,3,4,231031,231031
114733,0,1,1,136457,136457
114738,3,6,9,150339,150339
114745,2,0,2,218176,218176
114759,1,1,2,238268,238268
114763,5,7,12,160609,160609
114766,5,4,9,150369,150369
114775,3,6,9,198422,198422
114784,5,34,39,222156,222156
114788,8,14,22,153289,153289
114791,0,8,8,146643,146643
114833,2,2,4,163499,163499
114834,1,6,7,239719,239719
114837,7,47,54,201421,201421
114839,1,7,8,188690,188690
114841,1,1,2,209551,209551
114857,5,23,28,71585,71585
114862,1,2,3,235533,235533
114866,0,3,3,252113,252113
114889,4,6,10,239644,239644
114903,5,0,5,246477,246477
114914,2,4,6,157014,157014
114931,0,12,12,213465,213465
114947,1,1,2,220564,220564
114982,1,2,3,239734,239734
114988,1,6,7,208486,208486
115005,1,43,44,59194,59194
115016,0,2,2,246369,246369
115018,0,3,3,160440,160440
115020,0,1,1,177792,177792
115037,4,9,13,212220,212220
115038,19,44,63,70065,70065
115051,25,28,53,162976,162976
115054,17,42,59,112799,112799
115060,16,21,37,239866,239866
115064,6,23,29,148622,148622
115069,0,4,4,247326,247326
115074,9,8,17,109971,109971
115086,1,11,12,128688,128688
115093,11,17,28,179851,179851
115099,4,4,8,246417,246417
115103,2,0,2,192175,192175
115126,8,21,29,138064,138064
115127,4,12,16,209669,209669
115131,4,5,9,183606,183606
115136,14,9,23,134337,134337
115139,3,5,8,141897,141897
115191,0,1,1,150422,150422
115199,0,2,2,248536,248536
115204,1,5,6,94859,94859
115215,2,4,6,214757,214757
115227,0,0,0,241974,241974
115229,10,14,24,125538,125538
115246,5,18,23,126708,126708
115247,0,2,2,239400,239400
115252,0,4,4,228697,228697
115280,0,0,0,239789,239789
115292,6,6,12,156217,156217
115296,6,7,13,221460,221460
115335,7,6,13,233715,233715
115337,1,1,2,215571,215571
115340,1,3,4,215266,215266
115342,1,0,1,138071,138071
115353,1,1,2,231700,231700
115364,6,9,15,258454,258454
115372,1,0,1,214940,214940
115381,4,6,10,241406,241406
115386,14,23,37,202994,202994
115393,0,0,0,153093,153093
115406,2,7,9,182944,182944
115424,5,5,10,213396,213396
115443,3,26,29,196154,196154
115447,3,3,6,126754,126754
115453,4,0,4,130440,130440
115538,1,1,2,227672,227672
115539,1,1,2,235651,235651
115557,1,3,4,154569,154569
115562,2,2,4,170892,170892
115567,1,5,6,71991,71991
115580,0,3,3,188329,188329
115584,5,20,25,144107,144107
115639,0,3,3,243337,243337
115660,1,12,13,149575,149575
115675,4,6,10,106994,106994
115684,0,4,4,98115,98115
115756,0,7,7,160554,160554
115775,7,32,39,219001,219001
115818,5,7,12,37404,37404
115840,3,8,11,68173,68173
115863,4,12,16,184705,184705
115873,9,8,17,193754,193754
115886,4,11,15,226393,226393
115889,0,0,0,67007,67007
115896,2,1,3,170654,170654
115915,1,6,7,190651,190651
115920,3,5,8,164433,164433
115939,35,37,72,221573,221573
115949,2,2,4,130234,130234
115952,0,3,3,180229,180229
115966,0,3,3,62988,62988
115969,2,7,9,155347,155347
115976,0,0,0,233793,233793
116002,3,7,10,221209,221209
116037,2,2,4,253012,253012
116063,3,19,22,224054,224054
116065,11,37,48,195158,195158
116070,10,25,35,129800,129800
116076,2,8,10,150173,150173
116085,6,15,21,214144,214144
116121,0,0,0,204003,204003
116137,14,17,31,213950,213950
116139,4,15,19,126385,126385
116143,8,27,35,196668,196668
116144,13,25,38,190925,190925
116146,5,18,23,214863,214863
116147,2,2,4,234294,234294
116163,5,6,11,212400,212400
116191,6,9,15,169203,169203
116193,0,4,4,135037,135037
116201,0,3,3,247675,247675
116211,1,7,8,193183,193183
116232,0,4,4,213289,213289
116255,9,41,50,135439,135439
116276,0,9,9,232752,232752
116277,6,32,38,209104,209104
116284,15,40,55,71183,71183
116308,0,7,7,182062,182062
116320,1,11,12,145844,145844
116322,2,1,3,220919,220919
116323,45,28,73,46468,46468
116438,1,9,10,147526,147526
116441,0,0,0,190013,190013
116459,3,6,9,222013,222013
116469,0,5,5,234294,234294
116472,0,8,8,193347,193347
116511,21,36,57,245836,245836
116512,13,37,50,231883,231883
116529,0,5,5,254307,254307
116537,23,24,47,221915,221915
116545,0,1,1,150577,150577
116551,2,15,17,196918,196918
116566,2,12,14,241839,241839
116571,0,1,1,240664,240664
116579,0,2,2,235478,235478
116595,8,15,23,232232,232232
116631,2,13,15,147815,147815
116632,7,12,19,145452,145452
116633,30,15,45,77392,77392
116638,7,6,13,152478,152478
116639,15,32,47,188654,188654
116660,2,7,9,209349,209349
116662,2,6,8,173805,173805
116677,0,14,14,148266,148266
116684,1,14,15,214279,214279
116686,3,9,12,71736,71736
116687,2,16,18,234336,234336
116701,6,20,26,212567,212567
116727,4,19,23,246707,246707
116743,1,11,12,215069,215069
116745,4,5,9,147665,147665
116762,1,7,8,154121,154121
116779,6,28,34,215233,215233
116780,30,33,63,149491,149491
116784,2,17,19,216163,216163
116791,1,5,6,148596,148596
116792,3,3,6,161304,161304
116797,3,11,14,147944,147944
116809,11,61,72,238894,238894
116815,5,9,14,221880,221880
116820,3,14,17,137077,137077
116832,0,6,6,222884,222884
116838,7,14,21,164193,164193
116852,5,29,34,229667,229667
116864,1,1,2,207957,207957
116885,1,7,8,239548,239548
116887,4,9,13,152579,152579
116936,1,12,13,130298,130298
116940,2,3,5,74235,74235
116950,0,0,0,171327,171327
116951,1,2,3,223658,223658
116957,12,22,34,232708,232708
116959,6,12,18,170004,170004
116966,16,38,54,149132,149132
116972,5,7,12,163049,163049
116989,0,4,4,237546,237546
117010,0,9,9,234258,234258
117016,3,2,5,247600,247600
117027,4,8,12,240907,240907
117028,1,3,4,224148,224148
117033,7,8,15,70372,70372
117037,3,4,7,94050,94050
117051,1,2,3,55853,55853
117062,0,0,0,180262,180262
117092,4,19,23,246002,246002
117100,1,5,6,113958,113958
117134,1,1,2,131450,131450
117138,0,4,4,259122,259122
117141,0,3,3,215659,215659
117167,0,8,8,198097,198097
117181,0,22,22,178848,178848
117189,4,9,13,258156,258156
117190,1,1,2,150012,150012
117210,3,1,4,232062,232062
117217,3,8,11,243137,243137
117221,3,6,9,240499,240499
117234,2,7,9,135235,135235
117237,4,8,12,238317,238317
117246,2,16,18,141785,141785
117251,9,47,56,232804,232804
117287,1,4,5,218677,218677
117297,0,1,1,144172,144172
117357,1,5,6,196272,196272
117377,9,11,20,243331,243331
117388,5,6,11,178859,178859
117409,0,2,2,224553,224553
117417,1,2,3,209847,209847
117421,22,41,63,127272,127272
117424,11,27,38,110491,110491
117425,7,35,42,195143,195143
117439,3,37,40,145973,145973
117448,1,3,4,239871,239871
117495,6,15,21,162982,162982
117514,4,2,6,130029,130029
117538,5,10,15,133981,133981
117550,1,2,3,135114,135114
117554,2,9,11,216982,216982
117561,4,4,8,236985,236985
117585,3,11,14,235858,235858
117604,8,7,15,236835,236835
117609,0,0,0,137051,137051
117618,1,1,2,239436,239436
117636,0,0,0,128262,128262
117641,10,8,18,226371,226371
117651,0,2,2,168610,168610
117659,2,7,9,196152,196152
117660,3,22,25,197830,197830
117667,2,19,21,202339,202339
117690,0,1,1,219238,219238
117693,3,11,14,72476,72476
117706,1,4,5,223979,223979
117711,0,2,2,239483,239483
117717,3,3,6,146288,146288
117754,1,2,3,158808,158808
117783,0,1,1,124565,124565
117825,2,6,8,139923,139923
117878,0,6,6,220437,220437
117882,4,4,8,113160,113160
117887,0,2,2,210932,210932
117909,16,15,31,228404,228404
117936,1,8,9,222606,222606
117973,2,6,8,191710,191710
117984,1,1,2,254163,254163
117999,0,9,9,239318,239318
118015,2,3,5,251507,251507
118040,1,2,3,135998,135998
118085,1,2,3,189677,189677
118088,1,21,22,149245,149245
118113,0,0,0,198064,198064
118124,1,5,6,242011,242011
118132,5,14,19,160016,160016
118136,2,9,11,229576,229576
118142,3,23,26,195715,195715
118144,2,7,9,249297,249297
118147,11,5,16,154282,154282
118154,1,10,11,132811,132811
118187,0,7,7,222855,222855
118250,0,1,1,223184,223184
118256,0,1,1,193935,193935
118272,9,18,27,191847,191847
118274,6,34,40,72759,72759
118282,1,3,4,147094,147094
118283,3,4,7,154851,154851
118287,5,10,15,204715,204715
118290,2,14,16,153659,153659
118304,15,22,37,162443,162443
118316,1,4,5,245106,245106
118326,1,3,4,56051,56051
118334,3,3,6,226536,226536
118355,1,2,3,146744,146744
118358,1,1,2,183717,183717
118365,11,26,37,46320,46320
118367,2,5,7,174860,174860
118370,6,14,20,46501,46501
118375,5,7,12,45362,45362
118378,1,1,2,141291,141291
118389,4,11,15,240446,240446
118422,8,12,20,152809,152809
118424,6,13,19,222401,222401
118462,6,14,20,207350,207350
118480,4,8,12,255872,255872
118483,1,5,6,164674,164674
118505,2,7,9,156639,156639
118507,0,6,6,208635,208635
118508,25,45,70,130503,130503
118513,9,6,15,77266,77266
118514,2,7,9,81895,81895
118520,1,2,3,242974,242974
118523,6,18,24,246836,246836
118526,8,19,27,147462,147462
118527,10,46,56,151077,151077
118544,0,0,0,136257,136257
118555,6,5,11,134048,134048
118574,0,8,8,84843,84843
118602,0,0,0,65233,65233
118645,2,2,4,228287,228287
118708,0,2,2,191552,191552
118727,0,1,1,138081,138081
118729,5,6,11,161117,161117
118735,1,1,2,133990,133990
118745,2,2,4,254979,254979
118798,1,6,7,228596,228596
118807,0,4,4,231611,231611
118814,0,1,1,73572,73572
118822,1,9,10,229858,229858
118829,1,17,18,204733,204733
118853,3,13,16,156487,156487
118883,0,15,15,250148,250148
118888,0,5,5,143294,143294
118892,27,35,62,130074,130074
118915,1,7,8,226656,226656
118927,2,7,9,68354,68354
118933,2,4,6,238268,238268
118951,3,5,8,165819,165819
118964,7,21,28,200297,200297
118970,3,11,14,54917,54917
118988,3,4,7,77654,77654
118992,2,1,3,158663,158663
118996,4,16,20,187724,187724
118998,5,35,40,211921,211921
119000,11,4,15,226919,226919
119010,14,6,20,207339,207339
119021,0,3,3,205209,205209
119025,4,7,11,237019,237019
119054,4,7,11,146394,146394
119070,8,28,36,256275,256275
119089,1,8,9,199498,199498
119092,3,3,6,149011,149011
119097,7,13,20,228134,228134
119099,16,13,29,240380,240380
119101,4,27,31,200975,200975
119103,11,23,34,247328,247328
119108,12,21,33,244520,244520
119113,9,16,25,242743,242743
119121,0,0,0,225912,225912
119126,0,10,10,138164,138164
119130,1,3,4,225997,225997
119131,1,1,2,205566,205566
119137,3,12,15,160946,160946
119159,10,14,24,211444,211444
119169,0,11,11,124817,124817
119177,2,14,16,191641,191641
119196,11,45,56,223679,223679
119214,0,3,3,157796,157796
119222,6,7,13,231286,231286
119238,0,2,2,146033,146033
119239,3,4,7,96458,96458
119245,2,4,6,216032,216032
119248,1,2,3,228895,228895
119282,0,23,23,68524,68524
119291,4,5,9,223839,223839
119297,11,11,22,223489,223489
119298,1,7,8,239492,239492
119314,8,14,22,193169,193169
119315,2,6,8,240674,240674
119322,9,17,26,246085,246085
119329,0,1,1,234604,234604
119333,12,61,73,136735,136735
119345,1,3,4,208851,208851
119355,4,14,18,236997,236997
119357,1,2,3,115968,115968
119361,2,2,4,232787,232787
119364,2,4,6,83469,83469
119377,2,2,4,248615,248615
119385,6,23,29,155342,155342
119388,0,0,0,218216,218216
119394,1,2,3,249361,249361
119396,2,6,8,196353,196353
119399,2,7,9,150045,150045
119401,2,4,6,148299,148299
119403,1,14,15,148943,148943
119408,2,4,6,225568,225568
119429,2,9,11,115978,115978
119455,3,10,13,225560,225560
119460,21,90,111,117214,117214
119463,4,8,12,209618,209618
119465,0,0,0,174583,174583
119479,2,2,4,234554,234554
119509,1,4,5,236167,236167
119514,1,1,2,232429,232429
119518,14,5,19,248890,248890
119521,0,6,6,171191,171191
119522,0,2,2,100680,100680
119553,0,6,6,29346,29346
119559,0,1,1,205436,205436
119561,6,19,25,223345,223345
119578,2,3,5,203475,203475
119584,0,0,0,176976,176976
119586,0,2,2,139787,139787
119646,1,2,3,118786,118786
119669,2,8,10,249153,249153
119670,2,5,7,159421,159421
119704,3,8,11,78557,78557
119705,1,2,3,80981,80981
119726,2,5,7,132089,132089
119732,0,3,3,228545,228545
119735,0,3,3,220185,220185
119737,2,5,7,249678,249678
119753,0,0,0,198100,198100
119769,14,18,32,70418,70418
119810,7,30,37,114975,114975
119813,0,6,6,192348,192348
119825,15,6,21,209292,209292
119827,1,3,4,223250,223250
119840,1,2,3,15998,15998
119866,3,8,11,250404,250404
119923,10,9,19,212722,212722
119927,16,25,41,250043,250043
119963,4,10,14,212528,212528
119971,1,20,21,234311,234311
119972,7,18,25,207067,207067
119985,1,6,7,157230,157230
120015,0,0,0,131720,131720
120032,3,1,4,143779,143779
120050,3,5,8,66962,66962
120055,4,25,29,154514,154514
120063,6,1,7,179163,179163
120076,14,19,33,232448,232448
120079,2,16,18,217680,217680
120115,12,2,14,70715,70715
120131,1,7,8,71757,71757
120168,3,6,9,252823,252823
120177,2,5,7,210169,210169
120187,2,10,12,234315,234315
120190,5,3,8,149319,149319
120195,0,3,3,143431,143431
120216,0,1,1,130195,130195
120222,9,37,46,149071,149071
120247,0,10,10,180446,180446
120250,25,51,76,6520,6520
120253,0,4,4,192180,192180
120301,2,10,12,71151,71151
120303,2,3,5,169295,169295
120311,1,6,7,140630,140630
120317,0,2,2,206812,206812
120327,12,26,38,15066,15066
120339,0,2,2,153853,153853
120340,0,3,3,134535,134535
120352,31,33,64,217296,217296
120360,0,5,5,171237,171237
120370,1,4,5,148194,148194
120371,0,3,3,196514,196514
120373,4,7,11,164120,164120
120374,2,4,6,258420,258420
120376,1,14,15,204233,204233
120384,5,8,13,198978,198978
120398,0,1,1,161679,161679
120426,2,6,8,192171,192171
120435,0,2,2,221225,221225
120456,0,2,2,157816,157816
120465,0,0,0,110618,110618
120469,0,2,2,206050,206050
120471,11,15,26,213930,213930
120484,1,1,2,152397,152397
120495,4,4,8,142550,142550
120514,3,5,8,109033,109033
120531,0,1,1,99123,99123
120539,2,3,5,220037,220037
120553,18,23,41,240722,240722
120586,0,2,2,257503,257503
120590,2,23,25,136895,136895
120618,1,6,7,248673,248673
120630,1,14,15,144590,144590
120634,1,5,6,238565,238565
120643,5,4,9,189755,189755
120649,1,6,7,235979,235979
120670,13,15,28,126279,126279
120688,1,11,12,250282,250282
120694,0,15,15,237416,237416
120697,0,1,1,141569,141569
120699,1,3,4,184625,184625
120719,9,9,18,133960,133960
120720,4,9,13,195932,195932
120721,5,6,11,142662,142662
120726,6,7,13,201634,201634
120732,1,1,2,245635,245635
120744,0,1,1,246119,246119
120747,1,13,14,159354,159354
120758,1,1,2,153572,153572
120759,2,2,4,146727,146727
120761,1,3,4,244600,244600
120782,1,0,1,158675,158675
120800,1,2,3,167253,167253
120830,1,5,6,239915,239915
120834,2,4,6,150943,150943
120835,0,0,0,206879,206879
120837,1,7,8,163183,163183
120841,1,2,3,147902,147902
120844,2,2,4,250287,250287
120885,0,2,2,258216,258216
120897,3,7,10,156400,156400
120924,0,4,4,250753,250753
120969,1,11,12,229962,229962
121011,0,5,5,148571,148571
121018,0,1,1,202951,202951
121054,8,8,16,238807,238807
121058,0,9,9,238946,238946
121074,2,12,14,161702,161702
121075,10,23,33,216668,216668
121082,0,0,0,191407,191407
121083,0,0,0,214619,214619
121084,3,0,3,214471,214471
121103,1,1,2,240358,240358
121106,1,3,4,230566,230566
121110,1,1,2,147933,147933
121115,0,1,1,244478,244478
121127,2,6,8,234486,234486
121139,18,4,22,237317,237317
121147,2,4,6,230079,230079
121177,1,2,3,221652,221652
121222,2,3,5,141114,141114
121269,1,2,3,209790,209790
121284,0,0,0,158202,158202
121293,32,32,64,212116,212116
121329,1,10,11,246863,246863
121334,0,0,0,235251,235251
121374,2,5,7,252143,252143
121375,1,3,4,135951,135951
121379,2,1,3,153755,153755
121381,1,4,5,131364,131364
121389,1,4,5,168650,168650
121394,24,32,56,132948,132948
121409,0,3,3,197410,197410
121414,18,26,44,226053,226053
121422,7,36,43,200951,200951
121424,2,7,9,223113,223113
121428,6,45,51,159128,159128
121433,13,22,35,121996,121996
121447,0,0,0,256287,256287
121505,15,13,28,226564,226564
121526,1,9,10,190020,190020
121529,0,9,9,232565,232565
121536,4,4,8,199305,199305
121559,0,0,0,228803,228803
121571,1,11,12,210746,210746
121586,33,18,51,78992,78992
121587,1,1,2,135552,135552
121589,1,1,2,226998,226998
121590,0,0,0,185743,185743
121593,0,2,2,227272,227272
121599,0,7,7,134503,134503
121604,1,3,4,243767,243767
121625,0,1,1,250591,250591
121639,0,0,0,153219,153219
121640,0,5,5,158663,158663
121665,0,5,5,256388,256388
121697,3,9,12,138059,138059
121740,2,3,5,192966,192966
121743,1,4,5,143534,143534
121745,0,12,12,194699,194699
121757,9,35,44,153330,153330
121759,2,9,11,192045,192045
121760,6,43,49,242038,242038
121783,1,4,5,222391,222391
121784,3,9,12,249559,249559
121798,2,2,4,195253,195253
121799,2,3,5,154961,154961
121801,8,13,21,73870,73870
121821,0,2,2,150010,150010
121822,0,3,3,225429,225429
121823,0,0,0,205167,205167
121845,4,11,15,185648,185648
121863,1,13,14,237237,237237
121883,2,3,5,136690,136690
121887,1,1,2,74483,74483
121895,2,3,5,248500,248500
121910,0,1,1,92907,92907
121916,2,6,8,100901,100901
121932,6,25,31,9668,9668
121955,2,8,10,217280,217280
121963,38,73,111,181449,181449
121993,0,1,1,163378,163378
122044,0,1,1,220963,220963
122067,3,4,7,140234,140234
122070,7,28,35,147787,147787
122087,5,12,17,56479,56479
122106,2,4,6,43591,43591
122131,6,7,13,220573,220573
122134,4,6,10,248907,248907
122138,7,10,17,134810,134810
122153,4,17,21,193605,193605
122173,10,16,26,232793,232793
122184,5,3,8,212762,212762
122190,10,6,16,36425,36425
122193,3,22,25,21971,21971
122227,17,19,36,233923,233923
122234,0,6,6,187664,187664
122258,2,4,6,256190,256190
122265,4,11,15,219891,219891
122274,0,7,7,201406,201406
122306,6,11,17,245399,245399
122318,2,1,3,253305,253305
122348,0,1,1,136929,136929
122354,3,12,15,208299,208299
122356,1,8,9,127688,127688
122368,3,7,10,148037,148037
122381,2,13,15,157771,157771
122382,0,1,1,188736,188736
122387,3,24,27,229691,229691
122392,1,2,3,251692,251692
122399,0,1,1,164585,164585
122430,1,3,4,215294,215294
122514,1,5,6,234240,234240
122529,43,60,103,25761,25761
122537,1,1,2,212226,212226
122539,3,2,5,237891,237891
122543,0,4,4,256663,256663
122551,2,8,10,126699,126699
122570,2,0,2,156769,156769
122590,4,12,16,233097,233097
122603,0,2,2,193900,193900
122616,2,3,5,214066,214066
122617,2,2,4,214050,214050
122627,1,11,12,162491,162491
122663,9,20,29,74194,74194
122678,2,2,4,151414,151414
122680,11,50,61,118607,118607
122685,0,1,1,162057,162057
122689,0,1,1,134886,134886
122696,0,2,2,227037,227037
122711,4,13,17,83056,83056
122717,0,4,4,179742,179742
122719,0,4,4,171138,171138
122723,0,0,0,145247,145247
122728,0,0,0,195609,195609
122729,0,9,9,44824,44824
122745,3,36,39,132853,132853
122756,1,4,5,74131,74131
122796,0,2,2,257997,257997
122807,2,0,2,205601,205601
122815,0,4,4,189058,189058
122839,1,5,6,112353,112353
122880,16,47,63,106236,106236
122888,6,25,31,242780,242780
122904,2,3,5,247074,247074
122921,5,9,14,239896,239896
122923,19,57,76,221810,221810
122925,0,8,8,158707,158707
122928,11,58,69,216454,216454
122939,2,2,4,50929,50929
122957,0,7,7,159144,159144
122961,0,2,2,93564,93564
122999,0,0,0,207770,207770
123031,3,4,7,230578,230578
123052,8,0,8,227400,227400
123058,1,8,9,193853,193853
123109,0,3,3,250180,250180
123127,0,4,4,205199,205199
123128,3,3,6,237737,237737
123165,53,50,103,67999,67999
123166,3,5,8,153310,153310
123167,1,6,7,156775,156775
123175,5,3,8,169440,169440
123195,3,12,15,229933,229933
123218,0,4,4,221692,221692
123219,6,6,12,157348,157348
123248,1,2,3,220768,220768
123269,10,17,27,148173,148173
123292,0,1,1,179126,179126
123329,1,7,8,217678,217678
123356,1,3,4,224967,224967
123357,1,2,3,238557,238557
123358,0,1,1,223567,223567
123370,0,3,3,235589,235589
123373,1,3,4,99544,99544
123383,1,6,7,241485,241485
123385,0,0,0,163052,163052
123389,4,7,11,229510,229510
123412,0,2,2,249001,249001
123413,5,9,14,212209,212209
123414,2,8,10,159025,159025
123471,0,4,4,148764,148764
123472,3,3,6,113310,113310
123476,11,10,21,145489,145489
123501,0,4,4,255943,255943
123517,7,13,20,203595,203595
123560,7,2,9,240690,240690
123564,1,8,9,236815,236815
123567,17,22,39,180638,180638
123568,2,4,6,77626,77626
123570,0,2,2,227263,227263
123615,1,2,3,230736,230736
123616,1,2,3,186835,186835
123617,3,12,15,237060,237060
123618,0,4,4,113853,113853
123619,2,4,6,146624,146624
123620,3,11,14,201705,201705
123630,2,16,18,148671,148671
123633,0,1,1,242834,242834
123688,3,5,8,147914,147914
123689,9,1,10,188920,188920
123691,2,8,10,222127,222127
123705,1,26,27,166664,166664
123714,4,19,23,257575,257575
123727,0,0,0,156596,156596
123748,2,4,6,251319,251319
123759,0,3,3,234346,234346
123762,0,1,1,215987,215987
123767,2,4,6,193547,193547
123815,2,3,5,237422,237422
123836,2,8,10,205802,205802
123862,0,0,0,161467,161467
123876,1,1,2,141190,141190
123904,5,18,23,205749,205749
123906,6,12,18,224930,224930
123912,1,4,5,147224,147224
123923,1,1,2,244285,244285
123925,35,26,61,151757,151757
123942,4,14,18,204742,204742
123973,2,2,4,122904,122904
123982,3,2,5,75198,75198
123996,8,13,21,213820,213820
124005,2,9,11,234625,234625
124011,0,3,3,232914,232914
124040,2,3,5,239404,239404
124043,5,9,14,174004,174004
124073,1,1,2,248069,248069
124076,0,0,0,169960,169960
124086,2,4,6,71605,71605
124110,0,7,7,63808,63808
124148,0,7,7,199971,199971
124185,0,4,4,244034,244034
124186,0,5,5,117782,117782
124202,0,3,3,168580,168580
124213,2,12,14,195078,195078
124248,0,1,1,231346,231346
124256,15,31,46,236139,236139
124257,12,7,19,134305,134305
124258,0,10,10,149120,149120
124273,9,7,16,216127,216127
124274,4,24,28,156121,156121
124298,0,1,1,66114,66114
124315,4,24,28,245724,245724
124340,3,21,24,225780,225780
124342,0,2,2,55660,55660
124363,1,3,4,200146,200146
124378,31,37,68,72635,72635
124379,13,23,36,38025,38025
124382,1,4,5,200122,200122
124384,29,39,68,215943,215943
124386,15,20,35,188739,188739
124391,1,5,6,247563,247563
124398,28,5,33,63936,63936
124410,0,4,4,78809,78809
124418,0,1,1,213989,213989
124430,0,10,10,242795,242795
124439,2,4,6,194150,194150
124442,0,5,5,146315,146315
124454,2,2,4,25169,25169
124455,7,8,15,235623,235623
124459,8,16,24,147964,147964
124474,2,3,5,234354,234354
124475,6,4,10,214796,214796
124486,0,0,0,204777,204777
124503,0,5,5,149472,149472
124506,0,5,5,226328,226328
124519,1,3,4,216427,216427
124521,1,1,2,169430,169430
124524,8,34,42,153757,153757
124525,0,1,1,193618,193618
124542,4,11,15,234810,234810
124546,8,19,27,154726,154726
124547,1,16,17,133437,133437
124549,0,4,4,58709,58709
124594,1,5,6,194130,194130
124630,0,2,2,255968,255968
124648,9,16,25,137098,137098
124662,0,5,5,151884,151884
124690,2,16,18,146904,146904
124692,2,6,8,152724,152724
124748,1,3,4,179471,179471
124775,0,1,1,241564,241564
124795,3,2,5,258747,258747
124799,2,4,6,259091,259091
124812,3,3,6,192749,192749
124844,3,11,14,153559,153559
124889,0,1,1,219195,219195
124892,1,4,5,232976,232976
124898,0,12,12,71199,71199
124904,0,12,12,37506,37506
124909,1,14,15,215454,215454
124980,1,9,10,163001,163001
124993,1,5,6,136518,136518
125004,0,0,0,221323,221323
125013,0,1,1,146573,146573
125047,29,27,56,217049,217049
125056,1,2,3,199207,199207
125077,1,4,5,65732,65732
125104,0,1,1,244757,244757
125124,4,2,6,239629,239629
125151,1,3,4,253299,253299
125159,5,41,46,238820,238820
125164,1,3,4,247471,247471
125171,0,1,1,243838,243838
125173,1,3,4,192997,192997
125185,3,3,6,220987,220987
125205,0,2,2,237936,237936
125218,1,2,3,201975,201975
125227,0,5,5,237981,237981
125235,6,7,13,139157,139157
125239,1,4,5,225254,225254
125278,3,2,5,248221,248221
125279,12,6,18,118865,118865
125281,4,6,10,207162,207162
125311,2,7,9,244062,244062
125312,4,3,7,148808,148808
125316,1,4,5,247021,247021
125324,7,37,44,222289,222289
125335,9,62,71,143905,143905
125337,2,7,9,154304,154304
125346,2,13,15,229982,229982
125348,4,28,32,220941,220941
125360,0,6,6,188759,188759
125370,1,6,7,159499,159499
125393,1,2,3,66511,66511
125405,1,7,8,188810,188810
125419,5,3,8,65995,65995
125423,8,8,16,109962,109962
125427,1,1,2,71555,71555
125436,2,12,14,70622,70622
125480,0,2,2,250165,250165
125491,0,3,3,210479,210479
125509,0,2,2,218269,218269
125525,5,5,10,228294,228294
125573,3,11,14,239302,239302
125595,1,1,2,182674,182674
125612,4,17,21,130490,130490
125614,0,0,0,60251,60251
125640,2,1,3,75539,75539
125644,0,0,0,183206,183206
125695,17,11,28,208431,208431
125696,1,7,8,157606,157606
125752,0,1,1,168181,168181
125758,8,11,19,229350,229350
125764,4,4,8,228426,228426
125774,0,3,3,234120,234120
125794,1,3,4,158669,158669
125795,0,5,5,198795,198795
125814,7,26,33,239153,239153
125836,1,7,8,232051,232051
125842,1,38,39,126319,126319
125853,6,5,11,224130,224130
125855,18,10,28,218726,218726
125857,0,2,2,149594,149594
125869,12,18,30,147397,147397
125940,1,3,4,233587,233587
125946,65,58,123,151184,151184
125963,2,6,8,212542,212542
125989,9,12,21,222298,222298
126024,2,8,10,143073,143073
126028,11,12,23,244203,244203
126086,0,0,0,246068,246068
126099,2,5,7,75882,75882
126113,6,13,19,244412,244412
126123,1,3,4,195567,195567
126133,3,4,7,238713,238713
126139,1,2,3,245451,245451
126142,0,0,0,126304,126304
126155,1,1,2,241169,241169
126166,3,23,26,224746,224746
126208,1,2,3,126920,126920
126230,0,7,7,238899,238899
126231,7,15,22,79503,79503
126252,0,7,7,224210,224210
126272,5,6,11,131064,131064
126279,5,4,9,234791,234791
126281,3,12,15,134507,134507
126288,2,10,12,205119,205119
126289,1,4,5,219111,219111
126298,17,14,31,127394,127394
126308,2,0,2,144806,144806
126321,0,2,2,184627,184627
126323,0,4,4,257470,257470
126325,0,2,2,195152,195152
126332,0,2,2,221928,221928
126345,0,1,1,204198,204198
126349,1,7,8,125917,125917
126366,0,3,3,181165,181165
126373,1,2,3,234855,234855
126380,1,4,5,133780,133780
126381,1,3,4,235303,235303
126391,0,9,9,150275,150275
126403,0,6,6,242114,242114
126428,2,2,4,220030,220030
126435,0,12,12,238510,238510
126457,48,6,54,221259,221259
126458,18,40,58,69883,69883
126462,3,13,16,101606,101606
126474,2,1,3,249756,249756
126479,4,3,7,55803,55803
126482,1,1,2,245537,245537
126485,0,0,0,161377,161377
126500,4,14,18,45930,45930
126540,4,16,20,232141,232141
126562,6,38,44,148850,148850
126565,0,0,0,246636,246636
126571,4,9,13,57827,57827
126603,9,9,18,210938,210938
126615,0,4,4,227953,227953
126621,0,0,0,169649,169649
126629,2,14,16,221782,221782
126658,2,7,9,22783,22783
126659,6,2,8,162240,162240
126664,0,4,4,230539,230539
126668,0,2,2,229809,229809
126671,1,3,4,230232,230232
126681,0,4,4,153962,153962
126683,1,3,4,150051,150051
126702,1,13,14,218321,218321
126714,19,40,59,57133,57133
126728,3,13,16,215149,215149
126734,1,5,6,49274,49274
126746,2,15,17,222541,222541
126749,1,4,5,235917,235917
126753,1,2,3,228884,228884
126756,9,11,20,217991,217991
126766,2,9,11,236210,236210
126768,2,2,4,138433,138433
126807,0,3,3,241181,241181
126814,17,102,119,34817,34817
126819,0,0,0,192692,192692
126831,6,9,15,228694,228694
126832,1,3,4,237604,237604
126857,0,0,0,108004,108004
126878,5,18,23,73503,73503
126892,0,1,1,150340,150340
126922,4,16,20,206898,206898
126944,1,7,8,236597,236597
126956,8,32,40,147869,147869
126957,6,8,14,205472,205472
126994,0,5,5,188271,188271
127004,0,1,1,146221,146221
127015,1,1,2,218411,218411
127038,1,15,16,217756,217756
127086,0,27,27,142602,142602
127087,8,12,20,155630,155630
127115,0,3,3,236605,236605
127116,1,4,5,237074,237074
127156,0,1,1,136908,136908
127163,3,5,8,245084,245084
127173,1,2,3,230354,230354
127174,2,3,5,246106,246106
127194,2,8,10,250155,250155
127231,0,2,2,155863,155863
127243,2,3,5,186304,186304
127254,0,1,1,240876,240876
127271,0,2,2,256242,256242
127280,0,1,1,146247,146247
127290,0,24,24,240379,240379
127303,1,1,2,215664,215664
127320,0,2,2,252083,252083
127334,1,5,6,121660,121660
127342,0,5,5,203386,203386
127376,3,5,8,230977,230977
127383,1,1,2,245564,245564
127390,1,4,5,230003,230003
127397,1,2,3,258629,258629
127399,1,3,4,153048,153048
127416,3,4,7,131318,131318
127443,13,34,47,146047,146047
127453,8,13,21,119857,119857
127479,2,8,10,170553,170553
127503,0,1,1,170260,170260
127508,1,2,3,256240,256240
127513,13,46,59,192995,192995
127529,2,3,5,219471,219471
127535,3,4,7,150461,150461
127545,0,5,5,189313,189313
127557,5,21,26,204626,204626
127559,11,7,18,186243,186243
127585,1,8,9,240052,240052
127599,0,0,0,236233,236233
127614,3,5,8,147963,147963
127622,0,3,3,221063,221063
127626,0,1,1,254370,254370
127634,5,16,21,108898,108898
127647,2,5,7,217658,217658
127651,2,3,5,242829,242829
127661,2,5,7,151146,151146
127662,1,2,3,151078,151078
127677,10,6,16,221768,221768
127682,7,11,18,195108,195108
127699,10,39,49,247659,247659
127709,0,79,79,217057,217057
127735,1,3,4,190653,190653
127751,0,2,2,178996,178996
127755,0,6,6,174304,174304
127808,0,0,0,20035,20035
127831,2,4,6,138958,138958
127840,1,8,9,252264,252264
127843,2,5,7,218850,218850
127869,2,6,8,216849,216849
127872,2,17,19,188859,188859
127879,0,2,2,99629,99629
127904,6,20,26,135179,135179
127927,4,25,29,120116,120116
127947,1,3,4,209682,209682
127964,5,47,52,229501,229501
127974,1,3,4,233795,233795
127975,3,8,11,131739,131739
127983,3,7,10,248173,248173
128004,4,11,15,194921,194921
128006,5,5,10,153992,153992
128070,0,5,5,103718,103718
128091,1,0,1,164029,164029
128097,5,6,11,151391,151391
128099,0,4,4,248694,248694
128103,1,6,7,240702,240702
128160,4,4,8,192099,192099
128165,1,2,3,251492,251492
128187,5,6,11,184213,184213
128219,7,18,25,246959,246959
128234,2,1,3,64228,64228
128238,6,6,12,154624,154624
128270,1,5,6,78109,78109
128321,1,5,6,226947,226947
128324,1,4,5,215413,215413
128326,0,4,4,183747,183747
128344,3,11,14,73209,73209
128347,0,3,3,216143,216143
128352,0,4,4,239846,239846
128380,0,7,7,247523,247523
128388,2,11,13,244569,244569
128403,1,5,6,191748,191748
128422,9,8,17,211089,211089
128424,5,7,12,149764,149764
128441,7,13,20,146613,146613
128451,0,0,0,256398,256398
128457,2,2,4,150313,150313
128459,4,10,14,167536,167536
128477,2,6,8,155742,155742
128481,5,16,21,197038,197038
128506,0,0,0,131478,131478
128513,2,38,40,165368,165368
128515,4,55,59,222753,222753
128556,0,1,1,136511,136511
128580,0,4,4,112694,112694
128581,0,0,0,118947,118947
128618,3,16,19,204204,204204
128623,3,12,15,52527,52527
128632,0,1,1,209545,209545
128702,1,2,3,155814,155814
128704,1,4,5,188169,188169
128709,8,5,13,198623,198623
128711,7,10,17,196932,196932
128723,5,5,10,189632,189632
128727,1,1,2,31338,31338
128733,2,6,8,148620,148620
128742,0,2,2,236174,236174
128754,0,0,0,225820,225820
128756,1,21,22,229398,229398
128768,3,14,17,130577,130577
128775,14,11,25,166806,166806
128778,3,6,9,242300,242300
128781,60,47,107,109904,109904
128794,20,55,75,161472,161472
128795,5,24,29,134534,134534
128799,3,3,6,130792,130792
128800,10,8,18,230004,230004
128811,2,6,8,27055,27055
128814,4,2,6,233136,233136
128815,2,7,9,192163,192163
128817,0,4,4,58894,58894
128833,7,2,9,171643,171643
128835,6,4,10,151400,151400
128837,4,5,9,175647,175647
128859,4,11,15,233592,233592
128863,3,7,10,121841,121841
128869,6,11,17,136552,136552
128871,5,13,18,58114,58114
128880,0,1,1,135403,135403
128915,12,50,62,201353,201353
128927,23,24,47,154026,154026
128944,5,5,10,234181,234181
128948,4,3,7,233337,233337
128949,14,18,32,206741,206741
128955,1,5,6,233908,233908
128959,1,3,4,221182,221182
128966,1,8,9,228549,228549
129017,0,3,3,147801,147801
129045,1,3,4,236530,236530
129049,0,1,1,239626,239626
129075,2,4,6,214965,214965
129103,1,1,2,223589,223589
129118,2,13,15,173896,173896
129132,0,0,0,250104,250104
129208,3,1,4,125125,125125
129211,8,5,13,152823,152823
129222,0,0,0,217654,217654
129230,4,9,13,205464,205464
129235,1,2,3,155733,155733
129244,2,22,24,148542,148542
129246,0,2,2,244610,244610
129260,1,2,3,255614,255614
129284,1,3,4,126279,126279
129289,2,4,6,82657,82657
129295,2,6,8,245989,245989
129303,0,4,4,147138,147138
129336,0,2,2,67939,67939
129341,15,38,53,57113,57113
129360,0,10,10,150333,150333
129368,1,1,2,110124,110124
129389,1,4,5,193654,193654
129415,1,2,3,211852,211852
129425,3,2,5,190555,190555
129446,1,2,3,150433,150433
129449,4,2,6,225659,225659
129456,10,2,12,143887,143887
129473,0,0,0,238822,238822
129479,1,3,4,98988,98988
129495,11,22,33,244560,244560
129505,13,29,42,36030,36030
129506,4,8,12,181552,181552
129511,3,8,11,135982,135982
129520,0,2,2,177258,177258
129525,7,25,32,216701,216701
129528,22,58,80,172483,172483
129561,20,38,58,153767,153767
129645,0,0,0,245327,245327
129650,0,2,2,243817,243817
129696,0,1,1,193272,193272
129697,4,13,17,134160,134160
129730,0,1,1,151553,151553
129733,0,4,4,163288,163288
129742,1,1,2,141942,141942
129743,3,2,5,134412,134412
129745,0,1,1,179767,179767
129766,0,1,1,149938,149938
129784,0,7,7,221217,221217
129795,0,1,1,129678,129678
129805,15,20,35,245934,245934
129814,1,1,2,215969,215969
129820,5,24,29,230432,230432
129824,10,8,18,157162,157162
129828,5,11,16,212766,212766
129829,8,5,13,230359,230359
129837,3,3,6,223556,223556
129847,0,1,1,100282,100282
129848,3,6,9,170828,170828
129850,0,8,8,257600,257600
129852,3,13,16,132986,132986
129860,1,2,3,197427,197427
129869,3,12,15,135231,135231
129873,12,11,23,230143,230143
129877,0,2,2,158353,158353
129892,1,7,8,247634,247634
129896,2,1,3,151185,151185
129897,3,28,31,152532,152532
129923,3,14,17,142571,142571
129924,1,41,42,61080,61080
129929,4,36,40,77236,77236
129964,0,1,1,211442,211442
130025,1,0,1,195924,195924
130029,1,1,2,139523,139523
130043,4,10,14,202875,202875
130054,1,9,10,156223,156223
130057,5,0,5,179827,179827
130061,1,4,5,203434,203434
130080,0,5,5,65835,65835
130098,1,3,4,196288,196288
130103,0,1,1,134789,134789
130120,0,1,1,178984,178984
130132,1,2,3,213653,213653
130142,3,9,12,191907,191907
130143,1,2,3,227795,227795
130151,1,1,2,170539,170539
130153,2,5,7,73429,73429
130175,1,18,19,197560,197560
130183,2,3,5,155543,155543
130227,5,33,38,158829,158829
130242,21,43,64,243014,243014
130246,17,21,38,163961,163961
130257,1,3,4,142193,142193
130264,5,14,19,206334,206334
130283,0,1,1,152236,152236
130318,1,2,3,128555,128555
130319,0,8,8,146482,146482
130322,0,2,2,157969,157969
130325,1,3,4,152093,152093
130335,1,2,3,136117,136117
130336,1,3,4,228429,228429
130338,4,14,18,108266,108266
130345,2,3,5,130937,130937
130347,12,14,26,224350,224350
130371,1,6,7,201385,201385
130391,1,2,3,246976,246976
130394,0,5,5,147047,147047
130407,5,7,12,195452,195452
130424,10,18,28,244279,244279
130426,0,11,11,230847,230847
130447,4,12,16,229431,229431
130451,2,4,6,242391,242391
130453,1,20,21,244805,244805
130470,13,22,35,230818,230818
130476,4,17,21,251957,251957
130535,2,7,9,55397,55397
130536,4,7,11,190207,190207
130543,4,3,7,238372,238372
130555,14,5,19,139135,139135
130580,1,3,4,221177,221177
130581,1,5,6,218576,218576
130582,0,1,1,58476,58476
130586,2,34,36,161625,161625
130621,11,7,18,6016,6016
130622,20,24,44,74568,74568
130627,17,24,41,95028,95028
130629,20,22,42,110222,110222
130653,6,22,28,150929,150929
130660,5,5,10,173102,173102
130665,9,13,22,242502,242502
130670,6,9,15,98673,98673
130682,11,14,25,158409,158409
130703,1,8,9,155981,155981
130712,7,22,29,22150,22150
130715,1,1,2,222216,222216
130731,9,35,44,177475,177475
130733,6,15,21,69365,69365
130739,4,33,37,199681,199681
130744,4,7,11,245850,245850
130749,9,19,28,222464,222464
130751,5,27,32,235252,235252
130757,4,58,62,47272,47272
130761,5,30,35,75486,75486
130778,20,65,85,225211,225211
130782,13,25,38,165208,165208
130791,0,1,1,47585,47585
130796,2,4,6,163024,163024
130816,2,5,7,252077,252077
130819,0,3,3,253411,253411
130836,6,4,10,247015,247015
130856,13,20,33,137904,137904
130881,7,9,16,170975,170975
130892,7,12,19,77974,77974
130893,7,14,21,199432,199432
130898,3,6,9,238222,238222
130913,2,10,12,238631,238631
130931,6,18,24,248904,248904
130939,5,23,28,94479,94479
130947,0,4,4,234840,234840
130949,2,0,2,225330,225330
130980,2,30,32,197702,197702
131050,1,6,7,210925,210925
131068,1,7,8,207719,207719
131070,0,2,2,207784,207784
131100,0,4,4,170764,170764
131102,1,2,3,239828,239828
131103,3,13,16,132039,132039
131116,9,13,22,222103,222103
131130,1,72,73,131658,131658
131137,2,9,11,182192,182192
131161,0,1,1,156491,156491
131166,0,0,0,229062,229062
131173,0,1,1,197257,197257
131183,1,3,4,231146,231146
131228,1,5,6,219858,219858
131244,1,2,3,231449,231449
131261,1,15,16,218305,218305
131265,0,13,13,225580,225580
131267,4,18,22,218259,218259
131298,2,15,17,237084,237084
131327,5,15,20,121069,121069
131340,1,3,4,143213,143213
131384,4,31,35,241440,241440
131388,20,40,60,69540,69540
131389,1,5,6,158061,158061
131398,1,6,7,215395,215395
131429,0,5,5,143411,143411
131430,0,1,1,55423,55423
131431,1,5,6,253724,253724
131487,2,3,5,231276,231276
131499,1,4,5,230933,230933
131500,0,1,1,204526,204526
131511,1,5,6,219807,219807
131513,0,6,6,192952,192952
131525,0,7,7,236317,236317
131538,4,24,28,71237,71237
131554,4,11,15,138119,138119
131555,16,74,90,126616,126616
131571,9,12,21,188535,188535
131579,1,3,4,181156,181156
131608,8,23,31,224459,224459
131619,3,3,6,118406,118406
131640,12,14,26,70372,70372
131668,2,5,7,244323,244323
131689,2,2,4,195913,195913
131692,1,1,2,163199,163199
131712,1,9,10,111734,111734
131740,2,1,3,223485,223485
131743,0,4,4,156592,156592
131752,3,5,8,235993,235993
131753,3,6,9,235698,235698
131759,4,2,6,243921,243921
131762,6,6,12,228279,228279
131771,2,5,7,171395,171395
131774,0,5,5,191115,191115
131776,0,5,5,212784,212784
131780,2,11,13,248376,248376
131798,3,12,15,159635,159635
131841,1,2,3,176748,176748
131855,0,1,1,196429,196429
131859,3,12,15,147091,147091
131868,0,7,7,197500,197500
131883,0,2,2,249577,249577
131889,0,4,4,140741,140741
131903,0,6,6,197237,197237
131928,1,8,9,224694,224694
131941,7,23,30,223928,223928
131945,2,3,5,202910,202910
131946,3,26,29,219495,219495
131951,2,0,2,233270,233270
131952,5,12,17,147554,147554
131959,0,0,0,142463,142463
131967,0,10,10,66838,66838
131992,3,5,8,145654,145654
132000,2,6,8,246759,246759
132015,1,4,5,243543,243543
132017,0,0,0,158415,158415
132024,3,4,7,250240,250240
132025,0,0,0,171364,171364
132029,2,0,2,131046,131046
132037,0,0,0,150014,150014
132038,1,1,2,224322,224322
132041,10,20,30,153236,153236
132050,4,12,16,229218,229218
132051,1,8,9,239048,239048
132076,8,18,26,169898,169898
132077,4,10,14,237549,237549
132087,0,2,2,156980,156980
132122,3,1,4,218447,218447
132125,12,57,69,36110,36110
132127,1,27,28,208330,208330
132140,2,8,10,148130,148130
132166,0,2,2,185243,185243
132182,1,13,14,72295,72295
132190,5,18,23,214812,214812
132270,1,1,2,251531,251531
132271,0,1,1,148048,148048
132275,3,4,7,241429,241429
132277,0,4,4,224431,224431
132284,0,1,1,253702,253702
132299,0,2,2,209432,209432
132304,3,23,26,220832,220832
132305,2,18,20,154918,154918
132306,2,3,5,128318,128318
132309,3,6,9,246045,246045
132310,8,24,32,250879,250879
132322,2,12,14,243369,243369
132353,0,6,6,207064,207064
132360,2,5,7,138420,138420
132361,1,20,21,167376,167376
132366,5,5,10,172562,172562
132373,8,18,26,194912,194912
132394,9,17,26,139762,139762
132395,3,3,6,140667,140667
132399,11,16,27,136831,136831
132404,13,12,25,133640,133640
132406,2,6,8,142969,142969
132408,14,6,20,93661,93661
132409,9,10,19,91984,91984
132436,6,14,20,63049,63049
132440,2,11,13,225535,225535
132441,1,3,4,233598,233598
132442,8,5,13,224436,224436
132454,0,0,0,242888,242888
132458,0,0,0,152360,152360
132463,3,4,7,155160,155160
132478,1,15,16,61242,61242
132505,0,1,1,190308,190308
132512,1,1,2,233033,233033
132576,0,1,1,173118,173118
132581,2,11,13,232837,232837
132589,11,11,22,227885,227885
132596,10,31,41,81793,81793
132604,0,7,7,255725,255725
132613,2,2,4,244844,244844
132619,2,4,6,238210,238210
132630,12,23,35,143384,143384
132632,2,8,10,226665,226665
132636,4,12,16,204806,204806
132641,4,4,8,230571,230571
132642,2,18,20,166022,166022
132648,1,2,3,155789,155789
132650,6,28,34,134618,134618
132675,13,21,34,124264,124264
132686,0,4,4,245425,245425
132702,1,20,21,224228,224228
132709,1,1,2,168233,168233
132717,1,2,3,225158,225158
132803,0,6,6,246331,246331
132815,2,3,5,143024,143024
132819,6,14,20,184463,184463
132820,3,7,10,213701,213701
132823,35,87,122,150226,150226
132827,53,58,111,2864,2864
132829,36,106,142,67288,67288
132831,3,6,9,242875,242875
132833,37,86,123,145544,145544
132847,0,3,3,64400,64400
132851,9,16,25,171284,171284
132853,42,58,100,160190,160190
132857,4,50,54,18546,18546
132864,15,17,32,143825,143825
132870,2,5,7,202194,202194
132872,3,3,6,255516,255516
132896,0,4,4,163788,163788
132927,0,2,2,237268,237268
132999,1,1,2,249602,249602
133011,6,12,18,135930,135930
133012,5,64,69,226769,226769
133017,1,7,8,68303,68303
133020,1,2,3,209956,209956
133045,2,9,11,153153,153153
133047,1,14,15,213930,213930
133067,1,5,6,57685,57685
133079,0,1,1,145191,145191
133085,1,7,8,195410,195410
133111,3,21,24,11953,11953
133126,5,11,16,174255,174255
133132,0,11,11,179987,179987
133145,3,24,27,184689,184689
133200,1,3,4,257371,257371
133218,0,1,1,248615,248615
133232,1,11,12,176083,176083
133247,4,5,9,154227,154227
133250,3,3,6,71736,71736
133257,1,1,2,138859,138859
133262,1,3,4,244617,244617
133265,1,7,8,74110,74110
133270,3,5,8,225669,225669
133282,2,2,4,213738,213738
133289,1,3,4,247300,247300
133311,1,4,5,148645,148645
133319,1,1,2,233010,233010
133338,0,0,0,100351,100351
133350,3,19,22,250255,250255
133372,2,7,9,243664,243664
133387,6,10,16,188458,188458
133401,0,5,5,252872,252872
133418,14,93,107,107851,107851
133428,0,2,2,152120,152120
133445,3,2,5,175421,175421
133447,0,0,0,189024,189024
133475,0,3,3,231596,231596
133478,9,17,26,149678,149678
133483,1,4,5,235278,235278
133485,1,2,3,215310,215310
133508,0,1,1,241944,241944
133512,0,1,1,214549,214549
133513,4,11,15,206191,206191
133528,2,2,4,80665,80665
133538,2,3,5,173929,173929
133556,2,2,4,78334,78334
133564,0,1,1,135360,135360
133571,1,12,13,58502,58502
133574,1,11,12,77452,77452
133576,3,4,7,153903,153903
133580,2,3,5,246400,246400
133595,1,3,4,155999,155999
133598,1,1,2,156631,156631
133616,4,15,19,121325,121325
133641,0,1,1,95656,95656
133654,1,6,7,234736,234736
133726,0,1,1,220169,220169
133739,4,5,9,191671,191671
133756,1,4,5,79975,79975
133760,1,5,6,237018,237018
133769,6,13,19,197110,197110
133773,9,18,27,148975,148975
133787,1,9,10,221284,221284
133795,1,5,6,141927,141927
133798,4,7,11,200714,200714
133810,0,2,2,71602,71602
133812,1,10,11,8917,8917
133820,0,6,6,245872,245872
133825,1,2,3,172068,172068
133841,9,14,23,75085,75085
133845,4,28,32,192300,192300
133846,1,2,3,234188,234188
133854,2,7,9,76988,76988
133859,2,19,21,186272,186272
133863,9,19,28,161535,161535
133864,19,23,42,95613,95613
133868,2,17,19,248610,248610
133915,2,3,5,154962,154962
133917,2,5,7,202005,202005
133918,4,4,8,158196,158196
133932,0,2,2,150904,150904
133962,0,1,1,190751,190751
133978,0,6,6,112893,112893
133983,5,12,17,135135,135135
134000,0,2,2,189187,189187
134018,3,2,5,226343,226343
134023,1,6,7,61790,61790
134032,0,7,7,232101,232101
134057,0,1,1,251495,251495
134059,1,5,6,224467,224467
134066,3,23,26,244313,244313
134106,3,9,12,189401,189401
134107,6,18,24,61950,61950
134152,3,1,4,185616,185616
134185,1,5,6,229022,229022
134187,1,7,8,259138,259138
134198,0,2,2,256163,256163
134227,1,4,5,233062,233062
134257,0,1,1,150937,150937
134283,3,4,7,60932,60932
134290,4,1,5,57655,57655
134301,1,4,5,126579,126579
134304,0,4,4,189816,189816
134305,0,2,2,237483,237483
134323,5,38,43,241765,241765
134328,14,13,27,228583,228583
134330,0,2,2,144201,144201
134333,15,19,34,64346,64346
134336,6,10,16,237010,237010
134352,1,2,3,77437,77437
134367,2,7,9,206506,206506
134387,0,4,4,137042,137042
134389,0,0,0,158958,158958
134410,2,0,2,249988,249988
134423,0,6,6,243199,243199
134443,5,14,19,140443,140443
134483,1,7,8,178093,178093
134504,9,17,26,176903,176903
134505,1,7,8,221307,221307
134528,0,7,7,148107,148107
134538,10,37,47,195608,195608
134554,3,38,41,3068,3068
134583,0,5,5,201135,201135
134594,2,3,5,153513,153513
134595,3,19,22,146814,146814
134599,4,2,6,174384,174384
134605,2,3,5,142714,142714
134631,6,17,23,222353,222353
134633,9,18,27,222794,222794
134651,0,0,0,148908,148908
134672,7,18,25,140988,140988
134684,2,11,13,236993,236993
134704,3,28,31,215846,215846
134718,1,2,3,119715,119715
134741,1,3,4,207271,207271
134750,2,12,14,193128,193128
134751,3,4,7,231456,231456
134767,0,1,1,108841,108841
134805,1,1,2,193424,193424
134810,6,4,10,195532,195532
134813,6,5,11,226149,226149
134840,3,2,5,238102,238102
134853,5,28,33,71475,71475
134882,0,8,8,222263,222263
134965,1,1,2,192314,192314
134967,2,7,9,198615,198615
135001,5,8,13,207947,207947
135020,6,26,32,216340,216340
135048,1,5,6,197105,197105
135060,1,1,2,142642,142642
135079,0,1,1,67612,67612
135094,4,14,18,95082,95082
135095,0,0,0,230234,230234
135096,1,0,1,240129,240129
135098,5,3,8,214690,214690
135112,1,2,3,200463,200463
135113,1,14,15,214297,214297
135121,3,10,13,247555,247555
135133,12,0,12,128049,128049
135139,1,4,5,237568,237568
135163,10,12,22,233230,233230
135165,5,5,10,228814,228814
135182,0,2,2,206698,206698
135184,2,0,2,248863,248863
135185,28,15,43,236480,236480
135186,0,0,0,128963,128963
135194,1,11,12,216710,216710
135223,2,6,8,243082,243082
135232,1,2,3,182301,182301
135236,1,3,4,156532,156532
135239,1,4,5,226108,226108
135242,4,9,13,231238,231238
135243,0,2,2,200310,200310
135249,2,2,4,138700,138700
135259,1,7,8,149010,149010
135265,4,5,9,38993,38993
135303,0,1,1,223372,223372
135312,3,6,9,162879,162879
135320,1,3,4,198577,198577
135333,4,7,11,156603,156603
135337,1,9,10,258345,258345
135345,1,5,6,234055,234055
135348,0,3,3,141796,141796
135349,0,4,4,189036,189036
135364,2,8,10,152643,152643
135369,1,5,6,135596,135596
135371,0,3,3,243755,243755
135408,1,4,5,236963,236963
135427,2,4,6,58750,58750
135428,3,9,12,230815,230815
135437,0,2,2,231314,231314
135451,0,4,4,190905,190905
135486,1,6,7,155802,155802
135500,4,4,8,151731,151731
135508,1,2,3,151801,151801
135542,0,23,23,242882,242882
135547,4,6,10,226654,226654
135552,6,25,31,147551,147551
135555,10,19,29,46931,46931
135556,4,6,10,151817,151817
135569,0,3,3,224834,224834
135572,0,2,2,237693,237693
135575,3,6,9,125660,125660
135607,18,98,116,127071,127071
135622,2,21,23,253723,253723
135628,0,7,7,212336,212336
135630,2,2,4,149676,149676
135635,2,5,7,190474,190474
135693,3,17,20,151331,151331
135706,0,0,0,207842,207842
135713,0,2,2,189488,189488
135745,0,2,2,206142,206142
135747,8,19,27,149975,149975
135750,1,4,5,206345,206345
135755,1,2,3,228464,228464
135768,0,4,4,209973,209973
135803,1,3,4,209959,209959
135814,5,16,21,205803,205803
135827,1,3,4,227252,227252
135832,5,1,6,188367,188367
135840,3,4,7,139862,139862
135887,1,5,6,248372,248372
135916,0,7,7,55860,55860
135958,2,11,13,234258,234258
135981,0,1,1,173946,173946
136012,3,10,13,116911,116911
136057,4,24,28,258376,258376
136113,3,15,18,257321,257321
136118,0,2,2,219400,219400
136126,3,7,10,159350,159350
136128,2,9,11,239009,239009
136129,0,3,3,252643,252643
136133,18,25,43,139466,139466
136134,1,3,4,175133,175133
136138,5,19,24,154621,154621
136141,4,5,9,246730,246730
136147,1,7,8,157286,157286
136165,2,2,4,168743,168743
136170,15,26,41,188733,188733
136190,0,11,11,133373,133373
136234,0,0,0,232275,232275
136247,1,4,5,136462,136462
136256,1,0,1,143907,143907
136261,1,2,3,205982,205982
136264,1,2,3,203052,203052
136278,5,30,35,240915,240915
136289,5,7,12,249939,249939
136343,0,8,8,112526,112526
136357,1,30,31,179882,179882
136398,0,16,16,131875,131875
136399,1,5,6,121151,121151
136407,0,1,1,256190,256190
136424,3,10,13,165717,165717
136446,3,13,16,214202,214202
136472,1,3,4,140485,140485
136505,1,4,5,220965,220965
136506,2,1,3,127217,127217
136518,0,1,1,223943,223943
136524,5,7,12,149073,149073
136527,3,8,11,218478,218478
136528,1,1,2,213679,213679
136540,1,2,3,169061,169061
136542,0,2,2,155495,155495
136546,0,0,0,145799,145799
136549,0,4,4,198381,198381
136550,2,30,32,142013,142013
136563,0,6,6,185378,185378
136565,0,6,6,179753,179753
136575,1,3,4,182035,182035
136582,1,1,2,223090,223090
136591,1,7,8,224907,224907
136592,3,7,10,225753,225753
136595,0,2,2,231395,231395
136597,0,0,0,137143,137143
136607,39,43,82,147966,147966
136608,0,5,5,164682,164682
136629,4,9,13,166532,166532
136635,6,7,13,158881,158881
136643,2,2,4,142662,142662
136644,2,2,4,158512,158512
136658,3,13,16,152633,152633
136664,18,37,55,238749,238749
136683,26,31,57,135242,135242
136694,0,2,2,170345,170345
136726,5,5,10,59201,59201
136730,0,0,0,213383,213383
136737,1,3,4,192143,192143
136778,8,13,21,117508,117508
136788,3,18,21,222208,222208
136794,0,2,2,162962,162962
136797,0,6,6,161433,161433
136801,1,1,2,73624,73624
136807,0,1,1,198326,198326
136810,10,6,16,205410,205410
136812,1,4,5,246293,246293
136841,1,4,5,138037,138037
136853,3,0,3,247074,247074
136867,1,7,8,140237,140237
136870,1,12,13,156952,156952
136872,1,10,11,112415,112415
136873,1,2,3,248887,248887
136893,1,6,7,254074,254074
136897,23,50,73,103506,103506
136907,1,6,7,72526,72526
136910,2,3,5,255834,255834
136940,0,6,6,247118,247118
136959,2,2,4,213629,213629
136965,0,0,0,138255,138255
136992,1,14,15,246076,246076
137000,1,18,19,243833,243833
137020,9,5,14,227509,227509
137022,0,3,3,256460,256460
137039,14,20,34,225513,225513
137042,0,15,15,196121,196121
137058,0,1,1,222524,222524
137059,1,5,6,73283,73283
137068,0,3,3,211925,211925
137111,2,13,15,141300,141300
137117,0,2,2,189492,189492
137122,0,1,1,234381,234381
137136,2,5,7,124531,124531
137174,2,0,2,34073,34073
137175,5,2,7,224843,224843
137179,0,2,2,86682,86682
137188,0,1,1,59305,59305
137198,1,6,7,251012,251012
137199,9,27,36,171437,171437
137200,15,15,30,100795,100795
137233,5,41,46,123519,123519
137237,61,104,165,150721,150721
137238,102,38,140,150981,150981
137239,84,106,190,150759,150759
137240,97,107,204,150810,150810
137241,102,87,189,158921,158921
137242,99,39,138,150927,150927
137243,87,41,128,150922,150922
137244,79,32,111,150824,150824
137245,50,31,81,151010,151010
137246,88,105,193,150640,150640
137247,84,50,134,150648,150648
137248,58,99,157,150715,150715
137249,85,42,127,151070,151070
137250,50,29,79,150652,150652
137251,52,44,96,158727,158727
137252,80,31,111,151136,151136
137253,84,104,188,150844,150844
137254,54,100,154,151031,151031
137255,55,27,82,158925,158925
137256,74,37,111,151060,151060
137257,67,29,96,151225,151225
137258,67,31,98,151231,151231
137259,64,21,85,150828,150828
137261,47,104,151,150725,150725
137262,72,69,141,151119,151119
137263,54,26,80,150755,150755
137264,86,39,125,150959,150959
137266,25,17,42,150976,150976
137267,102,83,185,158935,158935
137268,84,78,162,150669,150669
137269,83,47,130,150875,150875
137270,69,32,101,150963,150963
137271,103,65,168,158648,158648
137272,57,39,96,151748,151748
137273,76,31,107,151024,151024
137274,94,45,139,150850,150850
137275,51,103,154,150818,150818
137276,70,106,176,158651,158651
137277,54,105,159,158668,158668
137278,78,103,181,151067,151067
137279,56,29,85,151187,151187
137280,63,37,100,151131,151131
137281,48,103,151,151125,151125
137282,84,100,184,150709,150709
137283,82,91,173,151796,151796
137284,53,87,140,151144,151144
137285,60,100,160,151133,151133
137286,100,44,144,151745,151745
137287,60,103,163,151472,151472
137288,85,72,157,151100,151100
137289,47,99,146,151045,151045
137290,50,98,148,151222,151222
137291,63,102,165,150706,150706
137292,80,60,140,151180,151180
137293,100,100,200,151969,151969
137294,95,105,200,151152,151152
137295,57,104,161,151003,151003
137296,49,104,153,150872,150872
137297,63,102,165,150776,150776
137298,54,103,157,150889,150889
137299,53,103,156,150947,150947
137300,67,18,85,158393,158393
137301,89,104,193,150762,150762
137302,46,99,145,150688,150688
137303,52,99,151,151438,151438
137304,49,37,86,150680,150680
137305,55,98,153,151962,151962
137306,67,103,170,150841,150841
137307,55,104,159,150914,150914
137308,58,103,161,151122,151122
137309,24,27,51,150971,150971
137310,53,40,93,151019,151019
137311,59,105,164,150624,150624
137312,45,47,92,151008,151008
137314,47,29,76,150833,150833
137316,55,103,158,150990,150990
137317,73,48,121,150769,150769
137318,56,98,154,158437,158437
137319,68,48,116,151039,151039
137320,55,101,156,151147,151147
137321,89,55,144,151829,151829
137322,49,38,87,150655,150655
137323,46,92,138,150666,150666
137324,30,26,56,151510,151510
137325,29,36,65,151168,151168
137326,61,105,166,150859,150859
137327,82,52,134,150930,150930
137328,96,29,125,150884,150884
137329,3,8,11,138750,138750
137330,45,103,148,158748,158748
137331,51,24,75,150658,150658
137339,0,21,21,140400,140400
137358,5,7,12,133402,133402
137380,0,5,5,173219,173219
137405,2,3,5,132271,132271
137448,0,3,3,144130,144130
137453,2,2,4,147926,147926
137462,0,2,2,188818,188818
137484,2,3,5,188604,188604
137490,2,1,3,59987,59987
137496,2,14,16,159018,159018
137504,0,0,0,222198,222198
137515,0,1,1,150035,150035
137522,0,7,7,229225,229225
137549,1,8,9,144255,144255
137567,0,0,0,253234,253234
137578,0,0,0,188686,188686
137580,3,1,4,186187,186187
137584,1,1,2,70021,70021
137587,9,31,40,185544,185544
137591,0,4,4,223133,223133
137614,2,2,4,243025,243025
137621,0,4,4,213586,213586
137623,2,5,7,237796,237796
137628,0,6,6,243664,243664
137631,0,7,7,227431,227431
137639,1,40,41,145661,145661
137648,1,14,15,236246,236246
137652,3,17,20,13086,13086
137656,2,4,6,148094,148094
137674,3,13,16,149056,149056
137686,1,11,12,136531,136531
137700,1,4,5,177963,177963
137718,1,1,2,205948,205948
137722,10,29,39,99550,99550
137740,1,6,7,193523,193523
137745,0,12,12,130841,130841
137749,1,4,5,236149,236149
137785,3,19,22,136149,136149
137805,1,4,5,244755,244755
137811,1,5,6,165739,165739
137819,1,1,2,233943,233943
137825,1,6,7,103455,103455
137838,2,3,5,133288,133288
137843,0,31,31,149995,149995
137845,0,7,7,230953,230953
137882,7,47,54,223050,223050
137893,0,2,2,205583,205583
137899,0,0,0,221699,221699
137944,0,3,3,239990,239990
137958,10,2,12,188674,188674
137967,5,0,5,26441,26441
137992,8,11,19,213088,213088
138012,1,12,13,134712,134712
138025,0,2,2,193119,193119
138033,1,5,6,235424,235424
138035,1,1,2,221126,221126
138041,1,5,6,74973,74973
138051,0,20,20,211795,211795
138052,4,7,11,226920,226920
138058,0,7,7,143722,143722
138060,17,42,59,125001,125001
138073,3,5,8,248847,248847
138074,2,39,41,231016,231016
138079,1,5,6,199837,199837
138081,1,8,9,195101,195101
138086,0,0,0,208509,208509
138089,2,25,27,56574,56574
138122,0,1,1,225842,225842
138135,0,14,14,148405,148405
138152,0,2,2,152300,152300
138173,7,9,16,56096,56096
138176,26,17,43,214562,214562
138178,11,15,26,248187,248187
138188,1,1,2,232993,232993
138190,1,15,16,257171,257171
138191,4,18,22,144555,144555
138197,0,0,0,220951,220951
138202,4,19,23,142218,142218
138203,1,2,3,239362,239362
138216,0,1,1,76195,76195
138231,0,2,2,196778,196778
138255,6,26,32,151480,151480
138258,4,2,6,180587,180587
138274,0,0,0,238599,238599
138281,3,4,7,193086,193086
138315,1,13,14,217072,217072
138317,1,3,4,221176,221176
138320,2,2,4,100895,100895
138328,6,4,10,142332,142332
138349,3,5,8,207340,207340
138351,4,5,9,228125,228125
138362,8,29,37,200194,200194
138369,4,13,17,105711,105711
138370,3,15,18,209655,209655
138402,4,7,11,193681,193681
138412,6,28,34,218184,218184
138416,5,41,46,198452,198452
138418,0,0,0,188522,188522
138445,4,6,10,241578,241578
138448,0,3,3,223593,223593
138455,6,22,28,201345,201345
138456,4,6,10,238738,238738
138464,5,7,12,186431,186431
138470,4,5,9,134422,134422
138488,1,11,12,212926,212926
138492,0,1,1,223453,223453
138508,2,3,5,222477,222477
138522,6,8,14,129631,129631
138531,2,3,5,226424,226424
138532,7,10,17,162467,162467
138535,2,2,4,137664,137664
138536,0,1,1,172811,172811
138539,0,13,13,232472,232472
138578,1,5,6,151534,151534
138580,2,28,30,122334,122334
138581,6,15,21,256795,256795
138584,8,21,29,230600,230600
138591,8,21,29,64728,64728
138603,11,31,42,244898,244898
138608,2,8,10,243376,243376
138614,6,26,32,137554,137554
138620,16,61,77,147544,147544
138625,8,28,36,234649,234649
138635,14,19,33,258540,258540
138636,5,11,16,224422,224422
138645,2,3,5,149942,149942
138663,15,24,39,57684,57684
138665,4,2,6,61455,61455
138666,8,22,30,58151,58151
138676,3,21,24,242223,242223
138704,10,30,40,186460,186460
138706,0,2,2,220890,220890
138739,3,5,8,77233,77233
138744,3,17,20,148002,148002
138746,5,6,11,128074,128074
138766,27,70,97,78104,78104
138767,2,6,8,156028,156028
138771,6,9,15,154595,154595
138772,4,9,13,197884,197884
138774,0,5,5,192348,192348
138780,19,23,42,243662,243662
138800,1,3,4,147343,147343
138801,0,1,1,57674,57674
138802,0,1,1,156122,156122
138806,6,8,14,241941,241941
138807,5,6,11,141767,141767
138824,1,2,3,146285,146285
138826,0,29,29,232799,232799
138830,0,2,2,79623,79623
138839,0,1,1,227145,227145
138860,0,1,1,161460,161460
138875,0,1,1,165319,165319
138909,1,1,2,224530,224530
138938,0,4,4,128321,128321
138946,1,2,3,201469,201469
138957,15,17,32,219301,219301
138978,0,1,1,211004,211004
139000,1,5,6,220193,220193
139010,1,2,3,149260,149260
139029,3,11,14,168858,168858
139030,9,1,10,162326,162326
139034,0,4,4,133048,133048
139038,3,3,6,237672,237672
139060,3,6,9,129388,129388
139061,0,0,0,129324,129324
139082,2,4,6,215357,215357
139086,0,1,1,241879,241879
139095,0,3,3,220858,220858
139096,3,5,8,152272,152272
139108,1,9,10,190603,190603
139112,1,8,9,58483,58483
139132,6,4,10,195130,195130
139156,1,13,14,192531,192531
139163,5,14,19,225812,225812
139188,0,4,4,172712,172712
139198,1,5,6,77200,77200
139233,0,4,4,119475,119475
139246,2,2,4,147500,147500
139257,1,5,6,231595,231595
139279,1,3,4,251920,251920
139286,3,9,12,234241,234241
139297,0,0,0,246661,246661
139311,0,5,5,236963,236963
139314,1,3,4,174447,174447
139342,2,9,11,103573,103573
139359,1,5,6,56809,56809
139434,2,1,3,210039,210039
139460,0,1,1,214223,214223
139472,2,6,8,143201,143201
139475,5,8,13,147463,147463
139494,0,1,1,231288,231288
139497,1,2,3,156568,156568
139513,1,12,13,188503,188503
139522,0,3,3,226375,226375
139524,7,16,23,171670,171670
139567,3,6,9,177981,177981
139569,0,6,6,174282,174282
139593,3,3,6,25162,25162
139624,0,1,1,197596,197596
139652,0,0,0,141688,141688
139659,1,7,8,179247,179247
139661,1,13,14,135064,135064
139663,2,14,16,163105,163105
139664,0,11,11,141857,141857
139673,4,3,7,179344,179344
139702,0,2,2,241566,241566
139712,3,6,9,194443,194443
139726,8,20,28,73194,73194
139743,0,2,2,148472,148472
139744,1,6,7,168576,168576
139746,2,2,4,229081,229081
139764,0,2,2,214929,214929
139772,2,4,6,235576,235576
139801,1,0,1,160232,160232
139833,0,0,0,179798,179798
139867,0,8,8,227999,227999
139884,10,19,29,118663,118663
139892,0,3,3,178128,178128
139898,5,25,30,120484,120484
139908,5,7,12,251196,251196
139941,1,2,3,166164,166164
139943,0,1,1,251306,251306
139974,0,2,2,97249,97249
139986,0,3,3,135207,135207
140003,3,19,22,198905,198905
140016,1,4,5,139753,139753
140018,3,11,14,145336,145336
140029,3,4,7,150071,150071
140030,5,8,13,150304,150304
140031,1,6,7,158817,158817
140045,0,1,1,211160,211160
140055,0,7,7,223415,223415
140063,0,4,4,248243,248243
140081,0,3,3,156050,156050
140089,3,10,13,60030,60030
140092,2,11,13,215715,215715
140109,1,13,14,69914,69914
140117,4,4,8,100163,100163
140118,0,0,0,177260,177260
140156,1,6,7,111639,111639
140157,6,6,12,66280,66280
140180,4,7,11,153624,153624
140190,0,3,3,216230,216230
140218,4,10,14,148286,148286
140233,3,5,8,213046,213046
140238,0,2,2,207623,207623
140242,0,1,1,232231,232231
140296,3,7,10,221754,221754
140301,1,4,5,51439,51439
140304,1,7,8,216968,216968
140307,0,2,2,131175,131175
140323,0,4,4,132193,132193
140326,1,1,2,212405,212405
140333,0,1,1,153524,153524
140345,0,1,1,143887,143887
140349,0,2,2,171187,171187
140370,1,16,17,137046,137046
140383,6,10,16,168317,168317
140386,1,4,5,237672,237672
140400,0,2,2,189310,189310
140422,2,1,3,63251,63251
140476,0,1,1,232780,232780
140497,0,0,0,245236,245236
140512,0,0,0,199896,199896
140517,2,21,23,129492,129492
140518,3,4,7,161424,161424
140537,2,3,5,199281,199281
140559,7,11,18,243460,243460
140575,0,5,5,144022,144022
140578,1,12,13,247759,247759
140582,0,1,1,238701,238701
140587,0,1,1,195183,195183
140595,1,4,5,107645,107645
140605,0,16,16,206832,206832
140607,9,5,14,225415,225415
140618,1,2,3,258582,258582
140622,0,1,1,133951,133951
140627,0,0,0,158357,158357
140629,3,7,10,236395,236395
140644,3,6,9,154892,154892
140645,0,2,2,210336,210336
140650,1,1,2,84095,84095
140664,3,10,13,233462,233462
140671,2,2,4,222349,222349
140682,3,0,3,255857,255857
140704,1,4,5,226463,226463
140730,0,0,0,214208,214208
140746,8,41,49,146230,146230
140749,0,9,9,240579,240579
140756,1,1,2,162419,162419
140784,3,12,15,149778,149778
140786,0,1,1,233567,233567
140791,4,5,9,217014,217014
140805,0,1,1,252514,252514
140815,2,3,5,60979,60979
140834,1,1,2,220257,220257
140837,1,6,7,170192,170192
140846,0,3,3,197183,197183
140852,0,0,0,251158,251158
140928,1,2,3,198204,198204
140944,0,8,8,246171,246171
140965,10,15,25,223969,223969
140970,0,4,4,57246,57246
140976,1,1,2,160775,160775
141026,0,5,5,235764,235764
141036,0,3,3,192535,192535
141039,0,1,1,72687,72687
141049,12,20,32,170044,170044
141099,1,1,2,155820,155820
141102,0,4,4,231457,231457
141111,2,9,11,128868,128868
141112,1,4,5,172403,172403
141119,0,3,3,237776,237776
141141,0,4,4,256833,256833
141146,1,6,7,134138,134138
141168,8,10,18,149268,149268
141175,1,2,3,122146,122146
141185,0,4,4,148505,148505
141189,2,7,9,146224,146224
141194,0,3,3,193432,193432
141204,1,2,3,69066,69066
141220,1,5,6,249912,249912
141238,3,10,13,155654,155654
141247,0,7,7,139292,139292
141249,1,7,8,256736,256736
141253,1,3,4,86361,86361
141296,0,3,3,194292,194292
141300,0,0,0,117066,117066
141310,0,10,10,212716,212716
141315,2,8,10,234827,234827
141339,1,15,16,242933,242933
141350,1,2,3,145019,145019
141362,1,3,4,234248,234248
141367,0,7,7,71555,71555
141384,5,29,34,239270,239270
141410,0,0,0,249299,249299
141413,2,7,9,217097,217097
141428,0,1,1,239746,239746
141464,1,12,13,194303,194303
141466,6,6,12,182844,182844
141477,24,25,49,223486,223486
141483,3,3,6,109457,109457
141526,0,4,4,165459,165459
141531,0,0,0,232861,232861
141571,8,22,30,233540,233540
141604,27,7,34,98233,98233
141619,12,11,23,111373,111373
141628,9,35,44,98251,98251
141630,0,4,4,248012,248012
141650,1,8,9,239372,239372
141691,2,11,13,144104,144104
141694,2,1,3,128347,128347
141697,0,0,0,216801,216801
141713,0,2,2,212803,212803
141714,3,8,11,258036,258036
141722,1,2,3,56519,56519
141739,1,6,7,143166,143166
141750,1,2,3,169083,169083
141756,0,1,1,74377,74377
141783,0,2,2,254758,254758
141788,1,2,3,222611,222611
141794,4,7,11,249438,249438
141795,2,5,7,240990,240990
141809,0,1,1,160010,160010
141816,0,0,0,215935,215935
141864,1,9,10,134110,134110
141878,2,11,13,222649,222649
141887,1,4,5,243848,243848
141889,7,34,41,149223,149223
141892,3,4,7,238391,238391
141900,2,2,4,223102,223102
141902,0,23,23,149547,149547
141905,0,23,23,154093,154093
141926,0,4,4,234153,234153
141930,2,1,3,70286,70286
141936,0,0,0,177766,177766
141944,0,4,4,227019,227019
141983,1,15,16,156867,156867
141988,1,4,5,254510,254510
141990,1,6,7,253218,253218
141999,1,7,8,242414,242414
142002,1,3,4,75737,75737
142009,4,13,17,204745,204745
142019,0,3,3,253031,253031
142028,0,13,13,117966,117966
142038,2,3,5,180003,180003
142039,1,1,2,175600,175600
142045,0,6,6,220491,220491
142050,0,5,5,126468,126468
142069,1,2,3,69653,69653
142074,0,2,2,206190,206190
142076,1,5,6,223339,223339
142084,0,2,2,251126,251126
142087,2,15,17,164110,164110
142095,1,16,17,190290,190290
142108,3,7,10,253505,253505
142114,1,18,19,118238,118238
142116,1,11,12,137563,137563
142125,0,2,2,55352,55352
142126,5,5,10,225852,225852
142132,1,13,14,230711,230711
142136,0,0,0,95222,95222
142148,8,36,44,122970,122970
142160,7,2,9,247664,247664
142167,0,4,4,253602,253602
142168,1,7,8,149444,149444
142187,1,4,5,133093,133093
142199,1,1,2,248568,248568
142223,0,4,4,138644,138644
142239,0,20,20,228291,228291
142240,4,8,12,248853,248853
142245,3,4,7,118069,118069
142276,6,10,16,221316,221316
142343,3,4,7,190645,190645
142361,0,1,1,134063,134063
142369,1,4,5,194625,194625
142403,3,9,12,237801,237801
142408,2,8,10,71239,71239
142410,1,8,9,185501,185501
142437,1,2,3,157905,157905
142454,0,1,1,53101,53101
142467,0,2,2,162352,162352
142478,0,0,0,162232,162232
142484,5,9,14,184306,184306
142496,1,2,3,121541,121541
142504,0,6,6,231893,231893
142525,1,7,8,252468,252468
142537,1,9,10,161251,161251
142558,0,3,3,139469,139469
142585,24,36,60,241130,241130
142606,1,1,2,157762,157762
142614,0,1,1,176789,176789
142623,0,4,4,55707,55707
142643,2,8,10,243098,243098
142644,0,4,4,55168,55168
142652,2,2,4,240175,240175
142667,2,5,7,221113,221113
142693,3,3,6,212872,212872
142707,0,2,2,148089,148089
142714,1,5,6,224019,224019
142738,1,2,3,207753,207753
142741,0,6,6,155543,155543
142755,4,4,8,213077,213077
142761,0,2,2,228165,228165
142789,3,5,8,231976,231976
142818,11,17,28,106661,106661
142826,13,17,30,67842,67842
142835,5,5,10,68361,68361
142844,7,10,17,121820,121820
142856,5,5,10,115919,115919
142862,7,9,16,67673,67673
142867,2,5,7,139676,139676
142882,1,9,10,229778,229778
142900,2,6,8,117798,117798
142946,5,7,12,231718,231718
142947,4,11,15,117779,117779
142950,18,6,24,243192,243192
142951,11,14,25,233182,233182
142969,24,13,37,233240,233240
142990,3,5,8,132202,132202
142992,2,4,6,41826,41826
143013,5,6,11,199790,199790
143021,16,21,37,216499,216499
143031,2,2,4,232809,232809
143042,0,7,7,216940,216940
143045,1,13,14,214733,214733
143052,6,8,14,165896,165896
143056,2,14,16,140246,140246
143065,0,2,2,207869,207869
143077,0,4,4,198982,198982
143079,0,2,2,234516,234516
143088,2,4,6,192435,192435
143095,0,6,6,236980,236980
143099,0,5,5,118095,118095
143104,8,5,13,248434,248434
143128,2,3,5,156763,156763
143134,0,0,0,218524,218524
143155,6,13,19,229678,229678
143159,0,6,6,135584,135584
143171,0,1,1,218104,218104
143185,8,12,20,229994,229994
143191,1,6,7,114961,114961
143211,14,15,29,67533,67533
143251,0,1,1,252454,252454
143259,0,8,8,236795,236795
143294,0,1,1,149922,149922
143310,8,7,15,134605,134605
143335,0,0,0,225766,225766
143346,0,1,1,236428,236428
143361,1,1,2,240029,240029
143363,0,0,0,236587,236587
143366,3,1,4,179770,179770
143379,10,44,54,133098,133098
143388,22,34,56,211376,211376
143397,0,7,7,169981,169981
143412,1,8,9,63807,63807
143423,5,31,36,243035,243035
143432,6,10,16,246370,246370
143440,1,14,15,250501,250501
143441,4,0,4,135798,135798
143455,0,4,4,135493,135493
143469,3,7,10,205954,205954
143479,0,10,10,244681,244681
143481,0,2,2,144959,144959
143512,0,4,4,189711,189711
143517,5,19,24,76472,76472
143525,2,12,14,141635,141635
143528,6,9,15,77576,77576
143536,10,11,21,159595,159595
143545,14,8,22,120839,120839
143546,13,15,28,68658,68658
143547,16,58,74,141378,141378
143548,1,7,8,114605,114605
143554,12,23,35,85907,85907
143563,10,9,19,158502,158502
143579,2,13,15,55353,55353
143596,2,18,20,218514,218514
143598,0,1,1,226990,226990
143606,2,4,6,216654,216654
143639,0,1,1,136961,136961
143654,1,5,6,55143,55143
143667,16,50,66,258208,258208
143672,1,4,5,213706,213706
143704,2,1,3,80329,80329
143714,3,8,11,224338,224338
143743,0,2,2,201590,201590
143747,2,7,9,180922,180922
143748,2,7,9,224138,224138
143762,0,3,3,198181,198181
143815,7,15,22,232494,232494
143829,0,1,1,249952,249952
143832,1,3,4,252403,252403
143844,11,20,31,127058,127058
143861,2,4,6,246100,246100
143867,12,24,36,191302,191302
143875,0,2,2,243162,243162
143878,1,8,9,250445,250445
143893,9,18,27,216004,216004
143898,5,53,58,150852,150852
143908,1,9,10,200560,200560
143912,3,36,39,15424,15424
143938,1,2,3,172482,172482
143963,0,1,1,134261,134261
143977,8,1,9,41006,41006
143990,8,7,15,243910,243910
144003,13,5,18,163480,163480
144019,0,4,4,151176,151176
144026,4,27,31,151967,151967
144029,0,5,5,243314,243314
144031,0,0,0,250237,250237
144058,8,8,16,224526,224526
144076,0,0,0,241729,241729
144094,1,6,7,226605,226605
144099,8,12,20,127060,127060
144100,3,6,9,163990,163990
144109,13,13,26,238992,238992
144120,0,1,1,115676,115676
144146,0,1,1,155097,155097
144166,2,25,27,148732,148732
144178,2,3,5,228143,228143
144202,1,17,18,209734,209734
144206,4,15,19,233371,233371
144212,2,9,11,216814,216814
144231,0,0,0,218402,218402
144247,7,11,18,56303,56303
144336,5,12,17,180022,180022
144338,36,50,86,37576,37576
144339,1,3,4,66027,66027
144344,10,15,25,155843,155843
144357,0,0,0,142016,142016
144359,0,0,0,151456,151456
144371,0,1,1,196763,196763
144372,0,5,5,221788,221788
144380,2,7,9,152620,152620
144384,2,5,7,136550,136550
144389,2,10,12,192101,192101
144422,0,11,11,88864,88864
144459,2,10,12,149523,149523
144470,1,3,4,226412,226412
144474,1,3,4,152324,152324
144476,1,3,4,162524,162524
144484,3,3,6,140757,140757
144499,1,20,21,30592,30592
144530,1,4,5,151061,151061
144535,1,4,5,148318,148318
144551,4,10,14,235956,235956
144568,2,7,9,72390,72390
144585,0,0,0,132768,132768
144594,0,0,0,232284,232284
144599,0,0,0,255953,255953
144618,5,20,25,241691,241691
144646,1,15,16,58326,58326
144656,0,4,4,193775,193775
144667,3,21,24,143493,143493
144674,2,11,13,217172,217172
144681,2,23,25,233969,233969
144719,0,1,1,142931,142931
144750,0,4,4,168128,168128
144771,5,14,19,185802,185802
144781,2,8,10,189283,189283
144783,2,7,9,204875,204875
144799,0,0,0,219212,219212
144815,7,16,23,57879,57879
144853,6,6,12,240297,240297
144865,0,3,3,161677,161677
144869,0,0,0,167478,167478
144878,2,4,6,240583,240583
144882,0,1,1,241354,241354
144886,0,6,6,203452,203452
144909,8,23,31,201542,201542
144918,7,17,24,170083,170083
144933,5,18,23,217258,217258
144937,1,5,6,220647,220647
144942,0,7,7,134430,134430
144971,1,6,7,139663,139663
144977,0,12,12,66670,66670
144984,1,4,5,239987,239987
144996,0,2,2,23897,23897
144997,0,15,15,152444,152444
145027,1,16,17,205183,205183
145028,4,11,15,189407,189407
145050,0,4,4,252092,252092
145078,1,1,2,257380,257380
145106,3,6,9,212121,212121
145108,2,4,6,60025,60025
145133,8,12,20,165772,165772
145141,1,3,4,180615,180615
145159,4,3,7,140646,140646
145164,0,19,19,251016,251016
145195,0,0,0,238771,238771
145202,0,0,0,144966,144966
145207,8,9,17,133886,133886
145227,5,7,12,238865,238865
145231,0,1,1,164563,164563
145237,1,4,5,150892,150892
145266,1,21,22,239922,239922
145275,8,3,11,192133,192133
145287,4,4,8,52657,52657
145293,0,4,4,192729,192729
145298,0,0,0,138658,138658
145324,1,0,1,250977,250977
145379,0,0,0,223781,223781
145388,0,2,2,200398,200398
145405,8,5,13,106020,106020
145407,1,1,2,169568,169568
145408,5,18,23,38581,38581
145433,5,1,6,232363,232363
145501,4,6,10,74404,74404
145533,2,5,7,197609,197609
145538,1,3,4,148575,148575
145550,3,6,9,62978,62978
145605,3,13,16,244472,244472
145635,1,5,6,243484,243484
145668,0,4,4,243914,243914
145675,1,12,13,126314,126314
145677,1,2,3,196613,196613
145693,1,1,2,145078,145078
145694,1,4,5,240477,240477
145696,1,2,3,104533,104533
145697,2,7,9,153582,153582
145701,7,0,7,243905,243905
145733,0,6,6,159748,159748
145750,0,1,1,197760,197760
145761,2,1,3,180205,180205
145776,0,8,8,180015,180015
145786,1,1,2,210000,210000
145795,0,0,0,212024,212024
145825,1,2,3,244434,244434
145826,1,2,3,248428,248428
145834,1,2,3,256346,256346
145845,1,8,9,140625,140625
145851,16,3,19,183193,183193
145852,3,4,7,157991,157991
145859,1,8,9,138320,138320
145870,2,14,16,250547,250547
145880,1,2,3,252199,252199
145888,5,8,13,41236,41236
145908,0,0,0,134383,134383
145918,1,12,13,57525,57525
145925,0,8,8,192600,192600
145926,13,4,17,159910,159910
145947,0,2,2,238661,238661
145972,3,3,6,181115,181115
146002,1,4,5,247472,247472
146005,0,6,6,86495,86495
146043,0,5,5,192404,192404
146064,1,5,6,116671,116671
146077,3,3,6,184901,184901
146089,3,7,10,238271,238271
146131,2,7,9,242891,242891
146135,1,3,4,205147,205147
146166,2,3,5,155557,155557
146194,2,4,6,245443,245443
146202,1,16,17,227233,227233
146227,1,1,2,203760,203760
146231,0,0,0,178715,178715
146284,6,1,7,72062,72062
146322,4,10,14,237561,237561
146354,0,0,0,230664,230664
146393,1,11,12,146492,146492
146413,2,14,16,172893,172893
146423,1,3,4,239144,239144
146474,0,2,2,204522,204522
146480,7,9,16,131578,131578
146509,7,5,12,232539,232539
146512,0,0,0,213216,213216
146526,2,4,6,126336,126336
146594,7,14,21,149860,149860
146597,8,17,25,130967,130967
146599,1,2,3,164856,164856
146604,2,14,16,155358,155358
146637,4,17,21,247864,247864
146640,2,7,9,195278,195278
146642,13,24,37,29063,29063
146702,0,0,0,248828,248828
146704,0,16,16,58314,58314
146727,2,6,8,164757,164757
146784,4,26,30,208930,208930
146786,3,0,3,255161,255161
146799,1,6,7,104990,104990
146800,4,2,6,163282,163282
146802,1,0,1,138444,138444
146806,3,10,13,230730,230730
146808,3,13,16,130972,130972
146819,0,1,1,141568,141568
146820,1,3,4,141676,141676
146821,6,2,8,244937,244937
146824,0,0,0,188352,188352
146847,0,4,4,9062,9062
146856,0,2,2,193632,193632
146860,0,2,2,250262,250262
146886,1,9,10,244318,244318
146894,2,9,11,201742,201742
146899,1,10,11,232578,232578
146911,2,10,12,213664,213664
146912,13,19,32,224728,224728
146922,3,22,25,191605,191605
146924,4,10,14,200497,200497
146942,5,15,20,241783,241783
146945,1,2,3,154700,154700
146971,4,19,23,218050,218050
146976,17,18,35,229388,229388
146982,0,2,2,205318,205318
146986,4,8,12,191508,191508
146988,4,10,14,208006,208006
146999,8,17,25,240552,240552
147012,0,0,0,109380,109380
147024,2,8,10,235666,235666
147030,0,4,4,207828,207828
147034,7,2,9,225703,225703
147036,1,6,7,57344,57344
147076,0,2,2,250211,250211
147147,0,0,0,193940,193940
147149,7,0,7,245553,245553
147156,3,7,10,133631,133631
147164,2,6,8,243412,243412
147168,4,6,10,234711,234711
147205,1,7,8,229575,229575
147206,1,1,2,179793,179793
147228,3,2,5,38437,38437
147235,2,2,4,144919,144919
147236,3,4,7,162449,162449
147260,2,2,4,142731,142731
147273,3,10,13,232243,232243
147274,1,4,5,220722,220722
147279,4,11,15,172654,172654
147286,2,4,6,134626,134626
147297,1,4,5,141678,141678
147322,0,0,0,71575,71575
147324,1,1,2,82156,82156
147325,1,1,2,71028,71028
147366,1,12,13,132935,132935
147369,1,7,8,245332,245332
147405,1,1,2,223787,223787
147406,0,0,0,116346,116346
147415,1,4,5,245199,245199
147421,3,6,9,56826,56826
147501,0,2,2,221111,221111
147510,9,18,27,8357,8357
147521,3,5,8,176357,176357
147524,3,5,8,156658,156658
147530,2,1,3,216072,216072
147567,1,1,2,223110,223110
147579,1,2,3,237727,237727
147595,1,1,2,193081,193081
147599,4,2,6,158045,158045
147626,0,0,0,247828,247828
147628,1,4,5,252442,252442
147630,0,6,6,250535,250535
147641,1,2,3,246753,246753
147651,0,4,4,178433,178433
147653,5,22,27,160479,160479
147661,3,4,7,177566,177566
147672,3,3,6,154156,154156
147682,2,1,3,230848,230848
147687,0,1,1,139790,139790
147695,0,0,0,177550,177550
147700,2,1,3,217550,217550
147717,0,1,1,35770,35770
147735,3,31,34,194095,194095
147749,0,2,2,153168,153168
147754,1,3,4,110424,110424
147782,1,4,5,207215,207215
147785,0,0,0,189581,189581
147786,1,0,1,133479,133479
147789,5,9,14,142371,142371
147790,6,17,23,217669,217669
147798,0,7,7,235003,235003
147804,15,53,68,120590,120590
147808,3,14,17,61505,61505
147840,1,5,6,193737,193737
147841,2,4,6,187212,187212
147855,2,4,6,225057,225057
147870,9,18,27,241054,241054
147886,0,3,3,248265,248265
147908,2,2,4,150995,150995
147909,3,9,12,119893,119893
147930,1,8,9,241187,241187
147932,4,10,14,158871,158871
147954,2,3,5,165425,165425
147968,0,6,6,241344,241344
147973,1,4,5,137924,137924
147993,20,21,41,57313,57313
147997,8,16,24,70355,70355
148002,1,13,14,170949,170949
148014,1,9,10,130612,130612
148055,10,13,23,186323,186323
148058,3,24,27,190913,190913
148067,0,1,1,135988,135988
148069,0,7,7,193775,193775
148084,2,3,5,204064,204064
148098,1,1,2,210971,210971
148109,1,3,4,220969,220969
148116,0,15,15,206137,206137
148121,1,4,5,152240,152240
148122,0,3,3,80620,80620
148132,0,0,0,226198,226198
148133,0,1,1,250186,250186
148144,2,5,7,230735,230735
148192,1,2,3,158923,158923
148218,1,1,2,156024,156024
148228,1,4,5,102086,102086
148232,2,5,7,73138,73138
148237,20,67,87,47244,47244
148245,2,2,4,245218,245218
148247,1,3,4,56831,56831
148251,21,43,64,248607,248607
148258,1,34,35,150068,150068
148273,0,12,12,103386,103386
148278,3,0,3,196098,196098
148289,5,3,8,192631,192631
148303,0,6,6,236761,236761
148309,0,1,1,125391,125391
148325,0,1,1,110517,110517
148377,7,20,27,157482,157482
148407,1,4,5,114362,114362
148421,1,1,2,76369,76369
148431,1,2,3,136413,136413
148436,3,12,15,203984,203984
148443,0,0,0,254235,254235
148468,1,1,2,213844,213844
148526,0,6,6,73747,73747
148534,0,19,19,228917,228917
148537,0,2,2,216693,216693
148546,3,3,6,142287,142287
148547,1,1,2,217377,217377
148586,2,16,18,230898,230898
148597,0,0,0,249297,249297
148602,0,3,3,55454,55454
148611,0,2,2,237607,237607
148640,1,4,5,234288,234288
148644,0,2,2,157045,157045
148660,2,2,4,165672,165672
148667,3,7,10,162845,162845
148669,9,17,26,229887,229887
148731,3,2,5,159591,159591
148763,0,5,5,237931,237931
148764,1,3,4,148586,148586
148788,1,11,12,210981,210981
148790,4,7,11,188814,188814
148799,3,19,22,241266,241266
148800,3,3,6,143068,143068
148807,4,6,10,139914,139914
148815,1,7,8,206305,206305
148828,2,4,6,234032,234032
148830,0,2,2,207875,207875
148844,4,7,11,245947,245947
148856,2,2,4,242354,242354
148864,4,8,12,217740,217740
148866,0,2,2,221951,221951
148876,0,1,1,147439,147439
148884,0,0,0,151494,151494
148901,0,4,4,141923,141923
148917,0,0,0,254414,254414
148923,16,4,20,164969,164969
148956,2,4,6,211241,211241
148960,2,2,4,206434,206434
148990,0,2,2,244967,244967
149017,1,2,3,229171,229171
149032,3,8,11,230260,230260
149046,2,6,8,154959,154959
149053,2,8,10,70845,70845
149071,1,5,6,242950,242950
149083,2,5,7,230043,230043
149086,15,18,33,196983,196983
149096,2,7,9,199177,199177
149190,1,2,3,217727,217727
149204,0,0,0,142193,142193
149210,12,1,13,229519,229519
149212,12,0,12,122129,122129
149241,0,1,1,256050,256050
149244,0,2,2,194464,194464
149249,0,1,1,69255,69255
149261,1,3,4,250466,250466
149264,8,16,24,237271,237271
149266,6,6,12,173722,173722
149268,6,12,18,23861,23861
149281,0,2,2,234898,234898
149288,0,2,2,172509,172509
149295,0,0,0,177270,177270
149298,2,2,4,147880,147880
149311,8,1,9,133390,133390
149318,5,7,12,135144,135144
149320,1,12,13,137739,137739
149323,10,13,23,225482,225482
149324,8,24,32,132094,132094
149327,11,16,27,117518,117518
149332,12,21,33,204711,204711
149344,3,24,27,154326,154326
149346,1,2,3,57317,57317
149375,1,1,2,245121,245121
149391,0,1,1,182772,182772
149402,6,19,25,104929,104929
149403,12,25,37,4216,4216
149405,2,5,7,247618,247618
149467,6,16,22,65363,65363
149471,0,8,8,192250,192250
149479,0,4,4,188710,188710
149484,1,1,2,257081,257081
149499,0,1,1,221639,221639
149510,2,5,7,214290,214290
149557,0,8,8,133755,133755
149566,0,0,0,139173,139173
149580,0,1,1,210778,210778
149598,2,3,5,140505,140505
149604,1,2,3,210346,210346
149606,4,4,8,211619,211619
149629,0,1,1,133209,133209
149644,1,1,2,179880,179880
149666,1,11,12,167441,167441
149677,1,2,3,136897,136897
149683,1,3,4,229391,229391
149684,1,6,7,236143,236143
149691,28,98,126,71903,71903
149700,11,32,43,137820,137820
149705,1,10,11,155090,155090
149707,3,4,7,245316,245316
149730,0,1,1,190188,190188
149734,0,3,3,151158,151158
149737,0,5,5,50864,50864
149743,3,11,14,258054,258054
149767,3,3,6,177989,177989
149771,0,0,0,172549,172549
149809,6,14,20,159977,159977
149824,0,2,2,45004,45004
149835,3,5,8,203343,203343
149838,2,14,16,192880,192880
149840,6,8,14,189588,189588
149842,4,5,9,134626,134626
149846,1,7,8,224869,224869
149847,1,3,4,225083,225083
149865,0,3,3,212940,212940
149884,0,7,7,214780,214780
149887,1,5,6,190665,190665
149907,1,2,3,238349,238349
149910,0,2,2,213238,213238
149918,3,3,6,104717,104717
149928,1,4,5,258795,258795
149937,0,1,1,159565,159565
149965,0,0,0,134318,134318
149978,1,4,5,122867,122867
150036,0,8,8,250184,250184
150096,0,1,1,209116,209116
150103,18,27,45,190270,190270
150131,0,0,0,203419,203419
150132,0,1,1,157966,157966
150140,1,19,20,138964,138964
150148,0,1,1,221186,221186
150169,1,1,2,203085,203085
150202,22,36,58,217213,217213
150221,0,6,6,198115,198115
150233,0,1,1,171966,171966
150234,5,0,5,189445,189445
150235,0,6,6,232047,232047
150245,2,4,6,185497,185497
150281,2,4,6,147860,147860
150286,0,1,1,189102,189102
150302,4,16,20,107479,107479
150305,2,6,8,191234,191234
150337,16,35,51,212398,212398
150341,5,12,17,121737,121737
150365,1,6,7,92695,92695
150389,22,45,67,138890,138890
150401,3,4,7,248943,248943
150402,0,2,2,161379,161379
150411,3,3,6,166237,166237
150418,0,2,2,176234,176234
150427,8,8,16,186580,186580
150432,0,8,8,140960,140960
150443,2,2,4,250813,250813
150446,1,6,7,225692,225692
150469,0,4,4,123285,123285
150490,3,4,7,203434,203434
150499,1,2,3,206263,206263
150501,1,7,8,234123,234123
150503,3,9,12,236048,236048
150510,2,2,4,222359,222359
150512,1,3,4,229169,229169
150521,2,2,4,165925,165925
150527,1,1,2,206136,206136
150534,2,4,6,133747,133747
150561,1,8,9,248213,248213
150567,3,8,11,192244,192244
150574,0,4,4,188831,188831
150576,0,7,7,207240,207240
150582,0,1,1,216586,216586
150590,2,2,4,249940,249940
150600,0,0,0,203177,203177
150622,2,5,7,153009,153009
150636,2,3,5,201798,201798
150665,5,3,8,233440,233440
150680,10,35,45,148826,148826
150701,0,2,2,198630,198630
150704,0,1,1,67187,67187
150708,0,2,2,213709,213709
150713,1,3,4,246420,246420
150731,0,6,6,178954,178954
150753,1,1,2,143112,143112
150793,3,8,11,235406,235406
150799,1,11,12,245641,245641
150800,4,11,15,186721,186721
150803,4,22,26,242834,242834
150805,0,5,5,8796,8796
150818,2,7,9,162580,162580
150837,0,1,1,138101,138101
150842,6,14,20,223456,223456
150846,3,5,8,192971,192971
150847,2,3,5,253497,253497
150851,0,1,1,237953,237953
150861,1,1,2,240300,240300
150866,3,7,10,150830,150830
150889,4,2,6,130915,130915
150890,2,5,7,130108,130108
150904,4,12,16,146716,146716
150912,2,4,6,77311,77311
150919,2,3,5,147971,147971
150929,1,3,4,221055,221055
150977,2,10,12,175673,175673
151018,5,17,22,188435,188435
151039,4,15,19,137495,137495
151040,0,2,2,142190,142190
151045,1,17,18,63620,63620
151054,0,1,1,74352,74352
151064,1,6,7,204214,204214
151069,4,3,7,176058,176058
151085,3,18,21,192713,192713
151103,0,0,0,125549,125549
151121,2,6,8,207507,207507
151140,2,4,6,244520,244520
151159,1,2,3,84854,84854
151189,0,1,1,243984,243984
151204,1,3,4,103345,103345
151205,2,3,5,112853,112853
151210,11,20,31,234142,234142
151223,2,4,6,112710,112710
151239,6,9,15,187803,187803
151251,0,2,2,247427,247427
151264,0,16,16,244816,244816
151276,0,2,2,206646,206646
151284,1,2,3,194200,194200
151286,1,1,2,195007,195007
151290,0,1,1,149406,149406
151292,1,4,5,226219,226219
151304,0,6,6,148394,148394
151316,0,0,0,144425,144425
151320,0,0,0,186288,186288
151322,1,6,7,222615,222615
151366,0,11,11,137890,137890
151383,10,9,19,148436,148436
151415,1,3,4,139908,139908
151428,2,6,8,101307,101307
151430,2,2,4,220247,220247
151442,2,2,4,140038,140038
151445,0,0,0,245106,245106
151450,0,4,4,151656,151656
151504,0,0,0,230636,230636
151509,0,1,1,217904,217904
151513,1,3,4,225153,225153
151524,1,5,6,206722,206722
151541,1,3,4,189094,189094
151550,0,0,0,186135,186135
151566,0,0,0,154478,154478
151571,0,4,4,116264,116264
151576,2,12,14,195982,195982
151582,0,10,10,250569,250569
151605,0,2,2,242868,242868
151609,1,0,1,158262,158262
151632,4,8,12,141536,141536
151635,1,4,5,204747,204747
151641,0,3,3,223442,223442
151646,2,9,11,192783,192783
151651,3,7,10,228887,228887
151652,2,3,5,228763,228763
151676,2,19,21,207905,207905
151681,0,3,3,156558,156558
151683,0,1,1,98043,98043
151687,0,6,6,172013,172013
151690,0,3,3,170900,170900
151707,1,2,3,156606,156606
151733,3,3,6,240312,240312
151736,1,1,2,207976,207976
151750,1,2,3,125806,125806
151754,0,12,12,134620,134620
151783,0,5,5,111750,111750
151810,2,6,8,122629,122629
151845,0,10,10,97775,97775
151883,0,1,1,161727,161727
151891,0,7,7,164949,164949
151920,6,12,18,243807,243807
151925,2,5,7,213610,213610
151958,0,1,1,173776,173776
151961,0,0,0,130768,130768
151979,1,5,6,56027,56027
151980,1,1,2,246011,246011
151987,2,2,4,156048,156048
151995,0,8,8,149686,149686
152011,3,13,16,146914,146914
152027,0,1,1,12210,12210
152034,1,2,3,231401,231401
152035,1,3,4,195341,195341
152054,1,10,11,124019,124019
152064,0,6,6,243870,243870
152095,1,1,2,55252,55252
152101,4,20,24,209198,209198
152112,0,3,3,150453,150453
152140,1,4,5,136296,136296
152228,3,5,8,247382,247382
152239,0,5,5,221179,221179
152243,5,10,15,170286,170286
152248,6,12,18,111591,111591
152258,1,6,7,109465,109465
152290,0,0,0,230391,230391
152292,0,3,3,239979,239979
152298,1,4,5,153190,153190
152304,4,28,32,226731,226731
152308,1,2,3,154171,154171
152328,0,8,8,239765,239765
152329,1,1,2,150236,150236
152340,0,6,6,193939,193939
152350,2,4,6,212361,212361
152363,3,2,5,110499,110499
152370,2,7,9,122380,122380
152385,2,2,4,194685,194685
152400,1,9,10,47755,47755
152407,4,20,24,60373,60373
152421,5,5,10,149969,149969
152422,1,3,4,243256,243256
152452,0,1,1,251583,251583
152453,3,3,6,240888,240888
152460,1,1,2,229909,229909
152473,2,9,11,242414,242414
152494,0,3,3,217869,217869
152500,0,1,1,43510,43510
152503,0,4,4,136752,136752
152506,2,4,6,147674,147674
152507,3,18,21,151632,151632
152512,3,6,9,193678,193678
152531,3,9,12,180543,180543
152544,0,1,1,240860,240860
152555,0,2,2,155907,155907
152579,1,11,12,55775,55775
152594,2,3,5,258067,258067
152597,2,12,14,147714,147714
152608,8,33,41,234242,234242
152613,0,4,4,177565,177565
152615,0,3,3,212975,212975
152619,1,5,6,236795,236795
152620,2,24,26,207546,207546
152622,0,3,3,226545,226545
152661,2,8,10,252490,252490
152665,0,2,2,174388,174388
152669,0,1,1,169557,169557
152688,1,1,2,162813,162813
152718,1,4,5,150320,150320
152727,0,3,3,160245,160245
152730,0,4,4,184164,184164
152757,0,8,8,252010,252010
152760,0,2,2,218763,218763
152768,1,7,8,221732,221732
152800,0,4,4,122011,122011
152817,3,9,12,190995,190995
152818,1,1,2,193120,193120
152836,3,8,11,146962,146962
152837,0,6,6,231714,231714
152854,1,2,3,148476,148476
152856,1,4,5,208406,208406
152858,1,1,2,209246,209246
152870,1,4,5,257491,257491
152873,0,1,1,129257,129257
152882,3,4,7,136134,136134
152884,1,2,3,147201,147201
152892,0,2,2,247400,247400
152912,1,1,2,64210,64210
152942,0,2,2,235536,235536
152960,2,8,10,191983,191983
152985,3,9,12,72911,72911
152989,37,24,61,138475,138475
152990,1,12,13,145016,145016
153003,1,3,4,73470,73470
153014,0,0,0,233491,233491
153030,0,6,6,116399,116399
153043,1,1,2,256415,256415
153053,1,2,3,240345,240345
153062,0,2,2,141987,141987
153098,0,1,1,106704,106704
153140,1,15,16,257357,257357
153142,2,11,13,237138,237138
153151,1,0,1,187135,187135
153189,0,1,1,222276,222276
153209,2,10,12,215197,215197
153231,7,4,11,188726,188726
153233,0,2,2,247486,247486
153247,0,3,3,117869,117869
153249,1,3,4,145385,145385
153265,0,1,1,132212,132212
153273,1,9,10,134753,134753
153278,0,3,3,120415,120415
153298,0,0,0,238907,238907
153313,1,7,8,243568,243568
153317,8,12,20,230779,230779
153328,0,7,7,195369,195369
153334,7,17,24,229945,229945
153340,3,3,6,160508,160508
153358,0,0,0,134926,134926
153367,1,2,3,156888,156888
153386,4,23,27,67185,67185
153414,2,3,5,155092,155092
153422,3,11,14,212305,212305
153431,2,21,23,221756,221756
153436,3,7,10,133948,133948
153444,0,0,0,225705,225705
153457,2,5,7,157656,157656
153467,0,1,1,212659,212659
153499,0,4,4,156436,156436
153552,0,3,3,191833,191833
153562,1,0,1,158420,158420
153564,0,0,0,237848,237848
153566,0,3,3,22228,22228
153569,3,8,11,152718,152718
153572,2,22,24,158854,158854
153575,2,16,18,240058,240058
153579,7,5,12,154468,154468
153584,8,18,26,212689,212689
153606,17,21,38,138031,138031
153621,0,1,1,184545,184545
153636,0,0,0,243558,243558
153637,2,6,8,116981,116981
153649,0,3,3,109975,109975
153653,5,3,8,98495,98495
153661,0,9,9,241807,241807
153663,2,8,10,227698,227698
153669,0,3,3,127286,127286
153698,3,5,8,180972,180972
153699,12,29,41,142053,142053
153700,2,3,5,257423,257423
153726,0,6,6,209490,209490
153730,0,3,3,181610,181610
153741,3,42,45,140636,140636
153746,1,2,3,236716,236716
153751,1,2,3,156267,156267
153765,18,37,55,214292,214292
153780,5,46,51,190750,190750
153793,24,34,58,65522,65522
153800,1,6,7,144489,144489
153821,1,3,4,152200,152200
153827,6,44,50,217398,217398
153854,2,2,4,99505,99505
153859,1,2,3,210688,210688
153867,0,1,1,210749,210749
153894,0,1,1,246454,246454
153899,1,10,11,191764,191764
153903,2,7,9,229927,229927
153911,0,6,6,221622,221622
153915,0,1,1,221908,221908
153917,0,6,6,171262,171262
153927,4,12,16,245485,245485
153938,8,20,28,146135,146135
153950,17,10,27,135215,135215
153959,3,2,5,151001,151001
153962,3,3,6,150905,150905
153989,0,3,3,131310,131310
154014,1,2,3,201402,201402
154068,3,22,25,117327,117327
154071,3,7,10,229859,229859
154076,8,21,29,254095,254095
154081,0,16,16,183505,183505
154082,0,25,25,136643,136643
154107,4,47,51,129881,129881
154115,0,5,5,221519,221519
154124,0,1,1,188529,188529
154179,0,3,3,147832,147832
154217,0,6,6,149968,149968
154218,20,5,25,242971,242971
154228,1,2,3,197012,197012
154230,0,7,7,241503,241503
154234,1,5,6,117384,117384
154254,9,59,68,223982,223982
154257,2,2,4,131393,131393
154286,3,32,35,207319,207319
154300,1,1,2,188802,188802
154308,1,4,5,254452,254452
154314,1,11,12,238614,238614
154320,1,12,13,157139,157139
154321,8,14,22,136770,136770
154330,1,3,4,182590,182590
154334,0,3,3,238198,238198
154344,2,2,4,168767,168767
154350,7,7,14,234464,234464
154363,0,1,1,135937,135937
154383,2,10,12,199954,199954
154401,2,8,10,146547,146547
154403,2,3,5,210783,210783
154475,4,6,10,157188,157188
154480,1,2,3,107798,107798
154488,2,2,4,257196,257196
154502,1,1,2,173730,173730
154507,4,4,8,190702,190702
154509,3,14,17,237867,237867
154519,3,5,8,210871,210871
154521,1,2,3,203100,203100
154528,2,4,6,202183,202183
154531,1,4,5,250661,250661
154561,4,13,17,202252,202252
154573,18,42,60,50159,50159
154577,18,6,24,111187,111187
154579,0,1,1,99960,99960
154581,16,82,98,122306,122306
154584,15,19,34,46312,46312
154597,0,2,2,151372,151372
154598,4,28,32,158942,158942
154606,0,8,8,192513,192513
154615,1,5,6,151818,151818
154632,3,7,10,253931,253931
154643,2,20,22,244323,244323
154652,1,3,4,247110,247110
154667,1,0,1,237201,237201
154675,6,24,30,203374,203374
154681,0,10,10,228859,228859
154693,0,0,0,252386,252386
154695,0,3,3,121358,121358
154700,4,3,7,255400,255400
154702,1,10,11,147669,147669
154758,7,5,12,168101,168101
154763,0,0,0,155797,155797
154767,1,3,4,177740,177740
154772,0,3,3,203283,203283
154788,0,1,1,247917,247917
154808,3,3,6,188684,188684
154809,1,5,6,224604,224604
154827,5,6,11,173914,173914
154833,0,4,4,55680,55680
154847,0,3,3,230508,230508
154878,5,11,16,204596,204596
154884,1,6,7,113142,113142
154907,7,25,32,243894,243894
154947,2,20,22,225508,225508
154962,0,4,4,147902,147902
155034,0,3,3,59345,59345
155038,7,33,40,191988,191988
155044,0,9,9,231071,231071
155050,0,3,3,238052,238052
155063,1,1,2,156840,156840
155076,1,4,5,214506,214506
155084,1,1,2,191503,191503
155105,2,27,29,55386,55386
155119,0,10,10,224631,224631
155121,0,4,4,235500,235500
155123,0,0,0,200375,200375
155144,0,1,1,208815,208815
155145,0,1,1,172822,172822
155166,0,1,1,255896,255896
155167,1,3,4,194488,194488
155185,1,4,5,192597,192597
155204,2,4,6,165656,165656
155252,0,3,3,244004,244004
155273,0,4,4,159543,159543
155277,1,9,10,125722,125722
155357,8,22,30,219975,219975
155393,0,1,1,134827,134827
155398,0,6,6,66168,66168
155413,0,1,1,125732,125732
155467,1,3,4,197884,197884
155471,0,2,2,56115,56115
155485,0,1,1,179801,179801
155495,0,3,3,140305,140305
155513,7,27,34,149175,149175
155546,0,1,1,131775,131775
155554,0,2,2,77000,77000
155566,3,26,29,250293,250293
155588,4,9,13,222381,222381
155590,0,2,2,235587,235587
155595,2,3,5,190705,190705
155612,2,0,2,181813,181813
155637,0,2,2,59451,59451
155642,1,1,2,158727,158727
155668,0,11,11,207872,207872
155669,2,26,28,237564,237564
155672,0,8,8,71209,71209
155685,3,6,9,191602,191602
155692,1,2,3,244549,244549
155734,0,14,14,172553,172553
155737,0,3,3,141309,141309
155753,1,2,3,153747,153747
155768,1,1,2,206642,206642
155779,1,5,6,134210,134210
155786,1,2,3,186319,186319
155795,2,5,7,196648,196648
155853,1,3,4,195398,195398
155867,1,23,24,143658,143658
155888,1,17,18,198394,198394
155900,0,2,2,189922,189922
155926,0,0,0,145868,145868
155932,0,3,3,196203,196203
155935,0,3,3,201335,201335
155939,12,24,36,228529,228529
155951,0,3,3,238696,238696
155974,1,0,1,176431,176431
155979,7,6,13,241784,241784
156001,1,14,15,173089,173089
156005,0,0,0,145755,145755
156007,4,5,9,66568,66568
156021,1,12,13,197881,197881
156057,0,2,2,196946,196946
156069,1,10,11,136263,136263
156085,1,7,8,137270,137270
156105,1,1,2,70789,70789
156132,0,0,0,158874,158874
156135,0,3,3,167364,167364
156138,1,3,4,214311,214311
156143,2,3,5,123427,123427
156144,1,4,5,221139,221139
156176,0,4,4,164742,164742
156189,2,18,20,242962,242962
156192,4,12,16,228181,228181
156213,0,3,3,148785,148785
156225,3,3,6,123598,123598
156229,1,8,9,201798,201798
156230,0,2,2,215185,215185
156246,3,41,44,226910,226910
156264,1,0,1,204402,204402
156324,8,11,19,207286,207286
156339,1,2,3,133371,133371
156342,4,8,12,154389,154389
156356,3,4,7,227856,227856
156362,2,11,13,150622,150622
156374,4,10,14,147797,147797
156383,0,3,3,231947,231947
156398,1,0,1,161853,161853
156404,2,0,2,255247,255247
156454,2,1,3,208261,208261
156466,0,1,1,142965,142965
156472,2,8,10,137087,137087
156475,0,1,1,192985,192985
156485,1,6,7,129855,129855
156489,0,0,0,244466,244466
156573,1,1,2,237671,237671
156594,7,14,21,242986,242986
156629,0,1,1,180141,180141
156641,1,1,2,215132,215132
156647,9,34,43,196760,196760
156655,4,12,16,131875,131875
156668,8,26,34,122921,122921
156671,6,16,22,196129,196129
156686,6,52,58,133013,133013
156699,1,8,9,244081,244081
156701,0,0,0,138247,138247
156703,2,2,4,159404,159404
156721,1,4,5,188993,188993
156762,5,11,16,234422,234422
156779,0,1,1,207336,207336
156780,1,1,2,164659,164659
156811,2,15,17,131381,131381
156826,0,3,3,238525,238525
156832,3,4,7,149321,149321
156841,0,1,1,135820,135820
156845,3,14,17,214381,214381
156846,3,11,14,31712,31712
156869,1,2,3,118291,118291
156871,2,4,6,149668,149668
156882,1,8,9,138662,138662
156910,1,3,4,243315,243315
156921,2,6,8,196865,196865
156936,0,8,8,141014,141014
156963,0,5,5,223394,223394
157002,2,6,8,172312,172312
157013,1,1,2,207242,207242
157030,4,4,8,173734,173734
157031,0,1,1,143788,143788
157043,1,1,2,160213,160213
157059,3,3,6,118620,118620
157073,1,1,2,139342,139342
157094,4,15,19,134015,134015
157157,0,0,0,198997,198997
157176,5,16,21,129208,129208
157180,0,2,2,143207,143207
157206,0,2,2,191169,191169
157211,0,0,0,129401,129401
157227,0,2,2,111752,111752
157250,0,3,3,173282,173282
157255,1,1,2,204595,204595
157262,0,0,0,227791,227791
157265,2,3,5,222833,222833
157267,0,3,3,110062,110062
157276,0,6,6,78223,78223
157291,0,3,3,134470,134470
157297,1,9,10,154106,154106
157300,0,2,2,188620,188620
157312,2,3,5,232571,232571
157317,0,5,5,107632,107632
157326,0,1,1,242807,242807
157333,0,1,1,233056,233056
157336,2,10,12,150821,150821
157370,1,0,1,150852,150852
157382,6,18,24,223735,223735
157384,1,3,4,229888,229888
157400,2,5,7,227139,227139
157405,0,10,10,143379,143379
157432,3,25,28,191386,191386
157452,2,13,15,257893,257893
157466,1,4,5,233254,233254
157467,2,24,26,218215,218215
157472,0,3,3,146591,146591
157481,0,5,5,245502,245502
157505,22,24,46,249332,249332
157555,5,24,29,243846,243846
157557,12,3,15,109883,109883
157570,0,4,4,254171,254171
157573,7,16,23,136145,136145
157599,3,5,8,58556,58556
157601,5,18,23,125925,125925
157617,2,4,6,218145,218145
157624,14,24,38,135088,135088
157629,0,0,0,233104,233104
157631,0,1,1,241487,241487
157658,1,4,5,162849,162849
157677,1,6,7,244837,244837
157693,4,7,11,222319,222319
157699,0,1,1,174839,174839
157706,2,7,9,245417,245417
157717,1,3,4,130916,130916
157722,5,27,32,195587,195587
157727,2,20,22,253913,253913
157728,1,3,4,160564,160564
157730,4,34,38,147289,147289
157733,4,14,18,132414,132414
157734,2,6,8,259066,259066
157735,5,47,52,122624,122624
157737,2,48,50,126221,126221
157744,2,9,11,156357,156357
157761,0,0,0,225767,225767
157837,0,10,10,147792,147792
157838,0,2,2,248796,248796
157846,2,8,10,202192,202192
157853,4,6,10,109035,109035
157865,0,3,3,142087,142087
157869,4,3,7,210010,210010
157872,3,0,3,241570,241570
157878,1,3,4,150693,150693
157892,0,0,0,79711,79711
157916,1,0,1,230218,230218
157929,0,0,0,235087,235087
157930,0,1,1,225423,225423
157965,0,0,0,192125,192125
157989,0,2,2,189852,189852
158056,3,27,30,231469,231469
158062,1,6,7,192719,192719
158065,1,8,9,73572,73572
158066,3,25,28,145243,145243
158067,3,2,5,247976,247976
158075,13,17,30,148483,148483
158076,1,14,15,150655,150655
158082,1,1,2,169669,169669
158083,1,2,3,155220,155220
158086,16,18,34,148938,148938
158097,4,4,8,59745,59745
158109,5,3,8,156169,156169
158113,1,2,3,224833,224833
158120,0,0,0,140568,140568
158122,1,6,7,180231,180231
158125,2,4,6,141554,141554
158141,3,10,13,129806,129806
158193,3,5,8,92359,92359
158228,0,7,7,226355,226355
158237,0,4,4,194650,194650
158242,1,2,3,97920,97920
158289,2,2,4,57151,57151
158299,0,5,5,180064,180064
158315,1,5,6,42097,42097
158333,0,5,5,192540,192540
158339,0,0,0,227987,227987
158368,1,4,5,206538,206538
158392,5,5,10,145615,145615
158400,23,16,39,142553,142553
158431,0,7,7,101266,101266
158446,0,2,2,87114,87114
158456,2,3,5,238400,238400
158465,0,0,0,179856,179856
158476,2,4,6,91178,91178
158477,1,9,10,244494,244494
158499,1,1,2,249402,249402
158500,0,4,4,250637,250637
158524,0,0,0,229574,229574
158539,1,3,4,238189,238189
158548,1,1,2,241233,241233
158553,2,5,7,181277,181277
158584,4,6,10,77207,77207
158600,1,5,6,248493,248493
158612,2,4,6,155666,155666
158619,1,1,2,237222,237222
158623,1,7,8,245857,245857
158653,2,6,8,195889,195889
158674,1,0,1,174558,174558
158678,1,2,3,166509,166509
158682,5,3,8,240547,240547
158683,2,10,12,132914,132914
158684,2,1,3,185825,185825
158688,0,1,1,117452,117452
158696,1,6,7,143009,143009
158701,3,7,10,202909,202909
158704,3,12,15,136193,136193
158705,2,11,13,245154,245154
158744,0,2,2,131326,131326
158758,3,2,5,165901,165901
158763,1,2,3,146132,146132
158765,2,11,13,217093,217093
158770,0,0,0,140413,140413
158836,1,1,2,65844,65844
158841,1,2,3,232534,232534
158866,0,10,10,225333,225333
158872,1,3,4,226799,226799
158899,0,7,7,238740,238740
158904,4,11,15,224366,224366
158906,3,0,3,238412,238412
158909,3,3,6,160861,160861
158920,2,10,12,129657,129657
158923,6,13,19,225238,225238
158932,3,5,8,110568,110568
158936,9,2,11,162609,162609
158944,5,10,15,154832,154832
158955,3,29,32,75164,75164
158956,2,7,9,237530,237530
158961,8,5,13,169464,169464
158965,4,19,23,155963,155963
158968,0,0,0,201265,201265
158970,1,0,1,96984,96984
159000,5,2,7,153070,153070
159019,0,3,3,230983,230983
159032,1,1,2,182082,182082
159050,2,1,3,197201,197201
159054,3,3,6,250684,250684
159057,3,20,23,258603,258603
159061,5,7,12,144718,144718
159066,2,13,15,144142,144142
159071,5,38,43,184570,184570
159076,0,1,1,142668,142668
159101,1,1,2,121018,121018
159116,7,15,22,74647,74647
159181,1,6,7,148051,148051
159225,0,6,6,149411,149411
159227,0,19,19,214621,214621
159230,1,0,1,143179,143179
159231,0,3,3,246841,246841
159235,0,1,1,216448,216448
159237,0,2,2,194608,194608
159249,7,11,18,238774,238774
159252,9,15,24,204794,204794
159257,1,1,2,247861,247861
159267,3,6,9,136709,136709
159276,6,11,17,135365,135365
159296,1,3,4,105850,105850
159299,1,4,5,212231,212231
159313,0,0,0,169009,169009
159317,1,0,1,243670,243670
159332,0,5,5,74927,74927
159343,1,5,6,181493,181493
159357,1,1,2,147268,147268
159362,1,1,2,255596,255596
159367,0,0,0,178861,178861
159380,0,10,10,121340,121340
159382,0,1,1,173245,173245
159400,1,1,2,253977,253977
159401,2,2,4,226979,226979
159405,2,3,5,206237,206237
159489,1,4,5,197527,197527
159493,7,6,13,126837,126837
159496,5,0,5,208291,208291
159497,0,0,0,214031,214031
159505,8,6,14,111413,111413
159508,0,0,0,178514,178514
159509,0,4,4,226321,226321
159525,0,10,10,72093,72093
159527,1,2,3,162505,162505
159528,0,0,0,234863,234863
159544,2,12,14,161803,161803
159550,3,3,6,220068,220068
159563,0,0,0,219709,219709
159582,0,0,0,229935,229935
159599,3,3,6,224181,224181
159601,15,32,47,213206,213206
159620,4,21,25,73556,73556
159627,10,27,37,170274,170274
159632,1,2,3,241706,241706
159642,0,0,0,180860,180860
159703,7,19,26,251058,251058
159761,1,11,12,210249,210249
159762,1,2,3,191463,191463
159788,1,1,2,147938,147938
159810,0,4,4,247817,247817
159843,0,1,1,208812,208812
159894,0,1,1,168782,168782
159912,1,1,2,154244,154244
159945,0,7,7,249540,249540
159974,1,8,9,229776,229776
159977,0,5,5,163226,163226
159981,1,4,5,55072,55072
159983,6,6,12,55057,55057
159992,1,4,5,154525,154525
159999,0,0,0,222476,222476
160015,0,2,2,190973,190973
160016,1,3,4,226903,226903
160024,1,1,2,187401,187401
160028,2,1,3,231267,231267
160038,30,37,67,80817,80817
160041,2,5,7,131785,131785
160055,14,25,39,16054,16054
160059,14,28,42,152975,152975
160069,1,8,9,143213,143213
160102,4,3,7,213039,213039
160103,1,2,3,149618,149618
160115,1,1,2,144960,144960
160124,4,4,8,148111,148111
160129,6,4,10,224887,224887
160135,3,26,29,163540,163540
160137,2,8,10,250590,250590
160143,0,11,11,205680,205680
160144,0,3,3,152543,152543
160176,0,2,2,74949,74949
160230,0,0,0,211287,211287
160238,6,19,25,137408,137408
160246,5,8,13,153950,153950
160266,1,2,3,152246,152246
160339,4,4,8,242755,242755
160344,1,2,3,194255,194255
160357,0,1,1,236276,236276
160382,4,2,6,58260,58260
160395,10,0,10,193841,193841
160409,3,4,7,190696,190696
160410,6,6,12,158876,158876
160413,1,2,3,189158,189158
160419,1,13,14,245986,245986
160430,8,5,13,250531,250531
160432,0,0,0,247396,247396
160450,0,1,1,147216,147216
160485,0,1,1,189007,189007
160501,1,1,2,212351,212351
160506,1,1,2,252683,252683
160512,2,7,9,114302,114302
160547,5,7,12,192923,192923
160561,0,3,3,165900,165900
160562,1,9,10,232907,232907
160577,1,4,5,188579,188579
160579,0,0,0,205550,205550
160588,0,13,13,178690,178690
160594,3,2,5,240430,240430
160610,2,3,5,233341,233341
160612,5,7,12,58727,58727
160615,1,4,5,104075,104075
160621,1,5,6,155782,155782
160629,4,19,23,57342,57342
160632,7,25,32,190211,190211
160633,1,3,4,60147,60147
160648,0,16,16,250819,250819
160657,11,21,32,246278,246278
160660,0,16,16,203106,203106
160688,0,0,0,175337,175337
160702,2,6,8,193128,193128
160808,0,0,0,212802,212802
160819,5,14,19,33717,33717
160826,0,0,0,226886,226886
160828,0,6,6,233452,233452
160844,4,10,14,124774,124774
160871,3,2,5,227176,227176
160877,1,2,3,235278,235278
160909,0,2,2,130740,130740
160926,1,2,3,129799,129799
160931,1,5,6,234225,234225
160941,2,12,14,235868,235868
160953,0,3,3,247665,247665
160995,3,5,8,194371,194371
161056,1,2,3,134749,134749
161060,1,4,5,241221,241221
161063,2,5,7,137886,137886
161069,0,1,1,56009,56009
161084,1,5,6,166923,166923
161085,7,3,10,155103,155103
161107,1,2,3,227602,227602
161109,0,2,2,257951,257951
161176,1,0,1,220329,220329
161182,0,9,9,148628,148628
161192,0,5,5,234632,234632
161196,0,5,5,227801,227801
161197,4,32,36,232991,232991
161203,0,3,3,223777,223777
161211,0,20,20,223354,223354
161224,1,2,3,166544,166544
161237,0,0,0,130173,130173
161244,7,13,20,205461,205461
161250,2,4,6,127180,127180
161272,3,14,17,128515,128515
161281,0,1,1,239984,239984
161322,0,2,2,195708,195708
161351,0,3,3,207657,207657
161352,0,1,1,221103,221103
161359,0,1,1,240824,240824
161376,1,1,2,114400,114400
161384,0,7,7,170777,170777
161436,1,9,10,138412,138412
161439,0,6,6,244168,244168
161487,1,5,6,133580,133580
161495,2,16,18,255187,255187
161509,0,0,0,145250,145250
161516,0,2,2,234510,234510
161517,0,15,15,131067,131067
161539,2,4,6,230226,230226
161543,0,2,2,236619,236619
161578,0,5,5,191265,191265
161580,1,3,4,159000,159000
161588,16,19,35,121526,121526
161593,2,11,13,213525,213525
161606,0,3,3,211707,211707
161619,1,2,3,235587,235587
161637,0,2,2,251587,251587
161664,1,5,6,113257,113257
161699,0,6,6,257897,257897
161709,0,2,2,174276,174276
161716,1,8,9,221701,221701
161724,0,3,3,187007,187007
161732,0,3,3,250651,250651
161735,1,3,4,138931,138931
161756,1,14,15,248691,248691
161775,1,2,3,211517,211517
161803,0,2,2,162203,162203
161805,1,2,3,99870,99870
161828,3,9,12,110535,110535
161833,2,13,15,135750,135750
161839,2,4,6,105047,105047
161846,3,3,6,126630,126630
161860,2,4,6,176066,176066
161866,0,2,2,190932,190932
161878,2,5,7,239596,239596
161885,4,5,9,151289,151289
161886,1,2,3,159089,159089
161889,2,7,9,146552,146552
161910,0,1,1,248333,248333
161949,1,4,5,179661,179661
162024,1,8,9,110063,110063
162046,3,3,6,209003,209003
162077,1,4,5,174432,174432
162085,1,4,5,51007,51007
162118,4,15,19,148376,148376
162133,0,3,3,172663,172663
162134,1,3,4,127376,127376
162142,0,9,9,239700,239700
162152,3,14,17,174483,174483
162173,2,2,4,159152,159152
162190,0,2,2,198010,198010
162192,1,5,6,239718,239718
162206,3,9,12,257550,257550
162220,0,7,7,192445,192445
162222,2,2,4,153469,153469
162234,1,3,4,134602,134602
162246,0,1,1,242562,242562
162254,1,2,3,244379,244379
162265,4,14,18,159010,159010
162268,13,12,25,37866,37866
162293,2,2,4,212535,212535
162301,1,5,6,156172,156172
162303,2,5,7,243181,243181
162325,10,16,26,70654,70654
162332,0,1,1,156003,156003
162342,5,6,11,161479,161479
162343,0,3,3,231545,231545
162381,2,3,5,199850,199850
162386,3,4,7,7519,7519
162396,6,26,32,188584,188584
162399,2,23,25,244573,244573
162402,7,21,28,120250,120250
162407,2,8,10,209162,209162
162417,2,3,5,238208,238208
162427,0,14,14,210883,210883
162436,0,5,5,195541,195541
162445,0,3,3,219998,219998
162454,2,1,3,147349,147349
162457,2,5,7,233730,233730
162469,0,0,0,249043,249043
162477,1,1,2,212754,212754
162486,0,3,3,158077,158077
162536,1,5,6,66357,66357
162539,0,6,6,217760,217760
162540,0,4,4,246655,246655
162541,2,0,2,69177,69177
162554,1,2,3,142794,142794
162558,1,3,4,141347,141347
162569,2,2,4,74974,74974
162570,0,4,4,203383,203383
162580,0,0,0,115445,115445
162593,0,4,4,176452,176452
162598,2,6,8,234240,234240
162599,0,1,1,188811,188811
162608,3,4,7,159562,159562
162610,6,7,13,214202,214202
162615,0,10,10,242674,242674
162634,2,11,13,154219,154219
162635,2,11,13,136882,136882
162636,1,13,14,147259,147259
162639,1,3,4,31749,31749
162684,2,2,4,144669,144669
162686,0,1,1,81545,81545
162697,0,0,0,247520,247520
162709,3,13,16,240149,240149
162713,1,7,8,153012,153012
162719,0,0,0,68090,68090
162721,5,5,10,68212,68212
162724,32,18,50,236529,236529
162729,12,27,39,177495,177495
162733,13,13,26,135932,135932
162736,0,2,2,152557,152557
162744,4,5,9,124060,124060
162766,6,9,15,133834,133834
162789,0,0,0,131538,131538
162812,1,1,2,211914,211914
162843,3,3,6,138045,138045
162844,2,3,5,228438,228438
162855,5,29,34,44757,44757
162856,3,22,25,191351,191351
162863,1,23,24,62080,62080
162864,4,11,15,203870,203870
162869,2,11,13,147145,147145
162879,1,15,16,199419,199419
162884,1,4,5,239622,239622
162893,3,8,11,192571,192571
162895,0,5,5,102272,102272
162897,0,0,0,175824,175824
162899,4,0,4,133500,133500
162908,6,8,14,195881,195881
162921,0,1,1,193018,193018
162925,0,1,1,231100,231100
162952,0,1,1,85875,85875
162960,3,4,7,240256,240256
162965,1,4,5,249112,249112
162998,3,7,10,136623,136623
163001,3,60,63,238490,238490
163003,3,15,18,169275,169275
163004,2,28,30,190953,190953
163005,1,4,5,251338,251338
163011,9,34,43,243176,243176
163014,2,3,5,154495,154495
163015,2,3,5,214936,214936
163029,1,4,5,221665,221665
163037,0,0,0,159493,159493
163042,0,3,3,216205,216205
163102,0,3,3,186216,186216
163114,0,0,0,156204,156204
163146,2,2,4,175319,175319
163148,0,0,0,172111,172111
163149,4,24,28,1061,1061
163156,1,8,9,170940,170940
163166,2,2,4,134546,134546
163176,2,12,14,229458,229458
163189,0,2,2,213646,213646
163200,0,0,0,99065,99065
163211,0,2,2,149185,149185
163212,1,0,1,149135,149135
163216,1,1,2,247915,247915
163221,0,20,20,229221,229221
163224,0,0,0,161656,161656
163278,0,28,28,161675,161675
163304,0,2,2,256200,256200
163308,1,1,2,171174,171174
163347,1,5,6,59714,59714
163351,9,10,19,231479,231479
163378,21,21,42,130520,130520
163423,1,3,4,234975,234975
163428,0,1,1,171101,171101
163436,0,4,4,237991,237991
163444,2,4,6,224752,224752
163452,1,1,2,224999,224999
163455,1,3,4,255636,255636
163464,1,1,2,244431,244431
163491,0,3,3,236034,236034
163505,1,20,21,147500,147500
163514,0,2,2,134975,134975
163524,1,2,3,96520,96520
163538,0,3,3,212392,212392
163561,0,2,2,241921,241921
163564,0,1,1,152840,152840
163565,0,9,9,200528,200528
163568,0,2,2,227820,227820
163577,0,4,4,238028,238028
163583,1,2,3,213113,213113
163595,2,2,4,249510,249510
163614,8,12,20,134906,134906
163669,0,4,4,238154,238154
163684,4,11,15,72103,72103
163721,1,2,3,218364,218364
163757,0,6,6,165900,165900
163761,4,14,18,216043,216043
163806,1,5,6,156926,156926
163817,0,3,3,250135,250135
163818,3,7,10,216122,216122
163834,0,6,6,207466,207466
163874,2,6,8,245386,245386
163900,3,7,10,199199,199199
163902,2,5,7,203674,203674
163917,0,3,3,181401,181401
163924,2,1,3,256761,256761
163986,0,1,1,87129,87129
163993,0,5,5,210938,210938
164005,6,26,32,239652,239652
164031,0,0,0,69128,69128
164048,7,10,17,147967,147967
164053,2,4,6,114284,114284
164057,1,5,6,243124,243124
164103,1,6,7,244929,244929
164111,2,1,3,108760,108760
164114,0,7,7,141905,141905
164116,7,18,25,83530,83530
164117,2,3,5,255641,255641
164123,2,8,10,193757,193757
164139,0,1,1,66121,66121
164151,6,5,11,69074,69074
164167,2,13,15,172081,172081
164192,0,1,1,195163,195163
164200,0,10,10,190994,190994
164228,0,0,0,174261,174261
164238,1,28,29,232761,232761
164250,0,7,7,142712,142712
164267,0,4,4,103938,103938
164279,0,0,0,140148,140148
164285,1,4,5,174151,174151
164294,0,4,4,147304,147304
164299,0,15,15,229779,229779
164307,1,3,4,250906,250906
164316,3,21,24,248200,248200
164337,0,1,1,215980,215980
164338,1,3,4,153812,153812
164341,1,4,5,154274,154274
164360,0,5,5,171288,171288
164370,1,16,17,168471,168471
164383,4,19,23,190868,190868
164387,0,4,4,201843,201843
164397,3,3,6,235406,235406
164405,0,1,1,132621,132621
164416,2,38,40,156254,156254
164469,0,7,7,230173,230173
164471,8,42,50,105437,105437
164493,1,15,16,74053,74053
164503,1,3,4,56027,56027
164511,1,10,11,182112,182112
164519,1,1,2,88122,88122
164520,1,2,3,231317,231317
164531,1,1,2,235771,235771
164539,1,1,2,253153,253153
164553,0,7,7,257535,257535
164556,0,1,1,190673,190673
164567,0,1,1,139076,139076
164570,0,1,1,204540,204540
164573,0,0,0,142256,142256
164576,0,1,1,245620,245620
164588,0,1,1,137378,137378
164621,0,0,0,160686,160686
164624,0,1,1,177505,177505
164651,0,2,2,236549,236549
164677,2,3,5,134368,134368
164681,3,13,16,150383,150383
164694,2,26,28,136150,136150
164708,0,4,4,246361,246361
164709,0,5,5,238165,238165
164715,1,6,7,233358,233358
164734,0,3,3,228188,228188
164744,5,5,10,54577,54577
164745,2,4,6,32417,32417
164747,1,7,8,229967,229967
164757,2,2,4,243480,243480
164758,2,2,4,237671,237671
164790,0,3,3,236758,236758
164821,10,11,21,244125,244125
164822,0,0,0,138490,138490
164827,1,5,6,236512,236512
164834,3,2,5,150719,150719
164845,0,11,11,133265,133265
164852,0,6,6,250054,250054
164874,0,3,3,205469,205469
164877,1,12,13,233051,233051
164880,4,11,15,235503,235503
164883,1,11,12,214384,214384
164900,1,6,7,248016,248016
164904,9,10,19,233079,233079
164910,26,37,63,144505,144505
164913,0,12,12,191289,191289
164926,1,10,11,234234,234234
164930,1,4,5,221197,221197
164932,0,1,1,221057,221057
164943,0,0,0,256294,256294
164944,2,2,4,104157,104157
165010,0,1,1,149083,149083
165035,3,4,7,228675,228675
165043,0,1,1,138264,138264
165069,2,3,5,209766,209766
165093,2,7,9,237515,237515
165103,2,11,13,223983,223983
165114,1,8,9,244100,244100
165127,2,13,15,223644,223644
165133,0,0,0,162787,162787
165174,1,6,7,250124,250124
165201,0,0,0,247653,247653
165217,1,0,1,208374,208374
165227,16,22,38,214811,214811
165266,0,14,14,252752,252752
165271,0,8,8,234413,234413
165276,0,22,22,225794,225794
165334,0,2,2,259069,259069
165347,5,6,11,213963,213963
165369,1,5,6,228246,228246
165397,0,17,17,138488,138488
165405,1,1,2,225202,225202
165411,0,0,0,151063,151063
165425,1,11,12,112199,112199
165429,0,5,5,170164,170164
165473,0,2,2,138703,138703
165479,0,2,2,238852,238852
165481,3,2,5,215161,215161
165482,1,0,1,211961,211961
165509,1,1,2,198134,198134
165526,0,4,4,200909,200909
165528,0,5,5,190154,190154
165537,0,1,1,231124,231124
165551,1,2,3,134617,134617
165565,4,10,14,182323,182323
165567,0,3,3,210794,210794
165573,1,1,2,67290,67290
165599,3,4,7,192927,192927
165612,2,5,7,199109,199109
165614,0,3,3,158685,158685
165626,1,11,12,148613,148613
165636,0,7,7,225963,225963
165644,6,11,17,154641,154641
165652,1,3,4,181021,181021
165668,2,1,3,162716,162716
165693,5,10,15,135117,135117
165696,1,6,7,161073,161073
165703,0,9,9,134597,134597
165715,2,11,13,190443,190443
165721,0,1,1,105070,105070
165741,3,2,5,202731,202731
165750,3,5,8,165975,165975
165760,2,2,4,234464,234464
165766,0,4,4,234250,234250
165791,2,6,8,15805,15805
165806,5,6,11,151434,151434
165809,0,1,1,141655,141655
165823,1,1,2,241869,241869
165842,0,2,2,256193,256193
165856,1,3,4,134201,134201
165873,0,2,2,204764,204764
165884,0,3,3,168470,168470
165915,0,2,2,225513,225513
165916,1,8,9,146725,146725
165932,5,17,22,206922,206922
165951,0,3,3,142467,142467
165957,0,3,3,85731,85731
165978,10,15,25,9525,9525
165988,0,1,1,160660,160660
165992,1,4,5,82421,82421
165998,0,1,1,144016,144016
166017,2,2,4,216341,216341
166042,0,1,1,226205,226205
166058,0,1,1,246564,246564
166069,0,0,0,252599,252599
166084,6,4,10,219756,219756
166088,14,28,42,217210,217210
166137,1,6,7,137215,137215
166145,0,6,6,136379,136379
166151,0,4,4,179834,179834
166159,4,24,28,129997,129997
166160,0,3,3,153197,153197
166161,0,2,2,230497,230497
166163,0,5,5,135140,135140
166166,10,54,64,149125,149125
166169,1,8,9,154321,154321
166173,1,4,5,224999,224999
166174,3,8,11,29356,29356
166175,0,2,2,201678,201678
166176,0,3,3,152019,152019
166179,0,1,1,244940,244940
166180,0,4,4,231347,231347
166183,1,6,7,189135,189135
166186,0,3,3,248228,248228
166201,7,19,26,258161,258161
166205,0,1,1,252870,252870
166212,2,1,3,204322,204322
166216,9,41,50,109530,109530
166217,2,10,12,193066,193066
166218,0,6,6,254452,254452
166230,0,1,1,247762,247762
166257,3,10,13,161675,161675
166258,1,1,2,237317,237317
166261,1,1,2,143146,143146
166282,3,4,7,208809,208809
166295,2,2,4,236728,236728
166309,0,1,1,221818,221818
166325,0,2,2,208572,208572
166336,4,6,10,98988,98988
166356,1,4,5,235049,235049
166392,1,2,3,137284,137284
166407,1,1,2,119763,119763
166421,0,3,3,162171,162171
166428,2,19,21,146361,146361
166445,0,1,1,132442,132442
166447,3,10,13,111551,111551
166454,9,41,50,67117,67117
166455,0,3,3,105722,105722
166459,0,23,23,142413,142413
166461,1,11,12,158035,158035
166476,1,7,8,73189,73189
166477,0,3,3,193639,193639
166481,1,2,3,188674,188674
166486,1,1,2,217562,217562
166487,1,3,4,226302,226302
166498,0,4,4,97226,97226
166513,0,2,2,246673,246673
166523,0,11,11,245239,245239
166528,3,11,14,217328,217328
166551,0,4,4,149740,149740
166568,11,25,36,246340,246340
166575,1,1,2,198532,198532
166576,0,2,2,190787,190787
166585,3,4,7,244327,244327
166599,0,1,1,135220,135220
166608,2,7,9,202853,202853
166624,9,13,22,192347,192347
166628,2,1,3,58499,58499
166629,1,0,1,78568,78568
166643,0,2,2,143033,143033
166682,2,2,4,24396,24396
166686,2,0,2,125999,125999
166716,0,3,3,254196,254196
166720,0,1,1,151883,151883
166756,0,4,4,197492,197492
166764,1,1,2,154611,154611
166780,0,3,3,187200,187200
166785,3,15,18,247755,247755
166786,5,8,13,149029,149029
166832,2,5,7,224889,224889
166836,3,7,10,208059,208059
166842,0,2,2,69778,69778
166859,0,2,2,137898,137898
166868,7,11,18,222507,222507
166870,1,2,3,227623,227623
166884,6,14,20,254323,254323
166891,2,8,10,256741,256741
166899,1,7,8,239953,239953
166905,2,2,4,220075,220075
166945,2,3,5,57079,57079
166950,6,9,15,231573,231573
166972,0,2,2,199792,199792
166985,1,11,12,225225,225225
167038,0,16,16,214064,214064
167045,3,6,9,159264,159264
167047,8,15,23,242313,242313
167060,0,5,5,165049,165049
167071,2,8,10,202972,202972
167098,3,2,5,214415,214415
167102,1,2,3,216226,216226
167119,1,2,3,237850,237850
167123,2,4,6,179090,179090
167131,4,3,7,213825,213825
167135,2,23,25,238404,238404
167139,0,2,2,165899,165899
167142,4,7,11,204136,204136
167144,0,1,1,143791,143791
167195,0,1,1,237353,237353
167197,1,1,2,150312,150312
167208,1,2,3,139134,139134
167215,0,6,6,246013,246013
167234,16,21,37,136869,136869
167246,1,3,4,202784,202784
167257,2,4,6,240489,240489
167260,4,6,10,142701,142701
167290,2,1,3,75589,75589
167292,1,7,8,248636,248636
167296,0,0,0,181949,181949
167306,1,1,2,65636,65636
167327,0,1,1,96839,96839
167376,2,7,9,171598,171598
167381,0,1,1,112099,112099
167386,2,5,7,186438,186438
167393,0,0,0,180864,180864
167411,0,2,2,169008,169008
167412,0,1,1,139887,139887
167449,3,4,7,195926,195926
167451,0,1,1,137924,137924
167461,5,23,28,192168,192168
167491,0,4,4,202556,202556
167516,1,6,7,247765,247765
167531,0,0,0,147945,147945
167533,0,0,0,143735,143735
167538,0,0,0,188715,188715
167547,0,3,3,67607,67607
167578,0,0,0,133785,133785
167583,4,8,12,153483,153483
167593,1,2,3,138063,138063
167596,0,16,16,160960,160960
167606,22,21,43,164776,164776
167611,0,7,7,194962,194962
167616,0,4,4,173400,173400
167624,1,0,1,175559,175559
167630,2,12,14,233031,233031
167658,3,13,16,248832,248832
167666,4,46,50,216476,216476
167671,4,34,38,156302,156302
167672,3,36,39,209461,209461
167673,2,12,14,227717,227717
167681,6,21,27,58160,58160
167691,0,1,1,216831,216831
167696,0,5,5,143334,143334
167702,0,0,0,134848,134848
167726,0,0,0,209729,209729
167737,0,2,2,189700,189700
167739,1,4,5,67768,67768
167744,1,12,13,157972,157972
167763,0,0,0,185706,185706
167764,1,8,9,131091,131091
167769,6,20,26,60106,60106
167776,1,2,3,137552,137552
167846,0,4,4,55363,55363
167851,8,11,19,141167,141167
167856,0,0,0,146218,146218
167868,0,0,0,156864,156864
167898,4,19,23,215556,215556
167909,4,4,8,191822,191822
167923,1,10,11,252233,252233
167951,0,3,3,195778,195778
167955,0,4,4,142632,142632
167959,5,10,15,226398,226398
167969,3,6,9,197077,197077
167981,8,11,19,173918,173918
168009,1,6,7,250769,250769
168039,0,2,2,132187,132187
168054,2,15,17,227428,227428
168063,2,2,4,191687,191687
168067,0,4,4,192371,192371
168096,0,0,0,118414,118414
168124,1,3,4,59998,59998
168132,0,0,0,150790,150790
168133,0,0,0,244590,244590
168156,1,2,3,247564,247564
168207,2,4,6,171803,171803
168211,9,10,19,204513,204513
168224,0,1,1,145872,145872
168228,3,3,6,143061,143061
168250,0,1,1,163780,163780
168265,1,4,5,247739,247739
168273,2,9,11,114592,114592
168283,0,1,1,74375,74375
168285,0,3,3,229101,229101
168293,1,6,7,98600,98600
168295,0,2,2,177394,177394
168304,2,11,13,256834,256834
168315,0,1,1,237739,237739
168327,0,2,2,173313,173313
168340,0,2,2,163342,163342
168348,2,25,27,244779,244779
168355,0,3,3,240917,240917
168365,2,3,5,3422,3422
168369,1,0,1,205126,205126
168384,0,0,0,176372,176372
168393,5,8,13,154102,154102
168394,3,10,13,154152,154152
168416,1,3,4,156093,156093
168424,4,8,12,33987,33987
168441,0,2,2,188775,188775
168470,2,7,9,161733,161733
168504,0,1,1,197724,197724
168507,3,7,10,254548,254548
168545,4,18,22,125916,125916
168554,1,13,14,5597,5597
168560,0,2,2,236716,236716
168572,0,0,0,171612,171612
168585,1,9,10,77734,77734
168586,2,5,7,152412,152412
168601,3,17,20,178449,178449
168603,0,9,9,242557,242557
168616,0,0,0,167091,167091
168623,2,15,17,58424,58424
168639,0,4,4,245675,245675
168651,1,23,24,142647,142647
168654,2,8,10,199261,199261
168655,0,9,9,258477,258477
168656,1,6,7,227946,227946
168677,0,3,3,59573,59573
168678,0,12,12,226733,226733
168699,1,7,8,135106,135106
168703,6,38,44,231175,231175
168710,2,0,2,99368,99368
168721,2,13,15,186484,186484
168722,0,5,5,228662,228662
168728,0,3,3,141159,141159
168740,3,3,6,228652,228652
168757,0,18,18,107210,107210
168764,0,0,0,179351,179351
168791,1,12,13,154440,154440
168795,1,6,7,245627,245627
168804,2,2,4,134090,134090
168816,0,1,1,255835,255835
168821,0,3,3,149286,149286
168827,1,36,37,142467,142467
168835,1,15,16,150038,150038
168859,1,9,10,158130,158130
168870,0,7,7,153788,153788
168879,6,36,42,243415,243415
168907,0,8,8,237588,237588
168910,1,1,2,147973,147973
168924,1,3,4,207996,207996
168925,4,11,15,245102,245102
168933,18,33,51,134928,134928
168935,21,53,74,59432,59432
168990,4,5,9,196101,196101
169004,0,3,3,245311,245311
169013,1,1,2,191240,191240
169031,0,5,5,73204,73204
169038,0,5,5,237273,237273
169041,1,1,2,220926,220926
169042,1,3,4,206071,206071
169047,2,2,4,215867,215867
169082,0,0,0,212611,212611
169085,1,7,8,243990,243990
169099,0,5,5,188534,188534
169136,4,0,4,157831,157831
169156,0,1,1,230837,230837
169181,0,3,3,143849,143849
169187,0,5,5,124069,124069
169188,0,0,0,256209,256209
169205,1,1,2,158752,158752
169231,0,5,5,216715,216715
169241,0,0,0,176302,176302
169253,1,0,1,85833,85833
169254,8,8,16,159875,159875
169256,8,3,11,157816,157816
169257,7,7,14,158148,158148
169259,10,10,20,164293,164293
169260,10,12,22,159015,159015
169261,8,3,11,157938,157938
169262,11,15,26,158468,158468
169263,6,9,15,160080,160080
169273,0,1,1,194066,194066
169287,1,5,6,140358,140358
169303,0,9,9,156864,156864
169312,0,6,6,194927,194927
169315,0,0,0,165399,165399
169327,0,2,2,138202,138202
169337,0,2,2,248000,248000
169367,0,1,1,148730,148730
169388,4,4,8,130713,130713
169395,3,23,26,117982,117982
169398,3,4,7,200030,200030
169405,0,0,0,245117,245117
169456,0,1,1,235812,235812
169465,0,1,1,237875,237875
169478,1,4,5,141043,141043
169497,0,4,4,248233,248233
169512,7,5,12,139004,139004
169515,0,5,5,234154,234154
169517,1,7,8,147771,147771
169521,7,6,13,215521,215521
169522,1,8,9,147326,147326
169525,1,3,4,120771,120771
169543,0,1,1,190045,190045
169551,0,0,0,172252,172252
169564,1,2,3,251589,251589
169567,0,2,2,133964,133964
169592,0,1,1,193353,193353
169593,3,4,7,162491,162491
169614,3,7,10,72067,72067
169633,0,4,4,229972,229972
169643,0,4,4,238975,238975
169664,2,30,32,72671,72671
169693,0,1,1,233543,233543
169697,1,5,6,115289,115289
169701,6,4,10,234024,234024
169712,0,3,3,155301,155301
169754,3,51,54,220894,220894
169802,1,7,8,126214,126214
169857,3,9,12,228605,228605
169888,0,1,1,207580,207580
169892,1,10,11,224892,224892
169894,2,29,31,156971,156971
169901,0,2,2,240218,240218
169921,1,1,2,184177,184177
169924,0,2,2,142252,142252
169969,0,5,5,252168,252168
170051,0,0,0,192839,192839
170080,0,3,3,237151,237151
170099,3,13,16,149818,149818
170101,4,6,10,16472,16472
170103,6,11,17,106131,106131
170114,0,8,8,241369,241369
170120,0,9,9,142069,142069
170121,0,5,5,148583,148583
170122,0,3,3,169490,169490
170124,0,2,2,225949,225949
170141,0,2,2,51513,51513
170161,2,11,13,137028,137028
170201,0,2,2,245535,245535
170204,4,11,15,149224,149224
170205,6,35,41,193999,193999
170261,5,4,9,74257,74257
170327,1,5,6,175313,175313
170345,2,3,5,116557,116557
170353,10,15,25,240795,240795
170385,0,9,9,234252,234252
170392,1,6,7,246355,246355
170397,3,5,8,216384,216384
170404,0,1,1,151616,151616
170407,1,4,5,220849,220849
170419,0,0,0,189229,189229
170430,1,12,13,193983,193983
170439,1,1,2,178007,178007
170456,1,2,3,240944,240944
170487,1,1,2,240013,240013
170488,0,5,5,237593,237593
170519,0,0,0,148963,148963
170534,1,40,41,151977,151977
170536,11,17,28,106324,106324
170537,0,0,0,161129,161129
170546,1,5,6,228764,228764
170554,1,4,5,228634,228634
170562,0,8,8,230708,230708
170570,1,3,4,242335,242335
170583,1,6,7,160299,160299
170606,1,2,3,152522,152522
170607,6,8,14,170431,170431
170609,10,29,39,229650,229650
170651,0,6,6,224637,224637
170657,5,13,18,150301,150301
170661,2,14,16,84618,84618
170665,2,18,20,191353,191353
170667,3,13,16,119859,119859
170672,0,0,0,135300,135300
170673,3,28,31,246556,246556
170681,0,1,1,172722,172722
170683,1,11,12,227855,227855
170684,7,7,14,164970,164970
170689,0,11,11,139644,139644
170694,0,0,0,198628,198628
170697,0,3,3,252241,252241
170699,9,26,35,179152,179152
170702,4,13,17,55272,55272
170743,5,38,43,138280,138280
170755,0,10,10,163239,163239
170762,2,14,16,206372,206372
170766,1,10,11,117736,117736
170769,0,3,3,162177,162177
170774,6,8,14,236684,236684
170787,2,5,7,71173,71173
170806,0,3,3,141104,141104
170818,0,11,11,192139,192139
170825,0,1,1,248440,248440
170844,0,0,0,76589,76589
170855,2,9,11,255446,255446
170861,11,5,16,94928,94928
170862,65,31,96,130562,130562
170864,5,30,35,195122,195122
170869,0,8,8,222273,222273
170877,1,12,13,245375,245375
170885,4,10,14,224520,224520
170904,0,5,5,192968,192968
170925,8,8,16,48961,48961
170926,1,2,3,149514,149514
170932,1,1,2,209732,209732
170934,1,1,2,209801,209801
170938,3,4,7,243082,243082
170946,0,1,1,221650,221650
170947,4,6,10,199645,199645
170950,5,5,10,242965,242965
170952,1,0,1,25054,25054
170981,1,17,18,240340,240340
170986,3,7,10,132534,132534
170997,1,4,5,137100,137100
171000,2,13,15,55372,55372
171010,0,3,3,142525,142525
171018,0,24,24,221683,221683
171026,1,1,2,201630,201630
171033,0,1,1,142779,142779
171034,0,1,1,158081,158081
171037,3,5,8,254750,254750
171049,0,1,1,80168,80168
171050,2,7,9,66689,66689
171071,2,6,8,76982,76982
171095,1,17,18,62362,62362
171097,10,17,27,218355,218355
171107,1,3,4,148601,148601
171114,0,3,3,189878,189878
171125,0,1,1,242981,242981
171136,0,2,2,117275,117275
171145,2,4,6,53541,53541
171153,34,50,84,211327,211327
171156,2,3,5,190164,190164
171185,0,1,1,242966,242966
171190,0,0,0,177637,177637
171199,2,9,11,169197,169197
171213,1,7,8,91776,91776
171218,11,10,21,247750,247750
171222,0,0,0,243469,243469
171241,2,5,7,244865,244865
171253,0,1,1,235166,235166
171261,0,4,4,231901,231901
171264,1,1,2,145357,145357
171268,0,4,4,243370,243370
171272,0,2,2,135044,135044
171282,0,1,1,200403,200403
171293,0,4,4,147402,147402
171294,0,4,4,251455,251455
171309,0,7,7,234923,234923
171314,0,1,1,257316,257316
171317,0,7,7,145547,145547
171322,1,2,3,163504,163504
171326,0,0,0,143745,143745
171366,1,5,6,216618,216618
171377,2,8,10,235457,235457
171378,7,9,16,195433,195433
171422,2,2,4,127887,127887
171423,3,1,4,135837,135837
171457,0,0,0,147622,147622
171497,5,10,15,210975,210975
171499,1,23,24,146567,146567
171509,1,0,1,142762,142762
171519,1,3,4,226937,226937
171538,3,6,9,202845,202845
171541,1,5,6,227063,227063
171554,1,4,5,154865,154865
171607,0,5,5,192116,192116
171666,0,3,3,194599,194599
171667,1,8,9,196322,196322
171691,6,5,11,71653,71653
171706,2,9,11,158923,158923
171719,0,3,3,162575,162575
171734,3,11,14,213459,213459
171750,1,12,13,212970,212970
171757,7,0,7,203406,203406
171763,6,11,17,70324,70324
171788,13,17,30,146812,146812
171790,4,6,10,136684,136684
171805,9,19,28,242552,242552
171813,6,13,19,238323,238323
171828,11,31,42,165159,165159
171846,0,5,5,186368,186368
171853,3,2,5,144750,144750
171869,0,4,4,256299,256299
171870,0,15,15,138670,138670
171873,1,1,2,258599,258599
171884,1,2,3,206718,206718
171892,5,16,21,206607,206607
171899,1,9,10,218647,218647
171904,2,2,4,215684,215684
171911,0,1,1,163799,163799
171912,0,0,0,169562,169562
171917,0,6,6,214129,214129
171962,0,4,4,168853,168853
171967,0,0,0,188185,188185
171983,0,4,4,116941,116941
171988,1,3,4,212381,212381
171996,3,8,11,192834,192834
171997,1,9,10,153592,153592
172001,0,2,2,246878,246878
172008,2,4,6,159900,159900
172009,0,2,2,231264,231264
172017,0,1,1,99280,99280
172022,0,3,3,193509,193509
172024,1,1,2,251644,251644
172026,0,5,5,142788,142788
172035,0,4,4,213648,213648
172052,6,13,19,254777,254777
172082,2,6,8,153140,153140
172089,1,3,4,232088,232088
172118,0,1,1,170042,170042
172122,0,1,1,191428,191428
172127,1,0,1,165449,165449
172138,1,1,2,175791,175791
172139,1,1,2,94390,94390
172148,1,2,3,221030,221030
172161,1,1,2,238242,238242
172162,2,2,4,206795,206795
172167,3,32,35,188690,188690
172246,2,17,19,171402,171402
172252,1,3,4,236778,236778
172256,0,1,1,112667,112667
172274,0,1,1,130828,130828
172276,0,2,2,223023,223023
172304,3,6,9,150652,150652
172315,1,28,29,112744,112744
172325,0,4,4,237971,237971
172328,0,9,9,213068,213068
172355,0,5,5,256578,256578
172363,20,21,41,233879,233879
172369,5,9,14,250214,250214
172389,14,13,27,83833,83833
172426,0,0,0,161836,161836
172429,0,0,0,230304,230304
172461,0,2,2,258444,258444
172469,0,2,2,156731,156731
172473,1,3,4,55754,55754
172534,0,5,5,66115,66115
172552,2,5,7,256389,256389
172562,2,5,7,236054,236054
172574,3,4,7,169721,169721
172586,0,2,2,102949,102949
172588,0,2,2,212638,212638
172593,1,5,6,137684,137684
172599,1,3,4,196243,196243
172613,6,17,23,147353,147353
172648,0,4,4,133986,133986
172659,0,0,0,192191,192191
172663,0,3,3,253288,253288
172669,0,3,3,151791,151791
172731,0,1,1,225785,225785
172736,3,7,10,192712,192712
172757,2,0,2,230097,230097
172767,2,1,3,225380,225380
172770,4,6,10,142600,142600
172778,1,1,2,209489,209489
172780,2,12,14,126537,126537
172786,0,1,1,197625,197625
172794,2,4,6,155025,155025
172822,0,2,2,245544,245544
172861,0,2,2,130697,130697
172879,5,6,11,181812,181812
172899,2,13,15,237177,237177
172960,1,8,9,238555,238555
172965,1,1,2,137701,137701
172966,1,3,4,141361,141361
173001,0,6,6,190645,190645
173011,0,5,5,105400,105400
173052,1,12,13,123930,123930
173059,0,4,4,226286,226286
173065,0,2,2,221347,221347
173103,0,4,4,185417,185417
173104,0,5,5,237562,237562
173112,2,3,5,149724,149724
173117,11,106,117,231806,231806
173131,1,9,10,66013,66013
173137,3,11,14,148660,148660
173138,3,9,12,21240,21240
173154,0,0,0,168870,168870
173155,0,1,1,259119,259119
173222,0,2,2,138333,138333
173241,1,0,1,167896,167896
173246,2,2,4,253432,253432
173262,0,3,3,255678,255678
173276,2,4,6,257930,257930
173300,0,0,0,191585,191585
173345,0,0,0,246291,246291
173352,1,1,2,255120,255120
173360,2,5,7,226680,226680
173391,3,8,11,71115,71115
173392,6,5,11,70896,70896
173395,6,3,9,154006,154006
173398,1,4,5,146346,146346
173400,9,18,27,125827,125827
173401,5,6,11,130820,130820
173406,4,19,23,80557,80557
173412,2,5,7,66078,66078
173415,3,3,6,83757,83757
173416,9,30,39,156065,156065
173422,3,14,17,71006,71006
173452,5,4,9,133279,133279
173453,1,10,11,197913,197913
173467,3,22,25,196540,196540
173469,0,1,1,172877,172877
173476,1,1,2,159174,159174
173500,0,7,7,236964,236964
173549,0,4,4,224284,224284
173560,0,0,0,225220,225220
173585,0,0,0,121371,121371
173591,1,16,17,173164,173164
173593,0,0,0,170638,170638
173605,3,3,6,250424,250424
173606,2,6,8,246370,246370
173673,5,10,15,145623,145623
173697,0,1,1,213544,213544
173700,3,4,7,141720,141720
173702,1,3,4,138695,138695
173705,2,7,9,236852,236852
173712,0,3,3,119653,119653
173714,2,4,6,204690,204690
173728,0,2,2,22622,22622
173752,7,4,11,133186,133186
173753,4,2,6,234030,234030
173754,2,10,12,134537,134537
173756,2,1,3,141377,141377
173761,2,5,7,139211,139211
173772,6,12,18,163019,163019
173781,0,3,3,61100,61100
173782,0,2,2,104111,104111
173798,1,1,2,195350,195350
173805,1,2,3,168634,168634
173810,0,4,4,225367,225367
173818,1,6,7,228793,228793
173821,1,1,2,176752,176752
173825,8,2,10,214201,214201
173831,2,3,5,208983,208983
173832,5,7,12,249420,249420
173841,1,1,2,214970,214970
173870,2,6,8,162660,162660
173904,0,11,11,174058,174058
173912,6,7,13,200239,200239
173918,2,2,4,149623,149623
173922,0,4,4,177347,177347
173926,2,3,5,236118,236118
173941,1,8,9,139195,139195
173945,0,2,2,142694,142694
173955,0,1,1,152043,152043
173968,0,6,6,120784,120784
174005,0,6,6,93117,93117
174024,8,29,37,167622,167622
174059,1,2,3,240403,240403
174072,1,3,4,157871,157871
174088,0,2,2,194779,194779
174164,1,10,11,182759,182759
174183,2,3,5,188345,188345
174200,2,5,7,131699,131699
174245,0,7,7,148180,148180
174246,0,2,2,230407,230407
174274,0,2,2,196538,196538
174276,0,10,10,246886,246886
174282,0,3,3,231243,231243
174289,0,7,7,166072,166072
174301,0,0,0,246141,246141
174310,2,1,3,200995,200995
174315,6,28,34,137813,137813
174346,0,1,1,51631,51631
174351,2,27,29,214748,214748
174359,0,3,3,160855,160855
174383,5,13,18,101083,101083
174412,5,6,11,115704,115704
174418,7,10,17,148866,148866
174422,0,10,10,198624,198624
174439,1,2,3,117908,117908
174446,2,27,29,141488,141488
174448,2,6,8,154303,154303
174458,0,0,0,136486,136486
174460,0,1,1,224171,224171
174464,0,0,0,179778,179778
174478,1,1,2,217712,217712
174516,0,0,0,175522,175522
174520,1,1,2,240959,240959
174523,0,2,2,203546,203546
174556,1,4,5,166240,166240
174565,0,1,1,118617,118617
174581,1,22,23,246830,246830
174607,4,6,10,247895,247895
174608,15,15,30,224439,224439
174623,0,0,0,138409,138409
174624,0,1,1,100202,100202
174627,1,1,2,109216,109216
174678,3,3,6,77678,77678
174685,0,3,3,244084,244084
174687,1,0,1,190668,190668
174691,0,1,1,158600,158600
174697,0,0,0,160178,160178
174716,1,4,5,128410,128410
174730,1,2,3,138021,138021
174750,1,3,4,31717,31717
174754,1,3,4,10447,10447
174774,0,2,2,254446,254446
174815,1,1,2,255876,255876
174832,2,17,19,216260,216260
174843,0,6,6,221045,221045
174903,8,11,19,124160,124160
174909,2,15,17,226998,226998
174910,2,8,10,173240,173240
174920,0,2,2,167638,167638
174929,1,4,5,155895,155895
174932,1,1,2,187891,187891
174941,1,2,3,190613,190613
174974,0,2,2,237303,237303
174988,0,4,4,233918,233918
175027,1,3,4,228650,228650
175035,0,2,2,79842,79842
175052,0,11,11,219318,219318
175054,0,2,2,242242,242242
175064,0,4,4,218317,218317
175065,12,36,48,72401,72401
175071,1,3,4,195144,195144
175077,1,4,5,153308,153308
175089,1,11,12,246154,246154
175090,0,2,2,238443,238443
175112,0,5,5,175344,175344
175114,1,1,2,133878,133878
175175,1,10,11,189842,189842
175180,2,8,10,175212,175212
175195,0,0,0,242821,242821
175196,6,6,12,140446,140446
175197,2,4,6,254328,254328
175200,3,5,8,152578,152578
175259,1,2,3,136358,136358
175261,2,7,9,164144,164144
175266,2,6,8,227862,227862
175268,2,7,9,147436,147436
175273,3,6,9,175510,175510
175276,5,0,5,189691,189691
175279,3,5,8,218050,218050
175282,17,73,90,248082,248082
175283,6,19,25,8831,8831
175289,2,3,5,156781,156781
175292,0,6,6,239422,239422
175313,1,13,14,193716,193716
175328,1,6,7,185176,185176
175349,1,8,9,251374,251374
175355,0,0,0,120177,120177
175371,2,5,7,133835,133835
175384,0,1,1,228165,228165
175390,0,0,0,252733,252733
175400,2,1,3,223686,223686
175403,3,8,11,230067,230067
175410,4,40,44,215893,215893
175413,1,6,7,230559,230559
175424,0,5,5,160731,160731
175454,0,4,4,237864,237864
175465,2,3,5,156449,156449
175493,2,5,7,161244,161244
175494,1,5,6,188402,188402
175531,0,3,3,192074,192074
175533,0,0,0,248834,248834
175546,1,3,4,224372,224372
175547,1,2,3,213797,213797
175567,0,1,1,71223,71223
175569,4,7,11,58122,58122
175570,1,3,4,140001,140001
175576,0,3,3,208156,208156
175582,0,3,3,150017,150017
175592,2,3,5,140814,140814
175594,5,2,7,201352,201352
175596,1,3,4,89657,89657
175599,5,11,16,232110,232110
175681,8,32,40,179756,179756
175682,0,7,7,241810,241810
175687,0,0,0,158746,158746
175714,0,2,2,222444,222444
175719,2,14,16,11955,11955
175780,0,16,16,192128,192128
175797,0,0,0,147007,147007
175804,2,14,16,67668,67668
175805,0,47,47,131074,131074
175811,5,6,11,245525,245525
175817,1,3,4,220320,220320
175819,2,1,3,142784,142784
175821,0,0,0,135331,135331
175847,0,2,2,235071,235071
175850,0,0,0,188927,188927
175861,3,13,16,190397,190397
175868,1,4,5,148996,148996
175911,1,3,4,83144,83144
175925,0,3,3,255669,255669
176009,0,2,2,162305,162305
176018,1,5,6,248555,248555
176023,0,8,8,221771,221771
176035,1,32,33,140964,140964
176043,0,4,4,234127,234127
176052,0,3,3,196302,196302
176054,4,3,7,198567,198567
176059,0,2,2,231402,231402
176064,0,1,1,204141,204141
176166,1,5,6,242446,242446
176172,0,2,2,240806,240806
176199,4,27,31,62799,62799
176203,0,3,3,230562,230562
176235,0,6,6,152437,152437
176267,0,1,1,100411,100411
176286,0,1,1,210345,210345
176292,0,21,21,219297,219297
176341,3,7,10,66336,66336
176365,3,5,8,147746,147746
176368,0,1,1,155492,155492
176378,0,4,4,250430,250430
176384,0,3,3,229069,229069
176388,0,1,1,66949,66949
176406,1,1,2,258444,258444
176420,4,7,11,141496,141496
176433,0,0,0,198625,198625
176436,7,6,13,123238,123238
176446,10,11,21,243280,243280
176451,0,2,2,239319,239319
176459,0,2,2,207794,207794
176466,0,8,8,240439,240439
176480,0,3,3,244198,244198
176481,3,22,25,1451,1451
176487,4,12,16,134274,134274
176488,1,5,6,14212,14212
176491,0,4,4,203753,203753
176499,3,8,11,181311,181311
176500,0,8,8,149927,149927
176502,0,4,4,134992,134992
176505,1,0,1,142249,142249
176506,0,22,22,138981,138981
176520,1,15,16,164835,164835
176522,1,16,17,248878,248878
176523,0,5,5,149318,149318
176528,3,48,51,158898,158898
176531,4,30,34,146601,146601
176533,0,5,5,235102,235102
176535,3,21,24,240439,240439
176555,0,5,5,142988,142988
176580,1,7,8,226875,226875
176590,2,0,2,189626,189626
176595,2,5,7,211653,211653
176637,0,2,2,206237,206237
176668,2,2,4,146958,146958
176694,0,0,0,225625,225625
176705,0,1,1,132165,132165
176737,1,1,2,254300,254300
176755,0,0,0,152523,152523
176761,0,0,0,225426,225426
176785,7,11,18,161208,161208
176786,0,6,6,231584,231584
176810,1,4,5,231780,231780
176817,0,6,6,158322,158322
176820,20,31,51,226785,226785
176825,1,3,4,184824,184824
176829,1,6,7,127001,127001
176845,1,6,7,236614,236614
176846,4,9,13,252499,252499
176849,3,12,15,138895,138895
176851,4,14,18,247231,247231
176855,2,64,66,180432,180432
176859,9,35,44,66882,66882
176882,1,5,6,177891,177891
176904,0,2,2,193377,193377
176919,2,16,18,159362,159362
176951,1,12,13,137076,137076
176956,0,7,7,136620,136620
176961,4,7,11,234000,234000
176969,1,1,2,232498,232498
176980,0,5,5,243063,243063
176994,1,1,2,221114,221114
177002,0,5,5,156222,156222
177051,0,1,1,97727,97727
177071,3,9,12,256829,256829
177100,0,1,1,236454,236454
177107,4,12,16,187566,187566
177111,1,16,17,114363,114363
177114,6,5,11,156988,156988
177116,3,5,8,240515,240515
177117,6,6,12,156089,156089
177118,6,10,16,197041,197041
177119,8,9,17,207444,207444
177127,3,14,17,146837,146837
177131,3,3,6,235351,235351
177143,0,3,3,255678,255678
177145,0,0,0,112838,112838
177148,0,7,7,147619,147619
177150,2,10,12,237987,237987
177167,8,0,8,173599,173599
177169,3,6,9,233632,233632
177175,0,2,2,214437,214437
177176,0,5,5,237276,237276
177209,2,2,4,173763,173763
177229,1,2,3,233813,233813
177243,6,6,12,219617,219617
177265,12,20,32,83754,83754
177266,4,26,30,203182,203182
177306,8,3,11,164976,164976
177323,0,1,1,161852,161852
177343,0,3,3,166516,166516
177364,4,9,13,163059,163059
177376,8,22,30,157366,157366
177392,1,2,3,155977,155977
177423,1,4,5,207026,207026
177483,0,1,1,150624,150624
177517,1,12,13,157783,157783
177528,0,9,9,151554,151554
177570,0,1,1,122377,122377
177572,0,8,8,152083,152083
177574,0,1,1,232992,232992
177589,1,4,5,144044,144044
177610,0,0,0,155414,155414
177622,0,1,1,232636,232636
177639,2,4,6,249220,249220
177648,0,14,14,162928,162928
177652,0,6,6,253754,253754
177655,0,1,1,222046,222046
177660,3,6,9,234126,234126
177661,1,4,5,223007,223007
177663,1,3,4,128119,128119
177666,0,1,1,233047,233047
177667,1,1,2,134507,134507
177672,2,11,13,69362,69362
177678,0,2,2,97484,97484
177714,1,4,5,229077,229077
177715,0,6,6,135798,135798
177733,1,2,3,239263,239263
177743,3,10,13,167815,167815
177749,0,5,5,137798,137798
177767,2,8,10,254221,254221
177791,3,5,8,140697,140697
177795,3,6,9,213415,213415
177796,4,12,16,191915,191915
177829,1,2,3,128033,128033
177881,3,2,5,138937,138937
177892,0,0,0,217429,217429
177923,0,1,1,181652,181652
177943,2,13,15,74895,74895
177954,0,1,1,237208,237208
177984,0,2,2,147642,147642
177997,0,0,0,219073,219073
177998,1,2,3,208181,208181
178008,0,4,4,73734,73734
178011,2,20,22,135839,135839
178017,0,7,7,180161,180161
178032,1,16,17,161776,161776
178073,3,19,22,195532,195532
178093,13,18,31,248463,248463
178100,0,2,2,141440,141440
178106,2,3,5,195128,195128
178115,4,49,53,252654,252654
178145,3,40,43,161364,161364
178147,6,60,66,196732,196732
178165,0,1,1,173234,173234
178168,0,1,1,241491,241491
178169,1,3,4,223931,223931
178184,5,6,11,162032,162032
178191,0,2,2,109037,109037
178216,0,29,29,139526,139526
178228,0,3,3,193406,193406
178262,0,5,5,176668,176668
178263,6,6,12,171113,171113
178265,0,1,1,171815,171815
178316,8,9,17,151674,151674
178318,9,10,19,232748,232748
178337,1,2,3,46357,46357
178340,0,1,1,236386,236386
178371,0,3,3,150995,150995
178395,2,5,7,191632,191632
178396,2,8,10,71530,71530
178400,1,13,14,240662,240662
178412,1,5,6,227689,227689
178492,0,4,4,240756,240756
178500,0,3,3,234602,234602
178510,4,10,14,189258,189258
178547,0,0,0,142723,142723
178563,3,3,6,192587,192587
178570,3,18,21,210954,210954
178590,1,6,7,237302,237302
178596,2,5,7,236355,236355
178611,0,5,5,164922,164922
178621,0,4,4,138506,138506
178634,1,1,2,74556,74556
178659,2,10,12,222883,222883
178660,2,7,9,145881,145881
178662,8,18,26,252866,252866
178667,5,3,8,176177,176177
178672,3,3,6,199341,199341
178688,1,7,8,204085,204085
178696,2,3,5,202039,202039
178703,2,2,4,205547,205547
178727,0,1,1,193270,193270
178748,0,3,3,198347,198347
178758,0,5,5,153931,153931
178822,0,1,1,192471,192471
178834,0,9,9,143234,143234
178840,2,4,6,183233,183233
178847,3,9,12,242523,242523
178871,0,0,0,150466,150466
178892,1,6,7,189113,189113
178897,2,19,21,145461,145461
178914,0,0,0,240286,240286
178935,2,2,4,96010,96010
178937,3,2,5,97600,97600
178942,1,0,1,186029,186029
178957,3,4,7,86927,86927
178976,1,6,7,185865,185865
178985,5,6,11,237115,237115
179020,0,1,1,219477,219477
179027,1,0,1,203605,203605
179070,0,3,3,243318,243318
179072,1,8,9,242570,242570
179088,0,1,1,191694,191694
179104,0,0,0,111337,111337
179128,1,3,4,100133,100133
179136,2,16,18,170652,170652
179140,0,4,4,191948,191948
179146,0,5,5,197306,197306
179166,1,16,17,107967,107967
179172,0,1,1,239203,239203
179187,1,0,1,169377,169377
179193,0,4,4,161064,161064
179203,0,1,1,253190,253190
179204,1,1,2,190796,190796
179206,2,3,5,192467,192467
179213,0,1,1,233686,233686
179220,6,23,29,147637,147637
179237,0,1,1,169375,169375
179239,0,1,1,56982,56982
179253,7,47,54,161971,161971
179254,4,6,10,70560,70560
179258,4,10,14,247471,247471
179259,2,27,29,152015,152015
179276,1,16,17,219578,219578
179289,0,1,1,234497,234497
179299,1,3,4,222805,222805
179317,5,4,9,230264,230264
179322,2,3,5,66875,66875
179384,1,24,25,153778,153778
179400,0,0,0,131663,131663
179431,0,3,3,194980,194980
179466,3,7,10,221199,221199
179478,0,5,5,121108,121108
179573,0,1,1,254126,254126
179584,2,4,6,234476,234476
179585,1,4,5,181037,181037
179591,0,0,0,238767,238767
179600,0,6,6,249187,249187
179606,7,18,25,146548,146548
179614,4,13,17,194005,194005
179619,1,2,3,181521,181521
179620,2,13,15,250375,250375
179622,7,19,26,68371,68371
179644,0,6,6,244871,244871
179645,1,2,3,99591,99591
179653,0,0,0,176846,176846
179666,2,22,24,245345,245345
179680,1,2,3,148624,148624
179683,5,4,9,255013,255013
179695,3,8,11,225888,225888
179704,0,2,2,209510,209510
179712,1,2,3,104230,104230
179728,0,2,2,135416,135416
179738,1,1,2,229447,229447
179742,3,11,14,223830,223830
179756,0,2,2,226346,226346
179758,1,2,3,141256,141256
179759,0,6,6,226907,226907
179771,0,1,1,145229,145229
179788,9,25,34,252776,252776
179789,0,0,0,140261,140261
179792,1,1,2,122758,122758
179799,4,3,7,74475,74475
179800,0,1,1,138197,138197
179809,2,2,4,169017,169017
179823,0,0,0,156385,156385
179828,5,11,16,142609,142609
179838,2,7,9,239945,239945
179840,1,8,9,210611,210611
179851,0,9,9,130424,130424
179871,0,1,1,230497,230497
179881,0,3,3,143268,143268
179882,0,4,4,74508,74508
179890,0,0,0,189140,189140
179939,1,1,2,151880,151880
179946,1,3,4,157529,157529
180027,4,6,10,241280,241280
180033,2,2,4,234486,234486
180048,8,18,26,193213,193213
180051,1,13,14,230065,230065
180058,0,1,1,19780,19780
180078,1,1,2,69622,69622
180142,0,2,2,135936,135936
180149,1,2,3,242790,242790
180156,2,4,6,142492,142492
180176,1,23,24,228218,228218
180180,0,10,10,164974,164974
180183,1,4,5,235376,235376
180187,0,1,1,195205,195205
180193,1,0,1,188681,188681
180199,0,0,0,247291,247291
180258,1,3,4,247204,247204
180270,0,0,0,149170,149170
180276,1,14,15,129317,129317
180279,1,4,5,137605,137605
180308,1,3,4,191016,191016
180325,0,9,9,166962,166962
180332,1,9,10,168021,168021
180340,0,0,0,171872,171872
180351,2,7,9,223115,223115
180352,1,0,1,97525,97525
180353,5,17,22,150201,150201
180394,0,3,3,246512,246512
180412,1,5,6,180553,180553
180420,1,1,2,251045,251045
180434,0,1,1,209733,209733
180459,1,23,24,172446,172446
180475,12,28,40,195165,195165
180477,0,15,15,236262,236262
180483,4,25,29,157776,157776
180494,0,1,1,151623,151623
180506,1,17,18,206908,206908
180543,0,0,0,161786,161786
180546,1,2,3,144421,144421
180551,5,6,11,243674,243674
180554,4,9,13,221244,221244
180566,5,4,9,247016,247016
180597,6,15,21,45648,45648
180608,0,4,4,237454,237454
180614,0,3,3,147893,147893
180672,0,2,2,190942,190942
180673,4,3,7,228933,228933
180681,0,0,0,209917,209917
180683,8,23,31,244820,244820
180685,0,1,1,230838,230838
180712,1,3,4,226011,226011
180715,0,12,12,131957,131957
180736,3,7,10,209573,209573
180747,0,1,1,167754,167754
180751,0,2,2,105939,105939
180767,1,4,5,192176,192176
180772,0,5,5,236013,236013
180774,4,9,13,245917,245917
180816,2,6,8,141575,141575
180837,1,0,1,217824,217824
180842,0,2,2,55583,55583
180854,2,22,24,148256,148256
180862,0,1,1,213528,213528
180886,0,12,12,224995,224995
180929,2,11,13,210665,210665
180932,0,2,2,107918,107918
180981,2,11,13,238060,238060
180996,2,14,16,245292,245292
180997,1,3,4,198120,198120
181000,1,10,11,234313,234313
181002,0,4,4,233789,233789
181019,0,3,3,246430,246430
181022,1,10,11,134084,134084
181044,1,4,5,185540,185540
181049,0,3,3,222267,222267
181050,0,0,0,176793,176793
181080,7,12,19,143250,143250
181082,1,3,4,130637,130637
181102,1,2,3,91345,91345
181110,14,40,54,157095,157095
181119,1,7,8,194232,194232
181127,0,11,11,176658,176658
181131,0,1,1,153618,153618
181146,3,5,8,242375,242375
181170,0,1,1,249681,249681
181190,3,0,3,118149,118149
181195,1,2,3,228336,228336
181245,0,1,1,176404,176404
181248,0,1,1,182779,182779
181258,2,2,4,195291,195291
181268,0,2,2,244093,244093
181269,3,4,7,255842,255842
181273,3,1,4,175853,175853
181279,1,1,2,228397,228397
181292,0,0,0,246899,246899
181296,1,7,8,120094,120094
181338,0,2,2,157893,157893
181346,1,7,8,137075,137075
181350,3,3,6,249242,249242
181353,2,9,11,211006,211006
181359,0,0,0,231269,231269
181363,0,1,1,250501,250501
181364,0,1,1,56441,56441
181376,2,4,6,233287,233287
181389,0,0,0,194142,194142
181396,0,4,4,135509,135509
181397,0,4,4,221184,221184
181409,0,0,0,189852,189852
181410,9,17,26,252500,252500
181429,0,3,3,240297,240297
181457,2,3,5,196977,196977
181474,2,5,7,221377,221377
181536,0,0,0,200481,200481
181547,0,1,1,238966,238966
181564,4,7,11,200380,200380
181575,0,0,0,188390,188390
181576,29,29,58,91259,91259
181582,4,8,12,188405,188405
181596,1,4,5,133804,133804
181601,0,4,4,209400,209400
181603,0,0,0,131584,131584
181605,0,3,3,217973,217973
181611,0,2,2,138243,138243
181613,0,2,2,173323,173323
181618,1,4,5,190568,190568
181621,1,2,3,166666,166666
181680,0,3,3,243356,243356
181689,3,3,6,216919,216919
181692,0,0,0,241304,241304
181704,1,3,4,128105,128105
181729,0,1,1,244612,244612
181752,0,5,5,249425,249425
181755,9,26,35,160809,160809
181756,4,15,19,154389,154389
181769,0,8,8,254161,254161
181800,0,1,1,84054,84054
181834,0,13,13,236375,236375
181836,0,2,2,154646,154646
181842,1,2,3,150642,150642
181851,1,13,14,219742,219742
181853,1,2,3,221318,221318
181895,0,0,0,190623,190623
181920,2,12,14,252534,252534
181941,1,2,3,160351,160351
181949,1,1,2,139398,139398
181960,0,0,0,246961,246961
181968,0,1,1,149381,149381
181969,19,9,28,142793,142793
181979,2,3,5,255274,255274
181981,1,27,28,241109,241109
181982,0,4,4,251906,251906
181985,2,10,12,194315,194315
182007,0,2,2,75138,75138
182008,3,29,32,143723,143723
182013,0,1,1,143289,143289
182014,0,14,14,118095,118095
182039,1,2,3,12360,12360
182043,6,7,13,40124,40124
182048,1,8,9,147502,147502
182074,0,2,2,196022,196022
182103,0,0,0,221016,221016
182158,4,10,14,148265,148265
182175,1,0,1,179896,179896
182195,2,9,11,151898,151898
182201,1,7,8,213322,213322
182216,0,0,0,244564,244564
182222,6,7,13,198186,198186
182251,1,1,2,208997,208997
182254,3,38,41,83746,83746
182279,1,25,26,134433,134433
182307,1,1,2,250972,250972
182338,0,0,0,247344,247344
182356,2,3,5,205769,205769
182365,1,2,3,192902,192902
182369,0,3,3,132744,132744
182400,0,3,3,192827,192827
182412,0,3,3,130913,130913
182421,0,4,4,256291,256291
182424,0,4,4,78490,78490
182425,0,7,7,180145,180145
182433,1,1,2,235515,235515
182460,1,2,3,160889,160889
182474,0,0,0,231697,231697
182478,4,4,8,181313,181313
182488,2,5,7,173439,173439
182493,2,1,3,137833,137833
182497,5,10,15,70046,70046
182508,0,7,7,228714,228714
182520,0,6,6,107703,107703
182524,6,12,18,227692,227692
182556,5,18,23,234228,234228
182563,0,3,3,248837,248837
182603,0,2,2,228911,228911
182604,0,32,32,190676,190676
182617,0,11,11,250200,250200
182631,0,0,0,163419,163419
182635,0,2,2,244183,244183
182637,1,4,5,243188,243188
182640,0,8,8,115938,115938
182648,1,1,2,238622,238622
182655,6,3,9,239018,239018
182663,0,1,1,235237,235237
182665,0,1,1,245410,245410
182675,0,1,1,213810,213810
182684,0,2,2,247290,247290
182708,1,32,33,143183,143183
182711,1,5,6,227171,227171
182723,0,1,1,157006,157006
182736,0,3,3,135899,135899
182738,0,2,2,243065,243065
182749,1,17,18,178926,178926
182759,0,3,3,231725,231725
182777,11,12,23,216560,216560
182794,0,0,0,164445,164445
182812,2,2,4,139469,139469
182816,2,8,10,209115,209115
182829,3,8,11,230603,230603
182866,0,7,7,134811,134811
182870,2,2,4,188567,188567
182901,1,1,2,225654,225654
182906,23,23,46,37098,37098
182917,0,44,44,234421,234421
182966,2,10,12,242691,242691
182969,4,9,13,151077,151077
182971,6,10,16,253370,253370
182979,8,2,10,69384,69384
183033,1,1,2,243746,243746
183049,2,17,19,189473,189473
183063,0,1,1,225307,225307
183073,0,0,0,171979,171979
183074,0,5,5,173511,173511
183113,1,13,14,253358,253358
183133,1,6,7,141525,141525
183147,2,2,4,219938,219938
183153,1,1,2,114510,114510
183184,5,5,10,250622,250622
183203,2,6,8,244129,244129
183241,2,3,5,140181,140181
183271,0,1,1,123896,123896
183312,1,1,2,248047,248047
183319,1,1,2,230842,230842
183323,1,4,5,131774,131774
183325,0,0,0,12730,12730
183350,0,7,7,195440,195440
183363,0,3,3,220422,220422
183390,0,8,8,144314,144314
183417,1,1,2,205936,205936
183418,2,2,4,255477,255477
183423,0,1,1,235190,235190
183435,1,6,7,227905,227905
183449,2,2,4,70140,70140
183474,0,11,11,174147,174147
183484,1,2,3,244626,244626
183496,0,14,14,34146,34146
183504,2,7,9,148218,148218
183506,0,1,1,238807,238807
183507,5,4,9,204021,204021
183509,2,3,5,157042,157042
183511,2,0,2,100172,100172
183563,2,6,8,130033,130033
183569,0,2,2,56892,56892
183592,0,1,1,152025,152025
183595,0,7,7,227721,227721
183598,2,4,6,113001,113001
183622,1,15,16,210377,210377
183628,1,2,3,188446,188446
183633,1,1,2,144237,144237
183673,0,0,0,215660,215660
183701,0,5,5,222781,222781
183703,0,3,3,231656,231656
183711,0,3,3,250917,250917
183732,2,1,3,135921,135921
183734,2,4,6,160126,160126
183741,2,9,11,220460,220460
183745,0,8,8,145018,145018
183754,0,0,0,217248,217248
183768,0,2,2,74018,74018
183828,2,2,4,225277,225277
183832,0,2,2,152261,152261
183876,0,4,4,192026,192026
183895,1,1,2,201995,201995
183898,1,4,5,187056,187056
183902,0,7,7,189476,189476
183904,1,1,2,232684,232684
183905,0,0,0,116529,116529
183908,1,21,22,242816,242816
183914,0,2,2,156496,156496
183933,0,2,2,241986,241986
183946,1,4,5,104101,104101
183958,2,8,10,150076,150076
183968,2,14,16,202499,202499
183976,1,5,6,75924,75924
183979,1,9,10,249503,249503
183992,2,6,8,143013,143013
184039,3,4,7,71277,71277
184047,0,4,4,236903,236903
184050,0,1,1,179114,179114
184088,0,2,2,237280,237280
184106,0,14,14,141952,141952
184112,5,11,16,194219,194219
184117,0,5,5,188856,188856
184153,0,0,0,256550,256550
184177,0,5,5,182386,182386
184185,1,11,12,258030,258030
184186,3,12,15,209910,209910
184237,0,0,0,172907,172907
184242,0,19,19,147892,147892
184264,1,5,6,245103,245103
184278,0,10,10,203999,203999
184285,1,1,2,108093,108093
184298,0,1,1,140572,140572
184324,0,7,7,238389,238389
184334,0,1,1,157658,157658
184355,0,7,7,244866,244866
184359,1,4,5,192827,192827
184363,1,12,13,250512,250512
184382,2,4,6,246443,246443
184400,0,2,2,242739,242739
184405,0,7,7,250293,250293
184424,0,2,2,139493,139493
184449,2,8,10,144277,144277
184455,0,2,2,227284,227284
184467,2,9,11,144402,144402
184496,0,0,0,189549,189549
184536,1,4,5,153915,153915
184537,2,11,13,193723,193723
184578,0,1,1,242439,242439
184604,6,11,17,151168,151168
184606,12,18,30,242879,242879
184615,3,3,6,723,723
184623,0,4,4,51268,51268
184625,8,24,32,204387,204387
184630,1,25,26,257074,257074
184638,0,1,1,142774,142774
184670,0,6,6,192060,192060
184677,6,6,12,179454,179454
184716,0,1,1,229982,229982
184726,3,4,7,202190,202190
184727,0,4,4,90666,90666
184761,8,29,37,138796,138796
184767,1,7,8,201576,201576
184778,0,4,4,154137,154137
184779,12,11,23,242928,242928
184785,0,8,8,177683,177683
184792,1,19,20,240969,240969
184805,1,37,38,10171,10171
184825,0,2,2,200667,200667
184828,0,2,2,148611,148611
184841,1,0,1,191653,191653
184877,5,6,11,225939,225939
184880,1,19,20,103556,103556
184884,1,2,3,239935,239935
184891,0,0,0,128429,128429
184944,2,4,6,196149,196149
184966,1,3,4,187006,187006
184968,0,4,4,224758,224758
184983,1,4,5,245654,245654
184988,0,1,1,194050,194050
184994,3,3,6,69291,69291
185001,0,4,4,258551,258551
185014,3,0,3,226145,226145
185057,0,1,1,59388,59388
185068,0,8,8,233173,233173
185088,0,0,0,241786,241786
185095,0,5,5,230129,230129
185098,0,2,2,242877,242877
185112,0,1,1,228178,228178
185118,0,4,4,245734,245734
185121,1,1,2,258100,258100
185137,1,1,2,248548,248548
185145,4,25,29,148880,148880
185153,0,0,0,240463,240463
185166,0,0,0,237065,237065
185176,1,3,4,144504,144504
185188,1,19,20,236624,236624
185191,2,9,11,189191,189191
185193,0,0,0,191098,191098
185220,2,3,5,103127,103127
185247,3,16,19,237402,237402
185254,3,4,7,82687,82687
185276,0,1,1,168188,168188
185294,0,4,4,134112,134112
185321,3,9,12,148772,148772
185323,5,15,20,202299,202299
185337,2,9,11,220271,220271
185339,5,12,17,146462,146462
185341,3,25,28,158202,158202
185358,0,2,2,187228,187228
185374,2,9,11,60128,60128
185379,0,2,2,104897,104897
185382,2,7,9,191140,191140
185397,3,5,8,151156,151156
185422,1,10,11,117117,117117
185423,0,2,2,176985,176985
185424,0,1,1,252014,252014
185437,3,2,5,248303,248303
185465,1,11,12,142714,142714
185466,0,1,1,155945,155945
185469,1,1,2,181408,181408
185548,2,13,15,229965,229965
185555,4,14,18,243296,243296
185567,2,1,3,227857,227857
185568,1,4,5,227821,227821
185571,0,4,4,194464,194464
185573,1,0,1,160016,160016
185583,0,0,0,182419,182419
185591,0,2,2,55642,55642
185595,0,12,12,70665,70665
185600,4,14,18,161332,161332
185614,0,2,2,243451,243451
185616,0,0,0,147679,147679
185652,0,0,0,142235,142235
185654,1,1,2,143319,143319
185671,0,0,0,236724,236724
185681,2,8,10,230002,230002
185707,0,1,1,223386,223386
185711,0,2,2,241880,241880
185719,0,7,7,244015,244015
185721,1,6,7,231215,231215
185735,10,10,20,38923,38923
185736,1,12,13,257034,257034
185741,0,0,0,171928,171928
185742,0,3,3,197162,197162
185776,1,4,5,255550,255550
185787,1,2,3,255850,255850
185818,2,14,16,234874,234874
185820,1,18,19,252687,252687
185878,3,6,9,212371,212371
185895,5,20,25,233646,233646
185898,12,7,19,185788,185788
185901,9,21,30,4564,4564
185902,0,2,2,148465,148465
185905,0,0,0,129018,129018
185909,0,0,0,214810,214810
185925,0,11,11,245849,245849
185938,0,3,3,164789,164789
185959,0,2,2,176434,176434
185993,2,10,12,76255,76255
186000,1,1,2,180018,180018
186008,4,14,18,190786,190786
186017,0,3,3,155445,155445
186030,2,2,4,73464,73464
186040,0,0,0,170249,170249
186077,3,14,17,249404,249404
186081,1,4,5,144994,144994
186084,0,2,2,245330,245330
186091,0,7,7,76671,76671
186106,1,1,2,188556,188556
186126,1,2,3,126388,126388
186184,12,36,48,10812,10812
186193,0,1,1,245979,245979
186199,2,5,7,134211,134211
186209,7,12,19,252611,252611
186263,1,2,3,234371,234371
186275,0,0,0,169025,169025
186282,1,1,2,140992,140992
186284,0,1,1,250505,250505
186299,0,1,1,253170,253170
186310,2,12,14,159769,159769
186317,0,10,10,156448,156448
186323,1,2,3,229771,229771
186337,2,8,10,197515,197515
186341,0,5,5,219398,219398
186374,0,14,14,194031,194031
186390,1,5,6,161644,161644
186402,0,3,3,255743,255743
186426,1,1,2,225324,225324
186428,1,8,9,248988,248988
186433,8,13,21,191138,191138
186451,0,4,4,188718,188718
186458,2,18,20,170558,170558
186459,2,5,7,77314,77314
186501,0,1,1,226282,226282
186521,3,7,10,169577,169577
186526,6,6,12,242814,242814
186528,20,23,43,225554,225554
186534,1,1,2,230906,230906
186557,6,20,26,220400,220400
186573,5,9,14,136800,136800
186581,0,1,1,135288,135288
186590,2,7,9,113241,113241
186608,1,2,3,232553,232553
186612,2,6,8,195957,195957
186674,2,9,11,141408,141408
186690,0,2,2,192878,192878
186696,1,0,1,157727,157727
186700,1,1,2,153001,153001
186706,0,0,0,193730,193730
186720,0,8,8,244012,244012
186723,0,3,3,247825,247825
186727,3,7,10,187816,187816
186728,0,1,1,252200,252200
186762,1,7,8,236898,236898
186796,2,2,4,196030,196030
186866,3,3,6,105108,105108
186904,1,1,2,229347,229347
186910,1,4,5,149525,149525
186927,2,5,7,160664,160664
186942,0,3,3,226104,226104
186943,1,7,8,224577,224577
186946,1,2,3,236777,236777
186962,0,9,9,172553,172553
186963,0,3,3,207315,207315
186965,1,5,6,136481,136481
186966,1,9,10,252901,252901
186968,0,4,4,144879,144879
186994,1,12,13,234613,234613
186997,0,2,2,151696,151696
187010,3,21,24,161498,161498
187011,0,13,13,124721,124721
187016,3,23,26,163813,163813
187022,9,19,28,112233,112233
187031,0,3,3,247219,247219
187041,1,2,3,246677,246677
187051,0,0,0,215488,215488
187069,2,13,15,229468,229468
187081,0,1,1,238898,238898
187093,0,3,3,255096,255096
187094,1,2,3,66539,66539
187096,0,1,1,146561,146561
187097,0,1,1,230682,230682
187144,2,3,5,238353,238353
187166,5,10,15,207563,207563
187179,5,11,16,202582,202582
187182,0,0,0,103505,103505
187200,7,13,20,125405,125405
187225,1,2,3,84299,84299
187228,0,1,1,54051,54051
187236,0,4,4,135448,135448
187257,0,4,4,231033,231033
187265,1,0,1,175046,175046
187269,0,2,2,235436,235436
187284,1,8,9,238418,238418
187292,0,0,0,189246,189246
187307,0,1,1,250336,250336
187315,3,5,8,217055,217055
187330,0,17,17,241562,241562
187371,1,6,7,193956,193956
187399,0,4,4,251385,251385
187402,2,7,9,222001,222001
187440,0,3,3,136043,136043
187441,1,20,21,251188,251188
187454,2,31,33,244044,244044
187498,0,1,1,242483,242483
187515,1,12,13,119243,119243
187522,0,1,1,194143,194143
187538,1,18,19,258112,258112
187540,0,0,0,157003,157003
187553,0,3,3,171746,171746
187557,1,4,5,237532,237532
187564,1,9,10,255889,255889
187570,0,2,2,172643,172643
187621,7,7,14,140263,140263
187639,0,0,0,141257,141257
187642,0,13,13,154845,154845
187644,0,7,7,258553,258553
187678,0,6,6,161050,161050
187685,0,1,1,192987,192987
187690,0,1,1,187211,187211
187701,4,6,10,240952,240952
187719,4,4,8,78640,78640
187731,2,1,3,232881,232881
187732,0,1,1,142263,142263
187737,1,4,5,135095,135095
187738,1,21,22,244649,244649
187743,2,4,6,98589,98589
187763,0,4,4,192552,192552
187764,2,11,13,125068,125068
187769,0,1,1,132482,132482
187792,0,7,7,192244,192244
187796,1,3,4,156555,156555
187801,1,1,2,161468,161468
187818,2,6,8,97130,97130
187832,3,6,9,139273,139273
187854,0,2,2,250516,250516
187858,0,2,2,161943,161943
187864,0,5,5,153026,153026
187871,1,10,11,136333,136333
187903,1,2,3,18798,18798
187915,4,6,10,206873,206873
187918,9,80,89,48314,48314
187920,7,8,15,130869,130869
187922,3,21,24,209935,209935
187924,2,11,13,137280,137280
187938,2,2,4,153015,153015
187941,4,18,22,223584,223584
187966,1,14,15,239452,239452
187983,0,16,16,188063,188063
187990,2,1,3,168160,168160
187992,1,1,2,92076,92076
187995,0,0,0,152293,152293
188003,0,1,1,225738,225738
188020,0,5,5,239587,239587
188021,0,2,2,221250,221250
188032,4,18,22,130227,130227
188041,3,6,9,175865,175865
188048,0,6,6,221245,221245
188050,5,3,8,150150,150150
188065,0,0,0,151177,151177
188075,2,3,5,258913,258913
188084,0,5,5,149939,149939
188089,0,10,10,231503,231503
188095,1,12,13,215074,215074
188111,0,3,3,226000,226000
188150,0,5,5,246823,246823
188168,2,18,20,148948,148948
188169,1,10,11,248859,248859
188170,0,2,2,234447,234447
188188,1,4,5,233433,233433
188212,1,6,7,125917,125917
188231,0,0,0,191179,191179
188233,1,4,5,243783,243783
188238,1,1,2,206320,206320
188275,0,0,0,195228,195228
188284,1,6,7,223715,223715
188310,4,1,5,221916,221916
188346,0,0,0,141158,141158
188363,1,1,2,184381,184381
188373,1,5,6,193135,193135
188376,0,1,1,251353,251353
188383,0,1,1,207532,207532
188384,1,3,4,130702,130702
188397,2,4,6,251006,251006
188408,3,8,11,79439,79439
188432,0,2,2,136868,136868
188437,0,0,0,214142,214142
188443,0,5,5,234085,234085
188460,1,6,7,130816,130816
188461,2,3,5,225639,225639
188477,0,0,0,246165,246165
188482,2,4,6,153495,153495
188494,1,2,3,161232,161232
188511,0,3,3,164452,164452
188586,1,2,3,143273,143273
188591,0,2,2,206550,206550
188605,2,34,36,240908,240908
188616,1,3,4,204180,204180
188621,5,41,46,182911,182911
188643,3,25,28,202421,202421
188664,0,0,0,135624,135624
188674,0,0,0,188714,188714
188676,0,1,1,75347,75347
188734,2,6,8,237551,237551
188751,0,1,1,228552,228552
188754,1,6,7,168166,168166
188761,1,2,3,53762,53762
188767,0,0,0,183083,183083
188786,1,2,3,141332,141332
188791,1,5,6,203285,203285
188800,1,9,10,247233,247233
188814,0,2,2,258940,258940
188817,0,3,3,228157,228157
188834,4,12,16,230564,230564
188859,0,0,0,249128,249128
188865,0,0,0,256811,256811
188875,1,5,6,111813,111813
188926,0,0,0,241080,241080
188948,3,2,5,249125,249125
188994,0,1,1,195421,195421
189031,1,1,2,238569,238569
189086,0,2,2,194798,194798
189111,0,0,0,245924,245924
189120,0,1,1,225427,225427
189146,2,13,15,77292,77292
189177,0,0,0,193542,193542
189183,0,5,5,109545,109545
189189,1,7,8,137637,137637
189199,1,4,5,169537,169537
189210,1,3,4,236599,236599
189241,0,2,2,161547,161547
189244,0,4,4,243090,243090
189246,1,4,5,198684,198684
189287,0,9,9,239121,239121
189288,0,1,1,194154,194154
189294,1,2,3,234614,234614
189314,3,27,30,225303,225303
189315,2,6,8,237473,237473
189318,2,10,12,258340,258340
189328,1,2,3,33276,33276
189336,7,9,16,118836,118836
189342,0,2,2,225673,225673
189345,12,13,25,164628,164628
189366,0,4,4,136597,136597
189376,7,7,14,217059,217059
189389,1,8,9,153411,153411
189393,0,10,10,212165,212165
189395,0,6,6,157941,157941
189427,0,0,0,234369,234369
189428,1,1,2,209609,209609
189436,1,5,6,211448,211448
189451,1,2,3,135826,135826
189478,0,1,1,218690,218690
189488,1,4,5,147161,147161
189506,1,1,2,236673,236673
189520,0,0,0,255042,255042
189524,1,10,11,222172,222172
189570,0,1,1,97767,97767
189574,0,0,0,145653,145653
189600,1,3,4,230102,230102
189601,1,3,4,228250,228250
189616,0,3,3,246067,246067
189626,0,4,4,214207,214207
189641,0,2,2,211352,211352
189661,2,17,19,144702,144702
189685,2,2,4,144315,144315
189704,0,1,1,239775,239775
189706,0,0,0,145797,145797
189778,2,6,8,231541,231541
189779,9,7,16,47098,47098
189807,0,2,2,239911,239911
189819,3,6,9,251324,251324
189839,3,6,9,244670,244670
189861,1,1,2,152306,152306
189874,0,5,5,182243,182243
189878,0,4,4,252230,252230
189882,3,15,18,204344,204344
189889,0,1,1,249295,249295
189921,0,0,0,159244,159244
189922,0,1,1,143363,143363
189930,4,4,8,181805,181805
189932,1,1,2,173089,173089
189933,3,3,6,181911,181911
189934,2,2,4,181573,181573
189938,1,9,10,154973,154973
189948,0,0,0,254988,254988
189955,0,2,2,41506,41506
189969,0,0,0,238431,238431
189998,2,11,13,147552,147552
190017,0,3,3,184799,184799
190022,0,1,1,235839,235839
190059,0,6,6,230230,230230
190060,0,0,0,145132,145132
190062,1,5,6,8890,8890
190067,0,7,7,176395,176395
190103,0,1,1,251707,251707
190120,0,3,3,59554,59554
190138,2,2,4,237877,237877
190157,1,2,3,158792,158792
190158,1,1,2,158940,158940
190165,0,4,4,225132,225132
190168,1,7,8,150105,150105
190181,5,11,16,164114,164114
190215,1,8,9,165138,165138
190242,0,2,2,189708,189708
190246,5,13,18,224081,224081
190272,0,1,1,239613,239613
190282,5,11,16,136277,136277
190284,2,5,7,67613,67613
190287,1,21,22,233990,233990
190294,2,5,7,193481,193481
190295,1,3,4,66208,66208
190296,5,9,14,66521,66521
190299,2,6,8,88091,88091
190303,3,7,10,238967,238967
190316,2,9,11,56455,56455
190323,0,0,0,157409,157409
190358,0,2,2,192185,192185
190379,0,1,1,239184,239184
190403,0,3,3,60063,60063
190408,1,2,3,176566,176566
190414,1,19,20,244878,244878
190418,2,4,6,211399,211399
190426,0,11,11,234116,234116
190441,0,1,1,232139,232139
190494,0,1,1,232690,232690
190504,0,3,3,248354,248354
190520,0,2,2,80081,80081
190538,7,14,21,234746,234746
190551,0,0,0,169788,169788
190569,1,4,5,207152,207152
190581,10,9,19,245395,245395
190621,1,2,3,166274,166274
190622,1,3,4,226257,226257
190624,1,0,1,217219,217219
190652,0,5,5,241564,241564
190657,0,1,1,246760,246760
190663,0,2,2,120485,120485
190669,0,1,1,220082,220082
190674,0,3,3,148952,148952
190737,0,1,1,150918,150918
190748,0,4,4,129017,129017
190751,0,0,0,137174,137174
190770,0,4,4,154307,154307
190835,1,1,2,154054,154054
190837,0,3,3,248334,248334
190839,0,3,3,221134,221134
190847,3,8,11,69148,69148
190887,0,2,2,59532,59532
190895,2,26,28,241222,241222
190918,1,12,13,150052,150052
190928,0,1,1,217715,217715
190936,2,6,8,125434,125434
190943,4,9,13,239574,239574
190945,1,1,2,212083,212083
190958,0,2,2,231113,231113
190968,1,2,3,224079,224079
190978,0,1,1,223192,223192
191005,1,1,2,66875,66875
191006,0,13,13,121327,121327
191014,3,13,16,234234,234234
191048,0,4,4,94961,94961
191049,2,11,13,78797,78797
191070,2,4,6,240298,240298
191108,0,17,17,232269,232269
191114,1,5,6,227747,227747
191121,0,7,7,135334,135334
191123,0,3,3,190919,190919
191131,3,2,5,242558,242558
191140,2,4,6,119779,119779
191178,1,4,5,250731,250731
191206,0,0,0,186514,186514
191212,11,8,19,151541,151541
191219,0,0,0,217793,217793
191224,1,2,3,239058,239058
191232,0,3,3,143726,143726
191236,0,2,2,207603,207603
191310,1,0,1,196554,196554
191329,0,0,0,231261,231261
191347,0,4,4,197813,197813
191354,2,6,8,148308,148308
191359,0,1,1,240394,240394
191368,3,11,14,190961,190961
191371,0,1,1,256374,256374
191390,0,4,4,219441,219441
191395,0,1,1,108968,108968
191413,3,1,4,200073,200073
191431,0,0,0,232555,232555
191445,0,1,1,69443,69443
191450,0,4,4,202261,202261
191459,4,8,12,208963,208963
191487,1,14,15,237236,237236
191496,0,1,1,220116,220116
191507,0,8,8,162226,162226
191509,15,23,38,173598,173598
191510,1,9,10,73428,73428
191515,1,2,3,218424,218424
191528,0,7,7,139660,139660
191533,1,3,4,165437,165437
191550,0,1,1,244481,244481
191551,0,2,2,185543,185543
191588,0,5,5,186139,186139
191599,0,0,0,217130,217130
191600,5,5,10,233648,233648
191607,1,7,8,47125,47125
191621,1,3,4,254402,254402
191627,0,1,1,156595,156595
191629,2,2,4,66985,66985
191659,6,8,14,151024,151024
191690,1,11,12,240074,240074
191725,0,1,1,211998,211998
191732,1,1,2,126550,126550
191745,0,2,2,239289,239289
191754,1,1,2,156299,156299
191756,2,7,9,236648,236648
191790,2,8,10,144683,144683
191791,4,5,9,165886,165886
191794,0,8,8,29133,29133
191798,1,16,17,148603,148603
191800,1,1,2,155974,155974
191831,5,11,16,221725,221725
191839,1,4,5,205098,205098
191855,1,2,3,144110,144110
191875,0,6,6,195427,195427
191879,0,5,5,238201,238201
191929,1,9,10,245181,245181
191942,1,3,4,146752,146752
191974,2,4,6,131642,131642
191981,1,5,6,146278,146278
192000,0,4,4,119849,119849
192010,1,1,2,240124,240124
192017,0,1,1,66489,66489
192021,0,2,2,154764,154764
192027,0,0,0,167495,167495
192047,0,2,2,187136,187136
192064,0,8,8,181486,181486
192086,2,2,4,60753,60753
192088,1,1,2,128029,128029
192102,3,8,11,92220,92220
192113,0,1,1,120768,120768
192128,1,29,30,71255,71255
192130,1,5,6,158774,158774
192131,1,7,8,198028,198028
192152,1,3,4,212297,212297
192175,0,2,2,171113,171113
192183,0,9,9,154049,154049
192218,0,0,0,254468,254468
192224,0,0,0,206920,206920
192234,1,4,5,221680,221680
192275,1,6,7,146420,146420
192276,0,0,0,243750,243750
192294,1,3,4,199654,199654
192344,1,3,4,227572,227572
192348,1,5,6,224883,224883
192349,1,1,2,157505,157505
192413,0,1,1,150201,150201
192414,8,5,13,26864,26864
192416,0,1,1,135346,135346
192430,0,2,2,136247,136247
192440,0,1,1,242186,242186
192478,2,24,26,150876,150876
192484,0,7,7,150794,150794
192542,1,1,2,180093,180093
192543,0,3,3,209226,209226
192549,0,10,10,159583,159583
192566,1,2,3,220454,220454
192596,1,3,4,227878,227878
192603,1,4,5,223394,223394
192624,1,5,6,204915,204915
192662,1,4,5,233244,233244
192688,1,2,3,147094,147094
192689,2,2,4,215472,215472
192737,0,1,1,107790,107790
192742,2,3,5,196212,196212
192761,0,2,2,172124,172124
192778,0,0,0,249090,249090
192781,2,5,7,243849,243849
192785,1,3,4,221351,221351
192805,0,0,0,193027,193027
192871,0,2,2,158845,158845
192897,7,17,24,183455,183455
192913,0,5,5,79483,79483
192947,2,6,8,133474,133474
192948,1,5,6,211186,211186
192949,1,1,2,237186,237186
192958,2,2,4,194477,194477
192972,0,0,0,142706,142706
193018,0,8,8,252936,252936
193046,0,2,2,156763,156763
193059,0,3,3,213854,213854
193094,1,1,2,207091,207091
193096,0,2,2,174452,174452
193098,2,2,4,131752,131752
193109,0,5,5,221583,221583
193111,16,7,23,142653,142653
193112,15,22,37,44212,44212
193149,3,3,6,236027,236027
193205,5,20,25,229708,229708
193208,0,2,2,227219,227219
193211,0,2,2,186559,186559
193230,0,4,4,30155,30155
193236,2,14,16,154359,154359
193253,0,10,10,237948,237948
193280,0,3,3,159468,159468
193290,1,3,4,228699,228699
193293,0,0,0,158601,158601
193304,0,4,4,254347,254347
193316,0,2,2,197455,197455
193320,3,5,8,216114,216114
193323,0,6,6,133328,133328
193337,0,0,0,165748,165748
193339,2,3,5,204985,204985
193344,0,1,1,173745,173745
193356,0,2,2,149534,149534
193359,0,2,2,113877,113877
193361,0,2,2,204323,204323
193390,0,3,3,171535,171535
193395,0,0,0,210944,210944
193405,2,5,7,149206,149206
193415,3,17,20,221821,221821
193419,0,0,0,247997,247997
193428,0,4,4,170508,170508
193440,0,1,1,242292,242292
193462,1,4,5,167270,167270
193469,1,1,2,129363,129363
193471,2,2,4,169309,169309
193475,1,6,7,130092,130092
193496,1,5,6,148756,148756
193506,4,10,14,116618,116618
193510,1,5,6,247321,247321
193514,1,1,2,154633,154633
193522,2,14,16,126641,126641
193539,0,2,2,146016,146016
193543,2,11,13,256768,256768
193548,1,3,4,238671,238671
193558,1,4,5,136597,136597
193580,0,0,0,153447,153447
193604,0,1,1,66610,66610
193606,0,2,2,136681,136681
193611,0,10,10,160647,160647
193625,8,20,28,231638,231638
193628,0,0,0,192514,192514
193643,1,5,6,110037,110037
193649,2,4,6,192143,192143
193679,1,4,5,67002,67002
193708,0,7,7,236746,236746
193716,0,7,7,240560,240560
193726,1,8,9,159661,159661
193732,0,0,0,173928,173928
193749,3,6,9,257293,257293
193753,2,11,13,205766,205766
193759,4,11,15,243775,243775
193766,0,5,5,141839,141839
193767,1,1,2,180365,180365
193819,2,3,5,109008,109008
193866,0,2,2,248946,248946
193924,0,1,1,198099,198099
193952,3,9,12,161641,161641
193971,1,1,2,196138,196138
194027,1,1,2,157082,157082
194040,0,4,4,196799,196799
194051,1,1,2,136522,136522
194061,0,0,0,125233,125233
194069,2,7,9,36429,36429
194071,2,17,19,214543,214543
194073,0,4,4,232138,232138
194076,4,7,11,87533,87533
194077,5,15,20,158673,158673
194158,1,2,3,257918,257918
194170,2,20,22,252514,252514
194172,0,8,8,135004,135004
194173,1,9,10,198745,198745
194187,0,4,4,246670,246670
194192,0,3,3,58465,58465
194215,0,0,0,202268,202268
194235,0,3,3,205624,205624
194242,2,5,7,217775,217775
194253,0,1,1,68375,68375
194256,0,2,2,124464,124464
194272,0,0,0,125903,125903
194288,4,19,23,208521,208521
194296,0,4,4,193135,193135
194305,0,7,7,231260,231260
194315,0,3,3,148788,148788
194338,0,4,4,137399,137399
194344,1,1,2,180093,180093
194348,0,0,0,231017,231017
194383,0,2,2,212924,212924
194394,1,2,3,256041,256041
194399,1,10,11,140695,140695
194408,2,2,4,80523,80523
194409,1,1,2,94821,94821
194473,2,3,5,245075,245075
194503,4,22,26,180222,180222
194507,11,13,24,180989,180989
194516,11,40,51,118516,118516
194536,0,4,4,165192,165192
194574,1,3,4,203925,203925
194580,1,5,6,223358,223358
194655,0,3,3,213787,213787
194659,8,1,9,129401,129401
194662,0,1,1,133159,133159
194736,19,22,41,242262,242262
194811,2,3,5,98138,98138
194819,2,14,16,226683,226683
194839,2,16,18,228186,228186
194873,4,5,9,225325,225325
194887,4,10,14,146493,146493
194902,6,18,24,199470,199470
194908,0,2,2,213570,213570
194938,2,6,8,227642,227642
194948,0,2,2,134136,134136
194952,0,1,1,73788,73788
194998,0,3,3,237862,237862
195017,0,0,0,155708,155708
195029,0,5,5,134079,134079
195043,1,1,2,226601,226601
195050,0,1,1,209045,209045
195059,0,5,5,15216,15216
195096,1,3,4,74345,74345
195099,3,17,20,210262,210262
195111,0,19,19,136216,136216
195113,0,1,1,157366,157366
195178,0,4,4,179752,179752
195179,3,4,7,179354,179354
195202,5,22,27,132026,132026
195206,0,0,0,250071,250071
195211,1,2,3,206720,206720
195248,0,3,3,228267,228267
195253,3,2,5,213937,213937
195281,0,4,4,154089,154089
195294,0,2,2,134567,134567
195296,2,21,23,222355,222355
195303,2,9,11,200443,200443
195304,1,3,4,192723,192723
195326,0,2,2,130851,130851
195332,1,1,2,199435,199435
195335,1,10,11,239122,239122
195339,9,18,27,137606,137606
195341,2,5,7,208568,208568
195392,0,1,1,225259,225259
195396,0,8,8,247882,247882
195397,0,0,0,238028,238028
195404,8,8,16,239174,239174
195421,2,1,3,232253,232253
195446,3,0,3,51835,51835
195465,0,4,4,221025,221025
195510,1,2,3,161967,161967
195517,3,3,6,66950,66950
195518,3,3,6,66705,66705
195520,2,2,4,86159,86159
195521,5,12,17,166552,166552
195528,2,21,23,140370,140370
195532,0,25,25,140895,140895
195533,14,41,55,199802,199802
195535,14,20,34,163333,163333
195537,5,8,13,194506,194506
195540,4,9,13,255572,255572
195541,0,14,14,75235,75235
195542,9,15,24,214249,214249
195543,10,13,23,193956,193956
195552,0,3,3,156978,156978
195555,1,2,3,74172,74172
195595,0,6,6,233776,233776
195609,0,4,4,226233,226233
195624,0,3,3,196158,196158
195637,0,2,2,176046,176046
195638,0,9,9,245507,245507
195643,4,41,45,132840,132840
195723,0,6,6,249880,249880
195725,2,6,8,250917,250917
195729,9,15,24,250384,250384
195766,0,1,1,159097,159097
195767,0,1,1,181438,181438
195768,0,1,1,193261,193261
195782,2,1,3,227236,227236
195785,0,3,3,215725,215725
195793,0,3,3,213218,213218
195794,0,2,2,213523,213523
195807,2,4,6,221202,221202
195816,16,45,61,107179,107179
195818,6,7,13,223848,223848
195828,0,0,0,258019,258019
195847,1,4,5,137520,137520
195850,2,3,5,116815,116815
195861,4,4,8,146933,146933
195871,0,1,1,217651,217651
195873,4,4,8,149709,149709
195886,1,5,6,6290,6290
195926,0,1,1,140395,140395
195972,1,26,27,212336,212336
195975,1,12,13,252180,252180
195990,0,3,3,249046,249046
195994,0,1,1,235410,235410
195999,0,1,1,83514,83514
196019,1,5,6,227921,227921
196056,0,7,7,247046,247046
196059,0,2,2,238809,238809
196074,1,3,4,193794,193794
196093,2,9,11,241885,241885
196095,0,0,0,211162,211162
196104,0,2,2,174848,174848
196130,3,12,15,11610,11610
196138,4,6,10,224450,224450
196145,0,2,2,5110,5110
196146,1,9,10,137266,137266
196149,1,4,5,238858,238858
196162,2,4,6,68623,68623
196187,4,16,20,246683,246683
196268,1,5,6,194552,194552
196277,0,3,3,250930,250930
196294,0,8,8,247233,247233
196299,2,4,6,234239,234239
196300,0,1,1,145273,145273
196301,0,3,3,133453,133453
196329,1,13,14,97909,97909
196353,2,5,7,102015,102015
196354,0,6,6,179833,179833
196360,0,5,5,237028,237028
196361,1,5,6,240170,240170
196369,0,3,3,135303,135303
196393,0,4,4,145639,145639
196396,0,1,1,208528,208528
196406,0,7,7,110448,110448
196412,1,5,6,192190,192190
196418,0,0,0,201086,201086
196422,0,4,4,188659,188659
196423,0,2,2,234651,234651
196430,1,7,8,230666,230666
196433,1,3,4,192980,192980
196438,2,3,5,120513,120513
196468,2,8,10,191979,191979
196491,0,1,1,77663,77663
196500,0,1,1,224167,224167
196504,0,3,3,191327,191327
196513,0,4,4,243911,243911
196520,1,2,3,157046,157046
196530,2,6,8,59965,59965
196531,1,2,3,60807,60807
196535,0,0,0,172958,172958
196545,1,7,8,241155,241155
196561,1,1,2,153890,153890
196613,4,13,17,197775,197775
196651,2,3,5,248004,248004
196662,0,1,1,66721,66721
196676,0,2,2,234621,234621
196702,1,2,3,192304,192304
196723,1,7,8,222737,222737
196741,0,2,2,159978,159978
196744,0,1,1,192068,192068
196745,3,4,7,192180,192180
196752,0,2,2,121347,121347
196754,1,5,6,86667,86667
196780,0,2,2,148617,148617
196786,0,4,4,136519,136519
196810,2,6,8,193677,193677
196817,2,3,5,220021,220021
196838,0,1,1,252678,252678
196840,1,5,6,229379,229379
196848,0,13,13,246915,246915
196856,17,9,26,209056,209056
196858,3,12,15,235147,235147
196879,0,1,1,249194,249194
196906,2,5,7,221783,221783
196915,0,3,3,193025,193025
196921,0,1,1,114958,114958
196922,0,1,1,190341,190341
196929,3,5,8,207550,207550
196931,1,10,11,220023,220023
196934,0,1,1,137792,137792
196945,1,15,16,150342,150342
196961,0,2,2,207511,207511
197005,0,5,5,180206,180206
197024,1,1,2,74886,74886
197041,0,1,1,188893,188893
197042,0,3,3,163713,163713
197046,0,7,7,192872,192872
197049,1,3,4,242052,242052
197053,0,2,2,250054,250054
197054,0,1,1,242318,242318
197061,0,12,12,5710,5710
197062,1,4,5,256431,256431
197071,0,2,2,224761,224761
197082,2,6,8,189388,189388
197096,0,3,3,237948,237948
197097,0,0,0,4411,4411
197107,0,6,6,166849,166849
197111,1,1,2,169537,169537
197170,0,2,2,245822,245822
197209,0,1,1,199706,199706
197210,2,0,2,173790,173790
197231,1,9,10,137989,137989
197236,1,5,6,141394,141394
197251,2,5,7,238384,238384
197282,1,1,2,122897,122897
197283,1,5,6,148492,148492
197284,0,1,1,242297,242297
197311,0,0,0,225846,225846
197320,0,1,1,154367,154367
197337,0,0,0,133826,133826
197341,1,8,9,154002,154002
197344,1,2,3,122730,122730
197349,0,1,1,142546,142546
197357,5,7,12,20746,20746
197364,0,9,9,204813,204813
197387,2,3,5,218987,218987
197397,0,3,3,240712,240712
197427,0,0,0,52710,52710
197433,0,22,22,245612,245612
197442,0,3,3,140125,140125
197463,0,2,2,241363,241363
197478,1,10,11,223963,223963
197487,0,2,2,224921,224921
197516,0,1,1,230980,230980
197533,2,3,5,246009,246009
197551,0,3,3,181750,181750
197552,4,8,12,107341,107341
197592,0,2,2,188752,188752
197593,0,2,2,211014,211014
197601,0,1,1,229915,229915
197608,0,0,0,138268,138268
197609,1,3,4,152283,152283
197627,2,6,8,113844,113844
197629,0,3,3,138170,138170
197636,2,22,24,246272,246272
197637,1,3,4,254587,254587
197649,0,1,1,235729,235729
197651,1,0,1,247844,247844
197653,1,1,2,142555,142555
197729,0,15,15,180742,180742
197736,0,2,2,240593,240593
197745,0,11,11,244010,244010
197761,0,1,1,225229,225229
197810,1,5,6,227624,227624
197814,0,2,2,240645,240645
197815,1,6,7,151759,151759
197816,1,2,3,159521,159521
197826,0,0,0,150811,150811
197852,3,15,18,199053,199053
197866,0,1,1,204943,204943
197899,0,0,0,137291,137291
197923,1,3,4,73375,73375
197939,7,11,18,221902,221902
197947,0,2,2,146429,146429
197960,0,8,8,187410,187410
197982,1,3,4,237677,237677
197984,0,2,2,202460,202460
198004,2,7,9,154266,154266
198023,0,8,8,251100,251100
198031,2,3,5,201551,201551
198066,7,7,14,221013,221013
198093,3,7,10,243107,243107
198110,0,1,1,142331,142331
198128,5,14,19,35645,35645
198129,0,6,6,252522,252522
198134,1,11,12,241322,241322
198140,1,4,5,134477,134477
198177,3,14,17,151015,151015
198186,1,7,8,91028,91028
198216,0,0,0,138937,138937
198231,2,5,7,141996,141996
198245,1,2,3,228096,228096
198247,1,3,4,221828,221828
198263,1,1,2,243778,243778
198275,1,1,2,142575,142575
198282,0,14,14,142250,142250
198285,0,0,0,222953,222953
198293,0,0,0,195710,195710
198298,0,3,3,17591,17591
198300,0,4,4,136855,136855
198313,1,3,4,227634,227634
198314,1,1,2,220375,220375
198315,0,0,0,163503,163503
198337,0,0,0,182266,182266
198345,2,11,13,187374,187374
198347,5,12,17,71834,71834
198350,2,3,5,245926,245926
198351,0,0,0,135472,135472
198377,0,2,2,202929,202929
198389,1,4,5,231036,231036
198410,2,4,6,192691,192691
198411,0,0,0,254887,254887
198412,0,6,6,248224,248224
198417,0,2,2,251962,251962
198419,0,4,4,144579,144579
198429,2,2,4,153622,153622
198441,0,2,2,248117,248117
198446,1,12,13,165016,165016
198447,2,15,17,143595,143595
198461,1,8,9,168446,168446
198472,0,4,4,145778,145778
198531,4,4,8,61166,61166
198535,0,1,1,136823,136823
198540,0,1,1,238936,238936
198589,2,0,2,42111,42111
198636,0,3,3,192209,192209
198637,0,2,2,235795,235795
198639,3,9,12,48258,48258
198653,5,8,13,192451,192451
198658,0,4,4,240874,240874
198681,1,1,2,135670,135670
198706,0,3,3,141430,141430
198708,0,1,1,185168,185168
198717,0,10,10,198493,198493
198722,1,2,3,242636,242636
198726,4,15,19,116434,116434
198732,0,4,4,249311,249311
198764,1,5,6,154021,154021
198781,0,0,0,248746,248746
198790,2,6,8,141622,141622
198845,0,2,2,174054,174054
198848,0,1,1,141707,141707
198862,0,1,1,135090,135090
198867,0,6,6,150229,150229
198875,1,4,5,239892,239892
198879,3,8,11,244755,244755
198884,0,0,0,107238,107238
198892,0,0,0,226239,226239
198897,2,3,5,188492,188492
198907,1,3,4,81276,81276
198921,2,8,10,227039,227039
198924,1,6,7,50649,50649
198953,0,0,0,255996,255996
198975,0,6,6,169904,169904
198989,1,1,2,197361,197361
198992,0,0,0,222142,222142
199000,2,4,6,154969,154969
199020,4,14,18,66905,66905
199046,0,0,0,155844,155844
199049,2,8,10,242731,242731
199071,1,6,7,243288,243288
199073,3,12,15,180675,180675
199080,2,2,4,161933,161933
199084,1,3,4,241425,241425
199102,2,7,9,156266,156266
199116,0,1,1,232084,232084
199117,0,4,4,216181,216181
199121,0,11,11,8677,8677
199124,0,2,2,245529,245529
199130,1,9,10,142769,142769
199164,3,12,15,138897,138897
199165,4,4,8,127267,127267
199167,0,1,1,189493,189493
199172,1,2,3,212824,212824
199178,1,8,9,240808,240808
199191,0,2,2,249297,249297
199223,2,2,4,207341,207341
199226,3,8,11,69878,69878
199228,3,2,5,190781,190781
199234,0,4,4,74816,74816
199239,3,5,8,213048,213048
199254,0,5,5,192499,192499
199261,1,2,3,243429,243429
199267,8,15,23,168831,168831
199282,1,8,9,246060,246060
199283,0,1,1,113205,113205
199286,1,1,2,252150,252150
199318,1,3,4,167393,167393
199340,0,3,3,251523,251523
199352,0,3,3,248264,248264
199356,0,3,3,138523,138523
199365,1,0,1,147164,147164
199391,1,20,21,231124,231124
199462,1,2,3,237325,237325
199473,0,4,4,242609,242609
199491,0,0,0,258073,258073
199511,0,1,1,221190,221190
199551,0,10,10,252215,252215
199561,1,1,2,192404,192404
199565,0,1,1,221796,221796
199578,3,16,19,191952,191952
199627,1,10,11,238783,238783
199628,3,3,6,233866,233866
199634,0,2,2,228165,228165
199657,0,7,7,157114,157114
199661,0,7,7,222983,222983
199677,8,5,13,100595,100595
199693,3,23,26,25267,25267
199695,4,35,39,38847,38847
199696,11,28,39,193338,193338
199703,6,20,26,98397,98397
199748,1,2,3,55380,55380
199775,0,9,9,141399,141399
199793,0,11,11,160909,160909
199811,2,6,8,221128,221128
199823,0,4,4,249815,249815
199834,0,0,0,162615,162615
199845,6,13,19,66069,66069
199937,0,2,2,132143,132143
199944,0,2,2,233259,233259
199951,0,4,4,221891,221891
199973,0,1,1,230007,230007
199981,0,8,8,64601,64601
200004,0,12,12,148328,148328
200016,0,1,1,230198,230198
200020,0,1,1,169150,169150
200050,5,3,8,95353,95353
200055,0,0,0,115804,115804
200056,1,0,1,219957,219957
200071,0,0,0,223293,223293
200118,2,10,12,193545,193545
200138,0,4,4,208274,208274
200174,0,2,2,112228,112228
200192,4,32,36,147086,147086
200193,5,17,22,216989,216989
200195,0,16,16,135083,135083
200198,0,14,14,192500,192500
200200,1,2,3,256328,256328
200209,1,4,5,164366,164366
200217,0,2,2,146038,146038
200218,0,0,0,72898,72898
200231,1,4,5,234397,234397
200250,2,3,5,136446,136446
200251,0,1,1,208457,208457
200258,6,3,9,158692,158692
200260,1,1,2,206921,206921
200265,1,1,2,188123,188123
200266,0,0,0,136054,136054
200278,1,15,16,136670,136670
200280,2,20,22,252790,252790
200284,2,20,22,234193,234193
200305,0,3,3,165926,165926
200317,3,9,12,137302,137302
200331,4,19,23,241753,241753
200332,3,8,11,72119,72119
200370,1,12,13,136368,136368
200371,0,1,1,76537,76537
200397,0,3,3,234283,234283
200400,2,4,6,256233,256233
200415,0,18,18,184375,184375
200423,1,2,3,77669,77669
200426,0,1,1,230561,230561
200433,2,4,6,238434,238434
200444,0,0,0,245577,245577
200462,1,8,9,150005,150005
200469,1,3,4,251289,251289
200470,0,0,0,205872,205872
200471,0,3,3,215545,215545
200532,2,7,9,230715,230715
200539,1,1,2,148794,148794
200552,1,13,14,91817,91817
200595,2,15,17,160907,160907
200597,1,23,24,131274,131274
200616,0,5,5,148076,148076
200630,0,5,5,221311,221311
200634,0,12,12,236281,236281
200645,1,1,2,69940,69940
200647,0,1,1,155128,155128
200662,0,7,7,71517,71517
200681,1,2,3,148507,148507
200707,0,2,2,148944,148944
200711,1,2,3,73888,73888
200712,0,0,0,182364,182364
200738,4,6,10,135049,135049
200753,0,5,5,195486,195486
200757,1,1,2,212253,212253
200767,3,2,5,232734,232734
200784,0,6,6,193742,193742
200801,1,2,3,249081,249081
200815,0,2,2,224084,224084
200816,1,4,5,194588,194588
200828,3,4,7,253456,253456
200832,0,0,0,180792,180792
200866,0,0,0,258242,258242
200881,1,6,7,65248,65248
200953,0,4,4,154894,154894
200958,0,3,3,139471,139471
200968,4,9,13,66365,66365
200985,2,2,4,150261,150261
200991,2,2,4,164530,164530
200996,0,1,1,119366,119366
201012,2,1,3,181495,181495
201023,0,4,4,151782,151782
201077,0,9,9,221097,221097
201082,0,3,3,214903,214903
201101,0,4,4,242352,242352
201107,0,1,1,166516,166516
201117,6,22,28,243791,243791
201144,0,0,0,111509,111509
201150,0,1,1,159242,159242
201177,1,5,6,220469,220469
201182,2,9,11,133185,133185
201185,2,6,8,238529,238529
201193,1,1,2,246372,246372
201194,0,4,4,230724,230724
201199,7,15,22,243799,243799
201213,3,11,14,210182,210182
201288,1,11,12,242028,242028
201295,0,5,5,227799,227799
201300,0,13,13,196960,196960
201307,0,3,3,81773,81773
201308,0,4,4,57536,57536
201350,0,1,1,161516,161516
201362,1,4,5,201725,201725
201369,0,0,0,247130,247130
201380,1,1,2,213559,213559
201405,2,1,3,154821,154821
201418,0,13,13,197550,197550
201461,1,1,2,144471,144471
201499,0,3,3,222514,222514
201511,1,12,13,241604,241604
201556,0,1,1,130881,130881
201587,0,2,2,185890,185890
201592,0,1,1,137473,137473
201607,5,5,10,100381,100381
201615,2,22,24,113094,113094
201627,0,0,0,255643,255643
201638,1,4,5,166985,166985
201649,0,3,3,68629,68629
201659,2,13,15,139872,139872
201671,0,7,7,229157,229157
201701,0,11,11,238333,238333
201719,0,0,0,195932,195932
201738,2,8,10,196438,196438
201749,0,5,5,189146,189146
201754,2,8,10,257379,257379
201757,0,7,7,235710,235710
201785,2,8,10,248667,248667
201813,4,3,7,248071,248071
201832,0,4,4,197083,197083
201839,0,4,4,159687,159687
201841,0,47,47,139054,139054
201846,0,2,2,176565,176565
201893,2,2,4,74642,74642
201904,1,4,5,243220,243220
201913,1,5,6,218726,218726
201917,0,1,1,230194,230194
202005,1,2,3,173635,173635
202007,0,4,4,130973,130973
202011,0,0,0,180223,180223
202029,2,5,7,196915,196915
202047,0,0,0,142357,142357
202053,0,3,3,227380,227380
202068,0,0,0,243077,243077
202131,0,1,1,164140,164140
202136,1,4,5,188410,188410
202153,0,2,2,250562,250562
202156,0,3,3,219687,219687
202185,6,6,12,251346,251346
202195,1,3,4,238236,238236
202205,0,0,0,249183,249183
202206,0,6,6,201700,201700
202225,0,8,8,244289,244289
202267,4,5,9,210893,210893
202284,1,2,3,244680,244680
202292,1,1,2,247091,247091
202306,1,11,12,221760,221760
202323,8,3,11,136974,136974
202336,1,27,28,149297,149297
202362,0,3,3,221736,221736
202367,0,8,8,257240,257240
202379,0,2,2,230421,230421
202382,4,2,6,150101,150101
202388,1,10,11,244626,244626
202418,2,9,11,142932,142932
202427,0,1,1,169926,169926
202433,1,2,3,223645,223645
202434,1,1,2,229980,229980
202439,0,15,15,79721,79721
202476,5,3,8,78073,78073
202479,2,1,3,76869,76869
202480,3,4,7,16001,16001
202482,2,4,6,77171,77171
202487,0,4,4,141879,141879
202494,0,7,7,234042,234042
202534,0,5,5,197392,197392
202542,0,3,3,202020,202020
202555,0,2,2,102248,102248
202558,0,0,0,136533,136533
202573,2,3,5,228645,228645
202609,0,0,0,148137,148137
202614,3,20,23,253468,253468
202616,1,2,3,217946,217946
202619,0,0,0,39838,39838
202631,2,0,2,211477,211477
202646,0,1,1,213825,213825
202648,1,5,6,80758,80758
202659,1,7,8,191090,191090
202684,2,11,13,137456,137456
202687,0,3,3,206760,206760
202689,0,14,14,56958,56958
202694,0,6,6,92688,92688
202696,3,5,8,134458,134458
202698,0,11,11,142914,142914
202700,0,11,11,134566,134566
202701,1,40,41,246645,246645
202703,9,38,47,227616,227616
202732,0,4,4,138807,138807
202737,0,2,2,205833,205833
202743,0,0,0,69313,69313
202788,0,1,1,207690,207690
202814,0,7,7,231319,231319
202820,0,4,4,252402,252402
202821,0,8,8,125557,125557
202854,1,5,6,237467,237467
202885,0,1,1,242842,242842
202891,2,2,4,144366,144366
202892,2,3,5,144334,144334
202895,0,1,1,130426,130426
202898,1,1,2,223423,223423
202903,3,4,7,187242,187242
202914,0,3,3,159404,159404
202927,1,2,3,226348,226348
202936,1,7,8,112018,112018
202963,2,5,7,211668,211668
202971,0,2,2,234008,234008
202990,0,1,1,178933,178933
202993,2,3,5,228176,228176
203001,1,0,1,55303,55303
203004,0,11,11,142051,142051
203046,1,17,18,69124,69124
203050,1,3,4,235423,235423
203067,2,1,3,231184,231184
203116,0,1,1,222512,222512
203125,1,0,1,235888,235888
203128,0,3,3,97522,97522
203142,3,9,12,244143,244143
203171,0,2,2,165121,165121
203181,1,4,5,138968,138968
203202,3,18,21,130693,130693
203204,1,4,5,256588,256588
203218,2,5,7,257379,257379
203220,0,8,8,240026,240026
203223,0,2,2,214695,214695
203229,0,1,1,153357,153357
203231,0,0,0,157895,157895
203241,0,1,1,175903,175903
203251,0,2,2,136785,136785
203274,0,2,2,195121,195121
203329,0,4,4,239253,239253
203334,0,1,1,154850,154850
203358,0,1,1,3715,3715
203376,0,6,6,253271,253271
203379,0,0,0,163206,163206
203394,0,2,2,236933,236933
203405,1,4,5,154321,154321
203424,5,8,13,141837,141837
203426,14,18,32,188375,188375
203442,5,49,54,196953,196953
203448,0,1,1,225832,225832
203478,1,3,4,221682,221682
203480,1,4,5,227467,227467
203498,22,18,40,254601,254601
203504,0,0,0,223011,223011
203508,0,0,0,156951,156951
203525,2,3,5,204036,204036
203555,1,4,5,141611,141611
203576,3,2,5,142711,142711
203581,2,5,7,230443,230443
203664,2,13,15,215064,215064
203720,0,3,3,160383,160383
203722,0,2,2,238328,238328
203724,1,3,4,158739,158739
203728,0,9,9,121075,121075
203761,1,6,7,202409,202409
203778,1,5,6,139799,139799
203785,2,13,15,250565,250565
203789,0,1,1,227207,227207
203790,2,4,6,161274,161274
203805,0,1,1,179431,179431
203810,1,1,2,137276,137276
203811,0,0,0,137575,137575
203832,0,3,3,243228,243228
203837,0,0,0,187731,187731
203858,0,0,0,173858,173858
203863,0,11,11,226538,226538
203873,0,1,1,250341,250341
203883,0,3,3,258891,258891
203902,2,8,10,204003,204003
203903,0,5,5,143840,143840
203904,2,1,3,155979,155979
203964,0,6,6,239692,239692
203967,2,4,6,145148,145148
203976,0,10,10,248554,248554
203982,0,15,15,217533,217533
203990,0,4,4,189122,189122
204053,7,15,22,199386,199386
204089,0,8,8,185415,185415
204111,6,6,12,50078,50078
204134,0,1,1,186431,186431
204163,0,3,3,240602,240602
204175,0,2,2,219800,219800
204197,4,11,15,139363,139363
204199,0,17,17,120804,120804
204210,1,3,4,146620,146620
204213,1,1,2,195134,195134
204216,1,1,2,162569,162569
204230,3,5,8,66637,66637
204244,4,3,7,196573,196573
204251,7,9,16,207166,207166
204258,0,0,0,134304,134304
204269,1,2,3,245164,245164
204290,2,10,12,61564,61564
204296,2,4,6,122903,122903
204297,0,1,1,245817,245817
204306,1,2,3,190922,190922
204307,2,16,18,116781,116781
204328,0,1,1,190121,190121
204335,2,4,6,206270,206270
204358,2,7,9,185296,185296
204373,1,18,19,153302,153302
204400,0,1,1,201156,201156
204403,0,4,4,138042,138042
204457,0,5,5,190884,190884
204464,1,7,8,191959,191959
204480,0,0,0,100406,100406
204485,2,5,7,154999,154999
204493,0,0,0,233895,233895
204518,4,7,11,34578,34578
204522,5,3,8,101383,101383
204524,0,4,4,207342,207342
204536,0,2,2,237140,237140
204549,0,4,4,222691,222691
204576,1,1,2,190393,190393
204579,0,2,2,197798,197798
204601,0,0,0,181525,181525
204617,1,19,20,232208,232208
204658,0,1,1,145607,145607
204694,0,0,0,205885,205885
204701,3,3,6,230442,230442
204702,2,2,4,148459,148459
204728,0,4,4,215416,215416
204732,0,2,2,226811,226811
204743,1,0,1,157341,157341
204745,0,2,2,214045,214045
204751,2,15,17,196484,196484
204753,0,1,1,229472,229472
204754,0,7,7,234409,234409
204762,0,11,11,224686,224686
204766,0,0,0,150579,150579
204768,0,8,8,96472,96472
204808,1,4,5,192699,192699
204853,0,0,0,232320,232320
204862,1,3,4,246178,246178
204863,0,2,2,134163,134163
204871,0,9,9,256580,256580
204872,1,19,20,244134,244134
204874,1,4,5,244799,244799
204881,0,4,4,258235,258235
204910,1,3,4,216866,216866
204927,0,4,4,198503,198503
204931,10,3,13,248738,248738
204932,6,14,20,76961,76961
204946,0,2,2,225054,225054
204983,3,9,12,150423,150423
205001,1,1,2,188367,188367
205020,3,14,17,206789,206789
205023,0,3,3,216998,216998
205072,0,4,4,229614,229614
205080,0,3,3,139647,139647
205098,0,0,0,183489,183489
205114,0,0,0,139737,139737
205155,0,1,1,238547,238547
205159,12,12,24,62456,62456
205170,0,3,3,243654,243654
205179,3,5,8,257197,257197
205208,1,13,14,162420,162420
205213,1,2,3,254804,254804
205214,0,1,1,168927,168927
205237,0,2,2,199723,199723
205247,0,2,2,154365,154365
205257,0,2,2,212734,212734
205282,3,7,10,193452,193452
205289,1,1,2,223005,223005
205292,5,19,24,252031,252031
205307,1,13,14,246133,246133
205323,2,2,4,242982,242982
205329,0,4,4,139334,139334
205346,1,2,3,253441,253441
205360,1,1,2,239950,239950
205375,0,3,3,160080,160080
205389,4,8,12,194145,194145
205399,0,3,3,143791,143791
205416,1,2,3,188688,188688
205427,1,1,2,249055,249055
205428,1,2,3,248771,248771
205433,0,5,5,234978,234978
205454,0,0,0,237917,237917
205465,4,9,13,204149,204149
205514,0,3,3,147123,147123
205561,1,3,4,237504,237504
205590,1,4,5,250946,250946
205614,0,6,6,254487,254487
205624,2,5,7,200428,200428
205627,1,5,6,159732,159732
205651,0,0,0,145451,145451
205656,1,5,6,225904,225904
205657,1,1,2,225962,225962
205668,3,4,7,240906,240906
205698,0,1,1,192047,192047
205703,1,8,9,223395,223395
205724,0,8,8,208821,208821
205737,0,2,2,121673,121673
205740,0,0,0,215920,215920
205759,1,8,9,64915,64915
205763,0,0,0,138772,138772
205787,1,1,2,26321,26321
205788,0,2,2,229911,229911
205791,0,1,1,256608,256608
205836,5,3,8,231328,231328
205847,0,4,4,231054,231054
205850,0,4,4,192504,192504
205864,0,0,0,2642,2642
205888,0,1,1,218528,218528
205891,1,3,4,69451,69451
205945,1,6,7,44425,44425
206014,3,5,8,253647,253647
206018,1,15,16,246328,246328
206059,0,2,2,209499,209499
206081,6,21,27,237800,237800
206087,2,3,5,142531,142531
206100,0,5,5,235985,235985
206125,0,1,1,175512,175512
206182,0,0,0,238180,238180
206206,1,1,2,250680,250680
206217,0,0,0,153305,153305
206224,1,5,6,117137,117137
206227,3,5,8,224449,224449
206229,4,5,9,243398,243398
206255,0,7,7,191608,191608
206276,1,2,3,225888,225888
206277,1,1,2,196296,196296
206302,0,9,9,242284,242284
206305,0,0,0,218543,218543
206310,1,4,5,245989,245989
206320,1,9,10,225520,225520
206326,1,3,4,205434,205434
206333,0,1,1,238149,238149
206354,11,30,41,59870,59870
206359,2,6,8,234897,234897
206361,2,15,17,144314,144314
206362,2,25,27,3314,3314
206364,1,4,5,155353,155353
206385,1,3,4,168676,168676
206392,8,11,19,26047,26047
206398,1,1,2,157168,157168
206406,2,8,10,211316,211316
206408,4,6,10,235695,235695
206412,1,12,13,218141,218141
206418,0,6,6,194251,194251
206428,0,0,0,227193,227193
206469,5,31,36,191989,191989
206483,2,6,8,249321,249321
206494,3,6,9,136916,136916
206498,1,8,9,224824,224824
206502,1,1,2,244343,244343
206506,5,7,12,150924,150924
206507,0,1,1,66164,66164
206523,0,1,1,140853,140853
206526,0,1,1,203622,203622
206569,1,12,13,186479,186479
206607,3,4,7,144080,144080
206629,0,0,0,208650,208650
206644,0,5,5,230271,230271
206684,0,0,0,172715,172715
206691,0,0,0,210032,210032
206703,0,4,4,152961,152961
206705,0,1,1,131696,131696
206712,2,3,5,221051,221051
206721,1,1,2,206931,206931
206723,0,4,4,246364,246364
206726,3,11,14,232323,232323
206748,0,1,1,201831,201831
206767,2,4,6,216351,216351
206794,0,1,1,226540,226540
206803,0,5,5,199850,199850
206828,1,4,5,129169,129169
206858,0,0,0,189865,189865
206869,0,8,8,222222,222222
206872,0,2,2,259106,259106
206874,1,34,35,169832,169832
206905,1,1,2,131169,131169
206924,0,1,1,253201,253201
206956,7,8,15,227704,227704
207033,0,4,4,205556,205556
207037,1,7,8,239535,239535
207047,1,2,3,177159,177159
207049,0,2,2,220445,220445
207059,0,7,7,131179,131179
207067,2,7,9,223630,223630
207077,0,1,1,202343,202343
207082,0,1,1,242912,242912
207088,3,8,11,190664,190664
207098,1,0,1,144931,144931
207121,0,11,11,68590,68590
207128,1,4,5,194414,194414
207157,0,1,1,255774,255774
207165,1,6,7,206591,206591
207169,6,35,41,160600,160600
207197,1,4,5,162535,162535
207199,1,11,12,229130,229130
207200,3,11,14,200028,200028
207203,4,13,17,243113,243113
207220,0,2,2,256713,256713
207229,2,1,3,244866,244866
207240,2,16,18,106978,106978
207241,2,2,4,101977,101977
207261,1,2,3,66002,66002
207273,0,2,2,198394,198394
207274,2,5,7,188010,188010
207285,1,3,4,229610,229610
207286,1,1,2,230504,230504
207289,1,7,8,225863,225863
207306,1,1,2,208828,208828
207336,5,4,9,204931,204931
207348,1,4,5,151540,151540
207385,2,13,15,104821,104821
207435,1,8,9,210998,210998
207456,0,1,1,250071,250071
207481,0,1,1,231625,231625
207491,1,2,3,183735,183735
207511,3,6,9,245202,245202
207513,0,3,3,245523,245523
207527,0,5,5,255353,255353
207541,0,0,0,156430,156430
207556,2,4,6,190444,190444
207564,0,8,8,148211,148211
207566,0,3,3,190645,190645
207581,1,6,7,188649,188649
207584,1,1,2,188390,188390
207586,0,0,0,179919,179919
207604,0,1,1,206608,206608
207625,0,2,2,188493,188493
207683,3,8,11,249904,249904
207686,1,7,8,221533,221533
207704,1,10,11,52099,52099
207705,1,14,15,150093,150093
207706,2,13,15,230771,230771
207707,2,15,17,7447,7447
207710,1,10,11,138609,138609
207711,10,12,22,77303,77303
207712,3,29,32,171976,171976
207713,2,3,5,245141,245141
207722,2,6,8,77489,77489
207728,3,8,11,59689,59689
207734,0,5,5,218991,218991
207756,3,5,8,199338,199338
207770,0,3,3,225787,225787
207778,2,4,6,217509,217509
207813,0,6,6,192266,192266
207815,0,4,4,197227,197227
207818,1,16,17,214569,214569
207822,3,3,6,185075,185075
207825,0,0,0,143689,143689
207837,1,2,3,243869,243869
207841,0,2,2,154983,154983
207884,0,1,1,143186,143186
207888,1,1,2,159894,159894
207889,0,5,5,201475,201475
207891,0,4,4,222750,222750
207905,0,0,0,240270,240270
207912,0,2,2,256862,256862
207930,0,0,0,219695,219695
207933,2,5,7,66201,66201
207934,1,4,5,195596,195596
207959,0,5,5,244780,244780
207990,0,1,1,226152,226152
207995,0,1,1,126070,126070
207999,0,2,2,192015,192015
208009,0,4,4,135547,135547
208017,0,4,4,227957,227957
208047,1,1,2,208173,208173
208078,0,3,3,237951,237951
208100,0,2,2,117715,117715
208121,1,6,7,178222,178222
208154,1,3,4,130544,130544
208157,0,8,8,247903,247903
208174,1,9,10,202189,202189
208188,1,3,4,243947,243947
208279,0,2,2,33546,33546
208307,1,5,6,172918,172918
208308,0,0,0,142840,142840
208309,0,5,5,154925,154925
208315,3,13,16,217202,217202
208327,9,12,21,122245,122245
208328,8,12,20,71323,71323
208335,0,2,2,175081,175081
208346,1,1,2,197680,197680
208348,0,7,7,246683,246683
208355,0,2,2,78183,78183
208361,1,5,6,91069,91069
208384,0,1,1,161489,161489
208385,0,1,1,155854,155854
208412,0,0,0,255799,255799
208424,0,2,2,150958,150958
208425,0,0,0,188463,188463
208437,0,3,3,226873,226873
208442,0,1,1,72987,72987
208470,1,3,4,147517,147517
208472,1,2,3,85521,85521
208473,1,5,6,143528,143528
208478,0,0,0,250270,250270
208505,0,1,1,67287,67287
208518,2,5,7,107036,107036
208552,0,3,3,193823,193823
208555,1,2,3,255819,255819
208577,0,5,5,230002,230002
208597,0,0,0,199147,199147
208623,0,3,3,72764,72764
208631,1,1,2,252124,252124
208641,6,23,29,73217,73217
208651,1,6,7,136566,136566
208666,8,30,38,172253,172253
208675,0,1,1,192115,192115
208681,1,12,13,215688,215688
208707,0,3,3,225480,225480
208716,2,14,16,74391,74391
208726,2,8,10,232195,232195
208733,3,5,8,240487,240487
208765,0,2,2,199220,199220
208785,9,5,14,234137,234137
208795,0,4,4,207573,207573
208797,0,0,0,149342,149342
208813,7,8,15,240677,240677
208821,1,3,4,229532,229532
208841,0,1,1,244918,244918
208863,11,16,27,113775,113775
208867,2,10,12,102327,102327
208901,0,1,1,137484,137484
208920,0,1,1,233736,233736
208940,1,6,7,221953,221953
208942,8,7,15,142068,142068
208947,1,3,4,192986,192986
208997,1,4,5,50005,50005
209038,1,2,3,152190,152190
209045,1,8,9,161891,161891
209078,0,2,2,234260,234260
209079,0,8,8,232956,232956
209102,0,12,12,214336,214336
209129,1,15,16,62741,62741
209134,0,4,4,202974,202974
209185,1,2,3,193854,193854
209187,1,3,4,222633,222633
209202,0,1,1,224706,224706
209213,2,2,4,244710,244710
209215,0,0,0,230336,230336
209218,0,17,17,192838,192838
209223,2,6,8,242236,242236
209250,0,0,0,233890,233890
209261,0,0,0,211888,211888
209262,0,3,3,197538,197538
209266,4,7,11,158833,158833
209272,1,6,7,142585,142585
209276,0,1,1,224844,224844
209311,0,1,1,132678,132678
209321,5,0,5,175613,175613
209338,0,1,1,251811,251811
209350,10,12,22,108688,108688
209358,2,11,13,230380,230380
209364,0,1,1,206339,206339
209374,0,5,5,136687,136687
209383,0,1,1,153580,153580
209384,0,6,6,231407,231407
209392,1,19,20,129456,129456
209399,0,1,1,200164,200164
209404,2,18,20,107680,107680
209425,0,0,0,197538,197538
209427,0,6,6,129126,129126
209441,0,5,5,171898,171898
209445,1,3,4,256776,256776
209474,0,21,21,55033,55033
209499,0,4,4,252229,252229
209525,0,0,0,185628,185628
209526,8,16,24,203443,203443
209528,17,23,40,146682,146682
209558,3,5,8,163993,163993
209560,3,6,9,214749,214749
209567,1,2,3,68364,68364
209601,0,2,2,131050,131050
209611,2,10,12,22170,22170
209613,2,16,18,155261,155261
209640,1,3,4,222886,222886
209641,1,1,2,184391,184391
209652,1,0,1,188626,188626
209664,0,3,3,68880,68880
209669,1,1,2,122085,122085
209671,3,11,14,241820,241820
209681,0,7,7,221078,221078
209683,0,4,4,250851,250851
209696,2,5,7,237177,237177
209700,1,2,3,239538,239538
209701,3,1,4,237887,237887
209703,2,4,6,243000,243000
209704,0,3,3,248987,248987
209707,0,4,4,197526,197526
209722,0,2,2,187821,187821
209729,0,1,1,225284,225284
209743,0,2,2,215001,215001
209777,1,13,14,208020,208020
209784,0,3,3,187100,187100
209797,2,6,8,121242,121242
209808,0,3,3,235902,235902
209821,3,11,14,212510,212510
209832,8,21,29,146051,146051
209841,1,3,4,234834,234834
209842,2,5,7,155823,155823
209850,2,2,4,181496,181496
209866,0,2,2,256029,256029
209886,0,3,3,190554,190554
209895,3,2,5,192577,192577
209978,2,4,6,203239,203239
210033,0,0,0,191827,191827
210063,2,10,12,132584,132584
210075,2,21,23,135232,135232
210089,0,4,4,138461,138461
210094,0,6,6,129877,129877
210096,0,7,7,252373,252373
210100,2,5,7,55352,55352
210119,1,2,3,66133,66133
210135,0,2,2,95814,95814
210156,1,5,6,195868,195868
210162,0,3,3,236995,236995
210174,5,6,11,254908,254908
210177,0,8,8,155810,155810
210182,0,3,3,191886,191886
210190,0,1,1,247905,247905
210196,0,0,0,211720,211720
210229,3,36,39,130503,130503
210252,0,3,3,249817,249817
210259,0,1,1,165241,165241
210319,0,2,2,228161,228161
210365,0,2,2,132452,132452
210367,1,2,3,125037,125037
210369,2,10,12,245585,245585
210375,1,2,3,255832,255832
210381,0,1,1,231262,231262
210390,0,4,4,189598,189598
210399,0,0,0,103662,103662
210419,1,3,4,190724,190724
210424,0,2,2,137014,137014
210436,1,34,35,164373,164373
210451,2,2,4,200503,200503
210452,1,2,3,232445,232445
210526,1,3,4,161301,161301
210586,1,4,5,194438,194438
210591,0,1,1,223617,223617
210601,1,10,11,225521,225521
210602,3,14,17,139140,139140
210608,2,5,7,218302,218302
210616,0,2,2,177053,177053
210651,5,30,35,141492,141492
210685,1,3,4,165610,165610
210712,0,1,1,242262,242262
210722,1,3,4,194339,194339
210738,0,3,3,193884,193884
210739,0,3,3,157340,157340
210746,1,11,12,252399,252399
210748,0,1,1,188926,188926
210770,2,6,8,244274,244274
210774,0,2,2,166963,166963
210778,0,1,1,194518,194518
210809,0,0,0,112452,112452
210811,0,1,1,243732,243732
210820,0,3,3,133024,133024
210822,0,1,1,142155,142155
210834,3,4,7,235570,235570
210837,0,5,5,148223,148223
210845,2,9,11,141709,141709
210850,1,1,2,186102,186102
210852,1,1,2,183398,183398
210859,1,2,3,248560,248560
210861,1,3,4,252640,252640
210891,0,3,3,234555,234555
210904,0,12,12,75012,75012
210905,0,14,14,57649,57649
210920,5,27,32,173047,173047
210923,0,3,3,251474,251474
210963,0,5,5,240097,240097
211011,0,6,6,148886,148886
211017,0,3,3,152212,152212
211020,0,3,3,138215,138215
211061,0,1,1,147753,147753
211129,5,10,15,247947,247947
211133,0,1,1,200527,200527
211171,5,12,17,230082,230082
211179,1,2,3,135566,135566
211180,1,2,3,177101,177101
211202,2,9,11,238622,238622
211207,4,6,10,195020,195020
211212,0,2,2,167712,167712
211222,4,4,8,241064,241064
211234,6,12,18,256289,256289
211235,5,16,21,142666,142666
211270,0,5,5,125048,125048
211276,1,4,5,224059,224059
211314,0,8,8,180576,180576
211323,2,2,4,135448,135448
211324,0,0,0,239174,239174
211327,0,1,1,156574,156574
211343,0,0,0,145868,145868
211344,0,5,5,198608,198608
211369,1,6,7,58999,58999
211392,0,3,3,230747,230747
211395,1,1,2,207372,207372
211400,0,2,2,172144,172144
211404,0,0,0,219099,219099
211414,0,1,1,218879,218879
211431,4,0,4,63353,63353
211434,0,2,2,257826,257826
211436,1,4,5,159291,159291
211454,0,2,2,102730,102730
211465,0,4,4,153059,153059
211477,0,3,3,133842,133842
211499,0,0,0,203177,203177
211506,2,12,14,156123,156123
211522,0,1,1,196207,196207
211529,0,1,1,69479,69479
211550,2,27,29,243400,243400
211574,1,6,7,229305,229305
211577,4,29,33,160193,160193
211600,2,3,5,154829,154829
211603,0,10,10,139122,139122
211607,2,4,6,194699,194699
211625,0,7,7,245486,245486
211640,1,2,3,53978,53978
211673,2,7,9,204792,204792
211680,0,14,14,151145,151145
211690,0,2,2,150356,150356
211701,0,1,1,50788,50788
211721,0,1,1,252687,252687
211729,0,2,2,156085,156085
211730,0,10,10,72664,72664
211740,1,7,8,76605,76605
211749,0,4,4,230547,230547
211753,0,6,6,207744,207744
211760,1,8,9,220432,220432
211761,1,5,6,200039,200039
211762,0,2,2,207450,207450
211783,0,4,4,233871,233871
211788,0,6,6,227480,227480
211803,1,3,4,144336,144336
211805,0,4,4,235781,235781
211812,1,4,5,212616,212616
211911,4,7,11,105742,105742
211942,1,3,4,167259,167259
211958,1,7,8,225473,225473
211969,0,2,2,191870,191870
211991,1,5,6,195360,195360
212003,0,3,3,237757,237757
212023,2,4,6,198367,198367
212039,1,3,4,247727,247727
212048,0,1,1,197152,197152
212067,0,1,1,204055,204055
212101,2,7,9,142653,142653
212125,0,8,8,154186,154186
212132,0,0,0,235868,235868
212156,0,6,6,26098,26098
212160,0,1,1,212234,212234
212163,0,2,2,109203,109203
212206,3,2,5,190637,190637
212207,0,4,4,242594,242594
212221,0,1,1,150198,150198
212237,1,3,4,135050,135050
212264,1,1,2,213076,213076
212282,1,5,6,161308,161308
212312,0,3,3,131520,131520
212323,0,10,10,203149,203149
212348,0,1,1,87500,87500
212353,1,3,4,143745,143745
212354,2,12,14,200215,200215
212363,0,1,1,72399,72399
212367,0,5,5,159703,159703
212402,0,1,1,208507,208507
212440,0,3,3,161042,161042
212485,0,3,3,191993,191993
212519,0,6,6,227691,227691
212549,2,8,10,237450,237450
212560,3,5,8,44013,44013
212571,0,6,6,238519,238519
212603,0,1,1,197507,197507
212610,1,26,27,214754,214754
212688,0,3,3,119119,119119
212694,0,24,24,185393,185393
212726,1,1,2,74146,74146
212775,1,5,6,251078,251078
212780,1,1,2,173837,173837
212781,3,3,6,55942,55942
212798,0,5,5,208665,208665
212799,0,4,4,252613,252613
212805,0,1,1,59507,59507
212855,0,4,4,250341,250341
212857,8,18,26,215692,215692
212866,0,2,2,73471,73471
212878,1,9,10,198984,198984
212891,1,0,1,136475,136475
212905,0,0,0,180431,180431
212912,0,3,3,214597,214597
212921,6,31,37,181212,181212
212971,1,1,2,188452,188452
212999,11,16,27,210502,210502
213012,0,2,2,199127,199127
213016,0,6,6,168665,168665
213029,0,8,8,232553,232553
213033,3,3,6,206962,206962
213034,0,3,3,243064,243064
213047,0,2,2,239441,239441
213068,0,1,1,211425,211425
213077,1,7,8,230164,230164
213086,0,3,3,217940,217940
213140,0,3,3,221331,221331
213160,3,12,15,187696,187696
213163,5,11,16,4966,4966
213164,0,2,2,142771,142771
213165,0,5,5,237023,237023
213193,0,2,2,160165,160165
213220,0,4,4,117338,117338
213228,0,2,2,135492,135492
213235,0,4,4,212238,212238
213236,0,2,2,198069,198069
213250,1,2,3,234816,234816
213254,1,3,4,173475,173475
213334,1,1,2,237827,237827
213341,1,7,8,236439,236439
213346,0,6,6,192223,192223
213352,0,4,4,204013,204013
213353,0,3,3,170736,170736
213358,4,6,10,251862,251862
213368,2,8,10,230646,230646
213389,2,2,4,84889,84889
213407,0,2,2,243113,243113
213439,0,3,3,68623,68623
213452,0,3,3,134166,134166
213461,0,1,1,224991,224991
213465,1,1,2,252666,252666
213503,0,2,2,182204,182204
213518,1,1,2,60734,60734
213519,2,2,4,51603,51603
213534,0,1,1,189227,189227
213590,0,5,5,246112,246112
213592,13,22,35,80011,80011
213601,1,3,4,158434,158434
213602,0,1,1,247429,247429
213629,1,1,2,256029,256029
213664,2,5,7,207067,207067
213678,8,28,36,246322,246322
213680,2,14,16,147501,147501
213693,0,0,0,151589,151589
213704,0,9,9,244488,244488
213717,1,1,2,198676,198676
213723,0,2,2,224257,224257
213730,0,1,1,191306,191306
213744,0,6,6,147401,147401
213749,0,1,1,148339,148339
213753,2,9,11,124201,124201
213776,0,2,2,141116,141116
213788,0,5,5,221129,221129
213792,0,10,10,73281,73281
213817,0,4,4,145998,145998
213832,0,5,5,243985,243985
213862,0,2,2,233345,233345
213879,0,6,6,244128,244128
213880,0,4,4,149157,149157
213881,0,0,0,252726,252726
213889,1,1,2,232950,232950
213891,0,5,5,137846,137846
213896,0,0,0,184165,184165
213897,2,4,6,75179,75179
213934,1,2,3,207920,207920
213939,0,0,0,238805,238805
213944,1,3,4,210036,210036
213956,1,0,1,195153,195153
213965,5,11,16,194893,194893
213972,1,4,5,187818,187818
213991,11,19,30,105453,105453
214009,0,1,1,222274,222274
214014,0,2,2,130629,130629
214025,4,4,8,73445,73445
214026,2,6,8,198157,198157
214027,1,6,7,194795,194795
214032,0,3,3,197957,197957
214036,0,36,36,134325,134325
214041,0,10,10,143412,143412
214042,0,10,10,69658,69658
214043,2,11,13,257247,257247
214046,0,13,13,65994,65994
214047,1,8,9,146662,146662
214056,1,7,8,152707,152707
214059,0,12,12,235042,235042
214078,0,4,4,159995,159995
214082,0,2,2,153609,153609
214087,1,11,12,37597,37597
214092,3,11,14,125171,125171
214097,2,17,19,214885,214885
214099,1,9,10,161053,161053
214133,1,22,23,152442,152442
214141,0,1,1,221753,221753
214161,0,0,0,158270,158270
214170,0,7,7,194069,194069
214178,1,6,7,191189,191189
214181,0,6,6,196898,196898
214189,0,4,4,193797,193797
214193,1,1,2,151452,151452
214204,0,0,0,192597,192597
214205,0,0,0,207445,207445
214259,2,7,9,210984,210984
214262,0,2,2,206787,206787
214328,0,1,1,212410,212410
214330,0,2,2,193215,193215
214335,0,1,1,141532,141532
214358,3,10,13,200593,200593
214380,0,1,1,194365,194365
214391,0,0,0,241428,241428
214408,3,18,21,147016,147016
214433,0,0,0,179821,179821
214444,0,10,10,156957,156957
214455,1,15,16,128047,128047
214479,0,2,2,120690,120690
214480,1,0,1,119214,119214
214507,0,2,2,66111,66111
214584,2,2,4,234812,234812
214597,2,5,7,176360,176360
214614,4,6,10,144216,144216
214646,0,4,4,190540,190540
214671,2,3,5,244246,244246
214683,0,7,7,225732,225732
214724,0,3,3,142703,142703
214765,0,0,0,109766,109766
214766,1,1,2,202383,202383
214768,1,8,9,217856,217856
214799,1,13,14,154604,154604
214812,1,1,2,206617,206617
214857,1,1,2,61718,61718
214860,0,3,3,243316,243316
214878,0,0,0,236112,236112
214880,1,2,3,100356,100356
214887,0,11,11,240202,240202
214924,0,0,0,221457,221457
214943,0,4,4,234847,234847
214955,0,6,6,246861,246861
214963,0,2,2,229681,229681
214999,0,2,2,66477,66477
215024,0,2,2,74683,74683
215038,1,5,6,198951,198951
215052,0,2,2,231670,231670
215057,0,12,12,149345,149345
215090,1,4,5,73127,73127
215114,1,4,5,209067,209067
215116,0,3,3,175583,175583
215120,1,0,1,237912,237912
215140,3,8,11,212775,212775
215153,1,11,12,191028,191028
215171,0,1,1,77938,77938
215192,0,4,4,250769,250769
215198,1,1,2,220973,220973
215207,0,1,1,227869,227869
215213,1,5,6,167234,167234
215231,1,2,3,174979,174979
215260,1,6,7,137542,137542
215276,1,6,7,160731,160731
215294,1,4,5,199179,199179
215295,4,17,21,225491,225491
215369,0,7,7,257376,257376
215382,2,17,19,234369,234369
215383,2,3,5,196548,196548
215401,6,20,26,228118,228118
215409,0,2,2,238555,238555
215415,0,2,2,235983,235983
215416,1,3,4,204521,204521
215421,2,2,4,235441,235441
215445,0,2,2,193426,193426
215484,0,3,3,239110,239110
215486,2,3,5,163612,163612
215510,0,1,1,230854,230854
215566,0,0,0,200819,200819
215601,4,6,10,230131,230131
215612,1,1,2,161599,161599
215613,1,9,10,161370,161370
215650,0,0,0,212710,212710
215662,6,46,52,155173,155173
215673,1,10,11,91099,91099
215675,1,7,8,56316,56316
215681,1,3,4,136202,136202
215682,3,18,21,193055,193055
215694,6,5,11,236558,236558
215711,0,0,0,222121,222121
215729,0,16,16,239336,239336
215778,0,3,3,144531,144531
215780,0,4,4,231075,231075
215785,1,3,4,69131,69131
215801,0,2,2,239535,239535
215810,0,0,0,243703,243703
215859,0,1,1,75680,75680
215875,2,0,2,209705,209705
215895,1,3,4,200729,200729
215932,3,20,23,186237,186237
215936,0,1,1,150880,150880
215944,0,0,0,238013,238013
215967,1,0,1,99279,99279
215978,0,2,2,191227,191227
215982,1,1,2,228045,228045
215987,0,1,1,134588,134588
215993,0,5,5,193015,193015
215997,0,2,2,225631,225631
216008,0,18,18,247998,247998
216023,1,3,4,217503,217503
216048,3,2,5,155771,155771
216053,1,13,14,147639,147639
216055,2,0,2,193759,193759
216056,7,12,19,210952,210952
216058,0,4,4,163873,163873
216073,0,2,2,161529,161529
216094,0,2,2,203859,203859
216105,0,1,1,240048,240048
216119,1,4,5,231496,231496
216126,0,15,15,203553,203553
216135,0,2,2,245645,245645
216145,2,3,5,244607,244607
216150,0,9,9,111555,111555
216159,0,19,19,228640,228640
216183,0,5,5,135490,135490
216203,3,2,5,232976,232976
216205,5,17,22,219386,219386
216211,1,15,16,64939,64939
216213,1,6,7,229014,229014
216214,0,1,1,132747,132747
216271,3,16,19,163910,163910
216272,0,0,0,246969,246969
216273,0,1,1,191434,191434
216279,0,9,9,257178,257178
216280,0,0,0,244722,244722
216323,0,4,4,230709,230709
216344,0,4,4,149561,149561
216345,6,7,13,86461,86461
216348,0,0,0,85622,85622
216358,1,4,5,122382,122382
216365,1,4,5,79926,79926
216369,3,11,14,200423,200423
216374,15,20,35,67983,67983
216391,1,1,2,176692,176692
216407,0,6,6,238595,238595
216411,1,2,3,252882,252882
216413,1,11,12,227239,227239
216444,1,1,2,208235,208235
216447,2,3,5,206559,206559
216455,0,2,2,236479,236479
216464,0,0,0,226584,226584
216483,3,5,8,17525,17525
216494,0,1,1,253083,253083
216507,0,0,0,181797,181797
216515,1,4,5,194164,194164
216557,5,8,13,254748,254748
216565,1,0,1,204470,204470
216570,0,1,1,194221,194221
216573,1,0,1,181571,181571
216602,5,15,20,41062,41062
216623,0,0,0,123090,123090
216644,0,0,0,241844,241844
216655,4,5,9,202933,202933
216690,0,4,4,142599,142599
216707,1,6,7,237118,237118
216708,1,5,6,235885,235885
216772,0,0,0,257438,257438
216817,0,3,3,56467,56467
216877,0,2,2,149412,149412
216891,1,1,2,254220,254220
216924,1,9,10,196298,196298
216940,2,24,26,195429,195429
216955,2,3,5,228591,228591
216988,0,1,1,242667,242667
216998,1,2,3,138146,138146
217029,0,10,10,67323,67323
217097,0,4,4,171906,171906
217103,1,1,2,184973,184973
217104,1,1,2,185270,185270
217136,0,1,1,145360,145360
217151,4,6,10,250791,250791
217157,0,2,2,157598,157598
217184,0,0,0,234963,234963
217192,0,12,12,150328,150328
217209,0,1,1,240800,240800
217226,1,3,4,130258,130258
217255,0,2,2,204248,204248
217263,0,0,0,248289,248289
217265,0,8,8,221263,221263
217322,2,8,10,54783,54783
217335,2,4,6,157418,157418
217352,0,4,4,232854,232854
217366,1,2,3,135571,135571
217370,3,2,5,129054,129054
217381,2,11,13,124192,124192
217388,18,19,37,127998,127998
217390,0,1,1,150663,150663
217396,0,2,2,196877,196877
217413,0,4,4,197188,197188
217443,1,5,6,146705,146705
217450,0,3,3,193280,193280
217462,0,1,1,201277,201277
217467,1,5,6,103231,103231
217493,1,4,5,227527,227527
217506,0,1,1,202899,202899
217509,2,3,5,227280,227280
217514,1,2,3,147669,147669
217536,0,5,5,155903,155903
217572,0,0,0,244040,244040
217577,1,3,4,188520,188520
217581,0,10,10,162158,162158
217599,0,0,0,241334,241334
217621,0,1,1,216571,216571
217626,0,3,3,216106,216106
217654,1,14,15,254687,254687
217712,0,3,3,193397,193397
217719,0,2,2,154490,154490
217736,0,2,2,164801,164801
217744,0,6,6,172843,172843
217755,2,3,5,247542,247542
217766,2,6,8,227924,227924
217821,0,15,15,255827,255827
217822,1,4,5,237254,237254
217828,0,3,3,63491,63491
217841,0,3,3,221234,221234
217851,0,9,9,233840,233840
217864,1,19,20,155806,155806
217884,0,5,5,237041,237041
217906,2,2,4,136023,136023
217948,0,1,1,66035,66035
217962,1,8,9,145013,145013
217972,0,1,1,62357,62357
217986,1,7,8,199459,199459
218015,1,12,13,189685,189685
218024,0,3,3,196833,196833
218035,1,1,2,237657,237657
218038,0,3,3,189200,189200
218059,1,3,4,218567,218567
218062,2,3,5,192782,192782
218064,0,0,0,189578,189578
218065,0,2,2,188974,188974
218072,2,3,5,229287,229287
218073,1,3,4,229266,229266
218083,2,5,7,182531,182531
218098,0,5,5,159978,159978
218100,0,0,0,219939,219939
218113,0,19,19,196260,196260
218117,0,5,5,241150,241150
218125,0,6,6,156884,156884
218128,0,1,1,237180,237180
218142,0,4,4,153902,153902
218158,0,2,2,243376,243376
218167,0,5,5,190821,190821
218174,1,3,4,110305,110305
218191,2,7,9,194594,194594
218193,1,6,7,205896,205896
218210,1,12,13,189808,189808
218218,1,7,8,197016,197016
218227,1,2,3,192487,192487
218242,0,2,2,228192,228192
218264,1,12,13,238185,238185
218314,0,1,1,254640,254640
218320,0,4,4,102482,102482
218321,1,1,2,143754,143754
218331,0,3,3,236863,236863
218345,1,3,4,201547,201547
218369,0,0,0,195866,195866
218402,0,1,1,229316,229316
218418,1,4,5,145276,145276
218423,0,0,0,141780,141780
218425,2,4,6,168771,168771
218433,5,7,12,135757,135757
218437,0,1,1,199446,199446
218444,1,3,4,218529,218529
218450,0,5,5,139650,139650
218465,0,0,0,154066,154066
218481,2,5,7,231030,231030
218492,0,5,5,237724,237724
218524,0,3,3,149757,149757
218540,0,6,6,240932,240932
218569,0,1,1,192907,192907
218584,1,4,5,28438,28438
218606,0,3,3,222346,222346
218612,0,4,4,242854,242854
218623,0,3,3,232220,232220
218626,0,2,2,227586,227586
218659,4,8,12,145757,145757
218662,5,22,27,150694,150694
218663,2,10,12,243538,243538
218667,0,6,6,156285,156285
218679,2,7,9,231035,231035
218732,0,1,1,237892,237892
218735,0,1,1,150277,150277
218740,3,1,4,197344,197344
218742,3,3,6,197115,197115
218744,0,2,2,244390,244390
218751,0,3,3,208707,208707
218757,1,4,5,229091,229091
218783,2,8,10,151771,151771
218791,0,3,3,238686,238686
218796,3,3,6,252309,252309
218799,2,2,4,220665,220665
218828,0,0,0,131764,131764
218835,0,6,6,173014,173014
218838,0,5,5,191379,191379
218842,1,0,1,164469,164469
218853,1,8,9,154913,154913
218857,0,0,0,236534,236534
218865,0,0,0,193701,193701
218869,0,1,1,246212,246212
218871,0,6,6,203152,203152
218876,0,2,2,205201,205201
218896,0,5,5,162531,162531
218916,0,1,1,152545,152545
218945,0,4,4,221038,221038
218964,1,10,11,220169,220169
218992,0,3,3,198741,198741
218996,0,0,0,160080,160080
219007,0,4,4,74785,74785
219037,4,5,9,220041,220041
219047,0,4,4,154392,154392
219050,1,2,3,192622,192622
219058,1,4,5,198813,198813
219085,1,3,4,248167,248167
219118,2,2,4,240531,240531
219143,1,4,5,222948,222948
219175,0,0,0,254197,254197
219187,0,3,3,178192,178192
219218,0,1,1,55267,55267
219242,0,5,5,210714,210714
219262,4,2,6,217246,217246
219287,1,2,3,147996,147996
219303,3,0,3,69627,69627
219325,0,1,1,148797,148797
219336,2,4,6,188928,188928
219340,0,2,2,199534,199534
219343,1,2,3,134623,134623
219345,0,15,15,150335,150335
219372,0,0,0,198015,198015
219403,1,3,4,161484,161484
219410,2,8,10,150841,150841
219416,0,10,10,242537,242537
219455,4,21,25,245135,245135
219478,1,5,6,228025,228025
219490,4,29,33,73694,73694
219512,0,3,3,178787,178787
219514,0,4,4,232589,232589
219546,0,4,4,246171,246171
219551,1,14,15,113621,113621
219577,0,1,1,238518,238518
219627,0,4,4,179483,179483
219634,2,16,18,203298,203298
219674,1,10,11,192217,192217
219679,0,4,4,250336,250336
219714,0,2,2,198343,198343
219730,1,1,2,235479,235479
219754,1,2,3,146946,146946
219755,1,2,3,150045,150045
219774,0,3,3,63950,63950
219784,0,2,2,198787,198787
219792,0,6,6,127743,127743
219803,2,4,6,247038,247038
219809,2,4,6,239167,239167
219842,1,1,2,106969,106969
219883,0,1,1,120198,120198
219884,0,0,0,190021,190021
219887,0,1,1,192683,192683
219901,1,4,5,203184,203184
219921,0,4,4,202621,202621
219928,0,4,4,192833,192833
219929,0,1,1,212630,212630
219951,0,0,0,154205,154205
219952,1,3,4,126136,126136
219960,0,2,2,232029,232029
220017,0,2,2,195796,195796
220020,1,2,3,138747,138747
220026,2,6,8,193775,193775
220046,0,4,4,198346,198346
220050,0,4,4,192407,192407
220165,1,2,3,152344,152344
220169,0,3,3,142576,142576
220181,0,6,6,135810,135810
220184,0,2,2,213135,213135
220206,0,1,1,139378,139378
220209,0,2,2,179620,179620
220244,0,3,3,230113,230113
220271,0,4,4,196111,196111
220273,0,4,4,217137,217137
220296,0,0,0,220974,220974
220316,0,1,1,234159,234159
220324,2,4,6,140903,140903
220331,1,8,9,134476,134476
220352,0,5,5,204962,204962
220380,1,1,2,210919,210919
220401,0,0,0,206080,206080
220412,3,9,12,236751,236751
220512,0,2,2,170532,170532
220523,0,4,4,53395,53395
220550,0,0,0,198115,198115
220557,2,6,8,75091,75091
220581,1,1,2,154259,154259
220591,0,22,22,163766,163766
220622,1,3,4,194319,194319
220638,0,13,13,214630,214630
220678,0,1,1,242795,242795
220686,0,2,2,241234,241234
220688,1,2,3,190711,190711
220725,0,4,4,226646,226646
220762,0,2,2,231270,231270
220784,0,3,3,234558,234558
220794,1,2,3,190632,190632
220796,2,11,13,84277,84277
220798,0,1,1,195423,195423
220804,5,1,6,207533,207533
220817,1,1,2,155614,155614
220823,0,3,3,228397,228397
220830,1,2,3,108957,108957
220861,0,2,2,153620,153620
220871,0,1,1,146892,146892
220872,0,8,8,232792,232792
220886,0,5,5,165340,165340
220892,0,0,0,218224,218224
220906,0,2,2,180781,180781
220918,1,19,20,149201,149201
220936,0,4,4,180140,180140
220937,0,15,15,227528,227528
220939,1,2,3,152588,152588
220945,2,13,15,244717,244717
220949,7,24,31,219904,219904
220950,0,4,4,168634,168634
220951,0,7,7,245242,245242
220954,3,19,22,56944,56944
220957,1,14,15,119065,119065
220959,3,17,20,247263,247263
220962,3,25,28,194689,194689
221006,0,2,2,202143,202143
221017,2,2,4,242215,242215
221068,1,9,10,193833,193833
221069,0,4,4,66649,66649
221093,0,0,0,216681,216681
221100,1,9,10,159601,159601
221106,0,0,0,218447,218447
221113,1,7,8,134780,134780
221128,0,0,0,257012,257012
221134,0,1,1,243940,243940
221164,1,7,8,133839,133839
221185,1,5,6,215922,215922
221210,0,1,1,237387,237387
221224,0,5,5,245623,245623
221226,0,3,3,127554,127554
221232,1,1,2,221514,221514
221254,1,4,5,184559,184559
221293,1,3,4,241598,241598
221294,4,6,10,149215,149215
221339,3,7,10,66009,66009
221342,0,5,5,187567,187567
221346,0,1,1,193132,193132
221360,0,7,7,197244,197244
221389,0,2,2,243877,243877
221415,2,7,9,250692,250692
221416,5,9,14,224880,224880
221430,2,11,13,65011,65011
221448,1,10,11,161577,161577
221449,6,6,12,153711,153711
221455,0,0,0,207991,207991
221458,4,3,7,242419,242419
221492,2,6,8,148079,148079
221496,0,2,2,59685,59685
221513,0,0,0,189981,189981
221526,0,17,17,135018,135018
221594,0,1,1,238764,238764
221641,0,4,4,247305,247305
221645,2,2,4,114635,114635
221646,0,1,1,153900,153900
221648,1,0,1,175222,175222
221657,1,3,4,245237,245237
221663,1,1,2,245951,245951
221689,2,19,21,179540,179540
221700,0,3,3,181385,181385
221701,0,5,5,215639,215639
221730,0,1,1,191743,191743
221733,0,7,7,217849,217849
221773,10,13,23,251822,251822
221777,9,15,24,156493,156493
221786,0,2,2,204126,204126
221793,0,2,2,217359,217359
221794,0,5,5,200211,200211
221802,0,9,9,243124,243124
221820,0,3,3,234223,234223
221823,0,2,2,68519,68519
221845,0,0,0,235717,235717
221849,0,1,1,119486,119486
221853,0,2,2,195078,195078
221874,5,11,16,162638,162638
221884,1,3,4,231231,231231
221927,0,1,1,199398,199398
221950,0,2,2,232976,232976
221999,0,4,4,242089,242089
222046,0,2,2,236997,236997
222048,2,2,4,165498,165498
222054,0,4,4,257657,257657
222083,1,1,2,187723,187723
222096,0,0,0,140681,140681
222111,0,7,7,231059,231059
222172,0,3,3,220893,220893
222198,4,4,8,166518,166518
222199,4,4,8,155878,155878
222222,0,0,0,206969,206969
222236,0,4,4,192889,192889
222270,0,4,4,140539,140539
222311,1,2,3,235326,235326
222312,2,2,4,119326,119326
222321,0,3,3,154299,154299
222374,0,4,4,193295,193295
222375,0,0,0,257961,257961
222388,5,11,16,170109,170109
222390,8,6,14,249646,249646
222405,0,2,2,165428,165428
222421,0,1,1,82642,82642
222454,0,6,6,196892,196892
222484,1,3,4,159542,159542
222498,0,0,0,246575,246575
222500,1,2,3,230876,230876
222533,0,8,8,1486,1486
222535,0,3,3,201463,201463
222562,3,4,7,246257,246257
222576,0,2,2,250535,250535
222589,0,0,0,179854,179854
222597,0,1,1,202216,202216
222604,0,0,0,149505,149505
222606,0,0,0,254119,254119
222607,1,0,1,173094,173094
222621,0,0,0,169644,169644
222628,0,2,2,201187,201187
222633,0,2,2,242958,242958
222637,2,3,5,153328,153328
222649,0,0,0,147663,147663
222663,0,2,2,21412,21412
222689,0,6,6,227395,227395
222710,0,0,0,202975,202975
222724,0,2,2,189859,189859
222728,0,3,3,154290,154290
222735,0,9,9,249234,249234
222741,0,0,0,210917,210917
222755,1,3,4,160598,160598
222771,1,3,4,146957,146957
222814,0,4,4,234895,234895
222831,0,4,4,60223,60223
222846,2,3,5,242398,242398
222851,0,10,10,156744,156744
222869,1,3,4,151234,151234
222874,4,4,8,240652,240652
222880,9,13,22,225041,225041
222902,0,17,17,152423,152423
222926,0,7,7,141446,141446
223009,0,0,0,224750,224750
223018,0,3,3,221093,221093
223029,4,10,14,166166,166166
223054,1,37,38,194550,194550
223075,0,6,6,226276,226276
223096,2,5,7,151862,151862
223104,0,1,1,236002,236002
223125,3,18,21,43999,43999
223135,0,5,5,237867,237867
223140,3,4,7,231866,231866
223143,0,5,5,44762,44762
223155,1,8,9,239421,239421
223161,0,13,13,189566,189566
223179,0,2,2,241255,241255
223258,0,5,5,191270,191270
223291,0,5,5,185606,185606
223332,0,3,3,161945,161945
223369,0,0,0,149553,149553
223425,0,0,0,188556,188556
223484,0,5,5,248206,248206
223498,1,6,7,237231,237231
223527,2,2,4,226078,226078
223543,1,4,5,198122,198122
223546,0,5,5,237057,237057
223581,0,0,0,178799,178799
223602,0,5,5,100058,100058
223655,1,4,5,213931,213931
223726,1,1,2,58630,58630
223757,0,0,0,206870,206870
223758,0,1,1,194876,194876
223767,2,33,35,133858,133858
223789,5,6,11,172,172
223793,0,5,5,217296,217296
223800,0,12,12,258903,258903
223808,1,6,7,201435,201435
223818,1,6,7,44474,44474
223854,1,1,2,225396,225396
223910,0,1,1,193395,193395
223914,2,5,7,59789,59789
223917,0,3,3,66523,66523
223940,0,1,1,128165,128165
223944,0,4,4,221769,221769
223979,0,1,1,231739,231739
224006,0,0,0,116191,116191
224009,0,0,0,241733,241733
224019,0,1,1,208096,208096
224023,0,5,5,168506,168506
224077,1,7,8,231080,231080
224135,1,8,9,150364,150364
224154,0,3,3,221471,221471
224157,1,12,13,137561,137561
224166,0,1,1,238085,238085
224172,0,2,2,240677,240677
224184,0,0,0,193120,193120
224186,0,2,2,193966,193966
224189,0,0,0,243105,243105
224197,0,0,0,185940,185940
224218,0,11,11,155296,155296
224237,0,1,1,75351,75351
224276,0,0,0,245790,245790
224277,0,4,4,243474,243474
224282,0,3,3,163071,163071
224293,0,2,2,202365,202365
224297,0,1,1,220524,220524
224307,0,2,2,157389,157389
224334,1,1,2,178525,178525
224368,0,6,6,203663,203663
224382,0,2,2,227129,227129
224385,0,1,1,248398,248398
224432,0,2,2,222564,222564
224480,9,6,15,2533,2533
224520,0,9,9,234201,234201
224527,0,15,15,255652,255652
224532,1,1,2,201979,201979
224553,0,0,0,245886,245886
224557,0,4,4,241800,241800
224567,1,3,4,218875,218875
224595,2,3,5,75927,75927
224603,0,4,4,75996,75996
224604,0,5,5,238671,238671
224608,1,5,6,231826,231826
224666,1,3,4,254437,254437
224670,0,5,5,240032,240032
224671,0,1,1,150666,150666
224681,0,4,4,240343,240343
224701,3,14,17,188561,188561
224705,2,1,3,227588,227588
224707,2,1,3,149286,149286
224711,6,6,12,125773,125773
224737,7,6,13,181875,181875
224747,1,1,2,127984,127984
224751,0,0,0,197606,197606
224757,0,2,2,243060,243060
224777,0,6,6,161854,161854
224790,1,1,2,234847,234847
224824,0,5,5,239247,239247
224857,0,9,9,202833,202833
224879,1,14,15,109823,109823
224882,1,2,3,141955,141955
224900,2,2,4,184156,184156
224922,1,8,9,228615,228615
224926,0,0,0,221157,221157
224959,3,4,7,161212,161212
224969,0,1,1,232289,232289
224970,0,2,2,193648,193648
224987,0,0,0,191255,191255
225016,0,1,1,252749,252749
225017,0,1,1,233788,233788
225036,1,5,6,162908,162908
225078,0,0,0,145779,145779
225101,0,3,3,154306,154306
225103,0,2,2,165572,165572
225111,1,3,4,237974,237974
225113,1,1,2,214841,214841
225122,0,2,2,67767,67767
225126,0,3,3,191939,191939
225227,1,8,9,133070,133070
225239,4,11,15,191835,191835
225252,0,10,10,134773,134773
225254,0,3,3,132538,132538
225261,0,0,0,125719,125719
225283,1,2,3,217261,217261
225286,0,2,2,136559,136559
225311,0,7,7,158848,158848
225418,1,5,6,139533,139533
225423,0,8,8,237720,237720
225454,0,2,2,256230,256230
225455,0,2,2,197528,197528
225461,1,6,7,227534,227534
225467,1,1,2,172058,172058
225478,0,4,4,221266,221266
225522,0,3,3,200152,200152
225528,0,4,4,157897,157897
225539,3,10,13,225577,225577
225547,3,6,9,135057,135057
225563,0,11,11,153780,153780
225566,2,1,3,211073,211073
225572,1,13,14,66102,66102
225576,0,2,2,240189,240189
225608,3,11,14,193215,193215
225609,0,8,8,246877,246877
225633,0,0,0,145665,145665
225700,0,0,0,158386,158386
225707,2,3,5,236609,236609
225714,0,4,4,69905,69905
225725,0,2,2,190727,190727
225729,0,3,3,242920,242920
225740,0,5,5,239710,239710
225768,0,2,2,252606,252606
225791,9,9,18,114491,114491
225833,0,0,0,168848,168848
225851,0,4,4,148157,148157
225859,1,5,6,250887,250887
225874,0,1,1,99999,99999
225894,1,7,8,183220,183220
225919,1,1,2,222996,222996
225920,1,3,4,160975,160975
225949,0,5,5,240095,240095
226001,0,2,2,190655,190655
226005,0,6,6,190555,190555
226043,0,3,3,197215,197215
226078,1,23,24,142121,142121
226098,0,2,2,155964,155964
226102,0,0,0,224756,224756
226133,0,0,0,71920,71920
226161,1,1,2,235737,235737
226183,0,12,12,228089,228089
226205,0,0,0,187948,187948
226207,0,0,0,243069,243069
226208,4,9,13,222818,222818
226236,0,2,2,196888,196888
226262,1,1,2,244377,244377
226304,3,3,6,92036,92036
226372,0,0,0,73756,73756
226374,0,3,3,239980,239980
226406,0,2,2,135240,135240
226421,2,4,6,231582,231582
226456,1,2,3,258604,258604
226474,0,4,4,228937,228937
226475,3,6,9,208498,208498
226499,0,1,1,189810,189810
226500,0,0,0,172401,172401
226536,1,11,12,192740,192740
226540,0,1,1,196217,196217
226555,0,2,2,61312,61312
226556,1,1,2,218206,218206
226560,1,2,3,227706,227706
226566,0,1,1,106667,106667
226575,2,10,12,106020,106020
226579,0,3,3,191200,191200
226623,0,2,2,252384,252384
226642,0,2,2,252324,252324
226653,6,6,12,146896,146896
226677,1,2,3,78470,78470
226694,0,3,3,181108,181108
226695,1,5,6,131298,131298
226698,1,5,6,191643,191643
226700,0,1,1,232172,232172
226735,0,5,5,156119,156119
226742,0,0,0,180694,180694
226749,0,0,0,244220,244220
226760,1,13,14,190073,190073
226803,1,0,1,10906,10906
226820,0,0,0,193181,193181
226828,2,7,9,190840,190840
226857,0,2,2,209692,209692
226861,1,4,5,190363,190363
226895,0,4,4,226929,226929
226899,0,0,0,234331,234331
226910,0,1,1,193935,193935
226947,1,1,2,188444,188444
227028,0,17,17,135664,135664
227044,1,2,3,195359,195359
227045,0,0,0,257857,257857
227060,0,1,1,227561,227561
227061,0,2,2,228507,228507
227065,0,10,10,243729,243729
227075,0,2,2,230676,230676
227124,1,11,12,208055,208055
227136,0,4,4,194555,194555
227159,0,0,0,237627,237627
227199,0,2,2,216395,216395
227235,4,9,13,133946,133946
227242,0,2,2,136906,136906
227257,2,2,4,138650,138650
227261,0,1,1,163807,163807
227263,0,5,5,221360,221360
227266,0,1,1,178573,178573
227280,0,1,1,182525,182525
227300,2,14,16,210697,210697
227305,1,5,6,194380,194380
227306,0,2,2,156675,156675
227321,6,7,13,26241,26241
227327,0,3,3,203416,203416
227353,0,0,0,194588,194588
227378,0,2,2,199955,199955
227379,1,4,5,221027,221027
227395,2,9,11,106631,106631
227411,0,3,3,211277,211277
227421,1,6,7,227336,227336
227429,3,10,13,232147,232147
227432,0,0,0,123396,123396
227448,0,1,1,251419,251419
227453,0,8,8,190858,190858
227458,0,4,4,203796,203796
227491,0,0,0,197122,197122
227528,0,3,3,215776,215776
227535,0,3,3,209486,209486
227540,0,0,0,228174,228174
227547,0,16,16,160291,160291
227552,7,46,53,245857,245857
227558,0,0,0,47559,47559
227562,1,7,8,239273,239273
227582,3,11,14,256261,256261
227587,1,12,13,193788,193788
227603,1,0,1,192015,192015
227613,0,0,0,246421,246421
227656,1,4,5,243589,243589
227665,1,6,7,233693,233693
227697,0,1,1,192601,192601
227757,0,7,7,226959,226959
227759,0,3,3,209947,209947
227765,0,1,1,169398,169398
227774,2,6,8,112385,112385
227808,1,3,4,192727,192727
227835,1,1,2,229379,229379
227878,1,1,2,237482,237482
227889,1,0,1,153247,153247
227891,0,0,0,222442,222442
227895,3,5,8,140809,140809
227899,0,0,0,218085,218085
227921,4,1,5,186994,186994
227940,0,3,3,217060,217060
227943,0,2,2,255275,255275
227951,0,0,0,155098,155098
227961,1,3,4,229247,229247
227974,0,1,1,175695,175695
227983,0,12,12,181078,181078
227988,1,10,11,141780,141780
227991,0,7,7,197456,197456
228000,0,2,2,155202,155202
228059,0,3,3,209057,209057
228102,2,1,3,164663,164663
228110,0,3,3,191719,191719
228123,0,15,15,162060,162060
228125,0,3,3,143379,143379
228126,1,0,1,131804,131804
228135,0,3,3,161672,161672
228148,2,2,4,66052,66052
228149,1,1,2,222287,222287
228166,0,0,0,231707,231707
228182,2,2,4,156512,156512
228183,2,3,5,156487,156487
228184,2,3,5,156421,156421
228200,1,5,6,222262,222262
228201,0,5,5,153637,153637
228260,0,3,3,196862,196862
228269,0,2,2,145262,145262
228294,0,1,1,155158,155158
228295,0,0,0,188615,188615
228311,8,13,21,15104,15104
228362,0,22,22,250584,250584
228379,0,8,8,79336,79336
228395,0,2,2,116705,116705
228404,0,1,1,138085,138085
228410,1,1,2,250045,250045
228427,0,7,7,254968,254968
228449,0,1,1,191118,191118
228518,0,1,1,245374,245374
228528,0,2,2,216775,216775
228535,0,0,0,222189,222189
228557,3,10,13,71505,71505
228591,23,39,62,196410,196410
228604,15,20,35,189546,189546
228608,2,2,4,148565,148565
228613,0,0,0,106513,106513
228632,5,6,11,227642,227642
228633,1,6,7,150022,150022
228637,2,7,9,190041,190041
228655,0,4,4,249755,249755
228656,3,6,9,67467,67467
228672,7,25,32,134573,134573
228699,0,0,0,230972,230972
228702,0,4,4,161889,161889
228707,0,2,2,234345,234345
228724,0,1,1,162212,162212
228749,1,1,2,232200,232200
228776,1,1,2,211521,211521
228805,0,3,3,156909,156909
228816,0,7,7,136336,136336
228854,1,9,10,153276,153276
228866,2,5,7,246448,246448
228873,1,3,4,190962,190962
228885,1,5,6,237675,237675
228896,0,2,2,152167,152167
228909,0,1,1,213717,213717
228913,0,1,1,220268,220268
228914,6,12,18,142124,142124
228918,0,2,2,142760,142760
228947,0,3,3,246180,246180
228981,1,1,2,251606,251606
228998,0,0,0,157266,157266
229006,0,0,0,136421,136421
229025,2,10,12,165666,165666
229041,1,2,3,247439,247439
229055,2,2,4,170608,170608
229057,0,5,5,180564,180564
229083,0,3,3,14822,14822
229121,3,6,9,106573,106573
229163,0,1,1,196159,196159
229172,0,7,7,135350,135350
229207,1,0,1,129830,129830
229230,1,7,8,67121,67121
229243,0,1,1,152388,152388
229266,0,5,5,160192,160192
229279,0,6,6,208893,208893
229299,0,4,4,150054,150054
229305,0,4,4,167296,167296
229316,0,0,0,231715,231715
229331,0,8,8,149788,149788
229353,0,2,2,192983,192983
229359,0,0,0,142013,142013
229367,1,12,13,217235,217235
229376,0,4,4,199759,199759
229396,0,1,1,237506,237506
229409,2,7,9,235748,235748
229447,0,5,5,227962,227962
229468,0,1,1,161649,161649
229474,1,1,2,228349,228349
229477,0,1,1,190281,190281
229485,4,4,8,243332,243332
229489,0,5,5,149632,149632
229527,0,0,0,159564,159564
229563,0,2,2,153500,153500
229566,0,28,28,149723,149723
229573,2,3,5,247560,247560
229600,1,1,2,168097,168097
229624,0,1,1,66498,66498
229627,0,0,0,230818,230818
229639,0,0,0,165510,165510
229649,0,0,0,129756,129756
229684,0,2,2,191823,191823
229691,2,4,6,81330,81330
229706,0,2,2,66114,66114
229707,0,3,3,193834,193834
229731,0,1,1,206297,206297
229732,0,2,2,208457,208457
229742,0,4,4,196362,196362
229752,0,0,0,179761,179761
229757,1,5,6,184804,184804
229793,0,2,2,218513,218513
229823,1,5,6,175824,175824
229839,1,11,12,131790,131790
229857,0,1,1,160697,160697
229884,0,0,0,238959,238959
229885,0,14,14,139919,139919
229912,2,2,4,97678,97678
229941,0,1,1,152197,152197
229944,0,2,2,235567,235567
229950,1,4,5,131027,131027
229953,5,18,23,144046,144046
229960,0,3,3,154957,154957
229965,1,6,7,250195,250195
229976,0,1,1,146848,146848
229978,0,4,4,193805,193805
229983,0,1,1,146847,146847
229988,0,1,1,179633,179633
230026,0,1,1,240229,240229
230030,0,7,7,130779,130779
230063,4,11,15,131150,131150
230067,0,2,2,192860,192860
230079,1,3,4,193310,193310
230100,0,5,5,224358,224358
230104,0,0,0,196383,196383
230105,1,2,3,192175,192175
230106,1,1,2,191563,191563
230107,0,2,2,193114,193114
230115,2,10,12,125990,125990
230122,3,4,7,225817,225817
230147,0,0,0,71203,71203
230172,1,2,3,160021,160021
230175,0,4,4,165516,165516
230214,1,1,2,210063,210063
230217,0,1,1,131625,131625
230234,1,3,4,150259,150259
230235,0,4,4,248985,248985
230243,1,1,2,258293,258293
230245,0,5,5,191182,191182
230248,2,13,15,173030,173030
230259,0,1,1,164952,164952
230276,0,1,1,66197,66197
230282,2,6,8,237881,237881
230303,0,3,3,247119,247119
230309,0,1,1,203367,203367
230311,1,4,5,191007,191007
230350,3,6,9,195669,195669
230370,7,6,13,134839,134839
230373,0,1,1,173447,173447
230408,0,5,5,140708,140708
230450,0,4,4,163611,163611
230462,0,1,1,66000,66000
230465,0,7,7,237100,237100
230470,0,0,0,162305,162305
230472,2,3,5,150646,150646
230483,1,2,3,66076,66076
230491,1,1,2,143029,143029
230503,1,1,2,192593,192593
230539,0,7,7,134844,134844
230541,0,5,5,89421,89421
230553,1,1,2,159875,159875
230614,1,0,1,138956,138956
230622,0,3,3,131411,131411
230659,1,6,7,218049,218049
230684,4,16,20,218953,218953
230686,0,2,2,192705,192705
230701,0,3,3,197380,197380
230727,0,0,0,137078,137078
230752,0,3,3,223668,223668
230753,0,1,1,81616,81616
230758,0,1,1,168125,168125
230760,0,3,3,167213,167213
230761,0,0,0,211522,211522
230771,0,3,3,137430,137430
230859,0,1,1,225749,225749
230868,0,4,4,249792,249792
230872,1,17,18,200006,200006
230889,2,2,4,179946,179946
230906,1,6,7,234576,234576
230958,4,18,22,245810,245810
230960,0,0,0,142353,142353
230962,0,2,2,254505,254505
230967,0,4,4,195141,195141
230971,0,8,8,238163,238163
231017,0,0,0,169466,169466
231036,0,3,3,143666,143666
231050,0,1,1,250027,250027
231054,0,1,1,143947,143947
231065,1,4,5,164719,164719
231103,0,1,1,194149,194149
231117,0,5,5,134140,134140
231128,0,0,0,231418,231418
231189,0,0,0,177204,177204
231275,1,3,4,191116,191116
231277,0,7,7,142894,142894
231315,0,9,9,256307,256307
231318,1,2,3,224411,224411
231320,1,1,2,191816,191816
231328,0,1,1,231303,231303
231330,1,3,4,228864,228864
231354,0,4,4,230260,230260
231362,0,0,0,233590,233590
231369,2,19,21,167733,167733
231371,0,0,0,176907,176907
231411,0,0,0,162213,162213
231415,5,15,20,238374,238374
231416,0,4,4,154441,154441
231426,1,0,1,211313,211313
231469,0,0,0,182158,182158
231474,0,1,1,245476,245476
231475,2,2,4,222792,222792
231476,1,2,3,162122,162122
231486,1,6,7,217506,217506
231506,4,50,54,188335,188335
231514,1,8,9,220056,220056
231521,0,0,0,188451,188451
231540,0,1,1,227938,227938
231549,0,0,0,163565,163565
231553,0,1,1,186298,186298
231560,0,3,3,240959,240959
231567,0,3,3,193709,193709
231570,0,3,3,166387,166387
231574,11,18,29,188755,188755
231601,1,0,1,171469,171469
231609,0,3,3,244655,244655
231652,0,2,2,199378,199378
231685,0,1,1,223354,223354
231725,0,1,1,126211,126211
231765,3,10,13,230379,230379
231788,0,1,1,202754,202754
231815,1,0,1,226609,226609
231868,0,5,5,126028,126028
231873,1,4,5,214292,214292
231884,0,15,15,118034,118034
231918,0,0,0,49725,49725
231919,0,1,1,176221,176221
231936,4,7,11,246182,246182
231937,2,5,7,142690,142690
231955,1,6,7,199586,199586
231957,24,25,49,160925,160925
231965,5,4,9,239579,239579
231966,1,2,3,243522,243522
231973,0,1,1,225064,225064
231976,0,3,3,235540,235540
231979,0,2,2,238605,238605
232001,1,3,4,165040,165040
232003,2,4,6,148212,148212
232004,10,8,18,251323,251323
232007,3,4,7,220359,220359
232009,4,6,10,251270,251270
232010,1,1,2,152706,152706
232023,3,2,5,134618,134618
232031,1,3,4,252529,252529
232083,0,1,1,233303,233303
232087,0,4,4,150246,150246
232118,0,0,0,220785,220785
232122,0,0,0,194884,194884
232186,1,11,12,237871,237871
232205,1,9,10,138391,138391
232218,0,4,4,208454,208454
232220,2,8,10,136550,136550
232235,5,15,20,180185,180185
232237,8,12,20,136801,136801
232242,0,0,0,224720,224720
232270,0,0,0,215550,215550
232287,0,17,17,239820,239820
232290,0,1,1,252983,252983
232294,0,4,4,184179,184179
232316,0,3,3,120390,120390
232338,0,1,1,196863,196863
232353,0,4,4,168422,168422
232356,0,0,0,207785,207785
232361,1,2,3,179352,179352
232378,0,2,2,245843,245843
232379,0,1,1,243470,243470
232390,0,2,2,191693,191693
232442,3,18,21,222739,222739
232451,0,3,3,137990,137990
232456,0,0,0,241314,241314
232470,1,10,11,216629,216629
232481,1,6,7,147500,147500
232490,0,1,1,225812,225812
232492,0,0,0,193100,193100
232501,1,6,7,134462,134462
232519,0,3,3,130724,130724
232521,1,1,2,135317,135317
232574,1,8,9,220829,220829
232575,1,17,18,251486,251486
232580,0,1,1,233965,233965
232644,1,6,7,196064,196064
232707,0,4,4,242624,242624
232742,0,0,0,230835,230835
232751,0,6,6,141495,141495
232754,0,0,0,112558,112558
232762,0,9,9,116384,116384
232769,2,17,19,150789,150789
232775,0,2,2,192318,192318
232778,0,3,3,143261,143261
232798,1,2,3,136475,136475
232822,0,2,2,245164,245164
232834,0,0,0,81162,81162
232850,4,25,29,27545,27545
232851,2,2,4,154328,154328
232866,0,7,7,236906,236906
232868,1,3,4,108469,108469
232891,0,0,0,52072,52072
232893,0,0,0,217288,217288
232907,1,15,16,246611,246611
232928,0,6,6,123900,123900
232941,1,8,9,209027,209027
232978,2,6,8,195396,195396
232980,1,10,11,243105,243105
232981,1,39,40,83460,83460
233033,1,25,26,256233,256233
233037,1,1,2,257128,257128
233045,0,6,6,138546,138546
233047,1,1,2,112768,112768
233051,3,6,9,257974,257974
233056,4,6,10,222555,222555
233092,0,3,3,215095,215095
233128,1,2,3,76627,76627
233135,0,9,9,129673,129673
233160,0,7,7,238431,238431
233208,3,3,6,204807,204807
233229,0,1,1,166847,166847
233297,4,8,12,245677,245677
233300,0,1,1,252951,252951
233318,1,1,2,176156,176156
233335,2,2,4,199309,199309
233350,0,2,2,141627,141627
233358,0,1,1,126334,126334
233368,0,2,2,246289,246289
233395,0,1,1,165727,165727
233404,8,46,54,51603,51603
233415,1,1,2,202240,202240
233446,3,4,7,250322,250322
233452,4,11,15,187774,187774
233521,0,4,4,258143,258143
233547,1,6,7,157086,157086
233567,2,3,5,237605,237605
233572,0,3,3,187059,187059
233601,1,2,3,168314,168314
233654,0,1,1,255793,255793
233663,0,1,1,77438,77438
233675,0,0,0,137319,137319
233679,0,0,0,172990,172990
233687,0,0,0,154042,154042
233730,0,4,4,55368,55368
233755,0,2,2,205571,205571
233776,0,10,10,234760,234760
233778,0,15,15,155797,155797
233815,0,2,2,192473,192473
233816,0,1,1,239986,239986
233817,1,15,16,208406,208406
233847,0,2,2,229145,229145
233867,0,7,7,180293,180293
233889,0,5,5,181556,181556
233897,0,4,4,252504,252504
233923,0,1,1,251279,251279
233944,0,2,2,178578,178578
233959,1,10,11,146999,146999
234003,0,1,1,68047,68047
234066,1,8,9,125969,125969
234089,0,2,2,249962,249962
234092,0,0,0,188404,188404
234106,0,3,3,202440,202440
234108,0,2,2,199692,199692
234140,0,2,2,147712,147712
234142,0,3,3,173255,173255
234208,0,0,0,159250,159250
234216,1,4,5,256443,256443
234231,1,6,7,195949,195949
234242,0,1,1,212862,212862
234244,1,2,3,148443,148443
234276,1,6,7,246665,246665
234286,5,2,7,186835,186835
234299,4,11,15,244886,244886
234302,2,19,21,145183,145183
234305,0,2,2,66959,66959
234308,0,0,0,203833,203833
234311,0,1,1,228605,228605
234316,0,3,3,217377,217377
234322,0,4,4,198153,198153
234351,4,14,18,202064,202064
234388,3,29,32,158931,158931
234404,1,6,7,188335,188335
234406,13,10,23,235609,235609
234408,0,0,0,203305,203305
234418,1,11,12,204650,204650
234422,0,1,1,198717,198717
234449,1,5,6,233365,233365
234481,0,4,4,235719,235719
234492,0,0,0,172709,172709
234499,1,3,4,221605,221605
234502,1,1,2,131740,131740
234508,0,2,2,66094,66094
234511,0,3,3,145516,145516
234513,1,30,31,158899,158899
234519,0,1,1,193149,193149
234560,1,2,3,208073,208073
234561,0,2,2,155349,155349
234582,1,3,4,76737,76737
234594,1,1,2,180054,180054
234614,1,7,8,134072,134072
234621,6,6,12,77502,77502
234622,10,87,97,147054,147054
234644,1,1,2,161130,161130
234651,1,5,6,242874,242874
234652,1,3,4,243157,243157
234663,1,2,3,192859,192859
234664,2,4,6,194285,194285
234668,0,0,0,155235,155235
234670,0,0,0,103599,103599
234687,1,3,4,173131,173131
234705,0,7,7,217531,217531
234706,0,4,4,229352,229352
234707,3,0,3,167962,167962
234713,0,1,1,240175,240175
234725,1,1,2,171424,171424
234731,2,2,4,214073,214073
234742,0,0,0,231316,231316
234748,4,3,7,258017,258017
234767,1,3,4,235570,235570
234776,0,2,2,145387,145387
234789,0,0,0,188468,188468
234798,7,15,22,146044,146044
234807,0,3,3,151867,151867
234849,0,0,0,130879,130879
234850,1,8,9,207572,207572
234871,2,9,11,226688,226688
234883,0,8,8,194668,194668
234909,0,1,1,197506,197506
234931,0,5,5,197177,197177
234945,0,11,11,222913,222913
234952,0,5,5,146349,146349
234955,0,2,2,71915,71915
234973,1,19,20,240338,240338
234992,1,1,2,218654,218654
234993,0,2,2,250677,250677
235001,0,0,0,241394,241394
235010,0,2,2,203649,203649
235079,0,0,0,241516,241516
235112,2,4,6,171890,171890
235123,0,1,1,248341,248341
235136,0,0,0,237002,237002
235140,0,1,1,138401,138401
235150,0,0,0,245353,245353
235155,0,8,8,237066,237066
235189,0,1,1,155997,155997
235204,2,6,8,246335,246335
235206,4,27,31,133960,133960
235214,0,2,2,197408,197408
235233,0,1,1,200504,200504
235235,1,1,2,213546,213546
235245,1,8,9,247837,247837
235265,0,24,24,248284,248284
235272,1,1,2,124372,124372
235278,1,1,2,189283,189283
235279,0,0,0,239837,239837
235296,0,3,3,69045,69045
235305,0,1,1,206040,206040
235306,0,0,0,225486,225486
235326,0,0,0,192066,192066
235332,0,2,2,164219,164219
235341,0,0,0,175963,175963
235343,1,2,3,151209,151209
235346,1,6,7,193385,193385
235353,2,11,13,191686,191686
235376,1,4,5,245798,245798
235379,4,6,10,234184,234184
235383,3,14,17,147401,147401
235384,7,17,24,234148,234148
235392,1,4,5,190920,190920
235395,0,0,0,63215,63215
235399,4,8,12,63574,63574
235406,0,4,4,211438,211438
235413,0,3,3,246185,246185
235421,1,14,15,167588,167588
235422,1,5,6,224928,224928
235425,1,4,5,237381,237381
235439,0,4,4,215868,215868
235445,1,10,11,146491,146491
235455,0,2,2,197191,197191
235471,1,1,2,226295,226295
235473,2,13,15,149617,149617
235475,0,4,4,193564,193564
235498,0,0,0,217746,217746
235529,0,2,2,155468,155468
235568,0,4,4,200897,200897
235587,0,2,2,220425,220425
235619,1,4,5,121904,121904
235624,0,4,4,218507,218507
235655,2,1,3,156459,156459
235686,0,0,0,160190,160190
235687,0,0,0,161592,161592
235712,0,3,3,82806,82806
235716,0,0,0,241229,241229
235733,0,3,3,199575,199575
235741,1,1,2,159650,159650
235753,0,1,1,192791,192791
235758,0,2,2,249237,249237
235795,0,5,5,89906,89906
235800,0,0,0,214752,214752
235811,0,0,0,131286,131286
235819,0,0,0,161930,161930
235825,0,3,3,238601,238601
235844,0,4,4,134976,134976
235858,0,4,4,238049,238049
235873,1,1,2,235863,235863
235880,0,1,1,243533,243533
235890,0,19,19,129958,129958
235901,0,5,5,149755,149755
235919,0,1,1,227926,227926
235937,0,2,2,191044,191044
235957,1,2,3,4173,4173
235998,0,1,1,137183,137183
236024,0,0,0,161690,161690
236029,1,2,3,231779,231779
236052,0,5,5,192956,192956
236064,1,1,2,72382,72382
236066,1,2,3,215901,215901
236069,0,1,1,257461,257461
236079,1,6,7,150416,150416
236113,0,16,16,86168,86168
236114,0,1,1,211111,211111
236128,0,2,2,156386,156386
236131,1,2,3,192484,192484
236134,1,1,2,201787,201787
236189,4,10,14,186065,186065
236226,0,0,0,157774,157774
236230,0,0,0,237323,237323
236249,1,2,3,151463,151463
236269,1,14,15,242859,242859
236273,0,5,5,232016,232016
236306,1,3,4,236267,236267
236328,2,1,3,125961,125961
236346,1,13,14,242959,242959
236352,0,43,43,188814,188814
236354,3,5,8,133933,133933
236360,0,3,3,177402,177402
236377,0,2,2,256145,256145
236398,1,1,2,159691,159691
236401,1,3,4,156651,156651
236405,4,9,13,131276,131276
236406,2,5,7,54650,54650
236416,1,7,8,147304,147304
236420,1,7,8,229244,229244
236423,0,1,1,63277,63277
236427,0,3,3,221431,221431
236449,0,0,0,175046,175046
236452,0,10,10,190889,190889
236469,0,2,2,215103,215103
236487,0,3,3,193918,193918
236501,0,7,7,200173,200173
236563,0,3,3,206663,206663
236600,0,0,0,130794,130794
236661,0,6,6,221683,221683
236692,0,1,1,191380,191380
236698,0,6,6,237070,237070
236722,0,0,0,220593,220593
236756,2,8,10,204041,204041
236757,1,5,6,143467,143467
236781,0,5,5,158697,158697
236793,0,4,4,142223,142223
236795,0,5,5,243558,243558
236826,0,4,4,161851,161851
236840,0,5,5,142069,142069
236846,0,1,1,203025,203025
236847,0,3,3,203526,203526
236849,4,12,16,221633,221633
236853,0,4,4,136293,136293
236865,1,3,4,238306,238306
236892,0,7,7,133654,133654
236928,0,2,2,210670,210670
236937,1,1,2,190663,190663
236959,0,0,0,185375,185375
236980,0,2,2,186243,186243
236981,0,0,0,221108,221108
236987,0,1,1,189647,189647
236996,0,3,3,223713,223713
237008,0,2,2,166154,166154
237029,0,0,0,224179,224179
237032,0,0,0,222938,222938
237049,0,3,3,196508,196508
237059,1,3,4,108917,108917
237069,5,21,26,121091,121091
237145,0,0,0,175129,175129
237163,0,6,6,239935,239935
237167,0,1,1,157995,157995
237189,0,6,6,258205,258205
237200,2,13,15,253979,253979
237206,1,4,5,199677,199677
237207,2,1,3,200133,200133
237208,0,1,1,193014,193014
237211,0,1,1,119268,119268
237221,0,3,3,66346,66346
237226,2,2,4,205920,205920
237229,0,1,1,214701,214701
237239,0,0,0,231732,231732
237276,1,16,17,188088,188088
237277,3,1,4,206227,206227
237289,0,1,1,253162,253162
237322,0,12,12,251061,251061
237324,0,0,0,188457,188457
237326,2,3,5,210248,210248
237329,0,4,4,224320,224320
237366,0,0,0,94230,94230
237381,0,4,4,154060,154060
237388,0,1,1,237881,237881
237389,1,5,6,146931,146931
237393,0,3,3,165644,165644
237404,0,2,2,209349,209349
237411,0,0,0,173425,173425
237415,0,0,0,94416,94416
237428,1,2,3,231792,231792
237429,1,1,2,232767,232767
237432,2,4,6,188726,188726
237436,1,2,3,188790,188790
237451,0,0,0,161310,161310
237462,2,6,8,168400,168400
237473,0,0,0,151775,151775
237541,3,7,10,235400,235400
237543,10,21,31,228227,228227
237548,2,3,5,242321,242321
237554,1,6,7,195334,195334
237556,1,3,4,192959,192959
237580,4,2,6,196158,196158
237582,1,6,7,226042,226042
237677,1,1,2,233485,233485
237700,0,2,2,156459,156459
237705,0,2,2,219042,219042
237709,3,8,11,199148,199148
237711,0,0,0,191666,191666
237751,0,1,1,159652,159652
237786,0,2,2,234742,234742
237794,0,1,1,198982,198982
237811,0,0,0,173941,173941
237814,1,1,2,136744,136744
237815,1,4,5,213793,213793
237818,0,0,0,154452,154452
237827,1,2,3,207538,207538
237831,0,0,0,165001,165001
237849,0,3,3,163692,163692
237887,0,0,0,187688,187688
237892,2,0,2,243012,243012
237903,11,25,36,225970,225970
237922,12,3,15,199187,199187
237926,1,0,1,199745,199745
237969,3,15,18,188756,188756
237971,1,9,10,148057,148057
237978,0,2,2,198924,198924
237980,0,26,26,239036,239036
237987,0,2,2,31784,31784
237996,0,3,3,200402,200402
238003,1,2,3,139969,139969
238010,0,0,0,251113,251113
238018,0,2,2,230047,230047
238034,1,3,4,212099,212099
238037,0,2,2,235411,235411
238047,1,5,6,231112,231112
238061,0,1,1,206457,206457
238096,1,9,10,216184,216184
238098,0,2,2,235832,235832
238107,3,8,11,184710,184710
238112,1,1,2,239689,239689
238133,0,0,0,188638,188638
238134,0,0,0,188488,188488
238145,0,4,4,224074,224074
238147,3,9,12,221855,221855
238176,0,10,10,157500,157500
238266,2,7,9,183088,183088
238270,0,7,7,178835,178835
238308,1,4,5,136552,136552
238353,1,1,2,140190,140190
238416,0,1,1,224771,224771
238448,0,2,2,199565,199565
238481,1,2,3,75340,75340
238494,0,0,0,235564,235564
238501,0,1,1,229268,229268
238511,0,4,4,213215,213215
238540,0,3,3,159483,159483
238543,1,2,3,185358,185358
238548,0,1,1,207311,207311
238549,1,3,4,213210,213210
238552,1,1,2,232788,232788
238558,1,2,3,138922,138922
238559,0,6,6,125965,125965
238570,7,9,16,151595,151595
238576,3,2,5,239113,239113
238593,0,3,3,188670,188670
238607,0,0,0,232539,232539
238616,0,7,7,207480,207480
238619,1,1,2,158114,158114
238633,0,1,1,240891,240891
238641,1,1,2,164934,164934
238649,0,1,1,257639,257639
238660,0,1,1,245594,245594
238661,0,1,1,201342,201342
238678,0,0,0,188499,188499
238710,0,3,3,195320,195320
238743,0,0,0,66566,66566
238756,2,5,7,144956,144956
238757,2,2,4,188767,188767
238758,2,3,5,143150,143150
238771,0,2,2,242671,242671
238798,0,2,2,93177,93177
238832,0,2,2,227995,227995
238848,1,5,6,255941,255941
238911,0,3,3,68973,68973
238933,0,1,1,198019,198019
238959,1,0,1,188441,188441
238960,0,0,0,169210,169210
238987,0,10,10,244216,244216
239004,2,11,13,251061,251061
239011,1,13,14,237837,237837
239024,0,7,7,132145,132145
239030,0,0,0,234630,234630
239052,0,1,1,60457,60457
239056,0,2,2,246767,246767
239062,1,10,11,214706,214706
239074,1,5,6,66800,66800
239091,0,1,1,234204,234204
239093,1,2,3,140854,140854
239103,0,4,4,135342,135342
239121,0,0,0,220891,220891
239144,0,2,2,66859,66859
239152,1,7,8,188391,188391
239175,0,0,0,231238,231238
239177,0,3,3,146962,146962
239180,0,1,1,93010,93010
239186,0,6,6,221021,221021
239198,0,0,0,179244,179244
239201,0,2,2,148870,148870
239203,0,3,3,73618,73618
239204,0,4,4,188038,188038
239210,1,3,4,142938,142938
239213,0,7,7,187115,187115
239215,0,7,7,168674,168674
239218,0,1,1,156274,156274
239226,0,2,2,202495,202495
239228,0,3,3,231887,231887
239277,0,2,2,158207,158207
239307,1,1,2,201473,201473
239418,0,0,0,203677,203677
239484,0,0,0,225667,225667
239510,0,1,1,170904,170904
239512,0,2,2,187192,187192
239526,12,15,27,164303,164303
239538,3,4,7,157338,157338
239552,3,11,14,160736,160736
239589,0,2,2,227884,227884
239596,0,7,7,147702,147702
239597,0,5,5,226551,226551
239608,0,4,4,134373,134373
239624,0,5,5,216510,216510
239638,0,3,3,94216,94216
239654,0,1,1,130338,130338
239657,1,2,3,154506,154506
239666,0,0,0,247169,247169
239682,0,1,1,252839,252839
239684,0,1,1,238672,238672
239694,1,6,7,177145,177145
239721,2,1,3,242055,242055
239812,0,2,2,144564,144564
239825,1,2,3,157301,157301
239829,0,1,1,72891,72891
239867,5,5,10,121991,121991
239925,0,2,2,248493,248493
239935,1,8,9,160754,160754
239940,2,6,8,223575,223575
239950,1,1,2,221337,221337
239964,0,0,0,142555,142555
240006,0,4,4,231973,231973
240008,4,9,13,151699,151699
240032,1,1,2,243362,243362
240034,2,4,6,243548,243548
240051,0,3,3,252486,252486
240055,0,2,2,250492,250492
240062,1,4,5,237041,237041
240100,1,1,2,191540,191540
240144,0,3,3,231066,231066
240148,0,3,3,213776,213776
240158,1,4,5,153776,153776
240172,0,4,4,191350,191350
240191,0,0,0,220845,220845
240220,0,5,5,233720,233720
240286,0,4,4,138374,138374
240301,1,5,6,241179,241179
240304,0,1,1,135159,135159
240306,0,2,2,189984,189984
240327,0,11,11,166910,166910
240334,1,5,6,134498,134498
240338,3,9,12,245628,245628
240345,1,11,12,190852,190852
240377,0,2,2,188999,188999
240382,0,18,18,221861,221861
240383,2,5,7,250221,250221
240441,0,3,3,204057,204057
240451,0,4,4,232003,232003
240470,1,3,4,195359,195359
240490,0,7,7,120611,120611
240495,1,5,6,198662,198662
240503,0,0,0,227578,227578
240516,0,0,0,210433,210433
240520,0,5,5,222153,222153
240527,0,0,0,232337,232337
240547,0,1,1,67814,67814
240572,0,11,11,236263,236263
240588,0,5,5,230182,230182
240631,1,5,6,252871,252871
240633,0,0,0,198152,198152
240638,4,10,14,240160,240160
240646,2,3,5,136354,136354
240647,4,8,12,221770,221770
240695,0,0,0,139926,139926
240705,2,7,9,236828,236828
240709,0,5,5,136529,136529
240711,0,4,4,162776,162776
240717,0,4,4,233675,233675
240719,0,0,0,214963,214963
240728,0,2,2,196009,196009
240738,1,5,6,148623,148623
240768,0,5,5,255780,255780
240770,0,1,1,158898,158898
240790,0,2,2,127608,127608
240799,0,1,1,222266,222266
240804,0,0,0,246670,246670
240854,0,0,0,214414,214414
240870,1,1,2,256987,256987
240879,0,0,0,171941,171941
240880,0,0,0,183510,183510
240889,1,10,11,153580,153580
240896,0,6,6,69915,69915
240898,0,2,2,104547,104547
240922,0,3,3,66838,66838
240929,2,4,6,212949,212949
240932,0,0,0,112815,112815
240949,0,0,0,136590,136590
240985,1,6,7,23360,23360
240987,4,5,9,142735,142735
240998,0,0,0,199374,199374
241012,0,0,0,132084,132084
241016,2,1,3,171362,171362
241062,4,12,16,192144,192144
241064,1,2,3,143596,143596
241085,1,4,5,243253,243253
241109,1,4,5,215127,215127
241136,1,2,3,244001,244001
241143,0,0,0,240071,240071
241163,0,1,1,216438,216438
241204,0,2,2,144550,144550
241213,0,6,6,247723,247723
241222,2,0,2,141912,141912
241240,0,0,0,195394,195394
241264,0,3,3,223130,223130
241313,0,0,0,190971,190971
241331,0,1,1,108121,108121
241334,1,2,3,257342,257342
241355,0,0,0,161546,161546
241356,0,1,1,213562,213562
241374,1,1,2,190620,190620
241385,0,3,3,223453,223453
241395,0,1,1,185397,185397
241407,0,4,4,229245,229245
241408,5,6,11,222265,222265
241416,0,8,8,238312,238312
241427,0,6,6,122319,122319
241432,0,1,1,246168,246168
241453,0,1,1,235240,235240
241463,0,1,1,224481,224481
241506,1,1,2,246377,246377
241508,0,7,7,248074,248074
241536,13,10,23,256524,256524
241561,0,0,0,227445,227445
241562,0,1,1,150122,150122
241592,0,4,4,215143,215143
241613,2,7,9,174797,174797
241614,2,5,7,165851,165851
241617,4,8,12,140719,140719
241628,0,1,1,187628,187628
241635,0,1,1,207452,207452
241644,0,2,2,220985,220985
241645,0,10,10,152004,152004
241652,3,7,10,198298,198298
241680,0,2,2,234336,234336
241685,0,3,3,204978,204978
241693,0,6,6,202744,202744
241731,0,4,4,141522,141522
241739,0,1,1,108937,108937
241765,0,3,3,256355,256355
241776,8,7,15,88192,88192
241782,0,4,4,229953,229953
241785,3,13,16,235683,235683
241799,0,1,1,233101,233101
241811,4,15,19,239020,239020
241812,0,7,7,250945,250945
241817,0,2,2,180950,180950
241818,0,1,1,180523,180523
241831,0,4,4,256288,256288
241832,0,4,4,198696,198696
241836,1,11,12,98622,98622
241854,0,17,17,206907,206907
241874,2,9,11,167630,167630
241878,1,1,2,132148,132148
241884,2,6,8,206141,206141
241885,0,3,3,166524,166524
241892,3,5,8,143301,143301
241893,1,17,18,244589,244589
241940,1,1,2,136093,136093
241946,0,3,3,228358,228358
241972,0,2,2,240717,240717
241991,1,2,3,195100,195100
241997,0,3,3,241010,241010
242022,1,3,4,256563,256563
242029,0,16,16,252022,252022
242069,0,2,2,233665,233665
242082,0,0,0,149933,149933
242084,0,5,5,192227,192227
242089,0,2,2,61224,61224
242094,0,1,1,228001,228001
242104,0,2,2,155414,155414
242119,0,2,2,250709,250709
242126,1,5,6,131709,131709
242149,0,1,1,150134,150134
242165,2,2,4,84625,84625
242168,0,0,0,188425,188425
242191,1,2,3,232821,232821
242204,0,1,1,179483,179483
242234,0,1,1,24936,24936
242261,0,1,1,44524,44524
242274,2,5,7,202508,202508
242293,0,5,5,183222,183222
242294,0,8,8,191955,191955
242304,0,9,9,150440,150440
242347,1,1,2,107449,107449
242386,2,2,4,12509,12509
242429,0,3,3,151191,151191
242462,0,0,0,180607,180607
242494,4,4,8,249264,249264
242520,0,0,0,98748,98748
242523,0,0,0,67229,67229
242525,1,1,2,235719,235719
242555,0,3,3,231921,231921
242567,0,4,4,216945,216945
242583,2,7,9,147785,147785
242588,3,19,22,134011,134011
242626,0,1,1,71859,71859
242671,0,0,0,221076,221076
242700,0,4,4,249999,249999
242702,0,0,0,242735,242735
242724,0,1,1,66984,66984
242744,0,7,7,142220,142220
242756,2,5,7,257976,257976
242778,0,1,1,163685,163685
242782,0,1,1,147716,147716
242792,0,1,1,141571,141571
242800,0,0,0,160406,160406
242808,1,0,1,243148,243148
242812,0,0,0,70444,70444
242817,0,3,3,238422,238422
242821,1,1,2,234639,234639
242822,2,5,7,227943,227943
242826,0,0,0,195367,195367
242832,2,1,3,135514,135514
242840,2,3,5,52608,52608
242859,0,0,0,174442,174442
242869,0,0,0,182884,182884
242871,0,1,1,247519,247519
242875,2,1,3,147750,147750
242888,0,1,1,237969,237969
242896,1,6,7,153184,153184
242903,0,2,2,231418,231418
242909,0,2,2,209823,209823
242910,0,2,2,222146,222146
242932,1,1,2,159116,159116
242934,3,14,17,146570,146570
242935,2,7,9,148398,148398
242937,0,4,4,243912,243912
242959,0,1,1,129169,129169
242999,0,3,3,143574,143574
243000,0,2,2,200629,200629
243007,1,3,4,153313,153313
243019,1,0,1,248712,248712
243025,2,3,5,73018,73018
243041,0,6,6,155395,155395
243077,1,1,2,232490,232490
243122,0,3,3,193268,193268
243150,0,0,0,158347,158347
243182,1,4,5,235458,235458
243219,0,1,1,239199,239199
243223,0,0,0,180545,180545
243237,2,54,56,147965,147965
243238,3,7,10,151321,151321
243256,0,3,3,221134,221134
243262,2,10,12,138161,138161
243263,1,3,4,257881,257881
243267,0,5,5,199581,199581
243274,0,4,4,152789,152789
243282,1,6,7,68186,68186
243294,2,2,4,238115,238115
243316,4,0,4,150431,150431
243349,0,1,1,66157,66157
243377,2,9,11,221889,221889
243385,0,1,1,187376,187376
243441,0,3,3,207202,207202
243443,0,36,36,250058,250058
243453,0,6,6,254494,254494
243475,0,4,4,258233,258233
243481,2,4,6,239883,239883
243497,2,3,5,230254,230254
243501,0,0,0,175248,175248
243527,0,2,2,209587,209587
243560,0,2,2,160362,160362
243565,0,1,1,244841,244841
243571,0,10,10,73079,73079
243601,0,1,1,154923,154923
243631,0,0,0,193014,193014
243643,1,3,4,79931,79931
243649,0,1,1,152131,152131
243650,5,3,8,205561,205561
243657,1,0,1,248719,248719
243719,0,1,1,229359,229359
243735,0,3,3,155659,155659
243740,1,7,8,118707,118707
243751,0,0,0,231953,231953
243794,0,17,17,149931,149931
243799,0,2,2,219636,219636
243833,0,1,1,256919,256919
243856,0,2,2,233668,233668
243857,0,0,0,243431,243431
243882,2,13,15,27799,27799
243921,0,3,3,154144,154144
243940,1,1,2,181600,181600
244002,0,1,1,236050,236050
244005,0,3,3,128898,128898
244013,2,4,6,248969,248969
244015,0,1,1,254764,254764
244021,0,0,0,225094,225094
244043,0,5,5,53466,53466
244067,1,0,1,222919,222919
244091,1,1,2,257199,257199
244093,0,2,2,74169,74169
244096,2,3,5,178510,178510
244118,1,4,5,248229,248229
244123,3,9,12,189241,189241
244126,0,2,2,226233,226233
244163,0,1,1,249097,249097
244186,0,1,1,192004,192004
244187,0,0,0,97065,97065
244191,0,2,2,67482,67482
244199,0,0,0,184059,184059
244216,0,2,2,242546,242546
244222,0,3,3,149985,149985
244245,0,0,0,250705,250705
244253,0,0,0,258237,258237
244301,0,1,1,167185,167185
244355,1,10,11,136084,136084
244358,0,1,1,72211,72211
244364,1,5,6,209225,209225
244372,0,9,9,191444,191444
244392,3,2,5,152019,152019
244395,2,8,10,141303,141303
244407,0,3,3,164087,164087
244408,0,8,8,210744,210744
244412,0,1,1,204701,204701
244422,0,3,3,220646,220646
244424,0,2,2,240460,240460
244425,1,1,2,130353,130353
244478,1,1,2,216284,216284
244480,1,4,5,238642,238642
244505,0,4,4,194105,194105
244512,0,0,0,228912,228912
244529,1,4,5,236193,236193
244532,0,5,5,226235,226235
244535,2,5,7,227396,227396
244546,0,0,0,232888,232888
244576,0,1,1,196876,196876
244578,1,3,4,135760,135760
244580,0,1,1,232467,232467
244602,0,0,0,189559,189559
244622,10,2,12,201635,201635
244627,1,3,4,202768,202768
244631,0,2,2,151064,151064
244676,0,2,2,229199,229199
244704,0,0,0,143536,143536
244737,0,1,1,188382,188382
244742,0,1,1,199749,199749
244751,0,0,0,227851,227851
244756,0,1,1,188662,188662
244872,0,1,1,144251,144251
244923,1,4,5,225896,225896
244940,0,2,2,171871,171871
244946,0,0,0,206627,206627
244984,1,1,2,103703,103703
244985,0,0,0,242284,242284
244998,2,10,12,230049,230049
245004,1,2,3,164541,164541
245012,0,2,2,141038,141038
245017,0,2,2,235587,235587
245024,0,2,2,185245,185245
245025,9,5,14,135455,135455
245061,0,1,1,132606,132606
245084,4,12,16,213840,213840
245086,0,2,2,162618,162618
245087,2,6,8,153667,153667
245088,7,19,26,122371,122371
245145,0,2,2,161566,161566
245195,0,2,2,238747,238747
245202,0,2,2,53476,53476
245211,1,4,5,127635,127635
245215,0,3,3,255080,255080
245223,1,1,2,152332,152332
245268,1,7,8,223353,223353
245280,1,3,4,246199,246199
245297,0,0,0,155029,155029
245308,0,3,3,77086,77086
245339,0,6,6,237898,237898
245349,2,4,6,188867,188867
245350,2,1,3,240329,240329
245351,1,11,12,243504,243504
245362,1,5,6,236729,236729
245370,0,3,3,211356,211356
245373,2,3,5,189102,189102
245374,1,1,2,189102,189102
245376,2,3,5,114840,114840
245377,0,1,1,197759,197759
245417,1,18,19,226270,226270
245543,0,2,2,58071,58071
245578,0,3,3,248326,248326
245587,1,10,11,245440,245440
245594,0,6,6,142611,142611
245607,1,4,5,74309,74309
245609,1,3,4,237310,237310
245610,4,5,9,155689,155689
245612,1,2,3,199953,199953
245617,0,2,2,227302,227302
245619,0,0,0,211121,211121
245638,0,5,5,234584,234584
245675,2,2,4,242714,242714
245680,0,1,1,191766,191766
245696,0,4,4,181413,181413
245708,1,8,9,197654,197654
245715,1,5,6,243310,243310
245740,0,2,2,252391,252391
245762,1,4,5,149071,149071
245763,0,1,1,89198,89198
245764,1,3,4,210217,210217
245791,0,2,2,250253,250253
245794,0,0,0,162804,162804
245799,1,0,1,225403,225403
245817,0,3,3,56553,56553
245829,0,0,0,140402,140402
245834,0,1,1,199165,199165
245876,0,1,1,155024,155024
245904,0,1,1,218542,218542
245921,0,1,1,222583,222583
245927,0,8,8,224149,224149
245950,1,1,2,150307,150307
245959,1,7,8,146868,146868
245963,0,4,4,222295,222295
245999,0,0,0,217353,217353
246007,1,1,2,200719,200719
246045,0,6,6,142021,142021
246055,0,7,7,201513,201513
246060,0,0,0,220697,220697
246065,0,10,10,161270,161270
246093,0,5,5,247816,247816
246101,0,1,1,252142,252142
246104,0,3,3,144040,144040
246140,0,0,0,240595,240595
246167,0,4,4,195538,195538
246174,0,1,1,147402,147402
246254,0,1,1,233713,233713
246271,1,0,1,205758,205758
246315,0,2,2,203211,203211
246316,0,2,2,202801,202801
246346,0,0,0,44093,44093
246359,2,73,75,235098,235098
246372,2,2,4,217237,217237
246397,0,1,1,130552,130552
246415,3,4,7,157870,157870
246418,0,3,3,166575,166575
246440,1,1,2,242957,242957
246461,0,0,0,170178,170178
246478,0,13,13,144857,144857
246492,1,4,5,233378,233378
246517,0,3,3,237974,237974
246523,1,3,4,158820,158820
246564,1,9,10,206479,206479
246565,1,2,3,206779,206779
246568,0,1,1,193920,193920
246578,0,5,5,228102,228102
246596,0,0,0,154392,154392
246600,0,1,1,221029,221029
246620,2,16,18,220865,220865
246627,0,1,1,206769,206769
246628,0,16,16,170236,170236
246634,0,1,1,229259,229259
246661,2,2,4,150727,150727
246686,1,5,6,215788,215788
246717,1,3,4,246732,246732
246720,0,1,1,217053,217053
246725,0,14,14,238571,238571
246729,0,4,4,163205,163205
246734,0,3,3,226285,226285
246741,0,0,0,161574,161574
246753,0,14,14,155533,155533
246760,1,2,3,215210,215210
246770,0,1,1,192419,192419
246806,0,0,0,227642,227642
246816,2,5,7,162145,162145
246827,0,2,2,227148,227148
246856,1,5,6,213319,213319
246929,0,8,8,180955,180955
246933,0,1,1,239970,239970
246936,3,19,22,204330,204330
246937,0,1,1,242330,242330
246949,2,12,14,136644,136644
246950,0,1,1,221048,221048
246968,0,1,1,223026,223026
246984,0,2,2,241906,241906
247011,0,0,0,156401,156401
247061,0,6,6,157418,157418
247101,0,1,1,129461,129461
247105,0,2,2,246314,246314
247124,0,5,5,193084,193084
247125,1,4,5,2462,2462
247132,1,7,8,146530,146530
247173,1,7,8,139999,139999
247185,0,3,3,243109,243109
247225,0,1,1,248164,248164
247238,2,6,8,146532,146532
247249,0,1,1,145344,145344
247262,0,1,1,188627,188627
247265,1,2,3,171617,171617
247267,0,4,4,108827,108827
247273,0,0,0,68694,68694
247274,0,4,4,221167,221167
247276,0,0,0,180085,180085
247345,0,4,4,151573,151573
247352,1,14,15,198916,198916
247359,1,7,8,225947,225947
247364,1,4,5,227753,227753
247379,0,3,3,152817,152817
247391,3,1,4,233619,233619
247414,0,0,0,150843,150843
247427,1,16,17,224489,224489
247455,1,9,10,138875,138875
247460,0,0,0,237625,237625
247467,1,3,4,197051,197051
247468,0,2,2,247423,247423
247471,1,5,6,239089,239089
247484,0,4,4,255724,255724
247512,0,4,4,163328,163328
247542,0,3,3,188580,188580
247556,0,1,1,202575,202575
247581,1,4,5,20834,20834
247596,0,0,0,151506,151506
247605,0,8,8,138360,138360
247612,0,4,4,192444,192444
247631,1,1,2,225917,225917
247634,0,2,2,257527,257527
247644,5,29,34,139428,139428
247672,3,3,6,158016,158016
247673,3,4,7,138197,138197
247674,0,0,0,6093,6093
247731,0,2,2,174032,174032
247768,3,4,7,235156,235156
247769,1,5,6,244688,244688
247775,0,4,4,58276,58276
247776,0,7,7,197333,197333
247779,0,3,3,142714,142714
247780,1,1,2,168819,168819
247803,0,7,7,218314,218314
247814,0,0,0,133764,133764
247823,0,0,0,250962,250962
247826,1,1,2,206176,206176
247849,0,0,0,188626,188626
247870,0,0,0,206031,206031
247876,0,3,3,136021,136021
247884,0,5,5,223680,223680
247895,0,5,5,250283,250283
247904,0,2,2,251665,251665
247906,0,1,1,73495,73495
247959,1,1,2,163440,163440
247981,0,0,0,188942,188942
247990,0,3,3,195008,195008
247996,2,2,4,71272,71272
248011,0,0,0,196899,196899
248083,0,2,2,97892,97892
248103,1,4,5,232837,232837
248107,0,0,0,209041,209041
248108,0,6,6,214955,214955
248112,1,10,11,98501,98501
248130,0,0,0,220413,220413
248131,0,2,2,216040,216040
248156,0,1,1,81761,81761
248165,0,3,3,198117,198117
248213,2,6,8,227031,227031
248224,0,13,13,151616,151616
248295,1,1,2,134694,134694
248298,1,4,5,171709,171709
248304,1,5,6,136379,136379
248367,0,3,3,225412,225412
248409,1,6,7,142051,142051
248412,1,13,14,246653,246653
248413,0,0,0,211088,211088
248415,0,1,1,217996,217996
248432,0,1,1,217894,217894
248444,0,1,1,243968,243968
248466,0,4,4,58718,58718
248483,0,1,1,229801,229801
248487,0,4,4,245724,245724
248489,1,2,3,84333,84333
248499,1,4,5,222430,222430
248509,0,0,0,189019,189019
248515,0,2,2,245965,245965
248521,0,0,0,160421,160421
248523,0,1,1,145102,145102
248527,0,1,1,67544,67544
248528,1,2,3,188745,188745
248530,0,3,3,133985,133985
248532,1,5,6,130979,130979
248586,2,7,9,182604,182604
248600,0,0,0,146179,146179
248604,0,0,0,210908,210908
248622,1,1,2,214343,214343
248677,2,2,4,207499,207499
248679,2,3,5,202469,202469
248680,0,0,0,217061,217061
248684,1,2,3,218036,218036
248688,4,4,8,246685,246685
248696,1,3,4,140577,140577
248704,5,0,5,150870,150870
248721,6,6,12,155695,155695
248732,0,5,5,238784,238784
248742,3,3,6,190222,190222
248748,3,5,8,244807,244807
248758,0,0,0,226947,226947
248785,0,15,15,144653,144653
248803,0,0,0,221271,221271
248808,9,10,19,239048,239048
248823,3,5,8,108359,108359
248852,1,3,4,159277,159277
248863,1,4,5,154944,154944
248878,1,5,6,164147,164147
248879,3,7,10,220707,220707
248899,0,5,5,67641,67641
248930,0,0,0,165517,165517
248956,6,16,22,241034,241034
248960,0,2,2,251605,251605
248961,0,2,2,234597,234597
248971,0,14,14,55116,55116
248990,0,0,0,239471,239471
249070,0,3,3,247554,247554
249078,0,0,0,189153,189153
249079,0,0,0,161052,161052
249092,0,4,4,137718,137718
249095,0,1,1,63102,63102
249114,0,0,0,143904,143904
249137,3,7,10,159798,159798
249143,0,0,0,66103,66103
249184,0,2,2,144604,144604
249208,1,16,17,242769,242769
249264,0,4,4,145540,145540
249266,1,1,2,126311,126311
249269,5,4,9,222579,222579
249274,0,1,1,231705,231705
249277,1,1,2,124565,124565
249280,1,1,2,128669,128669
249353,3,7,10,151600,151600
249365,1,4,5,194530,194530
249380,0,3,3,188822,188822
249440,1,2,3,147970,147970
249446,3,3,6,204151,204151
249457,0,13,13,248003,248003
249461,0,2,2,164096,164096
249478,0,3,3,192547,192547
249485,0,1,1,244453,244453
249492,0,9,9,213056,213056
249510,0,0,0,195433,195433
249532,1,2,3,184266,184266
249533,0,0,0,240667,240667
249555,0,2,2,156523,156523
249576,2,3,5,237613,237613
249577,1,2,3,237598,237598
249586,0,3,3,226569,226569
249630,1,1,2,173708,173708
249636,2,13,15,111204,111204
249663,0,1,1,215351,215351
249686,2,10,12,178833,178833
249692,0,0,0,228032,228032
249718,0,0,0,189818,189818
249723,0,0,0,243967,243967
249776,0,1,1,138561,138561
249780,1,8,9,259109,259109
249792,0,0,0,203129,203129
249798,8,11,19,233962,233962
249802,6,9,15,185499,185499
249804,2,5,7,236908,236908
249827,0,11,11,146584,146584
249845,1,13,14,213523,213523
249866,1,3,4,246702,246702
249877,0,1,1,57610,57610
249883,0,0,0,224570,224570
249895,0,0,0,196332,196332
249896,0,2,2,193906,193906
249908,0,6,6,245121,245121
249927,0,3,3,142280,142280
249964,1,9,10,205733,205733
249985,0,0,0,180886,180886
249986,0,0,0,211293,211293
249989,0,0,0,169162,169162
250001,1,3,4,136540,136540
250003,0,0,0,168015,168015
250006,0,1,1,232896,232896
250014,1,6,7,239193,239193
250027,0,1,1,179606,179606
250030,0,0,0,241023,241023
250056,0,0,0,143590,143590
250079,0,1,1,244162,244162
250083,0,3,3,143532,143532
250098,1,6,7,239455,239455
250124,0,9,9,148389,148389
250138,1,2,3,101561,101561
250141,0,0,0,239413,239413
250146,1,2,3,166494,166494
250157,0,0,0,190278,190278
250175,0,1,1,229950,229950
250185,2,4,6,244533,244533
250195,0,0,0,112354,112354
250207,1,1,2,211784,211784
250211,0,1,1,133943,133943
250231,0,2,2,33114,33114
250235,0,0,0,195659,195659
250241,0,2,2,144083,144083
250242,0,3,3,251096,251096
250254,0,7,7,238471,238471
250293,0,3,3,172854,172854
250304,0,1,1,231194,231194
250330,1,9,10,241460,241460
250393,0,1,1,76560,76560
250401,1,0,1,7979,7979
250434,2,1,3,158279,158279
250441,0,5,5,257311,257311
250454,0,4,4,257731,257731
250457,0,9,9,195383,195383
250469,0,1,1,231546,231546
250489,0,1,1,225744,225744
250490,0,1,1,245051,245051
250499,0,1,1,200572,200572
250507,0,3,3,135348,135348
250519,4,1,5,65495,65495
250523,0,1,1,196538,196538
250535,0,1,1,211717,211717
250539,2,2,4,209183,209183
250575,2,13,15,131101,131101
250578,0,0,0,179731,179731
250587,3,3,6,242864,242864
250592,0,0,0,154771,154771
250609,0,1,1,241150,241150
250615,0,18,18,130745,130745
250626,1,4,5,68717,68717
250631,0,8,8,247447,247447
250729,0,0,0,188460,188460
250742,1,3,4,233590,233590
250776,0,1,1,172201,172201
250779,0,1,1,250931,250931
250794,0,1,1,206361,206361
250803,1,1,2,188477,188477
250805,1,3,4,143523,143523
250889,0,11,11,235737,235737
250890,0,3,3,241779,241779
250891,2,4,6,207811,207811
250901,0,1,1,161809,161809
250913,0,1,1,155440,155440
250940,2,3,5,248560,248560
250948,4,13,17,156991,156991
250950,4,9,13,154427,154427
250952,6,9,15,208351,208351
250957,0,1,1,241783,241783
250968,0,6,6,243024,243024
250976,1,1,2,215971,215971
251005,0,7,7,134616,134616
251029,0,1,1,227880,227880
251035,0,0,0,128880,128880
251067,1,2,3,246408,246408
251068,0,19,19,151462,151462
251090,1,5,6,148961,148961
251092,4,14,18,194012,194012
251099,1,4,5,189546,189546
251100,2,4,6,189716,189716
251104,0,4,4,199578,199578
251140,4,9,13,181872,181872
251165,1,1,2,176090,176090
251176,0,2,2,248594,248594
251177,0,5,5,172903,172903
251178,0,1,1,151798,151798
251191,0,8,8,148680,148680
251199,13,23,36,119382,119382
251204,4,9,13,146210,146210
251213,0,0,0,235696,235696
251223,0,2,2,168193,168193
251229,0,3,3,249759,249759
251237,0,11,11,202192,202192
251241,0,6,6,256211,256211
251247,0,1,1,239009,239009
251252,0,3,3,227024,227024
251259,1,5,6,238553,238553
251273,0,2,2,184175,184175
251344,1,2,3,197945,197945
251359,1,2,3,224342,224342
251361,1,1,2,179124,179124
251382,0,5,5,140817,140817
251383,1,4,5,232436,232436
251391,0,4,4,227470,227470
251401,1,10,11,158761,158761
251404,0,4,4,213429,213429
251440,0,2,2,239355,239355
251441,0,3,3,232595,232595
251456,3,9,12,254510,254510
251459,0,5,5,215217,215217
251492,0,1,1,143080,143080
251497,1,1,2,68479,68479
251500,0,0,0,242640,242640
251517,0,1,1,224865,224865
251535,1,8,9,207245,207245
251549,0,1,1,124746,124746
251561,0,0,0,182282,182282
251566,0,6,6,162810,162810
251572,0,0,0,193364,193364
251578,0,2,2,210534,210534
251583,0,1,1,227951,227951
251587,1,3,4,148629,148629
251617,0,0,0,202193,202193
251638,6,16,22,187568,187568
251645,0,1,1,196339,196339
251665,0,2,2,254987,254987
251680,0,0,0,228569,228569
251685,0,9,9,161340,161340
251691,1,1,2,241047,241047
251706,1,3,4,180288,180288
251756,0,3,3,112390,112390
251814,0,0,0,243235,243235
251860,1,8,9,150607,150607
251863,1,2,3,231853,231853
251882,1,3,4,251059,251059
251886,1,4,5,119566,119566
251901,1,6,7,183893,183893
251934,0,18,18,235275,235275
251953,0,1,1,210842,210842
251976,0,7,7,226251,226251
252059,1,5,6,107022,107022
252088,0,0,0,177419,177419
252220,0,1,1,151776,151776
252235,0,4,4,37256,37256
252236,1,14,15,143993,143993
252249,0,8,8,151360,151360
252250,1,0,1,239078,239078
252288,1,10,11,135164,135164
252321,0,5,5,154147,154147
252354,1,3,4,221930,221930
252361,8,13,21,128519,128519
252377,0,0,0,231965,231965
252407,0,0,0,190459,190459
252419,1,1,2,181109,181109
252421,0,0,0,186680,186680
252422,0,2,2,191987,191987
252457,1,11,12,258093,258093
252458,1,8,9,175519,175519
252477,0,7,7,146583,146583
252520,1,5,6,245786,245786
252548,1,1,2,250660,250660
252554,0,0,0,152552,152552
252561,1,25,26,149742,149742
252580,0,0,0,225668,225668
252584,0,3,3,147333,147333
252591,0,0,0,181781,181781
252629,0,0,0,192308,192308
252635,0,0,0,191585,191585
252636,0,6,6,69192,69192
252658,3,4,7,161362,161362
252661,4,7,11,207614,207614
252663,2,11,13,247671,247671
252668,0,1,1,134142,134142
252685,1,2,3,253479,253479
252711,0,3,3,155250,155250
252712,0,4,4,205815,205815
252714,1,1,2,222067,222067
252726,1,1,2,212848,212848
252733,0,1,1,61899,61899
252734,2,3,5,243973,243973
252754,0,4,4,227032,227032
252758,0,1,1,237350,237350
252786,1,20,21,146508,146508
252801,1,18,19,137695,137695
252831,2,2,4,243460,243460
252833,1,7,8,238526,238526
252851,0,3,3,246251,246251
252855,0,3,3,165231,165231
252859,0,1,1,175793,175793
252881,0,1,1,232128,232128
252893,1,1,2,253985,253985
252898,2,3,5,189072,189072
252899,2,9,11,148829,148829
252900,3,8,11,153489,153489
252908,2,3,5,225306,225306
252912,0,2,2,149992,149992
252923,0,2,2,216757,216757
252938,0,3,3,248346,248346
252956,0,1,1,140972,140972
252961,0,1,1,248933,248933
252969,0,0,0,236656,236656
252988,0,1,1,230695,230695
253004,1,1,2,165138,165138
253007,0,4,4,213465,213465
253042,0,6,6,160788,160788
253063,0,0,0,160519,160519
253069,0,1,1,191958,191958
253071,0,2,2,200495,200495
253072,0,2,2,191667,191667
253090,0,2,2,138596,138596
253091,3,6,9,213887,213887
253094,3,3,6,45095,45095
253120,3,3,6,217623,217623
253137,1,2,3,177031,177031
253138,1,1,2,174421,174421
253141,0,0,0,196344,196344
253153,0,1,1,240829,240829
253172,4,8,12,162422,162422
253173,4,5,9,158207,158207
253176,0,1,1,243291,243291
253198,0,1,1,201204,201204
253243,0,4,4,158412,158412
253262,2,3,5,204080,204080
253273,1,2,3,149935,149935
253287,0,2,2,168053,168053
253304,1,27,28,137353,137353
253305,0,8,8,124310,124310
253323,2,3,5,244841,244841
253345,0,1,1,147188,147188
253346,0,7,7,190676,190676
253348,0,5,5,222237,222237
253360,0,1,1,201065,201065
253365,0,3,3,147551,147551
253402,0,1,1,242132,242132
253403,0,1,1,66598,66598
253409,0,2,2,157485,157485
253439,0,0,0,240889,240889
253455,2,2,4,176315,176315
253468,3,4,7,151625,151625
253525,0,0,0,199382,199382
253527,2,9,11,200922,200922
253529,0,5,5,136219,136219
253546,0,0,0,203869,203869
253562,1,4,5,206928,206928
253601,1,2,3,195645,195645
253606,3,4,7,196391,196391
253607,0,7,7,144447,144447
253609,1,6,7,164565,164565
253644,1,7,8,235683,235683
253646,1,1,2,228681,228681
253654,0,2,2,215995,215995
253658,0,3,3,162549,162549
253722,0,2,2,162759,162759
253737,5,7,12,225891,225891
253745,0,5,5,203636,203636
253783,4,15,19,133237,133237
253794,0,1,1,160577,160577
253799,1,1,2,249134,249134
253808,1,9,10,150762,150762
253818,0,3,3,240629,240629
253829,0,5,5,121880,121880
253856,0,0,0,253280,253280
253867,0,2,2,194973,194973
253886,0,0,0,161722,161722
253913,1,3,4,230809,230809
253916,0,0,0,249078,249078
253925,2,23,25,198616,198616
253928,1,6,7,144155,144155
253956,0,0,0,199455,199455
253963,2,8,10,221198,221198
253982,0,4,4,162388,162388
253994,3,8,11,216564,216564
253995,0,1,1,207019,207019
253999,0,0,0,221558,221558
254031,0,12,12,243409,243409
254087,10,13,23,238308,238308
254102,0,3,3,230092,230092
254136,0,5,5,158836,158836
254154,2,3,5,126159,126159
254165,0,1,1,237254,237254
254166,1,0,1,133969,133969
254186,0,1,1,138529,138529
254195,0,6,6,194297,194297
254206,0,9,9,120308,120308
254218,0,6,6,232971,232971
254248,0,8,8,173488,173488
254251,0,1,1,254933,254933
254280,0,0,0,125893,125893
254289,1,5,6,154339,154339
254292,1,7,8,151594,151594
254305,3,5,8,179055,179055
254307,1,5,6,218433,218433
254310,4,5,9,182015,182015
254316,1,3,4,246192,246192
254325,0,3,3,142602,142602
254342,1,0,1,141084,141084
254345,0,1,1,142975,142975
254352,0,4,4,233442,233442
254366,0,4,4,247340,247340
254378,0,1,1,221875,221875
254393,0,17,17,146734,146734
254398,0,1,1,229770,229770
254407,1,0,1,229038,229038
254417,0,2,2,191185,191185
254526,0,3,3,256504,256504
254528,0,0,0,150606,150606
254531,0,0,0,230308,230308
254551,0,2,2,216301,216301
254557,0,2,2,228568,228568
254576,0,7,7,166390,166390
254599,0,1,1,91714,91714
254607,0,3,3,212699,212699
254611,4,12,16,41250,41250
254614,0,0,0,109254,109254
254657,1,0,1,174502,174502
254697,0,5,5,147409,147409
254700,0,5,5,195368,195368
254705,0,2,2,151486,151486
254710,1,6,7,159340,159340
254741,0,16,16,237804,237804
254760,0,0,0,217847,217847
254780,2,5,7,168872,168872
254806,0,0,0,128109,128109
254860,1,2,3,121115,121115
254874,0,2,2,234738,234738
254883,0,2,2,251115,251115
254884,2,2,4,203125,203125
254896,0,4,4,197207,197207
254903,0,1,1,254056,254056
254933,1,2,3,223861,223861
254955,0,2,2,236053,236053
254991,0,4,4,151298,151298
254994,0,2,2,144743,144743
255008,2,3,5,135006,135006
255010,2,4,6,138251,138251
255035,1,2,3,106762,106762
255055,0,1,1,67453,67453
255078,0,3,3,188657,188657
255080,0,5,5,170449,170449
255123,0,0,0,255529,255529
255126,0,3,3,141992,141992
255157,0,0,0,169882,169882
255181,0,6,6,173728,173728
255189,0,1,1,189534,189534
255195,2,4,6,152022,152022
255211,1,1,2,129426,129426
255217,0,4,4,66468,66468
255242,0,0,0,59545,59545
255249,0,15,15,138585,138585
255259,0,1,1,89208,89208
255289,0,4,4,246129,246129
255300,0,1,1,189185,189185
255309,0,6,6,147563,147563
255313,2,3,5,178533,178533
255316,0,0,0,244416,244416
255320,2,0,2,42745,42745
255332,0,0,0,142966,142966
255340,3,5,8,142740,142740
255355,0,1,1,230800,230800
255393,1,1,2,246504,246504
255397,0,6,6,191057,191057
255400,1,1,2,231036,231036
255451,1,11,12,232185,232185
255455,0,5,5,160640,160640
255502,1,4,5,174151,174151
255525,0,2,2,155909,155909
255561,0,1,1,221109,221109
255589,0,2,2,180376,180376
255592,0,4,4,224092,224092
255623,3,3,6,242413,242413
255656,0,2,2,134005,134005
255671,0,2,2,241131,241131
255676,0,2,2,100165,100165
255689,0,3,3,188623,188623
255706,0,1,1,154291,154291
255723,1,1,2,238755,238755
255725,0,7,7,221222,221222
255755,0,1,1,237259,237259
255757,0,4,4,142619,142619
255766,0,8,8,133012,133012
255776,0,0,0,190972,190972
255791,0,1,1,156196,156196
255794,0,0,0,196763,196763
255796,1,17,18,188448,188448
255820,0,0,0,134380,134380
255843,0,0,0,252508,252508
255849,0,6,6,55118,55118
255850,0,2,2,37748,37748
255879,0,2,2,144054,144054
255887,0,11,11,221505,221505
255898,2,2,4,173914,173914
255911,0,4,4,66332,66332
255983,1,1,2,135960,135960
255985,0,0,0,208626,208626
256016,1,4,5,64155,64155
256026,0,0,0,188437,188437
256057,0,2,2,174230,174230
256071,0,2,2,149781,149781
256090,1,1,2,238863,238863
256117,0,0,0,202479,202479
256154,4,12,16,243161,243161
256188,0,2,2,236763,236763
256213,0,5,5,195895,195895
256229,0,0,0,190166,190166
256232,0,1,1,239800,239800
256235,0,4,4,258616,258616
256292,1,7,8,137093,137093
256388,0,0,0,206692,206692
256414,0,6,6,155325,155325
256417,0,13,13,238982,238982
256439,0,0,0,231364,231364
256454,1,7,8,257617,257617
256462,1,21,22,240652,240652
256488,1,6,7,196939,196939
256507,2,3,5,245759,245759
256508,0,0,0,240631,240631
256510,0,3,3,255879,255879
256532,0,0,0,144277,144277
256562,0,2,2,256234,256234
256568,1,3,4,134621,134621
256580,0,0,0,163275,163275
256594,1,8,9,235066,235066
256615,0,0,0,126139,126139
256617,0,4,4,224076,224076
256618,0,2,2,157322,157322
256626,0,0,0,234288,234288
256633,1,2,3,210572,210572
256665,0,2,2,140364,140364
256673,1,4,5,146925,146925
256680,0,6,6,149947,149947
256687,2,23,25,204846,204846
256691,0,5,5,192256,192256
256693,0,2,2,216703,216703
256698,0,4,4,165710,165710
256715,2,0,2,203484,203484
256738,0,1,1,158262,158262
256744,2,2,4,210400,210400
256750,0,3,3,207482,207482
256751,3,7,10,242082,242082
256757,0,1,1,143319,143319
256758,0,4,4,250531,250531
256772,0,1,1,62354,62354
256774,2,7,9,82581,82581
256788,0,0,0,212683,212683
256832,0,2,2,212512,212512
256845,0,1,1,187759,187759
256859,1,3,4,255001,255001
256898,0,3,3,241395,241395
256900,1,2,3,257730,257730
256903,1,3,4,188444,188444
256923,0,5,5,220401,220401
256927,1,2,3,256230,256230
256974,0,6,6,214366,214366
256987,3,6,9,151537,151537
257017,0,1,1,166275,166275
257025,1,2,3,223460,223460
257037,0,2,2,250782,250782
257044,0,4,4,225307,225307
257056,0,3,3,244778,244778
257068,0,0,0,172576,172576
257071,0,0,0,84852,84852
257087,0,1,1,228158,228158
257094,0,8,8,221382,221382
257098,0,0,0,81088,81088
257131,1,13,14,199646,199646
257137,0,3,3,240286,240286
257142,1,1,2,239169,239169
257186,3,3,6,211000,211000
257207,0,1,1,252661,252661
257217,1,7,8,204564,204564
257238,0,0,0,242882,242882
257249,0,0,0,77690,77690
257257,1,5,6,176727,176727
257266,1,1,2,257483,257483
257298,0,6,6,251564,251564
257315,0,5,5,202232,202232
257332,2,3,5,195497,195497
257339,2,3,5,100562,100562
257364,1,8,9,66723,66723
257366,2,7,9,223599,223599
257417,0,16,16,214962,214962
257424,0,3,3,148606,148606
257501,0,1,1,234643,234643
257513,0,9,9,180543,180543
257528,0,1,1,187189,187189
257563,0,4,4,236892,236892
257589,0,1,1,248670,248670
257594,0,1,1,189047,189047
257607,0,3,3,149411,149411
257622,0,6,6,233578,233578
257662,1,4,5,148753,148753
257663,2,9,11,247211,247211
257674,0,1,1,136928,136928
257685,0,7,7,130628,130628
257697,0,0,0,190369,190369
257705,0,2,2,250509,250509
257717,0,0,0,233342,233342
257736,0,0,0,229906,229906
257757,0,6,6,180946,180946
257762,0,10,10,171864,171864
257826,0,4,4,247335,247335
257829,0,1,1,73618,73618
257833,2,0,2,255333,255333
257840,2,2,4,233336,233336
257846,0,0,0,227891,227891
257849,0,3,3,252222,252222
257868,4,20,24,205203,205203
257896,1,0,1,231191,231191
257901,0,7,7,134338,134338
257908,1,10,11,154486,154486
257925,1,4,5,229542,229542
257961,0,0,0,189551,189551
257972,0,0,0,134082,134082
257980,1,4,5,148611,148611
257993,0,8,8,105757,105757
258004,1,2,3,140552,140552
258017,1,5,6,233719,233719
258147,2,7,9,190845,190845
258170,0,13,13,146586,146586
258181,2,4,6,150274,150274
258215,2,5,7,178904,178904
258242,0,2,2,152421,152421
258264,0,2,2,212790,212790
258279,0,3,3,147819,147819
258313,2,2,4,46823,46823
258317,2,2,4,68480,68480
258327,0,1,1,150442,150442
258348,8,13,21,111688,111688
258369,0,2,2,236128,236128
258383,0,3,3,228767,228767
258408,1,23,24,209315,209315
258409,0,3,3,230198,230198
258454,0,5,5,161889,161889
258457,0,1,1,228503,228503
258473,0,5,5,195827,195827
258496,0,3,3,159499,159499
258513,0,0,0,235442,235442
258520,0,0,0,210776,210776
258523,0,1,1,188408,188408
258526,0,3,3,66541,66541
258532,0,5,5,164343,164343
258538,0,1,1,66779,66779
258542,0,3,3,158330,158330
258546,0,5,5,152855,152855
258638,0,1,1,115421,115421
258647,0,1,1,231145,231145
258672,2,19,21,206082,206082
258676,6,5,11,138718,138718
258708,1,0,1,250975,250975
258710,0,2,2,197674,197674
258751,1,1,2,56479,56479
258769,1,1,2,178173,178173
258783,0,0,0,216023,216023
258788,0,1,1,186968,186968
258795,0,3,3,238310,238310
258801,3,5,8,246804,246804
258803,0,0,0,199498,199498
258807,0,0,0,206650,206650
258830,0,3,3,109120,109120
258837,1,3,4,219842,219842
258838,2,2,4,147597,147597
258842,2,8,10,250305,250305
258868,0,0,0,197249,197249
258869,0,3,3,189633,189633
258905,0,23,23,182282,182282
258914,0,0,0,168401,168401
258920,1,2,3,241288,241288
258932,1,6,7,138143,138143
258933,1,0,1,170757,170757
258963,0,5,5,251258,251258
258974,0,1,1,184204,184204
258992,1,6,7,207959,207959
258999,8,11,19,231132,231132
259023,1,3,4,241000,241000
259054,4,14,18,220159,220159
259070,0,6,6,249990,249990
259079,0,1,1,137329,137329
259083,0,2,2,241641,241641
259122,1,13,14,153122,153122
259149,0,0,0,237112,237112
259173,2,2,4,254052,254052
259174,1,1,2,209362,209362
259175,0,4,4,181198,181198
259200,1,10,11,234375,234375
259210,0,7,7,246628,246628
259214,0,0,0,143905,143905
259237,3,23,26,134682,134682
259245,2,3,5,152346,152346
259257,0,1,1,166711,166711
259258,0,3,3,172987,172987
259275,0,1,1,234385,234385
259288,0,2,2,229796,229796
259292,0,3,3,154660,154660
259297,0,0,0,173207,173207
259363,0,1,1,232585,232585
259380,3,11,14,238259,238259
259382,0,0,0,175048,175048
259390,1,3,4,106582,106582
259393,0,0,0,192594,192594
259399,1,4,5,253444,253444
259408,0,1,1,143517,143517
259460,0,3,3,142809,142809
259507,0,2,2,173828,173828
259523,0,1,1,196564,196564
259559,0,4,4,249341,249341
259564,3,6,9,206622,206622
259568,2,1,3,188783,188783
259576,0,0,0,227942,227942
259589,1,7,8,202625,202625
259593,0,4,4,70616,70616
259607,0,2,2,241959,241959
259705,0,0,0,188681,188681
259729,1,1,2,224658,224658
259748,0,2,2,252548,252548
259754,0,2,2,191571,191571
259766,1,6,7,92284,92284
259769,0,0,0,70388,70388
259842,0,0,0,221630,221630
259849,1,33,34,183975,183975
259903,1,8,9,236750,236750
259919,0,3,3,151673,151673
259922,5,4,9,188539,188539
259938,0,2,2,216444,216444
259958,3,10,13,125252,125252
259963,0,4,4,160058,160058
259975,1,1,2,163776,163776
260012,0,2,2,154008,154008
260015,0,0,0,171921,171921
260017,0,1,1,160767,160767
260022,0,4,4,228134,228134
260079,0,6,6,179617,179617
260130,0,3,3,206849,206849
260151,0,1,1,204559,204559
260155,4,2,6,239384,239384
260159,0,4,4,219187,219187
260164,1,17,18,216649,216649
260165,2,3,5,217742,217742
260191,0,0,0,237204,237204
260203,0,2,2,208282,208282
260225,0,7,7,140327,140327
260240,0,0,0,214974,214974
260242,2,7,9,201543,201543
260261,1,1,2,208217,208217
260264,0,1,1,159906,159906
260274,0,4,4,155553,155553
260282,2,4,6,153806,153806
260289,1,9,10,149708,149708
260294,0,0,0,228759,228759
260302,0,1,1,158024,158024
260304,1,10,11,138526,138526
260307,0,0,0,135044,135044
260310,1,4,5,258014,258014
260311,3,12,15,146445,146445
260321,0,1,1,220018,220018
260323,1,1,2,57379,57379
260365,0,3,3,177098,177098
260371,1,2,3,250291,250291
260375,1,1,2,49612,49612
260437,2,4,6,127848,127848
260446,0,0,0,175219,175219
260468,0,8,8,201947,201947
260472,0,4,4,156078,156078
260475,0,1,1,221595,221595
260477,1,3,4,242512,242512
260484,0,0,0,132527,132527
260531,1,22,23,218299,218299
260541,0,2,2,215033,215033
260563,0,1,1,245236,245236
260571,1,9,10,180450,180450
260573,0,2,2,234245,234245
260574,0,1,1,196546,196546
260599,1,1,2,227967,227967
260617,1,2,3,171155,171155
260626,0,1,1,230445,230445
260650,0,3,3,143481,143481
260660,0,0,0,157285,157285
260663,0,1,1,248829,248829
260664,1,1,2,182092,182092
260665,1,1,2,182667,182667
260683,20,21,41,214224,214224
260685,0,1,1,185582,185582
260721,0,0,0,199834,199834
260724,0,7,7,235882,235882
260738,0,1,1,124856,124856
260753,0,6,6,154112,154112
260781,0,1,1,215862,215862
260787,2,5,7,161152,161152
260796,0,0,0,148229,148229
260817,4,3,7,250075,250075
260838,1,4,5,208424,208424
260850,2,7,9,151870,151870
260867,2,3,5,202892,202892
260869,2,3,5,210444,210444
260881,0,1,1,180692,180692
260883,1,2,3,181073,181073
260900,0,3,3,141390,141390
260911,1,8,9,149319,149319
260929,0,5,5,158100,158100
260930,1,0,1,230185,230185
260945,0,0,0,176150,176150
260997,2,3,5,63528,63528
261027,1,1,2,235580,235580
261031,0,2,2,143127,143127
261048,0,1,1,233971,233971
261060,2,7,9,139453,139453
261069,1,1,2,141996,141996
261073,1,2,3,209781,209781
261100,1,4,5,57402,57402
261106,5,7,12,170782,170782
261114,0,0,0,189634,189634
261126,0,0,0,153334,153334
261135,0,2,2,141765,141765
261145,3,6,9,68289,68289
261146,2,2,4,169641,169641
261160,6,9,15,143166,143166
261179,1,3,4,158506,158506
261212,1,4,5,62739,62739
261228,1,2,3,221083,221083
261245,0,2,2,229390,229390
261246,0,4,4,193871,193871
261250,0,3,3,139481,139481
261257,0,2,2,149168,149168
261259,2,50,52,237885,237885
261269,1,1,2,196521,196521
261295,0,1,1,226504,226504
261316,0,10,10,190344,190344
261373,0,10,10,74446,74446
261419,0,2,2,120543,120543
261428,3,6,9,238192,238192
261436,1,1,2,240133,240133
261438,2,28,30,251194,251194
261448,0,1,1,226444,226444
261451,0,4,4,232325,232325
261453,2,4,6,230578,230578
261466,0,2,2,173047,173047
261470,0,6,6,109013,109013
261474,0,0,0,203042,203042
261520,0,2,2,241066,241066
261557,0,2,2,240807,240807
261594,0,1,1,59063,59063
261648,0,2,2,253832,253832
261651,0,1,1,149926,149926
261653,1,1,2,250562,250562
261655,6,8,14,143165,143165
261656,6,7,13,143167,143167
261657,6,8,14,143168,143168
261658,7,7,14,143168,143168
261659,7,8,15,143167,143167
261660,6,6,12,143165,143165
261698,1,1,2,64403,64403
261712,0,38,38,189253,189253
261724,0,4,4,230629,230629
261761,0,1,1,174210,174210
261774,0,5,5,155263,155263
261831,0,0,0,178430,178430
261834,0,5,5,142716,142716
261862,0,4,4,201196,201196
261890,0,0,0,235516,235516
261934,0,7,7,214908,214908
261948,0,0,0,188753,188753
261976,2,2,4,223799,223799
262039,0,8,8,109656,109656
262080,0,1,1,231332,231332
262125,0,5,5,214548,214548
262151,0,1,1,67424,67424
262164,0,2,2,221888,221888
262166,1,3,4,245157,245157
262192,0,2,2,125209,125209
262195,0,1,1,101646,101646
262225,1,0,1,188354,188354
262233,1,2,3,224822,224822
262256,2,6,8,216172,216172
262258,0,2,2,74207,74207
262276,1,10,11,226918,226918
262279,0,4,4,147984,147984
262283,0,2,2,146780,146780
262303,0,7,7,214472,214472
262307,0,16,16,125910,125910
262329,0,1,1,241911,241911
262360,0,0,0,189879,189879
262372,0,3,3,179431,179431
262389,0,3,3,78757,78757
262395,0,0,0,133682,133682
262402,0,6,6,236992,236992
262408,0,0,0,188460,188460
262415,1,1,2,234966,234966
262416,1,8,9,200134,200134
262420,0,18,18,159211,159211
262462,0,0,0,226943,226943
262465,0,0,0,223037,223037
262469,1,4,5,155717,155717
262473,0,2,2,233194,233194
262475,2,24,26,258415,258415
262501,0,3,3,78703,78703
262532,1,3,4,231580,231580
262546,0,0,0,255606,255606
262561,2,8,10,200356,200356
262562,0,0,0,168986,168986
262564,0,2,2,188821,188821
262576,0,2,2,66300,66300
262582,0,0,0,188584,188584
262585,0,7,7,203052,203052
262590,1,1,2,88718,88718
262600,0,4,4,147880,147880
262612,0,0,0,171713,171713
262634,0,4,4,147355,147355
262647,0,2,2,234040,234040
262654,1,1,2,209450,209450
262708,1,2,3,168734,168734
262709,0,3,3,189498,189498
262717,0,0,0,245890,245890
262720,1,1,2,240854,240854
262731,0,1,1,231664,231664
262735,1,2,3,240055,240055
262739,0,3,3,142615,142615
262768,0,0,0,185349,185349
262783,0,0,0,229697,229697
262789,1,1,2,180003,180003
262795,1,2,3,160751,160751
262831,0,0,0,160825,160825
262835,0,0,0,256865,256865
262843,0,5,5,167545,167545
262889,0,17,17,140493,140493
262892,0,5,5,227006,227006
262935,0,0,0,188501,188501
262964,0,1,1,190792,190792
263075,0,1,1,206720,206720
263076,7,8,15,141664,141664
263083,0,9,9,238884,238884
263090,1,20,21,238826,238826
263092,1,3,4,176568,176568
263119,1,1,2,132956,132956
263132,0,1,1,135867,135867
263157,0,2,2,257250,257250
263162,0,4,4,224424,224424
263167,1,2,3,132868,132868
263189,2,4,6,176750,176750
263235,0,1,1,102537,102537
263237,0,3,3,242364,242364
263239,0,1,1,149967,149967
263290,1,10,11,246100,246100
263359,0,5,5,247105,247105
263373,0,2,2,191409,191409
263394,1,2,3,215279,215279
263415,1,5,6,250586,250586
263434,0,0,0,133940,133940
263437,0,1,1,249133,249133
263450,0,1,1,230446,230446
263478,0,0,0,222097,222097
263483,0,0,0,237626,237626
263490,2,9,11,199494,199494
263523,0,1,1,202721,202721
263546,0,1,1,191223,191223
263587,1,1,2,228571,228571
263618,2,2,4,228895,228895
263651,4,10,14,193402,193402
263664,1,3,4,231087,231087
263665,1,3,4,134077,134077
263685,0,4,4,196387,196387
263699,0,1,1,243723,243723
263747,2,4,6,149857,149857
263791,1,2,3,171813,171813
263810,0,1,1,182524,182524
263813,0,4,4,150575,150575
263845,1,5,6,258149,258149
263846,0,6,6,218016,218016
263849,0,1,1,141783,141783
263853,0,14,14,135719,135719
263868,0,0,0,161211,161211
263869,0,11,11,222228,222228
263870,1,5,6,74434,74434
263879,1,1,2,211397,211397
263891,0,3,3,232778,232778
263893,0,2,2,147867,147867
263930,0,5,5,135842,135842
263941,1,2,3,239482,239482
263959,2,5,7,224874,224874
264024,1,5,6,198425,198425
264041,0,10,10,78638,78638
264049,0,0,0,189458,189458
264061,1,10,11,207355,207355
264063,0,5,5,51416,51416
264080,0,2,2,179291,179291
264086,5,2,7,203521,203521
264114,0,1,1,196304,196304
264168,0,13,13,117387,117387
264171,0,0,0,137009,137009
264174,0,2,2,206608,206608
264175,0,0,0,212047,212047
264199,0,1,1,165318,165318
264216,1,2,3,160228,160228
264224,0,0,0,214289,214289
264230,0,1,1,135703,135703
264232,0,3,3,59522,59522
264238,0,1,1,188377,188377
264251,1,1,2,220174,220174
264285,0,3,3,68720,68720
264301,1,3,4,181705,181705
264319,0,1,1,169299,169299
264381,0,0,0,159687,159687
264386,0,7,7,180718,180718
264400,1,15,16,142166,142166
264411,1,1,2,58402,58402
264433,0,1,1,230915,230915
264440,2,1,3,206536,206536
264463,0,7,7,239614,239614
264494,3,8,11,242562,242562
264501,6,10,16,238455,238455
264503,2,7,9,232286,232286
264504,4,10,14,203363,203363
264523,1,4,5,232307,232307
264543,2,24,26,201487,201487
264578,1,1,2,225013,225013
264586,0,12,12,206347,206347
264605,1,6,7,237752,237752
264610,0,3,3,156209,156209
264646,0,1,1,63565,63565
264657,0,5,5,237354,237354
264666,0,0,0,196935,196935
264707,0,0,0,258005,258005
264716,3,30,33,204049,204049
264746,1,1,2,250516,250516
264749,1,1,2,242809,242809
264769,0,0,0,231423,231423
264772,1,5,6,149214,149214
264773,0,5,5,234661,234661
264792,0,0,0,168719,168719
264809,0,0,0,197492,197492
264814,0,0,0,136666,136666
264832,0,2,2,257733,257733
264853,0,1,1,215510,215510
264859,0,0,0,188711,188711
264874,0,2,2,74540,74540
264910,0,0,0,244895,244895
264930,2,3,5,220568,220568
264953,0,0,0,219334,219334
264971,0,4,4,258454,258454
264974,0,1,1,193234,193234
265010,0,31,31,165535,165535
265013,1,6,7,228807,228807
265028,4,3,7,118125,118125
265041,0,0,0,207073,207073
265049,0,0,0,225411,225411
265060,3,3,6,209021,209021
265069,0,3,3,185032,185032
265083,0,2,2,239580,239580
265089,6,5,11,256216,256216
265091,4,8,12,254423,254423
265102,0,1,1,149469,149469
265109,0,1,1,206479,206479
265218,0,0,0,241995,241995
265222,0,8,8,234344,234344
265229,0,1,1,235657,235657
265242,0,0,0,143088,143088
265273,0,1,1,169302,169302
265296,1,6,7,219239,219239
265361,0,0,0,152166,152166
265365,0,0,0,168735,168735
265367,1,4,5,62491,62491
265368,1,6,7,135708,135708
265407,2,5,7,149471,149471
265408,2,10,12,71258,71258
265443,0,2,2,188440,188440
265483,0,3,3,198078,198078
265484,1,5,6,148996,148996
265520,0,3,3,215260,215260
265531,0,3,3,66666,66666
265547,0,4,4,109758,109758
265554,0,3,3,224848,224848
265557,2,7,9,133333,133333
265559,4,6,10,14305,14305
265562,2,5,7,134156,134156
265564,1,4,5,224505,224505
265565,0,2,2,180171,180171
265578,0,2,2,212126,212126
265588,0,0,0,159061,159061
265590,0,0,0,162184,162184
265591,0,6,6,239601,239601
265635,0,14,14,209596,209596
265679,0,3,3,207549,207549
265684,0,0,0,170241,170241
265700,0,1,1,71821,71821
265705,1,2,3,161430,161430
265719,0,3,3,163621,163621
265725,0,7,7,247037,247037
265741,0,2,2,197189,197189
265745,0,2,2,196166,196166
265747,0,0,0,211503,211503
265767,0,0,0,188575,188575
265776,5,10,15,151126,151126
265784,1,6,7,196343,196343
265813,2,2,4,41979,41979
265814,2,2,4,189495,189495
265816,2,2,4,52367,52367
265835,4,6,10,202174,202174
265846,0,2,2,134527,134527
265855,1,1,2,209377,209377
265898,1,5,6,134057,134057
265917,0,1,1,134611,134611
265939,0,0,0,162230,162230
265959,0,6,6,163346,163346
265977,1,2,3,216901,216901
265998,3,4,7,249950,249950
266023,0,0,0,254303,254303
266037,0,1,1,76373,76373
266072,0,0,0,247739,247739
266075,1,3,4,147359,147359
266076,1,5,6,215289,215289
266078,0,0,0,233776,233776
266093,0,2,2,242327,242327
266144,0,2,2,174546,174546
266171,1,2,3,134776,134776
266188,0,1,1,141896,141896
266218,0,0,0,206159,206159
266263,3,14,17,210892,210892
266264,0,2,2,207815,207815
266266,3,8,11,232185,232185
266268,0,4,4,203316,203316
266288,0,5,5,211162,211162
266289,0,11,11,217077,217077
266295,0,1,1,224631,224631
266326,0,0,0,150103,150103
266338,0,1,1,197399,197399
266378,0,4,4,225709,225709
266400,0,0,0,127844,127844
266402,1,7,8,214857,214857
266409,0,0,0,240975,240975
266419,6,6,12,198251,198251
266424,0,4,4,227445,227445
266429,0,2,2,243360,243360
266450,1,2,3,143309,143309
266489,0,2,2,205329,205329
266501,1,4,5,189542,189542
266542,0,0,0,149924,149924
266556,0,2,2,189098,189098
266557,1,4,5,47016,47016
266569,1,7,8,87092,87092
266570,1,4,5,192755,192755
266625,5,5,10,209302,209302
266627,0,1,1,229236,229236
266633,0,1,1,197507,197507
266635,1,4,5,178170,178170
266649,0,3,3,234516,234516
266651,0,2,2,168122,168122
266661,0,2,2,250529,250529
266671,0,2,2,257255,257255
266675,0,5,5,150671,150671
266676,0,3,3,243711,243711
266688,0,1,1,100468,100468
266706,1,5,6,151091,151091
266708,2,4,6,132131,132131
266734,0,0,0,233722,233722
266766,0,0,0,174550,174550
266815,0,4,4,223575,223575
266825,0,1,1,62249,62249
266880,0,7,7,193779,193779
266882,3,8,11,234178,234178
266910,0,3,3,239134,239134
266925,0,0,0,135966,135966
266930,1,1,2,105542,105542
266948,0,1,1,188169,188169
266959,2,15,17,158261,158261
266992,0,3,3,136313,136313
267013,0,2,2,161357,161357
267035,3,12,15,178393,178393
267077,1,23,24,241750,241750
267090,0,5,5,221487,221487
267109,0,10,10,242927,242927
267133,0,5,5,200781,200781
267143,0,0,0,167762,167762
267168,1,18,19,149615,149615
267200,0,2,2,220203,220203
267206,0,2,2,66488,66488
267227,0,4,4,161825,161825
267232,0,6,6,251309,251309
267236,1,1,2,223317,223317
267237,0,2,2,200173,200173
267257,0,1,1,93278,93278
267269,8,18,26,137592,137592
267306,1,9,10,215458,215458
267308,5,16,21,224863,224863
267311,2,6,8,210539,210539
267317,6,13,19,158427,158427
267318,3,11,14,216029,216029
267326,0,1,1,142572,142572
267361,0,8,8,224341,224341
267397,3,4,7,180913,180913
267399,0,1,1,163539,163539
267408,0,0,0,203791,203791
267415,0,5,5,190802,190802
267450,1,7,8,215139,215139
267464,0,9,9,199560,199560
267467,5,4,9,161595,161595
267482,0,6,6,219930,219930
267488,0,1,1,246580,246580
267493,2,10,12,223342,223342
267499,0,2,2,180717,180717
267501,0,4,4,209356,209356
267516,0,4,4,228564,228564
267569,0,0,0,246336,246336
267572,0,2,2,221956,221956
267581,0,1,1,182292,182292
267592,0,1,1,180840,180840
267597,1,2,3,230836,230836
267683,0,8,8,178612,178612
267723,0,1,1,204977,204977
267736,0,2,2,174188,174188
267753,0,1,1,248519,248519
267772,0,6,6,179018,179018
267778,1,1,2,253726,253726
267781,0,0,0,256910,256910
267786,1,1,2,245638,245638
267795,2,5,7,231932,231932
267805,0,0,0,137592,137592
267840,0,1,1,224471,224471
267847,0,2,2,189906,189906
267858,2,5,7,223942,223942
267876,1,7,8,228082,228082
267922,0,2,2,253242,253242
267927,0,1,1,179054,179054
267959,1,3,4,237618,237618
267979,1,2,3,192307,192307
267986,0,2,2,213023,213023
268063,0,1,1,129196,129196
268111,0,4,4,125101,125101
268120,1,14,15,211010,211010
268167,0,2,2,176299,176299
268170,0,2,2,55007,55007
268204,0,0,0,256926,256926
268221,1,2,3,208966,208966
268258,1,3,4,251512,251512
268263,0,12,12,67510,67510
268281,1,4,5,246868,246868
268284,0,3,3,209135,209135
268293,0,1,1,234705,234705
268301,0,1,1,192347,192347
268326,0,4,4,189745,189745
268339,0,0,0,144070,144070
268342,0,2,2,226225,226225
268367,0,0,0,208534,208534
268371,0,0,0,177614,177614
268433,1,3,4,228893,228893
268455,0,11,11,180146,180146
268464,0,1,1,198832,198832
268497,3,16,19,247557,247557
268503,0,0,0,188515,188515
268521,0,3,3,133215,133215
268533,0,1,1,139195,139195
268539,3,5,8,209424,209424
268545,0,1,1,77367,77367
268559,0,0,0,150118,150118
268564,2,5,7,192519,192519
268606,0,2,2,132503,132503
268608,3,5,8,230367,230367
268610,4,7,11,225107,225107
268622,0,2,2,250879,250879
268624,0,0,0,200464,200464
268658,0,1,1,141583,141583
268672,0,0,0,257800,257800
268685,1,2,3,198771,198771
268702,0,1,1,105737,105737
268713,0,3,3,246071,246071
268719,2,3,5,252563,252563
268720,0,1,1,245088,245088
268727,3,5,8,166159,166159
268749,3,1,4,237833,237833
268777,0,6,6,142694,142694
268787,0,2,2,231945,231945
268789,6,9,15,213571,213571
268801,1,6,7,199961,199961
268847,0,20,20,226688,226688
268862,2,2,4,182684,182684
268877,1,9,10,252162,252162
268879,1,2,3,253238,253238
268948,1,4,5,156547,156547
268954,0,0,0,180931,180931
268997,0,2,2,170732,170732
269000,0,3,3,178642,178642
269028,0,6,6,231874,231874
269032,0,0,0,160090,160090
269037,2,4,6,204785,204785
269055,0,6,6,190151,190151
269068,0,3,3,110525,110525
269074,0,4,4,239854,239854
269076,0,5,5,248962,248962
269077,6,11,17,209825,209825
269085,1,4,5,149623,149623
269088,1,3,4,149344,149344
269089,1,1,2,248474,248474
269119,0,1,1,184248,184248
269149,0,0,0,166716,166716
269167,0,2,2,192629,192629
269170,0,2,2,144198,144198
269210,1,9,10,185237,185237
269238,0,0,0,253796,253796
269247,0,0,0,257413,257413
269252,1,1,2,245462,245462
269258,0,1,1,189151,189151
269299,0,1,1,170787,170787
269308,0,0,0,157634,157634
269315,1,3,4,210919,210919
269332,4,8,12,211117,211117
269340,1,11,12,40073,40073
269350,0,9,9,187965,187965
269360,0,1,1,206713,206713
269367,0,2,2,153683,153683
269393,7,12,19,192885,192885
269451,1,4,5,193208,193208
269496,0,3,3,224004,224004
269502,0,4,4,244251,244251
269512,1,3,4,85074,85074
269514,0,0,0,189739,189739
269521,1,4,5,193535,193535
269522,1,3,4,189995,189995
269527,1,4,5,95988,95988
269531,0,12,12,195343,195343
269587,2,2,4,109302,109302
269631,0,1,1,184997,184997
269674,0,1,1,155230,155230
269757,0,1,1,215015,215015
269762,0,3,3,188930,188930
269811,0,1,1,134031,134031
269812,0,1,1,209262,209262
269816,1,9,10,156581,156581
269817,5,12,17,140773,140773
269863,0,1,1,200003,200003
269870,0,0,0,225553,225553
269881,1,6,7,163552,163552
269884,0,2,2,257376,257376
269899,0,2,2,122199,122199
269905,0,2,2,147020,147020
269941,0,4,4,238947,238947
269943,0,0,0,230885,230885
269953,0,2,2,235541,235541
269972,0,2,2,236153,236153
270008,0,1,1,191259,191259
270056,0,8,8,167843,167843
270062,0,9,9,217096,217096
270065,0,4,4,182384,182384
270066,0,1,1,145873,145873
270079,1,4,5,194495,194495
270080,1,0,1,240054,240054
270082,0,0,0,141187,141187
270088,1,2,3,255133,255133
270092,0,3,3,221924,221924
270102,0,2,2,146666,146666
270110,3,22,25,180703,180703
270130,1,2,3,178926,178926
270149,0,3,3,190665,190665
270161,0,0,0,121044,121044
270166,0,2,2,171129,171129
270194,0,0,0,191014,191014
270196,0,2,2,231362,231362
270205,1,2,3,137378,137378
270209,0,3,3,148131,148131
270257,0,0,0,161523,161523
270304,0,1,1,196427,196427
270306,0,2,2,73688,73688
270307,0,2,2,194887,194887
270336,0,1,1,254706,254706
270339,2,11,13,256398,256398
270416,0,2,2,206383,206383
270439,0,0,0,164955,164955
270442,0,0,0,189389,189389
270513,1,7,8,49874,49874
270515,0,3,3,243351,243351
270530,0,1,1,158696,158696
270537,0,0,0,156502,156502
270550,0,5,5,254008,254008
270556,0,3,3,254296,254296
270626,1,3,4,234160,234160
270645,3,7,10,204294,204294
270659,0,2,2,243219,243219
270687,0,0,0,173952,173952
270763,0,0,0,140206,140206
270813,0,2,2,162834,162834
270815,0,4,4,227485,227485
270833,3,7,10,117575,117575
270835,0,3,3,219398,219398
270925,1,13,14,174131,174131
270928,0,1,1,222393,222393
270934,0,3,3,195923,195923
270945,0,1,1,230163,230163
270957,0,0,0,193460,193460
270966,0,0,0,187255,187255
270975,0,1,1,239205,239205
270976,0,3,3,194995,194995
270989,1,1,2,142772,142772
271017,0,0,0,226085,226085
271021,0,3,3,167111,167111
271069,3,3,6,149768,149768
271112,1,2,3,62597,62597
271113,2,3,5,230805,230805
271120,0,2,2,142679,142679
271135,0,0,0,188693,188693
271136,1,19,20,153935,153935
271148,2,2,4,90547,90547
271154,1,3,4,156324,156324
271166,1,1,2,102423,102423
271171,0,0,0,207786,207786
271181,1,12,13,230355,230355
271222,0,4,4,142878,142878
271238,1,5,6,190671,190671
271255,1,2,3,189274,189274
271257,0,10,10,69978,69978
271258,0,19,19,227137,227137
271268,0,0,0,210981,210981
271287,0,2,2,235562,235562
271289,0,1,1,243623,243623
271298,1,3,4,244138,244138
271322,0,0,0,139323,139323
271365,0,3,3,239754,239754
271368,0,1,1,231693,231693
271420,1,1,2,248800,248800
271421,1,5,6,249184,249184
271422,1,1,2,136147,136147
271435,0,0,0,160509,160509
271442,0,0,0,179119,179119
271447,0,8,8,162599,162599
271457,3,10,13,242095,242095
271458,2,3,5,245539,245539
271460,1,3,4,243835,243835
271492,0,2,2,217181,217181
271505,1,2,3,236109,236109
271518,0,2,2,60340,60340
271618,1,7,8,210830,210830
271643,0,2,2,60009,60009
271670,3,57,60,200372,200372
271672,4,27,31,201806,201806
271676,0,0,0,154053,154053
271712,0,0,0,150067,150067
271733,0,0,0,144157,144157
271747,0,1,1,193618,193618
271778,0,3,3,195817,195817
271796,1,11,12,228243,228243
271814,1,2,3,243198,243198
271865,0,0,0,159219,159219
271870,0,1,1,171264,171264
271892,0,1,1,256012,256012
271951,0,0,0,135184,135184
271959,0,0,0,218602,218602
271972,1,6,7,142649,142649
271987,1,1,2,234650,234650
271988,1,3,4,190747,190747
271995,2,6,8,12023,12023
272003,0,0,0,182166,182166
272019,0,1,1,256826,256826
272042,1,9,10,113408,113408
272067,1,7,8,146607,146607
272076,2,5,7,231598,231598
272077,2,3,5,239978,239978
272081,2,5,7,222766,222766
272092,0,5,5,146604,146604
272099,0,1,1,66741,66741
272102,1,3,4,148962,148962
272131,2,16,18,133181,133181
272187,0,1,1,194586,194586
272232,0,2,2,97451,97451
272241,0,1,1,237533,237533
272260,1,0,1,173853,173853
272262,0,1,1,227760,227760
272272,0,2,2,251339,251339
272273,0,13,13,73685,73685
272285,1,1,2,240085,240085
272319,1,1,2,168706,168706
272327,0,1,1,190134,190134
272348,1,1,2,74566,74566
272349,1,3,4,74095,74095
272353,1,0,1,138186,138186
272385,0,2,2,209059,209059
272395,1,4,5,229230,229230
272415,0,1,1,184451,184451
272440,3,12,15,229787,229787
272461,3,3,6,134716,134716
272467,0,0,0,230553,230553
272480,0,2,2,196694,196694
272513,1,4,5,178820,178820
272516,0,2,2,68385,68385
272519,0,8,8,129645,129645
272544,1,13,14,243239,243239
272546,0,0,0,218757,218757
272560,0,6,6,249066,249066
272565,0,0,0,86507,86507
272570,0,2,2,44302,44302
272605,0,2,2,154478,154478
272621,0,0,0,205481,205481
272625,0,3,3,150410,150410
272626,0,2,2,210476,210476
272652,1,4,5,60790,60790
272656,0,3,3,73953,73953
272673,0,4,4,213554,213554
272685,0,3,3,233882,233882
272693,1,31,32,73232,73232
272711,0,0,0,180472,180472
272714,1,4,5,179182,179182
272726,0,1,1,212993,212993
272746,0,5,5,244105,244105
272749,3,19,22,148189,148189
272753,1,20,21,239884,239884
272765,0,3,3,73163,73163
272772,0,0,0,102428,102428
272775,1,0,1,254878,254878
272818,2,20,22,126062,126062
272819,0,1,1,203234,203234
272840,0,6,6,250161,250161
272854,0,2,2,234490,234490
272868,4,12,16,176544,176544
272879,0,0,0,236302,236302
272880,0,6,6,123600,123600
272883,1,1,2,244948,244948
272917,0,4,4,217465,217465
272936,0,5,5,222865,222865
272996,0,2,2,146116,146116
273011,1,6,7,117135,117135
273021,0,3,3,202068,202068
273022,0,5,5,150776,150776
273054,0,1,1,139879,139879
273062,0,5,5,180850,180850
273083,1,1,2,187219,187219
273084,1,1,2,137342,137342
273095,0,4,4,179872,179872
273098,0,0,0,151101,151101
273124,3,2,5,209180,209180
273141,0,0,0,188915,188915
273163,0,2,2,100714,100714
273168,4,11,15,149498,149498
273265,1,4,5,178836,178836
273282,0,5,5,153537,153537
273314,2,6,8,243308,243308
273341,0,1,1,108831,108831
273400,0,1,1,194756,194756
273427,0,1,1,245342,245342
273446,0,0,0,253526,253526
273482,0,4,4,198718,198718
273488,0,2,2,216820,216820
273493,0,0,0,250036,250036
273538,1,1,2,248424,248424
273539,0,1,1,162128,162128
273549,1,4,5,248832,248832
273554,0,1,1,253818,253818
273587,0,0,0,189901,189901
273592,0,0,0,225273,225273
273610,1,3,4,148253,148253
273611,4,4,8,228486,228486
273620,0,3,3,216579,216579
273642,0,12,12,105987,105987
273659,0,0,0,239623,239623
273677,0,1,1,203666,203666
273680,0,0,0,72064,72064
273683,0,0,0,188584,188584
273684,0,1,1,174429,174429
273713,0,11,11,248763,248763
273724,0,6,6,154829,154829
273737,2,7,9,195814,195814
273748,0,4,4,71478,71478
273749,0,2,2,239471,239471
273750,0,5,5,153274,153274
273752,0,6,6,83421,83421
273801,0,1,1,239323,239323
273816,1,1,2,85309,85309
273849,0,2,2,221734,221734
273860,0,1,1,59810,59810
273871,2,1,3,250638,250638
273877,0,0,0,255626,255626
273882,0,2,2,197516,197516
273895,1,1,2,232423,232423
273909,0,0,0,241841,241841
273927,0,13,13,191906,191906
273956,0,0,0,193856,193856
273963,1,1,2,154093,154093
273966,0,1,1,258504,258504
273969,0,2,2,202649,202649
273996,0,0,0,229127,229127
274016,1,5,6,248945,248945
274026,1,3,4,151717,151717
274027,1,11,12,131955,131955
274043,0,0,0,189531,189531
274049,0,1,1,68576,68576
274054,0,2,2,230242,230242
274058,0,1,1,183261,183261
274098,0,0,0,183512,183512
274136,0,2,2,192447,192447
274152,0,1,1,211663,211663
274153,2,3,5,208810,208810
274161,1,0,1,210262,210262
274170,0,1,1,194395,194395
274185,0,3,3,153225,153225
274209,2,3,5,200384,200384
274216,1,3,4,153280,153280
274224,0,3,3,198247,198247
274229,0,0,0,247856,247856
274243,1,1,2,239540,239540
274248,0,1,1,243028,243028
274253,2,17,19,146852,146852
274256,4,16,20,234835,234835
274266,0,4,4,81281,81281
274300,0,1,1,248908,248908
274321,0,4,4,157328,157328
274344,1,10,11,150960,150960
274362,1,5,6,254805,254805
274404,0,0,0,133695,133695
274415,2,25,27,147679,147679
274428,2,4,6,156682,156682
274454,0,0,0,155392,155392
274482,0,2,2,179911,179911
274494,0,4,4,134996,134996
274498,0,0,0,238317,238317
274508,3,4,7,125571,125571
274513,0,0,0,188709,188709
274522,0,0,0,256853,256853
274550,1,3,4,244959,244959
274567,1,2,3,201767,201767
274591,1,5,6,205774,205774
274609,0,2,2,196025,196025
274612,1,5,6,105326,105326
274620,3,8,11,222388,222388
274637,0,8,8,126315,126315
274643,0,2,2,248538,248538
274649,0,1,1,67439,67439
274663,7,11,18,176034,176034
274664,0,3,3,191482,191482
274696,0,2,2,211180,211180
274702,1,2,3,213367,213367
274729,1,32,33,130095,130095
274732,0,2,2,135345,135345
274743,0,5,5,188677,188677
274775,1,1,2,169641,169641
274779,0,3,3,167982,167982
274785,0,4,4,242062,242062
274788,0,0,0,162542,162542
274789,0,0,0,134235,134235
274791,0,4,4,144407,144407
274882,0,0,0,142613,142613
274884,0,0,0,188361,188361
274908,5,13,18,138436,138436
274928,1,12,13,153037,153037
274931,3,4,7,207960,207960
274946,1,3,4,210983,210983
274971,0,5,5,173770,173770
274977,0,4,4,131770,131770
274995,0,2,2,105284,105284
275020,0,6,6,167141,167141
275037,0,4,4,235643,235643
275125,1,2,3,185392,185392
275142,1,2,3,237063,237063
275152,1,1,2,239589,239589
275163,0,0,0,241793,241793
275165,0,1,1,106715,106715
275172,0,2,2,194841,194841
275176,0,2,2,234245,234245
275189,1,8,9,237465,237465
275237,0,1,1,160942,160942
275250,0,2,2,179651,179651
275267,0,9,9,220121,220121
275272,0,2,2,250941,250941
275285,0,2,2,98938,98938
275325,1,5,6,150837,150837
275355,0,1,1,133902,133902
275368,0,2,2,220067,220067
275377,0,3,3,249690,249690
275382,1,12,13,61373,61373
275414,1,0,1,231606,231606
275431,0,0,0,220750,220750
275487,0,4,4,146486,146486
275523,1,5,6,239971,239971
275526,1,7,8,229807,229807
275552,0,18,18,112265,112265
275554,0,1,1,66907,66907
275556,0,2,2,246885,246885
275561,1,3,4,141372,141372
275565,0,4,4,225077,225077
275575,0,1,1,119854,119854
275616,0,1,1,240265,240265
275625,0,4,4,159232,159232
275641,0,5,5,252646,252646
275656,0,0,0,208663,208663
275664,0,1,1,134330,134330
275674,0,2,2,204075,204075
275737,1,0,1,235956,235956
275738,1,6,7,187690,187690
275745,0,0,0,147786,147786
275813,1,2,3,227875,227875
275842,2,3,5,161669,161669
275852,1,5,6,137856,137856
275876,1,1,2,182299,182299
275879,0,6,6,241739,241739
275885,1,4,5,248202,248202
275887,0,1,1,177607,177607
275904,0,0,0,211602,211602
275924,0,6,6,236007,236007
275939,1,2,3,252515,252515
275947,0,0,0,106939,106939
275957,3,5,8,235514,235514
275969,0,2,2,206760,206760
275993,1,3,4,151073,151073
276038,0,2,2,237293,237293
276055,0,3,3,231053,231053
276059,1,2,3,247350,247350
276064,0,1,1,256480,256480
276071,1,4,5,54319,54319
276076,1,2,3,254510,254510
276095,1,11,12,154667,154667
276121,0,0,0,240060,240060
276134,0,3,3,215458,215458
276146,0,4,4,103090,103090
276154,0,0,0,154748,154748
276159,0,2,2,194885,194885
276177,0,4,4,216681,216681
276178,0,4,4,242351,242351
276191,1,1,2,143442,143442
276204,0,0,0,141291,141291
276226,0,4,4,172914,172914
276240,1,1,2,202318,202318
276245,1,2,3,256597,256597
276250,2,3,5,198649,198649
276258,0,4,4,250397,250397
276284,1,8,9,258859,258859
276291,0,0,0,180643,180643
276318,0,1,1,187685,187685
276321,0,13,13,208984,208984
276335,1,1,2,188321,188321
276380,0,4,4,241549,241549
276420,0,8,8,153726,153726
276433,1,4,5,201464,201464
276435,2,5,7,190318,190318
276440,2,6,8,191015,191015
276449,1,2,3,248885,248885
276450,0,0,0,181935,181935
276464,0,4,4,200068,200068
276476,1,5,6,195678,195678
276492,3,6,9,92691,92691
276505,0,2,2,242946,242946
276525,0,1,1,232575,232575
276540,1,2,3,179175,179175
276561,0,1,1,136592,136592
276612,0,1,1,255857,255857
276633,0,10,10,188503,188503
276653,0,2,2,87298,87298
276664,0,1,1,230404,230404
276699,0,6,6,190831,190831
276716,1,4,5,167186,167186
276721,1,2,3,227478,227478
276735,0,2,2,149526,149526
276743,0,16,16,243004,243004
276745,0,1,1,68369,68369
276753,0,4,4,199310,199310
276830,0,3,3,151991,151991
276854,0,1,1,216294,216294
276866,0,0,0,153195,153195
276872,1,7,8,253350,253350
276890,1,4,5,249461,249461
276891,1,6,7,58282,58282
276902,0,1,1,240499,240499
276916,0,4,4,155019,155019
276917,0,2,2,141579,141579
276931,0,1,1,174697,174697
276933,0,1,1,258227,258227
276953,0,5,5,235824,235824
276959,0,7,7,249918,249918
276984,1,1,2,87868,87868
276996,0,1,1,248074,248074
276998,3,10,13,146439,146439
277023,0,1,1,223813,223813
277025,0,2,2,239013,239013
277054,0,3,3,239343,239343
277067,0,15,15,230978,230978
277072,0,7,7,233983,233983
277078,3,40,43,199554,199554
277101,1,1,2,200905,200905
277125,0,7,7,187043,187043
277127,0,3,3,192440,192440
277135,1,1,2,251095,251095
277139,0,0,0,155249,155249
277147,0,12,12,164460,164460
277157,0,0,0,159318,159318
277188,0,0,0,249714,249714
277218,1,1,2,156440,156440
277285,1,4,5,215395,215395
277305,0,0,0,220144,220144
277309,0,0,0,156217,156217
277314,1,3,4,180418,180418
277321,0,3,3,61606,61606
277329,0,2,2,77517,77517
277353,0,4,4,149472,149472
277365,0,0,0,217756,217756
277376,0,0,0,224770,224770
277377,0,0,0,191566,191566
277397,0,1,1,199774,199774
277429,0,1,1,174842,174842
277433,0,1,1,183706,183706
277479,1,1,2,189834,189834
277499,0,0,0,179790,179790
277514,0,1,1,158045,158045
277522,0,0,0,161583,161583
277528,0,5,5,217730,217730
277543,0,0,0,244663,244663
277554,0,0,0,86410,86410
277584,1,29,30,197953,197953
277603,0,6,6,177137,177137
277614,3,14,17,132051,132051
277620,3,7,10,189290,189290
277631,1,2,3,179805,179805
277656,1,3,4,148672,148672
277659,0,3,3,66125,66125
277699,0,0,0,246082,246082
277715,0,2,2,181401,181401
277721,0,1,1,210484,210484
277748,0,1,1,162629,162629
277771,0,3,3,194570,194570
277801,0,0,0,152602,152602
277831,1,2,3,214615,214615
277840,2,8,10,237175,237175
277846,2,2,4,216035,216035
277858,1,2,3,82425,82425
277890,0,1,1,131087,131087
277936,3,4,7,188605,188605
277939,1,4,5,161495,161495
277950,0,15,15,191367,191367
277987,0,3,3,233336,233336
277996,0,6,6,203644,203644
278036,6,9,15,164297,164297
278040,0,3,3,65689,65689
278045,0,0,0,144756,144756
278079,0,1,1,134298,134298
278109,0,1,1,192716,192716
278110,0,3,3,249203,249203
278116,0,2,2,136240,136240
278160,0,2,2,243563,243563
278162,0,3,3,210396,210396
278188,0,4,4,180565,180565
278194,3,4,7,227063,227063
278251,2,4,6,74043,74043
278259,0,1,1,153449,153449
278297,2,6,8,191715,191715
278298,1,2,3,234012,234012
278308,0,1,1,196672,196672
278317,0,0,0,189731,189731
278325,0,1,1,160715,160715
278347,1,2,3,231058,231058
278351,0,5,5,210085,210085
278360,0,0,0,159918,159918
278403,0,0,0,256599,256599
278431,5,2,7,202358,202358
278477,2,4,6,196409,196409
278509,0,0,0,99297,99297
278524,1,1,2,233868,233868
278535,0,1,1,219366,219366
278548,0,4,4,72387,72387
278561,1,5,6,128451,128451
278564,2,3,5,144087,144087
278572,1,1,2,186914,186914
278576,0,0,0,237026,237026
278585,5,19,24,204873,204873
278621,0,4,4,241501,241501
278627,1,3,4,237451,237451
278632,0,1,1,152566,152566
278633,0,3,3,228311,228311
278646,0,1,1,179300,179300
278649,0,3,3,203608,203608
278652,0,2,2,155223,155223
278709,2,2,4,206934,206934
278724,1,1,2,210432,210432
278730,0,1,1,141831,141831
278731,0,0,0,220234,220234
278736,1,9,10,256882,256882
278753,0,1,1,138237,138237
278767,0,0,0,116244,116244
278769,0,5,5,194988,194988
278775,0,1,1,58685,58685
278783,3,7,10,200996,200996
278784,1,2,3,206275,206275
278788,1,2,3,246588,246588
278795,2,8,10,204595,204595
278799,3,5,8,162912,162912
278807,1,1,2,224709,224709
278809,4,19,23,213562,213562
278811,3,8,11,203128,203128
278849,0,7,7,152815,152815
278851,0,0,0,245727,245727
278853,0,3,3,200143,200143
278900,0,1,1,208908,208908
278924,0,1,1,210220,210220
278955,0,2,2,185481,185481
278995,0,0,0,199343,199343
278999,0,2,2,215265,215265
279009,0,1,1,250400,250400
279049,0,4,4,73148,73148
279050,0,1,1,74790,74790
279061,0,4,4,245615,245615
279089,0,2,2,188452,188452
279106,0,3,3,238608,238608
279133,1,3,4,94608,94608
279139,0,2,2,174735,174735
279143,0,1,1,66239,66239
279167,0,1,1,197204,197204
279173,0,0,0,188351,188351
279183,0,2,2,193045,193045
279189,0,3,3,199859,199859
279199,0,4,4,246160,246160
279205,0,3,3,110363,110363
279207,1,6,7,57969,57969
279227,0,0,0,234055,234055
279277,2,4,6,243715,243715
279279,0,5,5,236880,236880
279281,0,0,0,199924,199924
279291,0,6,6,113048,113048
279316,0,11,11,29596,29596
279344,0,17,17,158408,158408
279367,0,0,0,137101,137101
279368,1,2,3,250929,250929
279369,0,0,0,243909,243909
279381,0,4,4,227779,227779
279382,0,0,0,205863,205863
279407,0,2,2,251085,251085
279419,0,4,4,153065,153065
279429,1,6,7,197481,197481
279490,0,2,2,175485,175485
279497,0,0,0,142673,142673
279506,0,0,0,203471,203471
279508,0,0,0,212872,212872
279516,0,1,1,154213,154213
279541,0,7,7,125956,125956
279565,0,0,0,195007,195007
279568,1,5,6,184213,184213
279595,1,5,6,246271,246271
279602,1,1,2,64088,64088
279642,1,4,5,221058,221058
279653,2,2,4,100196,100196
279690,3,5,8,155772,155772
279714,0,4,4,242906,242906
279771,0,1,1,73975,73975
279805,0,2,2,68878,68878
279810,0,0,0,240869,240869
279835,3,10,13,255897,255897
279845,1,1,2,150466,150466
279846,4,4,8,239990,239990
279847,1,5,6,211756,211756
279875,0,0,0,74666,74666
279876,0,0,0,153695,153695
279879,0,2,2,189032,189032
279880,4,0,4,55923,55923
279912,2,17,19,196966,196966
279957,2,6,8,236730,236730
279966,0,4,4,214180,214180
279969,0,4,4,221629,221629
279983,2,1,3,49703,49703
279985,0,5,5,16878,16878
280000,1,1,2,143058,143058
280008,0,13,13,234135,234135
280011,2,3,5,250423,250423
280016,1,1,2,114074,114074
280018,1,3,4,161575,161575
280049,0,2,2,202603,202603
280058,1,3,4,246065,246065
280076,0,0,0,203602,203602
280168,0,5,5,218759,218759
280217,0,2,2,221588,221588
280229,0,3,3,145458,145458
280247,0,2,2,145088,145088
280288,2,4,6,178794,178794
280314,0,2,2,214478,214478
280315,4,66,70,210633,210633
280334,0,3,3,233519,233519
280405,0,1,1,249425,249425
280422,1,1,2,146497,146497
280425,0,2,2,67856,67856
280470,1,9,10,147595,147595
280473,2,3,5,160183,160183
280507,0,1,1,193510,193510
280510,0,3,3,142543,142543
280514,3,3,6,205953,205953
280515,3,4,7,220084,220084
280516,2,17,19,205829,205829
280522,1,13,14,212575,212575
280544,3,12,15,258377,258377
280548,1,8,9,217919,217919
280583,0,10,10,147860,147860
280594,0,7,7,231488,231488
280598,3,6,9,255913,255913
280635,0,2,2,130269,130269
280639,2,7,9,147447,147447
280644,0,4,4,201013,201013
280645,0,2,2,67558,67558
280658,0,1,1,216459,216459
280688,0,0,0,244214,244214
280696,0,1,1,227318,227318
280703,0,0,0,156919,156919
280728,1,2,3,134523,134523
280783,0,13,13,74519,74519
280784,0,2,2,214345,214345
280790,0,3,3,221816,221816
280814,0,0,0,67847,67847
280818,1,1,2,161168,161168
280849,0,9,9,218219,218219
280850,0,0,0,130544,130544
280856,0,3,3,191158,191158
280863,0,0,0,158636,158636
280866,0,2,2,204802,204802
280872,0,2,2,191196,191196
280896,2,4,6,243040,243040
280933,0,29,29,148564,148564
280935,0,1,1,203151,203151
280961,0,1,1,206510,206510
280974,0,1,1,150091,150091
280999,0,0,0,252393,252393
281003,0,3,3,92478,92478
281032,0,6,6,197106,197106
281043,1,18,19,177671,177671
281060,0,0,0,245111,245111
281077,1,17,18,257621,257621
281127,0,2,2,177660,177660
281165,0,4,4,229293,229293
281181,1,3,4,179785,179785
281188,0,1,1,66707,66707
281202,0,7,7,218301,218301
281229,0,0,0,130353,130353
281242,0,0,0,150616,150616
281271,0,3,3,191102,191102
281297,2,1,3,247527,247527
281298,1,2,3,159204,159204
281323,0,0,0,203511,203511
281350,0,6,6,163866,163866
281361,0,1,1,127686,127686
281405,3,5,8,125439,125439
281408,0,0,0,139237,139237
281412,0,2,2,156479,156479
281417,1,6,7,246629,246629
281432,0,0,0,240711,240711
281493,0,3,3,59122,59122
281500,0,0,0,189044,189044
281503,1,4,5,135161,135161
281514,2,4,6,250115,250115
281547,0,5,5,247843,247843
281571,0,0,0,188963,188963
281572,0,11,11,146536,146536
281580,0,3,3,178401,178401
281612,2,3,5,152490,152490
281613,0,4,4,148812,148812
281640,2,6,8,240165,240165
281650,0,1,1,178545,178545
281674,2,25,27,160559,160559
281677,0,8,8,220765,220765
281686,0,8,8,251201,251201
281693,0,4,4,142803,142803
281706,1,13,14,240932,240932
281709,0,3,3,238518,238518
281721,0,2,2,240205,240205
281726,0,1,1,192315,192315
281741,1,6,7,153867,153867
281742,0,2,2,172391,172391
281746,0,0,0,218051,218051
281750,1,3,4,226477,226477
281766,0,1,1,113098,113098
281821,1,13,14,233874,233874
281827,0,1,1,230566,230566
281833,0,6,6,251081,251081
281846,0,7,7,181124,181124
281909,0,1,1,194644,194644
281920,0,0,0,138174,138174
281923,1,10,11,177914,177914
281951,0,4,4,10780,10780
281957,2,2,4,245410,245410
281958,2,2,4,201077,201077
281977,0,1,1,108518,108518
281982,0,4,4,153033,153033
281998,0,6,6,197158,197158
282095,0,2,2,67772,67772
282128,1,3,4,135678,135678
282151,0,0,0,133693,133693
282163,1,0,1,152995,152995
282165,1,30,31,240623,240623
282188,0,2,2,152659,152659
282200,0,1,1,66177,66177
282321,1,2,3,193696,193696
282354,0,6,6,191753,191753
282360,1,3,4,190915,190915
282392,0,1,1,187048,187048
282408,0,1,1,243874,243874
282423,0,1,1,234283,234283
282467,0,1,1,112027,112027
282469,0,9,9,225825,225825
282476,4,6,10,195243,195243
282477,1,3,4,197088,197088
282502,0,3,3,142975,142975
282515,0,1,1,241350,241350
282559,0,1,1,232585,232585
282562,0,0,0,189021,189021
282581,1,1,2,185942,185942
282617,0,0,0,113819,113819
282620,1,2,3,158460,158460
282695,2,8,10,241053,241053
282718,1,2,3,173251,173251
282734,0,3,3,160685,160685
282736,3,9,12,144852,144852
282740,0,1,1,191742,191742
282742,3,3,6,224558,224558
282758,5,11,16,65217,65217
282759,3,8,11,142041,142041
282800,0,0,0,223119,223119
282805,0,0,0,136884,136884
282815,0,0,0,240970,240970
282861,0,0,0,208932,208932
282879,0,0,0,234251,234251
282884,0,0,0,163406,163406
282887,1,8,9,165708,165708
282894,0,2,2,237920,237920
282905,1,1,2,127574,127574
282910,2,3,5,153869,153869
282914,2,2,4,233276,233276
282915,2,2,4,232887,232887
282916,2,2,4,232083,232083
282927,0,0,0,233208,233208
282933,0,0,0,158270,158270
282954,1,2,3,156615,156615
282957,0,1,1,140230,140230
282983,0,1,1,98808,98808
282987,0,2,2,243497,243497
283004,1,2,3,178778,178778
283005,1,1,2,177404,177404
283041,2,4,6,139913,139913
283044,0,6,6,225837,225837
283086,0,0,0,232486,232486
283095,0,2,2,133287,133287
283107,1,1,2,240365,240365
283131,1,2,3,236463,236463
283134,1,3,4,196722,196722
283166,3,9,12,186254,186254
283182,0,2,2,198826,198826
283187,0,15,15,248449,248449
283206,0,2,2,147847,147847
283226,0,3,3,211853,211853
283228,2,11,13,243136,243136
283250,0,1,1,187507,187507
283284,0,3,3,76532,76532
283290,0,5,5,237203,237203
283295,0,0,0,125980,125980
283305,0,2,2,148654,148654
283331,0,0,0,201570,201570
283362,0,0,0,188441,188441
283364,0,5,5,162011,162011
283387,0,2,2,151645,151645
283400,0,1,1,148799,148799
283410,0,4,4,214376,214376
283418,9,16,25,244035,244035
283457,10,31,41,244376,244376
283458,2,26,28,218830,218830
283473,0,8,8,198719,198719
283479,0,3,3,245243,245243
283481,2,2,4,179693,179693
283485,0,0,0,80511,80511
283509,0,2,2,223115,223115
283523,0,1,1,175914,175914
283558,0,4,4,242142,242142
283574,0,4,4,236815,236815
283614,0,10,10,40442,40442
283641,0,3,3,244467,244467
283649,0,2,2,153238,153238
283681,0,0,0,144315,144315
283689,0,0,0,192532,192532
283720,0,5,5,243292,243292
283726,0,3,3,223908,223908
283739,1,1,2,179700,179700
283751,0,0,0,222068,222068
283767,0,2,2,256472,256472
283789,0,0,0,201868,201868
283804,0,0,0,180520,180520
283805,0,0,0,224018,224018
283825,1,2,3,161263,161263
283864,0,1,1,254160,254160
283882,0,3,3,212036,212036
283883,0,0,0,252120,252120
283921,3,6,9,236698,236698
283941,1,9,10,107015,107015
284005,0,0,0,213359,213359
284022,1,4,5,150766,150766
284044,0,3,3,190654,190654
284055,2,8,10,237016,237016
284066,1,1,2,218582,218582
284067,2,4,6,218846,218846
284092,2,4,6,197056,197056
284098,0,3,3,161595,161595
284123,0,2,2,228808,228808
284127,2,1,3,154434,154434
284162,0,5,5,230170,230170
284178,0,9,9,113003,113003
284207,0,0,0,172484,172484
284222,0,3,3,107862,107862
284225,0,0,0,215247,215247
284239,0,0,0,148468,148468
284252,2,5,7,214586,214586
284254,1,2,3,235792,235792
284302,0,10,10,138323,138323
284331,1,1,2,150029,150029
284336,0,5,5,247687,247687
284337,0,1,1,195768,195768
284389,1,5,6,157171,157171
284440,2,4,6,197135,197135
284443,0,7,7,150553,150553
284458,1,3,4,202307,202307
284460,0,1,1,186094,186094
284489,0,0,0,208484,208484
284559,0,9,9,246857,246857
284564,0,1,1,153694,153694
284574,0,0,0,236703,236703
284575,0,0,0,234456,234456
284609,0,3,3,253908,253908
284651,1,0,1,155436,155436
284678,1,1,2,196960,196960
284687,0,6,6,144862,144862
284792,2,3,5,207479,207479
284813,0,1,1,223306,223306
284818,0,2,2,209508,209508
284861,0,1,1,177413,177413
284875,0,6,6,143682,143682
284882,0,1,1,78920,78920
284917,0,1,1,73735,73735
284923,1,9,10,255413,255413
284931,2,5,7,229711,229711
284942,2,3,5,234467,234467
284978,1,2,3,145417,145417
284994,0,3,3,86337,86337
284996,0,1,1,184154,184154
285005,0,0,0,168607,168607
285010,0,0,0,159486,159486
285052,0,0,0,94278,94278
285085,0,3,3,220621,220621
285107,4,86,90,171860,171860
285115,0,0,0,188315,188315
285129,0,9,9,252104,252104
285155,0,0,0,213525,213525
285165,0,0,0,143613,143613
285281,0,5,5,228478,228478
285294,1,7,8,149343,149343
285300,0,0,0,246704,246704
285329,0,0,0,188568,188568
285368,0,3,3,149131,149131
285371,0,2,2,223264,223264
285374,1,7,8,221482,221482
285437,0,10,10,221106,221106
285439,0,3,3,190696,190696
285440,0,0,0,197573,197573
285443,0,5,5,134083,134083
285460,0,2,2,190998,190998
285471,0,5,5,163751,163751
285483,0,3,3,236900,236900
285491,0,0,0,75447,75447
285494,1,2,3,248159,248159
285498,0,0,0,223224,223224
285513,0,0,0,258327,258327
285523,0,1,1,253147,253147
285571,0,2,2,109069,109069
285575,0,2,2,224081,224081
285585,1,7,8,137999,137999
285591,0,1,1,239938,239938
285613,0,4,4,240446,240446
285627,0,0,0,189199,189199
285632,0,0,0,180711,180711
285642,0,4,4,187757,187757
285643,0,3,3,229842,229842
285647,0,0,0,153733,153733
285661,0,4,4,151533,151533
285664,0,4,4,140409,140409
285668,1,2,3,230577,230577
285717,0,4,4,205570,205570
285720,2,3,5,240149,240149
285736,0,3,3,109285,109285
285762,0,1,1,144797,144797
285770,1,1,2,233050,233050
285814,2,14,16,190301,190301
285816,0,0,0,176063,176063
285820,0,1,1,220118,220118
285828,0,2,2,211541,211541
285831,3,5,8,89823,89823
285889,0,3,3,154647,154647
285913,2,3,5,15734,15734
285914,4,4,8,14761,14761
285923,0,6,6,150495,150495
285932,2,3,5,244782,244782
286005,0,2,2,59481,59481
286030,1,1,2,75022,75022
286031,0,0,0,176259,176259
286063,0,1,1,178935,178935
286064,0,10,10,247948,247948
286094,0,1,1,77332,77332
286100,0,0,0,169090,169090
286147,2,4,6,229412,229412
286148,1,1,2,127089,127089
286164,0,1,1,199455,199455
286171,0,0,0,152546,152546
286172,0,2,2,113896,113896
286177,1,4,5,245137,245137
286179,0,2,2,227440,227440
286194,0,2,2,233521,233521
286219,0,0,0,138872,138872
286222,0,3,3,108502,108502
286267,0,1,1,181203,181203
286271,1,1,2,221918,221918
286276,3,10,13,224636,224636
286298,0,0,0,212039,212039
286309,0,0,0,167034,167034
286312,0,1,1,209179,209179
286325,0,5,5,194420,194420
286338,1,3,4,115921,115921
286340,1,1,2,230371,230371
286355,0,4,4,69131,69131
286367,2,6,8,134577,134577
286378,2,4,6,233075,233075
286379,1,2,3,227514,227514
286396,0,0,0,244140,244140
286432,2,4,6,221334,221334
286444,0,4,4,144074,144074
286468,0,4,4,255751,255751
286470,0,1,1,252896,252896
286479,0,0,0,84056,84056
286524,1,4,5,207437,207437
286528,0,9,9,208407,208407
286533,1,6,7,198942,198942
286550,0,0,0,187047,187047
286562,4,6,10,219710,219710
286563,4,4,8,238726,238726
286564,4,4,8,221815,221815
286567,4,6,10,211884,211884
286598,0,5,5,231563,231563
286602,1,4,5,225528,225528
286624,1,6,7,197175,197175
286731,0,1,1,251771,251771
286739,3,2,5,149668,149668
286756,0,1,1,259174,259174
286839,0,4,4,196604,196604
286845,1,6,7,147065,147065
286850,0,22,22,146665,146665
286851,0,0,0,232665,232665
286863,1,7,8,184927,184927
286868,1,0,1,221157,221157
286892,0,0,0,173993,173993
286903,0,3,3,136100,136100
286936,0,0,0,179767,179767
286955,0,1,1,188584,188584
286960,0,2,2,252055,252055
286970,0,3,3,221347,221347
286986,0,4,4,130754,130754
287031,0,0,0,162880,162880
287046,1,2,3,170063,170063
287047,2,4,6,211693,211693
287057,5,11,16,71278,71278
287068,0,2,2,59827,59827
287073,0,0,0,241031,241031
287092,0,3,3,187027,187027
287121,0,4,4,134897,134897
287134,0,0,0,103183,103183
287142,0,7,7,104303,104303
287172,0,1,1,193176,193176
287181,1,0,1,203101,203101
287185,0,0,0,158535,158535
287192,0,9,9,179632,179632
287203,1,7,8,247427,247427
287207,0,1,1,251202,251202
287222,1,2,3,207650,207650
287243,0,2,2,255332,255332
287311,1,2,3,156011,156011
287335,0,0,0,141725,141725
287356,1,7,8,229550,229550
287367,0,1,1,238173,238173
287372,2,11,13,226768,226768
287412,2,2,4,151059,151059
287435,1,1,2,256670,256670
287447,1,0,1,188754,188754
287454,0,6,6,113842,113842
287480,0,2,2,155832,155832
287598,3,7,10,223765,223765
287604,0,5,5,150726,150726
287616,2,9,11,221862,221862
287630,1,1,2,147016,147016
287639,1,2,3,139244,139244
287654,0,2,2,154284,154284
287700,0,1,1,66153,66153
287705,0,1,1,231302,231302
287724,0,13,13,160389,160389
287725,1,3,4,147427,147427
287756,2,12,14,178900,178900
287766,0,2,2,257704,257704
287772,0,2,2,242146,242146
287786,1,1,2,255953,255953
287797,1,6,7,248557,248557
287823,1,2,3,130950,130950
287829,2,2,4,238368,238368
287830,4,5,9,248748,248748
287871,0,1,1,178184,178184
287880,0,0,0,163159,163159
287911,0,0,0,212303,212303
287917,0,2,2,240620,240620
287927,0,0,0,197387,197387
287935,0,0,0,75511,75511
287954,1,6,7,47541,47541
287973,0,0,0,169842,169842
287992,0,7,7,119496,119496
287994,3,4,7,153003,153003
287998,0,0,0,135210,135210
288008,0,1,1,70238,70238
288016,0,0,0,205055,205055
288039,1,4,5,108991,108991
288072,0,4,4,240297,240297
288075,0,4,4,148289,148289
288076,0,7,7,248106,248106
288094,1,4,5,163069,163069
288103,3,12,15,187859,187859
288106,2,3,5,211929,211929
288121,0,0,0,175501,175501
288141,0,0,0,154550,154550
288169,0,3,3,172851,172851
288258,0,2,2,203894,203894
288268,0,5,5,194142,194142
288277,0,4,4,210133,210133
288278,2,3,5,193891,193891
288300,0,4,4,155425,155425
288336,0,0,0,218016,218016
288341,0,0,0,146133,146133
288343,0,3,3,156915,156915
288347,0,1,1,253555,253555
288382,0,2,2,237371,237371
288386,0,7,7,13795,13795
288403,0,2,2,250628,250628
288408,1,1,2,49731,49731
288421,0,2,2,248849,248849
288434,0,0,0,215574,215574
288444,6,8,14,233870,233870
288445,13,8,21,219807,219807
288475,0,7,7,242891,242891
288488,0,0,0,249762,249762
288524,1,0,1,213301,213301
288542,2,3,5,172189,172189
288556,0,1,1,164357,164357
288644,0,2,2,167617,167617
288659,1,1,2,143945,143945
288692,0,0,0,244289,244289
288699,0,2,2,196814,196814
288717,0,3,3,201659,201659
288724,0,3,3,191375,191375
288730,0,10,10,197606,197606
288756,0,1,1,247029,247029
288836,3,9,12,225503,225503
288841,0,12,12,206687,206687
288842,0,2,2,183124,183124
288843,0,1,1,137775,137775
288853,0,3,3,234351,234351
288891,0,3,3,215705,215705
288911,0,5,5,237637,237637
288917,0,2,2,188844,188844
288935,0,0,0,241356,241356
288953,0,1,1,153061,153061
289004,1,1,2,247191,247191
289029,2,5,7,213798,213798
289031,3,13,16,163949,163949
289034,0,10,10,201171,201171
289037,8,17,25,82834,82834
289042,3,5,8,139152,139152
289055,0,0,0,179322,179322
289095,2,4,6,178124,178124
289123,0,5,5,195022,195022
289161,2,4,6,162150,162150
289183,0,3,3,224975,224975
289241,0,0,0,142547,142547
289258,0,0,0,246020,246020
289265,0,0,0,218388,218388
289269,0,0,0,153831,153831
289271,0,5,5,234608,234608
289277,0,3,3,235638,235638
289295,2,2,4,184061,184061
289329,0,1,1,218052,218052
289345,0,4,4,122434,122434
289373,1,4,5,215470,215470
289375,3,5,8,175896,175896
289388,0,5,5,250336,250336
289396,1,1,2,152875,152875
289427,0,2,2,227099,227099
289453,1,11,12,242132,242132
289457,0,2,2,167590,167590
289486,3,7,10,221382,221382
289487,1,4,5,118834,118834
289514,0,3,3,251662,251662
289530,0,1,1,212261,212261
289534,1,5,6,244622,244622
289536,0,15,15,75188,75188
289544,0,2,2,207142,207142
289547,6,24,30,145154,145154
289588,0,14,14,206058,206058
289601,0,6,6,248458,248458
289619,0,3,3,146170,146170
289620,1,4,5,233887,233887
289633,0,0,0,231872,231872
289639,0,1,1,158944,158944
289648,1,2,3,196798,196798
289650,0,1,1,70323,70323
289733,0,6,6,171018,171018
289756,0,3,3,134172,134172
289805,0,6,6,203280,203280
289807,1,8,9,222239,222239
289820,0,1,1,251345,251345
289821,0,2,2,221331,221331
289846,0,0,0,198583,198583
289883,1,4,5,145280,145280
289892,0,0,0,230932,230932
289911,2,3,5,200818,200818
289940,0,0,0,212161,212161
289978,0,1,1,214245,214245
289990,0,1,1,221179,221179
290008,0,4,4,244988,244988
290044,0,0,0,190532,190532
290053,1,0,1,143938,143938
290089,1,2,3,250853,250853
290093,0,8,8,190767,190767
290147,1,1,2,164417,164417
290152,1,2,3,231242,231242
290179,0,1,1,134068,134068
290193,0,0,0,77180,77180
290226,2,2,4,121954,121954
290248,0,1,1,206761,206761
290304,3,4,7,69157,69157
290324,0,1,1,150350,150350
290335,1,3,4,147472,147472
290362,2,2,4,130705,130705
290403,0,2,2,193949,193949
290414,0,1,1,223583,223583
290423,1,5,6,209792,209792
290461,1,1,2,130300,130300
290474,0,1,1,223876,223876
290501,0,1,1,188824,188824
290552,2,4,6,227061,227061
290568,0,2,2,203928,203928
290572,0,0,0,212779,212779
290618,0,3,3,185556,185556
290626,0,1,1,201066,201066
290629,0,3,3,137066,137066
290635,0,2,2,193240,193240
290641,1,4,5,173876,173876
290671,0,2,2,134804,134804
290676,0,6,6,225096,225096
290705,0,2,2,252184,252184
290717,0,2,2,68071,68071
290739,0,0,0,151079,151079
290756,0,1,1,55435,55435
290763,0,1,1,212528,212528
290765,1,3,4,214987,214987
290798,0,1,1,234160,234160
290810,3,2,5,234581,234581
290830,0,1,1,125142,125142
290896,0,5,5,179254,179254
290991,0,1,1,194334,194334
291010,0,5,5,185412,185412
291027,2,2,4,159504,159504
291043,1,1,2,169512,169512
291044,1,2,3,67638,67638
291081,0,0,0,210989,210989
291083,0,2,2,198191,198191
291086,0,0,0,144162,144162
291094,2,3,5,213724,213724
291139,0,2,2,135538,135538
291150,1,2,3,221645,221645
291170,0,5,5,115020,115020
291179,0,1,1,162454,162454
291182,1,2,3,231119,231119
291183,1,1,2,204837,204837
291184,1,5,6,204646,204646
291188,0,4,4,236827,236827
291213,0,1,1,133843,133843
291235,1,2,3,174307,174307
291257,0,0,0,209348,209348
291315,1,1,2,173026,173026
291322,3,3,6,232042,232042
291368,0,4,4,254211,254211
291390,1,1,2,23138,23138
291395,0,1,1,240917,240917
291432,2,2,4,173710,173710
291484,0,0,0,133612,133612
291500,8,22,30,153339,153339
291555,1,5,6,240051,240051
291588,0,1,1,173336,173336
291598,1,2,3,224929,224929
291626,0,3,3,139173,139173
291627,0,0,0,218023,218023
291635,0,3,3,210648,210648
291652,0,2,2,147016,147016
291654,0,2,2,179719,179719
291668,0,2,2,147820,147820
291669,1,5,6,244443,244443
291682,0,0,0,213729,213729
291714,0,0,0,169157,169157
291727,0,1,1,239208,239208
291731,0,0,0,196517,196517
291748,0,3,3,244670,244670
291749,0,9,9,140666,140666
291759,1,3,4,248251,248251
291779,1,16,17,185282,185282
291786,0,0,0,179463,179463
291817,1,1,2,189988,189988
291823,1,9,10,232744,232744
291848,0,0,0,209116,209116
291852,0,3,3,203586,203586
291874,7,9,16,191950,191950
291899,1,4,5,159929,159929
291911,0,1,1,189493,189493
291952,1,7,8,233732,233732
291956,0,1,1,140532,140532
291959,0,3,3,212491,212491
291960,0,0,0,256904,256904
291965,1,6,7,153233,153233
291969,0,0,0,241249,241249
291995,0,1,1,210103,210103
292009,0,4,4,252956,252956
292033,1,1,2,73825,73825
292035,1,2,3,72816,72816
292088,1,7,8,210857,210857
292090,0,8,8,233837,233837
292109,0,2,2,221629,221629
292112,2,5,7,218505,218505
292113,4,6,10,128188,128188
292154,0,3,3,190259,190259
292162,0,0,0,254060,254060
292183,0,3,3,221793,221793
292237,0,3,3,191981,191981
292335,1,3,4,229777,229777
292342,0,6,6,125412,125412
292357,0,1,1,236812,236812
292372,1,3,4,148374,148374
292382,0,1,1,203066,203066
292393,1,6,7,123357,123357
292402,0,3,3,154280,154280
292403,0,2,2,215657,215657
292441,0,5,5,251240,251240
292467,0,2,2,199754,199754
292473,4,5,9,217254,217254
292494,0,4,4,110011,110011
292499,0,0,0,125612,125612
292506,0,5,5,146746,146746
292507,0,0,0,224703,224703
292540,0,1,1,250135,250135
292602,0,13,13,152726,152726
292613,0,5,5,248782,248782
292614,0,2,2,245364,245364
292647,1,1,2,169612,169612
292660,1,2,3,164583,164583
292663,0,3,3,179592,179592
292698,0,6,6,193899,193899
292721,1,1,2,74281,74281
292722,0,2,2,156284,156284
292736,0,2,2,258780,258780
292738,0,1,1,88220,88220
292743,3,3,6,203594,203594
292754,1,11,12,90766,90766
292757,0,1,1,143901,143901
292835,0,0,0,103282,103282
292863,1,5,6,196066,196066
292929,0,5,5,242776,242776
292933,0,1,1,79791,79791
292948,0,0,0,145897,145897
292963,1,4,5,247825,247825
292986,0,1,1,134774,134774
293018,0,0,0,232058,232058
293022,0,4,4,254968,254968
293045,1,9,10,149044,149044
293050,1,1,2,194011,194011
293069,0,1,1,238886,238886
293070,0,1,1,209294,209294
293078,1,2,3,148048,148048
293099,0,0,0,143522,143522
293156,0,2,2,56614,56614
293215,1,1,2,168794,168794
293221,0,4,4,202979,202979
293237,0,2,2,68853,68853
293239,0,4,4,202541,202541
293247,0,0,0,168686,168686
293249,1,5,6,138783,138783
293250,1,1,2,180587,180587
293275,3,6,9,154225,154225
293284,0,0,0,180914,180914
293287,0,3,3,249377,249377
293312,0,1,1,159564,159564
293358,0,1,1,253322,253322
293396,1,1,2,174372,174372
293409,2,6,8,225008,225008
293429,0,0,0,194404,194404
293448,0,0,0,100775,100775
293450,0,5,5,147076,147076
293454,0,1,1,203168,203168
293482,1,6,7,212178,212178
293533,0,1,1,156493,156493
293540,0,2,2,248257,248257
293541,0,1,1,150839,150839
293564,0,0,0,142529,142529
293597,1,3,4,256044,256044
293619,1,3,4,246870,246870
293638,1,5,6,247964,247964
293644,0,1,1,244911,244911
293653,0,3,3,166272,166272
293729,0,0,0,252726,252726
293734,0,3,3,115893,115893
293741,0,1,1,183357,183357
293747,1,4,5,202205,202205
293760,2,4,6,200828,200828
293778,0,14,14,256333,256333
293796,0,4,4,178902,178902
293802,0,3,3,66105,66105
293807,0,1,1,196922,196922
293846,0,1,1,139880,139880
293877,0,0,0,227005,227005
293944,0,4,4,188634,188634
293949,1,3,4,155230,155230
293958,1,1,2,194632,194632
293965,0,1,1,87277,87277
293975,2,14,16,205801,205801
293991,0,2,2,192955,192955
294013,1,1,2,247816,247816
294038,0,1,1,132668,132668
294057,0,1,1,216896,216896
294058,0,0,0,207178,207178
294062,0,10,10,194795,194795
294065,0,3,3,257249,257249
294073,0,1,1,156786,156786
294147,1,5,6,221495,221495
294220,0,3,3,145882,145882
294246,0,3,3,248153,248153
294275,0,0,0,208958,208958
294302,0,1,1,218274,218274
294351,0,1,1,173876,173876
294357,0,0,0,197098,197098
294403,2,6,8,8558,8558
294407,6,21,27,175040,175040
294416,0,1,1,80979,80979
294422,0,3,3,207515,207515
294439,0,0,0,139749,139749
294444,0,2,2,240043,240043
294451,1,9,10,221154,221154
294459,0,0,0,236384,236384
294461,0,2,2,136679,136679
294466,0,0,0,182833,182833
294485,0,1,1,196351,196351
294508,0,1,1,135873,135873
294509,0,0,0,243945,243945
294510,0,6,6,188134,188134
294521,1,7,8,203454,203454
294527,0,2,2,116748,116748
294532,0,0,0,147345,147345
294547,0,1,1,22865,22865
294551,0,0,0,249604,249604
294584,0,3,3,192812,192812
294602,0,1,1,142026,142026
294611,2,4,6,217896,217896
294613,0,9,9,206473,206473
294647,1,7,8,235871,235871
294654,0,2,2,169334,169334
294669,1,1,2,246580,246580
294689,1,6,7,146664,146664
294704,0,7,7,256619,256619
294727,1,1,2,254138,254138
294745,0,3,3,142134,142134
294753,0,5,5,180222,180222
294777,1,3,4,251011,251011
294790,0,1,1,249104,249104
294793,0,0,0,232913,232913
294830,0,0,0,197928,197928
294861,0,0,0,245861,245861
294868,1,0,1,152070,152070
294872,0,0,0,245978,245978
294919,4,1,5,190228,190228
294925,1,8,9,200592,200592
294933,0,2,2,253107,253107
294956,0,1,1,67613,67613
294968,1,2,3,207665,207665
294978,0,0,0,73470,73470
295042,0,1,1,255611,255611
295088,0,0,0,176245,176245
295113,0,2,2,167422,167422
295151,0,0,0,197460,197460
295183,0,1,1,147148,147148
295200,1,2,3,161672,161672
295207,1,4,5,135527,135527
295225,0,0,0,64861,64861
295227,0,4,4,56064,56064
295236,0,2,2,169463,169463
295261,0,0,0,240139,240139
295272,0,3,3,151120,151120
295295,0,0,0,210018,210018
295341,0,3,3,191704,191704
295371,1,0,1,210073,210073
295373,1,1,2,142864,142864
295395,0,4,4,197273,197273
295403,0,0,0,161769,161769
295413,1,3,4,67745,67745
295426,0,3,3,149903,149903
295452,0,1,1,248899,248899
295507,0,3,3,125793,125793
295530,0,3,3,188590,188590
295584,1,3,4,52107,52107
295611,1,2,3,247852,247852
295620,0,1,1,136380,136380
295628,0,0,0,243718,243718
295643,3,3,6,213657,213657
295658,0,5,5,214187,214187
295713,0,3,3,246161,246161
295714,0,2,2,145248,145248
295742,0,1,1,74958,74958
295751,0,1,1,182066,182066
295761,0,1,1,67681,67681
295815,0,35,35,239432,239432
295820,0,10,10,72094,72094
295843,0,8,8,180487,180487
295857,2,5,7,212778,212778
295858,0,1,1,126215,126215
295866,1,2,3,24039,24039
295879,0,5,5,133284,133284
295881,1,0,1,149766,149766
295882,0,4,4,42092,42092
295885,0,1,1,179336,179336
295887,0,12,12,250399,250399
295914,0,0,0,189662,189662
295926,0,2,2,238668,238668
295930,1,2,3,215450,215450
295933,0,0,0,201853,201853
295937,0,3,3,192741,192741
295953,3,3,6,207896,207896
295958,1,1,2,8302,8302
295959,1,1,2,34667,34667
295966,0,4,4,146528,146528
296008,1,6,7,204109,204109
296013,0,12,12,212668,212668
296053,0,0,0,199807,199807
296059,0,25,25,114436,114436
296119,1,1,2,12895,12895
296120,1,2,3,12834,12834
296128,0,3,3,225355,225355
296142,0,0,0,205822,205822
296157,2,2,4,147777,147777
296173,0,0,0,159222,159222
296176,0,1,1,163811,163811
296184,0,1,1,121215,121215
296189,3,3,6,222114,222114
296209,0,5,5,216467,216467
296217,0,11,11,222535,222535
296252,4,7,11,136771,136771
296255,1,1,2,153687,153687
296271,0,0,0,237840,237840
296295,1,3,4,246696,246696
296296,0,3,3,110249,110249
296361,2,35,37,201585,201585
296433,0,0,0,190056,190056
296454,2,7,9,202013,202013
296455,3,3,6,223518,223518
296495,0,1,1,197511,197511
296496,1,1,2,180249,180249
296512,0,1,1,247449,247449
296524,1,2,3,11576,11576
296531,0,6,6,187760,187760
296536,0,10,10,240466,240466
296562,0,0,0,204368,204368
296563,1,2,3,181191,181191
296567,0,6,6,177236,177236
296586,1,4,5,241886,241886
296598,0,1,1,213676,213676
296607,4,18,22,133287,133287
296636,0,0,0,188570,188570
296659,1,5,6,147476,147476
296670,1,2,3,161472,161472
296678,0,1,1,191473,191473
296706,0,4,4,194014,194014
296716,0,0,0,250313,250313
296735,0,3,3,214196,214196
296745,0,2,2,228802,228802
296779,1,23,24,233785,233785
296829,0,0,0,240951,240951
296830,0,1,1,214043,214043
296845,0,1,1,151867,151867
296851,0,4,4,245794,245794
296863,0,0,0,178002,178002
296878,0,2,2,203806,203806
296892,1,0,1,234616,234616
296898,1,7,8,247261,247261
296905,0,0,0,216758,216758
296906,0,4,4,140151,140151
296921,0,0,0,131397,131397
296953,0,1,1,245235,245235
296955,0,0,0,192596,192596
296966,0,4,4,256346,256346
296970,0,0,0,134252,134252
297005,0,9,9,149474,149474
297043,0,1,1,219363,219363
297049,0,1,1,253801,253801
297054,0,1,1,157885,157885
297071,1,1,2,161448,161448
297081,0,1,1,83215,83215
297085,1,0,1,145027,145027
297137,0,0,0,243981,243981
297142,0,2,2,204885,204885
297144,1,6,7,113614,113614
297212,0,1,1,235351,235351
297225,0,0,0,24331,24331
297237,2,2,4,160551,160551
297252,1,5,6,192721,192721
297268,0,7,7,205555,205555
297284,1,1,2,207090,207090
297289,0,1,1,170670,170670
297335,0,0,0,192290,192290
297348,0,6,6,167133,167133
297349,0,1,1,182743,182743
297351,0,5,5,244848,244848
297364,0,4,4,202646,202646
297408,0,1,1,200120,200120
297418,0,3,3,203077,203077
297438,1,4,5,222793,222793
297491,1,1,2,174959,174959
297494,0,3,3,254357,254357
297501,0,0,0,238630,238630
297508,1,4,5,180801,180801
297514,0,13,13,197892,197892
297515,0,0,0,234470,234470
297517,0,5,5,246703,246703
297528,0,4,4,202717,202717
297533,0,3,3,113205,113205
297539,0,0,0,219498,219498
297540,1,2,3,226579,226579
297544,0,5,5,243847,243847
297563,1,5,6,251156,251156
297579,0,5,5,241189,241189
297587,0,4,4,225162,225162
297596,0,2,2,166247,166247
297610,0,0,0,191272,191272
297611,0,0,0,253045,253045
297624,0,6,6,70009,70009
297625,0,0,0,190192,190192
297632,0,0,0,244541,244541
297637,1,1,2,188566,188566
297665,0,2,2,237773,237773
297671,1,2,3,170232,170232
297677,0,0,0,144057,144057
297714,2,7,9,238398,238398
297760,1,8,9,213502,213502
297774,0,3,3,196827,196827
297828,0,2,2,199336,199336
297847,0,1,1,125847,125847
297892,0,0,0,87257,87257
297936,0,1,1,244414,244414
297948,0,7,7,210814,210814
297949,1,9,10,138603,138603
297966,0,3,3,231732,231732
297978,0,0,0,148648,148648
297998,0,3,3,242252,242252
298015,0,1,1,233135,233135
298048,1,2,3,97367,97367
298049,0,0,0,257525,257525
298098,1,2,3,214267,214267
298130,1,19,20,112537,112537
298136,0,0,0,245482,245482
298162,0,0,0,188664,188664
298164,1,5,6,150867,150867
298206,0,0,0,235183,235183
298225,0,1,1,249299,249299
298234,0,1,1,146177,146177
298237,0,2,2,61419,61419
298248,0,1,1,169207,169207
298257,0,0,0,172134,172134
298270,0,2,2,236716,236716
298273,0,2,2,234518,234518
298290,0,0,0,133580,133580
298298,0,1,1,237753,237753
298306,5,13,18,203121,203121
298329,0,3,3,147680,147680
298333,0,1,1,239290,239290
298336,0,1,1,151366,151366
298377,0,1,1,250647,250647
298396,0,3,3,231672,231672
298407,1,1,2,172868,172868
298417,0,2,2,253451,253451
298426,0,4,4,221789,221789
298453,0,2,2,224793,224793
298461,1,1,2,152187,152187
298470,3,9,12,235545,235545
298523,1,9,10,194857,194857
298542,0,10,10,244971,244971
298551,0,2,2,195153,195153
298559,0,10,10,39497,39497
298579,0,8,8,136304,136304
298588,0,1,1,217079,217079
298601,0,0,0,242113,242113
298606,0,6,6,193173,193173
298622,0,0,0,142616,142616
298623,0,1,1,68964,68964
298668,0,0,0,239501,239501
298676,0,11,11,248662,248662
298678,0,0,0,182561,182561
298696,3,9,12,74175,74175
298744,3,3,6,155750,155750
298749,1,4,5,115394,115394
298753,0,3,3,192583,192583
298767,0,16,16,215478,215478
298792,0,1,1,186728,186728
298793,2,3,5,246960,246960
298794,4,13,17,161528,161528
298801,0,4,4,133258,133258
298806,0,1,1,213874,213874
298853,0,0,0,168092,168092
298862,0,0,0,163476,163476
298930,1,4,5,211479,211479
298959,0,10,10,153095,153095
298960,1,1,2,250653,250653
298974,0,15,15,255757,255757
298993,0,0,0,188367,188367
298994,1,4,5,156931,156931
298995,1,4,5,145360,145360
299023,0,6,6,160268,160268
299085,0,2,2,258971,258971
299086,2,9,11,239003,239003
299096,0,1,1,204311,204311
299153,1,4,5,216745,216745
299160,0,2,2,236981,236981
299189,0,0,0,117670,117670
299211,1,1,2,238027,238027
299241,0,0,0,234251,234251
299285,0,0,0,228428,228428
299366,0,5,5,193094,193094
299369,0,3,3,221018,221018
299371,1,2,3,250771,250771
299381,2,7,9,238216,238216
299383,0,2,2,237285,237285
299397,1,2,3,140193,140193
299448,2,2,4,245874,245874
299488,0,8,8,222943,222943
299492,0,1,1,240733,240733
299519,0,2,2,178894,178894
299547,0,0,0,128276,128276
299554,2,2,4,112802,112802
299557,0,2,2,75254,75254
299573,0,0,0,162178,162178
299599,0,1,1,156940,156940
299615,0,8,8,256303,256303
299634,0,1,1,226268,226268
299635,0,0,0,145858,145858
299683,3,18,21,194188,194188
299693,0,4,4,243621,243621
299700,0,1,1,225351,225351
299704,2,1,3,171803,171803
299728,0,0,0,252479,252479
299734,0,2,2,239392,239392
299739,0,0,0,228416,228416
299765,0,10,10,149108,149108
299771,0,1,1,83704,83704
299820,1,1,2,228280,228280
299842,0,4,4,189813,189813
299848,2,7,9,134532,134532
299850,0,4,4,145093,145093
299867,0,0,0,139471,139471
299868,0,2,2,207197,207197
299869,0,6,6,111619,111619
299922,0,4,4,232950,232950
299949,2,2,4,153864,153864
299993,1,5,6,163778,163778
299994,1,22,23,111449,111449
300024,0,4,4,219153,219153
300057,0,0,0,244823,244823
300088,0,1,1,257961,257961
300092,0,4,4,138937,138937
300101,0,0,0,176946,176946
300137,1,5,6,145673,145673
300140,1,28,29,148965,148965
300186,1,4,5,156304,156304
300196,0,2,2,141495,141495
300256,0,2,2,209491,209491
300260,0,1,1,232866,232866
300276,0,2,2,192293,192293
300333,0,3,3,193552,193552
300334,1,0,1,150999,150999
300367,0,6,6,197169,197169
300409,0,1,1,243472,243472
300426,1,2,3,206175,206175
300432,0,3,3,140137,140137
300433,1,7,8,144476,144476
300435,0,2,2,206695,206695
300460,0,5,5,217126,217126
300465,3,15,18,214183,214183
300544,0,2,2,190835,190835
300580,0,2,2,74949,74949
300582,0,2,2,178840,178840
300607,0,4,4,75196,75196
300613,0,3,3,251760,251760
300621,0,2,2,96565,96565
300627,0,0,0,203211,203211
300649,0,1,1,188548,188548
300652,2,7,9,221037,221037
300665,0,0,0,179385,179385
300677,2,5,7,203830,203830
300690,0,4,4,235376,235376
300721,0,2,2,244167,244167
300732,0,0,0,202523,202523
300733,0,0,0,242023,242023
300740,1,1,2,198476,198476
300796,2,3,5,146258,146258
300803,0,5,5,203028,203028
300804,0,5,5,139122,139122
300832,0,2,2,148972,148972
300843,0,0,0,257105,257105
300856,0,3,3,3208,3208
300882,0,0,0,258076,258076
300949,0,3,3,149698,149698
300983,1,0,1,58735,58735
301004,0,0,0,238124,238124
301013,0,0,0,197805,197805
301047,0,0,0,65493,65493
301056,0,0,0,197377,197377
301085,0,3,3,255803,255803
301119,0,2,2,194729,194729
301151,0,4,4,230086,230086
301163,0,2,2,207580,207580
301179,0,1,1,189664,189664
301200,2,8,10,205845,205845
301210,0,3,3,252150,252150
301225,0,0,0,110435,110435
301264,0,3,3,216901,216901
301287,0,4,4,253557,253557
301316,0,4,4,242235,242235
301350,1,5,6,155920,155920
301355,1,4,5,152573,152573
301357,0,0,0,224743,224743
301390,0,0,0,138170,138170
301415,0,18,18,208262,208262
301422,0,1,1,64027,64027
301464,0,1,1,229311,229311
301472,1,3,4,218516,218516
301473,0,2,2,122491,122491
301479,1,9,10,194908,194908
301483,2,6,8,207264,207264
301497,2,5,7,146550,146550
301501,0,3,3,206586,206586
301516,0,2,2,237697,237697
301544,0,0,0,199913,199913
301547,0,1,1,139637,139637
301562,0,1,1,206393,206393
301578,1,2,3,246020,246020
301593,0,0,0,170861,170861
301599,1,5,6,212022,212022
301601,1,1,2,194791,194791
301616,2,6,8,214355,214355
301618,1,1,2,77917,77917
301642,0,4,4,253942,253942
301683,0,1,1,242869,242869
301695,0,2,2,67911,67911
301735,1,2,3,145663,145663
301739,0,0,0,206069,206069
301799,0,0,0,179786,179786
301816,1,1,2,192633,192633
301817,1,2,3,192196,192196
301826,0,2,2,176194,176194
301842,4,4,8,164789,164789
301843,7,13,20,193035,193035
301897,0,0,0,77957,77957
301906,0,1,1,213878,213878
301916,0,2,2,204232,204232
301917,0,1,1,217220,217220
301918,0,10,10,238255,238255
301922,0,5,5,189755,189755
301925,0,1,1,149972,149972
301938,0,2,2,190708,190708
301967,0,0,0,169349,169349
301968,0,2,2,109154,109154
301974,0,5,5,135934,135934
301983,0,6,6,156554,156554
301991,4,8,12,150300,150300
301999,0,15,15,178825,178825
302001,0,0,0,255829,255829
302008,0,1,1,217771,217771
302055,0,0,0,192018,192018
302100,0,0,0,209448,209448
302183,0,1,1,188653,188653
302185,0,3,3,223438,223438
302186,1,7,8,194200,194200
302197,0,3,3,193614,193614
302204,0,0,0,241593,241593
302219,0,1,1,82517,82517
302241,0,1,1,195170,195170
302256,2,4,6,206957,206957
302271,0,5,5,196866,196866
302278,0,0,0,208301,208301
302309,0,2,2,221168,221168
302338,0,1,1,249769,249769
302387,0,0,0,163240,163240
302393,0,0,0,166664,166664
302408,0,1,1,221415,221415
302434,0,1,1,151499,151499
302446,1,2,3,248795,248795
302464,1,3,4,206432,206432
302473,0,1,1,197867,197867
302479,0,3,3,229799,229799
302504,1,0,1,203524,203524
302505,1,0,1,147607,147607
302519,0,3,3,58435,58435
302527,1,2,3,68224,68224
302529,0,22,22,130674,130674
302542,0,5,5,250474,250474
302547,0,4,4,136576,136576
302578,1,3,4,232633,232633
302647,4,4,8,144895,144895
302648,4,4,8,144463,144463
302702,0,0,0,127186,127186
302731,0,1,1,237947,237947
302749,0,2,2,135935,135935
302768,0,1,1,189901,189901
302797,3,21,24,153800,153800
302840,0,7,7,120353,120353
302856,0,28,28,117969,117969
302860,0,0,0,257222,257222
302867,1,2,3,216497,216497
302880,1,2,3,256694,256694
302934,0,3,3,187903,187903
302939,0,2,2,242628,242628
302964,0,4,4,136866,136866
302981,1,4,5,147072,147072
302990,1,4,5,89953,89953
303005,0,2,2,199271,199271
303031,1,14,15,131665,131665
303035,0,1,1,82242,82242
303050,0,1,1,189523,189523
303071,2,6,8,234369,234369
303072,0,8,8,238904,238904
303075,3,2,5,212470,212470
303077,0,0,0,211606,211606
303106,0,2,2,226833,226833
303111,0,0,0,218427,218427
303115,0,3,3,230408,230408
303123,0,0,0,230663,230663
303148,0,4,4,138655,138655
303149,0,0,0,246306,246306
303159,1,2,3,150525,150525
303201,0,4,4,199213,199213
303206,0,1,1,178615,178615
303212,0,0,0,222942,222942
303217,0,9,9,101721,101721
303233,0,0,0,103436,103436
303241,0,1,1,199469,199469
303348,1,2,3,237783,237783
303357,1,0,1,189195,189195
303384,0,3,3,133491,133491
303397,0,1,1,228655,228655
303469,0,6,6,254478,254478
303480,0,0,0,164266,164266
303499,0,1,1,254117,254117
303506,0,0,0,136508,136508
303511,0,2,2,229271,229271
303513,0,7,7,253173,253173
303528,0,0,0,214632,214632
303534,0,1,1,197502,197502
303539,2,3,5,154876,154876
303541,1,0,1,217176,217176
303547,0,1,1,241405,241405
303562,0,0,0,243172,243172
303563,0,0,0,181204,181204
303582,2,3,5,240730,240730
303589,1,1,2,87893,87893
303623,1,1,2,158066,158066
303654,0,4,4,196821,196821
303664,1,3,4,59475,59475
303668,1,3,4,205634,205634
303711,1,2,3,67588,67588
303727,0,2,2,100854,100854
303757,0,1,1,150882,150882
303779,4,11,15,203475,203475
303791,0,1,1,245269,245269
303838,0,12,12,108846,108846
303850,1,7,8,247895,247895
303865,0,2,2,250477,250477
303880,0,3,3,173334,173334
303898,0,5,5,102213,102213
303903,0,0,0,242630,242630
303967,0,0,0,70190,70190
304001,0,1,1,75807,75807
304038,0,0,0,135420,135420
304044,0,15,15,137097,137097
304050,0,1,1,211063,211063
304080,1,10,11,145955,145955
304104,0,1,1,200170,200170
304109,0,0,0,125728,125728
304175,1,3,4,153517,153517
304200,2,6,8,143691,143691
304223,1,4,5,256619,256619
304228,0,2,2,147178,147178
304234,0,6,6,243406,243406
304244,0,3,3,247092,247092
304258,0,0,0,207788,207788
304262,1,0,1,168775,168775
304310,0,1,1,143027,143027
304313,0,2,2,250977,250977
304330,1,2,3,226054,226054
304362,0,0,0,113396,113396
304382,0,2,2,207899,207899
304388,0,1,1,128187,128187
304402,0,3,3,212538,212538
304404,1,0,1,215678,215678
304427,0,1,1,230681,230681
304433,0,0,0,217194,217194
304442,0,2,2,241565,241565
304445,0,2,2,197877,197877
304452,0,1,1,161752,161752
304463,0,2,2,235551,235551
304481,0,12,12,244828,244828
304490,0,6,6,107197,107197
304491,0,11,11,135357,135357
304497,0,2,2,195134,195134
304498,0,5,5,192964,192964
304518,1,8,9,239786,239786
304519,0,0,0,212335,212335
304521,0,0,0,258058,258058
304528,0,0,0,180965,180965
304552,0,1,1,66380,66380
304577,0,1,1,221950,221950
304580,0,5,5,239294,239294
304597,0,0,0,189608,189608
304602,0,2,2,216174,216174
304649,0,3,3,242060,242060
304672,0,5,5,143452,143452
304677,0,2,2,221624,221624
304684,0,2,2,136596,136596
304700,0,1,1,235355,235355
304714,2,9,11,214245,214245
304715,2,4,6,213601,213601
304725,1,2,3,159562,159562
304741,1,2,3,136121,136121
304745,0,5,5,158502,158502
304762,0,0,0,183021,183021
304791,2,7,9,223514,223514
304820,0,1,1,144449,144449
304826,0,2,2,72442,72442
304837,1,1,2,248287,248287
304850,0,1,1,168053,168053
304907,0,0,0,234942,234942
304964,0,1,1,250852,250852
304971,0,2,2,193283,193283
305041,0,2,2,193565,193565
305078,0,0,0,155374,155374
305108,0,2,2,147546,147546
305110,0,1,1,66204,66204
305118,0,1,1,253767,253767
305121,0,1,1,73374,73374
305128,0,3,3,58491,58491
305137,1,3,4,190245,190245
305167,1,1,2,173423,173423
305168,2,2,4,170814,170814
305183,1,1,2,176404,176404
305244,0,0,0,189402,189402
305285,0,0,0,99164,99164
305309,0,1,1,142610,142610
305322,0,0,0,221904,221904
305337,0,1,1,155742,155742
305346,0,2,2,173618,173618
305356,2,2,4,231272,231272
305429,0,0,0,213199,213199
305474,1,3,4,254607,254607
305489,0,0,0,126691,126691
305503,0,0,0,225483,225483
305526,0,1,1,220946,220946
305528,0,2,2,161471,161471
305534,0,0,0,248763,248763
305541,0,0,0,83725,83725
305543,1,2,3,243001,243001
305561,1,2,3,252689,252689
305564,4,11,15,200447,200447
305572,0,1,1,243555,243555
305622,0,2,2,217329,217329
305639,0,1,1,243708,243708
305662,0,1,1,144755,144755
305693,4,7,11,105960,105960
305715,0,0,0,221793,221793
305744,0,27,27,233848,233848
305751,1,3,4,253721,253721
305752,1,1,2,161737,161737
305765,1,3,4,185618,185618
305780,0,5,5,233163,233163
305795,0,3,3,201345,201345
305861,1,4,5,126082,126082
305864,0,1,1,70158,70158
305865,2,2,4,27324,27324
305872,0,6,6,225298,225298
305883,0,1,1,138139,138139
305909,0,3,3,180368,180368
305928,0,5,5,241299,241299
305946,0,0,0,171334,171334
305980,0,0,0,207934,207934
305988,0,0,0,203357,203357
305992,1,7,8,218428,218428
306006,0,0,0,177808,177808
306029,0,2,2,79469,79469
306044,0,2,2,250185,250185
306054,0,2,2,200183,200183
306067,0,1,1,186566,186566
306106,0,0,0,189982,189982
306116,0,1,1,193121,193121
306171,0,1,1,77473,77473
306208,0,2,2,237417,237417
306213,0,0,0,160125,160125
306233,0,3,3,142700,142700
306265,0,1,1,192568,192568
306275,0,0,0,240563,240563
306281,1,6,7,210049,210049
306325,0,1,1,228783,228783
306366,1,5,6,237144,237144
306367,0,0,0,192057,192057
306375,0,0,0,178276,178276
306413,0,0,0,239466,239466
306462,0,0,0,130445,130445
306476,0,1,1,243913,243913
306480,0,1,1,207255,207255
306502,0,1,1,137513,137513
306508,2,21,23,154184,154184
306512,0,0,0,135867,135867
306520,1,2,3,203020,203020
306526,0,1,1,137398,137398
306534,0,4,4,200944,200944
306570,1,8,9,175469,175469
306617,2,41,43,212996,212996
306636,1,1,2,162432,162432
306652,0,7,7,239817,239817
306706,0,1,1,248125,248125
306711,0,2,2,226730,226730
306722,0,0,0,236651,236651
306729,0,3,3,224363,224363
306759,0,1,1,215046,215046
306772,0,5,5,207418,207418
306807,2,0,2,63186,63186
306906,0,1,1,203417,203417
306937,0,12,12,226161,226161
306994,0,1,1,77161,77161
307048,0,0,0,221968,221968
307071,0,1,1,198893,198893
307072,3,16,19,153048,153048
307079,0,7,7,165529,165529
307093,0,3,3,216787,216787
307114,0,1,1,249414,249414
307123,1,10,11,237039,237039
307191,1,5,6,230417,230417
307206,0,0,0,143464,143464
307214,0,2,2,95215,95215
307266,2,4,6,163967,163967
307292,2,9,11,127961,127961
307295,1,2,3,134031,134031
307315,0,2,2,216463,216463
307341,0,4,4,186530,186530
307359,0,3,3,234957,234957
307383,0,2,2,82011,82011
307393,0,3,3,204584,204584
307399,3,19,22,221763,221763
307417,1,7,8,257634,257634
307428,0,0,0,151407,151407
307493,1,2,3,156374,156374
307498,0,2,2,174361,174361
307526,0,1,1,204642,204642
307541,1,1,2,198324,198324
307546,0,2,2,191993,191993
307554,0,0,0,230899,230899
307559,2,6,8,217059,217059
307576,0,5,5,229252,229252
307602,0,1,1,148942,148942
307629,1,4,5,134029,134029
307641,0,1,1,129123,129123
307673,0,0,0,136669,136669
307675,0,3,3,215865,215865
307701,0,1,1,159399,159399
307717,1,13,14,249129,249129
307720,0,5,5,230425,230425
307736,2,4,6,254997,254997
307737,1,3,4,257701,257701
307764,0,2,2,172706,172706
307769,0,0,0,154945,154945
307777,0,0,0,156190,156190
307807,2,9,11,226031,226031
307826,0,0,0,228845,228845
307832,1,4,5,208385,208385
307864,0,2,2,229912,229912
307892,2,2,4,234271,234271
307919,0,1,1,149365,149365
307927,1,7,8,164822,164822
307940,1,4,5,169122,169122
307970,1,2,3,85240,85240
307990,0,23,23,219231,219231
308004,0,0,0,193377,193377
308008,0,2,2,189918,189918
308015,0,1,1,234681,234681
308062,1,2,3,219586,219586
308074,0,13,13,167433,167433
308111,1,4,5,212382,212382
308197,1,4,5,222623,222623
308212,0,17,17,208466,208466
308218,0,0,0,177609,177609
308230,0,8,8,230080,230080
308240,1,1,2,177710,177710
308283,0,0,0,177851,177851
308329,2,2,4,154304,154304
308330,1,1,2,240388,240388
308345,0,0,0,107249,107249
308370,1,2,3,67798,67798
308413,0,0,0,191922,191922
308427,0,3,3,257298,257298
308443,0,0,0,219893,219893
308473,0,1,1,205063,205063
308479,1,4,5,157057,157057
308493,0,1,1,167329,167329
308505,0,3,3,226815,226815
308506,0,5,5,152508,152508
308521,0,2,2,134873,134873
308529,0,0,0,138547,138547
308598,5,14,19,209653,209653
308674,0,1,1,240816,240816
308701,1,8,9,194135,194135
308702,0,3,3,194338,194338
308711,0,4,4,252957,252957
308733,1,6,7,240302,240302
308780,1,1,2,225885,225885
308795,0,4,4,161801,161801
308802,0,3,3,233202,233202
308804,0,4,4,150101,150101
308826,1,6,7,202189,202189
308830,1,30,31,224407,224407
308878,2,9,11,159247,159247
308881,1,5,6,203414,203414
308901,0,6,6,247343,247343
308909,0,2,2,125640,125640
308971,1,4,5,218839,218839
309013,0,0,0,243947,243947
309023,0,0,0,178850,178850
309032,0,1,1,242939,242939
309051,0,0,0,188978,188978
309074,0,1,1,256273,256273
309086,0,0,0,233196,233196
309093,1,6,7,192892,192892
309094,1,2,3,123517,123517
309101,0,2,2,176472,176472
309138,0,1,1,188698,188698
309146,0,1,1,229712,229712
309151,1,1,2,108617,108617
309174,2,1,3,243986,243986
309177,1,5,6,198579,198579
309207,0,12,12,154159,154159
309220,0,0,0,167784,167784
309232,0,0,0,240205,240205
309274,0,5,5,250166,250166
309285,0,0,0,246849,246849
309287,0,0,0,192895,192895
309306,0,2,2,138156,138156
309317,0,4,4,234349,234349
309350,0,0,0,252682,252682
309373,1,2,3,242179,242179
309388,0,10,10,250376,250376
309422,0,1,1,190592,190592
309438,1,2,3,96059,96059
309444,0,0,0,246509,246509
309446,1,1,2,185708,185708
309464,0,3,3,182007,182007
309469,1,3,4,60123,60123
309478,0,0,0,199250,199250
309491,0,0,0,255814,255814
309526,1,4,5,219540,219540
309546,0,4,4,234590,234590
309547,0,13,13,53759,53759
309613,0,3,3,129153,129153
309637,3,2,5,217417,217417
309638,1,2,3,208663,208663
309639,1,7,8,226941,226941
309652,1,8,9,191397,191397
309657,0,3,3,133304,133304
309670,0,3,3,134521,134521
309671,0,6,6,141372,141372
309728,0,1,1,189023,189023
309741,1,0,1,180057,180057
309752,0,2,2,133039,133039
309785,1,0,1,150920,150920
309793,0,0,0,204994,204994
309798,1,4,5,188055,188055
309808,1,2,3,228300,228300
309809,2,11,13,228203,228203
309855,3,4,7,225111,225111
309864,1,11,12,192598,192598
309895,0,4,4,222776,222776
309914,1,3,4,219063,219063
309937,2,19,21,235424,235424
309948,0,1,1,243627,243627
309990,0,1,1,251252,251252
309994,0,3,3,137444,137444
310007,0,3,3,221511,221511
310021,0,1,1,222182,222182
310031,1,2,3,148785,148785
310034,0,1,1,134857,134857
310040,1,1,2,75482,75482
310047,0,4,4,195679,195679
310048,1,1,2,195685,195685
310088,1,5,6,240269,240269
310092,1,9,10,150433,150433
310104,0,1,1,183187,183187
310146,0,0,0,208746,208746
310166,1,9,10,175196,175196
310180,0,0,0,189156,189156
310193,0,2,2,199489,199489
310195,0,0,0,255425,255425
310213,1,5,6,202356,202356
310224,0,5,5,84653,84653
310225,0,0,0,203622,203622
310272,0,2,2,146464,146464
310300,0,8,8,221403,221403
310310,0,13,13,175760,175760
310356,0,4,4,180183,180183
310358,0,3,3,157347,157347
310362,0,1,1,256618,256618
310368,2,7,9,144429,144429
310396,0,3,3,134002,134002
310438,0,2,2,248920,248920
310446,1,4,5,147415,147415
310495,0,0,0,208892,208892
310568,0,1,1,131417,131417
310590,0,1,1,150422,150422
310601,0,2,2,236190,236190
310602,2,3,5,225491,225491
310651,0,0,0,215427,215427
310700,0,3,3,218952,218952
310721,0,5,5,106922,106922
310763,3,15,18,247056,247056
310768,0,0,0,195506,195506
310788,0,1,1,68960,68960
310835,0,3,3,222528,222528
310872,1,3,4,161510,161510
310882,0,1,1,210213,210213
310904,0,2,2,237824,237824
310920,0,0,0,209055,209055
310954,0,0,0,124666,124666
310986,0,2,2,212176,212176
311049,0,0,0,217498,217498
311066,2,6,8,190060,190060
311121,2,6,8,216080,216080
311124,0,0,0,228724,228724
311146,0,0,0,177814,177814
311185,0,6,6,233052,233052
311186,0,23,23,203063,203063
311205,0,3,3,163412,163412
311223,2,9,11,249085,249085
311268,2,2,4,153467,153467
311291,0,2,2,136709,136709
311326,0,0,0,188497,188497
311336,1,4,5,213379,213379
311344,2,3,5,231800,231800
311361,0,1,1,131589,131589
311364,0,0,0,235954,235954
311389,0,1,1,243310,243310
311401,0,1,1,135827,135827
311431,0,1,1,112327,112327
311443,1,7,8,218298,218298
311445,5,11,16,209884,209884
311453,1,1,2,230399,230399
311459,0,0,0,252421,252421
311499,0,1,1,250709,250709
311517,0,2,2,198843,198843
311525,1,11,12,146303,146303
311570,1,1,2,164792,164792
311583,1,1,2,150814,150814
311589,0,1,1,76416,76416
311605,0,1,1,170094,170094
311611,0,1,1,170907,170907
311633,0,0,0,148984,148984
311641,0,0,0,216647,216647
311662,0,4,4,240535,240535
311690,1,3,4,228326,228326
311691,2,8,10,202400,202400
311694,0,6,6,203497,203497
311706,0,1,1,77856,77856
311725,0,2,2,208067,208067
311727,0,0,0,248084,248084
311733,2,9,11,152004,152004
311773,0,4,4,228368,228368
311793,0,2,2,151689,151689
311804,1,2,3,209986,209986
311856,0,3,3,134975,134975
311857,4,7,11,220405,220405
311860,0,1,1,192410,192410
311875,2,5,7,219294,219294
311876,0,0,0,172953,172953
311898,1,11,12,245033,245033
311935,1,1,2,156011,156011
311967,0,1,1,173024,173024
312044,0,14,14,214023,214023
312052,0,0,0,254570,254570
312133,0,11,11,157158,157158
312243,0,0,0,189002,189002
312247,0,13,13,237085,237085
312248,0,1,1,213210,213210
312258,0,2,2,187885,187885
312298,0,2,2,237759,237759
312360,1,2,3,247279,247279
312363,0,4,4,64992,64992
312388,0,0,0,186961,186961
312447,2,5,7,240931,240931
312459,1,3,4,253647,253647
312475,1,0,1,165451,165451
312483,0,7,7,190902,190902
312498,0,2,2,67164,67164
312511,0,1,1,249730,249730
312516,1,3,4,228003,228003
312520,0,1,1,194088,194088
312526,0,1,1,237068,237068
312620,0,0,0,217516,217516
312635,0,3,3,115398,115398
312637,0,1,1,219666,219666
312803,1,1,2,250292,250292
312812,0,1,1,202376,202376
312819,0,1,1,224742,224742
312835,0,0,0,245195,245195
312873,0,1,1,163995,163995
312958,0,0,0,234259,234259
312966,0,0,0,250849,250849
312972,0,0,0,217304,217304
312980,0,1,1,235701,235701
312988,4,4,8,255010,255010
313022,0,1,1,188683,188683
313028,0,0,0,127356,127356
313038,1,12,13,225236,225236
313039,1,5,6,155780,155780
313063,0,6,6,172271,172271
313065,0,3,3,133953,133953
313080,0,0,0,154267,154267
313091,0,0,0,231798,231798
313113,1,3,4,256631,256631
313129,1,2,3,231580,231580
313161,0,5,5,240319,240319
313165,0,2,2,179898,179898
313214,0,0,0,178849,178849
313247,0,1,1,66197,66197
313261,0,3,3,120942,120942
313267,0,1,1,209156,209156
313274,0,1,1,125419,125419
313283,0,4,4,69747,69747
313287,0,4,4,201060,201060
313296,0,0,0,225447,225447
313298,2,3,5,204406,204406
313346,0,3,3,207425,207425
313367,0,1,1,139331,139331
313368,0,1,1,189766,189766
313381,0,1,1,230251,230251
313396,0,1,1,192245,192245
313401,0,1,1,149030,149030
313407,0,1,1,206105,206105
313454,1,1,2,222403,222403
313486,0,5,5,159251,159251
313490,0,1,1,192815,192815
313496,0,4,4,180946,180946
313524,1,0,1,172581,172581
313553,1,1,2,212374,212374
313557,2,2,4,153465,153465
313558,1,4,5,222408,222408
313578,0,1,1,176946,176946
313591,2,5,7,162673,162673
313617,0,0,0,246562,246562
313621,0,2,2,203980,203980
313622,2,1,3,209855,209855
313655,0,0,0,218039,218039
313661,1,2,3,206218,206218
313669,0,0,0,201389,201389
313687,1,0,1,234019,234019
313703,0,1,1,189595,189595
313705,0,0,0,162225,162225
313721,1,5,6,255458,255458
313724,2,12,14,66707,66707
313744,0,2,2,229870,229870
313763,0,2,2,224353,224353
313770,2,9,11,146554,146554
313780,1,4,5,152506,152506
313808,1,6,7,188955,188955
313812,0,2,2,144260,144260
313866,0,10,10,198309,198309
313883,0,0,0,133394,133394
313885,1,1,2,100825,100825
313886,0,1,1,135760,135760
313900,0,0,0,154906,154906
313904,0,6,6,198823,198823
313911,0,3,3,189637,189637
313918,1,4,5,149406,149406
313938,0,1,1,247468,247468
313978,0,0,0,179353,179353
314006,0,6,6,225342,225342
314018,0,2,2,196510,196510
314042,0,1,1,194774,194774
314104,3,3,6,164192,164192
314122,4,21,25,149612,149612
314127,0,2,2,63531,63531
314132,0,1,1,195187,195187
314149,0,1,1,215156,215156
314179,0,2,2,175997,175997
314181,0,1,1,241467,241467
314183,1,0,1,157193,157193
314228,4,25,29,202537,202537
314230,3,72,75,233812,233812
314236,1,4,5,160969,160969
314240,1,7,8,149655,149655
314250,1,2,3,195746,195746
314252,0,0,0,176279,176279
314332,0,2,2,242212,242212
314411,0,0,0,38626,38626
314446,0,0,0,245555,245555
314449,3,7,10,36522,36522
314463,0,4,4,232341,232341
314478,0,5,5,132907,132907
314505,0,9,9,196477,196477
314523,0,4,4,249423,249423
314541,0,1,1,167667,167667
314545,0,0,0,156208,156208
314566,0,4,4,217704,217704
314590,0,3,3,230388,230388
314604,0,0,0,254357,254357
314641,0,0,0,234967,234967
314644,0,5,5,160112,160112
314660,0,2,2,233717,233717
314671,0,7,7,132027,132027
314681,0,1,1,223771,223771
314729,0,2,2,160062,160062
314746,2,4,6,242749,242749
314757,0,3,3,210709,210709
314759,0,2,2,62437,62437
314782,0,1,1,226255,226255
314802,0,0,0,178940,178940
314805,7,30,37,111733,111733
314880,0,1,1,204903,204903
314929,1,2,3,228399,228399
314940,1,2,3,232468,232468
314942,1,3,4,212216,212216
314947,1,1,2,177223,177223
314968,0,2,2,211994,211994
314987,2,5,7,188005,188005
315013,0,7,7,250118,250118
315031,0,1,1,147583,147583
315034,0,2,2,108590,108590
315072,1,2,3,201793,201793
315096,0,0,0,221283,221283
315118,0,0,0,234121,234121
315119,0,2,2,143178,143178
315145,0,2,2,252518,252518
315251,0,1,1,154899,154899
315273,0,1,1,253189,253189
315304,0,0,0,183565,183565
315327,4,7,11,250789,250789
315333,0,2,2,145042,145042
315341,1,5,6,161919,161919
315364,0,1,1,249914,249914
315375,0,4,4,223745,223745
315392,0,0,0,173768,173768
315394,0,0,0,222189,222189
315402,2,4,6,34507,34507
315442,0,2,2,253516,253516
315457,1,8,9,145811,145811
315486,0,1,1,210000,210000
315495,0,0,0,188402,188402
315496,0,1,1,168261,168261
315498,0,1,1,258913,258913
315529,0,0,0,65716,65716
315536,0,1,1,155736,155736
315554,1,5,6,219514,219514
315567,0,3,3,246745,246745
315586,0,0,0,184636,184636
315594,0,0,0,189096,189096
315627,0,10,10,228515,228515
315628,0,4,4,152322,152322
315672,0,5,5,221715,221715
315697,0,1,1,221724,221724
315714,0,1,1,149312,149312
315719,0,2,2,249951,249951
315771,2,4,6,157961,157961
315776,0,2,2,154449,154449
315785,0,3,3,200963,200963
315788,0,0,0,246889,246889
315802,1,6,7,13259,13259
315827,0,0,0,209459,209459
315848,0,1,1,234619,234619
315852,0,0,0,173699,173699
315855,0,2,2,71111,71111
315864,0,1,1,66732,66732
315957,1,1,2,258757,258757
315962,0,0,0,252262,252262
315988,0,3,3,210917,210917
316005,0,4,4,256424,256424
316020,0,2,2,256757,256757
316101,0,0,0,177149,177149
316104,0,0,0,146575,146575
316116,0,0,0,198241,198241
316144,0,0,0,199280,199280
316163,0,7,7,240849,240849
316217,0,0,0,162745,162745
316221,1,2,3,245284,245284
316223,0,0,0,170296,170296
316257,0,1,1,239014,239014
316267,1,6,7,190350,190350
316278,1,1,2,132738,132738
316336,0,1,1,224336,224336
316385,0,2,2,114191,114191
316398,2,2,4,211408,211408
316414,1,5,6,153621,153621
316449,1,1,2,222588,222588
316459,0,9,9,194315,194315
316489,0,0,0,189507,189507
316490,0,2,2,230634,230634
316494,0,7,7,228484,228484
316513,0,3,3,146388,146388
316537,0,0,0,221406,221406
316617,0,8,8,149538,149538
316618,0,3,3,248148,248148
316680,0,0,0,145842,145842
316711,0,0,0,222989,222989
316716,0,0,0,244392,244392
316737,1,2,3,241746,241746
316781,0,2,2,206449,206449
316833,0,0,0,216849,216849
316896,0,2,2,207449,207449
316914,0,0,0,224833,224833
316921,0,2,2,192284,192284
316943,0,7,7,235596,235596
316972,0,3,3,235804,235804
317032,5,7,12,249201,249201
317071,1,2,3,244982,244982
317074,0,0,0,224247,224247
317159,0,3,3,155926,155926
317205,1,7,8,146830,146830
317218,0,1,1,64073,64073
317249,0,2,2,154756,154756
317302,0,3,3,239449,239449
317315,1,2,3,108178,108178
317341,0,0,0,215385,215385
317395,0,2,2,256663,256663
317403,0,1,1,238805,238805
317417,0,0,0,162832,162832
317422,0,0,0,174764,174764
317423,0,1,1,256378,256378
317429,0,4,4,17209,17209
317441,0,0,0,156448,156448
317459,1,1,2,215259,215259
317494,0,1,1,215120,215120
317506,1,2,3,154201,154201
317528,0,0,0,166451,166451
317529,0,1,1,225912,225912
317530,0,4,4,151454,151454
317549,0,2,2,148166,148166
317578,1,3,4,161531,161531
317585,0,4,4,250589,250589
317590,1,5,6,192686,192686
317593,0,0,0,233116,233116
317703,1,2,3,238793,238793
317704,1,1,2,244170,244170
317705,3,2,5,204917,204917
317721,0,1,1,198439,198439
317724,0,4,4,188555,188555
317742,1,2,3,212339,212339
317751,0,0,0,188864,188864
317764,0,2,2,228311,228311
317779,0,0,0,231409,231409
317811,1,5,6,147728,147728
317817,0,2,2,191053,191053
317842,0,0,0,199280,199280
317862,1,1,2,212622,212622
317866,1,6,7,43025,43025
317879,0,3,3,187804,187804
317884,1,6,7,226870,226870
317887,2,4,6,165478,165478
317914,0,1,1,233386,233386
317931,3,7,10,114243,114243
317933,1,4,5,207639,207639
317946,0,13,13,237448,237448
317954,1,1,2,223661,223661
318019,0,1,1,158540,158540
318020,0,2,2,203013,203013
318034,0,3,3,237766,237766
318044,0,0,0,118529,118529
318074,2,12,14,201998,201998
318085,1,1,2,185375,185375
318104,1,5,6,146332,146332
318118,0,1,1,153541,153541
318121,1,10,11,252029,252029
318182,0,7,7,142459,142459
318188,0,2,2,241041,241041
318216,0,1,1,122344,122344
318242,0,1,1,145732,145732
318276,1,6,7,177517,177517
318283,0,0,0,181480,181480
318316,1,1,2,145499,145499
318335,0,3,3,245969,245969
318341,0,1,1,183805,183805
318342,0,2,2,218513,218513
318387,1,1,2,114226,114226
318395,0,1,1,188393,188393
318431,0,1,1,191001,191001
318432,0,4,4,227885,227885
318483,0,2,2,179025,179025
318488,0,0,0,168462,168462
318492,0,1,1,179001,179001
318550,0,3,3,230175,230175
318551,0,2,2,118675,118675
318575,0,14,14,113992,113992
318588,0,12,12,246903,246903
318591,0,0,0,138686,138686
318620,0,0,0,176726,176726
318634,0,1,1,66833,66833
318635,1,1,2,65678,65678
318636,1,1,2,66593,66593
318694,0,2,2,142363,142363
318739,0,0,0,164412,164412
318763,0,0,0,172369,172369
318780,1,5,6,257577,257577
318837,2,0,2,226934,226934
318838,0,0,0,5701,5701
318844,1,1,2,205057,205057
318868,0,4,4,132700,132700
318966,0,0,0,188026,188026
318967,0,1,1,234312,234312
318973,0,0,0,208095,208095
319001,0,0,0,205825,205825
319002,5,7,12,202614,202614
319006,0,1,1,77270,77270
319010,1,0,1,154055,154055
319018,0,1,1,237090,237090
319037,0,0,0,18078,18078
319152,0,0,0,137268,137268
319153,0,0,0,137380,137380
319162,0,2,2,73904,73904
319167,0,6,6,226370,226370
319193,2,9,11,257118,257118
319212,1,2,3,246340,246340
319262,1,4,5,155659,155659
319274,1,1,2,177901,177901
319292,0,5,5,258413,258413
319307,0,10,10,179891,179891
319319,0,1,1,196969,196969
319381,0,3,3,207175,207175
319438,1,5,6,224710,224710
319439,0,1,1,238887,238887
319456,0,3,3,247465,247465
319479,0,0,0,157393,157393
319493,0,2,2,189008,189008
319542,4,3,7,42334,42334
319571,1,10,11,142586,142586
319601,0,4,4,189497,189497
319616,0,2,2,216318,216318
319617,0,1,1,244936,244936
319635,0,2,2,215871,215871
319696,0,0,0,156519,156519
319735,0,3,3,220757,220757
319742,0,1,1,130948,130948
319747,0,2,2,190726,190726
319751,0,0,0,254993,254993
319755,0,5,5,240675,240675
319797,0,3,3,213917,213917
319815,0,8,8,212813,212813
319841,1,12,13,153101,153101
319849,0,5,5,123331,123331
319859,1,2,3,206462,206462
319861,0,0,0,245813,245813
319895,0,0,0,247221,247221
319978,0,2,2,229416,229416
320057,1,10,11,142922,142922
320059,3,9,12,197881,197881
320079,0,5,5,218907,218907
320089,0,19,19,48137,48137
320090,0,9,9,125285,125285
320093,0,1,1,200673,200673
320118,0,0,0,229154,229154
320131,0,2,2,172985,172985
320134,0,0,0,47400,47400
320136,0,4,4,131056,131056
320184,1,1,2,210597,210597
320214,0,1,1,106060,106060
320256,3,3,6,67432,67432
320286,0,0,0,138662,138662
320297,0,1,1,183825,183825
320304,0,0,0,177494,177494
320317,0,5,5,162378,162378
320347,0,3,3,136786,136786
320350,0,0,0,237530,237530
320360,1,10,11,97595,97595
320397,1,1,2,227696,227696
320420,0,1,1,204020,204020
320432,1,9,10,231626,231626
320451,0,3,3,207248,207248
320464,3,4,7,161231,161231
320479,0,2,2,156252,156252
320511,0,0,0,188510,188510
320524,0,2,2,232687,232687
320530,0,7,7,217132,217132
320554,0,6,6,258435,258435
320558,1,1,2,171538,171538
320599,0,5,5,43733,43733
320642,0,2,2,162124,162124
320684,1,2,3,211206,211206
320702,0,2,2,152248,152248
320755,0,2,2,149155,149155
320766,1,1,2,242226,242226
320813,0,0,0,211766,211766
320816,0,0,0,212772,212772
320829,0,0,0,142654,142654
320865,1,5,6,249560,249560
320893,1,3,4,210111,210111
320944,0,1,1,241446,241446
321008,0,0,0,257153,257153
321018,0,1,1,200434,200434
321022,0,5,5,161570,161570
321035,1,1,2,170378,170378
321061,0,2,2,67888,67888
321079,0,2,2,69325,69325
321105,0,1,1,146911,146911
321145,1,3,4,201948,201948
321152,0,0,0,132850,132850
321175,0,24,24,149517,149517
321199,1,21,22,224886,224886
321201,2,4,6,207365,207365
321202,4,3,7,207523,207523
321203,3,0,3,211588,211588
321205,2,3,5,207453,207453
321206,0,2,2,134702,134702
321233,0,6,6,232774,232774
321268,1,2,3,183298,183298
321317,0,1,1,215244,215244
321340,0,2,2,9167,9167
321356,0,3,3,131900,131900
321383,0,3,3,134134,134134
321396,0,0,0,244560,244560
321418,2,2,4,172195,172195
321476,2,8,10,101236,101236
321527,0,0,0,57568,57568
321548,0,1,1,231385,231385
321565,2,9,11,156224,156224
321583,1,4,5,233164,233164
321619,0,0,0,224227,224227
321624,0,0,0,154423,154423
321667,1,2,3,126563,126563
321668,1,2,3,130557,130557
321677,0,0,0,165486,165486
321683,0,0,0,180488,180488
321685,0,0,0,185210,185210
321686,0,1,1,208814,208814
321715,0,2,2,174292,174292
321768,0,1,1,115610,115610
321794,1,1,2,230396,230396
321810,0,2,2,203817,203817
321815,1,7,8,243927,243927
321822,0,5,5,215097,215097
321839,1,1,2,177057,177057
321841,0,2,2,200537,200537
321843,0,2,2,239115,239115
321904,0,0,0,221730,221730
321919,0,1,1,234891,234891
321923,0,2,2,229631,229631
321926,0,2,2,205863,205863
321935,0,2,2,228839,228839
321945,3,23,26,231911,231911
321990,0,3,3,254773,254773
322023,0,2,2,110028,110028
322045,0,0,0,154363,154363
322067,2,8,10,197445,197445
322068,1,28,29,154045,154045
322085,3,13,16,150671,150671
322086,0,5,5,216910,216910
322090,0,2,2,167085,167085
322096,0,0,0,219952,219952
322114,0,2,2,188781,188781
322125,0,4,4,239827,239827
322141,0,0,0,155491,155491
322145,0,3,3,244571,244571
322192,0,0,0,183145,183145
322203,1,4,5,183565,183565
322204,0,2,2,143244,143244
322324,3,11,14,209500,209500
322327,1,5,6,136588,136588
322341,1,5,6,223377,223377
322355,2,3,5,242239,242239
322356,3,4,7,234711,234711
322371,2,6,8,192376,192376
322375,0,1,1,230926,230926
322381,1,3,4,207237,207237
322391,1,1,2,220421,220421
322428,1,5,6,162500,162500
322465,0,1,1,69132,69132
322484,0,6,6,192054,192054
322495,0,0,0,57017,57017
322498,0,0,0,231763,231763
322505,0,0,0,179782,179782
322514,1,16,17,151466,151466
322519,0,12,12,226333,226333
322552,1,3,4,199760,199760
322557,0,5,5,149977,149977
322566,0,1,1,176663,176663
322597,0,3,3,237129,237129
322617,0,1,1,141771,141771
322634,0,1,1,220036,220036
322638,0,2,2,201995,201995
322640,1,3,4,252237,252237
322669,0,0,0,206440,206440
322692,1,3,4,196233,196233
322693,1,3,4,200972,200972
322719,0,1,1,197517,197517
322720,0,1,1,136936,136936
322731,0,1,1,198943,198943
322764,1,4,5,158696,158696
322771,1,3,4,239494,239494
322772,1,4,5,198524,198524
322778,1,4,5,233251,233251
322780,1,3,4,220916,220916
322797,3,11,14,155290,155290
322803,0,2,2,145337,145337
322842,0,6,6,257958,257958
322844,0,2,2,208041,208041
322871,0,0,0,246197,246197
322874,0,0,0,137911,137911
322875,1,2,3,237048,237048
322885,0,2,2,79852,79852
322893,1,11,12,257492,257492
322927,0,2,2,178839,178839
322979,0,2,2,238060,238060
322982,0,5,5,223789,223789
323003,0,2,2,248621,248621
323004,1,1,2,192761,192761
323015,1,3,4,178986,178986
323036,0,0,0,257113,257113
323050,0,3,3,148744,148744
323077,0,1,1,250298,250298
323107,1,1,2,249053,249053
323114,0,0,0,132040,132040
323117,0,2,2,186476,186476
323141,0,4,4,207750,207750
323209,1,11,12,233870,233870
323248,0,7,7,253058,253058
323266,0,3,3,252228,252228
323281,0,0,0,137319,137319
323306,0,1,1,179870,179870
323330,0,3,3,257065,257065
323348,0,5,5,214503,214503
323351,2,3,5,227568,227568
323359,4,15,19,147271,147271
323360,3,7,10,145411,145411
323371,0,3,3,235177,235177
323383,0,0,0,173200,173200
323413,0,0,0,176157,176157
323424,0,0,0,198351,198351
323438,1,1,2,241582,241582
323440,1,2,3,196956,196956
323446,1,7,8,254300,254300
323461,0,0,0,224177,224177
323481,0,1,1,225021,225021
323525,0,1,1,206281,206281
323545,0,3,3,166659,166659
323555,0,0,0,232689,232689
323564,0,0,0,252668,252668
323612,0,5,5,192079,192079
323646,0,1,1,160536,160536
323665,3,3,6,222153,222153
323666,3,3,6,233743,233743
323667,3,3,6,233643,233643
323668,3,3,6,228254,228254
323671,2,1,3,171918,171918
323675,1,1,2,172469,172469
323686,1,1,2,256542,256542
323729,4,7,11,121769,121769
323730,2,2,4,121910,121910
323746,0,3,3,144582,144582
323776,1,3,4,147973,147973
323788,0,0,0,160483,160483
323802,1,3,4,229644,229644
323803,1,3,4,234968,234968
323806,2,3,5,249934,249934
323810,0,4,4,192798,192798
323848,0,16,16,138448,138448
323860,0,0,0,178805,178805
323901,2,3,5,171912,171912
323904,0,1,1,227831,227831
323919,0,0,0,172160,172160
323942,0,8,8,238122,238122
323945,0,8,8,153337,153337
323948,0,1,1,239979,239979
323953,2,4,6,160243,160243
323967,1,1,2,211565,211565
323971,3,5,8,215419,215419
323976,3,8,11,221240,221240
323993,1,8,9,161298,161298
324033,0,1,1,71543,71543
324043,0,4,4,133537,133537
324048,0,6,6,251118,251118
324059,0,5,5,241074,241074
324063,1,1,2,242131,242131
324065,3,5,8,247211,247211
324070,0,0,0,154872,154872
324134,1,1,2,172056,172056
324136,1,9,10,224577,224577
324176,0,1,1,215368,215368
324195,0,2,2,154360,154360
324203,0,3,3,137778,137778
324208,0,0,0,177145,177145
324220,0,1,1,240911,240911
324229,0,1,1,212624,212624
324251,1,10,11,237968,237968
324340,0,0,0,207386,207386
324345,0,2,2,71641,71641
324358,0,1,1,68762,68762
324368,2,10,12,148763,148763
324429,0,0,0,188940,188940
324446,1,10,11,218823,218823
324452,5,7,12,144831,144831
324486,0,2,2,190961,190961
324490,0,1,1,250123,250123
324492,0,0,0,249612,249612
324499,2,6,8,224498,224498
324510,0,1,1,216950,216950
324523,0,14,14,241756,241756
324534,1,4,5,199296,199296
324583,0,5,5,163011,163011
324599,0,1,1,242253,242253
324603,0,2,2,196017,196017
324635,0,0,0,256916,256916
324700,2,11,13,233856,233856
324710,2,6,8,254706,254706
324762,1,7,8,220243,220243
324800,1,5,6,172135,172135
324805,0,0,0,126159,126159
324817,0,0,0,158182,158182
324875,0,12,12,206803,206803
324883,0,4,4,202616,202616
324912,0,2,2,232952,232952
324938,0,1,1,198590,198590
324944,0,1,1,178344,178344
324955,0,5,5,41618,41618
324956,0,6,6,207601,207601
324957,0,15,15,218165,218165
324978,1,5,6,238354,238354
325002,0,0,0,132247,132247
325018,0,7,7,199295,199295
325031,0,2,2,257422,257422
325054,0,5,5,150609,150609
325229,0,2,2,153812,153812
325241,0,0,0,226155,226155
325263,0,3,3,193992,193992
325279,0,1,1,198266,198266
325361,1,2,3,257059,257059
325363,0,2,2,230718,230718
325400,0,2,2,193073,193073
325434,0,8,8,218564,218564
325445,0,1,1,191245,191245
325463,0,12,12,138967,138967
325465,1,1,2,174081,174081
325485,1,4,5,76984,76984
325532,0,1,1,208711,208711
325566,1,3,4,153824,153824
325587,0,3,3,245961,245961
325593,1,2,3,157140,157140
325602,1,1,2,239238,239238
325661,0,2,2,195276,195276
325669,1,3,4,135358,135358
325679,1,1,2,206465,206465
325681,2,6,8,213479,213479
325682,0,1,1,200165,200165
325702,1,2,3,155275,155275
325706,0,1,1,257604,257604
325707,0,1,1,191021,191021
325730,1,1,2,230607,230607
325736,0,2,2,208224,208224
325766,0,2,2,217929,217929
325782,1,1,2,137488,137488
325807,0,0,0,245294,245294
325808,0,3,3,127430,127430
325810,0,0,0,71173,71173
325818,0,0,0,241409,241409
325821,0,1,1,1341,1341
325828,0,13,13,239905,239905
325837,0,0,0,136806,136806
325839,0,3,3,159554,159554
325903,0,2,2,197038,197038
325915,1,1,2,2349,2349
325916,1,1,2,2300,2300
325930,0,1,1,212287,212287
325938,3,9,12,145958,145958
325958,1,3,4,226893,226893
325975,0,1,1,220545,220545
325983,0,3,3,148878,148878
325999,0,0,0,168832,168832
326002,3,4,7,190661,190661
326016,0,0,0,144133,144133
326024,0,2,2,190635,190635
326051,2,12,14,46856,46856
326052,1,3,4,150359,150359
326067,0,2,2,242217,242217
326072,0,0,0,214032,214032
326144,0,23,23,224958,224958
326157,1,5,6,147709,147709
326302,1,2,3,248275,248275
326321,0,5,5,151155,151155
326336,1,2,3,246104,246104
326344,3,3,6,157166,157166
326346,0,4,4,223470,223470
326355,0,2,2,225440,225440
326407,2,9,11,161899,161899
326408,0,4,4,146959,146959
326426,0,5,5,64702,64702
326428,0,1,1,230492,230492
326497,0,0,0,207888,207888
326547,1,4,5,220749,220749
326558,1,3,4,99907,99907
326587,0,4,4,211255,211255
326606,0,0,0,236778,236778
326612,0,1,1,234188,234188
326621,0,0,0,166707,166707
326628,2,4,6,242868,242868
326651,0,6,6,216204,216204
326690,0,2,2,180536,180536
326697,0,2,2,200227,200227
326779,1,1,2,190605,190605
326780,2,3,5,190617,190617
326788,0,1,1,204078,204078
326821,0,5,5,162003,162003
326835,0,1,1,141482,141482
326848,0,0,0,250949,250949
326850,0,0,0,155290,155290
326879,1,0,1,253223,253223
326880,0,4,4,249596,249596
326883,0,0,0,208487,208487
326892,0,0,0,173064,173064
326906,0,0,0,154254,154254
326953,0,2,2,250608,250608
326991,0,6,6,249737,249737
326995,0,2,2,239114,239114
326997,0,1,1,200025,200025
327106,0,1,1,167118,167118
327119,0,3,3,166569,166569
327132,0,3,3,99682,99682
327153,0,7,7,248048,248048
327165,0,12,12,235261,235261
327180,0,1,1,160778,160778
327186,0,2,2,120169,120169
327204,2,7,9,114838,114838
327215,0,0,0,173619,173619
327231,0,4,4,239162,239162
327236,0,6,6,231742,231742
327287,1,1,2,223386,223386
327289,2,2,4,223187,223187
327307,0,6,6,138409,138409
327314,0,4,4,133752,133752
327325,1,0,1,236621,236621
327362,1,2,3,238336,238336
327399,0,2,2,249031,249031
327431,0,1,1,76455,76455
327480,1,2,3,173356,173356
327485,0,3,3,185600,185600
327534,0,0,0,165429,165429
327595,1,3,4,148630,148630
327603,0,2,2,210237,210237
327606,0,2,2,166728,166728
327652,0,2,2,149115,149115
327655,0,0,0,258821,258821
327666,0,0,0,221601,221601
327676,0,3,3,247721,247721
327719,4,6,10,149531,149531
327747,0,2,2,234194,234194
327787,0,3,3,167451,167451
327791,0,1,1,235103,235103
327797,0,1,1,207857,207857
327809,0,2,2,162796,162796
327810,0,1,1,220609,220609
327813,0,1,1,249901,249901
327841,0,2,2,234099,234099
327844,0,0,0,62661,62661
327881,1,1,2,167096,167096
327898,0,3,3,242133,242133
327935,0,21,21,113064,113064
327938,0,6,6,205216,205216
327980,0,2,2,229983,229983
327996,3,13,16,178235,178235
327998,6,17,23,196266,196266
328046,0,0,0,237165,237165
328070,1,2,3,235260,235260
328076,0,2,2,200717,200717
328108,0,11,11,102511,102511
328110,0,4,4,126553,126553
328114,0,1,1,215797,215797
328136,0,6,6,205017,205017
328149,0,1,1,229074,229074
328150,1,2,3,225995,225995
328153,0,5,5,227136,227136
328157,0,0,0,220016,220016
328165,2,12,14,71572,71572
328171,0,1,1,203964,203964
328187,1,1,2,185970,185970
328200,0,1,1,252518,252518
328206,0,1,1,242127,242127
328218,0,2,2,237832,237832
328229,0,1,1,217327,217327
328251,0,2,2,147822,147822
328279,0,2,2,251011,251011
328333,1,2,3,222929,222929
328334,0,6,6,206089,206089
328365,0,6,6,174808,174808
328377,2,9,11,146444,146444
328386,0,0,0,137307,137307
328439,1,5,6,242588,242588
328451,0,1,1,192888,192888
328467,1,12,13,188877,188877
328470,1,0,1,206647,206647
328485,0,2,2,179465,179465
328523,1,4,5,190621,190621
328652,0,5,5,225148,225148
328660,0,2,2,66163,66163
328673,0,3,3,225958,225958
328678,1,4,5,147988,147988
328685,0,4,4,221198,221198
328702,0,1,1,259092,259092
328754,0,0,0,190106,190106
328755,0,1,1,136230,136230
328761,1,1,2,245901,245901
328762,0,1,1,198428,198428
328770,0,9,9,237797,237797
328777,0,1,1,223113,223113
328795,0,0,0,234708,234708
328799,5,8,13,240940,240940
328825,2,11,13,248252,248252
328826,0,4,4,215647,215647
328827,0,1,1,248664,248664
328840,0,1,1,169362,169362
328857,0,4,4,160500,160500
328864,0,2,2,209333,209333
328870,0,1,1,58448,58448
328873,0,1,1,220963,220963
328882,0,2,2,204384,204384
328893,0,1,1,144540,144540
328927,0,1,1,242188,242188
328938,0,5,5,166065,166065
328946,0,1,1,201310,201310
328951,0,12,12,104376,104376
328953,1,1,2,167009,167009
328959,2,16,18,202622,202622
328995,0,1,1,214243,214243
329002,2,2,4,107974,107974
329011,1,2,3,48221,48221
329022,0,5,5,193799,193799
329040,1,3,4,190969,190969
329041,1,5,6,147010,147010
329049,3,3,6,251543,251543
329065,0,1,1,25448,25448
329101,0,1,1,197048,197048
329102,0,0,0,99042,99042
329117,0,0,0,208527,208527
329127,0,0,0,188487,188487
329137,0,1,1,251928,251928
329145,1,2,3,194116,194116
329155,0,1,1,257081,257081
329158,1,3,4,199813,199813
329195,2,9,11,221137,221137
329212,3,13,16,244885,244885
329223,0,8,8,146699,146699
329290,1,2,3,210843,210843
329291,0,16,16,54904,54904
329292,0,2,2,192094,192094
329323,0,1,1,216035,216035
329330,0,4,4,191035,191035
329332,0,10,10,226985,226985
329344,2,3,5,196664,196664
329349,4,5,9,217926,217926
329354,2,9,11,228816,228816
329357,5,11,16,165815,165815
329358,1,28,29,209046,209046
329367,1,5,6,190865,190865
329372,1,7,8,245040,245040
329375,1,3,4,246111,246111
329378,1,9,10,71502,71502
329386,1,6,7,255056,255056
329388,1,3,4,48689,48689
329391,1,3,4,251746,251746
329392,1,7,8,247711,247711
329401,1,12,13,199250,199250
329438,1,4,5,246595,246595
329439,0,0,0,125768,125768
329447,0,0,0,186257,186257
329459,0,5,5,195604,195604
329460,0,4,4,213828,213828
329569,0,2,2,131589,131589
329601,0,2,2,240542,240542
329616,0,2,2,232030,232030
329652,2,7,9,147278,147278
329677,0,2,2,151341,151341
329679,0,1,1,159889,159889
329742,0,7,7,224537,224537
329762,0,0,0,41949,41949
329815,0,1,1,68159,68159
329831,0,0,0,197627,197627
329854,0,0,0,139453,139453
329864,0,0,0,158736,158736
329930,0,0,0,184215,184215
329934,0,0,0,192422,192422
329959,0,1,1,168863,168863
329969,0,1,1,207220,207220
329982,0,5,5,147609,147609
329986,0,8,8,156469,156469
330046,0,7,7,251622,251622
330071,2,4,6,158947,158947
330076,1,1,2,228021,228021
330080,0,1,1,224186,224186
330100,0,0,0,223195,223195
330122,0,2,2,118880,118880
330125,0,0,0,99290,99290
330153,0,0,0,230723,230723
330158,0,0,0,29153,29153
330171,1,2,3,57604,57604
330205,2,1,3,220660,220660
330236,0,3,3,137440,137440
330250,1,4,5,230705,230705
330252,0,2,2,251956,251956
330340,0,2,2,174377,174377
330341,0,1,1,230906,230906
330384,0,5,5,75088,75088
330398,0,2,2,160506,160506
330416,0,1,1,228109,228109
330439,1,5,6,243312,243312
330492,1,1,2,210120,210120
330509,2,3,5,129734,129734
330510,1,1,2,162242,162242
330539,0,3,3,179838,179838
330542,0,0,0,227720,227720
330555,0,1,1,188709,188709
330563,0,4,4,215275,215275
330585,2,2,4,237577,237577
330615,0,9,9,165504,165504
330617,0,1,1,248991,248991
330639,0,2,2,60772,60772
330698,1,1,2,164744,164744
330699,0,0,0,221728,221728
330711,0,0,0,183891,183891
330735,0,0,0,251234,251234
330805,0,0,0,255713,255713
330816,0,7,7,124050,124050
330871,1,2,3,153161,153161
330882,0,5,5,227370,227370
330895,0,1,1,63022,63022
330896,0,1,1,182481,182481
330898,2,3,5,204395,204395
330923,0,0,0,215408,215408
330927,0,0,0,177612,177612
330928,1,1,2,173302,173302
330954,0,2,2,172886,172886
330970,0,0,0,208364,208364
330989,2,2,4,171961,171961
331007,1,2,3,246673,246673
331089,0,0,0,175793,175793
331099,0,0,0,224737,224737
331105,0,9,9,142141,142141
331127,0,2,2,189855,189855
331180,1,4,5,195678,195678
331182,0,0,0,156311,156311
331189,0,0,0,181732,181732
331204,0,1,1,245567,245567
331226,1,4,5,193371,193371
331228,0,2,2,66831,66831
331250,0,4,4,180651,180651
331259,0,0,0,237761,237761
331286,0,3,3,231053,231053
331303,0,0,0,66845,66845
331308,1,1,2,197832,197832
331318,0,0,0,148420,148420
331320,0,0,0,4687,4687
331334,0,1,1,147382,147382
331355,0,5,5,245309,245309
331362,1,7,8,154951,154951
331422,1,2,3,201570,201570
331435,0,3,3,232158,232158
331454,5,2,7,258922,258922
331456,0,3,3,78572,78572
331489,1,2,3,244181,244181
331503,0,0,0,238626,238626
331517,0,5,5,137998,137998
331531,0,2,2,229937,229937
331579,0,1,1,122826,122826
331589,0,9,9,233444,233444
331597,2,4,6,204379,204379
331603,0,1,1,243940,243940
331610,0,2,2,224543,224543
331624,0,3,3,144225,144225
331661,0,3,3,165912,165912
331670,0,3,3,152311,152311
331689,0,4,4,84129,84129
331698,0,0,0,129509,129509
331731,0,1,1,221807,221807
331763,3,1,4,207360,207360
331774,0,4,4,235960,235960
331784,0,6,6,180071,180071
331789,1,0,1,139123,139123
331831,0,1,1,203914,203914
331834,1,2,3,167771,167771
331835,1,3,4,168303,168303
331888,0,4,4,150616,150616
331905,0,2,2,106411,106411
331922,0,2,2,211116,211116
331965,2,2,4,3689,3689
331966,2,2,4,148192,148192
331967,2,2,4,3991,3991
332018,0,2,2,215273,215273
332033,0,0,0,193233,193233
332046,0,2,2,238127,238127
332051,1,4,5,153281,153281
332056,2,1,3,202763,202763
332104,0,1,1,248243,248243
332115,1,5,6,228407,228407
332124,2,2,4,171991,171991
332125,1,1,2,172044,172044
332171,0,3,3,174644,174644
332184,0,0,0,192943,192943
332189,0,7,7,155921,155921
332251,1,31,32,192787,192787
332257,0,0,0,60649,60649
332265,0,8,8,245695,245695
332274,0,2,2,243572,243572
332285,0,1,1,125680,125680
332307,0,0,0,153073,153073
332333,0,0,0,240432,240432
332339,0,1,1,207760,207760
332366,0,0,0,76867,76867
332414,0,5,5,190203,190203
332418,0,3,3,232828,232828
332419,0,2,2,222822,222822
332445,0,1,1,153489,153489
332486,0,0,0,188997,188997
332490,0,1,1,219164,219164
332501,0,2,2,196358,196358
332516,1,0,1,195248,195248
332544,2,2,4,239357,239357
332551,0,0,0,173807,173807
332554,0,6,6,251614,251614
332563,0,6,6,72388,72388
332569,0,1,1,171847,171847
332633,1,2,3,126135,126135
332637,0,2,2,195014,195014
332647,0,2,2,178003,178003
332648,0,1,1,217126,217126
332697,0,3,3,245071,245071
332752,1,1,2,153676,153676
332819,0,4,4,152833,152833
332827,0,3,3,31026,31026
332829,1,2,3,151671,151671
332831,0,1,1,151597,151597
332844,0,0,0,242404,242404
332869,0,2,2,201660,201660
332910,0,0,0,242105,242105
332929,0,2,2,211828,211828
332963,1,1,2,242112,242112
332969,0,0,0,176292,176292
333005,1,3,4,207698,207698
333006,0,2,2,207373,207373
333023,1,4,5,99984,99984
333038,0,0,0,232765,232765
333040,0,1,1,210203,210203
333044,0,1,1,213645,213645
333110,0,4,4,207341,207341
333112,0,8,8,197667,197667
333131,1,1,2,224593,224593
333159,1,1,2,200727,200727
333161,0,1,1,220356,220356
333168,0,0,0,211940,211940
333178,2,6,8,209895,209895
333181,0,1,1,196438,196438
333206,0,2,2,241791,241791
333209,1,5,6,150968,150968
333213,0,0,0,131552,131552
333225,0,2,2,169386,169386
333262,1,4,5,159346,159346
333308,0,3,3,142899,142899
333328,1,1,2,232612,232612
333332,1,1,2,232686,232686
333348,0,0,0,235812,235812
333366,0,1,1,180609,180609
333382,0,1,1,167200,167200
333384,0,4,4,245802,245802
333392,0,0,0,231165,231165
333399,0,2,2,256298,256298
333406,0,2,2,137646,137646
333506,1,4,5,245155,245155
333507,1,1,2,244033,244033
333511,0,1,1,155902,155902
333515,0,7,7,136360,136360
333531,0,0,0,155009,155009
333539,0,1,1,252425,252425
333544,0,2,2,218775,218775
333548,0,2,2,247209,247209
333557,0,0,0,250591,250591
333565,1,3,4,141423,141423
333568,0,2,2,253981,253981
333584,0,1,1,74534,74534
333613,0,2,2,178988,178988
333615,0,2,2,194930,194930
333619,0,0,0,221118,221118
333674,0,0,0,189126,189126
333680,0,8,8,203168,203168
333686,0,10,10,142273,142273
333689,0,2,2,227894,227894
333692,0,0,0,169031,169031
333695,0,2,2,200429,200429
333697,0,1,1,220500,220500
333706,0,1,1,173259,173259
333754,0,0,0,194513,194513
333771,1,1,2,153703,153703
333827,0,1,1,114876,114876
333837,0,0,0,139248,139248
333850,1,1,2,257041,257041
333861,1,2,3,239236,239236
333869,0,5,5,91029,91029
333906,0,4,4,257994,257994
333933,0,1,1,188384,188384
333947,0,0,0,248706,248706
333973,0,2,2,67910,67910
334026,1,1,2,228366,228366
334028,1,0,1,115229,115229
334055,1,1,2,192203,192203
334074,0,0,0,188744,188744
334116,0,2,2,223578,223578
334122,0,1,1,157170,157170
334125,2,2,4,249559,249559
334140,0,4,4,139053,139053
334147,0,1,1,162060,162060
334152,0,2,2,125535,125535
334182,0,1,1,191067,191067
334187,1,10,11,191510,191510
334214,0,0,0,94492,94492
334233,3,3,6,173944,173944
334243,1,1,2,236424,236424
334244,2,6,8,225275,225275
334290,1,1,2,153474,153474
334305,1,3,4,149119,149119
334306,0,0,0,200208,200208
334331,0,3,3,137043,137043
334361,0,3,3,203486,203486
334364,1,1,2,239782,239782
334367,1,3,4,211412,211412
334376,0,0,0,148088,148088
334389,3,3,6,122382,122382
334434,0,0,0,232260,232260
334452,2,3,5,117101,117101
334454,3,4,7,229256,229256
334455,2,4,6,155148,155148
334480,0,1,1,243521,243521
334509,0,8,8,230252,230252
334530,0,0,0,211728,211728
334575,0,2,2,110052,110052
334584,0,0,0,170016,170016
334610,1,8,9,246712,246712
334612,0,4,4,157212,157212
334615,0,3,3,134305,134305
334640,0,1,1,160258,160258
334692,0,9,9,231498,231498
334711,0,2,2,217565,217565
334723,1,9,10,78838,78838
334781,0,0,0,246827,246827
334813,0,0,0,189144,189144
334822,0,0,0,250084,250084
334866,1,9,10,189061,189061
334873,0,2,2,180161,180161
334892,0,13,13,127951,127951
334923,1,2,3,151574,151574
334930,3,24,27,72458,72458
334932,0,0,0,176772,176772
334980,0,2,2,218016,218016
334982,1,2,3,145882,145882
334996,0,0,0,249295,249295
335010,1,1,2,245139,245139
335030,0,1,1,227266,227266
335095,0,1,1,230275,230275
335112,0,2,2,178978,178978
335209,0,1,1,66103,66103
335232,0,4,4,155535,155535
335243,0,1,1,142131,142131
335263,6,6,12,222323,222323
335310,1,12,13,149878,149878
335311,1,6,7,200303,200303
335360,0,6,6,246400,246400
335452,3,11,14,219270,219270
335481,0,0,0,250309,250309
335491,0,1,1,249275,249275
335512,0,0,0,206248,206248
335531,1,3,4,193193,193193
335532,1,4,5,241413,241413
335575,0,2,2,154983,154983
335597,0,0,0,210153,210153
335617,1,2,3,193907,193907
335618,2,3,5,228882,228882
335620,0,1,1,252486,252486
335651,1,1,2,240738,240738
335652,2,2,4,237342,237342
335664,0,2,2,220875,220875
335724,1,4,5,235300,235300
335729,1,2,3,212956,212956
335733,0,2,2,161469,161469
335775,3,8,11,150984,150984
335789,0,2,2,218201,218201
335794,0,4,4,201098,201098
335798,0,1,1,142150,142150
335810,0,3,3,74491,74491
335818,0,4,4,160799,160799
335822,0,6,6,243700,243700
335855,0,4,4,240130,240130
335868,0,0,0,218453,218453
335905,1,16,17,146753,146753
335910,0,2,2,206640,206640
335915,2,6,8,149484,149484
336003,0,2,2,166550,166550
336010,2,9,11,230931,230931
336018,2,10,12,246236,246236
336032,0,0,0,242547,242547
336048,0,0,0,224552,224552
336058,0,1,1,247055,247055
336059,0,1,1,134004,134004
336091,1,2,3,146683,146683
336141,0,2,2,220196,220196
336149,0,5,5,148788,148788
336215,0,6,6,215511,215511
336220,0,2,2,206464,206464
336244,0,1,1,180754,180754
336269,0,1,1,134397,134397
336289,0,2,2,243117,243117
336347,0,0,0,213167,213167
336362,0,6,6,143404,143404
336446,0,0,0,146535,146535
336465,0,1,1,254601,254601
336486,0,6,6,111999,111999
336508,0,1,1,56927,56927
336554,0,4,4,162968,162968
336594,0,13,13,141624,141624
336597,0,1,1,255698,255698
336604,0,19,19,169569,169569
336610,0,1,1,224019,224019
336619,0,4,4,223970,223970
336668,1,8,9,141134,141134
336679,0,2,2,143435,143435
336710,2,5,7,210019,210019
336747,0,1,1,116752,116752
336755,0,4,4,233417,233417
336828,0,0,0,237677,237677
336830,0,0,0,171898,171898
336832,1,3,4,171397,171397
336834,0,8,8,180993,180993
336842,0,0,0,164589,164589
336852,0,3,3,236809,236809
336883,2,1,3,158022,158022
336896,1,1,2,72819,72819
336911,0,1,1,78627,78627
336914,0,1,1,247849,247849
336952,0,3,3,248511,248511
336968,0,7,7,243115,243115
336986,0,0,0,248602,248602
337008,0,1,1,196999,196999
337016,1,1,2,244283,244283
337023,0,9,9,157946,157946
337027,0,0,0,188683,188683
337050,0,3,3,166090,166090
337059,0,2,2,232151,232151
337078,0,0,0,204079,204079
337081,0,1,1,252922,252922
337107,0,1,1,219721,219721
337110,0,0,0,202626,202626
337125,0,0,0,215165,215165
337159,0,1,1,226841,226841
337169,0,4,4,231541,231541
337177,0,2,2,236626,236626
337185,0,0,0,188185,188185
337198,0,14,14,136184,136184
337214,0,9,9,167483,167483
337221,1,4,5,163995,163995
337319,0,2,2,234796,234796
337321,1,0,1,66929,66929
337324,0,0,0,77333,77333
337326,0,0,0,171210,171210
337337,0,0,0,157367,157367
337378,0,0,0,174368,174368
337383,0,4,4,197125,197125
337393,0,1,1,185432,185432
337422,1,4,5,208018,208018
337426,0,0,0,134244,134244
337459,0,4,4,248884,248884
337465,0,1,1,199536,199536
337495,1,3,4,231160,231160
337498,0,1,1,230971,230971
337547,2,4,6,188629,188629
337558,0,3,3,73471,73471
337566,0,1,1,223755,223755
337604,0,4,4,237304,237304
337622,0,13,13,257772,257772
337623,0,3,3,86887,86887
337624,0,2,2,76485,76485
337635,0,2,2,245272,245272
337756,0,2,2,146952,146952
337757,1,1,2,152242,152242
337784,0,1,1,248033,248033
337798,0,0,0,79849,79849
337800,0,2,2,250105,250105
337808,0,4,4,202569,202569
337809,0,17,17,55646,55646
337827,1,4,5,174776,174776
337866,1,3,4,226176,226176
337875,1,1,2,248871,248871
337877,1,2,3,114070,114070
337889,0,2,2,239853,239853
337896,0,0,0,155917,155917
337898,0,1,1,229198,229198
337906,0,2,2,248799,248799
337920,0,1,1,152999,152999
337950,0,1,1,154633,154633
337951,0,3,3,134276,134276
337963,1,6,7,76269,76269
337978,0,0,0,149058,149058
337995,0,2,2,228984,228984
338059,0,2,2,118466,118466
338073,0,1,1,241869,241869
338076,0,1,1,202898,202898
338080,0,0,0,170082,170082
338082,0,1,1,158172,158172
338085,1,6,7,153410,153410
338123,1,1,2,113450,113450
338127,1,10,11,247842,247842
338142,0,0,0,150121,150121
338163,0,0,0,131990,131990
338202,0,0,0,192737,192737
338230,0,3,3,242613,242613
338231,0,4,4,142318,142318
338246,0,0,0,206111,206111
338247,0,3,3,152279,152279
338250,1,1,2,209345,209345
338273,1,1,2,154405,154405
338282,0,0,0,174249,174249
338284,0,6,6,231411,231411
338305,0,7,7,158345,158345
338327,1,1,2,241058,241058
338329,1,2,3,240083,240083
338331,0,3,3,165953,165953
338342,0,0,0,249968,249968
338355,1,4,5,216359,216359
338389,2,20,22,224579,224579
338410,1,14,15,251974,251974
338422,0,4,4,144181,144181
338446,0,2,2,250471,250471
338517,1,1,2,142596,142596
338548,0,1,1,202875,202875
338561,0,0,0,150914,150914
338599,1,3,4,238735,238735
338617,0,1,1,224462,224462
338632,0,0,0,105418,105418
338638,0,0,0,151558,151558
338646,1,1,2,190524,190524
338647,0,0,0,208719,208719
338671,0,1,1,196006,196006
338674,0,6,6,213040,213040
338678,0,13,13,218351,218351
338681,1,4,5,143573,143573
338713,1,2,3,198909,198909
338719,0,2,2,210896,210896
338748,0,0,0,220701,220701
338759,0,2,2,251975,251975
338802,0,0,0,142548,142548
338806,0,7,7,253891,253891
338823,0,1,1,256945,256945
338826,1,1,2,211201,211201
338856,0,2,2,197885,197885
338857,2,4,6,204305,204305
338862,0,2,2,77504,77504
338865,0,3,3,211107,211107
338894,0,2,2,211269,211269
338976,0,0,0,136924,136924
339022,0,0,0,161767,161767
339043,0,0,0,163905,163905
339054,3,3,6,254061,254061
339064,1,3,4,121238,121238
339151,0,0,0,177799,177799
339157,0,6,6,148497,148497
339175,0,1,1,238405,238405
339193,0,1,1,203682,203682
339198,0,1,1,192015,192015
339211,0,0,0,171588,171588
339219,0,3,3,104202,104202
339230,1,8,9,224473,224473
339260,0,3,3,247173,247173
339266,0,2,2,74555,74555
339274,0,3,3,116758,116758
339281,0,0,0,135599,135599
339286,0,1,1,78110,78110
339298,0,2,2,183468,183468
339313,0,2,2,232339,232339
339316,0,1,1,247587,247587
339335,1,1,2,226104,226104
339378,0,3,3,238251,238251
339384,0,0,0,177573,177573
339395,1,1,2,172137,172137
339402,0,1,1,196213,196213
339408,0,1,1,157247,157247
339414,1,3,4,204394,204394
339431,0,0,0,247035,247035
339438,0,2,2,155164,155164
339441,1,9,10,226611,226611
339442,2,13,15,136522,136522
339459,0,2,2,228565,228565
339476,0,0,0,198317,198317
339492,0,0,0,226152,226152
339497,0,2,2,248725,248725
339514,0,2,2,139785,139785
339518,0,10,10,149784,149784
339526,0,4,4,137196,137196
339602,0,5,5,202738,202738
339632,0,0,0,157626,157626
339645,1,3,4,218190,218190
339653,0,1,1,241318,241318
339666,0,0,0,242619,242619
339679,0,2,2,213979,213979
339694,1,1,2,230960,230960
339732,0,0,0,237258,237258
339738,0,1,1,191999,191999
339743,1,9,10,217876,217876
339780,0,1,1,147179,147179
339817,0,5,5,140886,140886
339825,0,5,5,180370,180370
339847,0,1,1,228865,228865
339879,1,1,2,220846,220846
339887,0,1,1,250782,250782
339918,0,3,3,209193,209193
339920,0,2,2,252360,252360
339921,0,0,0,143266,143266
339923,1,2,3,211664,211664
339935,0,1,1,120117,120117
339945,2,3,5,248422,248422
340007,0,0,0,50953,50953
340042,0,0,0,59266,59266
340108,0,2,2,122073,122073
340122,0,0,0,240859,240859
340125,3,1,4,144622,144622
340134,1,7,8,202413,202413
340135,2,3,5,226850,226850
340139,1,1,2,233477,233477
340179,1,7,8,191809,191809
340182,1,1,2,148590,148590
340197,0,16,16,192731,192731
340208,0,0,0,248367,248367
340239,0,1,1,217348,217348
340246,2,2,4,247522,247522
340259,1,1,2,243296,243296
340324,0,0,0,157558,157558
340343,1,4,5,154424,154424
340348,0,2,2,190104,190104
340356,0,0,0,242050,242050
340357,0,3,3,204668,204668
340365,0,2,2,166733,166733
340368,0,1,1,241626,241626
340373,0,13,13,202453,202453
340416,1,12,13,207250,207250
340444,0,2,2,252801,252801
340452,0,2,2,118770,118770
340503,0,0,0,250924,250924
340518,0,0,0,188828,188828
340527,0,1,1,115048,115048
340545,0,0,0,150197,150197
340563,0,4,4,151306,151306
340566,0,6,6,193717,193717
340592,0,2,2,232834,232834
340632,0,2,2,191961,191961
340636,0,0,0,189023,189023
340641,1,13,14,158567,158567
340642,0,6,6,230348,230348
340680,0,0,0,90203,90203
340695,0,0,0,172606,172606
340712,0,0,0,202271,202271
340731,0,2,2,256330,256330
340735,0,2,2,195884,195884
340736,0,0,0,139919,139919
340745,0,11,11,216434,216434
340757,0,0,0,154615,154615
340760,0,2,2,208520,208520
340776,0,0,0,149772,149772
340791,0,0,0,115105,115105
340815,0,3,3,248514,248514
340859,0,1,1,192664,192664
340884,0,1,1,257999,257999
340922,0,1,1,180573,180573
340963,1,1,2,176278,176278
340964,1,0,1,171915,171915
340982,2,3,5,231649,231649
340987,0,7,7,191032,191032
341003,0,14,14,72886,72886
341071,1,1,2,198225,198225
341081,0,2,2,188354,188354
341120,0,1,1,239039,239039
341136,2,1,3,143685,143685
341158,0,1,1,218818,218818
341159,0,5,5,194510,194510
341181,0,0,0,201959,201959
341203,1,6,7,234301,234301
341218,0,2,2,200386,200386
341232,3,4,7,191593,191593
341261,0,6,6,71366,71366
341272,0,0,0,114580,114580
341282,0,1,1,172186,172186
341293,0,4,4,92650,92650
341298,0,2,2,66537,66537
341299,1,3,4,228284,228284
341300,1,2,3,143886,143886
341317,0,0,0,194395,194395
341323,0,5,5,254382,254382
341358,0,0,0,203772,203772
341401,1,3,4,142387,142387
341432,0,0,0,141022,141022
341467,1,0,1,257151,257151
341492,0,3,3,240847,240847
341496,0,3,3,108813,108813
341507,1,0,1,172414,172414
341521,0,1,1,195793,195793
341536,0,4,4,149016,149016
341553,0,1,1,169581,169581
341567,0,2,2,233442,233442
341605,0,5,5,215970,215970
341610,3,4,7,147162,147162
341612,3,3,6,150677,150677
341649,1,7,8,217114,217114
341674,0,0,0,170185,170185
341675,0,1,1,234923,234923
341687,0,0,0,131771,131771
341698,0,5,5,228142,228142
341712,1,3,4,162665,162665
341757,2,2,4,93091,93091
341759,0,1,1,51390,51390
341768,0,4,4,200624,200624
341774,0,1,1,248890,248890
341790,3,5,8,233961,233961
341807,0,0,0,176294,176294
341808,0,1,1,142686,142686
341809,0,3,3,246271,246271
341819,0,2,2,144668,144668
341851,0,1,1,248069,248069
341861,1,2,3,242562,242562
341871,0,1,1,227083,227083
341901,0,1,1,54518,54518
341908,0,2,2,152474,152474
341926,0,2,2,243402,243402
341930,0,0,0,245044,245044
341941,3,7,10,166115,166115
341942,2,7,9,195150,195150
341950,1,2,3,220868,220868
341960,0,0,0,169366,169366
341971,0,0,0,153790,153790
341993,0,5,5,228095,228095
342000,3,5,8,249583,249583
342020,0,2,2,237496,237496
342112,0,0,0,132160,132160
342117,0,3,3,218296,218296
342129,1,4,5,55963,55963
342130,1,2,3,174710,174710
342159,0,3,3,189324,189324
342179,0,0,0,156223,156223
342187,0,0,0,237560,237560
342190,0,1,1,207540,207540
342205,0,1,1,111110,111110
342206,0,1,1,223768,223768
342210,0,1,1,142600,142600
342218,0,6,6,160186,160186
342229,0,2,2,27361,27361
342232,0,1,1,182336,182336
342286,1,4,5,250717,250717
342290,1,2,3,236598,236598
342365,0,0,0,143123,143123
342399,0,0,0,93535,93535
342418,0,2,2,228393,228393
342442,0,1,1,67402,67402
342449,0,1,1,66240,66240
342455,4,7,11,215960,215960
342456,0,3,3,221664,221664
342514,1,6,7,163374,163374
342520,1,12,13,131781,131781
342522,2,2,4,223455,223455
342526,1,2,3,233765,233765
342537,1,2,3,168553,168553
342545,4,14,18,160983,160983
342548,1,0,1,244407,244407
342564,0,1,1,204676,204676
342646,0,0,0,207825,207825
342693,0,2,2,209239,209239
342708,0,4,4,240060,240060
342717,2,0,2,141954,141954
342724,0,0,0,188410,188410
342733,1,2,3,186290,186290
342741,0,1,1,234205,234205
342745,0,3,3,227766,227766
342770,0,0,0,164672,164672
342829,0,1,1,237425,237425
342900,0,0,0,141651,141651
342910,4,5,9,71409,71409
342931,0,1,1,158672,158672
342939,0,3,3,221806,221806
342980,0,1,1,66152,66152
343001,1,4,5,168007,168007
343005,0,0,0,142372,142372
343007,2,3,5,205907,205907
343014,0,2,2,71446,71446
343047,1,3,4,232447,232447
343123,0,1,1,202100,202100
343124,1,0,1,176126,176126
343145,0,1,1,228853,228853
343164,1,3,4,66075,66075
343185,0,4,4,203670,203670
343201,1,1,2,52665,52665
343241,1,11,12,157560,157560
343258,0,2,2,241682,241682
343295,0,4,4,41199,41199
343304,0,0,0,247021,247021
343308,1,5,6,113459,113459
343311,0,5,5,250278,250278
343334,0,4,4,211494,211494
343358,1,3,4,253181,253181
343359,1,3,4,253906,253906
343369,0,8,8,237103,237103
343393,0,0,0,254954,254954
343424,0,7,7,151544,151544
343447,0,1,1,225575,225575
343477,1,1,2,251487,251487
343522,0,0,0,207891,207891
343554,0,2,2,197804,197804
343596,0,3,3,246684,246684
343599,0,3,3,223066,223066
343631,0,4,4,115714,115714
343636,0,1,1,238296,238296
343637,0,0,0,241494,241494
343648,0,0,0,171062,171062
343655,0,1,1,224077,224077
343664,0,2,2,219097,219097
343667,0,0,0,186505,186505
343677,0,1,1,49754,49754
343680,0,2,2,253158,253158
343700,0,0,0,24766,24766
343726,0,1,1,252767,252767
343744,1,6,7,138346,138346
343770,0,1,1,170083,170083
343778,0,0,0,137744,137744
343795,1,5,6,198696,198696
343821,0,0,0,198018,198018
343834,0,0,0,178935,178935
343843,1,8,9,242349,242349
343844,1,3,4,189889,189889
343870,0,1,1,124787,124787
343909,0,0,0,165984,165984
343932,5,6,11,75899,75899
343984,1,1,2,81284,81284
344081,1,3,4,241545,241545
344092,0,3,3,235159,235159
344096,0,1,1,202625,202625
344115,0,0,0,67348,67348
344120,0,0,0,142715,142715
344126,0,1,1,248558,248558
344144,1,1,2,180976,180976
344158,0,1,1,242421,242421
344168,0,0,0,217958,217958
344200,1,4,5,26516,26516
344212,1,2,3,174365,174365
344220,1,4,5,146385,146385
344255,1,3,4,57491,57491
344265,0,4,4,257016,257016
344287,0,4,4,56531,56531
344290,0,5,5,148362,148362
344291,0,4,4,240932,240932
344306,0,3,3,141431,141431
344310,0,0,0,218387,218387
344341,1,3,4,159481,159481
344349,0,5,5,135640,135640
344380,2,12,14,63196,63196
344412,0,0,0,176650,176650
344444,1,1,2,161808,161808
344455,0,0,0,245348,245348
344470,0,0,0,232589,232589
344476,0,0,0,128984,128984
344482,1,1,2,203905,203905
344500,0,0,0,218050,218050
344505,0,11,11,240072,240072
344521,0,5,5,148157,148157
344522,3,6,9,221994,221994
344524,3,4,7,42461,42461
344527,2,22,24,150312,150312
344548,0,0,0,131711,131711
344554,0,0,0,188481,188481
344571,0,8,8,153726,153726
344580,0,1,1,234647,234647
344581,0,1,1,147491,147491
344591,0,0,0,140292,140292
344597,0,0,0,202514,202514
344631,0,1,1,124257,124257
344640,1,1,2,150866,150866
344642,2,4,6,181182,181182
344644,2,4,6,232903,232903
344645,2,2,4,181600,181600
344691,2,9,11,122378,122378
344696,0,17,17,131628,131628
344707,1,4,5,190321,190321
344717,1,0,1,203598,203598
344730,1,8,9,233555,233555
344742,0,1,1,227531,227531
344753,0,2,2,233067,233067
344788,0,1,1,142442,142442
344828,0,1,1,240809,240809
344846,0,1,1,248308,248308
344852,0,1,1,252229,252229
344887,0,2,2,203391,203391
344889,0,6,6,189133,189133
344892,0,2,2,191668,191668
344900,0,3,3,181982,181982
344922,0,16,16,148820,148820
344923,0,0,0,233643,233643
344929,0,0,0,249708,249708
344952,0,2,2,205326,205326
345004,0,4,4,141898,141898
345018,0,0,0,189177,189177
345037,9,19,28,153414,153414
345053,0,2,2,227376,227376
345058,1,4,5,222301,222301
345071,0,0,0,169426,169426
345150,0,1,1,245362,245362
345164,0,8,8,239923,239923
345180,0,1,1,238767,238767
345181,1,13,14,232388,232388
345200,0,5,5,243357,243357
345208,0,0,0,188670,188670
345211,1,0,1,166814,166814
345225,1,5,6,258477,258477
345247,0,0,0,233088,233088
345258,0,1,1,228372,228372
345260,1,3,4,117207,117207
345280,0,1,1,210818,210818
345281,0,0,0,172104,172104
345303,0,1,1,59516,59516
345321,1,3,4,233378,233378
345323,0,2,2,229936,229936
345329,0,8,8,253307,253307
345417,0,1,1,239540,239540
345443,0,7,7,231094,231094
345447,0,1,1,242552,242552
345569,2,19,21,249609,249609
345571,0,5,5,199620,199620
345576,0,0,0,95155,95155
345593,0,0,0,216659,216659
345617,1,2,3,180190,180190
345620,1,32,33,145393,145393
345626,0,0,0,132536,132536
345629,1,7,8,218600,218600
345630,1,4,5,244595,244595
345684,0,1,1,172472,172472
345709,0,0,0,224102,224102
345714,0,2,2,140058,140058
345719,1,2,3,208466,208466
345721,0,2,2,232520,232520
345770,0,0,0,193115,193115
345771,2,9,11,204314,204314
345772,0,1,1,105597,105597
345782,0,0,0,246540,246540
345799,0,5,5,106915,106915
345815,0,3,3,201597,201597
345822,0,2,2,229076,229076
345841,0,1,1,142069,142069
345889,0,1,1,203837,203837
345951,1,2,3,202633,202633
346012,0,0,0,174564,174564
346033,0,2,2,190968,190968
346046,0,1,1,184735,184735
346047,2,0,2,257091,257091
346048,0,4,4,240381,240381
346053,0,6,6,239534,239534
346068,0,2,2,145926,145926
346096,0,2,2,68657,68657
346098,0,2,2,143915,143915
346126,0,2,2,198332,198332
346138,0,0,0,173491,173491
346160,0,4,4,237655,237655
346164,1,1,2,220905,220905
346165,0,2,2,103663,103663
346194,0,2,2,195386,195386
346233,1,10,11,197743,197743
346234,0,12,12,72705,72705
346238,0,1,1,102552,102552
346240,2,13,15,246751,246751
346255,8,26,34,69890,69890
346260,0,1,1,235555,235555
346269,0,1,1,227684,227684
346276,1,3,4,218171,218171
346322,1,4,5,238441,238441
346338,1,1,2,182791,182791
346370,1,0,1,146997,146997
346376,1,10,11,163512,163512
346415,0,1,1,160905,160905
346418,0,1,1,62325,62325
346438,0,3,3,228485,228485
346493,2,2,4,249652,249652
346497,0,3,3,258074,258074
346510,1,6,7,201924,201924
346527,1,3,4,207467,207467
346528,0,1,1,231432,231432
346548,0,7,7,129435,129435
346570,0,1,1,185817,185817
346602,1,1,2,211509,211509
346623,0,0,0,207741,207741
346629,0,0,0,177913,177913
346638,0,2,2,207697,207697
346662,0,0,0,130704,130704
346678,0,6,6,234280,234280
346708,0,3,3,155396,155396
346716,0,1,1,227448,227448
346732,0,0,0,176749,176749
346733,0,6,6,244833,244833
346776,0,0,0,144753,144753
346789,0,3,3,143576,143576
346803,1,1,2,234720,234720
346895,0,1,1,134033,134033
346910,0,22,22,235819,235819
346917,0,4,4,180278,180278
346931,0,4,4,245147,245147
346965,0,7,7,240962,240962
346994,0,6,6,242233,242233
347017,0,2,2,144016,144016
347018,0,1,1,239825,239825
347042,0,6,6,249942,249942
347047,1,3,4,153276,153276
347075,0,2,2,237284,237284
347080,1,1,2,251702,251702
347081,0,1,1,68765,68765
347103,1,2,3,182471,182471
347105,1,1,2,207395,207395
347135,1,3,4,209743,209743
347164,0,1,1,235884,235884
347190,0,0,0,162274,162274
347203,0,0,0,222635,222635
347218,0,1,1,231319,231319
347250,0,1,1,232125,232125
347254,0,0,0,226685,226685
347284,1,2,3,151707,151707
347290,0,0,0,180999,180999
347292,0,0,0,252546,252546
347319,0,1,1,146815,146815
347334,1,1,2,235003,235003
347353,0,0,0,154494,154494
347428,0,2,2,66912,66912
347433,0,4,4,249333,249333
347445,0,1,1,239551,239551
347449,0,1,1,220035,220035
347463,0,6,6,139334,139334
347490,0,3,3,219077,219077
347496,0,4,4,246146,246146
347520,1,2,3,160125,160125
347538,1,5,6,114787,114787
347549,0,6,6,188647,188647
347555,0,3,3,180364,180364
347571,4,13,17,214763,214763
347603,2,3,5,237341,237341
347607,0,4,4,199861,199861
347615,0,1,1,230846,230846
347620,0,1,1,240492,240492
347622,0,0,0,70879,70879
347630,0,2,2,197464,197464
347633,1,14,15,244307,244307
347638,0,0,0,257831,257831
347657,0,1,1,239531,239531
347698,1,2,3,121264,121264
347714,0,1,1,247079,247079
347756,0,3,3,244582,244582
347768,1,2,3,232645,232645
347784,0,1,1,162533,162533
347785,2,3,5,236005,236005
347786,0,1,1,149821,149821
347814,0,6,6,253145,253145
347845,2,12,14,221730,221730
347848,0,1,1,220539,220539
347866,0,10,10,154290,154290
347874,3,9,12,216709,216709
347879,0,1,1,245617,245617
347881,0,1,1,215261,215261
347907,0,0,0,227465,227465
347910,0,0,0,221338,221338
347974,0,1,1,161954,161954
348031,0,0,0,236090,236090
348035,0,0,0,188547,188547
348046,0,1,1,179291,179291
348121,0,4,4,154050,154050
348124,0,2,2,197503,197503
348130,0,0,0,161702,161702
348143,0,0,0,133255,133255
348149,0,0,0,218011,218011
348159,0,0,0,125764,125764
348161,0,6,6,198222,198222
348174,0,1,1,256401,256401
348175,0,0,0,188500,188500
348177,1,2,3,237300,237300
348184,0,1,1,67660,67660
348209,0,9,9,214941,214941
348220,1,2,3,197097,197097
348252,2,2,4,173720,173720
348253,2,2,4,174983,174983
348294,1,2,3,133554,133554
348321,0,3,3,143422,143422
348334,0,1,1,160409,160409
348354,1,5,6,199110,199110
348388,1,10,11,75068,75068
348409,4,4,8,237893,237893
348411,2,2,4,216809,216809
348412,2,3,5,250027,250027
348423,0,20,20,136845,136845
348447,0,1,1,229642,229642
348457,0,0,0,177449,177449
348466,1,11,12,156399,156399
348475,1,1,2,151041,151041
348476,0,3,3,213622,213622
348477,0,3,3,232550,232550
348485,0,0,0,218208,218208
348490,0,0,0,176853,176853
348503,0,0,0,179232,179232
348517,1,4,5,224872,224872
348524,0,1,1,133355,133355
348529,0,3,3,205549,205549
348541,0,7,7,221444,221444
348562,0,2,2,232368,232368
348573,0,5,5,67394,67394
348602,0,1,1,193983,193983
348638,0,0,0,190303,190303
348652,0,0,0,154966,154966
348656,0,0,0,224695,224695
348667,0,0,0,162089,162089
348674,0,1,1,144869,144869
348683,1,1,2,201448,201448
348710,1,1,2,216503,216503
348721,0,0,0,250279,250279
348755,0,1,1,132709,132709
348758,0,1,1,220732,220732
348763,0,1,1,254436,254436
348807,1,1,2,238511,238511
348839,1,7,8,194084,194084
348842,0,2,2,248571,248571
348844,1,2,3,201602,201602
348865,1,1,2,242142,242142
348886,0,2,2,256929,256929
348898,0,2,2,238288,238288
348909,0,0,0,234434,234434
348910,0,7,7,237490,237490
348929,0,1,1,217644,217644
348950,0,0,0,170006,170006
349020,1,1,2,138411,138411
349027,1,12,13,231083,231083
349085,0,0,0,121993,121993
349137,0,4,4,225077,225077
349140,0,1,1,158723,158723
349149,0,0,0,141742,141742
349189,0,0,0,170669,170669
349193,0,1,1,149783,149783
349216,0,0,0,180867,180867
349257,0,1,1,127255,127255
349265,0,2,2,148937,148937
349268,1,1,2,224922,224922
349321,2,1,3,250816,250816
349386,1,4,5,220510,220510
349404,0,1,1,151821,151821
349407,0,0,0,206603,206603
349425,0,2,2,220114,220114
349428,0,0,0,209659,209659
349449,1,11,12,142247,142247
349451,1,3,4,207325,207325
349494,0,0,0,153168,153168
349506,0,3,3,222921,222921
349523,0,0,0,191117,191117
349532,0,2,2,147279,147279
349545,0,3,3,218797,218797
349580,0,1,1,158158,158158
349589,0,4,4,227139,227139
349624,0,0,0,160046,160046
349645,0,2,2,246732,246732
349678,1,10,11,122308,122308
349715,0,1,1,225973,225973
349733,1,1,2,211302,211302
349769,0,7,7,248289,248289
349771,2,29,31,136660,136660
349774,2,2,4,190590,190590
349807,0,0,0,217454,217454
349835,0,3,3,145151,145151
349873,0,2,2,246776,246776
349882,1,1,2,147987,147987
349938,0,1,1,136709,136709
350007,0,0,0,147798,147798
350023,0,4,4,151745,151745
350052,0,6,6,139311,139311
350059,2,4,6,245223,245223
350063,2,2,4,218277,218277
350071,1,3,4,192011,192011
350098,0,4,4,170264,170264
350132,0,1,1,142301,142301
350137,0,5,5,65982,65982
350138,0,1,1,162965,162965
350144,1,1,2,172753,172753
350145,1,8,9,210354,210354
350152,1,3,4,190658,190658
350153,1,2,3,119821,119821
350169,1,8,9,217550,217550
350171,0,0,0,206287,206287
350200,0,3,3,55103,55103
350209,1,3,4,188733,188733
350234,1,1,2,77163,77163
350240,1,1,2,246434,246434
350249,0,2,2,154363,154363
350255,0,0,0,212016,212016
350259,1,1,2,215495,215495
350267,0,1,1,190002,190002
350270,0,0,0,113966,113966
350310,0,4,4,239954,239954
350316,0,5,5,215132,215132
350335,0,10,10,229705,229705
350342,0,2,2,190535,190535
350347,0,1,1,216907,216907
350355,0,0,0,215629,215629
350375,0,2,2,258543,258543
350380,0,2,2,123277,123277
350401,0,1,1,157019,157019
350419,1,4,5,242026,242026
350427,0,0,0,258606,258606
350429,0,1,1,170616,170616
350459,0,1,1,143000,143000
350475,0,1,1,130928,130928
350504,0,3,3,183799,183799
350517,0,4,4,147730,147730
350532,0,3,3,190926,190926
350570,0,2,2,250927,250927
350621,0,3,3,66299,66299
350625,0,0,0,171439,171439
350641,0,3,3,239568,239568
350671,0,0,0,217531,217531
350678,0,0,0,165604,165604
350689,0,1,1,219720,219720
350725,0,0,0,190388,190388
350740,1,25,26,159372,159372
350808,0,2,2,200801,200801
350811,0,5,5,209025,209025
350824,0,3,3,68720,68720
350831,1,1,2,182882,182882
350833,1,1,2,176241,176241
350844,1,1,2,155900,155900
350935,1,1,2,228330,228330
350960,1,1,2,182885,182885
350973,0,0,0,178700,178700
350984,0,1,1,149813,149813
351018,1,3,4,26883,26883
351059,0,2,2,154243,154243
351122,0,1,1,147788,147788
351134,0,8,8,253687,253687
351210,0,2,2,241306,241306
351217,0,1,1,66246,66246
351252,1,8,9,142155,142155
351311,0,1,1,237378,237378
351314,0,1,1,208193,208193
351351,1,3,4,159345,159345
351374,0,5,5,221933,221933
351394,1,1,2,248987,248987
351427,0,5,5,156613,156613
351428,1,1,2,227271,227271
351435,0,7,7,230449,230449
351481,1,2,3,246090,246090
351483,1,11,12,154182,154182
351502,0,6,6,191975,191975
351509,0,3,3,234406,234406
351519,0,1,1,232669,232669
351520,1,27,28,241698,241698
351521,0,17,17,243806,243806
351537,0,16,16,249445,249445
351546,0,1,1,135376,135376
351551,0,1,1,243016,243016
351579,0,0,0,105097,105097
351585,1,1,2,185232,185232
351608,1,2,3,18954,18954
351621,0,4,4,245298,245298
351635,0,0,0,180720,180720
351683,0,0,0,241801,241801
351684,0,12,12,137216,137216
351694,6,10,16,102157,102157
351708,0,0,0,257732,257732
351743,0,5,5,134755,134755
351804,1,5,6,218490,218490
351807,0,1,1,153426,153426
351846,0,5,5,222120,222120
351855,0,1,1,230425,230425
351874,0,1,1,246505,246505
351883,0,1,1,250885,250885
351904,0,2,2,220155,220155
351945,0,0,0,222489,222489
351962,0,2,2,157351,157351
351990,0,8,8,226176,226176
352020,0,7,7,214618,214618
352039,0,2,2,192018,192018
352045,1,2,3,243115,243115
352046,0,0,0,233338,233338
352093,0,0,0,166053,166053
352114,0,1,1,203837,203837
352122,1,2,3,218365,218365
352126,0,5,5,232491,232491
352178,0,6,6,212838,212838
352201,0,21,21,136552,136552
352236,0,0,0,188759,188759
352239,1,8,9,194306,194306
352267,0,2,2,149730,149730
352285,0,1,1,176911,176911
352290,2,12,14,241768,241768
352291,1,2,3,244207,244207
352321,2,2,4,225700,225700
352325,0,1,1,220213,220213
352341,0,2,2,178890,178890
352353,0,13,13,188936,188936
352366,0,1,1,247846,247846
352384,0,1,1,66340,66340
352386,1,6,7,158481,158481
352388,0,1,1,244623,244623
352425,0,1,1,237640,237640
352455,0,4,4,215420,215420
352458,0,3,3,201395,201395
352469,0,1,1,223766,223766
352472,0,0,0,172122,172122
352517,0,1,1,165053,165053
352534,0,3,3,224251,224251
352570,0,0,0,140953,140953
352589,0,0,0,177776,177776
352600,0,8,8,238898,238898
352608,0,3,3,197887,197887
352620,0,0,0,223173,223173
352655,0,4,4,236033,236033
352679,0,1,1,226046,226046
352682,2,3,5,247886,247886
352689,0,2,2,247159,247159
352695,0,2,2,190757,190757
352733,0,8,8,171987,171987
352749,1,4,5,235092,235092
352752,1,1,2,220094,220094
352755,0,0,0,236018,236018
352785,2,6,8,242961,242961
352809,0,0,0,155671,155671
352824,0,2,2,212495,212495
352830,0,2,2,159898,159898
352898,0,1,1,223899,223899
352960,0,2,2,252082,252082
352968,0,0,0,180385,180385
352997,0,1,1,79385,79385
353003,0,5,5,192360,192360
353014,0,1,1,240808,240808
353037,0,0,0,136942,136942
353077,2,4,6,95187,95187
353101,1,1,2,247743,247743
353102,1,3,4,205964,205964
353113,0,8,8,237160,237160
353131,0,6,6,158648,158648
353143,0,4,4,162958,162958
353172,0,0,0,130773,130773
353184,0,4,4,239614,239614
353208,1,6,7,224839,224839
353209,1,1,2,225648,225648
353210,0,2,2,146597,146597
353222,0,6,6,252537,252537
353236,0,0,0,192699,192699
353289,1,5,6,158065,158065
353305,0,0,0,203609,203609
353306,0,0,0,246005,246005
353338,0,3,3,132870,132870
353353,0,4,4,110680,110680
353362,0,4,4,162008,162008
353381,0,2,2,247487,247487
353388,1,5,6,152449,152449
353394,0,7,7,147492,147492
353400,2,1,3,233094,233094
353436,0,2,2,226755,226755
353441,0,0,0,116228,116228
353450,0,2,2,251212,251212
353475,1,4,5,85384,85384
353506,0,2,2,250938,250938
353514,0,0,0,175777,175777
353531,2,2,4,147997,147997
353544,0,0,0,188720,188720
353545,0,4,4,126192,126192
353547,0,1,1,236619,236619
353569,1,1,2,221110,221110
353635,3,4,7,230006,230006
353641,0,1,1,226636,226636
353699,0,2,2,240321,240321
353709,0,2,2,71494,71494
353728,0,0,0,177340,177340
353752,0,2,2,168363,168363
353760,0,4,4,235812,235812
353784,1,2,3,248261,248261
353794,0,2,2,94303,94303
353801,0,1,1,142954,142954
353820,0,1,1,219543,219543
353830,0,1,1,72516,72516
353831,0,0,0,224864,224864
353847,0,0,0,216038,216038
353871,0,2,2,214273,214273
353877,0,4,4,251252,251252
353902,0,4,4,218221,218221
353910,0,2,2,182691,182691
353974,0,1,1,212136,212136
353986,0,5,5,257290,257290
353991,0,0,0,211861,211861
353996,1,2,3,76911,76911
354023,2,3,5,147552,147552
354049,0,13,13,193171,193171
354056,0,1,1,228889,228889
354066,0,3,3,246169,246169
354069,0,2,2,181307,181307
354099,0,1,1,188526,188526
354119,0,0,0,255621,255621
354136,2,2,4,188607,188607
354137,0,1,1,101899,101899
354174,0,1,1,218899,218899
354182,0,1,1,226140,226140
354212,0,2,2,196932,196932
354232,0,5,5,212702,212702
354267,0,2,2,257471,257471
354280,0,14,14,197533,197533
354323,0,2,2,58334,58334
354330,1,1,2,188529,188529
354333,0,1,1,201915,201915
354342,0,5,5,228008,228008
354365,0,10,10,247581,247581
354410,0,0,0,156885,156885
354423,1,3,4,239087,239087
354467,0,3,3,216067,216067
354470,1,8,9,59255,59255
354483,0,2,2,149620,149620
354506,0,0,0,230505,230505
354546,1,2,3,218566,218566
354580,0,1,1,226615,226615
354631,0,8,8,148216,148216
354641,0,2,2,242444,242444
354642,0,2,2,94186,94186
354667,0,2,2,238094,238094
354675,0,7,7,216199,216199
354724,1,0,1,196361,196361
354730,0,0,0,212587,212587
354739,1,3,4,191931,191931
354788,0,1,1,199732,199732
354800,0,4,4,240824,240824
354819,0,2,2,98010,98010
354845,0,2,2,163257,163257
354881,0,1,1,230271,230271
354883,0,3,3,206336,206336
354901,0,0,0,218261,218261
354906,0,3,3,66067,66067
354944,1,3,4,252263,252263
354969,0,1,1,202595,202595
354997,0,3,3,232997,232997
355013,0,11,11,165909,165909
355014,1,4,5,139388,139388
355027,0,4,4,242349,242349
355041,0,8,8,215849,215849
355070,1,6,7,242793,242793
355075,0,0,0,175886,175886
355097,1,5,6,241441,241441
355102,4,12,16,207013,207013
355109,0,2,2,148350,148350
355112,0,5,5,234665,234665
355138,0,3,3,199136,199136
355186,0,4,4,204704,204704
355203,0,8,8,69566,69566
355213,0,0,0,158463,158463
355252,0,1,1,146538,146538
355264,0,0,0,177547,177547
355296,1,7,8,134763,134763
355327,2,3,5,195498,195498
355345,0,3,3,221220,221220
355397,0,2,2,211156,211156
355404,0,0,0,192848,192848
355407,0,1,1,233113,233113
355428,0,1,1,137522,137522
355438,0,0,0,229167,229167
355441,0,2,2,257729,257729
355445,0,0,0,221639,221639
355459,1,7,8,194168,194168
355473,1,1,2,193425,193425
355480,1,1,2,188139,188139
355481,1,1,2,187847,187847
355509,0,3,3,180369,180369
355566,0,0,0,208703,208703
355570,0,0,0,170286,170286
355588,0,0,0,173244,173244
355601,1,5,6,243081,243081
355643,2,3,5,151596,151596
355654,0,1,1,217401,217401
355666,0,1,1,76471,76471
355674,0,1,1,253912,253912
355678,1,1,2,159416,159416
355680,1,2,3,194001,194001
355693,0,1,1,65466,65466
355730,0,0,0,180390,180390
355737,0,8,8,258526,258526
355792,0,0,0,157893,157893
355820,0,1,1,210590,210590
355850,0,3,3,198832,198832
355920,0,3,3,240678,240678
355922,1,1,2,219593,219593
355924,0,0,0,214470,214470
355932,0,0,0,102178,102178
355990,0,3,3,130015,130015
356014,0,0,0,245424,245424
356044,0,0,0,248751,248751
356065,0,1,1,209209,209209
356082,0,1,1,245702,245702
356091,0,1,1,221926,221926
356100,0,2,2,249278,249278
356102,0,1,1,183506,183506
356104,0,1,1,217764,217764
356106,3,20,23,231271,231271
356110,0,2,2,230691,230691
356116,0,1,1,201083,201083
356133,1,3,4,156008,156008
356139,0,1,1,240898,240898
356177,0,2,2,73020,73020
356205,0,11,11,72352,72352
356225,0,1,1,233827,233827
356305,0,3,3,257926,257926
356330,0,1,1,255052,255052
356392,0,0,0,245087,245087
356413,1,1,2,207521,207521
356468,0,1,1,175685,175685
356499,0,0,0,135187,135187
356504,0,3,3,256729,256729
356522,1,1,2,182425,182425
356523,0,0,0,242756,242756
356531,0,3,3,112300,112300
356553,0,3,3,214655,214655
356561,0,0,0,238081,238081
356602,1,0,1,204048,204048
356634,2,2,4,242769,242769
356638,0,4,4,206121,206121
356652,0,2,2,183813,183813
356663,0,1,1,161527,161527
356755,0,3,3,230457,230457
356771,0,1,1,127311,127311
356784,1,1,2,109133,109133
356799,0,1,1,228203,228203
356803,0,1,1,86030,86030
356814,0,0,0,257834,257834
356848,0,8,8,236876,236876
356859,0,0,0,158672,158672
356866,0,1,1,207327,207327
356881,0,2,2,221316,221316
356884,0,5,5,206684,206684
356895,0,2,2,207565,207565
356908,0,0,0,250538,250538
356909,0,0,0,233790,233790
356951,0,8,8,226153,226153
356970,0,2,2,98424,98424
356981,0,3,3,188332,188332
356989,0,0,0,201016,201016
356993,0,0,0,67184,67184
357011,0,3,3,131812,131812
357012,0,1,1,118397,118397
357013,0,2,2,221101,221101
357049,2,2,4,143242,143242
357050,1,5,6,225069,225069
357068,2,2,4,39792,39792
357176,0,0,0,176754,176754
357257,0,0,0,194140,194140
357283,0,3,3,132537,132537
357289,0,2,2,207230,207230
357319,0,0,0,240928,240928
357365,0,3,3,240377,240377
357368,1,2,3,171831,171831
357374,1,2,3,159357,159357
357411,0,1,1,234386,234386
357414,0,5,5,163864,163864
357511,0,3,3,66300,66300
357611,0,0,0,206116,206116
357640,0,3,3,207977,207977
357642,0,3,3,11079,11079
357645,1,1,2,242170,242170
357666,1,1,2,228372,228372
357674,1,6,7,152057,152057
357695,0,1,1,259123,259123
357704,0,7,7,199665,199665
357734,0,2,2,168089,168089
357742,0,0,0,200040,200040
357796,0,1,1,86319,86319
357800,0,3,3,162480,162480
357821,0,3,3,180505,180505
357827,0,3,3,66979,66979
357829,0,0,0,221466,221466
357856,0,3,3,250340,250340
357859,1,1,2,221955,221955
357906,0,0,0,236182,236182
357928,0,0,0,242699,242699
357936,0,0,0,199282,199282
357938,0,0,0,230882,230882
357942,0,2,2,133662,133662
357947,0,1,1,213661,213661
357950,1,1,2,188628,188628
357951,1,2,3,204024,204024
357976,1,4,5,234195,234195
357979,1,4,5,221398,221398
357998,0,2,2,247005,247005
358003,0,3,3,193017,193017
358009,0,1,1,258934,258934
358015,1,2,3,131500,131500
358028,0,1,1,234690,234690
358031,0,8,8,240777,240777
358053,2,2,4,195629,195629
358062,0,0,0,172324,172324
358083,0,1,1,202414,202414
358146,0,1,1,237018,237018
358157,0,1,1,162972,162972
358175,0,2,2,243006,243006
358187,0,4,4,243819,243819
358191,0,1,1,220548,220548
358196,0,1,1,243208,243208
358240,0,1,1,152987,152987
358244,0,0,0,200179,200179
358271,0,1,1,240024,240024
358286,1,2,3,102761,102761
358293,0,0,0,208420,208420
358294,0,2,2,192015,192015
358297,1,4,5,151738,151738
358335,0,1,1,169241,169241
358339,0,0,0,176145,176145
358344,0,2,2,198951,198951
358365,2,7,9,146246,146246
358372,0,3,3,112913,112913
358373,0,19,19,247093,247093
358385,0,1,1,257353,257353
358391,1,2,3,249892,249892
358393,1,5,6,198314,198314
358443,0,2,2,230275,230275
358447,1,1,2,177278,177278
358472,0,1,1,220614,220614
358493,0,0,0,171926,171926
358502,0,1,1,246041,246041
358507,0,3,3,134942,134942
358523,1,8,9,226412,226412
358535,1,3,4,244811,244811
358538,0,2,2,237305,237305
358543,0,1,1,237758,237758
358551,3,6,9,135037,135037
358553,2,5,7,208304,208304
358569,0,0,0,148406,148406
358579,1,5,6,200028,200028
358617,0,3,3,195973,195973
358637,1,0,1,208934,208934
358646,0,2,2,250195,250195
358677,1,5,6,39428,39428
358681,0,2,2,237998,237998
358702,0,7,7,173830,173830
358726,0,1,1,154168,154168
358755,0,1,1,207648,207648
358769,0,0,0,191413,191413
358794,0,6,6,189326,189326
358796,0,1,1,234528,234528
358808,0,5,5,147795,147795
358826,0,1,1,240814,240814
358829,3,4,7,237091,237091
358832,1,2,3,198804,198804
358851,0,2,2,208714,208714
358854,1,1,2,144909,144909
358862,0,2,2,162152,162152
358883,1,4,5,228257,228257
358896,0,1,1,195678,195678
358917,0,3,3,244674,244674
358919,1,2,3,192335,192335
358921,1,2,3,137185,137185
358951,0,1,1,121108,121108
358954,0,0,0,175749,175749
358957,1,1,2,149659,149659
359020,0,1,1,203430,203430
359022,0,22,22,154330,154330
359065,1,3,4,108808,108808
359092,0,1,1,198993,198993
359103,0,0,0,203461,203461
359115,1,9,10,184734,184734
359120,0,1,1,74234,74234
359136,1,2,3,238463,238463
359193,0,0,0,131223,131223
359215,0,1,1,252137,252137
359238,0,0,0,187396,187396
359255,1,1,2,121827,121827
359259,0,1,1,153449,153449
359295,0,1,1,171453,171453
359299,0,0,0,147485,147485
359319,1,4,5,206944,206944
359356,0,0,0,159955,159955
359371,0,6,6,219836,219836
359385,0,1,1,51325,51325
359407,0,6,6,211172,211172
359421,0,4,4,195549,195549
359454,0,2,2,152888,152888
359462,0,0,0,239769,239769
359496,0,2,2,200711,200711
359529,0,1,1,203954,203954
359575,0,0,0,179209,179209
359638,1,2,3,202335,202335
359641,1,4,5,204715,204715
359642,2,5,7,152796,152796
359645,0,3,3,125800,125800
359647,0,1,1,194862,194862
359655,0,6,6,84254,84254
359694,0,2,2,236358,236358
359696,1,2,3,245521,245521
359714,0,1,1,133506,133506
359718,0,0,0,238433,238433
359723,0,5,5,147315,147315
359726,0,2,2,137576,137576
359740,0,1,1,150091,150091
359808,1,2,3,161979,161979
359819,0,4,4,250061,250061
359836,0,4,4,206028,206028
359839,0,3,3,144741,144741
359848,0,0,0,240382,240382
359850,0,3,3,251542,251542
359892,1,3,4,220755,220755
359900,0,1,1,191109,191109
359941,0,0,0,212412,212412
359965,1,5,6,147938,147938
359974,0,7,7,203154,203154
359975,0,0,0,185946,185946
359993,0,3,3,218971,218971
360025,1,2,3,66474,66474
360026,1,1,2,104267,104267
360039,0,3,3,241139,241139
360049,1,1,2,230512,230512
360050,1,1,2,157375,157375
360059,0,3,3,218916,218916
360072,1,3,4,72699,72699
360087,0,0,0,191146,191146
360098,0,0,0,177725,177725
360111,0,0,0,170133,170133
360137,0,0,0,171904,171904
360157,0,1,1,227664,227664
360192,0,0,0,211873,211873
360193,0,5,5,237187,237187
360199,0,3,3,229168,229168
360207,0,2,2,240831,240831
360218,0,4,4,237312,237312
360223,0,1,1,159892,159892
360246,1,3,4,216512,216512
360266,0,1,1,203820,203820
360286,0,1,1,156802,156802
360305,0,2,2,115496,115496
360316,1,4,5,208990,208990
360333,0,1,1,252395,252395
360342,0,4,4,247899,247899
360368,1,1,2,182118,182118
360370,0,0,0,135646,135646
360371,0,0,0,138577,138577
360406,0,7,7,147724,147724
360470,0,4,4,174967,174967
360504,0,0,0,83985,83985
360514,0,4,4,237554,237554
360526,0,8,8,134115,134115
360528,0,0,0,202384,202384
360551,1,3,4,164761,164761
360557,0,1,1,58304,58304
360562,0,5,5,195763,195763
360583,0,2,2,237962,237962
360593,1,0,1,182717,182717
360595,0,3,3,174019,174019
360612,0,0,0,249758,249758
360645,0,1,1,170819,170819
360658,0,3,3,154020,154020
360664,0,1,1,188423,188423
360667,0,0,0,240262,240262
360673,0,0,0,246335,246335
360690,0,1,1,258720,258720
360738,0,2,2,195286,195286
360748,0,4,4,155274,155274
360751,0,3,3,88698,88698
360763,0,3,3,237910,237910
360777,0,6,6,222639,222639
360785,0,2,2,164870,164870
360816,0,0,0,217515,217515
360833,0,1,1,221291,221291
360835,1,5,6,229642,229642
360845,1,1,2,222353,222353
360846,1,1,2,203270,203270
360866,0,0,0,195622,195622
360905,1,0,1,64541,64541
360908,1,1,2,218295,218295
360924,0,0,0,156169,156169
360954,0,1,1,257896,257896
360967,0,5,5,210919,210919
360997,0,0,0,234063,234063
361005,0,0,0,246865,246865
361019,0,1,1,248171,248171
361037,4,11,15,209679,209679
361053,0,0,0,234945,234945
361057,0,1,1,188868,188868
361095,0,0,0,180680,180680
361100,1,1,2,214504,214504
361106,0,0,0,172765,172765
361143,0,1,1,222511,222511
361164,0,2,2,168558,168558
361165,0,0,0,203280,203280
361177,1,12,13,213946,213946
361219,1,2,3,213044,213044
361238,0,3,3,230919,230919
361252,2,10,12,198783,198783
361254,2,4,6,237771,237771
361258,0,0,0,192720,192720
361264,0,0,0,161848,161848
361288,0,0,0,193783,193783
361293,1,2,3,163357,163357
361299,0,1,1,238485,238485
361322,1,1,2,206026,206026
361331,0,3,3,243832,243832
361348,0,9,9,225545,225545
361355,0,2,2,238019,238019
361363,0,0,0,209055,209055
361380,0,1,1,191046,191046
361386,0,0,0,210854,210854
361412,0,6,6,254670,254670
361415,3,7,10,214885,214885
361417,0,3,3,258582,258582
361476,0,1,1,204540,204540
361556,0,0,0,240499,240499
361569,0,1,1,253409,253409
361605,0,0,0,158918,158918
361614,3,6,9,69248,69248
361658,0,8,8,182554,182554
361661,1,11,12,135412,135412
361672,4,4,8,251945,251945
361687,0,4,4,103892,103892
361688,0,0,0,214899,214899
361693,0,2,2,211522,211522
361707,0,1,1,155220,155220
361710,0,1,1,194414,194414
361735,0,3,3,223134,223134
361754,0,11,11,153912,153912
361755,0,5,5,222613,222613
361802,0,0,0,237184,237184
361813,1,3,4,152890,152890
361820,0,0,0,142247,142247
361871,0,0,0,226671,226671
361879,0,1,1,134562,134562
361881,1,18,19,149001,149001
361904,0,1,1,151603,151603
361906,2,3,5,103811,103811
361932,0,1,1,64608,64608
361964,0,3,3,227738,227738
361977,0,2,2,243424,243424
362053,0,1,1,224201,224201
362054,0,3,3,243951,243951
362062,0,3,3,249838,249838
362069,1,5,6,153942,153942
362105,0,1,1,240808,240808
362125,0,4,4,243375,243375
362145,0,2,2,183325,183325
362159,0,4,4,203281,203281
362165,0,2,2,239526,239526
362168,0,2,2,224367,224367
362183,1,6,7,234261,234261
362192,0,1,1,200829,200829
362195,0,2,2,228930,228930
362218,0,2,2,66642,66642
362239,0,0,0,157296,157296
362256,0,3,3,191353,191353
362260,1,2,3,192552,192552
362265,0,0,0,256951,256951
362273,0,6,6,175178,175178
362294,0,2,2,178438,178438
362314,0,1,1,68192,68192
362326,0,2,2,213617,213617
362327,0,1,1,72956,72956
362341,2,2,4,122391,122391
362342,2,2,4,129395,129395
362343,2,2,4,122220,122220
362378,0,2,2,148870,148870
362426,0,0,0,220503,220503
362432,0,1,1,230659,230659
362462,1,6,7,147032,147032
362475,1,2,3,142569,142569
362524,1,1,2,254103,254103
362552,0,1,1,239854,239854
362606,0,0,0,255712,255712
362624,0,1,1,67125,67125
362628,0,1,1,190131,190131
362645,0,3,3,210986,210986
362655,0,1,1,209925,209925
362658,1,2,3,209004,209004
362684,1,2,3,249977,249977
362685,0,3,3,221039,221039
362722,1,19,20,204442,204442
362726,1,10,11,187697,187697
362739,0,3,3,210526,210526
362772,0,0,0,138566,138566
362792,0,2,2,189691,189691
362813,0,1,1,234642,234642
362814,0,1,1,187999,187999
362896,0,1,1,179160,179160
362933,0,0,0,257150,257150
362950,0,4,4,163200,163200
362955,0,2,2,185072,185072
362976,0,7,7,150258,150258
362978,0,0,0,178885,178885
362986,0,12,12,113428,113428
362997,0,2,2,143680,143680
363009,0,1,1,69599,69599
363030,0,2,2,117983,117983
363038,0,5,5,237852,237852
363083,0,2,2,195779,195779
363087,0,2,2,242100,242100
363100,1,2,3,182081,182081
363114,0,0,0,161853,161853
363124,0,0,0,136975,136975
363125,0,0,0,172183,172183
363156,0,0,0,164095,164095
363163,0,0,0,177689,177689
363164,0,0,0,252830,252830
363176,1,0,1,244299,244299
363255,0,0,0,177923,177923
363292,0,2,2,143761,143761
363299,0,1,1,248746,248746
363327,0,1,1,258907,258907
363392,0,1,1,235569,235569
363393,0,0,0,240651,240651
363419,0,0,0,246485,246485
363422,1,5,6,160204,160204
363424,0,1,1,121411,121411
363443,1,10,11,209437,209437
363471,0,2,2,188627,188627
363486,0,1,1,108598,108598
363488,0,1,1,233560,233560
363491,0,0,0,222553,222553
363505,0,0,0,191131,191131
363512,0,1,1,221469,221469
363535,1,3,4,255683,255683
363548,0,2,2,256318,256318
363601,0,0,0,180352,180352
363606,0,0,0,204054,204054
363611,0,0,0,234891,234891
363621,0,0,0,243797,243797
363658,0,5,5,187403,187403
363687,0,3,3,196582,196582
363691,0,3,3,192501,192501
363705,0,3,3,220995,220995
363740,0,1,1,218788,218788
363742,0,6,6,194829,194829
363752,0,2,2,215689,215689
363762,1,2,3,233225,233225
363809,0,2,2,240165,240165
363877,0,1,1,224869,224869
363889,0,2,2,218706,218706
363897,0,2,2,150300,150300
363915,0,1,1,254596,254596
363925,0,0,0,238685,238685
363937,1,6,7,251936,251936
363943,0,0,0,174920,174920
363959,0,2,2,237824,237824
364004,1,3,4,134867,134867
364011,0,0,0,202962,202962
364026,0,1,1,142653,142653
364046,0,1,1,233843,233843
364089,0,5,5,116965,116965
364112,0,0,0,143590,143590
364124,1,3,4,239376,239376
364125,0,2,2,150947,150947
364135,1,2,3,243710,243710
364152,0,1,1,133938,133938
364160,0,0,0,137689,137689
364163,0,1,1,188651,188651
364175,0,0,0,147979,147979
364176,1,3,4,221922,221922
364193,0,2,2,206173,206173
364196,0,0,0,38610,38610
364197,0,0,0,254031,254031
364203,0,7,7,138139,138139
364206,0,0,0,97754,97754
364211,0,1,1,258705,258705
364225,1,3,4,220527,220527
364226,2,6,8,189746,189746
364227,2,4,6,242703,242703
364251,0,0,0,188872,188872
364277,0,5,5,254058,254058
364294,0,1,1,172295,172295
364295,1,2,3,50117,50117
364349,0,13,13,198555,198555
364354,0,24,24,153873,153873
364371,1,1,2,223674,223674
364375,1,1,2,239013,239013
364376,3,3,6,950,950
364391,0,0,0,221948,221948
364397,0,4,4,234360,234360
364398,0,3,3,159737,159737
364411,0,2,2,250946,250946
364474,0,0,0,158367,158367
364482,0,0,0,103325,103325
364488,0,1,1,232864,232864
364532,0,1,1,215153,215153
364581,1,0,1,181094,181094
364593,0,2,2,197395,197395
364650,0,4,4,241415,241415
364663,0,3,3,75380,75380
364669,2,2,4,223009,223009
364670,2,3,5,219314,219314
364689,4,4,8,150725,150725
364690,4,7,11,231219,231219
364781,0,2,2,143178,143178
364840,0,0,0,155727,155727
364847,0,6,6,72278,72278
364860,0,3,3,197863,197863
364864,0,4,4,142631,142631
364865,0,0,0,236601,236601
364871,0,4,4,211709,211709
364902,0,5,5,160928,160928
364945,0,7,7,230331,230331
364965,1,4,5,203313,203313
364982,0,4,4,238391,238391
364992,0,0,0,250915,250915
364993,0,2,2,211329,211329
364994,0,0,0,186601,186601
365008,0,1,1,243769,243769
365035,0,2,2,137637,137637
365048,0,2,2,183317,183317
365054,0,3,3,85628,85628
365099,0,9,9,156461,156461
365141,0,0,0,143510,143510
365151,3,10,13,92354,92354
365162,0,6,6,68040,68040
365166,0,4,4,240487,240487
365170,1,1,2,218934,218934
365211,0,10,10,228575,228575
365227,0,2,2,155641,155641
365231,0,0,0,133805,133805
365233,0,3,3,149599,149599
365245,0,0,0,192167,192167
365258,1,1,2,142248,142248
365259,1,1,2,142354,142354
365272,0,3,3,256789,256789
365318,0,2,2,240000,240000
365322,0,2,2,238938,238938
365389,0,3,3,208330,208330
365398,0,2,2,132271,132271
365400,0,4,4,73173,73173
365403,0,0,0,152972,152972
365471,0,2,2,170474,170474
365491,0,0,0,234770,234770
365499,0,1,1,97690,97690
365518,1,2,3,72941,72941
365519,1,2,3,71896,71896
365524,1,5,6,149339,149339
365529,0,1,1,230838,230838
365546,0,2,2,180390,180390
365593,0,3,3,203975,203975
365599,0,2,2,192857,192857
365610,0,1,1,192972,192972
365652,0,0,0,137596,137596
365703,0,3,3,201139,201139
365705,0,0,0,237605,237605
365734,0,8,8,189360,189360
365761,0,2,2,230384,230384
365763,0,1,1,257683,257683
365817,1,22,23,188386,188386
365822,0,2,2,179245,179245
365836,0,0,0,245334,245334
365848,0,3,3,213260,213260
365863,0,5,5,213932,213932
365875,0,0,0,223344,223344
365879,1,2,3,157654,157654
365970,0,21,21,237905,237905
366001,0,1,1,221791,221791
366004,1,6,7,220319,220319
366021,0,9,9,257245,257245
366024,0,1,1,228556,228556
366031,1,2,3,209099,209099
366115,0,0,0,98156,98156
366141,0,3,3,237561,237561
366151,2,1,3,183174,183174
366154,0,3,3,128946,128946
366161,0,0,0,189129,189129
366196,0,2,2,60211,60211
366198,0,2,2,192533,192533
366213,3,2,5,182770,182770
366225,0,2,2,246887,246887
366234,0,4,4,155982,155982
366256,0,2,2,160639,160639
366277,0,0,0,200802,200802
366285,0,1,1,250524,250524
366288,0,1,1,90669,90669
366295,1,13,14,161397,161397
366297,1,3,4,155347,155347
366309,0,0,0,240045,240045
366315,2,5,7,234175,234175
366342,0,3,3,204486,204486
366354,0,1,1,145518,145518
366397,1,2,3,247248,247248
366406,0,5,5,234747,234747
366423,1,1,2,197093,197093
366491,0,0,0,169459,169459
366493,0,0,0,183424,183424
366549,1,1,2,238309,238309
366550,1,2,3,238572,238572
366561,0,2,2,153132,153132
366563,0,0,0,169741,169741
366587,0,0,0,179751,179751
366608,1,5,6,245845,245845
366626,0,0,0,179735,179735
366682,0,1,1,148673,148673
366695,0,0,0,234098,234098
366745,1,2,3,258501,258501
366755,0,0,0,176203,176203
366762,0,6,6,135610,135610
366763,0,0,0,182802,182802
366764,0,0,0,246783,246783
366780,0,1,1,197058,197058
366782,0,1,1,242253,242253
366802,0,7,7,197072,197072
366879,0,4,4,196314,196314
366883,0,1,1,199897,199897
366903,0,0,0,191318,191318
366904,0,1,1,162583,162583
366905,0,2,2,145198,145198
366962,0,1,1,230122,230122
367104,0,3,3,223665,223665
367122,0,0,0,211850,211850
367126,1,1,2,172169,172169
367127,1,2,3,222755,222755
367140,0,2,2,147774,147774
367147,0,1,1,160431,160431
367168,1,2,3,240515,240515
367175,2,3,5,151664,151664
367216,2,4,6,130828,130828
367247,0,1,1,151422,151422
367297,0,9,9,150398,150398
367322,0,3,3,153904,153904
367360,1,5,6,212031,212031
367479,0,5,5,148940,148940
367553,0,0,0,190270,190270
367585,0,1,1,213337,213337
367589,0,1,1,246844,246844
367593,1,3,4,148670,148670
367611,0,2,2,192788,192788
367624,0,5,5,155781,155781
367628,1,2,3,234488,234488
367633,0,0,0,142539,142539
367646,0,0,0,249292,249292
367674,1,1,2,70675,70675
367675,1,3,4,68150,68150
367706,0,2,2,68127,68127
367713,0,2,2,66739,66739
367746,0,4,4,197960,197960
367874,0,4,4,73123,73123
367891,0,2,2,97770,97770
367904,1,7,8,150882,150882
367931,1,2,3,185407,185407
367946,0,1,1,194529,194529
367957,0,5,5,155104,155104
367971,0,0,0,211411,211411
367974,0,5,5,248967,248967
367989,1,3,4,203687,203687
368012,0,3,3,228034,228034
368036,0,0,0,190569,190569
368048,2,2,4,224569,224569
368054,1,1,2,170699,170699
368057,0,0,0,179350,179350
368091,0,2,2,108663,108663
368110,2,2,4,203819,203819
368158,0,0,0,214871,214871
368184,1,1,2,235491,235491
368193,0,0,0,206900,206900
368219,0,3,3,187665,187665
368249,0,0,0,159408,159408
368252,0,11,11,254310,254310
368257,0,1,1,144987,144987
368258,0,3,3,189314,189314
368276,0,0,0,255033,255033
368287,0,12,12,138054,138054
368288,0,4,4,195158,195158
368294,0,0,0,202560,202560
368298,0,5,5,216277,216277
368338,0,16,16,238778,238778
368343,0,3,3,248161,248161
368358,0,1,1,135215,135215
368430,0,8,8,40789,40789
368453,0,0,0,177660,177660
368482,0,2,2,190938,190938
368512,0,3,3,241155,241155
368514,2,2,4,162898,162898
368578,0,11,11,219205,219205
368666,0,2,2,66416,66416
368677,0,1,1,26499,26499
368692,0,12,12,146441,146441
368698,1,3,4,206264,206264
368703,0,2,2,144395,144395
368726,0,0,0,144172,144172
368756,1,0,1,188394,188394
368766,0,0,0,199785,199785
368770,0,6,6,191266,191266
368774,1,6,7,166485,166485
368786,0,13,13,221369,221369
368810,0,1,1,188434,188434
368818,0,0,0,179262,179262
368821,2,20,22,137246,137246
368841,0,0,0,146428,146428
368867,0,3,3,55155,55155
368889,0,0,0,218206,218206
368929,0,2,2,66209,66209
368974,2,5,7,237626,237626
368975,3,5,8,239429,239429
369002,0,1,1,178534,178534
369036,0,0,0,161718,161718
369048,0,2,2,204096,204096
369056,0,1,1,154159,154159
369090,0,1,1,218648,218648
369092,0,16,16,186621,186621
369094,0,2,2,162881,162881
369095,0,0,0,195299,195299
369100,0,2,2,153191,153191
369112,0,1,1,219990,219990
369120,0,1,1,237321,237321
369127,0,2,2,156307,156307
369148,0,1,1,12168,12168
369159,0,2,2,136449,136449
369185,0,3,3,159890,159890
369187,0,1,1,165673,165673
369222,0,1,1,156721,156721
369224,0,1,1,44264,44264
369236,0,0,0,52590,52590
369237,0,3,3,146446,146446
369281,0,0,0,250509,250509
369293,0,0,0,152093,152093
369306,0,2,2,246139,246139
369307,0,2,2,248049,248049
369323,1,6,7,223957,223957
369334,0,0,0,140640,140640
369364,1,1,2,192441,192441
369415,0,2,2,218418,218418
369453,0,4,4,142597,142597
369457,0,1,1,234166,234166
369489,0,2,2,136860,136860
369492,3,5,8,188121,188121
369500,0,0,0,202127,202127
369507,0,9,9,242581,242581
369576,0,1,1,78043,78043
369633,0,6,6,56829,56829
369707,0,5,5,224437,224437
369736,0,0,0,143675,143675
369752,0,2,2,50590,50590
369761,0,1,1,168322,168322
369764,0,1,1,211501,211501
369779,0,3,3,196882,196882
369796,1,2,3,207307,207307
369818,0,1,1,203200,203200
369827,0,4,4,250855,250855
369840,1,4,5,202061,202061
369882,0,1,1,226892,226892
369888,1,1,2,237730,237730
369889,1,2,3,239485,239485
369905,0,2,2,218784,218784
369915,0,3,3,239794,239794
369985,0,2,2,167312,167312
369987,1,0,1,230626,230626
370004,0,0,0,208268,208268
370041,0,1,1,201229,201229
370059,1,0,1,249415,249415
370090,0,1,1,242119,242119
370136,0,0,0,179087,179087
370155,0,1,1,142130,142130
370172,0,0,0,246915,246915
370187,1,1,2,139596,139596
370190,0,0,0,238206,238206
370198,0,6,6,146516,146516
370244,0,2,2,189455,189455
370283,0,0,0,161231,161231
370287,0,0,0,206974,206974
370290,0,6,6,220198,220198
370313,0,0,0,125053,125053
370320,0,2,2,180996,180996
370354,0,1,1,230480,230480
370388,0,2,2,201574,201574
370435,0,1,1,159211,159211
370456,0,2,2,101269,101269
370468,0,1,1,136330,136330
370500,0,1,1,66309,66309
370505,0,9,9,201248,201248
370523,0,1,1,250164,250164
370550,0,4,4,248867,248867
370574,0,7,7,228311,228311
370624,0,2,2,67183,67183
370636,1,2,3,240639,240639
370656,0,11,11,220832,220832
370696,0,0,0,177231,177231
370726,0,1,1,246618,246618
370852,0,1,1,134276,134276
370860,0,4,4,146813,146813
370873,0,2,2,142904,142904
370877,0,4,4,76419,76419
370881,0,5,5,150023,150023
370887,0,2,2,251491,251491
370889,0,2,2,130304,130304
370907,0,0,0,171462,171462
370911,0,0,0,174141,174141
370980,0,3,3,199599,199599
370986,0,0,0,85231,85231
370987,0,0,0,207243,207243
370993,0,0,0,168629,168629
371010,1,8,9,219116,219116
371040,0,9,9,189467,189467
371051,0,1,1,255033,255033
371067,0,0,0,239521,239521
371074,0,2,2,163409,163409
371075,0,6,6,72905,72905
371080,0,0,0,187397,187397
371114,0,2,2,246861,246861
371132,0,1,1,232486,232486
371136,0,1,1,62131,62131
371140,0,0,0,231261,231261
371144,0,1,1,204096,204096
371148,1,2,3,251793,251793
371154,0,6,6,149695,149695
371158,0,3,3,228834,228834
371159,0,2,2,202832,202832
371161,1,1,2,255784,255784
371197,0,1,1,63140,63140
371212,0,5,5,154279,154279
371219,1,1,2,173964,173964
371237,1,2,3,214382,214382
371274,0,4,4,61120,61120
371315,1,2,3,179165,179165
371345,0,1,1,151885,151885
371371,0,0,0,233765,233765
371396,0,0,0,206087,206087
371426,0,1,1,253629,253629
371448,0,1,1,256412,256412
371540,0,3,3,241897,241897
371543,0,1,1,188791,188791
371545,0,1,1,206597,206597
371585,0,3,3,200022,200022
371590,0,3,3,64696,64696
371594,0,0,0,258201,258201
371633,0,0,0,124954,124954
371714,0,0,0,253226,253226
371722,0,1,1,232013,232013
371778,0,0,0,244337,244337
371783,0,6,6,229271,229271
371786,0,1,1,200508,200508
371804,0,2,2,107507,107507
371829,0,8,8,195127,195127
371832,0,3,3,243027,243027
371841,0,3,3,169220,169220
371881,0,5,5,56340,56340
371882,0,2,2,188356,188356
371892,0,1,1,129166,129166
371899,1,2,3,211160,211160
371908,0,0,0,169815,169815
371918,0,7,7,238459,238459
371956,0,1,1,68813,68813
371972,0,0,0,211592,211592
371975,0,1,1,66778,66778
372013,0,0,0,155761,155761
372043,0,0,0,216233,216233
372074,0,1,1,237855,237855
372075,0,2,2,77834,77834
372080,0,0,0,155961,155961
372105,0,0,0,217068,217068
372126,0,2,2,217914,217914
372135,1,1,2,223471,223471
372178,0,3,3,193771,193771
372191,0,2,2,208755,208755
372204,0,3,3,229508,229508
372219,0,0,0,194669,194669
372223,0,1,1,191673,191673
372240,2,2,4,174853,174853
372241,3,3,6,176875,176875
372298,0,0,0,177651,177651
372301,0,0,0,234154,234154
372303,0,0,0,169823,169823
372316,0,0,0,228919,228919
372343,0,2,2,87922,87922
372359,0,5,5,107750,107750
372393,0,2,2,191896,191896
372400,0,0,0,188372,188372
372405,0,4,4,252972,252972
372481,0,3,3,192431,192431
372512,0,4,4,240411,240411
372606,0,1,1,241757,241757
372676,0,2,2,188464,188464
372698,0,1,1,60619,60619
372731,0,1,1,233723,233723
372746,0,5,5,178376,178376
372753,0,4,4,153765,153765
372767,0,0,0,250450,250450
372796,0,7,7,156944,156944
372806,2,4,6,250542,250542
372822,0,0,0,230917,230917
372833,1,4,5,212162,212162
372862,0,1,1,227852,227852
372884,1,2,3,70638,70638
372896,0,3,3,177161,177161
372897,1,7,8,151893,151893
372914,0,1,1,230426,230426
372926,0,1,1,148363,148363
372932,0,0,0,157063,157063
372966,1,2,3,155801,155801
372974,0,2,2,201765,201765
372989,0,1,1,235904,235904
373001,0,2,2,203288,203288
373045,0,0,0,224869,224869
373107,0,0,0,176171,176171
373119,0,6,6,228172,228172
373130,1,8,9,227149,227149
373136,0,1,1,234598,234598
373189,0,0,0,178825,178825
373204,0,1,1,195589,195589
373220,0,0,0,255835,255835
373246,0,0,0,191511,191511
373265,0,1,1,210847,210847
373297,0,2,2,175944,175944
373310,0,0,0,228738,228738
373342,0,1,1,198346,198346
373364,0,1,1,244939,244939
373378,1,1,2,238054,238054
373379,1,2,3,234696,234696
373490,0,1,1,207756,207756
373515,0,2,2,67742,67742
373529,1,2,3,178611,178611
373571,0,10,10,153989,153989
373600,0,0,0,238429,238429
373610,0,3,3,157514,157514
373613,0,1,1,194643,194643
373631,0,16,16,162231,162231
373640,0,2,2,190646,190646
373653,1,2,3,200475,200475
373654,1,2,3,246832,246832
373751,0,1,1,44796,44796
373754,0,0,0,237866,237866
373758,0,3,3,190690,190690
373776,2,2,4,215269,215269
373777,1,3,4,239586,239586
373799,0,1,1,236641,236641
373803,1,13,14,192350,192350
373844,1,2,3,148386,148386
373854,0,2,2,198361,198361
373893,0,0,0,176272,176272
373901,0,6,6,216399,216399
373937,0,1,1,214571,214571
373939,0,1,1,198044,198044
373958,0,0,0,125827,125827
373967,0,0,0,243966,243966
373991,0,2,2,237358,237358
373998,0,1,1,205072,205072
374033,0,3,3,254833,254833
374045,0,0,0,179182,179182
374068,1,1,2,177214,177214
374069,0,0,0,214849,214849
374099,2,5,7,157846,157846
374100,1,4,5,221131,221131
374108,0,1,1,249515,249515
374125,0,8,8,145546,145546
374128,0,0,0,158219,158219
374137,0,0,0,188225,188225
374148,0,2,2,155368,155368
374158,0,0,0,215870,215870
374173,0,6,6,243567,243567
374177,0,6,6,148612,148612
374203,0,1,1,233426,233426
374224,0,1,1,146031,146031
374237,0,1,1,174072,174072
374241,0,0,0,201472,201472
374250,0,0,0,208600,208600
374265,0,0,0,198035,198035
374271,0,8,8,170003,170003
374273,0,1,1,134669,134669
374276,0,0,0,184385,184385
374278,0,2,2,149880,149880
374283,1,3,4,209889,209889
374284,2,2,4,202742,202742
374285,0,0,0,188363,188363
374294,0,5,5,208304,208304
374314,1,3,4,203270,203270
374338,0,7,7,165625,165625
374354,0,0,0,159841,159841
374357,1,1,2,243342,243342
374369,0,0,0,177007,177007
374434,1,5,6,132914,132914
374439,0,2,2,221603,221603
374448,0,1,1,256337,256337
374470,0,4,4,233305,233305
374482,0,1,1,248484,248484
374490,0,0,0,256805,256805
374508,0,1,1,191666,191666
374512,0,1,1,66230,66230
374513,0,2,2,165292,165292
374516,1,5,6,183315,183315
374521,0,1,1,188850,188850
374538,1,2,3,130369,130369
374572,0,0,0,221194,221194
374577,0,1,1,188536,188536
374584,0,1,1,192831,192831
374589,1,1,2,207752,207752
374590,1,1,2,208043,208043
374620,0,1,1,253850,253850
374675,0,2,2,153256,153256
374700,0,0,0,134310,134310
374703,0,0,0,18081,18081
374730,0,3,3,154664,154664
374735,1,1,2,238518,238518
374746,0,0,0,143531,143531
374754,0,2,2,218628,218628
374758,0,1,1,112354,112354
374809,1,1,2,34450,34450
374875,0,0,0,189040,189040
374904,0,0,0,248405,248405
374934,0,0,0,194571,194571
374938,1,1,2,173815,173815
374968,0,2,2,215903,215903
375002,0,2,2,256223,256223
375014,0,1,1,168711,168711
375042,0,3,3,247890,247890
375047,1,2,3,156194,156194
375074,0,5,5,83157,83157
375078,0,7,7,126087,126087
375095,0,7,7,161088,161088
375102,0,3,3,149184,149184
375115,0,0,0,204230,204230
375125,0,3,3,219208,219208
375137,0,1,1,217670,217670
375152,1,5,6,233955,233955
375169,1,1,2,229586,229586
375180,0,1,1,237018,237018
375191,0,2,2,242817,242817
375215,2,0,2,244727,244727
375230,0,4,4,139484,139484
375240,0,0,0,233828,233828
375254,0,1,1,202958,202958
375264,0,2,2,235426,235426
375265,1,6,7,215600,215600
375321,0,0,0,241191,241191
375326,0,4,4,98193,98193
375339,0,0,0,233744,233744
375340,0,0,0,162563,162563
375341,0,0,0,157585,157585
375374,0,0,0,246685,246685
375428,0,0,0,158157,158157
375467,1,4,5,207619,207619
375477,0,0,0,153934,153934
375490,0,1,1,136216,136216
375521,1,24,25,241316,241316
375534,0,17,17,126361,126361
375538,0,1,1,211495,211495
375546,1,4,5,245333,245333
375550,0,3,3,190173,190173
375587,0,1,1,66620,66620
375625,0,1,1,232406,232406
375626,0,1,1,72437,72437
375646,0,0,0,224501,224501
375657,0,2,2,202366,202366
375668,1,2,3,230519,230519
375688,0,0,0,141252,141252
375697,1,8,9,146733,146733
375707,0,2,2,206594,206594
375708,0,4,4,136152,136152
375711,0,0,0,121255,121255
375735,1,14,15,172657,172657
375740,0,0,0,228214,228214
375746,0,0,0,69554,69554
375780,0,0,0,216395,216395
375808,0,2,2,146483,146483
375820,0,1,1,217001,217001
375847,0,1,1,199628,199628
375865,2,3,5,246218,246218
375866,1,2,3,244663,244663
375874,0,2,2,117735,117735
375876,1,4,5,142358,142358
375877,1,9,10,156046,156046
375886,0,0,0,176738,176738
375919,0,1,1,234237,234237
375921,0,4,4,226839,226839
375954,1,5,6,239095,239095
375960,0,0,0,28636,28636
375989,0,0,0,258262,258262
375993,0,0,0,211752,211752
376016,0,1,1,192025,192025
376050,1,13,14,236947,236947
376058,0,1,1,237298,237298
376063,0,1,1,196751,196751
376089,0,0,0,245679,245679
376091,0,0,0,212967,212967
376112,0,1,1,230473,230473
376144,1,1,2,160716,160716
376146,1,1,2,160998,160998
376202,0,3,3,234034,234034
376206,1,6,7,251017,251017
376219,1,2,3,230463,230463
376220,1,2,3,230528,230528
376227,2,6,8,234641,234641
376291,0,0,0,229042,229042
376292,0,0,0,251103,251103
376312,0,0,0,230451,230451
376324,0,1,1,66024,66024
376344,1,1,2,12614,12614
376345,1,1,2,38399,38399
376375,0,2,2,234718,234718
376386,0,1,1,234537,234537
376402,0,2,2,189211,189211
376410,1,2,3,217627,217627
376450,0,1,1,174917,174917
376471,0,1,1,197734,197734
376481,0,0,0,236678,236678
376504,0,0,0,178858,178858
376531,0,1,1,211914,211914
376537,1,3,4,218700,218700
376553,0,2,2,146732,146732
376557,0,2,2,230573,230573
376565,0,6,6,140226,140226
376602,0,2,2,214520,214520
376605,0,4,4,242063,242063
376640,0,2,2,145439,145439
376645,0,12,12,204396,204396
376680,0,0,0,132281,132281
376704,0,1,1,189930,189930
376707,0,1,1,212793,212793
376723,0,0,0,183315,183315
376732,0,1,1,253401,253401
376745,0,5,5,197391,197391
376796,3,4,7,241080,241080
376801,0,0,0,219884,219884
376818,0,7,7,201358,201358
376822,1,3,4,60804,60804
376826,1,3,4,242178,242178
376838,0,0,0,156945,156945
376845,0,1,1,199672,199672
376852,0,0,0,246489,246489
376875,0,0,0,158876,158876
376885,0,2,2,242626,242626
376897,0,6,6,257218,257218
376903,0,2,2,69736,69736
376920,1,1,2,248031,248031
376922,0,8,8,234355,234355
376934,0,0,0,219850,219850
376941,1,3,4,152054,152054
376989,1,8,9,381,381
376993,0,0,0,188349,188349
377035,1,3,4,221290,221290
377093,0,6,6,240101,240101
377119,2,1,3,158795,158795
377122,0,0,0,229262,229262
377152,0,2,2,192834,192834
377153,0,0,0,217885,217885
377154,3,6,9,220053,220053
377166,0,2,2,159297,159297
377180,0,4,4,251775,251775
377190,0,1,1,138511,138511
377212,0,1,1,247845,247845
377224,0,7,7,221980,221980
377228,0,4,4,151619,151619
377254,0,3,3,202854,202854
377281,0,3,3,248986,248986
377294,0,3,3,208140,208140
377300,0,2,2,171287,171287
377311,0,1,1,199867,199867
377320,1,1,2,140568,140568
377321,0,0,0,253223,253223
377343,0,0,0,216258,216258
377349,0,1,1,219474,219474
377419,0,2,2,235668,235668
377461,1,2,3,166451,166451
377464,1,5,6,202132,202132
377484,0,5,5,226662,226662
377489,0,0,0,242276,242276
377520,0,1,1,125827,125827
377526,0,0,0,200828,200828
377532,1,2,3,242672,242672
377541,0,0,0,152650,152650
377551,0,4,4,247455,247455
377563,0,2,2,195114,195114
377573,0,0,0,136289,136289
377605,1,2,3,226791,226791
377620,0,1,1,78814,78814
377634,0,0,0,212348,212348
377672,0,1,1,191440,191440
377674,0,3,3,230218,230218
377679,0,0,0,256536,256536
377682,2,7,9,91915,91915
377692,0,5,5,147950,147950
377721,0,1,1,228616,228616
377734,0,4,4,222022,222022
377747,0,2,2,234587,234587
377783,0,2,2,145077,145077
377796,0,2,2,207106,207106
377821,0,2,2,213530,213530
377823,0,1,1,130262,130262
377839,0,0,0,63909,63909
377849,0,1,1,161418,161418
377866,0,13,13,150512,150512
377885,0,1,1,203029,203029
377888,0,0,0,220543,220543
377891,0,2,2,219327,219327
377940,0,2,2,241124,241124
377944,0,0,0,162135,162135
377952,0,0,0,159370,159370
377955,0,0,0,83445,83445
377978,0,0,0,169688,169688
377979,0,0,0,233309,233309
377998,0,1,1,197122,197122
378026,0,6,6,237831,237831
378068,0,0,0,256053,256053
378096,0,0,0,217415,217415
378115,0,1,1,25495,25495
378144,0,1,1,230193,230193
378245,0,12,12,128133,128133
378271,0,3,3,211895,211895
378274,0,2,2,142226,142226
378279,0,0,0,211591,211591
378295,0,1,1,187719,187719
378310,0,3,3,33518,33518
378325,0,2,2,159262,159262
378352,0,8,8,159498,159498
378366,0,12,12,152607,152607
378405,0,2,2,247254,247254
378423,0,1,1,214816,214816
378436,0,4,4,200771,200771
378444,0,2,2,127595,127595
378471,0,0,0,182080,182080
378474,0,3,3,209328,209328
378480,0,1,1,226283,226283
378481,0,0,0,247282,247282
378484,0,3,3,66175,66175
378520,0,3,3,232578,232578
378522,0,4,4,209213,209213
378536,0,2,2,175726,175726
378549,0,0,0,162089,162089
378555,1,4,5,77703,77703
378556,0,0,0,224527,224527
378575,1,1,2,159581,159581
378576,1,1,2,189137,189137
378612,0,1,1,218383,218383
378617,0,3,3,131833,131833
378637,1,1,2,232683,232683
378643,0,1,1,244222,244222
378648,0,7,7,166766,166766
378684,0,1,1,245023,245023
378686,0,5,5,197978,197978
378695,0,5,5,232715,232715
378697,0,0,0,252263,252263
378699,0,0,0,237547,237547
378700,0,3,3,237783,237783
378708,0,0,0,185779,185779
378709,0,1,1,250616,250616
378724,1,1,2,212319,212319
378747,0,1,1,242877,242877
378752,0,4,4,166294,166294
378757,0,1,1,239386,239386
378768,0,0,0,233071,233071
378771,0,4,4,229620,229620
378798,0,0,0,188093,188093
378819,1,1,2,235567,235567
378825,0,0,0,253374,253374
378873,0,7,7,80408,80408
378876,0,1,1,163465,163465
378900,0,1,1,192867,192867
378915,0,0,0,204610,204610
378929,0,7,7,193321,193321
378933,0,3,3,191775,191775
378975,2,4,6,195619,195619
379012,0,2,2,71419,71419
379017,1,6,7,242973,242973
379028,0,2,2,73457,73457
379031,0,2,2,95228,95228
379048,0,2,2,227377,227377
379087,0,0,0,241962,241962
379097,0,2,2,60152,60152
379125,0,0,0,200915,200915
379136,0,5,5,248758,248758
379138,0,0,0,244952,244952
379150,0,0,0,209364,209364
379177,1,1,2,165530,165530
379181,1,14,15,218938,218938
379185,2,3,5,211425,211425
379194,0,0,0,239296,239296
379210,0,0,0,154625,154625
379224,0,7,7,224575,224575
379245,0,2,2,196225,196225
379253,0,1,1,224490,224490
379254,0,2,2,66155,66155
379258,0,0,0,258177,258177
379331,0,25,25,25852,25852
379335,0,2,2,234620,234620
379359,1,0,1,231742,231742
379363,2,10,12,159886,159886
379365,0,3,3,194405,194405
379392,0,3,3,244896,244896
379423,0,3,3,121320,121320
379463,3,9,12,212183,212183
379483,0,1,1,207687,207687
379542,0,3,3,234825,234825
379543,0,6,6,231181,231181
379548,0,3,3,227724,227724
379555,1,1,2,248614,248614
379575,0,1,1,139035,139035
379613,0,1,1,220749,220749
379627,1,3,4,221103,221103
379630,1,1,2,255980,255980
379631,4,4,8,258425,258425
379635,0,1,1,161547,161547
379636,0,6,6,255242,255242
379655,0,8,8,194225,194225
379672,1,1,2,233024,233024
379731,0,2,2,256183,256183
379760,0,1,1,192804,192804
379826,0,0,0,143155,143155
379840,0,1,1,84766,84766
379841,0,4,4,133306,133306
379852,0,3,3,189455,189455
379867,0,1,1,199690,199690
379869,0,2,2,213988,213988
379883,0,0,0,179360,179360
379899,1,1,2,164908,164908
379929,1,12,13,163859,163859
379937,0,5,5,135915,135915
379955,0,0,0,208204,208204
379960,1,2,3,226661,226661
380013,0,1,1,150002,150002
380016,0,8,8,256280,256280
380091,0,0,0,190764,190764
380105,0,6,6,214193,214193
380126,0,0,0,143161,143161
380136,0,1,1,246448,246448
380139,0,1,1,243353,243353
380155,1,1,2,163923,163923
380166,0,1,1,167988,167988
380176,0,0,0,173242,173242
380191,0,1,1,202699,202699
380203,0,2,2,231359,231359
380260,1,1,2,251342,251342
380270,0,6,6,187181,187181
380307,0,2,2,148844,148844
380310,0,9,9,120117,120117
380317,0,6,6,237521,237521
380332,0,2,2,243280,243280
380338,0,0,0,1658,1658
380375,0,11,11,214432,214432
380383,0,2,2,202043,202043
380388,1,0,1,198841,198841
380399,0,1,1,94092,94092
380425,0,6,6,253151,253151
380469,1,6,7,126593,126593
380489,2,19,21,146480,146480
380495,0,1,1,228708,228708
380502,0,3,3,239136,239136
380506,2,9,11,123663,123663
380522,0,1,1,224688,224688
380529,0,0,0,75556,75556
380548,0,1,1,180375,180375
380551,0,0,0,188768,188768
380553,0,1,1,255028,255028
380555,0,4,4,92065,92065
380559,0,9,9,239924,239924
380566,0,0,0,138776,138776
380569,0,4,4,228437,228437
380573,0,0,0,176162,176162
380597,0,0,0,211940,211940
380653,1,17,18,235900,235900
380662,0,0,0,172873,172873
380663,1,4,5,157134,157134
380671,0,3,3,212893,212893
380676,0,1,1,158270,158270
380692,0,1,1,239279,239279
380697,0,2,2,152986,152986
380700,0,0,0,246025,246025
380718,0,2,2,248837,248837
380729,0,1,1,210326,210326
380763,0,0,0,172343,172343
380770,0,1,1,188353,188353
380785,0,1,1,174033,174033
380809,0,1,1,136942,136942
380827,2,4,6,194125,194125
380838,0,0,0,203158,203158
380863,3,4,7,218357,218357
380870,1,10,11,246792,246792
380925,0,11,11,149701,149701
380962,1,1,2,245467,245467
380967,0,0,0,218062,218062
380998,0,6,6,199802,199802
381004,0,0,0,187610,187610
381017,0,2,2,137148,137148
381027,0,0,0,239773,239773
381032,0,1,1,69442,69442
381064,1,13,14,203402,203402
381080,1,1,2,243543,243543
381117,0,2,2,235330,235330
381134,2,5,7,241134,241134
381136,0,0,0,235945,235945
381152,0,0,0,195815,195815
381166,0,2,2,228736,228736
381224,1,2,3,139271,139271
381257,0,0,0,204493,204493
381258,0,0,0,238633,238633
381260,0,6,6,222108,222108
381319,0,1,1,146472,146472
381362,0,3,3,239079,239079
381391,0,1,1,199793,199793
381394,0,1,1,235612,235612
381414,2,1,3,48893,48893
381426,0,3,3,239178,239178
381444,0,4,4,170803,170803
381453,0,4,4,236892,236892
381470,0,1,1,167016,167016
381501,0,3,3,190038,190038
381526,0,1,1,216985,216985
381531,0,1,1,146106,146106
381539,0,1,1,228353,228353
381566,0,3,3,201680,201680
381578,0,0,0,87660,87660
381617,0,0,0,234398,234398
381618,1,1,2,257877,257877
381619,1,1,2,154489,154489
381627,0,5,5,147814,147814
381645,0,0,0,188689,188689
381690,0,0,0,129395,129395
381704,0,0,0,23838,23838
381747,0,2,2,232658,232658
381773,0,1,1,225251,225251
381780,0,10,10,207758,207758
381787,4,8,12,199117,199117
381790,0,4,4,220120,220120
381796,0,0,0,248543,248543
381859,0,8,8,242874,242874
381886,0,0,0,226420,226420
381897,0,4,4,147971,147971
381906,0,0,0,254926,254926
381916,0,0,0,188355,188355
381924,0,3,3,228926,228926
381956,0,3,3,34950,34950
381981,0,1,1,234539,234539
381992,0,0,0,181726,181726
381993,0,0,0,250132,250132
381999,1,22,23,165369,165369
382004,0,2,2,254566,254566
382021,0,3,3,195955,195955
382034,0,4,4,210631,210631
382063,0,6,6,240362,240362
382076,0,0,0,210827,210827
382090,0,1,1,147809,147809
382098,0,1,1,102934,102934
382113,0,4,4,138703,138703
382155,0,1,1,158297,158297
382171,0,4,4,234369,234369
382193,0,0,0,233237,233237
382211,0,1,1,141444,141444
382225,0,3,3,151415,151415
382261,0,2,2,228007,228007
382289,0,1,1,191583,191583
382317,0,0,0,244629,244629
382380,2,2,4,196600,196600
382391,0,5,5,188832,188832
382396,0,0,0,191937,191937
382401,2,4,6,203274,203274
382416,2,8,10,145754,145754
382437,0,0,0,142103,142103
382456,0,0,0,188650,188650
382470,0,5,5,241464,241464
382479,0,4,4,218264,218264
382525,0,1,1,93653,93653
382529,0,2,2,73177,73177
382548,0,0,0,248681,248681
382556,0,0,0,168788,168788
382598,1,2,3,85104,85104
382620,0,3,3,205585,205585
382623,0,2,2,215339,215339
382628,0,1,1,185357,185357
382646,0,0,0,202639,202639
382670,0,1,1,89885,89885
382679,0,1,1,237705,237705
382692,0,6,6,236884,236884
382693,0,26,26,238497,238497
382698,0,5,5,195236,195236
382734,0,0,0,197444,197444
382736,1,3,4,243230,243230
382737,1,2,3,247851,247851
382746,0,3,3,163426,163426
382778,0,0,0,174776,174776
382805,1,6,7,187670,187670
382806,0,1,1,208374,208374
382858,0,3,3,198892,198892
382860,0,3,3,141387,141387
382861,1,3,4,211187,211187
382880,0,1,1,182452,182452
382881,0,7,7,136311,136311
382887,0,2,2,206882,206882
382892,0,0,0,134881,134881
382933,0,1,1,120720,120720
382954,0,0,0,133467,133467
382973,0,2,2,190955,190955
382984,0,9,9,150422,150422
382992,0,1,1,256287,256287
383024,1,4,5,150817,150817
383027,0,1,1,243203,243203
383037,0,4,4,196940,196940
383071,1,3,4,190718,190718
383079,0,5,5,237245,237245
383105,0,1,1,180643,180643
383109,0,0,0,171474,171474
383168,0,10,10,154077,154077
383177,0,8,8,237919,237919
383243,1,3,4,204374,204374
383282,1,5,6,239082,239082
383289,0,0,0,143012,143012
383308,0,3,3,69560,69560
383312,0,0,0,184710,184710
383321,1,16,17,198714,198714
383343,0,5,5,121852,121852
383347,0,2,2,227699,227699
383359,0,3,3,232132,232132
383386,0,2,2,142116,142116
383397,0,0,0,96795,96795
383437,0,1,1,134843,134843
383438,0,0,0,183019,183019
383453,1,2,3,222067,222067
383467,0,0,0,172400,172400
383474,0,2,2,82313,82313
383475,0,2,2,189964,189964
383526,0,5,5,134084,134084
383549,0,1,1,194314,194314
383565,2,4,6,228568,228568
383573,0,1,1,255006,255006
383597,0,0,0,165498,165498
383603,3,3,6,238884,238884
383613,0,4,4,147514,147514
383625,0,0,0,190097,190097
383634,0,7,7,233756,233756
383639,0,5,5,162770,162770
383669,0,0,0,4012,4012
383670,0,0,0,224969,224969
383674,0,2,2,171211,171211
383676,0,0,0,173846,173846
383707,0,5,5,244130,244130
383718,0,1,1,224511,224511
383724,1,1,2,257216,257216
383730,2,6,8,197325,197325
383735,0,2,2,140360,140360
383764,0,5,5,236810,236810
383807,0,0,0,57479,57479
383829,0,0,0,239820,239820
383843,0,0,0,188818,188818
383856,0,1,1,135987,135987
383862,0,0,0,206221,206221
383863,0,2,2,196326,196326
383869,0,1,1,137446,137446
383878,0,1,1,105443,105443
383889,0,2,2,194204,194204
383891,0,0,0,253321,253321
383898,0,2,2,203763,203763
383933,0,2,2,248288,248288
383937,0,0,0,192029,192029
383950,2,12,14,240178,240178
383973,0,6,6,216533,216533
383974,0,1,1,132196,132196
383990,0,0,0,224590,224590
383992,0,3,3,233861,233861
384000,0,0,0,217738,217738
384024,0,5,5,221497,221497
384045,0,3,3,207170,207170
384064,2,3,5,247012,247012
384074,2,3,5,218957,218957
384090,0,26,26,196782,196782
384097,1,1,2,235437,235437
384133,0,0,0,193235,193235
384162,0,0,0,143549,143549
384164,0,2,2,68926,68926
384185,0,0,0,231658,231658
384194,1,1,2,248658,248658
384195,1,1,2,247842,247842
384203,0,0,0,180587,180587
384223,0,1,1,235484,235484
384232,0,2,2,141849,141849
384258,0,4,4,201612,201612
384272,0,2,2,164631,164631
384310,2,3,5,244562,244562
384334,1,2,3,234664,234664
384368,0,0,0,203725,203725
384386,0,1,1,236234,236234
384394,0,1,1,241813,241813
384400,0,3,3,236667,236667
384401,0,1,1,123001,123001
384409,1,1,2,243905,243905
384411,1,1,2,243235,243235
384482,0,0,0,194367,194367
384489,1,1,2,101296,101296
384490,1,1,2,101152,101152
384527,0,1,1,205029,205029
384564,0,2,2,222994,222994
384597,0,2,2,236781,236781
384621,0,0,0,248261,248261
384622,0,9,9,218249,218249
384625,0,0,0,189355,189355
384633,0,4,4,164625,164625
384639,2,3,5,202427,202427
384652,1,1,2,168958,168958
384676,0,10,10,189110,189110
384681,0,0,0,179420,179420
384712,0,1,1,139652,139652
384721,1,2,3,119088,119088
384778,0,3,3,134796,134796
384796,0,1,1,200908,200908
384802,0,2,2,251381,251381
384804,0,3,3,198390,198390
384806,0,2,2,67489,67489
384811,0,1,1,196937,196937
384821,0,0,0,174347,174347
384822,0,2,2,246286,246286
384829,0,1,1,245105,245105
384830,0,11,11,193327,193327
384841,0,3,3,217078,217078
384845,1,5,6,130178,130178
384850,0,2,2,192778,192778
384872,0,0,0,130762,130762
384873,1,1,2,154137,154137
384907,0,2,2,235418,235418
384916,0,1,1,244363,244363
384924,0,1,1,167071,167071
384939,0,0,0,148179,148179
384944,2,3,5,82389,82389
384946,0,3,3,68102,68102
384980,0,0,0,239512,239512
385014,0,6,6,212223,212223
385016,0,0,0,235067,235067
385053,0,0,0,209837,209837
385110,0,0,0,137299,137299
385188,2,3,5,76918,76918
385214,2,1,3,194914,194914
385217,0,1,1,208045,208045
385240,0,1,1,242059,242059
385260,0,1,1,240887,240887
385262,1,6,7,146760,146760
385269,0,1,1,206909,206909
385279,1,2,3,228613,228613
385312,1,2,3,224053,224053
385337,0,0,0,182358,182358
385339,0,13,13,220038,220038
385356,0,1,1,96877,96877
385429,0,3,3,248352,248352
385443,0,0,0,161232,161232
385489,2,4,6,206001,206001
385493,1,7,8,230809,230809
385509,0,8,8,223758,223758
385517,0,6,6,160130,160130
385528,0,5,5,245120,245120
385533,0,1,1,231742,231742
385551,1,2,3,217447,217447
385572,0,2,2,79582,79582
385590,0,11,11,119604,119604
385596,0,2,2,229635,229635
385603,0,5,5,181148,181148
385665,0,2,2,199320,199320
385676,0,0,0,217098,217098
385683,0,1,1,254837,254837
385714,0,4,4,241579,241579
385728,0,0,0,163911,163911
385735,0,1,1,175058,175058
385739,0,1,1,163534,163534
385779,1,1,2,211895,211895
385794,0,0,0,63950,63950
385804,0,1,1,166782,166782
385811,0,1,1,221756,221756
385820,0,2,2,73414,73414
385866,0,7,7,214281,214281
385876,0,1,1,218712,218712
385985,0,2,2,142080,142080
386009,0,0,0,228290,228290
386011,0,1,1,245357,245357
386014,0,0,0,240323,240323
386015,0,0,0,245821,245821
386028,0,0,0,173092,173092
386035,0,2,2,253156,253156
386043,0,3,3,240874,240874
386063,0,1,1,243163,243163
386121,5,5,10,214353,214353
386122,4,5,9,148427,148427
386123,4,14,18,203966,203966
386136,0,3,3,213106,213106
386145,0,3,3,194772,194772
386146,0,0,0,154527,154527
386162,0,0,0,192759,192759
386182,0,4,4,221432,221432
386223,0,1,1,159392,159392
386238,0,1,1,247460,247460
386251,0,15,15,42381,42381
386258,0,1,1,237814,237814
386266,0,0,0,256294,256294
386283,0,0,0,119802,119802
386291,0,4,4,243397,243397
386338,0,0,0,160098,160098
386339,1,2,3,197756,197756
386379,0,2,2,155086,155086
386384,0,1,1,67558,67558
386413,0,0,0,250826,250826
386464,0,3,3,130493,130493
386495,0,2,2,189261,189261
386519,0,4,4,134669,134669
386520,0,3,3,186112,186112
386533,0,1,1,242963,242963
386554,0,2,2,191083,191083
386563,0,1,1,228665,228665
386590,0,1,1,252857,252857
386636,0,2,2,198102,198102
386650,0,0,0,99493,99493
386671,0,7,7,240727,240727
386692,0,0,0,180536,180536
386695,0,4,4,248269,248269
386707,0,3,3,191750,191750
386711,0,3,3,237180,237180
386726,0,1,1,249609,249609
386734,1,5,6,153907,153907
386751,2,3,5,227764,227764
386760,0,0,0,192033,192033
386807,0,4,4,229402,229402
386830,0,0,0,147944,147944
386846,1,1,2,199788,199788
386849,1,1,2,231239,231239
386850,1,2,3,231020,231020
386904,0,1,1,200495,200495
386917,0,0,0,156299,156299
386972,0,1,1,75706,75706
386977,1,4,5,220719,220719
386978,2,6,8,157857,157857
386999,0,2,2,243116,243116
387005,0,2,2,174365,174365
387011,0,2,2,226489,226489
387013,0,1,1,239414,239414
387048,0,9,9,203669,203669
387050,0,2,2,135790,135790
387098,0,2,2,200015,200015
387121,1,5,6,228278,228278
387122,0,4,4,126565,126565
387132,0,1,1,151305,151305
387144,0,0,0,240897,240897
387147,1,2,3,244506,244506
387150,0,0,0,162602,162602
387160,0,2,2,200464,200464
387169,0,1,1,167567,167567
387223,0,1,1,53648,53648
387241,0,0,0,134795,134795
387245,0,2,2,202914,202914
387267,0,4,4,219470,219470
387273,0,0,0,189766,189766
387277,0,7,7,182607,182607
387282,0,0,0,137168,137168
387335,0,1,1,31667,31667
387375,0,0,0,206378,206378
387380,0,3,3,151646,151646
387386,0,1,1,141561,141561
387424,0,2,2,242443,242443
387435,0,0,0,125021,125021
387491,0,0,0,234377,234377
387522,0,1,1,228020,228020
387524,0,3,3,198406,198406
387525,0,1,1,136685,136685
387534,1,9,10,122126,122126
387596,0,2,2,196878,196878
387631,1,9,10,176528,176528
387632,1,1,2,225999,225999
387652,0,1,1,154194,154194
387657,0,0,0,225972,225972
387663,0,1,1,65788,65788
387679,0,1,1,189453,189453
387719,0,1,1,68116,68116
387726,1,2,3,87211,87211
387729,1,1,2,87314,87314
387776,0,1,1,155077,155077
387779,0,0,0,142671,142671
387811,0,3,3,75938,75938
387822,0,3,3,147826,147826
387825,0,0,0,126061,126061
387837,0,6,6,66066,66066
387838,0,0,0,235399,235399
387883,0,1,1,221891,221891
387895,0,1,1,221226,221226
387946,1,4,5,208532,208532
387952,0,2,2,169042,169042
388011,2,12,14,154716,154716
388014,0,0,0,237264,237264
388025,2,1,3,217986,217986
388033,0,0,0,145585,145585
388060,0,0,0,137164,137164
388064,0,1,1,207592,207592
388097,0,2,2,136375,136375
388103,0,0,0,120514,120514
388153,3,1,4,239192,239192
388161,0,8,8,145067,145067
388175,0,1,1,146576,146576
388191,1,4,5,156174,156174
388194,1,1,2,238010,238010
388212,0,0,0,147954,147954
388222,1,1,2,84926,84926
388223,2,2,4,85013,85013
388254,1,2,3,232746,232746
388255,3,1,4,232767,232767
388272,0,8,8,145742,145742
388291,0,0,0,202419,202419
388305,0,0,0,225083,225083
388309,0,0,0,178185,178185
388333,0,4,4,241775,241775
388334,0,2,2,241713,241713
388338,0,1,1,200523,200523
388352,0,2,2,66216,66216
388359,0,1,1,192827,192827
388366,0,5,5,207604,207604
388380,0,0,0,205864,205864
388392,0,1,1,239311,239311
388394,0,0,0,196497,196497
388404,0,1,1,145219,145219
388438,0,1,1,250726,250726
388467,0,4,4,129795,129795
388473,0,0,0,172148,172148
388491,0,14,14,197777,197777
388500,0,2,2,138498,138498
388552,0,0,0,177364,177364
388659,0,2,2,197234,197234
388670,0,11,11,189632,189632
388680,0,0,0,258887,258887
388700,0,2,2,143439,143439
388735,0,0,0,188342,188342
388744,0,0,0,145143,145143
388770,0,3,3,66167,66167
388774,0,0,0,174282,174282
388780,2,3,5,240729,240729
388789,0,1,1,196773,196773
388792,0,0,0,231410,231410
388798,0,3,3,151712,151712
388826,0,2,2,156232,156232
388860,0,0,0,248163,248163
388874,1,3,4,153836,153836
388875,2,16,18,154063,154063
388898,0,1,1,221596,221596
388943,0,3,3,146299,146299
388947,0,3,3,181119,181119
388949,0,1,1,221676,221676
389052,0,1,1,234537,234537
389053,0,5,5,131867,131867
389060,0,1,1,235219,235219
389084,0,2,2,221352,221352
389091,1,10,11,238545,238545
389098,0,1,1,211485,211485
389115,0,2,2,191372,191372
389129,1,4,5,198632,198632
389140,0,3,3,109134,109134
389149,0,4,4,142478,142478
389192,1,9,10,150049,150049
389217,0,0,0,173060,173060
389234,0,1,1,145542,145542
389236,0,13,13,246423,246423
389248,0,1,1,182739,182739
389255,5,14,19,130038,130038
389295,0,0,0,97201,97201
389336,1,2,3,146477,146477
389346,0,5,5,253924,253924
389351,0,5,5,244420,244420
389375,0,0,0,159751,159751
389419,0,0,0,166623,166623
389432,0,0,0,250155,250155
389448,2,2,4,173761,173761
389462,0,2,2,199092,199092
389501,0,2,2,228156,228156
389524,0,0,0,247626,247626
389572,0,1,1,159600,159600
389610,0,29,29,250109,250109
389643,0,3,3,245386,245386
389664,0,1,1,165244,165244
389684,1,6,7,227768,227768
389704,0,3,3,115641,115641
389722,0,0,0,244246,244246
389723,0,1,1,199139,199139
389738,0,2,2,55372,55372
389752,0,0,0,171447,171447
389775,0,1,1,190965,190965
389776,0,0,0,235508,235508
389787,0,1,1,223457,223457
389792,0,0,0,189321,189321
389828,0,1,1,193842,193842
389839,0,0,0,129942,129942
389890,0,16,16,55545,55545
389981,0,0,0,214531,214531
389992,0,7,7,157852,157852
390004,0,1,1,212898,212898
390005,0,3,3,230556,230556
390030,0,0,0,204728,204728
390041,0,2,2,246642,246642
390082,0,3,3,200228,200228
390112,0,3,3,194364,194364
390128,0,1,1,200123,200123
390155,0,4,4,161905,161905
390202,0,1,1,66130,66130
390213,0,1,1,251871,251871
390215,0,1,1,67014,67014
390222,0,2,2,250233,250233
390238,0,1,1,85179,85179
390240,0,2,2,154479,154479
390242,0,13,13,253272,253272
390296,2,3,5,225967,225967
390300,0,1,1,159623,159623
390304,0,3,3,150482,150482
390312,0,1,1,106757,106757
390320,1,2,3,248417,248417
390328,1,4,5,131593,131593
390372,0,2,2,203742,203742
390385,0,0,0,119227,119227
390399,0,2,2,244845,244845
390404,0,2,2,178881,178881
390419,0,6,6,243386,243386
390428,0,0,0,79882,79882
390453,0,4,4,248416,248416
390510,0,0,0,225218,225218
390511,0,1,1,197992,197992
390560,0,1,1,176040,176040
390593,1,1,2,239810,239810
390625,0,7,7,209943,209943
390652,1,3,4,249943,249943
390657,0,0,0,197425,197425
390659,0,0,0,251912,251912
390665,1,2,3,244894,244894
390680,0,0,0,212115,212115
390752,0,0,0,139567,139567
390785,0,0,0,237773,237773
390788,0,1,1,249856,249856
390796,0,0,0,190188,190188
390812,0,5,5,146602,146602
390826,0,0,0,142794,142794
390834,1,10,11,135998,135998
390835,1,16,17,93730,93730
390837,0,0,0,238448,238448
390865,0,1,1,206887,206887
390902,0,22,22,122683,122683
390904,0,5,5,223329,223329
390911,0,2,2,235081,235081
390917,0,1,1,148756,148756
390932,0,4,4,180288,180288
390940,0,1,1,206464,206464
390945,0,0,0,162014,162014
390958,0,1,1,187416,187416
390960,0,5,5,191632,191632
390970,0,3,3,246055,246055
390983,0,5,5,207819,207819
391061,0,1,1,250473,250473
391085,0,1,1,204929,204929
391109,1,8,9,247330,247330
391171,1,22,23,179775,179775
391175,0,7,7,16420,16420
391180,1,3,4,149348,149348
391190,1,3,4,95201,95201
391222,0,0,0,243950,243950
391223,0,5,5,146837,146837
391226,0,2,2,250452,250452
391248,0,0,0,225532,225532
391250,0,0,0,219709,219709
391291,0,3,3,243757,243757
391306,0,3,3,250913,250913
391336,0,1,1,211371,211371
391411,0,2,2,119993,119993
391437,1,4,5,151744,151744
391457,0,0,0,173437,173437
391460,0,1,1,90774,90774
391463,0,1,1,133639,133639
391474,0,1,1,188766,188766
391490,0,2,2,203409,203409
391493,0,1,1,163312,163312
391497,0,3,3,196833,196833
391511,1,5,6,212384,212384
391512,1,1,2,195456,195456
391535,0,1,1,128724,128724
391568,0,0,0,220642,220642
391633,0,0,0,166323,166323
391720,0,3,3,206188,206188
391727,0,0,0,158862,158862
391750,0,3,3,159939,159939
391757,0,1,1,241628,241628
391760,0,1,1,157387,157387
391781,0,0,0,195473,195473
391799,0,0,0,159621,159621
391832,0,2,2,213071,213071
391836,0,3,3,137991,137991
391902,0,1,1,200071,200071
391916,1,13,14,204807,204807
391937,1,6,7,206255,206255
391952,0,0,0,242618,242618
391954,0,0,0,177217,177217
391959,0,1,1,212004,212004
391968,0,1,1,189450,189450
391979,0,3,3,134303,134303
391988,0,0,0,148549,148549
391992,0,5,5,230203,230203
392032,0,1,1,67418,67418
392040,0,3,3,134835,134835
392048,0,4,4,207024,207024
392112,0,4,4,237850,237850
392138,0,7,7,244029,244029
392245,0,3,3,238932,238932
392268,0,5,5,162883,162883
392281,0,0,0,188803,188803
392285,0,2,2,230083,230083
392290,0,0,0,188350,188350
392301,0,2,2,228845,228845
392342,0,0,0,130833,130833
392369,0,2,2,142278,142278
392390,0,5,5,191263,191263
392391,0,18,18,207214,207214
392417,0,3,3,230395,230395
392451,0,1,1,241660,241660
392453,0,7,7,222033,222033
392511,0,0,0,231589,231589
392534,0,2,2,199589,199589
392538,0,0,0,213051,213051
392550,0,1,1,242052,242052
392559,0,1,1,233006,233006
392560,0,1,1,172562,172562
392574,0,10,10,173351,173351
392593,0,3,3,162719,162719
392607,1,6,7,200177,200177
392614,1,7,8,194790,194790
392626,1,1,2,254969,254969
392637,0,3,3,238586,238586
392644,0,0,0,137050,137050
392646,0,2,2,238421,238421
392668,0,0,0,238908,238908
392705,2,5,7,243112,243112
392706,2,3,5,203819,203819
392712,0,5,5,237792,237792
392714,0,0,0,159461,159461
392719,0,0,0,172007,172007
392733,0,3,3,226412,226412
392750,0,1,1,201280,201280
392792,0,1,1,239649,239649
392802,0,1,1,212154,212154
392806,0,7,7,238128,238128
392824,0,1,1,243178,243178
392847,0,0,0,235546,235546
392857,0,1,1,221076,221076
392864,0,0,0,227417,227417
392896,0,3,3,243070,243070
392916,2,8,10,227827,227827
392921,0,14,14,214896,214896
392948,0,5,5,150340,150340
392969,0,5,5,192236,192236
392973,0,0,0,244838,244838
393031,0,1,1,208271,208271
393040,0,1,1,83789,83789
393053,0,3,3,237077,237077
393099,0,3,3,161618,161618
393112,1,0,1,212332,212332
393145,0,0,0,248290,248290
393161,0,3,3,212059,212059
393198,0,0,0,251102,251102
393220,0,2,2,240106,240106
393305,1,3,4,120960,120960
393322,0,0,0,154309,154309
393337,1,3,4,223952,223952
393343,0,0,0,76997,76997
393363,0,0,0,174061,174061
393373,1,4,5,73455,73455
393417,0,2,2,163381,163381
393465,1,2,3,219512,219512
393480,0,1,1,152727,152727
393493,3,4,7,150157,150157
393494,0,2,2,227612,227612
393501,0,3,3,181541,181541
393511,0,10,10,185312,185312
393540,1,3,4,147300,147300
393610,0,0,0,242352,242352
393611,1,2,3,180168,180168
393627,1,8,9,251477,251477
393653,0,1,1,240420,240420
393666,0,0,0,232160,232160
393710,0,4,4,83956,83956
393713,0,4,4,241851,241851
393741,0,0,0,212919,212919
393769,0,0,0,210472,210472
393777,0,3,3,133996,133996
393779,0,0,0,248484,248484
393784,0,0,0,217777,217777
393820,0,1,1,180428,180428
393895,0,0,0,195870,195870
393903,0,7,7,171438,171438
393914,0,1,1,246671,246671
393920,0,4,4,149687,149687
393925,1,2,3,189064,189064
393942,0,9,9,131115,131115
393956,0,7,7,73281,73281
393975,0,2,2,240562,240562
393980,0,2,2,204736,204736
393989,0,6,6,243649,243649
394010,0,1,1,188472,188472
394025,0,4,4,134670,134670
394033,0,0,0,214368,214368
394034,1,6,7,246245,246245
394051,0,3,3,190451,190451
394052,0,4,4,216475,216475
394053,0,6,6,99839,99839
394083,0,0,0,233951,233951
394102,1,2,3,243743,243743
394137,0,0,0,173857,173857
394139,0,3,3,59635,59635
394153,0,1,1,184921,184921
394170,2,4,6,162571,162571
394174,0,1,1,149927,149927
394193,2,1,3,199171,199171
394207,0,2,2,240628,240628
394219,0,5,5,148393,148393
394222,0,1,1,211522,211522
394259,1,1,2,93901,93901
394262,1,6,7,243563,243563
394303,0,0,0,256689,256689
394307,0,1,1,210439,210439
394332,0,1,1,182379,182379
394347,0,15,15,155266,155266
394353,0,1,1,167424,167424
394371,0,5,5,238752,238752
394374,0,2,2,251005,251005
394409,0,1,1,234076,234076
394411,0,3,3,166186,166186
394412,0,2,2,224561,224561
394419,0,1,1,105813,105813
394430,0,4,4,187506,187506
394461,0,10,10,169278,169278
394499,0,8,8,166159,166159
394506,0,3,3,241976,241976
394552,0,2,2,156494,156494
394570,0,4,4,73449,73449
394618,0,0,0,211670,211670
394630,1,1,2,213632,213632
394632,1,1,2,164775,164775
394644,0,0,0,178177,178177
394651,0,0,0,255203,255203
394665,0,0,0,198329,198329
394683,1,1,2,203137,203137
394689,0,19,19,214811,214811
394701,0,1,1,148725,148725
394722,0,0,0,172213,172213
394729,0,1,1,157143,157143
394737,0,0,0,189101,189101
394745,0,1,1,214632,214632
394766,0,8,8,239510,239510
394775,2,2,4,249443,249443
394798,0,1,1,147022,147022
394804,0,3,3,142085,142085
394820,0,6,6,107935,107935
394838,0,1,1,181386,181386
394843,0,0,0,223202,223202
394849,1,1,2,147735,147735
394856,0,1,1,213664,213664
394876,0,0,0,224573,224573
394948,0,9,9,239528,239528
394999,0,1,1,224914,224914
395006,0,0,0,155617,155617
395008,0,0,0,201800,201800
395019,0,2,2,246482,246482
395046,0,8,8,250093,250093
395048,0,1,1,240054,240054
395087,1,3,4,205094,205094
395103,0,0,0,202825,202825
395126,0,0,0,237706,237706
395194,0,3,3,69262,69262
395212,0,3,3,179629,179629
395223,0,0,0,162009,162009
395224,0,2,2,243274,243274
395234,1,6,7,119568,119568
395263,1,2,3,239303,239303
395264,1,1,2,242768,242768
395267,1,3,4,241709,241709
395315,0,1,1,241500,241500
395364,0,1,1,238986,238986
395388,1,3,4,231780,231780
395390,0,5,5,75632,75632
395406,0,4,4,238512,238512
395418,0,3,3,220023,220023
395468,0,0,0,186630,186630
395476,0,1,1,44100,44100
395499,0,1,1,229612,229612
395512,0,0,0,221298,221298
395528,0,0,0,173890,173890
395551,1,1,2,100543,100543
395552,1,1,2,103191,103191
395562,0,0,0,156635,156635
395598,0,1,1,220445,220445
395609,0,2,2,150470,150470
395623,0,0,0,254831,254831
395629,0,0,0,68772,68772
395646,0,2,2,229511,229511
395647,0,3,3,93841,93841
395652,0,1,1,189501,189501
395667,0,3,3,248522,248522
395671,0,4,4,99745,99745
395723,0,2,2,238441,238441
395724,0,5,5,221221,221221
395786,0,2,2,68157,68157
395796,0,1,1,241071,241071
395802,0,1,1,188577,188577
395807,0,0,0,120046,120046
395809,1,1,2,180908,180908
395822,0,3,3,176088,176088
395842,0,2,2,244620,244620
395864,0,1,1,137811,137811
395868,0,3,3,190663,190663
395878,0,1,1,229094,229094
395880,0,3,3,241295,241295
395896,1,6,7,246566,246566
395917,0,6,6,248533,248533
395956,0,0,0,192539,192539
395975,0,1,1,154686,154686
395980,0,1,1,66350,66350
395983,2,9,11,235474,235474
395997,0,4,4,164193,164193
396005,0,1,1,154907,154907
396007,0,5,5,198332,198332
396010,0,2,2,227226,227226
396076,0,11,11,251289,251289
396087,0,0,0,242791,242791
396114,0,10,10,201353,201353
396115,0,1,1,241656,241656
396133,0,0,0,237877,237877
396138,0,1,1,228114,228114
396142,0,3,3,192782,192782
396147,0,8,8,152431,152431
396171,0,1,1,139238,139238
396172,0,0,0,234854,234854
396177,1,3,4,257321,257321
396202,0,0,0,207227,207227
396211,0,3,3,229666,229666
396214,0,0,0,199862,199862
396218,0,3,3,218604,218604
396226,1,1,2,242182,242182
396227,1,1,2,249474,249474
396236,0,3,3,246448,246448
396240,0,3,3,240841,240841
396259,1,1,2,156640,156640
396270,0,0,0,167653,167653
396284,0,0,0,227892,227892
396290,0,3,3,61903,61903
396341,1,2,3,242693,242693
396342,0,6,6,218632,218632
396362,0,2,2,70096,70096
396383,0,3,3,231378,231378
396392,0,1,1,177938,177938
396416,1,1,2,116017,116017
396423,0,0,0,206957,206957
396458,0,0,0,226873,226873
396484,0,0,0,244602,244602
396492,1,8,9,152282,152282
396500,0,0,0,188630,188630
396506,0,6,6,143227,143227
396559,0,4,4,190604,190604
396581,1,4,5,198155,198155
396594,0,5,5,148572,148572
396627,1,5,6,190391,190391
396643,0,2,2,237333,237333
396654,0,2,2,83406,83406
396659,0,9,9,148683,148683
396668,1,5,6,46892,46892
396669,1,2,3,47065,47065
396682,0,0,0,188628,188628
396684,0,1,1,147485,147485
396685,0,2,2,66937,66937
396699,0,7,7,242478,242478
396713,0,3,3,228267,228267
396737,0,0,0,183520,183520
396766,0,3,3,207223,207223
396769,1,3,4,183448,183448
396792,0,0,0,196487,196487
396801,0,2,2,248692,248692
396819,0,1,1,238331,238331
396851,0,4,4,207901,207901
396869,0,0,0,195524,195524
396936,0,0,0,207813,207813
396938,0,3,3,241928,241928
396947,0,4,4,216904,216904
397030,1,2,3,146517,146517
397035,0,0,0,163866,163866
397066,0,1,1,69971,69971
397067,0,0,0,148515,148515
397085,0,3,3,237888,237888
397109,0,1,1,146687,146687
397128,1,5,6,69256,69256
397129,0,4,4,162986,162986
397184,0,0,0,218804,218804
397239,0,5,5,180169,180169
397242,0,0,0,252048,252048
397259,0,1,1,205514,205514
397285,0,0,0,251063,251063
397310,0,5,5,250186,250186
397373,1,7,8,225179,225179
397380,0,2,2,64603,64603
397390,0,1,1,239199,239199
397411,0,7,7,208552,208552
397435,0,0,0,244410,244410
397465,0,0,0,189113,189113
397482,0,1,1,144564,144564
397486,0,1,1,66945,66945
397492,0,0,0,148986,148986
397503,0,2,2,218987,218987
397507,0,0,0,252126,252126
397514,0,3,3,244568,244568
397603,0,1,1,239161,239161
397649,0,1,1,198767,198767
397661,0,2,2,240192,240192
397685,0,0,0,219289,219289
397713,0,0,0,208176,208176
397740,0,0,0,143726,143726
397777,0,0,0,188352,188352
397799,0,2,2,86063,86063
397810,0,6,6,238822,238822
397814,0,7,7,193586,193586
397827,0,0,0,182190,182190
397878,0,2,2,200509,200509
397903,0,2,2,187826,187826
397925,0,0,0,145326,145326
398000,0,4,4,258365,258365
398007,1,8,9,158903,158903
398013,0,3,3,227193,227193
398014,0,6,6,114368,114368
398029,0,0,0,226880,226880
398071,0,1,1,78481,78481
398102,0,2,2,176563,176563
398104,0,1,1,226307,226307
398112,1,5,6,136969,136969
398120,1,1,2,187957,187957
398121,1,1,2,182938,182938
398128,0,2,2,221099,221099
398152,0,1,1,102465,102465
398156,0,0,0,196744,196744
398179,0,5,5,212655,212655
398183,0,2,2,240987,240987
398185,0,13,13,220626,220626
398186,1,1,2,144651,144651
398198,1,1,2,217655,217655
398227,0,0,0,152642,152642
398232,0,3,3,153888,153888
398237,0,4,4,198779,198779
398239,0,1,1,191313,191313
398256,0,4,4,198403,198403
398287,0,2,2,107656,107656
398291,0,1,1,70510,70510
398348,0,1,1,133773,133773
398361,0,1,1,67519,67519
398391,0,1,1,66974,66974
398420,0,2,2,169678,169678
398445,0,1,1,239650,239650
398446,0,1,1,172858,172858
398452,2,2,4,188463,188463
398467,0,0,0,228996,228996
398486,0,0,0,167165,167165
398492,0,0,0,169451,169451
398537,0,3,3,190408,190408
398606,0,1,1,208473,208473
398636,0,1,1,213183,213183
398641,0,1,1,151090,151090
398643,0,6,6,240019,240019
398651,0,3,3,191253,191253
398652,0,1,1,68019,68019
398686,0,3,3,148318,148318
398698,0,1,1,237206,237206
398720,0,0,0,158862,158862
398766,0,3,3,191735,191735
398771,1,7,8,250290,250290
398788,0,3,3,147890,147890
398811,1,4,5,189635,189635
398816,0,0,0,159818,159818
398818,0,2,2,173588,173588
398859,0,1,1,190396,190396
398879,0,0,0,138162,138162
398911,0,1,1,197298,197298
398963,0,4,4,136014,136014
398971,1,2,3,70592,70592
398999,0,1,1,234787,234787
399025,0,14,14,241465,241465
399037,0,0,0,142940,142940
399064,0,0,0,139805,139805
399085,0,1,1,152736,152736
399221,0,0,0,150269,150269
399224,0,1,1,207250,207250
399231,0,1,1,193550,193550
399249,0,0,0,179181,179181
399254,0,0,0,251132,251132
399267,1,3,4,193509,193509
399281,2,8,10,149659,149659
399295,0,3,3,248166,248166
399310,0,0,0,242503,242503
399313,0,5,5,144030,144030
399316,0,1,1,197222,197222
399319,0,2,2,183019,183019
399320,0,4,4,184915,184915
399344,0,0,0,224551,224551
399362,0,0,0,200262,200262
399371,0,0,0,172138,172138
399392,0,5,5,202245,202245
399419,0,0,0,88708,88708
399422,0,4,4,164578,164578
399468,0,6,6,231293,231293
399495,2,7,9,221114,221114
399535,0,0,0,247958,247958
399538,0,0,0,158514,158514
399551,0,2,2,67276,67276
399624,0,1,1,167095,167095
399677,0,0,0,149505,149505
399686,0,2,2,244629,244629
399747,0,0,0,224436,224436
399766,0,0,0,196705,196705
399767,0,0,0,196998,196998
399803,0,0,0,189083,189083
399813,0,2,2,140484,140484
399891,0,0,0,140311,140311
399894,0,0,0,189633,189633
399920,0,13,13,73684,73684
399922,0,0,0,214881,214881
399926,1,1,2,238140,238140
399931,1,2,3,172120,172120
399959,0,0,0,217260,217260
399980,0,4,4,198978,198978
400030,0,1,1,188594,188594
400040,0,0,0,228720,228720
400049,0,2,2,196472,196472
400079,0,4,4,187682,187682
400099,0,1,1,257519,257519
400102,0,4,4,244723,244723
400107,0,3,3,137278,137278
400139,0,0,0,110047,110047
400146,0,4,4,209829,209829
400158,0,0,0,79553,79553
400195,0,0,0,142595,142595
400237,0,0,0,103579,103579
400242,0,3,3,69327,69327
400258,0,2,2,81288,81288
400283,0,7,7,67349,67349
400292,0,0,0,156320,156320
400294,0,2,2,175414,175414
400328,0,1,1,173297,173297
400334,0,2,2,186037,186037
400339,0,0,0,159882,159882
400351,0,3,3,169572,169572
400376,1,6,7,250139,250139
400394,1,12,13,164406,164406
400407,0,0,0,224304,224304
400421,0,0,0,159576,159576
400435,0,0,0,195284,195284
400442,0,2,2,256564,256564
400458,1,3,4,230713,230713
400487,0,1,1,137079,137079
400499,0,2,2,134490,134490
400514,1,1,2,243381,243381
400518,0,0,0,186237,186237
400525,0,0,0,237937,237937
400527,0,0,0,248811,248811
400559,0,5,5,250324,250324
400577,0,1,1,203254,203254
400586,3,10,13,155799,155799
400607,0,0,0,184748,184748
400686,0,4,4,141500,141500
400688,0,1,1,230877,230877
400704,0,5,5,226405,226405
400719,0,2,2,188339,188339
400736,0,1,1,63388,63388
400738,0,5,5,141423,141423
400739,0,2,2,138309,138309
400766,0,0,0,228550,228550
400774,1,2,3,249679,249679
400834,0,2,2,147952,147952
400835,0,1,1,227245,227245
400858,0,1,1,194656,194656
400936,0,13,13,254185,254185
400952,0,0,0,201951,201951
400965,0,3,3,223402,223402
400973,0,1,1,138385,138385
400998,0,2,2,195212,195212
401017,0,2,2,222388,222388
401074,0,4,4,239338,239338
401077,1,2,3,234719,234719
401098,0,2,2,229387,229387
401101,0,0,0,85796,85796
401109,0,4,4,248747,248747
401154,1,6,7,226557,226557
401164,1,5,6,189830,189830
401169,1,3,4,235418,235418
401171,1,2,3,236084,236084
401210,0,1,1,252612,252612
401234,0,3,3,193114,193114
401241,0,1,1,182171,182171
401255,0,1,1,199299,199299
401264,0,10,10,147107,147107
401287,0,0,0,139711,139711
401291,0,1,1,98951,98951
401335,0,1,1,115312,115312
401355,3,2,5,202345,202345
401358,0,2,2,192304,192304
401377,0,5,5,149123,149123
401410,0,2,2,67979,67979
401447,0,20,20,147079,147079
401454,0,1,1,214567,214567
401455,1,8,9,164145,164145
401504,0,1,1,221718,221718
401514,1,2,3,205997,205997
401523,1,0,1,256905,256905
401529,0,0,0,202745,202745
401562,0,0,0,242947,242947
401563,0,2,2,243316,243316
401608,0,1,1,236579,236579
401625,0,5,5,123798,123798
401631,0,2,2,221568,221568
401640,0,9,9,245791,245791
401703,0,3,3,242754,242754
401743,0,3,3,161712,161712
401752,0,1,1,147779,147779
401795,0,1,1,148787,148787
401801,0,1,1,130080,130080
401824,0,0,0,253762,253762
401841,0,2,2,60521,60521
401867,0,3,3,200646,200646
401870,1,3,4,247915,247915
401878,0,1,1,90605,90605
401880,1,2,3,222694,222694
401881,1,2,3,221290,221290
401899,0,2,2,133044,133044
401907,0,2,2,208781,208781
401910,0,0,0,170891,170891
401919,0,4,4,242116,242116
401922,0,0,0,227946,227946
401929,0,9,9,158443,158443
401948,0,0,0,168919,168919
402026,1,4,5,160149,160149
402028,1,2,3,219251,219251
402031,0,1,1,243679,243679
402033,1,3,4,230864,230864
402051,0,0,0,189595,189595
402069,0,3,3,217492,217492
402079,0,2,2,215961,215961
402081,0,6,6,166856,166856
402088,0,2,2,249502,249502
402116,0,13,13,225086,225086
402134,0,2,2,123434,123434
402149,0,2,2,207064,207064
402196,1,5,6,66466,66466
402202,0,0,0,229435,229435
402292,1,1,2,195469,195469
402304,0,0,0,156197,156197
402308,0,1,1,257659,257659
402385,0,2,2,219843,219843
402450,0,1,1,93525,93525
402466,0,10,10,208181,208181
402487,0,2,2,200720,200720
402528,0,1,1,113408,113408
402536,0,3,3,142372,142372
402542,0,0,0,217314,217314
402627,0,1,1,153108,153108
402636,0,4,4,191890,191890
402640,0,2,2,148498,148498
402664,0,2,2,134326,134326
402673,0,5,5,66845,66845
402677,0,0,0,211778,211778
402717,0,5,5,186011,186011
402729,0,2,2,82704,82704
402748,0,2,2,149211,149211
402767,0,0,0,188410,188410
402779,3,3,6,160208,160208
402786,0,0,0,190425,190425
402787,1,6,7,205258,205258
402812,0,0,0,240631,240631
402816,0,0,0,202310,202310
402843,0,0,0,137275,137275
402849,0,0,0,217422,217422
402870,0,0,0,231289,231289
402871,0,6,6,162949,162949
402989,0,0,0,237883,237883
402991,0,3,3,243277,243277
402999,0,5,5,75861,75861
403023,0,4,4,132123,132123
403058,0,5,5,238272,238272
403061,0,1,1,192891,192891
403062,0,0,0,176551,176551
403100,0,2,2,211325,211325
403106,0,2,2,193761,193761
403128,0,1,1,228491,228491
403132,1,1,2,239825,239825
403136,0,0,0,160590,160590
403156,1,1,2,157729,157729
403178,0,1,1,203220,203220
403227,0,0,0,158787,158787
403263,0,2,2,165019,165019
403272,0,2,2,207484,207484
403275,0,1,1,95959,95959
403276,0,0,0,185138,185138
403294,0,1,1,254703,254703
403358,0,1,1,58725,58725
403361,0,1,1,235127,235127
403364,0,0,0,198769,198769
403446,1,4,5,247377,247377
403452,0,1,1,153381,153381
403474,0,0,0,198394,198394
403478,0,0,0,220802,220802
403509,0,0,0,171636,171636
403552,0,3,3,225132,225132
403556,0,2,2,141527,141527
403562,1,4,5,147731,147731
403566,0,2,2,242027,242027
403579,0,1,1,236342,236342
403586,0,2,2,144029,144029
403601,0,0,0,188316,188316
403629,0,0,0,193995,193995
403671,0,3,3,213703,213703
403689,1,4,5,154028,154028
403696,0,5,5,228462,228462
403726,0,2,2,67224,67224
403739,0,6,6,227977,227977
403747,0,9,9,157831,157831
403765,0,1,1,210726,210726
403774,0,6,6,225480,225480
403790,0,3,3,210504,210504
403797,0,7,7,212726,212726
403823,0,3,3,156838,156838
403875,0,10,10,223028,223028
403887,0,1,1,239046,239046
403901,0,0,0,217964,217964
403936,0,1,1,66118,66118
403949,0,0,0,180762,180762
403951,0,0,0,215899,215899
403954,0,17,17,51718,51718
403969,0,1,1,141876,141876
404000,0,1,1,225620,225620
404017,0,2,2,69682,69682
404026,0,2,2,245734,245734
404029,0,0,0,254820,254820
404056,0,3,3,245736,245736
404107,0,0,0,147585,147585
404124,0,4,4,244720,244720
404137,0,2,2,244280,244280
404159,0,0,0,171802,171802
404164,0,5,5,249646,249646
404191,0,2,2,159378,159378
404210,0,0,0,196975,196975
404276,0,1,1,160752,160752
404277,0,0,0,238141,238141
404283,0,0,0,77874,77874
404299,0,0,0,205280,205280
404310,0,1,1,228976,228976
404319,0,1,1,220171,220171
404320,0,3,3,235788,235788
404322,1,5,6,190721,190721
404330,0,1,1,17907,17907
404337,1,1,2,72996,72996
404354,0,0,0,246400,246400
404391,0,1,1,237927,237927
404417,0,1,1,219237,219237
404449,0,1,1,239328,239328
404459,1,0,1,188448,188448
404485,0,3,3,191352,191352
404491,0,2,2,245328,245328
404494,0,0,0,195109,195109
404522,0,8,8,146716,146716
404532,1,1,2,234307,234307
404533,1,4,5,204387,204387
404553,0,1,1,219668,219668
404612,2,2,4,225322,225322
404613,2,2,4,40241,40241
404614,2,2,4,45890,45890
404617,2,3,5,71481,71481
404622,0,0,0,213686,213686
404649,0,3,3,202986,202986
404665,0,2,2,240666,240666
404683,0,4,4,243772,243772
404726,1,2,3,194553,194553
404741,0,0,0,245909,245909
404764,0,1,1,226189,226189
404778,0,0,0,206031,206031
404780,0,6,6,222836,222836
404784,0,1,1,147809,147809
404801,0,0,0,219108,219108
404819,0,1,1,208220,208220
404843,0,3,3,224041,224041
404872,0,0,0,167748,167748
404878,0,1,1,99018,99018
404882,0,0,0,216366,216366
404886,0,2,2,249656,249656
404910,0,0,0,135949,135949
404928,1,1,2,76478,76478
404936,0,0,0,233595,233595
404953,0,10,10,150241,150241
404954,0,5,5,203810,203810
405010,1,3,4,143531,143531
405018,0,3,3,86366,86366
405030,0,2,2,192817,192817
405033,1,2,3,144020,144020
405042,0,1,1,159242,159242
405050,0,0,0,248112,248112
405070,0,1,1,220692,220692
405101,0,1,1,28540,28540
405124,0,12,12,192496,192496
405145,0,1,1,238630,238630
405146,0,2,2,204192,204192
405175,0,6,6,238274,238274
405187,0,23,23,192131,192131
405218,0,1,1,207486,207486
405237,0,0,0,183838,183838
405238,0,1,1,165323,165323
405253,0,1,1,143665,143665
405265,0,1,1,217246,217246
405281,0,2,2,247754,247754
405349,0,14,14,178135,178135
405408,0,0,0,182681,182681
405410,0,2,2,241393,241393
405441,0,0,0,188665,188665
405484,1,4,5,59959,59959
405487,0,0,0,147223,147223
405525,0,5,5,76414,76414
405541,1,6,7,222510,222510
405542,1,1,2,177185,177185
405543,0,1,1,165043,165043
405559,0,3,3,220373,220373
405606,1,1,2,125600,125600
405630,0,0,0,142932,142932
405634,1,0,1,133581,133581
405637,2,10,12,253358,253358
405667,0,0,0,71281,71281
405674,0,0,0,131863,131863
405685,0,0,0,173758,173758
405717,0,2,2,238807,238807
405732,0,3,3,258808,258808
405749,0,1,1,70170,70170
405789,0,0,0,166130,166130
405801,0,0,0,161906,161906
405808,0,1,1,78421,78421
405836,0,5,5,130832,130832
405849,0,1,1,179326,179326
405863,2,2,4,39971,39971
405864,1,3,4,73456,73456
405973,0,2,2,245979,245979
405994,0,2,2,150332,150332
405996,0,4,4,249891,249891
406015,1,2,3,232445,232445
406033,0,1,1,80796,80796
406049,0,2,2,142911,142911
406059,0,1,1,193011,193011
406062,2,6,8,218381,218381
406117,0,0,0,232289,232289
406141,0,2,2,235651,235651
406179,0,1,1,228649,228649
406187,0,8,8,118666,118666
406211,0,1,1,191818,191818
406231,0,0,0,199868,199868
406250,0,13,13,154248,154248
406318,0,13,13,147019,147019
406322,0,2,2,203651,203651
406349,0,1,1,66698,66698
406353,0,12,12,104807,104807
406360,0,0,0,162331,162331
406365,1,1,2,87904,87904
406373,0,3,3,67755,67755
406393,1,1,2,221022,221022
406408,0,0,0,137636,137636
406448,1,2,3,205800,205800
406449,0,2,2,195980,195980
406517,0,5,5,230620,230620
406572,0,1,1,182199,182199
406603,1,6,7,70094,70094
406611,0,0,0,237744,237744
406640,0,0,0,206524,206524
406645,0,0,0,243886,243886
406677,0,1,1,190972,190972
406689,0,1,1,197951,197951
406690,0,1,1,194004,194004
406711,0,3,3,154666,154666
406714,0,1,1,242441,242441
406739,0,5,5,67469,67469
406769,0,0,0,163393,163393
406842,0,1,1,215917,215917
406868,0,1,1,221055,221055
406894,0,0,0,200256,200256
406906,0,1,1,231282,231282
406917,0,2,2,254453,254453
406958,0,5,5,146231,146231
406971,0,1,1,233539,233539
406973,0,2,2,230022,230022
406987,0,0,0,209534,209534
406997,0,8,8,138490,138490
407144,1,2,3,162949,162949
407145,0,2,2,191526,191526
407156,0,1,1,179757,179757
407162,0,0,0,143821,143821
407169,0,1,1,232442,232442
407180,0,1,1,243019,243019
407241,0,0,0,203704,203704
407260,0,1,1,200281,200281
407272,0,5,5,227911,227911
407321,1,4,5,240945,240945
407335,0,0,0,189361,189361
407360,0,2,2,180512,180512
407364,0,0,0,251826,251826
407376,0,0,0,185431,185431
407383,0,5,5,58333,58333
407406,0,0,0,233068,233068
407432,0,3,3,217054,217054
407465,0,1,1,152068,152068
407476,0,0,0,220440,220440
407480,0,2,2,236864,236864
407495,0,0,0,176420,176420
407501,0,1,1,241719,241719
407509,0,1,1,159664,159664
407550,0,5,5,229715,229715
407602,0,1,1,191244,191244
407628,0,2,2,243192,243192
407663,0,0,0,196962,196962
407726,0,0,0,247695,247695
407745,0,0,0,221516,221516
407746,0,0,0,186708,186708
407754,0,0,0,214807,214807
407775,1,2,3,198779,198779
407786,0,5,5,203259,203259
407806,0,0,0,209207,209207
407812,1,1,2,238799,238799
407822,0,0,0,173258,173258
407833,0,1,1,221105,221105
407857,0,0,0,235586,235586
407875,0,0,0,211100,211100
407886,1,4,5,237861,237861
407912,0,5,5,222253,222253
407924,0,0,0,220305,220305
407944,0,0,0,157384,157384
407957,0,1,1,237953,237953
407978,0,0,0,152604,152604
407994,0,4,4,215713,215713
408030,0,0,0,150576,150576
408050,0,1,1,113310,113310
408145,0,0,0,98680,98680
408147,0,3,3,150359,150359
408157,0,9,9,73540,73540
408185,0,5,5,169473,169473
408190,0,0,0,203404,203404
408202,0,4,4,239811,239811
408210,0,0,0,211343,211343
408212,0,1,1,66230,66230
408222,1,0,1,190396,190396
408228,0,1,1,192932,192932
408231,0,2,2,241922,241922
408232,0,1,1,238019,238019
408238,0,2,2,76077,76077
408262,0,4,4,178937,178937
408264,0,3,3,234995,234995
408291,0,1,1,156275,156275
408296,0,0,0,206625,206625
408314,0,0,0,156193,156193
408376,0,1,1,2002,2002
408393,0,0,0,159966,159966
408406,0,0,0,238741,238741
408434,0,0,0,219707,219707
408435,0,0,0,188347,188347
408440,0,1,1,66581,66581
408446,0,3,3,139472,139472
408452,0,0,0,163636,163636
408507,1,5,6,76109,76109
408509,0,1,1,66493,66493
408516,1,4,5,236255,236255
408517,0,0,0,166855,166855
408548,0,1,1,235199,235199
408601,1,1,2,137673,137673
408603,1,1,2,149413,149413
408615,0,0,0,192078,192078
408622,0,1,1,227886,227886
408657,0,3,3,196905,196905
408658,0,0,0,188384,188384
408678,0,0,0,156934,156934
408679,0,0,0,164269,164269
408685,0,1,1,236244,236244
408688,0,0,0,159545,159545
408712,0,0,0,214348,214348
408776,0,5,5,226437,226437
408778,0,2,2,209197,209197
408799,0,4,4,238914,238914
408819,0,0,0,227265,227265
408827,1,7,8,154585,154585
408845,0,0,0,161241,161241
408878,0,0,0,188732,188732
408890,0,0,0,116337,116337
408898,0,3,3,204711,204711
408939,0,1,1,150847,150847
408963,0,2,2,231170,231170
409019,0,5,5,250598,250598
409040,0,10,10,227861,227861
409079,0,1,1,240657,240657
409083,0,0,0,205664,205664
409131,1,2,3,201638,201638
409132,1,9,10,257080,257080
409173,1,3,4,175513,175513
409184,0,0,0,170542,170542
409193,0,0,0,73157,73157
409215,0,1,1,168913,168913
409221,0,5,5,172280,172280
409228,0,0,0,229263,229263
409238,0,2,2,162833,162833
409246,0,4,4,207156,207156
409251,0,0,0,229819,229819
409275,0,4,4,187040,187040
409298,0,0,0,246095,246095
409318,0,3,3,216203,216203
409329,0,1,1,39651,39651
409344,0,3,3,257579,257579
409361,0,1,1,151919,151919
409378,0,2,2,238536,238536
409390,0,2,2,150118,150118
409397,0,2,2,148129,148129
409401,0,1,1,169101,169101
409418,0,4,4,199768,199768
409425,0,1,1,193976,193976
409426,0,0,0,209438,209438
409441,0,5,5,137110,137110
409454,0,2,2,211562,211562
409455,0,2,2,170086,170086
409458,0,4,4,238028,238028
409476,0,0,0,150414,150414
409491,0,5,5,200741,200741
409493,0,0,0,160141,160141
409496,0,2,2,240182,240182
409505,0,0,0,232023,232023
409513,0,1,1,193969,193969
409533,0,5,5,226419,226419
409555,0,0,0,148257,148257
409563,0,2,2,207947,207947
409580,0,4,4,140946,140946
409589,0,0,0,225008,225008
409602,0,0,0,216645,216645
409611,0,2,2,182557,182557
409646,0,1,1,242328,242328
409661,0,0,0,182385,182385
409677,0,2,2,191911,191911
409692,0,1,1,201245,201245
409718,0,0,0,229007,229007
409720,0,1,1,157678,157678
409750,0,7,7,192543,192543
409764,1,2,3,144118,144118
409766,2,1,3,257612,257612
409786,0,2,2,211293,211293
409792,0,0,0,220933,220933
409815,0,5,5,139227,139227
409834,0,1,1,225906,225906
409882,0,2,2,255508,255508
409906,0,7,7,222135,222135
409919,0,1,1,230123,230123
409948,1,1,2,221295,221295
410001,1,3,4,222308,222308
410024,1,2,3,127849,127849
410031,0,3,3,241621,241621
410034,0,1,1,250144,250144
410065,0,0,0,255936,255936
410067,0,3,3,138209,138209
410075,0,2,2,217444,217444
410096,0,1,1,219891,219891
410133,0,4,4,183969,183969
410173,0,2,2,210972,210972
410191,0,3,3,147960,147960
410192,0,2,2,141591,141591
410230,0,0,0,193320,193320
410240,0,1,1,177074,177074
410242,0,2,2,255146,255146
410253,0,0,0,154823,154823
410266,0,3,3,255124,255124
410273,0,0,0,248261,248261
410277,0,0,0,184004,184004
410278,0,0,0,175450,175450
410293,0,2,2,243148,243148
410295,3,9,12,191362,191362
410315,0,5,5,149512,149512
410341,2,2,4,206449,206449
410343,0,4,4,202978,202978
410367,0,12,12,237802,237802
410440,0,2,2,235868,235868
410464,0,3,3,189690,189690
410475,0,1,1,205906,205906
410495,1,1,2,244105,244105
410506,0,2,2,203355,203355
410522,0,9,9,214839,214839
410541,0,2,2,239564,239564
410550,0,1,1,245940,245940
410556,0,3,3,242927,242927
410583,0,5,5,149576,149576
410589,0,5,5,216521,216521
410616,0,1,1,113320,113320
410627,0,2,2,61537,61537
410678,0,0,0,252283,252283
410684,0,1,1,233616,233616
410700,0,3,3,62626,62626
410704,0,1,1,201123,201123
410711,0,1,1,136273,136273
410717,0,3,3,220361,220361
410752,0,0,0,205946,205946
410754,2,5,7,221872,221872
410755,0,1,1,135587,135587
410783,0,1,1,231104,231104
410808,1,2,3,158515,158515
410849,0,2,2,228424,228424
410869,0,4,4,181736,181736
410877,1,3,4,83997,83997
410896,0,3,3,230382,230382
410901,0,2,2,215272,215272
410906,0,3,3,64969,64969
410908,0,6,6,245570,245570
410920,0,1,1,160922,160922
410936,0,3,3,234751,234751
410952,0,2,2,227903,227903
410955,0,0,0,147647,147647
410971,1,3,4,128620,128620
410976,0,2,2,217217,217217
410981,0,0,0,237743,237743
410992,1,2,3,234706,234706
411107,0,3,3,237953,237953
411139,0,0,0,140183,140183
411143,0,2,2,115081,115081
411160,0,1,1,234781,234781
411214,0,1,1,194592,194592
411230,0,4,4,231686,231686
411233,0,3,3,145882,145882
411235,0,0,0,231905,231905
411242,0,5,5,250964,250964
411246,0,1,1,214924,214924
411257,0,0,0,171103,171103
411263,0,0,0,229050,229050
411266,0,1,1,232800,232800
411269,0,0,0,189452,189452
411279,1,7,8,202552,202552
411302,0,3,3,198330,198330
411421,0,0,0,190614,190614
411422,0,1,1,69222,69222
411443,0,1,1,75025,75025
411447,0,1,1,158710,158710
411454,0,2,2,189348,189348
411464,0,1,1,217350,217350
411492,0,3,3,121853,121853
411499,0,3,3,221261,221261
411530,0,0,0,81197,81197
411554,0,1,1,67949,67949
411570,0,0,0,192576,192576
411572,0,0,0,232400,232400
411588,1,4,5,150187,150187
411594,0,2,2,195330,195330
411602,0,2,2,219230,219230
411634,0,3,3,147971,147971
411637,0,0,0,216100,216100
411646,0,5,5,244263,244263
411648,0,0,0,222239,222239
411667,0,3,3,216373,216373
411679,0,2,2,112563,112563
411700,0,3,3,209713,209713
411754,0,1,1,193233,193233
411817,0,1,1,143992,143992
411832,0,6,6,243126,243126
411834,0,1,1,223223,223223
411843,0,0,0,175645,175645
411854,0,1,1,151684,151684
411878,0,3,3,74987,74987
411898,0,1,1,145784,145784
411905,0,2,2,216041,216041
411906,1,4,5,193192,193192
411907,1,3,4,197519,197519
411911,0,4,4,222865,222865
411919,0,1,1,255030,255030
411991,0,11,11,151330,151330
412017,0,8,8,153342,153342
412029,1,1,2,242990,242990
412030,1,1,2,244047,244047
412032,0,1,1,195801,195801
412042,0,1,1,66844,66844
412046,0,1,1,188555,188555
412047,0,10,10,222783,222783
412059,0,1,1,253781,253781
412065,0,5,5,196654,196654
412156,0,1,1,236505,236505
412164,0,0,0,191333,191333
412169,1,8,9,149788,149788
412253,0,4,4,185707,185707
412268,1,4,5,241858,241858
412299,0,1,1,87618,87618
412312,0,1,1,204387,204387
412368,0,3,3,245385,245385
412387,1,8,9,240331,240331
412394,0,3,3,131768,131768
412404,1,3,4,147629,147629
412426,0,4,4,168828,168828
412436,0,1,1,193928,193928
412464,0,2,2,157625,157625
412544,0,3,3,222320,222320
412566,0,4,4,235924,235924
412575,0,1,1,220584,220584
412578,0,3,3,240353,240353
412586,1,1,2,197962,197962
412587,1,1,2,188494,188494
412589,0,0,0,229923,229923
412606,0,1,1,155917,155917
412711,0,4,4,177959,177959
412732,0,0,0,168833,168833
412744,0,0,0,251197,251197
412749,0,0,0,158580,158580
412750,0,0,0,206410,206410
412771,0,1,1,133510,133510
412808,0,0,0,197311,197311
412828,1,14,15,237669,237669
412863,0,1,1,106977,106977
412877,0,2,2,253078,253078
412881,0,2,2,193100,193100
412891,0,0,0,211533,211533
412892,1,0,1,156425,156425
412899,0,1,1,216977,216977
412907,0,2,2,250515,250515
412918,0,2,2,180276,180276
412929,0,14,14,249430,249430
412948,0,4,4,204218,204218
412998,0,0,0,211763,211763
413010,0,0,0,177281,177281
413023,0,1,1,162040,162040
413037,0,4,4,214384,214384
413079,0,1,1,249506,249506
413082,1,0,1,184008,184008
413086,0,4,4,230186,230186
413120,0,2,2,157888,157888
413144,0,0,0,202654,202654
413174,0,1,1,167294,167294
413203,1,14,15,173438,173438
413211,0,0,0,164844,164844
413214,0,3,3,249908,249908
413221,0,0,0,158755,158755
413224,0,4,4,146827,146827
413234,0,9,9,210134,210134
413242,0,1,1,160932,160932
413290,0,0,0,171530,171530
413322,1,2,3,155898,155898
413362,0,1,1,134874,134874
413392,0,2,2,150157,150157
413395,0,0,0,70322,70322
413420,0,0,0,188673,188673
413449,0,1,1,152915,152915
413458,0,0,0,231836,231836
413466,0,2,2,241572,241572
413485,0,1,1,66838,66838
413489,0,2,2,145498,145498
413494,0,5,5,234500,234500
413498,0,4,4,179819,179819
413501,0,1,1,251437,251437
413505,0,1,1,66327,66327
413506,0,0,0,160926,160926
413547,0,2,2,217183,217183
413563,0,3,3,191030,191030
413586,0,6,6,168573,168573
413591,0,2,2,25038,25038
413601,1,14,15,214531,214531
413607,0,1,1,166572,166572
413610,0,2,2,194638,194638
413635,1,2,3,115823,115823
413692,1,11,12,118701,118701
413697,1,3,4,190117,190117
413704,0,1,1,233030,233030
413764,0,0,0,222917,222917
413835,0,8,8,150210,150210
413846,0,0,0,246645,246645
413866,0,0,0,207612,207612
413877,2,3,5,235118,235118
413883,0,0,0,203680,203680
413884,0,1,1,208573,208573
413897,0,0,0,249759,249759
413922,0,1,1,65028,65028
413962,0,0,0,212702,212702
413992,0,0,0,195993,195993
414027,0,2,2,219024,219024
414033,0,0,0,202982,202982
414041,0,4,4,247171,247171
414059,0,2,2,135640,135640
414073,0,1,1,73056,73056
414115,2,20,22,212286,212286
414121,0,0,0,170216,170216
414128,0,1,1,95668,95668
414137,0,4,4,193285,193285
414163,0,1,1,61204,61204
414194,0,4,4,232833,232833
414196,0,4,4,240086,240086
414197,0,11,11,153867,153867
414201,0,0,0,194839,194839
414226,0,0,0,118919,118919
414256,0,2,2,235347,235347
414304,0,7,7,221084,221084
414313,0,3,3,151111,151111
414353,0,2,2,244399,244399
414390,0,0,0,246253,246253
414396,0,5,5,149478,149478
414398,0,13,13,59752,59752
414409,2,9,11,241404,241404
414423,0,13,13,145292,145292
414438,1,2,3,238581,238581
414477,0,1,1,221066,221066
414493,0,5,5,217493,217493
414498,0,3,3,233158,233158
414528,0,5,5,150569,150569
414558,0,0,0,179325,179325
414585,0,0,0,209805,209805
414600,0,4,4,226587,226587
414608,0,5,5,145821,145821
414616,0,1,1,139724,139724
414627,0,2,2,143255,143255
414636,0,0,0,187982,187982
414638,0,0,0,213482,213482
414662,0,2,2,238317,238317
414696,0,3,3,236604,236604
414702,0,3,3,150395,150395
414706,1,2,3,132935,132935
414710,0,4,4,206015,206015
414712,1,1,2,207118,207118
414756,0,1,1,66021,66021
414805,0,3,3,224059,224059
414835,0,0,0,188360,188360
414869,0,7,7,194296,194296
414870,1,1,2,168658,168658
414875,0,1,1,147448,147448
414901,0,1,1,21187,21187
414905,1,0,1,220021,220021
414945,0,3,3,154428,154428
414957,0,1,1,245617,245617
414960,0,1,1,118272,118272
414966,0,1,1,206736,206736
415002,0,1,1,76249,76249
415005,0,0,0,190844,190844
415013,0,3,3,160717,160717
415048,0,9,9,133378,133378
415056,0,1,1,229193,229193
415071,0,2,2,171472,171472
415124,0,0,0,216710,216710
415127,0,1,1,223501,223501
415150,0,0,0,173395,173395
415206,0,2,2,187293,187293
415255,0,2,2,206303,206303
415261,0,6,6,60723,60723
415282,0,1,1,203195,203195
415290,1,1,2,161116,161116
415296,0,4,4,258129,258129
415303,0,2,2,212970,212970
415323,0,0,0,255363,255363
415335,0,0,0,178410,178410
415345,1,2,3,143486,143486
415362,0,2,2,132101,132101
415380,0,3,3,75264,75264
415392,0,0,0,242133,242133
415395,0,0,0,227963,227963
415407,0,2,2,49572,49572
415408,0,0,0,194857,194857
415413,0,0,0,178351,178351
415423,1,3,4,198425,198425
415429,0,0,0,137924,137924
415437,0,0,0,197456,197456
415517,0,1,1,189466,189466
415523,3,4,7,113056,113056
415592,0,3,3,241214,241214
415626,0,0,0,60409,60409
415673,0,1,1,189635,189635
415677,0,0,0,180624,180624
415700,1,3,4,111800,111800
415758,2,2,4,254916,254916
415762,0,4,4,249762,249762
415779,0,4,4,158209,158209
415806,0,0,0,192817,192817
415817,1,1,2,240650,240650
415849,3,4,7,158187,158187
415856,0,0,0,168787,168787
415862,0,1,1,245462,245462
415905,0,1,1,219117,219117
415950,0,1,1,166605,166605
415964,0,0,0,236141,236141
415967,0,0,0,257242,257242
416006,0,0,0,197473,197473
416013,0,1,1,242439,242439
416015,0,0,0,196713,196713
416017,2,2,4,155493,155493
416018,2,2,4,155515,155515
416019,2,2,4,155472,155472
416098,0,2,2,4542,4542
416099,0,1,1,233710,233710
416111,1,4,5,250839,250839
416113,0,2,2,190127,190127
416141,0,2,2,157281,157281
416142,0,3,3,210933,210933
416145,0,1,1,232937,232937
416153,0,1,1,211367,211367
416172,0,3,3,234289,234289
416185,0,1,1,196611,196611
416210,0,2,2,227820,227820
416220,0,4,4,199007,199007
416257,1,1,2,242816,242816
416263,0,1,1,160654,160654
416274,0,2,2,114769,114769
416293,0,3,3,154897,154897
416332,0,1,1,240637,240637
416384,0,0,0,206297,206297
416403,0,9,9,213967,213967
416410,2,4,6,255872,255872
416416,0,1,1,73695,73695
416433,0,1,1,209971,209971
416441,0,1,1,210165,210165
416489,0,2,2,189619,189619
416497,0,3,3,207561,207561
416509,1,2,3,160068,160068
416515,0,11,11,48240,48240
416519,0,2,2,206389,206389
416524,0,1,1,184020,184020
416526,0,6,6,63588,63588
416557,0,1,1,156735,156735
416563,0,2,2,202600,202600
416574,1,1,2,243504,243504
416588,0,4,4,162000,162000
416596,0,0,0,214908,214908
416616,0,6,6,145884,145884
416624,0,0,0,243948,243948
416629,0,0,0,251498,251498
416645,0,1,1,218597,218597
416654,0,2,2,193569,193569
416668,0,0,0,171601,171601
416677,0,1,1,231858,231858
416703,0,3,3,152366,152366
416716,2,1,3,179801,179801
416753,0,0,0,196443,196443
416754,0,0,0,234835,234835
416757,0,0,0,158417,158417
416761,0,2,2,81619,81619
416773,0,2,2,66340,66340
416780,0,0,0,248816,248816
416786,0,2,2,219517,219517
416788,0,0,0,240166,240166
416865,0,2,2,159497,159497
416909,0,1,1,141448,141448
416936,0,2,2,237980,237980
416953,1,2,3,240946,240946
416967,0,1,1,214680,214680
416991,0,1,1,160126,160126
417025,0,0,0,156597,156597
417027,0,4,4,241772,241772
417059,1,8,9,241869,241869
417145,0,1,1,245493,245493
417163,0,2,2,218681,218681
417172,0,8,8,147552,147552
417178,0,0,0,221324,221324
417182,0,1,1,191626,191626
417191,2,2,4,176884,176884
417244,2,4,6,67540,67540
417245,1,8,9,66528,66528
417298,1,11,12,136925,136925
417308,0,15,15,147822,147822
417327,0,3,3,258557,258557
417334,0,2,2,216801,216801
417335,0,0,0,204065,204065
417338,0,3,3,239216,239216
417345,0,2,2,203103,203103
417350,0,2,2,179482,179482
417368,0,0,0,219327,219327
417378,0,0,0,245104,245104
417395,0,4,4,149531,149531
417415,0,0,0,136588,136588
417465,0,1,1,232203,232203
417487,0,0,0,254611,254611
417549,0,0,0,239800,239800
417551,0,0,0,158509,158509
417609,0,1,1,228929,228929
417623,1,0,1,205709,205709
417671,0,2,2,195505,195505
417747,0,3,3,221719,221719
417748,0,2,2,174114,174114
417763,0,1,1,240530,240530
417809,0,5,5,243225,243225
417826,0,3,3,73886,73886
417832,0,0,0,243284,243284
417843,0,1,1,68113,68113
417851,1,7,8,162991,162991
417871,0,2,2,137133,137133
417881,0,11,11,194846,194846
417902,0,5,5,237433,237433
417923,1,1,2,240114,240114
417931,0,2,2,235810,235810
417970,0,7,7,238645,238645
418014,0,1,1,239904,239904
418030,0,1,1,236745,236745
418035,0,0,0,211267,211267
418047,1,1,2,241206,241206
418048,0,0,0,203457,203457
418052,0,0,0,153257,153257
418053,0,1,1,181723,181723
418087,0,2,2,145963,145963
418095,0,0,0,211007,211007
418109,0,8,8,216104,216104
418128,0,1,1,248446,248446
418132,0,11,11,219417,219417
418135,0,0,0,198643,198643
418136,0,0,0,226574,226574
418151,0,3,3,221755,221755
418178,0,9,9,60590,60590
418204,0,2,2,222721,222721
418226,0,0,0,230433,230433
418250,0,0,0,232911,232911
418257,0,0,0,216642,216642
418261,0,4,4,194766,194766
418270,0,0,0,220138,220138
418310,0,0,0,75140,75140
418332,0,0,0,193553,193553
418380,0,1,1,239037,239037
418394,0,6,6,249897,249897
418434,0,0,0,259114,259114
418436,0,1,1,215817,215817
418445,0,1,1,146628,146628
418449,0,5,5,230191,230191
418453,1,2,3,159524,159524
418458,1,2,3,225243,225243
418464,0,0,0,213877,213877
418472,0,2,2,236687,236687
418476,0,3,3,233296,233296
418543,0,2,2,229018,229018
418572,0,0,0,141027,141027
418577,0,4,4,198533,198533
418589,0,0,0,149976,149976
418597,0,2,2,144891,144891
418602,0,2,2,153138,153138
418617,1,2,3,173993,173993
418633,0,1,1,67248,67248
418659,0,0,0,145714,145714
418663,0,8,8,141428,141428
418671,1,3,4,245857,245857
418672,1,2,3,149340,149340
418700,0,1,1,252979,252979
418706,0,1,1,162916,162916
418715,0,0,0,193910,193910
418744,0,0,0,212437,212437
418755,0,0,0,148009,148009
418796,0,1,1,230887,230887
418835,0,0,0,219505,219505
418847,0,0,0,178186,178186
418861,0,0,0,173560,173560
418869,0,2,2,206348,206348
418902,1,1,2,167590,167590
418919,0,1,1,239943,239943
418925,0,1,1,246825,246825
418931,0,2,2,188914,188914
418939,0,0,0,232676,232676
418943,0,4,4,180005,180005
418953,0,1,1,191341,191341
418988,0,0,0,250695,250695
418991,0,4,4,148436,148436
418997,0,0,0,163015,163015
419007,1,1,2,232073,232073
419008,1,1,2,246232,246232
419014,0,1,1,85755,85755
419047,0,2,2,73336,73336
419062,0,1,1,192284,192284
419073,0,1,1,223063,223063
419121,0,1,1,196662,196662
419141,0,0,0,150656,150656
419144,0,5,5,191261,191261
419149,0,0,0,219520,219520
419184,0,0,0,234768,234768
419191,0,1,1,76871,76871
419196,0,1,1,134345,134345
419202,0,2,2,159833,159833
419209,0,1,1,134259,134259
419211,0,1,1,67140,67140
419219,0,2,2,239955,239955
419220,0,0,0,255080,255080
419241,0,0,0,176507,176507
419263,0,7,7,239639,239639
419279,0,12,12,213320,213320
419281,0,2,2,190804,190804
419285,0,1,1,185520,185520
419286,0,1,1,257735,257735
419294,0,1,1,246708,246708
419298,0,0,0,157535,157535
419322,0,0,0,143197,143197
419347,0,2,2,212021,212021
419349,0,3,3,224074,224074
419378,0,0,0,172320,172320
419391,0,0,0,139565,139565
419395,0,1,1,206570,206570
419397,0,1,1,136613,136613
419424,0,9,9,170662,170662
419442,0,1,1,240820,240820
419477,0,1,1,203032,203032
419518,0,0,0,165879,165879
419519,0,1,1,210269,210269
419521,0,2,2,189368,189368
419525,0,0,0,156132,156132
419543,0,1,1,218397,218397
419550,0,2,2,140980,140980
419556,0,0,0,188447,188447
419574,0,2,2,196132,196132
419577,1,2,3,212457,212457
419593,0,2,2,192774,192774
419602,1,3,4,136605,136605
419603,1,2,3,135719,135719
419626,0,1,1,242289,242289
419627,0,0,0,206565,206565
419629,0,0,0,208368,208368
419679,0,2,2,208079,208079
419685,0,1,1,147122,147122
419686,1,1,2,229437,229437
419721,0,13,13,219278,219278
419743,0,1,1,223354,223354
419750,1,2,3,126386,126386
419753,0,0,0,232078,232078
419766,0,2,2,249714,249714
419769,0,0,0,192546,192546
419790,0,1,1,165972,165972
419796,0,3,3,213790,213790
419802,0,0,0,252976,252976
419849,0,0,0,208634,208634
419852,1,1,2,143365,143365
419877,0,0,0,248513,248513
419878,0,0,0,241053,241053
419879,0,3,3,133307,133307
419880,0,3,3,250741,250741
419881,0,2,2,237831,237831
419882,0,1,1,185483,185483
419971,0,1,1,142657,142657
419975,0,0,0,237984,237984
419989,0,0,0,240483,240483
420008,0,2,2,175526,175526
420019,0,2,2,198461,198461
420023,0,1,1,213968,213968
420046,0,2,2,156889,156889
420062,0,0,0,122356,122356
420073,0,2,2,216776,216776
420134,0,1,1,233161,233161
420140,0,1,1,229889,229889
420169,0,0,0,181720,181720
420174,0,3,3,247546,247546
420187,0,1,1,196226,196226
420212,0,0,0,188936,188936
420213,0,1,1,163293,163293
420214,0,0,0,142651,142651
420228,0,7,7,243525,243525
420238,1,1,2,211700,211700
420240,0,2,2,118972,118972
420244,0,0,0,170566,170566
420248,0,3,3,140045,140045
420253,0,0,0,141140,141140
420266,0,2,2,237425,237425
420299,0,3,3,227908,227908
420350,0,0,0,116727,116727
420366,0,3,3,197531,197531
420378,0,0,0,182904,182904
420502,0,4,4,125006,125006
420523,0,0,0,224721,224721
420551,0,0,0,114026,114026
420559,0,0,0,214675,214675
420580,0,2,2,257240,257240
420585,0,0,0,38315,38315
420623,0,1,1,188437,188437
420626,0,1,1,228946,228946
420666,0,0,0,159356,159356
420683,0,1,1,73179,73179
420692,0,1,1,230790,230790
420693,0,1,1,254963,254963
420719,0,1,1,143662,143662
420733,0,1,1,138439,138439
420736,0,0,0,192406,192406
420740,0,1,1,222920,222920
420787,0,2,2,195065,195065
420793,0,2,2,205154,205154
420798,0,2,2,84747,84747
420868,0,1,1,151201,151201
420872,0,0,0,149288,149288
420923,0,1,1,256266,256266
420926,0,0,0,110929,110929
420929,1,5,6,197111,197111
420939,0,3,3,230575,230575
420960,0,1,1,66828,66828
420961,0,1,1,192096,192096
420987,1,1,2,243144,243144
420998,0,1,1,225352,225352
421028,0,2,2,221555,221555
421059,1,0,1,232415,232415
421065,0,9,9,188523,188523
421074,0,0,0,162020,162020
421112,0,7,7,175447,175447
421141,0,2,2,257528,257528
421154,0,6,6,238031,238031
421157,1,1,2,238334,238334
421158,1,1,2,219341,219341
421238,0,0,0,231815,231815
421262,0,0,0,133409,133409
421272,0,4,4,155558,155558
421273,0,1,1,228782,228782
421344,0,0,0,215007,215007
421370,0,1,1,69269,69269
421420,0,2,2,196940,196940
421428,0,1,1,241522,241522
421432,0,11,11,194836,194836
421433,0,2,2,233896,233896
421435,0,3,3,236766,236766
421447,0,0,0,207025,207025
421453,0,2,2,222067,222067
421465,0,1,1,204286,204286
421478,0,0,0,179997,179997
421488,0,1,1,237298,237298
421510,0,0,0,98161,98161
421530,1,1,2,145960,145960
421545,0,1,1,208524,208524
421570,0,2,2,250078,250078
421590,0,5,5,224754,224754
421605,1,3,4,76479,76479
421621,0,12,12,112724,112724
421625,0,1,1,168465,168465
421643,0,0,0,247532,247532
421658,1,7,8,216364,216364
421672,0,1,1,150430,150430
421687,0,0,0,247141,247141
421690,0,2,2,243989,243989
421732,0,1,1,215839,215839
421756,0,0,0,191080,191080
421791,0,4,4,225727,225727
421819,0,1,1,68076,68076
421828,0,1,1,135678,135678
421838,0,2,2,227942,227942
421841,0,0,0,204798,204798
421847,0,3,3,233681,233681
421874,0,3,3,196819,196819
421886,0,6,6,145311,145311
421902,1,1,2,147695,147695
421909,0,3,3,196743,196743
421925,0,0,0,73178,73178
421931,0,4,4,134013,134013
421993,0,2,2,139104,139104
422010,0,2,2,73347,73347
422049,0,1,1,234710,234710
422071,1,10,11,195445,195445
422097,0,7,7,451,451
422099,0,1,1,147418,147418
422104,0,0,0,77646,77646
422125,0,3,3,247131,247131
422131,1,0,1,144304,144304
422138,0,0,0,163436,163436
422146,0,1,1,161761,161761
422195,0,1,1,146205,146205
422199,0,0,0,257414,257414
422311,0,2,2,247481,247481
422338,0,0,0,250773,250773
422352,0,0,0,211233,211233
422355,0,2,2,83258,83258
422363,0,0,0,213625,213625
422368,0,0,0,228894,228894
422386,0,1,1,158992,158992
422401,0,0,0,180665,180665
422409,0,2,2,234417,234417
422442,0,0,0,198489,198489
422463,0,1,1,58271,58271
422482,0,3,3,185126,185126
422497,0,1,1,242290,242290
422505,0,1,1,194855,194855
422514,0,6,6,185284,185284
422519,0,1,1,123663,123663
422541,0,1,1,218547,218547
422551,0,3,3,229757,229757
422552,0,4,4,252856,252856
422561,0,1,1,67087,67087
422593,0,1,1,114670,114670
422599,0,2,2,196760,196760
422608,0,1,1,158112,158112
422627,0,1,1,183043,183043
422643,0,2,2,228555,228555
422663,0,0,0,236004,236004
422670,0,2,2,152674,152674
422673,0,2,2,154015,154015
422689,0,3,3,64122,64122
422694,0,3,3,199682,199682
422705,0,0,0,192028,192028
422734,0,4,4,246462,246462
422740,0,0,0,128636,128636
422762,0,1,1,175424,175424
422784,0,3,3,125993,125993
422792,0,3,3,216088,216088
422802,1,1,2,169261,169261
422803,1,13,14,159982,159982
422819,0,5,5,235265,235265
422848,0,0,0,60362,60362
422864,1,9,10,222889,222889
422877,0,5,5,236834,236834
422883,0,1,1,136535,136535
422941,0,2,2,203967,203967
422970,0,3,3,243219,243219
422973,0,1,1,248295,248295
422981,0,0,0,219736,219736
423018,0,1,1,157384,157384
423050,0,1,1,253778,253778
423059,0,0,0,132305,132305
423078,0,0,0,153349,153349
423090,0,8,8,151792,151792
423120,0,2,2,148419,148419
423145,0,1,1,97947,97947
423158,0,0,0,86063,86063
423159,0,1,1,147253,147253
423163,2,5,7,136796,136796
423167,0,0,0,251190,251190
423178,0,1,1,236833,236833
423195,0,2,2,193889,193889
423222,0,1,1,237377,237377
423234,0,4,4,253064,253064
423243,0,1,1,213658,213658
423272,0,2,2,221317,221317
423303,0,2,2,241122,241122
423361,0,0,0,244120,244120
423368,0,0,0,252638,252638
423375,0,2,2,251328,251328
423493,0,4,4,145392,145392
423514,0,1,1,238195,238195
423518,0,4,4,227243,227243
423543,0,0,0,242699,242699
423545,0,0,0,143634,143634
423580,0,1,1,232264,232264
423584,0,0,0,119371,119371
423586,0,0,0,188477,188477
423594,0,7,7,228866,228866
423597,0,4,4,231332,231332
423618,0,1,1,196579,196579
423732,0,1,1,182265,182265
423736,0,0,0,69195,69195
423748,0,0,0,257948,257948
423767,0,0,0,246483,246483
423798,0,1,1,187271,187271
423818,0,1,1,67482,67482
423851,0,5,5,233566,233566
423884,0,3,3,148468,148468
423889,0,4,4,150989,150989
423890,0,1,1,202987,202987
423912,0,1,1,138541,138541
423981,0,7,7,76174,76174
423998,0,1,1,192692,192692
424006,0,6,6,147094,147094
424033,0,1,1,68514,68514
424048,0,1,1,223582,223582
424052,0,1,1,251560,251560
424075,0,7,7,189484,189484
424098,0,1,1,227027,227027
424101,0,1,1,138893,138893
424105,0,1,1,150484,150484
424167,0,2,2,230279,230279
424170,0,0,0,249638,249638
424182,1,2,3,229678,229678
424200,0,0,0,166986,166986
424205,0,0,0,159621,159621
424221,0,0,0,221818,221818
424225,0,5,5,154579,154579
424237,0,5,5,234550,234550
424239,0,0,0,50010,50010
424297,0,2,2,220109,220109
424314,0,1,1,129340,129340
424350,0,1,1,172609,172609
424358,0,1,1,220380,220380
424367,0,2,2,109197,109197
424388,0,4,4,194928,194928
424437,0,1,1,201348,201348
424441,0,1,1,144378,144378
424442,0,5,5,186626,186626
424443,0,1,1,69854,69854
424462,1,2,3,254014,254014
424465,0,1,1,78665,78665
424476,0,7,7,204807,204807
424495,1,2,3,192954,192954
424496,1,1,2,193944,193944
424514,1,13,14,145386,145386
424543,0,3,3,150050,150050
424588,0,0,0,184039,184039
424606,0,0,0,69213,69213
424611,0,3,3,162160,162160
424617,0,4,4,244998,244998
424627,0,4,4,202293,202293
424641,0,1,1,96458,96458
424654,0,0,0,206525,206525
424672,0,0,0,256863,256863
424697,1,1,2,229347,229347
424698,1,1,2,231147,231147
424716,0,1,1,220135,220135
424730,0,1,1,68120,68120
424732,0,1,1,5279,5279
424733,0,1,1,189207,189207
424754,0,0,0,176470,176470
424757,0,2,2,238672,238672
424762,0,1,1,208016,208016
424768,0,1,1,192784,192784
424776,0,1,1,241210,241210
424785,0,1,1,218003,218003
424810,0,0,0,212029,212029
424839,0,3,3,236014,236014
424842,0,0,0,143758,143758
424856,0,1,1,242127,242127
424861,0,2,2,59946,59946
424879,0,0,0,157636,157636
424890,0,0,0,154110,154110
424902,1,4,5,236953,236953
424909,0,6,6,220552,220552
424918,0,2,2,194041,194041
424923,0,4,4,201106,201106
424953,0,0,0,249249,249249
424986,0,0,0,231493,231493
424996,0,0,0,167264,167264
425002,0,0,0,158413,158413
425012,0,1,1,235500,235500
425051,0,1,1,200392,200392
425058,0,2,2,226576,226576
425067,0,0,0,242801,242801
425077,0,6,6,196813,196813
425083,0,2,2,225148,225148
425093,0,1,1,141908,141908
425115,0,1,1,167761,167761
425116,0,21,21,236813,236813
425124,0,1,1,70045,70045
425125,1,2,3,237885,237885
425150,0,1,1,240549,240549
425163,0,7,7,202000,202000
425189,0,9,9,139246,139246
425233,0,4,4,234066,234066
425246,0,1,1,156784,156784
425266,1,5,6,162681,162681
425273,0,0,0,137492,137492
425285,0,0,0,141188,141188
425295,0,0,0,212578,212578
425299,0,4,4,244049,244049
425317,0,0,0,218967,218967
425343,0,8,8,24352,24352
425345,0,3,3,243688,243688
425368,0,4,4,211185,211185
425375,0,1,1,201275,201275
425389,0,1,1,196101,196101
425396,0,2,2,166961,166961
425406,0,0,0,151495,151495
425411,0,1,1,216402,216402
425416,0,6,6,213794,213794
425426,0,5,5,232844,232844
425438,1,1,2,216338,216338
425441,0,4,4,32359,32359
425467,0,4,4,67020,67020
425497,0,3,3,221186,221186
425508,0,7,7,257958,257958
425528,0,0,0,184040,184040
425595,0,2,2,191162,191162
425599,0,4,4,115578,115578
425629,0,6,6,166248,166248
425630,0,0,0,182905,182905
425672,0,0,0,141144,141144
425690,0,0,0,172569,172569
425698,0,1,1,113952,113952
425703,0,5,5,173081,173081
425729,1,6,7,217771,217771
425730,1,3,4,182177,182177
425773,0,4,4,142610,142610
425802,0,0,0,232119,232119
425808,0,2,2,196591,196591
425810,0,1,1,229848,229848
425815,0,8,8,149338,149338
425831,0,1,1,200250,200250
425843,0,3,3,198207,198207
425868,0,0,0,188483,188483
425880,0,0,0,214725,214725
425923,1,3,4,136831,136831
425926,0,3,3,219805,219805
426012,0,1,1,114680,114680
426016,1,1,2,198019,198019
426017,1,7,8,229103,229103
426030,1,0,1,242840,242840
426032,0,4,4,219746,219746
426046,0,1,1,244252,244252
426055,0,3,3,209049,209049
426065,0,3,3,197656,197656
426083,0,7,7,226198,226198
426085,0,2,2,199288,199288
426101,0,0,0,246004,246004
426148,0,6,6,222527,222527
426170,0,3,3,227942,227942
426181,0,2,2,200764,200764
426251,0,2,2,194062,194062
426267,0,2,2,246105,246105
426274,0,2,2,247063,247063
426278,0,0,0,196325,196325
426280,0,2,2,70522,70522
426312,0,0,0,212511,212511
426356,0,1,1,221204,221204
426390,0,1,1,255465,255465
426404,0,2,2,236711,236711
426405,0,0,0,195175,195175
426407,0,0,0,201596,201596
426414,0,1,1,159384,159384
426445,0,14,14,71200,71200
426459,0,0,0,188334,188334
426501,0,2,2,224458,224458
426507,0,1,1,234013,234013
426552,2,2,4,242212,242212
426557,0,0,0,185077,185077
426569,0,0,0,73552,73552
426575,0,5,5,202434,202434
426615,0,0,0,197130,197130
426629,0,1,1,243005,243005
426643,0,3,3,196675,196675
426711,1,3,4,148328,148328
426712,1,1,2,213951,213951
426739,0,0,0,222240,222240
426763,0,1,1,178982,178982
426786,0,1,1,74397,74397
426794,1,12,13,133281,133281
426798,0,1,1,255652,255652
426890,0,2,2,195501,195501
426930,0,1,1,153542,153542
426944,0,3,3,244659,244659
426948,0,1,1,217856,217856
426961,0,0,0,170793,170793
426968,0,2,2,228958,228958
427001,0,3,3,156420,156420
427070,0,1,1,112691,112691
427074,0,0,0,175788,175788
427080,1,1,2,204123,204123
427085,1,9,10,218917,218917
427107,0,3,3,241374,241374
427160,0,3,3,196725,196725
427168,0,1,1,71469,71469
427207,0,0,0,193262,193262
427227,0,1,1,229624,229624
427240,0,0,0,123198,123198
427266,0,2,2,155177,155177
427276,0,1,1,70639,70639
427297,0,11,11,233194,233194
427302,0,0,0,234970,234970
427304,0,2,2,194975,194975
427329,0,1,1,231689,231689
427374,0,0,0,236955,236955
427389,0,0,0,174228,174228
427402,0,2,2,193299,193299
427424,0,0,0,231596,231596
427444,0,6,6,203912,203912
427467,0,1,1,253168,253168
427476,0,7,7,231761,231761
427510,0,2,2,231853,231853
427511,0,7,7,250814,250814
427516,0,0,0,228983,228983
427517,0,4,4,163458,163458
427519,0,0,0,151804,151804
427560,0,2,2,182240,182240
427574,0,1,1,258338,258338
427619,0,2,2,226984,226984
427620,0,1,1,203899,203899
427653,0,1,1,207804,207804
427668,0,3,3,239328,239328
427679,0,1,1,91728,91728
427699,0,1,1,157105,157105
427715,0,2,2,182105,182105
427726,0,0,0,211315,211315
427768,0,1,1,174925,174925
427769,0,1,1,221072,221072
427770,0,0,0,200925,200925
427780,0,0,0,229603,229603
427803,0,0,0,176715,176715
427827,0,3,3,145719,145719
427879,0,3,3,190749,190749
427890,0,0,0,161574,161574
427892,0,0,0,191766,191766
427898,0,0,0,208497,208497
427915,0,0,0,161008,161008
427929,0,0,0,191690,191690
427934,0,4,4,236941,236941
427939,0,0,0,194022,194022
427943,0,0,0,188477,188477
427963,0,0,0,136013,136013
427968,0,7,7,239223,239223
427990,0,0,0,169204,169204
428014,0,2,2,144834,144834
428024,0,0,0,181234,181234
428047,0,0,0,212086,212086
428062,0,0,0,25523,25523
428068,0,3,3,202726,202726
428077,0,1,1,252787,252787
428082,0,0,0,212885,212885
428114,0,4,4,192800,192800
428116,0,4,4,231819,231819
428119,0,0,0,188640,188640
428124,1,9,10,160495,160495
428159,0,0,0,119060,119060
428185,0,0,0,158167,158167
428209,0,3,3,225901,225901
428228,0,3,3,135879,135879
428234,0,1,1,202182,202182
428235,0,3,3,222669,222669
428260,0,4,4,191922,191922
428279,0,0,0,209936,209936
428292,0,3,3,192086,192086
428296,0,6,6,89540,89540
428306,0,7,7,228380,228380
428327,0,4,4,253835,253835
428368,0,0,0,156017,156017
428397,0,2,2,210077,210077
428400,0,1,1,254242,254242
428416,0,1,1,85027,85027
428421,0,2,2,185077,185077
428447,0,4,4,237782,237782
428461,0,0,0,206656,206656
428492,0,7,7,192003,192003
428511,0,1,1,194835,194835
428520,0,2,2,244942,244942
428545,0,12,12,73634,73634
428548,0,4,4,206008,206008
428586,0,5,5,213515,213515
428596,0,1,1,232385,232385
428614,0,3,3,67940,67940
428626,0,7,7,140344,140344
428629,0,0,0,57107,57107
428640,0,1,1,247120,247120
428650,0,0,0,190285,190285
428654,0,1,1,207325,207325
428656,1,3,4,245564,245564
428663,0,2,2,149197,149197
428691,0,2,2,134217,134217
428726,0,1,1,219415,219415
428797,0,1,1,241704,241704
428802,0,0,0,219617,219617
428814,0,0,0,225412,225412
428817,0,5,5,239894,239894
428829,0,1,1,190994,190994
428835,0,3,3,192558,192558
428865,0,1,1,206460,206460
428871,0,1,1,257166,257166
428879,0,1,1,245475,245475
428880,0,2,2,198972,198972
428931,0,3,3,224868,224868
428956,0,2,2,238377,238377
428961,0,4,4,195800,195800
428968,0,0,0,234669,234669
428980,0,1,1,203483,203483
428987,0,4,4,202943,202943
428994,0,0,0,201697,201697
428995,0,3,3,233802,233802
429003,1,2,3,245323,245323
429004,1,1,2,244975,244975
429023,0,1,1,203211,203211
429050,0,0,0,238343,238343
429051,0,0,0,197612,197612
429128,1,12,13,157468,157468
429140,0,1,1,79133,79133
429141,0,0,0,234276,234276
429151,0,1,1,244615,244615
429167,0,2,2,245990,245990
429184,0,0,0,164768,164768
429198,0,1,1,230271,230271
429226,0,0,0,231523,231523
429242,0,0,0,166753,166753
429244,0,0,0,188551,188551
429290,0,7,7,237766,237766
429300,0,1,1,135253,135253
429306,0,1,1,197944,197944
429342,0,6,6,246160,246160
429358,0,1,1,199509,199509
429388,1,3,4,207900,207900
429410,0,0,0,198002,198002
429449,0,2,2,154432,154432
429462,0,0,0,244358,244358
429492,0,1,1,142431,142431
429507,0,0,0,142883,142883
429523,0,12,12,66745,66745
429539,0,3,3,254659,254659
429544,0,0,0,208510,208510
429556,0,9,9,199121,199121
429574,1,5,6,245979,245979
429581,0,1,1,151839,151839
429602,0,5,5,204650,204650
429622,1,6,7,241089,241089
429625,0,5,5,188478,188478
429631,0,0,0,206098,206098
429650,0,2,2,153347,153347
429661,0,1,1,128519,128519
429731,0,1,1,127292,127292
429747,0,0,0,194597,194597
429758,0,2,2,245652,245652
429786,0,0,0,147443,147443
429788,0,0,0,95951,95951
429800,0,0,0,188477,188477
429815,0,0,0,74582,74582
429851,0,2,2,178152,178152
429865,0,1,1,221333,221333
429885,0,1,1,170282,170282
429903,0,2,2,201741,201741
429909,0,2,2,197141,197141
429921,0,0,0,94620,94620
429945,0,1,1,221988,221988
429956,0,0,0,220627,220627
429995,0,9,9,137991,137991
430043,1,3,4,210886,210886
430057,0,0,0,225144,225144
430089,0,3,3,229824,229824
430138,0,2,2,170564,170564
430142,0,1,1,68789,68789
430149,1,1,2,256201,256201
430150,2,2,4,19414,19414
430171,0,0,0,236234,236234
430189,0,1,1,235226,235226
430205,0,15,15,227806,227806
430248,0,0,0,237598,237598
430263,0,1,1,232085,232085
430272,0,1,1,258035,258035
430283,0,1,1,198979,198979
430304,0,2,2,228813,228813
430307,1,3,4,165664,165664
430365,1,1,2,241150,241150
430371,0,5,5,243594,243594
430380,0,5,5,244562,244562
430402,0,2,2,207689,207689
430408,0,2,2,238495,238495
430414,0,0,0,230703,230703
430418,0,0,0,163194,163194
430439,0,1,1,188515,188515
430450,0,3,3,211697,211697
430467,0,6,6,238793,238793
430470,0,0,0,162726,162726
430509,0,2,2,244817,244817
430515,0,0,0,66417,66417
430521,0,0,0,216817,216817
430523,0,0,0,145354,145354
430552,0,2,2,211019,211019
430576,0,0,0,136760,136760
430600,1,3,4,69128,69128
430620,0,1,1,235808,235808
430623,0,1,1,175110,175110
430646,0,3,3,210052,210052
430662,0,1,1,191134,191134
430675,0,5,5,192571,192571
430681,0,0,0,180403,180403
430694,0,2,2,101830,101830
430730,0,1,1,148786,148786
430745,0,1,1,221540,221540
430751,0,4,4,207476,207476
430774,0,2,2,253534,253534
430818,0,6,6,235881,235881
430840,0,1,1,144126,144126
430885,0,2,2,139426,139426
430894,0,1,1,67279,67279
430910,0,0,0,235828,235828
430932,0,0,0,170496,170496
430934,0,2,2,169568,169568
430996,0,1,1,227308,227308
431081,0,1,1,206890,206890
431127,0,1,1,234321,234321
431147,0,0,0,205566,205566
431188,0,1,1,239756,239756
431200,0,1,1,205090,205090
431203,0,1,1,171720,171720
431215,0,1,1,142357,142357
431221,0,1,1,221220,221220
431222,0,0,0,185210,185210
431278,0,0,0,187209,187209
431283,0,2,2,153267,153267
431284,0,1,1,139415,139415
431331,0,0,0,228833,228833
431352,0,1,1,147949,147949
431363,0,0,0,254148,254148
431370,0,0,0,98286,98286
431371,0,0,0,211089,211089
431376,0,1,1,213801,213801
431398,0,2,2,219013,219013
431401,0,0,0,238847,238847
431421,0,7,7,141721,141721
431442,0,1,1,163591,163591
431476,0,22,22,219564,219564
431485,0,3,3,103009,103009
431539,0,1,1,259162,259162
431584,0,1,1,198281,198281
431605,0,2,2,207881,207881
431611,0,2,2,220448,220448
431633,0,2,2,240191,240191
431668,0,4,4,188888,188888
431685,0,0,0,253358,253358
431691,0,1,1,227574,227574
431697,0,0,0,242624,242624
431729,0,1,1,159550,159550
431731,0,4,4,149893,149893
431765,0,6,6,245198,245198
431771,0,3,3,235479,235479
431804,0,2,2,147280,147280
431833,0,0,0,18091,18091
431834,0,0,0,18093,18093
431835,0,10,10,137700,137700
431838,0,0,0,258759,258759
431847,0,2,2,160999,160999
431854,0,3,3,155543,155543
431866,0,4,4,114096,114096
431892,0,2,2,194245,194245
431919,0,1,1,79613,79613
431931,0,0,0,189482,189482
431937,0,11,11,242370,242370
431950,0,1,1,247881,247881
431998,0,2,2,182149,182149
432009,0,2,2,224202,224202
432057,0,1,1,253013,253013
432097,0,3,3,162745,162745
432159,0,0,0,161403,161403
432166,0,0,0,208389,208389
432176,0,3,3,139843,139843
432206,0,5,5,191443,191443
432238,0,3,3,165046,165046
432242,0,6,6,71690,71690
432258,0,6,6,136120,136120
432295,0,0,0,197542,197542
432411,0,0,0,225212,225212
432438,0,1,1,85096,85096
432443,0,1,1,234610,234610
432444,0,6,6,197323,197323
432466,0,3,3,148540,148540
432482,0,0,0,197753,197753
432533,0,5,5,237940,237940
432552,0,1,1,245277,245277
432553,0,7,7,179988,179988
432573,0,0,0,175594,175594
432622,0,2,2,8052,8052
432624,0,1,1,46739,46739
432626,0,4,4,32519,32519
432637,0,2,2,122447,122447
432654,0,1,1,228223,228223
432658,0,4,4,73364,73364
432682,0,1,1,215173,215173
432705,0,0,0,111213,111213
432743,0,6,6,208513,208513
432768,0,2,2,246314,246314
432781,0,0,0,241912,241912
432782,0,1,1,211803,211803
432845,0,2,2,257827,257827
432864,0,1,1,151383,151383
432869,0,1,1,216173,216173
432890,0,4,4,151380,151380
432896,0,5,5,151092,151092
432903,0,1,1,148433,148433
432916,0,0,0,159362,159362
432935,0,8,8,181061,181061
432960,0,0,0,174580,174580
433003,0,3,3,239583,239583
433004,0,10,10,235398,235398
433005,0,4,4,197602,197602
433046,0,2,2,147447,147447
433060,0,0,0,229093,229093
433069,0,0,0,188809,188809
433074,0,1,1,132751,132751
433085,0,1,1,207413,207413
433095,0,1,1,188686,188686
433131,0,5,5,239149,239149
433143,0,1,1,122176,122176
433144,0,3,3,83181,83181
433187,1,4,5,192972,192972
433188,1,3,4,196388,196388
433198,0,0,0,166472,166472
433199,1,3,4,139786,139786
433207,0,1,1,218679,218679
433208,0,2,2,140275,140275
433214,0,1,1,198281,198281
433215,0,1,1,221091,221091
433230,0,2,2,151530,151530
433269,0,0,0,125961,125961
433283,1,7,8,156271,156271
433329,0,1,1,60137,60137
433338,0,1,1,250023,250023
433360,0,1,1,193519,193519
433378,1,1,2,57744,57744
433379,1,1,2,57711,57711
433383,0,3,3,235245,235245
433390,0,2,2,160842,160842
433392,0,1,1,197215,197215
433398,0,3,3,174108,174108
433456,0,0,0,185268,185268
433459,0,2,2,113788,113788
433474,0,1,1,214826,214826
433476,1,2,3,63156,63156
433477,1,2,3,63808,63808
433501,0,1,1,257107,257107
433503,0,3,3,233821,233821
433504,0,6,6,33361,33361
433521,0,1,1,92429,92429
433522,0,5,5,251901,251901
433573,0,1,1,241503,241503
433576,0,0,0,156386,156386
433592,0,0,0,160110,160110
433602,0,5,5,215445,215445
433611,0,0,0,185672,185672
433677,0,1,1,188355,188355
433713,0,1,1,240849,240849
433744,0,0,0,251893,251893
433767,0,1,1,224218,224218
433770,0,4,4,206182,206182
433782,0,0,0,177998,177998
433788,0,2,2,251204,251204
433800,0,0,0,120582,120582
433839,0,0,0,209919,209919
433840,0,0,0,182791,182791
433854,0,2,2,132637,132637
433857,0,4,4,228856,228856
433876,0,4,4,256408,256408
433927,0,0,0,142899,142899
433939,1,10,11,193265,193265
433942,0,1,1,150546,150546
433946,0,1,1,254792,254792
433971,0,1,1,235480,235480
433986,0,0,0,158202,158202
433989,0,1,1,108329,108329
433995,0,8,8,238651,238651
434032,0,3,3,147859,147859
434109,0,1,1,249318,249318
434150,0,2,2,191208,191208
434176,0,1,1,193921,193921
434203,0,1,1,195176,195176
434219,0,0,0,212694,212694
434243,0,0,0,61017,61017
434247,0,1,1,148025,148025
434298,0,4,4,218698,218698
434311,2,1,3,254982,254982
434312,1,2,3,254852,254852
434316,0,0,0,206484,206484
434373,0,0,0,244378,244378
434394,0,1,1,257585,257585
434429,0,1,1,66905,66905
434450,0,2,2,133346,133346
434462,0,3,3,197306,197306
434495,1,2,3,221150,221150
434500,0,1,1,218239,218239
434518,0,12,12,112406,112406
434521,0,3,3,258656,258656
434541,0,0,0,220117,220117
434583,0,0,0,247529,247529
434589,0,3,3,241562,241562
434592,0,2,2,122050,122050
434593,0,0,0,162720,162720
434616,0,1,1,236784,236784
434646,0,1,1,216170,216170
434665,0,0,0,245110,245110
434671,0,1,1,143201,143201
434673,0,2,2,223370,223370
434675,0,5,5,58121,58121
434716,0,0,0,189776,189776
434751,0,4,4,247433,247433
434758,0,0,0,174453,174453
434775,0,2,2,253853,253853
434785,0,2,2,154145,154145
434791,0,2,2,237690,237690
434823,0,3,3,203486,203486
434845,0,0,0,125919,125919
434852,0,3,3,221726,221726
434858,0,0,0,247071,247071
434869,0,1,1,174905,174905
434877,0,1,1,67102,67102
434886,0,1,1,193205,193205
434889,0,0,0,223133,223133
434899,0,1,1,94960,94960
434900,0,0,0,251395,251395
434919,0,2,2,247778,247778
434924,0,3,3,200698,200698
434930,0,8,8,212167,212167
434931,0,5,5,250096,250096
434932,0,4,4,61341,61341
434943,0,0,0,157645,157645
434955,0,0,0,184242,184242
434968,0,1,1,184730,184730
434999,0,1,1,236092,236092
435002,0,0,0,189830,189830
435009,0,1,1,246621,246621
435023,0,8,8,179958,179958
435026,0,4,4,221405,221405
435039,0,0,0,238482,238482
435061,1,1,2,162793,162793
435071,2,2,4,40096,40096
435082,0,0,0,240818,240818
435087,0,2,2,231581,231581
435088,0,2,2,256683,256683
435105,0,5,5,202463,202463
435108,0,0,0,228206,228206
435145,0,14,14,247911,247911
435146,0,0,0,166911,166911
435155,0,0,0,179149,179149
435159,0,0,0,246174,246174
435166,0,2,2,150587,150587
435174,0,1,1,218324,218324
435177,0,0,0,176583,176583
435179,0,0,0,245356,245356
435205,0,4,4,67620,67620
435214,0,0,0,247988,247988
435221,0,0,0,188527,188527
435234,0,0,0,214474,214474
435242,0,4,4,185293,185293
435259,0,6,6,149928,149928
435272,0,1,1,214192,214192
435284,0,6,6,152948,152948
435306,0,0,0,221249,221249
435333,0,0,0,235363,235363
435359,0,1,1,182888,182888
435376,0,0,0,200497,200497
435383,0,0,0,228066,228066
435392,0,6,6,207709,207709
435398,0,15,15,230167,230167
435414,0,0,0,150182,150182
435429,0,1,1,167203,167203
435460,0,0,0,96542,96542
435474,0,7,7,73905,73905
435486,0,0,0,247736,247736
435496,0,1,1,137449,137449
435497,0,4,4,195095,195095
435513,1,1,2,177361,177361
435517,0,1,1,212700,212700
435536,0,0,0,179917,179917
435560,0,1,1,245647,245647
435576,0,2,2,256206,256206
435579,0,1,1,154806,154806
435593,0,1,1,223494,223494
435615,0,4,4,146598,146598
435628,0,1,1,218500,218500
435663,0,1,1,147671,147671
435717,0,1,1,248568,248568
435725,0,5,5,228802,228802
435750,0,4,4,242503,242503
435809,1,5,6,126113,126113
435848,0,0,0,159823,159823
435862,0,0,0,230211,230211
435884,0,2,2,205876,205876
435920,0,1,1,198094,198094
435943,0,1,1,238467,238467
435947,0,1,1,66302,66302
435997,0,1,1,185512,185512
436094,0,0,0,20439,20439
436104,0,1,1,237654,237654
436114,0,2,2,204266,204266
436209,0,1,1,235342,235342
436222,0,2,2,208867,208867
436272,0,2,2,146767,146767
436321,0,1,1,193597,193597
436337,0,0,0,234169,234169
436350,0,8,8,136917,136917
436392,0,2,2,122128,122128
436401,0,3,3,192779,192779
436402,0,0,0,229374,229374
436443,0,2,2,212205,212205
436446,0,3,3,142966,142966
436477,0,2,2,228403,228403
436481,0,0,0,250775,250775
436484,0,1,1,69737,69737
436486,0,3,3,214847,214847
436519,0,0,0,206181,206181
436537,0,0,0,129591,129591
436552,0,1,1,66219,66219
436560,0,2,2,243823,243823
436582,0,3,3,221845,221845
436600,0,0,0,188868,188868
436603,0,1,1,187388,187388
436642,0,0,0,217563,217563
436685,0,0,0,253388,253388
436693,0,1,1,228207,228207
436710,0,0,0,157293,157293
436738,0,3,3,229743,229743
436753,1,1,2,230839,230839
436758,0,2,2,244197,244197
436798,0,2,2,173600,173600
436806,1,1,2,221372,221372
436809,0,0,0,140252,140252
436836,0,1,1,233124,233124
436847,0,2,2,209571,209571
436855,0,2,2,204905,204905
436889,0,3,3,240577,240577
436896,0,1,1,192811,192811
436902,0,1,1,191360,191360
436914,0,1,1,179065,179065
436916,0,0,0,128407,128407
436920,0,1,1,236823,236823
436941,0,1,1,66068,66068
436948,0,1,1,215169,215169
436995,0,0,0,219984,219984
436998,0,0,0,111376,111376
437035,0,0,0,124611,124611
437045,1,4,5,162036,162036
437050,0,1,1,78785,78785
437086,0,1,1,247666,247666
437087,0,1,1,227912,227912
437098,0,6,6,147504,147504
437113,1,2,3,149055,149055
437121,0,5,5,149352,149352
437138,0,0,0,188333,188333
437149,0,2,2,62771,62771
437151,0,3,3,235834,235834
437156,0,0,0,163408,163408
437160,0,9,9,170024,170024
437204,0,0,0,245847,245847
437266,0,3,3,137797,137797
437268,0,3,3,236933,236933
437299,0,3,3,191261,191261
437338,0,4,4,147201,147201
437344,0,0,0,238316,238316
437355,0,1,1,196097,196097
437358,0,2,2,233028,233028
437386,0,0,0,149449,149449
437416,1,3,4,164867,164867
437422,0,3,3,121368,121368
437445,0,8,8,236254,236254
437449,0,4,4,203671,203671
437467,0,0,0,160600,160600
437516,0,0,0,180668,180668
437529,1,1,2,183037,183037
437536,0,1,1,160113,160113
437539,0,1,1,185248,185248
437563,0,5,5,153836,153836
437601,0,0,0,220055,220055
437607,0,0,0,167446,167446
437613,0,1,1,151434,151434
437618,0,0,0,156954,156954
437649,0,0,0,138144,138144
437666,1,2,3,213344,213344
437699,0,0,0,205818,205818
437710,0,16,16,241948,241948
437713,0,1,1,240199,240199
437731,0,1,1,231914,231914
437733,0,2,2,234076,234076
437747,0,4,4,216080,216080
437753,0,2,2,241550,241550
437786,0,1,1,10874,10874
437792,0,3,3,237441,237441
437798,0,3,3,229932,229932
437805,0,7,7,170607,170607
437809,0,6,6,136084,136084
437812,0,2,2,176850,176850
437813,0,2,2,233249,233249
437849,0,0,0,187529,187529
437851,0,1,1,195527,195527
437904,0,1,1,150956,150956
437910,0,1,1,69298,69298
437914,0,2,2,236744,236744
437917,0,5,5,234867,234867
437919,0,0,0,213275,213275
437923,0,1,1,50218,50218
437942,0,0,0,234343,234343
437952,0,0,0,137374,137374
437993,1,1,2,154175,154175
438018,0,0,0,211859,211859
438029,0,0,0,174661,174661
438066,0,2,2,223938,223938
438087,0,3,3,255308,255308
438089,0,0,0,190113,190113
438091,0,0,0,226769,226769
438096,0,1,1,155233,155233
438119,0,3,3,105252,105252
438136,0,3,3,251396,251396
438145,0,0,0,160766,160766
438160,0,2,2,55729,55729
438166,0,1,1,242645,242645
438225,0,2,2,145869,145869
438297,0,0,0,212743,212743
438308,0,1,1,254041,254041
438322,0,0,0,197986,197986
438325,0,2,2,251255,251255
438348,0,4,4,243186,243186
438350,0,1,1,246547,246547
438363,1,11,12,147843,147843
438370,0,0,0,200690,200690
438379,0,5,5,241529,241529
438382,0,0,0,149948,149948
438386,0,4,4,73894,73894
438416,0,1,1,169259,169259
438421,0,1,1,191329,191329
438476,0,2,2,141331,141331
438516,0,0,0,212751,212751
438519,0,4,4,205124,205124
438520,0,3,3,236795,236795
438533,0,0,0,232925,232925
438536,0,1,1,222681,222681
438557,0,4,4,197392,197392
438566,0,0,0,257098,257098
438613,0,1,1,223203,223203
438652,0,2,2,242072,242072
438695,0,4,4,169446,169446
438699,0,4,4,147368,147368
438712,0,1,1,210069,210069
438723,0,0,0,231859,231859
438728,0,3,3,239367,239367
438765,0,1,1,199491,199491
438769,0,0,0,256026,256026
438770,0,1,1,170425,170425
438799,0,1,1,203397,203397
438800,0,1,1,150386,150386
438806,0,1,1,131950,131950
438815,0,4,4,205143,205143
438817,0,0,0,137779,137779
438833,0,2,2,237808,237808
438871,0,5,5,202977,202977
438888,0,3,3,159599,159599
438896,0,1,1,66186,66186
438928,0,2,2,221187,221187
438952,0,0,0,195672,195672
438979,0,2,2,247903,247903
438992,0,0,0,159347,159347
439009,0,0,0,174819,174819
439016,0,3,3,151542,151542
439034,1,0,1,245319,245319
439037,0,1,1,164803,164803
439074,0,4,4,226691,226691
439147,0,1,1,240818,240818
439153,0,0,0,221266,221266
439178,0,0,0,141430,141430
439205,0,1,1,186910,186910
439249,0,1,1,180001,180001
439263,0,2,2,134336,134336
439274,0,2,2,209941,209941
439301,0,2,2,148979,148979
439305,0,2,2,206448,206448
439322,0,1,1,234203,234203
439335,0,0,0,178516,178516
439342,0,2,2,247345,247345
439409,0,1,1,241172,241172
439410,0,1,1,237301,237301
439427,0,1,1,193156,193156
439445,0,1,1,248530,248530
439470,0,5,5,219171,219171
439471,0,0,0,229163,229163
439563,0,1,1,166256,166256
439591,1,1,2,143917,143917
439600,0,6,6,248461,248461
439606,0,0,0,235651,235651
439634,0,1,1,240725,240725
439659,0,2,2,151279,151279
439696,0,4,4,203035,203035
439697,0,0,0,161577,161577
439704,0,11,11,192695,192695
439710,0,0,0,223237,223237
439740,0,1,1,226203,226203
439760,0,0,0,155791,155791
439775,0,1,1,125296,125296
439787,0,0,0,236200,236200
439795,0,1,1,172864,172864
439818,0,0,0,185365,185365
439848,0,0,0,188491,188491
439859,0,0,0,174383,174383
439861,0,1,1,131038,131038
439929,0,0,0,109419,109419
439950,0,4,4,225617,225617
439953,0,5,5,215662,215662
439966,0,1,1,191397,191397
439974,0,0,0,244800,244800
439975,0,0,0,188437,188437
440006,0,3,3,160973,160973
440029,0,1,1,211618,211618
440034,0,0,0,194268,194268
440094,0,0,0,154435,154435
440097,0,0,0,223799,223799
440100,0,3,3,233924,233924
440105,0,1,1,221177,221177
440109,0,0,0,218991,218991
440118,0,2,2,204817,204817
440135,1,1,2,235272,235272
440162,0,3,3,203546,203546
440191,0,3,3,184364,184364
440209,0,1,1,244988,244988
440225,0,0,0,250811,250811
440245,0,3,3,137814,137814
440273,0,2,2,244335,244335
440300,0,0,0,216768,216768
440304,0,4,4,219632,219632
440334,0,2,2,224863,224863
440337,0,2,2,229111,229111
440338,0,0,0,232232,232232
440349,0,2,2,168589,168589
440378,0,1,1,68571,68571
440390,0,1,1,204482,204482
440391,0,0,0,160535,160535
440401,0,0,0,199944,199944
440421,0,6,6,213088,213088
440430,0,1,1,66104,66104
440449,1,4,5,196580,196580
440454,0,0,0,160166,160166
440467,0,4,4,244008,244008
440468,0,2,2,218417,218417
440486,0,5,5,251074,251074
440510,0,0,0,214260,214260
440550,0,0,0,251764,251764
440554,0,7,7,60261,60261
440565,0,4,4,237806,237806
440567,0,0,0,216976,216976
440568,0,0,0,142561,142561
440588,0,1,1,191345,191345
440731,0,0,0,203353,203353
440748,0,0,0,221957,221957
440798,0,0,0,192494,192494
440805,0,1,1,228608,228608
440835,0,1,1,250849,250849
440840,0,1,1,208675,208675
440848,0,1,1,186251,186251
440850,0,1,1,215067,215067
440858,0,0,0,169516,169516
440868,0,1,1,169442,169442
440872,0,2,2,254017,254017
440877,0,1,1,223366,223366
440933,0,3,3,232575,232575
440950,0,0,0,240010,240010
440984,0,2,2,231419,231419
441025,0,0,0,241970,241970
441035,0,3,3,136950,136950
441040,0,5,5,135542,135542
441057,0,1,1,182282,182282
441066,0,0,0,211544,211544
441094,0,4,4,151197,151197
441125,0,1,1,216383,216383
441129,0,0,0,224907,224907
441151,0,1,1,206223,206223
441178,1,6,7,237359,237359
441212,0,0,0,172532,172532
441223,0,1,1,238121,238121
441262,0,3,3,247095,247095
441282,0,0,0,251747,251747
441287,0,3,3,193628,193628
441289,0,1,1,237232,237232
441292,0,0,0,183887,183887
441306,0,3,3,192506,192506
441309,0,1,1,111218,111218
441324,0,3,3,214608,214608
441336,0,2,2,162297,162297
441356,0,5,5,206086,206086
441379,0,3,3,151792,151792
441447,0,0,0,239378,239378
441453,0,0,0,209279,209279
441455,0,0,0,178411,178411
441461,0,1,1,150029,150029
441464,0,1,1,236887,236887
441466,0,1,1,247991,247991
441476,0,2,2,192145,192145
441495,0,1,1,247082,247082
441498,0,2,2,212984,212984
441504,0,0,0,258311,258311
441519,1,1,2,154706,154706
441529,0,1,1,237999,237999
441534,0,1,1,242637,242637
441565,0,0,0,156182,156182
441574,0,3,3,254239,254239
441577,0,1,1,242191,242191
441595,0,0,0,133788,133788
441603,0,2,2,229007,229007
441622,0,0,0,190740,190740
441706,0,0,0,160649,160649
441715,0,1,1,196215,196215
441740,0,1,1,158548,158548
441746,0,4,4,82590,82590
441769,0,4,4,226588,226588
441826,0,4,4,210456,210456
441827,0,3,3,134337,134337
441843,0,0,0,144674,144674
441869,0,0,0,179868,179868
441892,1,7,8,212622,212622
441921,0,1,1,167320,167320
441934,0,1,1,222900,222900
441944,0,1,1,201089,201089
441981,0,2,2,136788,136788
442006,0,0,0,241070,241070
442007,0,1,1,225340,225340
442024,0,0,0,212002,212002
442039,0,0,0,241885,241885
442042,0,0,0,176163,176163
442054,0,2,2,218374,218374
442069,0,1,1,208042,208042
442071,0,1,1,1034,1034
442072,0,1,1,199209,199209
442094,1,1,2,215483,215483
442100,0,1,1,190001,190001
442179,0,0,0,211957,211957
442188,0,4,4,227074,227074
442194,0,0,0,216380,216380
442197,0,0,0,29807,29807
442226,0,3,3,211748,211748
442230,0,1,1,66069,66069
442260,0,0,0,190542,190542
442297,0,1,1,191598,191598
442304,0,0,0,230284,230284
442305,0,1,1,244642,244642
442318,0,5,5,249378,249378
442351,0,0,0,162040,162040
442352,0,8,8,164454,164454
442366,0,2,2,250270,250270
442389,0,0,0,214029,214029
442400,1,3,4,214628,214628
442404,0,1,1,204236,204236
442461,1,2,3,223730,223730
442462,1,1,2,223730,223730
442493,0,3,3,213788,213788
442503,0,0,0,231644,231644
442545,0,0,0,172485,172485
442551,0,2,2,217098,217098
442637,0,2,2,205783,205783
442651,0,9,9,206291,206291
442666,0,5,5,247218,247218
442676,0,1,1,183402,183402
442678,0,0,0,205823,205823
442714,0,3,3,152453,152453
442735,0,15,15,204088,204088
442739,1,1,2,239878,239878
442741,0,2,2,206991,206991
442745,0,1,1,140363,140363
442747,0,0,0,194828,194828
442791,0,2,2,169939,169939
442798,0,1,1,158502,158502
442813,0,2,2,237105,237105
442826,0,1,1,247924,247924
442873,0,1,1,135498,135498
442906,0,3,3,195789,195789
442909,0,3,3,138167,138167
442917,0,6,6,142091,142091
442948,0,0,0,248565,248565
442977,0,1,1,222922,222922
442999,0,0,0,97162,97162
443029,0,9,9,203557,203557
443036,0,2,2,140879,140879
443040,0,1,1,113337,113337
443042,0,0,0,145032,145032
443068,0,2,2,232758,232758
443072,0,2,2,227469,227469
443087,0,3,3,97853,97853
443112,0,2,2,142375,142375
443174,0,1,1,221842,221842
443182,0,2,2,217856,217856
443183,0,1,1,210562,210562
443197,1,1,2,231866,231866
443217,0,1,1,206666,206666
443232,0,2,2,243021,243021
443255,0,1,1,188767,188767
443274,0,0,0,220361,220361
443302,0,0,0,147644,147644
443352,0,1,1,254389,254389
443361,0,3,3,237029,237029
443377,0,4,4,148986,148986
443387,0,0,0,239584,239584
443410,0,2,2,188648,188648
443429,0,4,4,218509,218509
443442,0,0,0,177234,177234
443450,0,0,0,62427,62427
443461,0,0,0,212038,212038
443467,0,1,1,249531,249531
443509,0,2,2,194261,194261
443527,0,0,0,159693,159693
443538,0,1,1,135266,135266
443582,0,0,0,188672,188672
443594,0,1,1,68164,68164
443604,0,1,1,251960,251960
443606,0,1,1,155485,155485
443649,0,2,2,141459,141459
443729,0,1,1,240121,240121
443760,0,1,1,231814,231814
443762,0,3,3,244618,244618
443770,0,0,0,250865,250865
443790,0,0,0,259001,259001
443798,0,0,0,176786,176786
443807,0,1,1,232591,232591
443808,0,1,1,203291,203291
443809,0,1,1,195574,195574
443822,0,2,2,164072,164072
443852,0,2,2,202366,202366
443861,0,1,1,142806,142806
443897,0,2,2,200355,200355
443905,0,1,1,239936,239936
443906,0,6,6,193335,193335
443915,0,1,1,164472,164472
443931,0,2,2,190613,190613
443956,0,0,0,236328,236328
443969,0,0,0,226494,226494
443980,0,1,1,157885,157885
443983,0,5,5,35530,35530
444060,0,2,2,150336,150336
444073,0,0,0,192912,192912
444117,0,1,1,87690,87690
444127,0,1,1,220911,220911
444142,0,3,3,89228,89228
444187,0,0,0,241320,241320
444193,0,1,1,222247,222247
444216,0,1,1,243323,243323
444217,0,0,0,176924,176924
444224,0,0,0,213832,213832
444263,1,4,5,230429,230429
444282,0,5,5,216522,216522
444294,0,1,1,223007,223007
444334,0,0,0,244055,244055
444345,0,0,0,189587,189587
444368,0,0,0,172637,172637
444369,0,1,1,84137,84137
444373,0,11,11,224055,224055
444391,0,4,4,179001,179001
444396,0,1,1,66462,66462
444397,0,1,1,183137,183137
444405,0,22,22,179776,179776
444408,0,1,1,240137,240137
444425,0,4,4,183487,183487
444453,0,2,2,203735,203735
444454,0,2,2,104975,104975
444478,0,0,0,101156,101156
444491,0,7,7,206025,206025
444498,0,1,1,217049,217049
444499,0,2,2,221165,221165
444500,0,1,1,209840,209840
444512,0,1,1,146277,146277
444535,0,0,0,213116,213116
444538,0,3,3,157338,157338
444564,0,0,0,135979,135979
444567,0,1,1,73866,73866
444588,0,2,2,176733,176733
444608,0,0,0,218807,218807
444803,0,2,2,232084,232084
444809,1,7,8,251687,251687
444840,1,7,8,240888,240888
444856,0,1,1,107147,107147
444882,0,1,1,146314,146314
444888,0,1,1,133675,133675
444918,0,1,1,222295,222295
444921,0,1,1,163186,163186
444950,0,1,1,175215,175215
444983,0,1,1,245865,245865
444992,0,0,0,205905,205905
444996,1,9,10,144672,144672
445006,0,1,1,235987,235987
445008,0,0,0,157810,157810
445053,0,4,4,196474,196474
445069,0,0,0,243080,243080
445083,0,3,3,81049,81049
445087,0,1,1,183647,183647
445179,0,3,3,228794,228794
445183,0,1,1,162339,162339
445188,0,2,2,132966,132966
445189,0,1,1,63481,63481
445226,0,0,0,128091,128091
445232,0,1,1,188898,188898
445241,0,1,1,208399,208399
445266,0,1,1,231461,231461
445316,0,0,0,127706,127706
445338,0,0,0,234830,234830
445355,0,0,0,254047,254047
445361,0,1,1,207122,207122
445421,0,2,2,134292,134292
445427,0,1,1,71482,71482
445452,0,0,0,246255,246255
445474,0,14,14,226284,226284
445491,0,1,1,236983,236983
445492,0,1,1,235187,235187
445495,0,1,1,181741,181741
445525,0,1,1,199590,199590
445541,0,1,1,193946,193946
445543,0,2,2,205335,205335
445588,0,4,4,196898,196898
445621,0,0,0,171625,171625
445655,0,3,3,144066,144066
445659,0,0,0,170284,170284
445661,0,0,0,171715,171715
445708,0,1,1,227814,227814
445734,0,0,0,18099,18099
445808,0,1,1,216192,216192
445837,0,0,0,142907,142907
445852,0,0,0,204726,204726
445858,0,1,1,201148,201148
445861,0,2,2,194435,194435
445875,0,2,2,214460,214460
445878,0,2,2,216710,216710
445886,0,0,0,186425,186425
445895,0,0,0,249321,249321
445899,0,0,0,7771,7771
445937,0,2,2,188561,188561
445971,0,3,3,153960,153960
445977,0,1,1,239870,239870
446081,0,0,0,192441,192441
446105,0,1,1,144239,144239
446113,0,1,1,162694,162694
446125,0,1,1,167285,167285
446158,0,2,2,233092,233092
446179,0,2,2,236376,236376
446197,0,0,0,134583,134583
446208,0,1,1,226608,226608
446213,0,0,0,250776,250776
446219,0,4,4,196817,196817
446221,0,0,0,232659,232659
446240,0,0,0,69237,69237
446261,0,2,2,218524,218524
446268,0,1,1,161803,161803
446299,0,0,0,188547,188547
446313,0,0,0,159537,159537
446328,0,9,9,5747,5747
446396,1,5,6,216114,216114
446424,0,1,1,242113,242113
446428,0,1,1,236851,236851
446434,0,1,1,227704,227704
446453,0,1,1,155974,155974
446457,0,0,0,177656,177656
446493,0,0,0,158507,158507
446553,0,1,1,134444,134444
446574,0,2,2,237980,237980
446597,0,2,2,142595,142595
446606,0,1,1,248605,248605
446623,0,0,0,103555,103555
446629,0,1,1,210491,210491
446636,0,1,1,172507,172507
446672,0,0,0,214178,214178
446746,1,2,3,223021,223021
446759,0,0,0,81676,81676
446796,0,0,0,241230,241230
446798,0,3,3,141803,141803
446853,0,0,0,249537,249537
446869,0,2,2,257264,257264
446888,0,3,3,243032,243032
446927,0,1,1,221799,221799
446953,0,0,0,176396,176396
446962,0,1,1,73069,73069
446963,0,4,4,234467,234467
446995,0,7,7,208212,208212
446998,0,0,0,174157,174157
447008,0,1,1,66015,66015
447036,0,3,3,69831,69831
447044,0,0,0,232813,232813
447060,0,0,0,196224,196224
447063,0,2,2,193237,193237
447074,0,0,0,228708,228708
447101,0,2,2,237938,237938
447118,0,1,1,136563,136563
447123,0,0,0,189959,189959
447143,0,2,2,151222,151222
447173,0,4,4,154402,154402
447192,0,0,0,235290,235290
447217,0,1,1,160444,160444
447223,0,0,0,103205,103205
447244,0,1,1,230661,230661
447292,0,2,2,146498,146498
447300,0,1,1,173711,173711
447302,0,1,1,178936,178936
447305,0,0,0,149489,149489
447310,0,0,0,159193,159193
447317,0,0,0,259136,259136
447367,0,0,0,236766,236766
447385,0,0,0,129228,129228
447398,0,0,0,62345,62345
447409,0,2,2,226164,226164
447438,0,5,5,222453,222453
447512,0,1,1,180976,180976
447580,0,1,1,67380,67380
447588,0,2,2,132299,132299
447593,0,2,2,185681,185681
447624,0,2,2,247665,247665
447633,0,0,0,46913,46913
447634,0,0,0,237906,237906
447649,0,0,0,259112,259112
447688,0,3,3,136398,136398
447695,0,5,5,145915,145915
447744,0,1,1,238669,238669
447777,0,0,0,232434,232434
447778,0,3,3,71192,71192
447822,0,0,0,150291,150291
447842,0,2,2,245248,245248
447852,0,2,2,59722,59722
447887,0,2,2,134087,134087
447934,0,3,3,165527,165527
447949,0,2,2,155246,155246
447952,0,3,3,238156,238156
447957,0,1,1,226301,226301
447972,0,1,1,164361,164361
447986,0,1,1,243097,243097
448010,0,1,1,205997,205997
448020,0,1,1,164847,164847
448030,0,2,2,187348,187348
448052,0,4,4,187943,187943
448055,0,0,0,144020,144020
448072,0,2,2,194777,194777
448086,0,1,1,135037,135037
448114,0,0,0,230609,230609
448155,0,3,3,74543,74543
448170,0,1,1,156094,156094
448181,0,0,0,87970,87970
448187,0,2,2,237323,237323
448209,0,1,1,248473,248473
448255,0,4,4,202549,202549
448270,0,0,0,167734,167734
448317,0,2,2,144008,144008
448321,0,0,0,207735,207735
448349,0,6,6,224352,224352
448352,0,3,3,250966,250966
448367,0,10,10,143969,143969
448381,0,1,1,160995,160995
448384,0,1,1,252832,252832
448385,0,1,1,185199,185199
448427,0,4,4,133257,133257
448476,0,1,1,232708,232708
448480,0,4,4,246223,246223
448511,0,0,0,182889,182889
448515,0,2,2,234913,234913
448518,0,1,1,143768,143768
448536,0,4,4,238212,238212
448546,0,0,0,219056,219056
448592,0,9,9,146099,146099
448607,0,0,0,203496,203496
448653,0,2,2,218109,218109
448657,0,8,8,193184,193184
448663,0,7,7,148552,148552
448672,0,2,2,235338,235338
448684,0,1,1,239913,239913
448701,0,1,1,202286,202286
448704,0,3,3,244174,244174
448734,0,1,1,198572,198572
448742,0,0,0,214246,214246
448746,0,1,1,109741,109741
448751,0,0,0,188350,188350
448761,0,0,0,254142,254142
448817,0,3,3,140516,140516
448821,0,8,8,255433,255433
448833,0,1,1,81422,81422
448867,0,1,1,147980,147980
448877,0,2,2,244727,244727
448891,0,3,3,194768,194768
448921,0,1,1,245420,245420
448948,0,3,3,135501,135501
448951,0,1,1,232301,232301
448969,0,2,2,222346,222346
448973,0,1,1,229253,229253
448976,0,5,5,247712,247712
448989,0,0,0,180438,180438
449066,0,0,0,150357,150357
449070,0,3,3,137347,137347
449083,0,3,3,198291,198291
449092,0,1,1,225829,225829
449117,0,2,2,194216,194216
449118,0,0,0,209870,209870
449123,0,0,0,257549,257549
449135,0,0,0,227751,227751
449141,0,0,0,250004,250004
449305,0,1,1,238703,238703
449315,0,2,2,75126,75126
449316,0,2,2,203901,203901
449329,0,0,0,11304,11304
449335,0,2,2,196900,196900
449337,0,3,3,213781,213781
449391,0,1,1,192935,192935
449397,0,3,3,173467,173467
449409,0,1,1,205201,205201
449417,0,2,2,78901,78901
449456,0,6,6,142793,142793
449505,0,2,2,196152,196152
449554,0,1,1,66853,66853
449571,0,0,0,235929,235929
449579,0,7,7,216336,216336
449584,0,1,1,249918,249918
449612,0,1,1,218909,218909
449637,0,8,8,250209,250209
449638,0,2,2,148580,148580
449661,0,0,0,250454,250454
449670,0,3,3,149457,149457
449674,0,0,0,231497,231497
449690,0,3,3,246406,246406
449694,0,1,1,181740,181740
449712,0,1,1,206402,206402
449721,0,1,1,137976,137976
449725,0,1,1,164485,164485
449729,0,0,0,143843,143843
449759,0,1,1,99354,99354
449771,0,0,0,195215,195215
449784,0,0,0,157267,157267
449826,0,1,1,200638,200638
449831,0,1,1,193735,193735
449834,0,1,1,161614,161614
449843,0,0,0,238904,238904
449860,0,1,1,199232,199232
449875,0,0,0,143673,143673
449878,0,2,2,191364,191364
449880,0,3,3,218831,218831
449889,0,0,0,177592,177592
449910,0,0,0,178081,178081
449918,0,0,0,238666,238666
449962,0,5,5,196288,196288
450027,0,1,1,122371,122371
450036,0,1,1,137968,137968
450050,0,2,2,158672,158672
450063,0,4,4,240992,240992
450122,0,1,1,248884,248884
450131,0,0,0,236445,236445
450132,0,2,2,136170,136170
450159,0,2,2,251211,251211
450175,1,1,2,174394,174394
450176,1,1,2,170990,170990
450199,0,0,0,199709,199709
450229,0,5,5,235898,235898
450245,0,5,5,234886,234886
450250,0,3,3,250109,250109
450289,0,1,1,164831,164831
450292,0,2,2,146628,146628
450295,0,1,1,66329,66329
450306,0,1,1,246254,246254
450311,0,0,0,204245,204245
450329,0,1,1,173975,173975
450387,0,1,1,173504,173504
450388,0,0,0,252756,252756
450431,0,0,0,251326,251326
450482,0,2,2,178374,178374
450483,0,1,1,253707,253707
450523,0,1,1,194152,194152
450528,0,1,1,202193,202193
450536,0,1,1,234697,234697
450545,0,0,0,175955,175955
450600,0,0,0,221136,221136
450624,0,1,1,235411,235411
450648,0,5,5,197136,197136
450656,0,2,2,134818,134818
450661,0,2,2,234356,234356
450715,0,4,4,190691,190691
450717,0,1,1,154135,154135
450718,0,0,0,125039,125039
450730,0,0,0,174716,174716
450765,0,0,0,121065,121065
450774,0,7,7,54937,54937
450803,0,1,1,254598,254598
450805,0,1,1,211687,211687
450831,0,5,5,239168,239168
450845,0,1,1,157409,157409
450856,0,1,1,242789,242789
450865,0,0,0,149096,149096
450917,0,4,4,109105,109105
450936,0,1,1,156537,156537
450950,1,1,2,223084,223084
450951,1,1,2,222385,222385
450961,0,3,3,239589,239589
450966,0,3,3,161530,161530
450969,0,0,0,255508,255508
451012,0,1,1,71007,71007
451028,0,0,0,162479,162479
451042,0,8,8,193467,193467
451081,0,0,0,205372,205372
451094,0,3,3,228020,228020
451125,0,0,0,233413,233413
451137,0,0,0,213284,213284
451162,0,1,1,133161,133161
451221,0,1,1,130374,130374
451224,0,1,1,143144,143144
451266,0,2,2,247611,247611
451267,0,1,1,76125,76125
451276,0,0,0,181008,181008
451282,0,1,1,234381,234381
451292,0,1,1,223427,223427
451309,0,2,2,145463,145463
451313,0,2,2,142005,142005
451321,0,2,2,227421,227421
451333,0,0,0,226499,226499
451337,0,1,1,259132,259132
451348,0,1,1,66092,66092
451377,0,3,3,217630,217630
451436,0,3,3,237120,237120
451474,0,10,10,240003,240003
451519,0,1,1,246597,246597
451520,0,1,1,205560,205560
451523,0,2,2,189542,189542
451530,0,5,5,144046,144046
451574,0,9,9,247582,247582
451585,0,2,2,242240,242240
451597,0,0,0,204975,204975
451611,0,2,2,189905,189905
451616,0,0,0,203803,203803
451621,0,0,0,187484,187484
451675,0,4,4,206337,206337
451685,0,1,1,176131,176131
451690,0,5,5,193088,193088
451768,0,1,1,25871,25871
451818,0,3,3,213304,213304
451843,0,0,0,228557,228557
451850,0,0,0,183266,183266
451858,0,5,5,145479,145479
451873,0,9,9,239099,239099
451905,0,1,1,201298,201298
451909,0,4,4,232734,232734
451911,0,3,3,221068,221068
451960,0,0,0,192870,192870
451979,0,1,1,210357,210357
451988,0,1,1,241665,241665
451999,0,4,4,150399,150399
452043,0,3,3,196863,196863
452047,0,0,0,173765,173765
452061,0,0,0,208611,208611
452110,0,0,0,237996,237996
452118,0,1,1,232198,232198
452120,0,5,5,248131,248131
452155,0,0,0,236884,236884
452176,0,0,0,252403,252403
452177,0,3,3,100755,100755
452221,0,3,3,154546,154546
452257,0,2,2,138838,138838
452284,0,0,0,169290,169290
452298,0,4,4,179573,179573
452307,0,4,4,222536,222536
452310,0,0,0,249091,249091
452313,0,1,1,243272,243272
452377,0,0,0,253229,253229
452408,0,0,0,187400,187400
452423,0,0,0,76590,76590
452426,0,1,1,235592,235592
452428,0,0,0,211855,211855
452430,0,0,0,189708,189708
452438,0,3,3,71869,71869
452441,0,1,1,95674,95674
452453,0,7,7,227107,227107
452459,0,1,1,149002,149002
452510,0,0,0,163121,163121
452524,0,1,1,144289,144289
452530,0,2,2,246483,246483
452531,0,5,5,181368,181368
452535,0,0,0,207827,207827
452540,0,0,0,157650,157650
452555,0,3,3,138921,138921
452578,0,0,0,155969,155969
452642,0,0,0,250176,250176
452643,0,0,0,183978,183978
452649,0,0,0,172732,172732
452671,0,1,1,51436,51436
452693,0,0,0,229035,229035
452701,0,4,4,134118,134118
452702,0,1,1,149218,149218
452704,0,2,2,227031,227031
452709,0,0,0,146992,146992
452713,0,1,1,232995,232995
452728,0,6,6,247811,247811
452738,0,5,5,155247,155247
452739,0,6,6,193894,193894
452792,0,3,3,244169,244169
452823,0,1,1,189917,189917
452834,0,2,2,250890,250890
452835,0,1,1,138826,138826
452848,0,2,2,216215,216215
452871,0,0,0,189441,189441
452885,0,1,1,167940,167940
452887,0,2,2,231420,231420
452892,0,10,10,133914,133914
452896,0,3,3,226763,226763
452948,0,0,0,257501,257501
453007,0,1,1,75892,75892
453034,0,0,0,162466,162466
453040,0,0,0,245701,245701
453049,0,0,0,250394,250394
453059,0,0,0,186079,186079
453061,0,1,1,236860,236860
453099,0,0,0,233167,233167
453115,0,0,0,147774,147774
453157,0,2,2,227875,227875
453214,0,1,1,222194,222194
453301,0,0,0,154038,154038
453348,0,0,0,92727,92727
453358,0,0,0,186167,186167
453378,0,3,3,153178,153178
453392,0,0,0,246420,246420
453404,0,2,2,233174,233174
453428,0,2,2,122356,122356
453491,0,2,2,256800,256800
453518,0,0,0,219359,219359
453520,0,1,1,218562,218562
453528,0,0,0,214297,214297
453534,0,2,2,163865,163865
453535,0,0,0,132198,132198
453556,0,5,5,134227,134227
453599,0,0,0,69252,69252
453666,0,4,4,208184,208184
453694,0,0,0,144252,144252
453699,0,2,2,163199,163199
453732,0,3,3,245245,245245
453736,0,8,8,174048,174048
453739,0,0,0,207667,207667
453751,0,1,1,228604,228604
453756,0,1,1,194015,194015
453773,0,2,2,153614,153614
453783,0,5,5,233498,233498
453801,0,1,1,53572,53572
453815,0,0,0,199967,199967
453820,0,0,0,149910,149910
453833,0,0,0,97812,97812
453835,0,0,0,237959,237959
453842,0,0,0,227182,227182
453850,0,2,2,408,408
453868,0,0,0,229407,229407
453890,0,1,1,158810,158810
453927,0,2,2,251578,251578
453949,0,0,0,174567,174567
453971,0,1,1,233124,233124
454027,0,0,0,250849,250849
454042,0,0,0,229835,229835
454045,0,2,2,239950,239950
454056,0,0,0,172183,172183
454062,0,1,1,229767,229767
454065,0,1,1,75825,75825
454066,0,1,1,206847,206847
454087,0,1,1,96410,96410
454092,0,12,12,244874,244874
454096,0,0,0,159488,159488
454111,0,0,0,231822,231822
454115,0,0,0,248192,248192
454129,0,2,2,191634,191634
454136,0,1,1,240338,240338
454152,0,1,1,249960,249960
454161,0,0,0,217085,217085
454190,0,2,2,209646,209646
454199,0,1,1,223102,223102
454204,0,0,0,244257,244257
454206,0,0,0,211414,211414
454214,0,0,0,239186,239186
454218,0,1,1,178264,178264
454220,0,1,1,249191,249191
454223,0,4,4,242622,242622
454246,0,1,1,213829,213829
454281,0,7,7,217266,217266
454335,0,16,16,238237,238237
454337,0,1,1,242724,242724
454365,0,10,10,155367,155367
454391,0,1,1,225336,225336
454394,0,2,2,244933,244933
454397,0,2,2,145286,145286
454404,0,2,2,162381,162381
454419,0,0,0,244713,244713
454434,0,0,0,232144,232144
454439,0,0,0,144358,144358
454440,0,2,2,237658,237658
454460,0,0,0,122311,122311
454477,0,1,1,212703,212703
454479,0,2,2,156262,156262
454518,0,4,4,194233,194233
454554,0,0,0,186782,186782
454563,0,2,2,238573,238573
454567,0,0,0,194735,194735
454584,0,0,0,228335,228335
454589,0,0,0,152576,152576
454608,0,0,0,186234,186234
454613,0,3,3,182861,182861
454626,0,1,1,135453,135453
454650,0,4,4,148874,148874
454663,0,1,1,89305,89305
454723,0,0,0,197078,197078
454734,0,0,0,69082,69082
454758,0,2,2,246545,246545
454760,0,0,0,223498,223498
454761,0,0,0,118310,118310
454773,0,0,0,160730,160730
454814,0,1,1,67741,67741
454845,0,1,1,177912,177912
454877,0,0,0,182096,182096
454899,0,1,1,202556,202556
454931,0,0,0,18086,18086
454953,0,0,0,23420,23420
454956,0,0,0,202856,202856
454961,0,2,2,148244,148244
454986,0,4,4,234223,234223
455007,0,1,1,168702,168702
455036,0,0,0,214229,214229
455039,0,3,3,68608,68608
455040,0,1,1,135407,135407
455104,0,0,0,240583,240583
455109,0,7,7,198547,198547
455122,0,2,2,124024,124024
455152,0,1,1,149555,149555
455168,0,1,1,155912,155912
455195,0,1,1,242906,242906
455218,0,0,0,256481,256481
455273,0,2,2,220298,220298
455286,0,0,0,217747,217747
455299,0,0,0,209232,209232
455330,0,1,1,141966,141966
455332,0,0,0,152080,152080
455335,0,2,2,222568,222568
455359,0,0,0,237462,237462
455361,0,2,2,158803,158803
455371,0,5,5,153405,153405
455413,0,2,2,166143,166143
455419,0,2,2,240632,240632
455429,0,0,0,219650,219650
455448,0,7,7,181842,181842
455458,0,4,4,179168,179168
455481,0,0,0,178231,178231
455483,0,0,0,189890,189890
455485,0,2,2,189584,189584
455489,0,0,0,188448,188448
455503,0,1,1,228471,228471
455508,0,5,5,257923,257923
455526,0,0,0,188470,188470
455528,0,0,0,198521,198521
455529,0,1,1,189524,189524
455545,0,0,0,194728,194728
455571,0,0,0,212471,212471
455573,0,1,1,198627,198627
455591,0,2,2,246951,246951
455592,0,0,0,226857,226857
455597,0,1,1,217287,217287
455600,0,0,0,213476,213476
455642,0,1,1,221520,221520
455657,0,1,1,225044,225044
455667,0,0,0,243008,243008
455671,0,4,4,255486,255486
455679,0,1,1,227521,227521
455696,0,1,1,233200,233200
455720,0,1,1,248244,248244
455738,0,1,1,241268,241268
455750,0,1,1,243342,243342
455766,0,2,2,241654,241654
