RE2_FROM,RE2_TO
223789,213163
184615,364376
364376,184615
325916,325915
325916,325915
205864,244881
300856,18038
203358,42514
149403,235556
196145,6695
424732,677
197061,197061
33833,50231
50231,33833
9229,3066
150805,8425
321340,321341
165978,2288
174754,2288
186184,70301
437786,226803
70301,186184
196130,47499
62086,45382
182039,74294
376344,376345
296120,296119
285914,228311
105363,105364
75467,75458
15508,21543
75467,75458
17172,85199
198298,294737
430150,265187
294547,241786
10381,162765
10381,162765
149268,295866
27381,50196
295866,149268
166682,48526
199693,121293
378115,137174
29343,21203
50512,192414
305865,152912
61142,218973
375960,375961
13790,8209
35170,121433
50962,47666
13808,92274
164745,14825
14825,164745
93314,39089
198128,7117
206392,129505
439,13808
92274,13808
95848,6704
378115,137174
6704,6674
6704,6674
376345,376344
32806,4129
11047,67260
1054,720
324955,324955
64413,153760
111821,38432
255320,176054
317866,3393
152500,677
122106,279929
28829,216
395476,220
223818,3549
223143,157500
373751,332060
122729,14721
375960,375961
11223,17871
80084,80077
118365,6790
178337,216
10179,9903
319542,253094
432624,677
242386,258313
396668,396669
447633,447398
266557,189779
396669,396668
189779,266557
76273,29756
447633,447398
260375,288408
288408,260375
270513,677
9288,9288
122939,677
114456,349
174346,174346
128623,40684
343201,100414
104541,42170
26072,37001
244043,26755
245202,19
77768,77778
37657,26486
37001,17145
122087,122102
181364,26486
2374,44543
89619,216
97293,70037
12751,89805
36810,77616
433378,433379
77616,36810
279207,330171
4394,158097
99707,38790
57721,764
93279,121466
158097,4394
140089,4974
433329,88
379097,677
271518,50434
422848,68686
84953,4974
129924,28390
414163,677
77864,22240
443450,443450
17183,347845
265367,3369
327844,67774
433476,211431
140422,43577
22502,26486
260997,279602
264646,187393
151045,2177
44524,40864
124110,16527
377839,8
279602,260997
17513,116002
152912,305865
132847,316003
261698,261212
261212,261698
20849,72135
72135,20849
16022,39423
1379,1551
101550,67384
282758,241066
36521,293801
125419,290304
230462,510
199845,117037
249143,26486
187094,220
318636,318635
6443,57654
23116,12641
165573,4730
217029,260344
135079,193932
25018,5021
280814,414939
411554,250519
81602,250519
329815,220
243282,68285
12641,23116
251497,96660
38327,3547
264285,147068
430142,3369
23214,110903
24658,179622
65032,12641
9951,164151
126458,36091
240896,677
81666,32641
141930,69529
105170,75908
117033,125436
131640,119769
119769,131640
7185,38602
98831,88512
98831,88512
230147,136724
40249,6940
184039,6940
86903,63931
56543,6434
86903,6940
8897,88
146284,88
250519,3369
236064,171763
175065,26092
292035,292033
243025,6940
66279,121801
38198,6940
432658,7690
42311,531
419047,4412
379028,317
78043,407
373751,332060
284917,50434
292033,292035
292035,292035
219490,3604
280783,6940
98100,201893
201893,98100
292035,292033
93481,1134
220557,23578
182007,4098
292033,292035
43055,43056
32641,81666
158955,404928
327431,67062
421605,385188
170844,43684
234582,214111
158955,404928
155554,677
118513,116633
268545,3369
207711,80101
233663,197322
277329,3369
145501,98100
7801,12159
128270,301843
119704,119705
306029,250519
197061,197061
197061,197061
197061,197061
197061,197061
207711,80101
28951,4936
216365,397128
12891,12810
5123,27484
202648,202648
27682,65644
119705,119704
28390,129924
114693,97446
446759,88
10273,158344
119705,119704
29012,9107
118513,118514
235712,3369
84225,10179
12879,10179
172389,109072
360504,112309
44308,10179
170661,75409
379840,3369
151159,15885
15911,1262
47321,192870
75409,170661
65644,220
18602,140383
41791,12824
26757,1999
137179,27682
98897,96291
178957,31271
64065,6493
285913,228311
285913,228311
6493,64065
67178,96291
96291,67178
276984,303589
303589,276984
5137,18018
106200,5137
262590,59266
144422,32733
35514,72976
42777,1854
48290,1854
17647,26620
391460,3369
158193,158163
93118,7462
453348,190355
267257,3369
132408,19426
1654,174138
117037,43704
380399,3369
197061,197061
279133,302990
106558,67695
50469,50465
379031,220
106558,67695
424641,220
204768,299898
279133,302990
5550,375074
9941,94874
189570,189568
158242,200718
55537,91843
356970,176004
168293,3369
163200,14190
29010,9107
137722,9107
141628,6648
141628,6648
68633,38602
67374,65904
141628,6648
141628,6648
6707,6714
6707,6687
2480,38654
174383,128723
384490,384489
87697,36889
6642,6663
15294,11311
126462,21979
23489,349
199845,9231
148228,9816
67382,13808
53575,121423
176481,115546
91439,26051
136897,10685
94713,185220
148228,148228
210399,349
244984,22137
31651,78718
81181,2174
22339,31653
184880,11876
355932,154580
183946,22339
94713,185220
10816,885
31651,78718
161839,161849
2753,21979
22137,244984
91335,124086
56303,82763
25631,53810
259390,220830
67382,67382
52015,79268
79268,52015
39410,22236
9704,67382
197552,209404
285913,284197
17185,12751
154480,80295
180932,153851
13808,67382
10140,248823
15277,4033
53930,73709
22445,23769
22445,23769
220830,259390
356784,43
212163,677
61705,82266
115074,9191
79611,64620
91242,88
91242,88
111570,88
111189,61125
76835,16220
48385,24070
141619,160038
59177,32534
89803,89802
28067,6929
8410,2243
128580,117319
108224,24033
115054,21979
299554,358243
177145,177149
93751,14577
64355,88
74354,35729
35729,74354
22392,4566
38602,68633
77956,219842
318387,183153
38602,68633
48535,4437
42866,53755
35729,74354
245376,38602
38602,245376
53755,42866
169697,32972
14133,14167
425599,677
324955,324955
324955,324955
174412,145294
119429,67382
151571,182249
22306,87552
183905,171337
294527,216
339274,65904
204307,38602
7695,11588
171136,82974
148228,2071
136778,97579
23866,183897
299189,273865
208100,21979
65317,28676
105731,12751
1609,11588
35837,89807
413692,317
95995,38602
39852,317
35837,89807
125279,317
70013,127360
384721,358243
129505,553
125279,317
125419,212237
74778,26092
221849,221848
12751,105731
166407,122875
127927,204475
380310,12751
139898,127927
196438,3369
433800,317
50796,37582
382933,220
81838,6929
16901,35729
31084,14611
45841,4378
100771,4378
296184,317
159380,7690
14611,31084
33919,4378
154577,6674
131327,162402
4346,114251
66279,145580
22236,174459
68970,20385
156668,22814
63874,24030
216623,13603
299869,26091
216623,13603
350380,26092
150469,150468
9254,6652
50802,381
401625,2166
47270,10247
72479,72087
437035,220
160844,20327
15508,2369
47655,4490
43597,1045
176481,115546
35376,30225
439775,3369
190936,53
281405,27484
155277,18575
29417,41118
329439,174808
11315,14844
11393,11315
279541,88
166686,220
38654,50044
207995,1852
332633,6929
231725,166686
321667,321668
77616,1483
161250,121008
199165,47494
153669,88
87993,189529
162134,370476
221226,221227
410024,413635
107647,2670
8122,16981
138746,54657
35401,8122
254806,13268
292113,307292
723,1103
117636,254581
94158,6232
63983,40190
6081,16981
135186,116576
190748,12751
190748,12751
268063,18575
424314,3369
12751,190748
49179,19604
97755,220
330509,38602
38048,38028
113142,64938
2881,2866
57654,104541
193475,255211
150890,150889
104541,57654
115949,2866
255211,193475
150890,150889
244425,180596
244425,263322
41476,38508
210229,3547
23960,17145
290362,343000
11506,206905
11856,1837
173401,173400
172274,159410
173401,173400
373751,332060
150889,150890
23642,3584
111162,48163
57654,104541
158744,88
299869,89698
37685,38804
104541,57654
358015,191855
3262,43
48556,135607
162789,317
48163,48163
234502,327252
155546,11711
229839,67382
357011,3369
19570,11711
274027,11711
17346,11711
23960,17145
1043,297
162402,131327
137405,11711
34838,11991
162402,131327
131327,162402
23642,3584
162402,131327
209311,403
21132,11711
299869,89698
25771,45566
147366,23423
162402,131327
263119,86172
401899,12665
194662,13603
19604,92274
3320,57031
36093,26072
106734,37976
156339,88
26502,201500
48681,167234
313883,313882
86172,263119
34605,349
90804,349
67382,9704
34678,120719
90804,677
405634,43742
34838,19870
357942,2177
120670,4665
44086,114027
3533,35722
105229,15016
150534,42189
35729,3533
162402,131327
162766,110497
35729,35722
15688,54657
97129,43742
169567,88
79185,69578
35722,16140
162402,131327
242588,844
421931,88
9391,385
64967,71
9217,51472
28261,111852
105473,27682
69578,79185
9391,385
79185,69578
91453,239318
445421,445421
421931,88
6329,18608
31966,105951
15687,14957
17991,23423
22221,3547
202696,162402
177667,279606
140117,88
43925,9025
163166,11711
232023,124257
77822,403
92274,15687
161056,26136
41136,52920
149327,88
14957,92274
89698,110497
42069,4177
235844,220
42069,4665
221526,220
212237,125419
40996,69595
165693,3547
88207,7811
51472,198128
22221,3547
92274,3547
117234,17192
52908,25006
443538,12665
124257,232023
42172,3547
196369,3549
32534,59177
216183,349
448948,677
75857,136599
366762,677
188664,5245
165693,3547
41685,3547
50217,88
104519,15169
171423,171422
15169,104519
26398,98204
404910,220
30105,11711
91170,26398
78160,200738
26398,91170
41679,57150
41685,3547
66378,5500
11991,98204
118544,385
152140,50052
3547,41685
38865,24025
295620,220
3359,477
352201,98204
238308,326002
299869,89698
91170,26398
8391,677
148228,2071
311291,7271
53517,32315
77616,18665
167234,48681
282805,282806
119333,169521
14907,89805
16978,162857
176951,19604
409441,12389
35376,35376
18665,77616
93379,21832
33269,5500
502,511
187924,22455
77616,18665
197899,87319
104536,6072
23422,16067
309994,309995
23422,103416
138614,19153
8291,15556
84112,153606
189189,25600
24832,1289
5843,17540
30478,511
81274,84328
437266,88
322874,220
19604,103451
450036,677
21133,81366
60957,1027
114647,48746
153606,84112
450036,677
211020,26510
189189,25600
75325,284978
81274,84328
152989,31926
406997,677
260304,103447
8855,9021
253090,149786
126272,178262
227257,374
165473,165473
8855,9021
286219,33461
247455,88
450036,677
177881,5792
76605,52920
103447,260304
70491,60739
46217,12281
289042,12281
149566,5626
148228,9816
81274,84328
9036,8855
287639,4378
162402,131327
187832,677
16578,75548
130029,6585
260304,103447
283041,17692
229885,15214
340736,2280
22512,148719
22512,148719
175570,308
345714,9800
164279,133530
86903,9021
3533,3353
59896,42008
28757,3002
55539,2333
283041,137329
79175,220
428626,19604
35376,9021
195528,91899
17939,66273
195528,91899
448817,220
248696,132394
18863,3604
211323,4730
75546,77844
448817,11921
206523,5274
132394,248696
339817,220
109647,92274
49831,26458
186282,19074
97881,97882
109647,341941
109647,341941
26458,49831
19074,186282
190748,12751
132394,84112
186674,107902
333565,220
90168,64993
443538,12665
19246,222395
49207,308
410192,308
143525,64119
274995,136142
210845,303623
13968,3353
138807,79247
203555,308
448817,308
278730,308
137329,143525
13968,3353
384232,88
9217,511
18506,511
86903,9036
36982,511
53964,13820
184106,3353
455330,77395
49138,511
8855,62712
79247,138807
179322,87770
43088,39889
14511,18638
10084,61860
228914,33651
294745,308
335798,333838
179322,87770
264400,6373
42069,64867
335798,333838
338231,88
58334,308
138328,257901
131327,191140
299869,89698
318694,220
141619,69970
8247,713
30153,511
141619,69970
193111,51071
231937,90168
448817,308
202694,3547
2301,713
53920,179828
132406,84112
254345,464
141619,69970
230491,203576
424314,12665
164151,168933
160069,12751
131340,131327
81674,2517
164151,42911
256757,93971
35376,252801
29597,308
35376,252801
260650,1250
293099,50361
242999,677
445837,4730
73394,11255
231725,166686
108668,511
99357,18696
449729,220
341300,88
252236,32445
132399,93502
445655,88
27399,27399
409764,308
59424,129208
214614,135547
331624,16460
187832,3008
184449,238612
50940,5155
23414,3008
27212,98204
302648,302647
215778,17538
448817,88
162684,144971
448817,88
162684,144971
97882,97881
48746,114647
171853,302648
302647,171853
443042,220
137329,15732
55537,91843
196300,88
454397,677
193111,86805
451309,5245
26509,253910
50938,26072
204658,26486
196393,1526
189574,172668
225633,41299
103313,158865
29467,7288
298234,323526
173398,3369
193111,86805
397030,263076
57136,14615
422195,88
41281,6924
3547,202694
355252,326932
3547,349171
195861,80864
70869,292281
27983,27723
59314,31740
102459,19913
27917,43914
236416,285474
359723,359723
33642,33648
84000,153824
423163,88
9099,18550
37162,63143
219792,427600
171457,171458
185616,465
61817,27917
185616,465
37162,79687
95306,31201
217514,28514
63143,37162
364175,16313
219287,266721
63143,262279
13937,562
75095,88
53285,33849
331966,331965
69883,14611
273610,6958
409555,88
53117,53116
200004,141035
83829,5226
102502,5226
242935,69883
35738,14570
165626,165626
14588,57105
27730,34278
3120,36829
63373,31541
54319,103114
24637,289883
211011,11711
158086,158075
135259,82000
53944,13820
20971,53285
116966,13821
86898,61883
63373,31541
44446,60035
277656,99796
20971,53285
269088,269085
142168,91642
316617,16460
125857,1988
21184,2480
269085,269088
183504,2071
393920,393919
380925,55955
697,505
83384,222869
128424,61136
340776,340777
72349,1665
71167,48096
318316,82049
48096,71167
63816,72349
39124,16528
263239,677
418589,27723
1665,63816
79185,13923
114314,121820
117190,49012
202382,77726
241562,188802
340545,133284
269085,269088
212221,208585
152329,7653
27723,418589
126892,19
82150,130183
52941,52908
279845,20971
433942,88
20971,279845
277656,99796
79156,79168
121586,5226
419141,11546
52908,52941
126272,113367
31709,20971
59424,98867
20971,31709
92599,29988
145237,677
79194,79156
116438,217514
225633,41299
12468,23713
63765,90990
10385,550
77555,9021
4381,6882
60035,44446
12468,23713
414313,3369
185397,364689
9398,12751
155513,3810
57769,219410
204768,299898
89381,89380
361904,3369
151450,105244
20971,279847
83384,222869
31084,99982
137329,165843
441379,220
69648,254710
4490,47655
79156,51385
166720,6660
241645,7690
183592,169560
376941,245223
177572,68285
228,233
31026,89199
58068,14615
79783,12281
189861,60739
144474,144476
245223,376941
104208,69902
376941,245223
20971,61524
144997,16856
14721,13820
168586,92243
83640,374
232010,232002
27723,550
91843,55537
127399,106316
87349,12281
159000,69476
115393,112185
298959,355641
20971,30831
50940,113779
12751,9398
304175,140180
97635,83921
76630,76637
140180,304175
285647,220
164338,164339
15741,1665
120339,185454
282910,12281
128927,114673
204768,299898
107383,12281
118147,60021
255706,3369
104770,91430
64833,44086
181756,45082
340343,61508
101304,101304
217719,220
347353,1988
8855,8604
32037,90830
51364,66371
263076,397030
44086,64833
5753,147396
14167,14173
69883,242935
6940,511
124546,1999
69883,242935
81181,81183
40245,8283
211600,1999
1902,308
25733,143844
140644,2565
149046,91430
102956,101952
113779,50940
75121,15799
245297,227211
9792,54275
215662,348898
228000,1999
61508,62232
211011,51205
438096,3369
35383,15483
5537,94713
22446,349
18065,1988
37384,25180
94713,5537
288300,200085
82658,349
217514,198337
172966,349
416019,416017
322141,26486
140644,2565
216048,144478
448817,11921
287480,3369
21267,30091
12751,6940
36158,36157
51071,35731
2563,2569
428368,11792
112617,30831
140081,198896
177117,177120
114377,349
400292,46715
79185,70276
247011,3979
228184,228183
228183,228184
228182,228183
279690,227447
89377,89380
151707,104500
62618,1665
147524,91430
53822,91430
172469,1999
279690,227447
288343,74224
214444,213089
62618,1665
279690,227447
195552,3369
177881,132586
29131,46715
26944,15954
177881,132586
44682,8296
62733,20971
177881,132586
32037,90830
8374,10691
177881,132586
177376,60465
12281,158326
177881,132586
57982,238716
52940,349
8374,42182
105562,60465
184334,1999
409720,43742
308479,59612
177517,8296
43867,46535
1593,120908
246415,120908
242935,69883
45755,12281
336883,120908
177376,60465
40474,32948
68308,68308
303623,210845
101238,37162
96536,12281
433986,677
62733,20971
64327,34971
151609,18511
214161,90039
82322,119326
60465,298306
364474,364474
253243,88
425002,220
282620,324997
51230,21485
109036,173700
399538,46715
287185,4730
20971,62733
193293,88
65993,181941
270530,3369
242935,69883
453890,88
20971,279848
234388,1988
99879,30374
161580,14809
90325,6940
248852,344341
40744,43310
277157,387
108568,108573
78114,43848
97635,83921
26289,323
5155,323
368249,378054
355678,355681
4490,47655
355678,355681
344341,248852
291027,78114
222484,89043
378352,88
76365,6940
505,697
88095,323
390300,5245
43848,78114
222484,89043
291027,78114
88095,323
222484,89043
56426,6940
6072,21184
78114,291027
329679,220
16460,402886
391750,387
291027,78114
269032,120908
306213,220
402026,402028
157043,37964
112699,106316
222755,35652
53962,15489
441706,120908
55664,26455
376144,376146
215276,9798
13235,43347
66371,51364
181755,5989
66371,51364
20971,79100
200595,92293
30311,5989
231957,252658
314236,14611
69970,141624
314236,14611
79100,20971
62733,20971
48485,5948
283825,90718
175065,2014
178145,88
231957,252658
153249,31887
138860,138860
310872,310870
29209,11840
317578,211323
210229,13820
90718,283825
175065,677
90718,283825
45853,20848
120398,317
90718,283825
9021,10817
90718,283825
156398,122016
224777,357757
10817,9021
416588,2014
395223,206
228123,98204
15294,14829
48455,5948
228724,228723
142478,2014
330510,330509
90718,283825
46530,224959
52293,32118
253982,1988
13754,88
144476,144474
13754,88
366904,7215
144476,144474
221874,19
26398,80087
409238,3369
76309,70757
70757,76309
407144,14611
97501,54218
25088,2014
108123,220
382746,220
165,18602
15483,35383
173400,18097
54218,97501
78133,93529
130246,265566
769,220
69788,73034
363156,450850
190181,52354
66644,110903
244407,88
115920,47397
449725,3235
244407,88
136608,290644
330698,292660
330698,292660
51449,6612
171828,81614
179322,87770
65305,33648
6940,56023
169315,151688
191533,59
138766,59025
64180,16549
447934,2177
369187,387
60966,26239
67190,31903
26486,322141
341941,109647
143548,69648
139941,139942
455413,88
4665,176528
394411,394845
425629,7690
142856,91430
77778,377461
70275,2169
143548,69648
302393,302395
269149,220
340365,7639
302393,302395
143548,69648
207711,80101
418902,362260
2294,2320
159066,9986
113705,39581
314541,6971
111105,129456
6150,1852
357734,308
298853,298854
129456,111105
197061,197061
140383,165
329679,42324
318488,265704
61075,88
8460,327
342537,277615
62334,232443
272319,179809
70275,511
30355,98982
39948,327
17538,254780
93751,78
179809,272319
307940,146283
371841,3300
56203,60662
9021,8740
158082,158075
259237,3547
5143,75598
79457,141049
40957,220
124076,34605
109994,92274
141049,79457
409455,3369
165429,16460
96202,5143
8454,30355
18602,165
130151,321035
420244,54207
3347,15120
163156,67910
450176,450175
69597,231601
63652,46715
305946,305945
231601,69597
167376,139524
168572,171020
69597,231601
139524,167376
445661,46715
93751,2671
178265,171020
94436,8
89341,5500
167376,139524
167376,139524
164167,80900
298257,220
69340,111029
80900,164167
31887,153249
54242,26031
180459,56968
111029,69340
445661,46715
126272,2687
114230,114207
138522,161057
424350,3369
69340,111029
389,12824
139524,167376
72639,5500
7149,7230
12824,389
84223,12824
41146,7230
85424,47470
40188,5137
40190,40188
282718,34312
47245,6338
167376,65292
109647,92274
324955,324955
255502,99822
167376,65292
439859,282931
266766,266765
432960,11139
342130,3369
54872,12824
80896,55527
116797,5226
364376,184615
215231,62099
64950,2014
96459,14857
54730,8
172138,109897
162897,93713
85423,85424
109897,172138
7614,94406
76542,1163
151069,134504
93103,4412
1152,9731
101718,127397
31887,153249
134504,151069
10134,10383
10134,10383
85423,85424
75985,4435
147661,19502
63091,63093
62095,99549
18666,11118
327996,65239
306375,171020
64975,51307
85983,42799
283004,283005
47470,85424
93378,47470
181755,109967
448817,220
283004,283005
370136,220
435155,120908
374045,6971
43189,119181
69005,308240
28957,9107
120063,88
58329,2479
184677,157884
118365,78
2571,2479
214433,5245
133132,5245
439249,16462
145761,97778
202011,335
346917,3369
380548,5245
355730,220
417350,220
141619,194507
152531,136575
229057,5245
8740,9021
81674,2517
180459,5245
293284,293283
268954,335
8734,8740
246929,246930
194507,141619
84219,138766
432935,335
6585,130029
49837,22016
127927,139898
16278,238076
138766,59025
65100,62712
167296,220
136575,152531
260664,260665
454877,5245
360368,360368
231469,5245
197061,197061
136575,152531
51400,2517
363100,2014
260665,260664
405408,5245
204768,299898
55262,138946
111325,282758
55262,138946
33993,4514
31436,4514
293741,220
64367,511
4482,4514
4482,4514
373751,332060
318341,2266
62818,6585
4561,31436
50464,100777
132819,53421
81766,5500
133145,4514
269631,8
43347,13235
133145,4561
175328,5664
448385,677
108391,7690
132404,132394
133145,4561
181044,6585
134152,5245
181044,6585
210850,53940
15294,373297
127559,115497
6585,181044
395468,2671
454554,42112
15294,373297
75877,122591
46710,20314
66132,79126
51886,11342
177107,29542
251638,138464
222083,4974
19132,56121
312258,60156
200265,110497
15294,373297
267269,132404
238134,5245
348035,348036
255689,138
37933,9776
350209,118996
123689,76097
66132,79126
257594,160265
118729,6585
151541,151541
218038,8
271255,220962
315594,220
6585,118729
145028,51429
15294,373297
183049,84112
55805,5437
20292,99861
388670,36982
22470,35726
454554,42112
134304,7690
175175,88
70271,81644
81674,22470
10816,70236
81674,22470
350267,294919
93147,9952
10091,894
9952,93147
209886,12462
326024,138
326002,677
220688,5136
83695,677
290093,677
40245,29721
262964,298337
180672,677
52164,35015
37274,677
334182,7690
95656,2179
35632,677
186433,136170
98458,43864
161578,140117
447934,677
277950,677
28891,5460
157432,677
86352,121433
263373,677
110390,32853
155084,186008
186433,136170
36436,42173
409677,677
382396,382396
253069,242244
186008,155084
136170,186433
90578,178395
178395,90578
256691,677
267979,90578
29721,40245
186433,136170
327935,2177
362260,418902
178563,319188
77866,410992
53968,2177
7133,71430
89295,2177
10931,10928
151085,67156
158333,96180
13649,3419
186008,155084
215993,24532
215682,47666
401234,12510
119314,119326
88278,13808
427207,317
60941,3419
86846,191335
263651,247222
15328,104
15328,104
172022,3419
399267,38602
90274,35376
433360,3419
86769,10091
300333,677
418332,30799
418332,30799
109531,84644
70536,4177
43615,124774
11388,4368
445188,2177
218865,182204
418715,418715
100411,677
216515,677
298678,5245
22445,23769
185571,3419
63803,60651
195537,8395
210778,3419
249365,127878
63803,60651
3419,293489
227353,227353
152385,677
53478,63486
301601,34084
6241,200198
435497,677
108573,108568
106752,3533
282476,6940
5184,80111
677,152385
369095,14662
52897,52882
44255,104
46811,7322
19138,3419
171378,10928
235392,178073
35376,90274
34923,14577
417671,3419
310768,174061
178073,235392
35376,90274
11692,13795
23769,22445
130025,88
120720,120719
130025,88
186796,35371
55538,22814
22814,20262
2247,21538
172599,172593
5859,5843
83196,34249
119396,43995
22814,55538
37753,3533
173467,380827
382380,677
412065,28174
22814,55538
16990,12751
75711,35723
214181,677
91831,677
452043,677
369779,677
264666,677
384811,677
19072,15401
399767,399768
16141,35723
154228,677
284678,677
247467,3419
81715,677
100411,677
366423,51689
286624,677
234931,677
400049,317
226043,677
89629,946
15752,677
398911,3419
69109,47220
432444,677
94296,677
234909,677
186337,7533
47596,19006
81731,677
15304,677
5799,5859
288730,68206
145750,677
59870,75785
50620,19265
14588,49154
75785,59870
59893,6940
251706,366752
44271,6080
435920,76592
396581,7363
339476,339475
411302,1988
396007,677
44633,92410
323424,20150
23486,677
398256,677
35729,35723
384804,677
264024,677
34926,31698
31698,34926
455528,11328
358393,44456
57967,102393
383321,3419
358832,366423
47697,194357
286533,88
399980,677
128709,95629
251706,366752
72466,10922
208597,208595
163900,163902
125056,134967
303005,677
316144,316145
121536,677
233335,178672
178672,233335
382858,21979
89781,32796
6150,553
57105,14588
556,529
303241,303240
438765,677
119089,100512
50979,677
77574,98637
91275,10269
166972,3419
49154,57105
296053,42112
5226,42172
162381,140928
206803,3419
4440,323
268801,677
36093,450207
191347,49601
276464,2177
42172,5226
278853,278853
10269,91275
212354,26489
3533,13808
425051,677
5226,147804
210451,27027
359496,281987
56303,28996
341768,148501
398256,317
277101,88
74506,88
165526,44446
427770,13795
121422,22006
67476,67496
35723,3533
253198,677
13808,54258
122274,33355
138946,55262
36093,10154
55262,138946
409131,93376
332869,8296
70013,175524
26566,25440
93751,5226
201362,80099
146894,12473
138946,55262
321145,198031
55262,138946
322638,677
3533,35723
62863,3419
40306,14650
227353,227353
340712,107747
185323,20971
47160,14650
248679,25440
340712,107747
39124,40253
219921,677
52490,52475
171538,104538
216655,68285
278811,37502
212323,88
11223,19258
36093,10154
364965,74247
36093,10154
77551,77545
208863,433361
311694,173288
56667,35248
13808,13778
278649,14590
163902,163900
39889,18142
82238,40253
33121,2402
121074,75929
35625,145761
75929,121074
40838,5859
375115,61508
217255,3419
13808,13778
299096,78503
204768,299898
219007,449141
131500,2417
41353,29029
360368,360368
98762,98778
291184,677
70883,207336
64239,40253
233208,101684
24038,24055
278585,310370
101684,233208
193339,1271
309793,215587
328136,136914
48830,80622
74247,364965
420793,317
396594,16533
13808,13778
14748,87552
146982,12281
398446,206
119559,18771
161244,111624
119131,92336
122807,67170
95986,120719
182356,63597
39124,88
353102,353103
401514,237277
428548,220
107050,88
150527,2249
133513,3419
188238,162402
250794,7690
280961,3419
406640,318856
424654,8077
21097,174365
216447,317862
375707,341611
214812,3549
258807,5792
66755,171892
53964,3547
162402,188238
214262,110346
162402,188238
454066,88
214262,110346
36436,80787
79775,66599
32243,11850
406640,318856
211395,51501
55046,265041
299868,422
406640,318856
162402,1988
375467,378975
23975,17145
49917,23619
339274,65904
135001,295304
54410,51280
43554,36093
50218,126535
43554,36093
35376,1988
126272,45014
404819,138
250952,23694
43554,41733
41336,124521
134367,6148
23619,49917
54410,51280
345719,387946
190181,360845
453850,1988
182906,16358
432743,111687
162402,131327
9190,1526
387946,34248
147804,13808
212798,1430
35729,13808
23407,71497
74218,241617
42172,13808
70832,69395
401907,677
50218,8855
89805,35729
69395,70832
23422,46092
162046,105232
101034,196856
2377,28737
215114,8
4367,13808
35729,35723
162407,253190
12030,8006
20923,34236
119825,102390
56303,423163
79644,177799
7690,250794
44154,20327
32796,13808
385053,220
35729,35723
227759,10815
135803,233448
62279,7797
14779,7797
144100,144099
91790,28854
213944,151023
180736,47756
103986,7690
433986,677
61508,375115
7686,104232
144099,144100
78701,13808
144100,144099
3533,35729
21372,14833
144099,144100
53013,42239
15231,77194
74036,40150
123517,111728
21372,14833
292088,26175
55761,109163
220380,102982
93502,257186
58124,21097
225566,310943
128422,57987
407875,407875
16141,22487
42342,147636
425368,93502
216056,88
153265,112782
10264,11337
345719,387946
375538,228932
41792,10179
161775,167098
99548,327
83921,97635
249802,57987
74036,40150
127513,23769
360192,396390
286567,216056
216271,144099
104541,57654
57065,78894
89280,89285
47655,4490
372833,139082
122537,28205
200757,3419
110903,13808
67382,98204
352824,3369
165626,463
111728,123517
116701,6644
144100,144099
205257,3603
295857,361219
138488,17173
171750,3972
115246,34236
138488,17173
32524,53920
267986,3419
142755,137992
398636,360905
144099,144100
375538,228932
149327,88
92802,246742
91995,24532
441892,81102
295857,361219
111358,93502
249845,677
304715,291094
24091,12281
23769,127513
249845,216
162729,40997
291094,304715
291682,35025
16772,2153
274344,88
449337,2153
194655,2153
442493,2153
419796,2153
95693,16772
167131,50661
42182,42172
23567,2153
3603,205257
64745,2153
123517,111728
416403,2153
326072,326072
100049,100049
326072,298957
279966,2153
300465,12281
111728,123517
304714,304715
92802,246742
23358,13808
164883,2153
177175,317
355924,27860
323348,2153
155076,167098
42370,2153
376602,220
67382,12751
317862,216447
373937,3369
12751,67382
277831,100223
121083,26943
237922,237922
66060,30639
391497,12281
356553,98204
91510,2153
67484,2153
100223,277831
436486,3604
170536,28991
379869,379870
440850,69891
304714,304715
126728,26755
413601,442094
139082,372833
62042,11125
121074,75929
442094,413601
413601,442094
183504,49578
44728,3419
171904,64489
216056,286567
2373,138488
73006,34089
32445,199543
7811,22451
169047,1430
25006,52908
84112,132394
141816,17871
25006,52908
1432,169047
19258,2153
40936,18570
446396,88
446396,88
262256,163761
13900,70497
254551,30513
319616,182363
110006,12475
32445,199543
3524,47470
23105,1443
217621,2153
171366,2153
86773,11498
87810,23769
87810,23769
19258,237827
42335,9351
76598,49578
296905,296904
127869,88
2175,13808
164883,2417
341649,350169
144933,13603
232893,232892
5149,7963
177892,7275
341649,350169
451377,3419
375137,388025
232893,232892
235498,349
327935,2417
22472,349
73319,70518
88349,47095
202616,80954
41507,349
379869,379870
152579,349
51071,12477
96724,288445
26175,292088
157617,349
454161,12265
7238,42831
69891,69883
247803,349
63363,31549
69883,242935
35370,167076
22345,349
143134,220
156668,22814
234106,141687
354174,677
365170,51160
42172,15489
177997,28652
171983,220
332490,332489
89805,6765
402028,402026
387267,117287
377349,3369
105990,57122
297539,220
309526,438153
179276,40323
58052,357859
131327,162402
455429,8942
131228,131231
236826,22723
54608,347449
369112,127975
55884,55885
437601,21537
91641,349
55857,53920
133726,114027
139000,2153
6765,89805
52940,52030
244222,11571
90083,52919
322391,316449
29135,349
117878,90083
76666,52909
93049,11466
201177,161176
313578,313577
358191,395146
6241,53930
93314,121293
132304,67382
82117,90083
322391,316449
101569,46578
322391,316449
93314,121293
369112,127975
433215,220
407833,88
278811,278804
93314,121293
149190,84874
52919,42173
286432,30513
278811,278804
322391,316449
77595,58102
58145,58102
327666,88
355445,355444
134595,26398
54820,18585
56426,16672
223944,88
4665,98204
330698,181404
96755,15106
216056,216056
80861,14615
84874,149190
228535,85076
98204,4665
450951,450950
52897,90083
37798,7738
237922,237922
159999,133256
236406,335263
127513,23769
74234,251638
75081,88
16672,56426
58145,77595
203116,349
73709,53930
316449,322391
90972,58102
141788,28529
26867,1945
104708,14674
438536,88
74234,251638
170862,13808
89802,9704
34605,2580
51531,1945
128515,9704
178659,1945
244067,13820
420740,88
244067,13820
4974,222083
14674,58745
75335,1945
24292,1945
178659,1945
5082,3360
61884,14674
75335,1945
142076,1945
80431,50227
90083,52897
342522,375531
16672,56426
166174,9704
45538,349
104204,104206
63429,58967
138448,88
75381,349
56426,16672
104864,105076
22977,6241
175400,349
236996,1945
64045,56574
70825,70826
322982,220
261976,79878
81678,150499
21351,44183
197478,37502
336610,1945
42797,98439
110434,2373
190246,153908
111114,90083
7847,4700
345709,345707
54907,15538
125853,125853
345709,345707
77837,357658
432009,13808
48963,6241
105143,9021
8989,9021
53962,15489
174608,9021
86397,87993
51715,35304
366295,7067
65659,183
329358,268306
87263,6241
379253,68285
6241,87263
368048,19870
162381,12352
7942,5704
8915,9021
39583,1483
331099,331098
10401,6089
6241,98204
90752,352
9021,8989
21234,61388
17640,20423
53958,69914
316914,192310
87263,6241
169892,59970
16460,40773
136591,48313
74714,268
9021,8915
221416,23975
43923,2119
68380,3547
222880,6585
292088,26175
430057,113099
360845,190181
183828,183828
183063,52018
194873,194873
130949,6089
442007,677
172767,88
265049,12311
56426,16672
84773,33307
439950,156274
4974,222083
176694,13708
6241,349
353209,353208
35726,14166
261179,172767
58164,21101
17640,20423
91746,114030
95740,9475
197311,197313
207289,22814
179695,362153
428209,390912
24035,23743
56948,7635
74366,6241
141619,39089
230147,79397
237582,109253
38379,20868
24035,23743
185014,6089
156811,8835
197852,5207
36989,214683
88643,6241
202927,3419
158228,71
353208,353209
13798,19366
210229,66112
261295,3369
216464,79479
92059,92064
237582,109253
8497,5076
92274,3547
441769,1988
121505,214683
268847,137039
56357,1988
208867,6241
353436,1988
109253,237582
16672,56426
5143,83538
29988,65187
174909,29542
17640,20423
252754,13134
149840,342035
255725,349
6241,26398
6241,141691
58330,2479
29988,65187
184455,39566
6241,62906
58183,61138
17640,20423
45554,182711
347907,26755
51698,51715
240503,75946
86397,58208
511,6080
53930,6080
58208,86397
77562,511
177667,279606
138191,1267
251638,74234
6241,26398
38240,1267
138739,25651
251029,1267
83700,130459
39885,166624
53930,6241
426170,1267
158122,1267
260599,274344
139867,1267
435383,167885
9021,8832
389501,1267
202993,1267
42595,17133
165369,39566
118645,100684
370574,5207
13778,208867
350935,303695
100194,236420
101286,3604
314929,1988
9021,8785
410849,158400
130336,52413
440805,1988
385279,150665
236131,210100
170554,85653
27814,162804
121559,129629
339847,58375
70826,70825
97881,97882
37655,139050
422368,15538
440805,10385
420626,677
292088,26175
113260,93066
58095,16452
254407,582
86397,58208
85319,92305
93066,113260
377122,377122
218073,217766
58208,86397
218072,217766
38579,20242
13134,227665
424697,424698
243719,190401
146976,12281
54845,44915
92305,85319
85319,92305
6241,53930
92305,85319
126728,88
85319,92305
109965,8009
143155,80431
75739,27037
85319,92305
44946,6940
92305,85319
13134,39410
370574,5207
20072,164880
85319,92305
58208,243497
55926,45519
152460,193245
52060,20072
49620,67264
437798,1267
123195,8903
159582,137626
5969,158125
39418,39410
2958,1320
114664,14964
6899,8140
1492,15538
284162,5245
243497,58208
47460,12751
340642,88
286340,73003
231765,11059
22593,2071
307191,337495
37655,139050
102504,9025
19711,19695
129929,292088
375668,353635
211749,35248
188834,13902
281827,8767
37655,139050
447244,677
93835,129070
327935,12751
329354,103553
130470,5193
4813,24549
402033,400774
13902,188834
114224,92920
2338,6807
264433,26175
372822,399665
102786,27859
396668,396669
18701,5082
218481,88
107835,88
215780,3419
51698,51715
41012,1988
203067,68285
221884,50229
66379,5082
63779,320452
53013,42239
152034,3416
231128,231127
139257,18600
43332,52761
340982,206726
271368,266126
9025,86903
229316,229315
171457,3237
411235,418175
53163,54346
171457,171458
242555,3369
444803,88
175599,56222
6072,104548
197061,88
5082,5161
89805,98204
388191,5082
47935,186608
264503,167961
406117,89892
89805,98204
206726,340982
15975,553
86725,50218
77016,264123
145433,221449
96047,68781
251383,59232
90083,82117
33520,25661
244580,244580
119333,49108
39669,41792
24704,14957
146509,60432
119333,14957
276525,58574
3255,43864
41792,39669
10284,41792
68781,96047
41792,39669
227353,227353
135,163
41792,10284
119361,187731
40744,17518
197236,32005
45938,76596
81889,39782
187731,119361
282915,282916
250006,191177
221950,17012
354997,17012
340982,206726
114473,60120
13816,15188
3255,20793
19805,2153
345247,220
33833,9021
39669,41792
58375,339847
54060,53071
277987,17012
257840,45938
9021,75881
27723,440805
42656,222481
9021,75881
150665,150665
113182,3237
10190,17012
237677,230906
231362,122559
191600,50449
421847,11444
227665,13134
416099,88
115335,14525
42656,222481
9021,50218
195595,677
339847,58375
28701,109080
28701,109080
144681,134112
119333,9724
40228,14957
313687,313686
279227,256926
8253,14420
46233,2080
319797,2080
376202,2080
369457,489
366315,2080
224520,88
109080,28701
221820,88
197061,88
74979,88
227665,39418
47030,29805
448817,88
197061,197061
80101,207711
450661,11444
13820,5082
189427,60310
15483,88
297515,216
166169,266673
110209,110202
80428,80428
23204,34324
36334,23627
230906,237677
32723,32723
12274,2080
271987,88
78114,291027
308015,88
450536,220
147168,17012
109080,28701
148228,2071
213250,17012
34324,23204
445338,220
130947,2684
129929,292088
215382,12966
86467,17012
304907,2671
148228,2071
80814,89805
390911,434601
76708,111142
21164,1002
35375,49179
114503,77837
177131,190622
382034,325286
50103,18654
164397,374736
401169,88
8322,349
105676,66085
190622,177131
275957,111023
104537,39566
80101,207711
265229,317
147024,215409
77837,2080
234481,88
15210,147024
2123,2982
281821,235907
104755,183642
116147,74866
33145,48342
223104,5226
209808,378819
25661,33520
20683,11118
197478,14615
41792,39669
46984,439
84337,98859
222869,83384
68599,88
58452,199462
27399,27399
213341,12726
135185,90083
92538,8913
164827,138643
401608,26153
49328,36124
191756,156119
278799,37502
401608,26153
66612,3298
189506,44749
12726,213341
36124,49328
81861,81865
89805,6765
249804,31450
79217,1267
203394,1267
424902,90477
135408,135412
139311,11444
75736,177672
216056,216056
14957,56969
443361,12281
185166,349
49141,14957
358829,110916
52908,107830
154667,110526
170683,49108
121139,358829
27931,25844
199462,58452
65189,65187
38028,38045
98947,115682
221210,215053
97699,20276
358538,16460
104049,519
53964,2143
216056,216056
249577,249576
249576,249577
267959,308197
218035,215053
15615,23813
47291,503
94905,519
214614,135547
123128,60036
168315,3369
50449,191600
81183,81181
65187,65189
348409,206275
90083,135185
407957,14064
239011,183195
76309,18702
452110,220
108693,338443
88410,20276
399926,503
89805,6765
130898,11666
454335,349
236865,215053
158082,158075
327362,187200
230906,237677
46797,5859
141892,141889
86397,88
69883,32972
373600,373601
395723,14577
390837,224824
264501,12498
374735,164397
89105,12012
52908,13808
405145,1881
49610,52908
102477,6940
164397,374735
295926,205559
187200,327362
81181,81183
264501,12278
159249,339819
81181,81183
69879,69871
256090,185681
27191,6080
17527,81181
116809,21017
408799,216038
121422,22006
111728,123517
405145,677
81181,17527
69883,6940
264501,40680
156356,325602
257142,13644
114629,6940
196300,25637
242588,89813
17527,81181
427968,503
325602,156356
224824,390837
156356,325602
59424,43677
98204,170862
114629,6940
277054,219809
427968,503
364124,46236
253091,21537
153564,1101
119130,21578
43677,59424
66157,104229
274243,285720
9318,9091
303072,85042
190272,43914
9318,9091
187966,19797
303072,85042
97520,17155
15483,9914
303072,92650
303072,35216
162152,101327
241143,18360
295261,103459
303072,31049
285720,274243
98004,65887
142652,32633
95415,4888
159249,339819
51042,60994
60294,59299
360667,36225
310088,69871
47210,47184
74596,112605
386014,69152
245350,245351
89805,17155
253928,71888
46058,43793
31618,88
24472,88
208733,519
15483,9914
177116,37523
14957,30478
95549,8209
20971,279846
24472,88
88148,285817
404665,15483
224172,17380
247265,98203
37831,166608
51015,15662
247265,98203
32108,3998
262720,104188
32108,3998
58147,21017
51015,15662
103181,10814
5406,542
66694,120761
51042,60994
93703,59784
29783,30449
430365,418047
253928,71888
106399,54060
418047,430365
140218,414409
282515,12965
197463,197462
282515,12965
176481,115546
30227,23399
25605,400
166174,9704
276380,2014
102373,54788
221293,677
166174,9704
276380,2014
11211,11193
166174,9704
396115,396115
392451,88
11071,9091
17715,608
37981,142093
351520,9021
388334,88
6909,400
89805,27484
155979,11193
6940,69891
116566,14682
282515,12965
102373,54788
6940,69891
246984,1945
378,400
282515,12965
19797,187966
259607,5245
11571,244222
23422,11193
282515,12965
256751,108150
69871,310088
401919,50361
69891,6940
11193,23422
348865,258932
282515,12965
396226,426552
69871,310088
282515,12965
282515,12965
244985,88
378,5066
282515,12965
244985,88
201101,2177
130451,2177
101238,50237
9091,11071
127376,218481
255623,106789
221458,191326
282515,12965
416013,85042
27135,2177
354641,17012
282515,12965
282515,12965
25483,23958
191131,4368
93491,93476
431697,342930
82292,22073
81947,4368
10403,115125
11571,381075
377532,4368
396341,252354
15934,3547
122888,4368
180149,135223
209701,209703
242932,34264
150803,4368
34170,400
234651,234652
8292,400
221458,323993
4187,37672
184779,154218
234651,234652
91180,160155
32618,6993
209703,209701
305543,49960
339274,7690
220557,4368
388334,677
101238,50237
412029,412028
135223,180149
142643,4368
247185,1276
11069,9091
234652,234651
184779,158647
49164,10431
384411,384409
49960,305543
95909,206194
204197,34049
245715,184779
330439,130242
374357,221458
422970,422970
206229,143238
96594,2094
27564,119514
243857,101854
189345,126028
224277,88
282987,166351
416574,198263
105361,394170
235880,254694
113126,2177
111728,123517
149327,2177
11852,88
430371,88
206229,143238
63143,50227
180551,184779
11768,155146
234651,234652
492,5284
391291,88
5123,68256
151920,118524
149327,64911
59301,35738
227065,11852
57253,6940
271460,271457
75092,81632
67620,88
157555,420929
384409,384411
416624,88
252734,15
30478,14957
297137,4704
25766,15
155252,88
180459,14964
156699,70148
286396,396
24549,4813
34905,6940
8960,9021
436758,101854
352291,83340
452792,3209
16952,13396
949,36436
159525,6940
5284,492
119097,265518
123923,261367
14957,30478
8855,9021
342548,321396
126113,6940
9021,8855
9021,8855
96160,36436
119108,57967
80271,91430
126231,62358
17155,32438
322145,677
75460,75458
12058,94256
49422,36436
9021,50270
94256,12058
348477,303523
168348,88
12058,94256
30478,14957
42984,17155
52882,42177
58737,316279
159525,6940
135223,233297
429004,429003
317071,38362
32672,12058
378684,97083
206229,25635
12058,32672
341930,8
219455,4368
335010,101876
76887,11921
158705,59893
232822,11921
191929,19159
101876,230343
204768,299898
36313,114285
100318,69884
69884,100318
61338,32972
429003,429004
375546,3369
8855,9021
389643,317
354174,4368
10341,176851
87822,193111
415862,355151
231474,11921
27366,19877
176481,115546
114285,36313
276095,204809
90243,9475
414957,19159
233297,135223
376089,52353
116966,11921
248487,205
28183,8755
197170,180848
429004,429003
130744,13722
210369,28476
69883,6940
80921,88
47681,251400
295926,205559
69883,6940
47681,251400
96413,17155
426101,15
199282,317
263290,68206
291182,170403
369306,12937
55495,17198
91381,143861
204862,168156
231936,90168
46821,88
375865,329438
54984,11808
341809,88
32243,3998
221458,374357
52650,56049
20463,9734
9162,43158
8989,9021
133580,105108
449690,1852
52326,8756
251067,1630
62346,16460
189839,16460
27748,54384
373751,332060
314929,1988
39666,11366
58021,54384
329438,375865
92195,10815
111588,73669
249866,69891
11671,16017
16460,16453
44946,16672
132000,44459
80426,80429
43158,36807
159231,12947
303031,277840
268281,101876
97077,87771
298793,73627
87771,97077
141889,141892
111562,1101
35376,14615
97077,87771
13722,13820
182684,220
180199,150718
43158,9162
80426,103181
247468,31305
116966,26755
296512,11921
386238,88
295713,295713
281297,63736
77595,313061
135121,12286
268497,14570
117016,19944
213602,213603
78425,37964
12631,349
113406,104550
101876,230343
6072,42182
50300,96022
10091,11329
246093,254367
285437,39877
384195,384197
13348,349
98204,173673
159257,29477
88537,19944
15691,1988
34605,349
314805,65069
253562,294611
83340,352291
18561,349
75467,75458
245351,245350
441466,349
79365,88745
314805,19944
9258,565
182684,220
19944,65069
306706,88
84395,17538
19944,314805
9036,80426
268497,14570
115562,3298
384621,39511
106985,259171
190943,44446
101306,390320
2308,15374
135887,28458
98204,241617
81182,17538
260304,349
283187,88
178093,75458
19944,65069
169042,308842
16672,50312
336952,317
395917,1971
115199,3998
203976,17538
20971,58095
47714,20463
79365,88745
323003,225160
66114,14957
161756,1852
58095,20971
200433,88
342522,302446
363299,342522
20971,58095
44946,16672
302446,342522
271420,271421
127231,349
450122,35248
17382,88
75467,75458
244013,181350
54122,80727
205427,130093
188859,226217
307717,4365
271421,271420
20971,58095
181350,244013
20971,58095
242494,157505
20971,58095
58095,20971
186077,13821
370059,216038
37242,9258
20971,58095
244013,20971
141892,141889
244013,181350
79100,20971
38964,6626
400774,402033
425266,390652
1920,349
413897,220
20971,79100
38819,8989
93990,3549
153265,112782
48566,47666
271368,266126
195723,677
385279,150665
20971,79100
129929,2014
150590,237205
390652,425266
79100,20971
82755,37672
449141,219007
146860,5245
138231,3549
391226,391226
15934,3547
391226,19913
50325,38815
333557,220
154531,105717
53967,3547
360368,360368
190943,44446
47239,3549
101577,4376
79155,10214
443770,443769
195725,8208
275272,3549
29651,83580
75881,9021
190943,44446
376206,374099
306375,171020
180420,182307
61824,565
440486,127975
89805,30322
376292,395928
5143,5155
140852,447
330735,313061
232009,232004
232004,232009
450431,15
423375,8208
20971,117688
202185,75458
187399,349
438136,5245
41692,125778
48252,49351
120063,88
450431,15
69970,3998
102938,230235
96193,5335
41828,88
5971,39538
125279,515
102938,88
377180,2177
30201,5983
10219,75458
14957,22380
205292,27311
284875,88
130816,130814
219809,275939
174301,221376
105493,90463
93529,50227
6360,5098
301210,17989
106774,31305
52186,61291
130816,130814
48252,49351
20971,239835
50276,50241
164123,4376
47220,49351
26681,26684
69970,39075
134336,50257
68132,69970
275939,219809
315145,7592
97102,47220
225768,456
71726,1267
4317,67246
69581,67246
69970,68132
69970,39075
232290,677
15179,1230
9021,8943
51849,11118
40325,40328
50276,50241
69970,68132
410754,121414
383891,217429
49351,97102
93751,456
50244,9021
22380,4570
42169,349
315442,13821
102928,75458
206014,279835
4570,22380
102928,75458
50241,50276
68132,69970
80429,80426
305118,30513
269238,317
51876,10179
9021,80429
40328,40325
159400,333467
252893,166884
294727,239782
118304,279348
73801,51365
52753,349
148443,349
441574,8208
428400,76404
176737,161495
92671,6945
127626,88
11571,244222
69970,68132
148443,349
276076,305474
18506,50977
305474,276076
125509,125504
49090,506
10186,29618
15294,92424
70275,55
15294,75327
173352,118480
9965,36989
161495,176737
15294,141141
20971,279835
20971,279835
51365,73801
21587,28965
102679,23524
298974,391163
36417,5245
371161,265187
279835,20971
161495,176737
580,26398
92223,51096
271892,88
30478,14957
121414,410754
34747,44796
379731,8208
6759,18788
8950,115476
101762,58559
298974,11852
66699,23524
120063,128515
394303,519
395917,322
356504,15483
308711,13821
188865,188867
141141,15294
98430,88
50268,33833
285668,220
240870,233037
193543,98430
106844,104847
333850,5245
68132,69970
48299,100554
301415,55539
98430,193543
98430,193543
214043,130711
11387,172167
193749,100246
193543,98430
133200,233354
152870,48901
88671,88
241644,7690
9021,71888
371161,265187
157452,81730
44086,136057
122796,66336
50244,9021
3547,6836
237189,702
9021,86983
230243,38028
170536,170861
262475,38133
170536,28951
174608,80429
78668,28951
350375,350375
193496,80881
171873,131230
127397,101718
3547,193543
9932,98992
360690,30513
22357,82432
7259,26398
357695,677
371161,265187
48901,152870
255549,11921
93981,2277
42324,10214
230036,51782
213798,186
245415,91643
264681,189523
81632,75092
195848,52182
6878,81632
28993,149521
19178,10179
9021,80429
58864,88
177656,225418
366514,366512
442665,186
366512,366514
151079,88
166933,49351
101328,429239
435885,220
435885,220
9021,80429
189364,66500
84902,5816
4515,4514
71888,174608
54712,24227
4514,4515
446063,16460
347764,112975
15294,54682
93120,42908
34640,127296
318064,318064
42908,93120
15294,141141
14889,118781
235247,235247
30379,16669
54682,15294
71153,16915
142625,32411
354318,8322
167228,42689
71942,83807
16669,30379
404825,220
71942,83807
25258,150520
71942,83807
149521,28993
42689,167228
152706,702
167228,42689
85424,93375
8946,8857
49673,235
149521,28993
227353,227353
169187,24227
26677,49673
142582,40990
32243,32243
248412,16460
234623,19913
398656,88
126272,26684
280317,33833
42689,167228
11397,12818
203392,203393
15294,235213
9021,103181
112669,19424
272017,44288
138629,702
95846,6687
377122,377122
135674,9021
30480,349
188882,32922
169045,185779
117768,153417
143104,9101
171577,41692
63159,272017
200320,3972
71888,50218
233087,15538
33833,280317
24662,44388
359554,265187
70989,70993
207342,88
300992,300990
97479,97474
35710,197679
402815,2288
332918,93971
302130,302128
18740,147968
50244,9021
3972,147968
21510,79230
38999,139254
174982,8928
353808,16460
26386,129824
93066,93330
26386,129824
199863,280210
295116,14934
135759,69552
11777,11355
382764,11921
229069,14934
120973,1630
129743,70424
195859,18926
280210,199863
339249,3369
8989,19932
34555,34566
111339,6350
50276,71888
66114,387
8276,62906
274059,138412
105364,105363
9036,80426
42182,42172
284275,14934
50112,5137
102006,44290
93502,105601
48487,22408
93502,105601
57296,50218
226893,157915
139254,38999
204709,63465
167376,139524
39583,39574
67248,39574
16640,91359
9978,75461
424289,88
213920,213922
41859,41865
280712,51382
40780,57917
104816,8
345328,7690
175470,21397
35383,15483
279461,88
1032,3974
251638,138464
25700,73884
16140,3533
11424,88
15579,92116
192943,112673
112673,14415
297682,40780
92116,15579
50244,80426
90727,5137
164635,88
192943,112673
86532,42689
112673,192943
309612,309611
401907,2177
377122,377122
415031,428042
309612,309611
89805,9704
428042,415031
112673,192943
900,11355
215199,30513
158955,15285
309612,309611
256263,30513
132878,53539
415031,428042
80426,50244
158955,116966
57297,201117
16199,27854
110502,19872
309612,309611
112673,112678
91359,16640
27854,16199
34566,34555
234731,160539
39324,30513
48527,48524
22470,22446
251638,138461
28722,27449
5137,3972
86043,5137
5137,61698
81150,25197
284262,119379
86532,42689
448713,448713
81150,25197
61698,5137
101551,88
41655,18851
167376,106925
100224,39343
12003,402815
3972,5155
41476,39343
318163,239782
213163,246023
107402,92109
138464,30513
7168,5137
154953,55774
107402,92109
100224,39343
106774,31305
11342,160539
57363,11341
107402,59273
53542,88
22429,4515
91840,4734
83695,86501
246023,213163
86532,42689
468,822
154362,59273
227353,227353
213163,246023
282758,7639
50241,50276
53506,53508
17058,3604
55184,34333
121422,139286
39050,93266
339074,150294
99387,138464
42907,41828
26334,88
327284,8208
38814,50274
26334,15483
282320,282318
242707,5335
251638,138464
432764,239782
28558,30323
208436,138514
81643,463
37243,6571
251638,138464
394522,4376
138461,138464
189745,1997
427383,7690
199863,280210
125748,28630
167376,106925
54228,69237
265390,59273
424654,8077
199369,291940
280210,199863
359115,17382
43885,67230
251638,76003
106598,106597
136111,62425
30323,470
72166,5155
107825,27980
106598,106597
34389,27980
3972,108809
30478,97660
30478,97660
106594,106598
13773,13808
26334,88
197784,91430
199073,13816
90474,176512
39282,14615
207811,48683
48579,409031
63066,63066
17382,359115
51342,4665
443047,57003
253766,88
138461,76003
233152,51225
138871,210692
400,33091
5619,5669
26654,42177
164749,1988
236069,10475
200150,3082
351935,17050
4349,4304
5669,5619
7523,13813
197478,14602
209054,63679
29493,36840
13123,12870
51849,32247
30755,26830
30950,7513
107293,207797
83036,83037
86002,3972
234681,234682
13383,4304
132906,10817
1071,88
4304,4349
32592,42574
211597,225005
297694,137198
62334,738
91322,116512
296186,6672
70711,24215
359115,9704
62334,738
378341,2177
30950,37162
239810,88
355863,368751
68400,72328
145098,67388
22512,148719
323582,257186
209616,36521
22512,75054
387702,4720
368751,355863
173980,42182
298729,239782
70215,69237
2764,88
148228,9816
226217,188859
38052,4584
132857,3998
197061,88
390888,88
42172,35729
84665,88
407364,88
89479,34314
25258,88
4349,4304
197061,197061
246111,36216
136484,246383
136569,1988
12842,132649
319828,88
237343,226373
152875,152875
31481,7549
4514,4531
28558,30323
39528,141398
251638,262316
138464,251638
246111,36216
3998,88
148228,9816
8517,17970
14241,3699
91840,4734
266547,88
15210,20385
149327,84833
413022,2280
36989,3998
31288,36415
134889,32247
433004,88
282758,88
266547,88
56997,396
118729,850
6791,5970
125748,3998
90014,13007
44307,226792
197205,195473
141628,47499
231608,165988
32132,11331
30451,88951
80923,1988
212299,8
378942,88
135556,168444
165136,17155
50388,88
297780,122468
239280,88
45242,88
148281,50205
4304,16006
47499,141628
91702,168197
5137,14945
267413,88
220806,59702
361021,74036
117103,59987
148228,9816
96775,44307
5155,3994
204768,299898
8756,107250
14945,5137
192943,112673
22512,75054
168197,91702
183747,87771
70256,88
240244,336654
142921,91430
286367,35729
153646,121433
52293,10179
88177,25006
163525,5137
353436,1852
447585,239782
118550,88
79494,91430
314911,43519
10047,5483
118729,850
109302,2435
270940,145628
88951,30451
50250,50288
199811,138347
274275,88
14945,25907
226352,88
448960,88
148719,6703
10047,5483
41740,37820
34216,20920
163525,88
422718,23570
235565,220490
269976,269974
50060,87306
40780,88
137746,12253
363235,677
338835,338835
448848,88
396075,396076
38061,108847
921,25006
338835,338835
163639,17012
229275,88
100954,677
15294,412324
338835,338835
247128,3998
50250,244219
359115,3998
137900,46606
169701,324700
3699,14241
184112,22470
122373,89072
7186,4528
279701,88
202650,88
6072,30364
142160,3998
142160,3998
39564,5155
112523,88
91840,88
15860,1988
113417,88
74234,251638
91840,88
192857,14731
139474,186865
154953,55774
111346,101270
67880,32143
432469,88
102193,17012
64256,64256
35729,91840
175861,226861
124356,89805
80938,14731
79494,143238
1609,11588
93337,1553
198870,88
50412,96362
185978,161560
117243,88
39664,65936
213163,1988
9116,9218
197061,88
101551,88
421673,88
151486,1553
154889,154890
162402,131327
164552,65936
397612,339731
17681,920
52705,51624
37906,3630
137628,1988
108440,23940
423521,11336
127178,88
7298,4385
230603,44086
72466,16006
158551,42916
50250,244219
226352,88
117698,31450
84831,258530
230647,26530
57965,22630
154890,154889
55698,58474
27071,16801
192171,54079
249845,69031
258985,1553
315809,5716
20038,41740
260768,260766
290749,35729
15507,46433
209874,1553
127583,44086
232143,7998
6937,34670
420173,16801
101551,88
448960,88
29032,20385
421051,677
422196,1553
72466,11711
69525,28458
24796,24797
7566,28458
306444,88
4917,28975
28458,69525
248197,16166
309810,293026
210461,20899
28458,7566
122373,89072
58474,55698
221361,19430
31346,16006
10740,351844
15881,453115
157519,23570
121433,153646
279619,15507
182996,183002
10678,27245
128773,46117
234306,88
14945,17460
448960,88
315809,677
235155,363490
234306,98112
308725,317768
153984,24443
149327,26158
28975,4917
30967,7566
52293,27514
35344,71585
164552,65936
42496,40439
156111,207743
52293,27514
25907,5914
89072,324360
328215,38815
89072,324360
226352,88
309150,7117
16527,247132
15507,279619
47509,204837
102682,16801
220806,365
69475,42172
141023,198406
249502,519
141598,64764
359115,187706
46433,88
2630,799
389,12887
9186,9133
166726,15351
189051,12854
24797,24796
91627,22450
5078,11588
22450,89512
319542,344522
117427,305166
24797,24796
78701,80814
364624,4368
243697,87895
41063,340
41792,4304
6270,12581
27063,229141
25988,18614
64764,141598
91172,677
71585,35344
83394,72466
204837,47509
345719,387946
293726,1852
68945,54222
389761,6948
16636,19170
167228,73350
8673,8676
90083,119268
132870,132870
72466,12169
309063,27738
34670,6937
80370,6940
418480,7998
293726,62542
233296,515
42182,6072
6765,89805
83668,193451
212194,149701
389,25248
29032,11362
222384,677
42168,25006
89805,6765
83668,257473
114273,87697
55698,58474
86725,9021
177706,177705
153357,91627
244704,244703
42388,42388
25248,389
18740,3972
236069,3533
203321,88
317834,22641
375668,397633
59736,26830
38819,110248
218701,114599
36989,3533
227492,9964
216425,677
208428,33601
85470,29522
42172,26153
362186,88
9734,20463
91627,153357
57763,10906
83070,1019
167705,88
238600,32116
43479,1019
95476,88
118550,88
75284,130866
149701,212194
331707,1988
50531,52813
14166,28951
12818,12937
25468,1343
118729,850
11692,212194
269824,150297
27825,26398
42245,19913
130816,130814
83394,72466
212919,7690
77616,113706
390222,44481
799,2630
226352,88
130814,130816
104700,22641
13607,73476
65940,88
328136,176396
46433,15507
138711,260008
18506,14469
50305,101837
14251,3630
20079,14166
98176,98176
141492,4852
356101,7690
313834,344522
76458,311346
15467,15507
164411,62043
42172,92274
72466,86265
75083,39564
55082,42182
28952,78619
156373,677
76417,12841
286147,210920
85739,39889
303312,3369
318488,265704
46117,46117
49089,492
222980,149915
50242,50250
359115,392202
228614,119001
28950,12818
22470,184112
5155,6241
20856,45909
32132,9903
92432,1988
46433,15507
337861,44058
70674,72658
101238,9021
374730,3998
57304,9021
5155,3972
34381,34327
17647,43002
11246,1988
26289,149796
51289,103451
50250,244219
41190,5716
91643,245417
174868,55495
201747,118550
3547,170681
96775,13808
153763,2374
25643,9836
16562,44637
24796,24797
18298,100151
44580,87520
235781,195960
37019,850
364636,88
329392,88
42907,6241
180589,293026
248166,164813
60162,59232
45391,88
113706,77616
295218,295217
18575,28662
72466,10926
27520,12818
156111,207743
39636,9107
118729,850
22450,115044
101302,84486
42172,69475
226536,88
130816,130814
42643,13808
118724,850
50291,33833
3907,219024
45391,1988
109654,46117
109615,109635
171372,23569
220316,88
85886,26666
9392,9404
41828,10179
24797,24796
139500,102682
127681,12928
164883,7962
230063,7690
25855,3362
18575,27155
28861,47794
10645,88
65754,389
149796,26289
29021,41354
346373,14000
138040,27266
149615,19872
122879,9914
6610,39636
88697,176053
163360,33651
3907,219024
93333,88
36989,5226
51329,75613
390888,88
70453,26408
95476,88
332905,88
6626,389
22470,2280
21842,55495
89387,88
27036,39889
80491,88
72466,19264
205771,7962
130815,130816
130816,130814
29315,29289
168420,1478
13778,42643
218701,114599
245141,245138
19644,21211
17969,7962
311418,55951
28248,165478
203055,7690
79419,79423
393328,70120
191347,88
6241,42907
380310,12751
68285,160376
282758,44086
135535,185074
185457,1478
432432,88
261028,145358
276373,153606
257094,206580
133586,88
191347,88
6982,88
213163,187200
34216,86906
96775,88
37821,9107
11991,13809
7192,88
92790,2166
418039,24911
91217,154596
121505,391291
87771,183747
388289,27217
226352,88
140558,88
385310,88
118729,118724
55805,1988
108919,92116
11953,492
26408,70453
121505,138197
443006,7962
29135,88
201745,201747
257094,206580
77866,88
22470,42907
24522,223187
363490,235155
160417,100103
1633,22555
191466,70370
184635,88
21815,88
244782,244781
43729,88
72466,24251
48220,136594
279098,279098
121505,196786
81451,20464
213163,7592
96775,677
25248,88
4662,88
9021,86725
348054,348052
243503,857
197061,88
130815,130816
190018,51620
119850,208040
197061,197061
30451,117273
167383,167376
197061,197061
244580,244580
269824,150297
157671,8902
138455,220211
52367,24426
8742,16538
13236,11521
85831,677
430991,31219
90793,32997
8175,17966
159881,28461
97670,88
157671,8902
148719,73633
28861,10438
147362,133434
132751,15261
405956,3629
291027,88
310763,16533
237120,7117
446415,88
46092,23422
95027,88
32204,3998
4322,20385
9021,57304
81451,20464
72466,677
32596,9392
6241,19118
29252,3998
446415,88
19152,135644
9036,159415
66566,20385
228225,78102
21410,34288
250563,677
151092,99673
132857,88
153197,12937
75472,59155
446415,30800
147362,93337
78220,12937
132751,132751
235155,363490
32204,88
17966,8175
192466,13798
84059,84059
32204,88
12887,389
21388,22450
41192,5669
324414,16358
164813,248166
18313,81422
147362,2280
201103,180692
1155,297827
44746,248757
130814,130815
66811,88
19116,15421
24911,418039
278811,88
30451,117273
78689,69237
130816,130815
455848,88
156073,95760
138395,29229
189861,83454
195238,677
147362,63329
6241,677
25571,14453
252235,51640
222253,677
51235,19112
196324,5516
32883,23489
225336,739
6241,26158
191855,358015
156432,88
81422,18313
377122,377122
80814,3998
123143,341256
209938,88
372512,55951
132751,5516
130061,88
121493,6663
12912,12904
96009,41179
153984,24443
224211,677
213138,88
136093,38963
4528,4564
21097,174365
376644,40749
14833,37477
160417,21779
29252,3998
76735,3998
214043,301
254270,677
127701,29020
297708,253364
32104,10179
119429,67382
108391,18325
403873,6657
160417,21779
131318,2055
415033,71562
53569,3732
79990,7643
175440,328605
67382,9704
33288,14588
61527,14604
49392,42169
32143,148443
56314,5112
70453,26408
5192,90243
261784,88
127293,91518
184544,188163
14825,32104
29020,18873
101022,88
278152,276217
322558,10691
47529,2287
141629,10022
61293,14588
11660,677
30775,13794
257993,1988
42655,118915
20718,28677
124721,39564
382179,359782
52905,52897
53516,23159
167818,132868
314463,1988
65572,3972
256603,88
154842,209112
86501,1988
132751,15261
6072,42182
226841,88
58457,106558
208711,677
114849,210972
108919,92116
5098,46434
18921,88
25248,11355
416403,16006
301651,677
3998,13808
7501,4177
34287,22450
5192,18325
119429,67382
183135,4014
64682,8902
45202,1837
29252,3998
31440,638
259511,307659
390984,390983
136187,47277
14765,82150
33569,4008
4236,389
4272,9091
266821,67382
54034,119067
331789,677
326964,8959
368454,88
107476,14469
76524,43539
6327,11355
42655,118915
46433,15467
192549,677
307983,88
27518,12937
26146,88
22380,29143
241307,184071
271998,122030
376239,246294
149261,88
284007,677
174986,14485
333119,301
19116,15421
29191,18325
34555,69108
118729,71857
33569,4008
42708,91501
207300,13798
414308,3549
6241,13581
206259,170248
58457,106558
246611,3998
133434,93313
20856,45909
21327,27518
245044,301
120372,9497
25482,5354
201747,201745
134735,88
57167,16527
3693,14270
190146,7690
217161,37826
302168,16527
5383,12574
126458,13798
2280,22470
134025,47198
415033,31681
236407,109632
13223,46087
45419,57514
220240,960
147362,122030
25258,7690
12736,1231
70271,1276
54706,389
39885,92274
113034,510
42907,138766
48815,677
89791,67382
390983,390984
67382,266821
58179,59355
16502,54706
13918,40986
426646,1276
51342,462
447944,88
239532,88
389,54706
2178,165719
79423,79419
184860,11326
16857,24438
57637,57653
233458,108666
73369,16188
432479,11364
6241,13581
93936,2287
86002,301
421975,677
34287,19872
34555,6241
263963,3369
48419,62550
149327,132625
407521,68285
93936,2287
27100,18839
40933,29538
147362,10022
6474,51199
251204,36060
29727,3215
413943,1574
376461,9797
85969,55952
328936,3629
117427,16358
77965,7690
233458,108666
247769,181020
29462,941
38908,3215
13700,10179
93313,133434
23489,32883
267334,485
8915,9021
204197,28802
209112,154842
188858,12928
68874,11542
39566,59202
287373,3998
334589,677
13700,18325
233458,108666
69611,41854
143957,38941
341231,677
40185,66109
71857,118729
14336,14308
136107,136106
15645,24810
8219,421
87741,4699
1276,29800
70271,1276
4299,35406
288564,238613
82139,46677
175786,677
256603,88
433393,307200
8673,8676
25258,773
6114,40744
147362,93337
19885,261068
43539,81181
127755,349
318487,265704
90474,155040
6759,16082
357855,2177
45391,9106
383563,7690
410882,30578
257073,88
229121,49825
96009,41179
168444,159611
274117,8902
392326,229846
81181,17527
164726,1895
78102,228225
100870,192125
80291,18116
85244,43519
42907,80920
453313,1276
9304,21718
77946,26866
78061,78061
416861,8425
393597,677
84681,39862
67382,47998
96009,96009
136872,5226
52189,41792
373726,677
166765,383133
19116,15421
88716,6241
97302,11837
14308,14336
142543,88
366637,64517
420747,420748
34555,69108
193258,677
11542,68874
79538,88
400283,677
9304,640
399331,205
174024,7689
120725,120719
369066,369066
73931,1544
121922,4498
442235,677
75441,3998
265554,35707
115906,677
63779,186558
20677,4477
112683,1298
18196,677
59930,127572
110149,677
211936,677
56947,8219
6087,5693
54709,28962
20665,20632
323507,6657
80044,80042
57766,5859
64517,366637
146171,146172
102783,106658
217526,20362
25931,78936
16097,136594
104768,143227
13103,13103
66857,67702
215954,214092
430756,2280
156305,4514
6473,677
88769,182413
173065,396
39410,677
145053,30238
65754,18915
25931,78936
334182,7690
204837,106658
84681,39862
3115,25606
127985,129817
339731,52046
152483,22321
244659,69531
35950,389
7789,7808
141737,4477
12892,389
7151,7230
13700,389
75798,3998
221603,20276
249823,16783
442235,88
127572,59930
42314,4504
163638,84834
39862,84681
42172,677
48930,33166
159063,40185
371509,236001
86363,47975
265554,45587
25931,22186
77435,29978
320017,232299
425126,88
26984,12818
28272,28267
37933,176894
263573,239782
26334,389
176817,14825
314463,88
403629,3795
330330,111105
28856,13092
371211,23716
185659,5716
130814,130816
5175,1231
110171,18325
19116,15421
96775,44307
24810,15645
13749,27217
204837,106658
118493,677
400,9792
99171,85969
346871,307987
429797,66278
9719,867
92262,2177
307200,433393
149831,49351
211908,45326
129200,1988
30611,5716
240896,677
120477,88
284007,677
154642,16139
425126,88
29614,6241
3998,3998
27036,54070
190994,16527
32883,23489
145813,36312
53592,2179
424783,6948
82764,28856
11326,18309
130816,130814
24941,110757
154398,3994
37428,5226
4504,389
425126,88
285950,36558
39100,63151
306813,2179
29477,4794
266596,185662
55763,677
13092,82764
174024,42907
29521,2165
182413,88769
120477,88
119641,7879
10765,13749
136594,37386
396629,677
9207,3215
138511,113995
208666,677
112422,9106
347643,239782
420228,677
385912,677
287306,161386
395374,2280
229566,677
20295,20276
120477,88
215258,88
118166,4289
26159,3972
210500,307269
57766,41740
9850,26450
69104,65887
51342,66371
2165,29521
153175,4378
433393,307200
126947,142083
189467,108410
312663,19913
230499,194340
3693,14755
435874,2280
120477,88
221777,404200
9106,28950
104816,7690
777,3795
42907,171858
104232,32118
239152,88
42475,677
142290,25312
271255,220962
9806,39636
197455,30055
244928,349
16139,154642
64473,42169
50305,27705
110149,677
131505,5041
150302,51247
226367,88
2165,33561
219877,677
94303,29610
25312,142290
178973,25907
255301,62806
66730,61218
88172,12790
147015,36312
51289,25907
191347,677
41146,41148
16097,91840
36312,23571
116718,337959
55805,5437
75174,303437
15930,78894
180727,157359
305211,272515
452127,7533
232088,15251
149443,1276
427513,427512
6072,104548
51806,677
3693,14755
138461,7533
23456,87792
37878,2055
229566,6080
22413,44227
69190,54222
299093,1503
70778,28079
387058,6657
370435,88
353048,126770
12888,389
64682,8902
126288,7204
142290,25312
54935,677
293250,293249
438881,25094
110903,88
58740,531
35604,61299
163344,20464
86029,26654
44086,282764
50048,58596
75334,7918
166809,24227
126884,33070
176894,37933
128773,46117
399133,68285
146172,146171
274137,234959
239654,61287
400279,3549
43638,4852
13374,3998
85611,4794
51289,10179
231730,677
65887,69104
65832,301248
178121,1276
24055,34049
396213,113099
19083,19116
24840,13044
252607,59079
421791,677
45391,88
42907,28951
17039,677
123505,88
293191,68285
3417,41801
20612,234383
368150,84141
238574,108736
40765,408
96599,33646
25907,340
120477,88
243694,82036
131345,131334
270032,2236
12442,12408
7807,90303
69574,383
13798,26159
321929,677
356966,677
362454,210083
395141,55466
149261,11346
301498,677
239548,112435
189385,677
349908,228653
29354,19087
152942,349
3255,110903
21397,16502
252607,59079
16582,4368
117082,59562
455109,677
114289,408
408220,337959
241307,184071
132521,119268
32909,61808
259073,68567
334052,10159
103759,15210
176492,165686
3255,1276
156927,27872
4561,4528
23967,4368
40452,2236
132216,65686
7878,133516
17185,677
140354,677
297144,55965
106574,12928
257041,220
131500,30578
125253,408
64682,8902
177272,42182
399133,68285
130816,130814
341560,101267
114273,114259
99686,408
116309,4368
204837,387058
159596,329153
261077,87129
168106,148853
211239,677
166257,867
432769,51459
41828,3998
133398,133398
92273,349
84841,68191
5914,25907
37182,27518
140629,42173
128832,677
233085,49972
152579,88
50305,27705
131000,41278
110522,1276
52897,49596
32767,137628
66278,429797
446974,1988
75712,13620
120477,88
9021,8915
269824,150297
56555,7690
10789,1635
291184,349
194128,5859
69936,25934
394495,88
24810,23967
31632,22261
43800,43797
296700,677
69556,39977
334052,62125
143888,677
273482,677
196971,16527
147994,679
258664,88
84841,68191
274186,20011
1504,72055
131500,2417
130816,130814
415665,392109
6761,182181
130069,38859
219748,81724
180912,3629
212089,408
18431,677
260078,16188
250414,29482
173065,88
144204,14075
168444,1988
47303,7307
226841,383
102517,14075
137344,2287
28155,28465
27071,16801
33524,33530
367068,677
334052,133786
108677,408
389924,677
147610,677
33517,33530
120896,28950
7739,189679
56303,22470
236441,62125
15210,6080
48961,20251
91054,158363
62419,1373
123602,127572
433958,677
68191,84841
20718,44500
149443,1988
218762,677
98425,98433
252562,14075
378022,88
32132,29016
27399,27399
22450,44283
26569,2080
2527,1276
138748,26667
24570,15791
93280,1315
131500,73933
80318,46658
21297,349
12945,29016
129212,68885
59893,14075
127681,11326
19178,29016
96153,677
285185,88
210703,677
45203,349
229566,408
153030,49652
165686,176492
326489,88
288650,31671
407957,349
76500,73296
97599,677
36768,3483
119425,12928
35731,1988
13918,7462
384,22546
280009,677
286504,287121
4506,31997
175716,677
13092,14355
70121,867
100198,5716
263529,2308
89044,77776
265382,349
44304,12891
108736,88
53508,38290
209938,677
160079,228854
351844,10740
65008,28170
309483,383
11991,19604
68442,20295
199165,27872
9021,8915
56314,5112
64682,8902
6241,4177
4734,18873
7151,4564
48961,78425
356256,1373
22301,78742
2135,3637
28465,28155
80009,112675
326489,88
210703,41510
197436,6909
328834,677
134096,3693
172795,88
26990,1988
121433,88
310762,66278
301903,7690
91569,154642
84734,4177
61579,39949
86397,88
13092,28980
131729,97599
386196,1988
164467,13219
87908,36854
145558,26171
130449,4322
6241,16502
52778,203284
278709,168699
25661,25554
2280,88
64517,958
118493,154497
429145,88
34049,24082
269899,269898
26289,167900
69556,12818
5137,30324
70615,233617
405290,1895
361381,317
152620,16358
367395,88
55495,21842
178639,49289
123774,74836
6761,37936
27071,146922
68442,20295
161345,8614
153249,31887
111757,14075
7884,88
292376,677
33991,349
229493,14615
189606,70134
100205,677
157845,49397
24599,158950
306107,677
9127,383
174210,677
135186,34333
316125,130047
43725,45948
126041,40773
239340,1373
275262,1373
165681,4368
20011,274186
7234,7111
429677,677
23642,23665
32460,30862
310762,66278
241408,13808
449286,677
278514,57782
66181,2402
36490,8385
122078,33620
175431,88
39675,39666
88669,677
16174,5437
26334,389
27705,52329
176193,414234
263529,2308
19913,289905
50834,197889
383373,677
195731,36681
288247,88
135401,75377
466,5137
55489,349
4269,2062
97978,22421
88027,367395
17375,677
46059,4289
23033,677
146606,75694
9116,9149
49896,1988
10189,57643
92974,8248
451409,88
301247,301250
105334,677
6150,1276
152942,349
10789,33670
75938,677
291394,269899
73296,76500
221922,148094
232084,301
413041,1373
158950,24599
159807,188275
15791,24570
22004,16801
285185,285185
412838,205
50742,3998
13235,151193
8614,162765
107231,28980
16304,23318
68256,2280
7818,17726
197889,50834
183178,141116
47759,3998
243774,220518
270270,214262
58574,1988
177075,16097
239539,14075
36730,17726
280753,88
165681,55271
74754,5137
167240,65634
220211,138455
195834,11777
5758,158886
39675,39666
20072,11714
5112,56314
139524,26367
122702,677
102949,3547
80294,145154
300726,88
14755,134096
136594,91840
187153,22213
36490,8385
67210,7462
100290,13798
159807,188275
235157,8006
126464,88649
12815,4265
118081,88
67624,1988
290749,35729
177272,68885
235005,677
81150,88151
24599,158950
159807,188275
263529,2634
34276,14075
425933,88
20295,68442
190211,88
48352,2153
7802,677
67318,28994
254430,10647
34518,260467
95122,19872
107231,13092
32592,171625
220101,677
252936,252932
68256,2280
188196,49589
359187,90276
26754,15261
214785,37502
239756,65926
108538,14075
141935,10921
26171,17185
233573,25582
36768,3483
40812,88
159622,88
105360,19877
12815,25248
200943,143227
141628,6648
117615,677
156927,8404
314236,44019
57775,677
42984,4368
427383,7690
17199,14485
26754,6657
78718,3629
43554,15788
144828,88
7111,7234
141628,6648
109618,109659
9850,30521
273482,205
31992,31997
3693,134096
102949,102949
393618,299555
356411,354774
93256,9203
412604,1373
24989,26650
243774,220518
180489,8302
397,389
127572,202811
17051,7087
41655,92274
105286,3901
210539,677
3228,13537
25582,233573
45391,88
84163,24435
455874,677
62446,677
40762,21715
53179,31681
56123,2360
73659,26667
10816,22470
236197,236198
295547,60156
229376,10704
6150,1988
447262,96022
64389,20678
223283,4385
32293,9293
13918,7462
8006,235157
110522,1276
49825,3604
26667,58397
45386,26450
316465,677
35658,1988
349774,351736
148158,7740
269899,10647
204618,29477
179701,349
145154,80294
60853,183435
12928,10179
17237,16003
16527,71585
4352,42420
259488,677
42938,28458
54549,44655
197205,115075
120477,88
43849,194592
217376,217375
42475,4385
4564,4570
159807,188275
116424,116425
445188,67382
5112,176541
75377,135401
14251,3929
43825,677
43725,43356
167472,233249
267326,2287
153254,677
4177,4182
295547,60156
94814,100948
166765,383133
106574,106574
37064,31288
146855,43469
224133,1373
5437,55805
3693,134096
273482,677
57953,52329
198265,53785
4322,209558
29998,88
202195,19913
15741,178639
92423,21318
107712,36854
380373,88
284007,677
31372,4368
107231,18506
189051,107231
16945,3998
289080,136922
186289,16866
333578,2266
100290,13798
91054,677
66473,677
377564,3369
143312,10179
40854,4368
240529,2161
19204,43725
96775,677
88951,30451
4,63669
20664,11882
26869,26864
135369,891
241376,104765
390888,26667
5633,36854
123,26367
387688,158412
194991,51168
68298,51816
81073,65682
250717,68607
174354,1373
2178,49147
370435,370434
129151,12281
212611,1988
120477,88
272011,3998
4215,88
48756,26667
50305,57105
46159,46156
378013,378013
219418,677
247608,349
36768,3483
36372,218598
349420,59915
106335,10704
10045,56453
22661,48930
236994,88
27848,9176
40886,1988
400187,88
303838,11044
79430,53628
175790,10707
89274,14554
43129,27531
4596,1843
11362,9108
11359,5226
420228,3998
252936,252932
138993,43464
243800,677
151193,13235
267326,2287
300856,13821
10444,85589
184233,408
4893,39522
16219,5383
224444,677
75348,10189
187966,349
43725,29588
11857,88
97072,159795
378156,35367
52238,27484
159807,188275
80881,677
199360,77616
44659,677
290749,35729
433393,307200
115032,43725
20178,89784
383133,166765
218796,102336
333260,333259
103417,31363
86358,36730
41776,4479
84277,54614
206243,31955
292724,88
10740,351844
89131,139219
32534,107130
25397,71264
32644,25507
42574,10726
12385,3998
42845,144114
455071,11882
39464,349
64987,1739
2766,1155
6610,19253
22450,115030
65926,677
87805,88
103627,13196
42179,42173
146226,161980
35344,16527
165693,3547
73847,35434
8381,11036
424306,677
51178,11714
14605,61296
4322,677
85805,88
363475,677
153211,225180
118929,39636
47596,677
331167,88
16585,677
190291,3369
236994,88
133434,39089
39096,8404
96771,88
93680,677
18506,677
23415,408
52277,7114
108383,3369
105086,17017
207259,677
54614,84277
90578,267979
204837,387058
41510,210703
43157,49464
96775,677
241463,93568
186934,349
121416,1988
6672,9203
84083,76414
130449,103759
85805,88
88302,158363
3625,286251
162363,137730
13239,10093
183594,19913
207968,485
120633,677
241307,184071
46390,16527
107231,28980
34591,677
44052,36063
239152,253913
341560,101267
197205,115075
2221,86775
75740,16527
120477,88
32577,32555
139125,7825
248210,29296
35008,53163
95585,15881
108738,44619
157092,104149
20636,20632
5155,88
105064,22955
44019,314236
75959,106995
48059,47014
139174,88
42907,677
405883,175015
926,677
90752,4477
93631,88
30930,6241
198004,19253
139524,26367
179825,193753
37428,349
7114,52277
137774,183097
48756,49423
167376,139524
121423,53575
33646,33642
144164,677
200947,88
210958,83269
172465,145750
120719,120725
188858,12928
105695,128160
44086,282764
367260,367261
10741,119850
350282,88
22211,21143
70471,25507
142826,88
15974,37736
77866,410992
198004,19253
60855,2639
3584,29978
337418,337419
199947,12854
244668,81702
86906,30218
42172,56968
38754,52657
49397,157845
31698,34950
1597,6610
159494,5716
271892,105447
49434,52908
4528,4564
236814,689
348955,1373
11324,63633
191125,308
303072,303072
180992,677
208679,28923
74836,46609
11320,12818
18575,220536
280009,677
408358,88
1639,77548
114781,157238
17155,32438
385049,88
32966,677
220497,105601
216754,677
274395,50257
12966,187701
354026,1276
31624,26004
127964,88
455874,677
248079,677
120719,120725
46378,88
35061,19913
14289,14299
4487,1868
115384,677
228465,677
128475,7689
194775,11355
123,26367
320774,14075
84854,83409
91514,91518
26490,677
155344,133219
122396,101827
214369,677
31337,14075
43539,76524
30218,86906
212144,148429
83699,20439
41573,1988
56314,5112
69970,88
290912,8902
389440,68285
68185,27961
64682,8902
264615,6940
173185,170846
33970,83913
115835,7689
18192,13574
35845,6761
64193,2226
419580,3237
624,1843
334961,2179
6150,677
132592,677
206144,14852
130449,4322
340,1843
93326,39085
83409,84854
100953,4019
139219,89131
57448,106789
133434,6674
25931,157147
2373,20718
92274,41655
163525,677
21328,103316
139858,146912
314236,44019
64193,2226
227051,244062
215682,50069
30103,1720
103363,14075
26367,139524
200331,10296
56555,7690
391840,677
135369,77776
121074,97856
378942,88
19204,43725
233724,677
20473,677
340806,33485
105601,220497
240894,677
110391,677
11038,2226
123985,88
112601,1343
34990,117424
28677,13237
101174,88
346045,1284
189202,148748
204494,1373
110522,3998
86053,677
325463,6948
154351,689
94693,94698
11436,12844
131880,677
383133,166765
278997,88
163897,133220
222469,172270
91518,91514
228465,13808
106574,3637
19697,21960
213652,677
360368,360368
20421,73458
4183,1988
367261,367260
161289,172376
200739,349
157965,324365
1597,6610
6854,1315
98789,6948
21436,229531
195846,88649
76422,4528
127755,12818
260410,180951
57683,35304
104635,88
82784,16003
44304,52197
33970,11587
389440,68285
400435,132242
107169,3371
40387,14876
36669,164062
47035,80882
90160,42432
42172,118493
54886,151815
234383,70120
70151,88
328606,328605
370434,370435
133434,6668
211206,677
140723,2417
60945,1343
37532,37532
239152,88
43725,19204
8099,314687
94952,677
133220,163897
229531,21436
67466,67517
22630,41477
25274,389
195351,1373
5137,466
15847,8381
92592,88
171237,33286
391607,88
343007,19913
385049,88
21455,37233
128515,120063
204768,299898
329081,273266
104204,104206
27311,677
221177,50632
21007,88
173134,77616
271325,53652
144351,49397
2322,1639
381171,677
6758,49351
191609,36730
71274,116808
205389,10914
17155,17141
33001,57720
73319,152241
48961,78425
10765,13762
48259,23570
126215,79419
210500,5760
36063,21064
94553,88
136479,31288
9662,4
91664,24800
14852,206144
43002,485
239947,18325
3371,107169
315521,175015
12887,12818
120477,88
249073,88
134758,1843
263871,130562
16534,16533
211368,93
19913,227478
218783,16534
224519,1343
13239,192260
132170,16085
10673,8381
197470,87697
158706,78505
25083,817
50969,43441
117424,34990
36880,36854
42178,62496
11024,6882
40802,5833
217168,23020
6241,163027
216138,677
277141,145751
195169,25259
310692,677
199477,677
339889,31698
83061,10404
4572,4570
134482,108201
50927,17155
129495,77720
239860,74920
48961,78425
4559,4535
49884,88
86873,9107
408949,88
21857,677
49841,18313
171237,33286
116723,58159
379042,677
188217,8209
217458,53965
34570,4299
61049,42302
318290,318291
284007,8209
69026,204271
10091,98043
316761,88
30579,677
130562,263871
29978,3584
134096,3693
132019,17012
196768,110525
18506,11025
22470,76323
263021,88
111452,19118
88108,78037
146912,139858
40343,1828
249217,41729
10844,10836
15456,297664
74920,239860
98903,187403
92500,16527
14755,677
47291,20630
17460,14191
149327,132625
29021,28951
248649,485
239152,88
235347,3549
132857,3998
151128,677
74036,74315
372451,88
420248,36119
108919,92116
118465,100103
188217,93313
53342,53360
30121,14508
153197,44290
94713,191104
232726,677
111520,13260
198079,68285
206144,14852
40228,197
144901,138718
454278,88
52908,49610
43415,43385
20385,4322
16502,6241
402745,213
26223,188022
52302,9107
51707,16527
225097,1373
31137,88
289435,677
91518,91514
63259,28170
101791,276069
435776,435776
142734,47490
129960,27853
314929,88
315521,175015
119134,20053
28951,10816
52896,36436
156877,130856
252810,161841
84205,7689
132741,9195
325681,7533
100187,35929
43397,317853
41118,126884
118304,163601
21400,11777
3693,134096
37428,6241
378937,378938
161076,90474
96648,152014
198004,19253
77720,129495
14852,206144
325714,83677
88834,42947
359115,677
162469,11362
106873,5252
21718,33471
121423,53575
249845,5335
81729,5019
146171,146172
206753,88
123816,76295
43554,20053
87970,12473
400435,132242
108204,677
75083,3998
123628,118274
40765,20053
16527,51707
70120,234383
88801,87373
132751,196133
120734,17989
43549,20053
73077,26159
13225,11481
10749,20363
116808,8756
95493,24703
173500,10914
159795,97072
409610,333363
42947,88834
424158,392672
24030,23148
198004,19253
433227,94698
86358,36730
317853,43397
126378,64054
72466,4378
109175,9021
132751,195462
42968,677
217996,127356
141679,920
95397,677
100465,5714
118729,1720
108919,92116
213546,95538
141235,23642
88419,39384
195150,88
400435,132242
30579,161180
306423,88
438153,309526
171869,308
43554,20053
18472,10025
100103,118465
229531,21436
206144,14852
25339,25310
42947,88834
117437,117430
11025,677
403629,255491
328605,328606
151557,14554
58656,20363
447934,677
269824,150297
314003,359651
89408,210694
87697,197470
79601,23569
18906,31080
45463,21007
121057,6871
92116,108919
138040,2356
205276,133563
23489,1988
3506,88
56115,1988
80577,15055
378013,677
58874,78114
392672,424158
95397,1294
282522,677
28150,86906
30400,18561
253195,113099
15004,119641
41655,92274
110901,205
449010,10647
196658,175708
163943,208937
27853,37720
5851,25661
7874,62800
70120,234383
43725,19204
85084,79501
92274,41655
419580,10645
316130,205
196094,17155
355520,17989
169565,317
138461,30862
86725,9021
1276,354026
189040,9108
206753,88
177597,22021
281508,29619
179070,2836
130514,4506
102301,14075
26985,10645
354026,1276
332152,178424
198004,19253
25855,17573
380032,204197
182401,18331
150800,103530
43415,43385
68296,36436
22951,12259
17345,867
164988,88
72143,677
43397,23931
18906,31080
378022,88
195923,42178
42947,88834
47291,20630
132963,677
95026,55965
178883,88
12158,3374
91172,677
328215,39124
39666,41809
18906,31080
169565,4368
83629,45834
214176,2662
69753,14075
22409,7167
28137,20968
80787,36436
329401,232674
66811,282879
318290,318291
350374,152788
30779,4938
92274,41655
394034,96067
79226,48652
15121,15119
7012,29555
166257,27017
226547,35527
426646,383
28625,1988
239860,74920
141407,677
13275,47241
350374,152788
55082,8356
22740,88
58876,58874
97180,365005
25070,23234
231175,122877
39066,39029
123795,86031
210925,677
50791,16998
110522,1276
55056,88
102760,88
253025,110486
7307,42432
134948,408
453569,108036
150699,677
4337,88649
4317,1483
310339,36730
132751,2274
378938,378937
10464,205759
27036,35382
250414,29482
174353,12928
139524,26367
120755,88
43415,43385
50536,18771
269824,150297
161248,194139
51205,677
25661,3134
247654,88
229273,18431
292724,2356
155541,1276
375604,20363
10632,128656
137081,171763
22261,3691
12860,27518
7167,22409
214176,9797
21794,137776
191703,677
114273,87697
362575,362574
274224,88
57448,106789
442925,677
83371,25661
83421,283461
374254,677
442118,677
3419,677
37005,106597
169345,205
103761,3398
316780,137883
270032,88
76389,72286
27312,88
72514,33805
454672,677
263315,8404
214176,9905
132521,36436
217282,677
100103,45474
106992,21007
9622,8292
74836,46609
452232,88
138461,30862
192260,13239
32293,29444
414709,10639
118304,258346
97599,349
41227,1988
78114,58876
36989,11882
86725,9021
165916,37532
313587,101862
80882,47035
254708,3549
350374,152788
182007,4098
92809,30350
25335,25310
279157,2662
93313,188217
130455,4322
3770,3730
32064,12928
159765,104063
316130,88
199495,6948
118465,100103
46710,46677
72466,677
141047,53628
288039,4368
1611,88
377760,192472
198079,68285
283461,83421
28239,28239
47241,13275
196120,40310
120096,42577
1376,14831
66407,104471
17152,10911
139524,106925
157426,17989
128240,958
325041,677
226259,225899
151278,677
157147,25931
356094,88
378942,60970
238162,677
229446,677
424158,392672
32293,29444
134948,408
113448,9914
130920,158111
17527,46819
30930,6241
34025,27028
14236,3558
157147,25931
380386,68285
127873,677
110477,34236
49652,49643
11071,9091
13092,7689
15202,35403
44019,314236
18262,14454
63066,88
214176,82597
300949,12224
120477,4098
109977,83284
256197,20118
359037,3549
164553,11587
35931,920
118304,258346
15456,297664
30887,18275
209769,104706
22470,76323
52272,11362
139524,36988
4567,7230
18934,815
235262,281738
24082,21686
1155,2766
839,3998
181430,167823
35671,677
10091,27518
303293,87129
52897,49434
163854,96169
124143,49540
209327,1988
250099,250100
191861,10445
35103,88
129552,677
366363,214919
115125,10403
42992,3419
189549,83841
120477,4098
312723,8
214176,46059
416483,220
139524,36988
354964,26186
376623,310954
72280,38629
111359,206
30400,18561
47241,13275
12928,32064
455274,88
197478,82295
85660,88
201753,28962
278930,301
266547,343739
156735,6752
57167,14075
225187,282979
14238,3592
226259,3547
190994,16527
220711,322780
100103,118465
124340,16801
118304,258346
19890,60452
25931,157147
119525,359756
165693,17527
142147,40886
220711,322780
277739,148719
25576,2226
45867,3419
94267,677
329772,277618
400360,3419
3219,15086
11769,88
58738,120131
319333,301
92274,80814
4492,11450
31224,19159
17351,102794
361517,677
234865,64892
152942,677
131500,138
99532,3419
161248,194139
43415,43385
126502,217206
446184,677
8123,11029
226175,53816
73319,145405
18105,1843
210726,225975
47822,77548
293486,124143
118140,57137
198882,1373
120719,120724
289420,677
262067,10647
85660,88
266596,185662
283188,88
259787,192530
94267,14508
143674,88
16224,90641
6854,677
110331,53580
14439,66483
158111,130920
54320,14598
455174,129255
87066,5335
332095,241921
171763,137081
98637,98636
295246,677
221185,677
100154,146001
437743,25934
37758,27853
14454,18262
44239,18506
5322,5319
138726,18599
101250,60576
211989,677
150640,88
316224,677
91476,38644
81566,4760
34853,7512
18551,18557
171969,212351
12570,5335
130562,139286
399071,399071
28587,94690
37481,88
317834,288997
347214,677
286251,3625
115428,15847
295596,32160
92809,138291
23200,13383
50910,553
125192,24873
72101,60512
130920,158111
204768,299898
44374,17117
32352,103577
50108,109688
14233,14311
44430,32160
85140,27853
289905,261803
69127,69160
10639,414709
322201,414584
15456,125706
53816,226175
208603,24800
399071,399071
5319,5322
104540,2480
213739,124263
375263,37532
140503,13092
380905,137850
32839,23611
453268,7874
164652,155939
110451,168083
300726,13603
230100,111775
85788,11029
18305,118383
77616,173134
24055,21686
245376,156668
106574,12928
91923,126219
16002,8163
252028,3726
10765,13762
226259,11991
92274,80814
42747,42728
191347,677
6757,108752
1843,18105
176481,349
46824,17531
329982,329983
194710,166469
199840,3419
180792,37594
61527,47014
249798,207170
166765,5676
60123,88
153779,437000
72475,72476
67837,10445
61287,2402
138031,305211
81995,194051
418918,42182
134680,52122
15351,97856
25063,32064
43415,43385
115371,89842
279654,1553
18105,1843
26981,13816
55698,58474
327207,1478
37594,180792
188560,188559
91546,29332
243420,349
354351,354352
142927,119805
36312,5590
141316,44918
157147,25931
191317,3549
37428,349
276036,69160
255045,46618
3134,2226
1270,34130
13383,23200
67312,7689
166765,5676
17966,8175
203284,11792
18561,30400
57496,95020
327623,88
325414,209558
206239,28854
359944,1478
150860,206
63360,9218
277618,329772
32293,29444
69884,69876
1478,327207
52309,12810
25931,157147
281184,318604
355804,86372
10447,216560
90641,16224
73819,14682
35731,3533
225088,276482
60576,101250
37739,27853
138779,138777
163662,4526
14945,32238
54557,241408
201753,12854
218231,677
21236,206
9218,5335
35375,16358
82910,54978
14053,14063
17966,8175
132521,42168
180425,43725
41869,485
3134,2226
137667,23188
217992,677
7456,19663
325714,83677
184766,19869
84381,32676
47506,69026
81207,147581
215587,89928
165879,54205
122855,349
6757,49351
171356,18690
147968,157147
18561,30400
179114,26538
8013,15205
311354,30790
451862,308
22977,39889
26800,2160
68162,5335
103693,67451
71507,21090
36912,224293
11769,48621
171704,11036
25870,12757
31705,14075
328136,3998
138376,62071
72466,10911
81488,6143
53377,57137
139450,5160
233430,67058
404715,7930
6757,49351
127207,34103
103284,271950
5891,88
249550,89943
331789,677
81181,17552
386948,49594
274861,257094
28458,42938
93411,349
194390,169347
81207,43528
73085,553
372253,11792
35728,3533
349348,43518
329124,677
27503,88
133130,22470
159597,16527
44292,12906
126219,91923
58905,7690
49652,49643
89777,150343
22200,4225
152755,13603
166765,5676
136625,162446
196094,349
129556,163641
312723,330
293486,293487
96067,207170
66279,119391
32909,17141
118081,3549
284501,106558
150104,150105
53930,677
64762,5335
18331,182401
79898,3571
93298,5335
209327,677
402745,15466
286800,68285
44773,72193
283420,110448
22324,22307
439280,38226
196217,218192
84533,11267
261369,251914
228091,677
286795,286793
120736,24703
46710,61224
448440,371705
131144,677
153187,223157
25371,25376
32031,24996
75718,88
187808,1988
553,50910
145333,43512
47506,5335
206034,4893
50108,109688
21796,20373
196768,47709
53420,11792
638,73
118927,330
248649,330
106558,284501
6854,1315
161659,34702
20922,21720
316126,130047
35576,206354
14684,14645
43414,43397
126913,218726
16586,83494
8463,330
60381,288983
34216,86906
34694,1720
190419,23234
335126,199877
25129,70134
44292,7689
121249,13603
55784,9116
211011,26140
160936,160935
180792,37594
30069,84206
155937,677
157147,25931
116537,44036
4322,26171
74041,16406
143825,4344
48621,11769
126816,677
244580,244580
414566,414567
348918,20192
36137,8209
198373,57937
50696,28715
5319,5322
42177,42173
43397,43414
6241,16502
402863,205
120477,4098
90405,29262
250099,250100
302675,408
28458,42938
23188,137667
455874,2177
378022,3419
140623,89141
262398,677
172270,222469
43440,677
257094,158594
78742,14311
429903,12508
410718,13808
111806,7675
46390,16527
2374,23477
25083,33225
57551,57543
35999,5344
138657,79553
205636,88
133710,96196
195409,677
160058,93333
392672,424158
78862,677
23940,4322
20866,94403
114379,88
51168,194991
27848,5335
157828,23570
72280,38629
34333,55184
161398,85460
42938,28458
79152,10721
101837,37502
2682,349
102336,132134
12945,12922
139450,4386
78895,677
55080,1034
15527,15521
294081,2266
133145,107169
343968,37502
234713,330
50219,5137
81405,18792
110483,77230
197478,82295
287037,88
108224,24033
21686,56417
80580,66279
355842,170478
157331,57322
194668,132134
25864,25859
78289,54222
11692,13795
64375,26177
152380,49652
96067,249798
21097,58159
205183,269824
4322,23399
45202,146701
274454,31552
184039,29864
86397,88
371977,18792
185502,192181
53321,79052
21894,21901
392343,202932
252982,8942
43841,28298
275569,4909
121941,42071
360978,216038
81751,179861
428298,18792
24121,24055
211232,166471
72466,19253
142630,21686
278740,9226
7785,44594
296707,10647
113126,23569
81563,81566
10225,10225
257094,274861
96067,36079
4564,7151
91923,126219
11882,206354
240812,186433
301573,58032
53289,58738
4322,26159
81405,81405
18203,4344
447126,10647
183286,15538
69159,69149
131746,161180
185342,232004
107829,190274
198088,4665
348315,348316
359756,119525
45082,223602
69611,50733
210893,677
333460,14615
72517,33805
148150,17155
12944,12922
23936,75042
137055,138
209899,7928
98319,16783
69724,85762
267708,24898
122995,677
252183,264413
211989,73085
14755,88
439017,677
221462,3802
177998,18792
52309,58596
166471,211232
230551,48312
120719,120724
99857,16489
57723,19216
133710,234997
214292,677
18343,529
123505,53497
56303,92425
156072,67800
433681,10647
209636,307520
81563,88
53581,53575
63304,63303
18282,88
24245,104600
217168,677
424158,392672
107713,88
85930,25110
221344,317
57808,43549
23940,4322
133434,93308
186440,88
287037,88
88391,212948
377556,247837
23188,137667
115032,43725
67382,11692
218886,218887
132879,16292
93651,132351
16676,867
344976,18536
35969,16486
278811,367750
108224,24033
36160,330
35375,34519
187499,330
144513,71261
51541,15299
98017,22034
36315,47981
53285,19913
297519,10924
329109,150184
127720,1988
28272,28267
318487,265704
139213,32319
2060,88
28993,9107
773,38794
204755,677
58738,53289
126681,88
55082,1034
4570,7171
45082,16801
280356,247440
344831,6695
15940,88
437445,88
14945,16801
19916,59867
160020,286505
109410,88
87072,13633
95800,187148
77595,34236
75083,349
26159,4322
87805,88
49834,8463
25008,127102
4321,30527
24898,267708
100576,41025
61548,232898
417264,7533
670,920
203745,60277
114633,16527
18561,30400
103693,67451
43549,57808
11692,67382
7146,4492
287037,88
238634,349
170478,355842
121433,37428
212527,677
9348,25934
61287,88
224138,21979
95117,677
198761,4365
89951,68285
299086,299086
224585,47105
55791,56478
14019,14039
136736,3369
340407,340404
226872,88
344460,344459
17613,84832
123,139524
161557,349
67507,67466
13275,47241
110522,1276
57543,57551
131490,34519
412229,88
416114,37502
152620,46378
75083,553
31624,22166
430851,430851
306605,5335
81978,4344
11172,55776
84919,50229
50305,57105
4321,30527
226204,264772
219407,677
51523,78408
39636,9821
109575,88229
56766,16527
23318,16304
118524,151920
238310,238311
282887,20223
285050,179960
26857,13953
43576,8135
22155,22165
45604,677
36039,36045
164663,428090
107828,56231
182885,157238
240790,3985
68285,89951
139450,3604
287037,88
39384,15741
34218,50378
145333,43512
370612,332096
328655,2356
133802,55776
49846,49852
23962,139172
34460,4365
50250,71585
191347,88
124263,213739
80728,135382
378525,10647
9377,84805
223995,130629
44594,7785
238311,238310
18561,30400
316264,177802
42729,8021
194083,20128
101536,857
152864,127439
241644,124249
33833,50250
5344,35999
24841,11053
394034,96067
140961,2373
23642,98358
117967,677
84533,13808
39410,19234
26367,123
242377,3629
219645,62571
16695,36982
6241,36487
98893,17866
178520,18792
349116,349115
280007,126393
432982,3726
117243,33990
173051,10647
399768,399767
59867,19916
358100,88
215756,17538
19604,3998
38815,328215
146172,146171
253105,40608
25859,27205
141164,167775
106634,86167
20922,20919
142934,112977
314236,44019
83792,102552
247467,10647
376535,376537
212103,88
163929,68876
132649,335
177272,42182
228895,677
23648,98358
23962,139172
99741,2567
354026,21280
280361,87855
206689,68285
202696,162402
202041,5627
220447,3443
20667,21812
81602,7242
376535,376537
12857,39636
170846,173185
89967,52150
50552,11519
196210,155277
48621,89076
48302,48312
16135,9156
376535,376537
17738,21459
123795,23028
89721,1503
107671,99338
200792,106789
99741,2567
151279,2765
405715,93
116323,30226
208521,88
39471,689
263675,260698
455939,13808
19234,39410
35109,95823
220612,57857
393210,393212
78408,51523
16695,293665
376535,376537
28694,91923
21901,21894
195848,11396
90716,208162
367088,16801
69115,27734
238310,238311
369066,369066
160205,22759
174542,86179
19604,78
250237,677
177802,316264
245841,88
222522,677
16695,17888
106942,677
451848,10647
293487,293486
186440,88
223722,223717
96377,88
333269,371878
23028,123795
72143,52182
172419,28976
82620,44611
31955,39497
1034,55082
152755,677
410357,87481
152834,19350
89680,88
74836,66799
210053,689
18009,66126
1843,134758
123444,37926
391532,95756
16695,207421
177615,8614
50742,7012
59867,19916
167178,5335
45312,109755
372451,88
30768,27705
419758,677
294209,170937
164749,48349
43210,88
145333,43512
16695,85820
408997,198369
1034,55082
131588,126947
20922,20919
35361,34519
31348,44838
30431,189415
197852,5440
340238,68285
244408,4368
72466,41278
23200,226815
7085,24911
135674,9021
112248,36436
220051,69026
154193,88
157724,88
238311,238310
43435,93076
52905,62354
16916,11667
85802,335900
354913,88
235489,677
16695,195462
22429,7151
404401,88
215654,41130
9300,9283
31136,11053
16695,4570
28458,7566
102301,4910
182885,157238
387058,102785
66126,18009
17866,98893
27311,13785
149478,330
26809,11053
17076,6925
209545,60525
15426,689
142290,25312
426855,677
164839,4365
114597,41152
16700,18009
287037,88
50242,50250
337879,16783
319519,44086
98354,88
167775,141164
93311,6712
58829,20400
225138,10911
148316,677
35839,103577
55082,1034
239611,1373
19604,88
450793,68278
154642,9130
420886,34264
48439,220
11519,50552
164839,4365
15947,17614
56320,32424
48265,49351
52291,12922
66022,67955
11014,7845
96067,394034
23940,4322
197852,5440
152455,19789
208080,208078
159450,58754
116606,31387
29296,78319
13603,144933
215748,88
28081,207203
184251,10647
50915,15210
119517,3444
100799,173188
99741,4893
164891,41278
228859,23569
40362,88
33121,2402
20385,4322
94270,11036
225738,2402
118766,677
50742,27738
104057,59915
109755,45312
295938,295537
188095,677
108224,24033
283368,62673
46952,46590
7692,25133
178056,4893
181286,78749
184519,677
147335,88
192260,10093
156189,2567
7237,23955
87993,86460
44759,132190
260129,24800
301250,78244
25150,3694
279912,677
297412,1503
238311,238310
141102,408
196782,18098
72193,7930
72466,6039
132649,1503
144204,57121
61884,65396
118766,677
137402,7334
640,209172
278811,367750
36055,30773
37423,80299
234528,349
206753,88
126456,10458
96067,394034
429400,677
82620,44611
437432,157737
105700,120720
194714,194720
110812,98900
67210,40989
242698,231259
214521,677
66006,1988
115808,139593
8126,9890
23925,62413
26217,11025
13557,163641
97171,195591
375162,54039
196621,14625
387759,387758
64582,14564
46556,43929
427553,216
250343,1276
2062,11677
195789,32333
54009,82268
389762,358533
152062,677
34216,61904
432408,222501
154193,206368
150976,35993
239341,1373
44613,11053
262487,199139
173052,10726
31188,850
231259,242698
66483,19787
114313,16537
115859,115880
184744,867
106691,137769
375339,49577
1562,16202
135914,18498
84194,7214
244906,331847
36997,6072
43929,46556
177130,22052
80491,101703
185604,58829
50696,28715
81710,30598
244724,7962
307482,10910
312321,14564
27705,50305
212919,1503
234834,756
248668,18331
9091,11071
276482,225088
423946,24800
20400,58829
315483,16866
58032,301573
223717,88
353952,2548
102377,14598
322638,677
8614,177615
61125,111189
65992,4365
69026,233708
163047,677
82506,59600
49033,43867
191368,677
34497,39440
455939,52030
39897,23205
142767,68639
25245,108134
427553,216
120764,151491
163239,163238
150035,349
157824,270093
291140,10445
44884,689
349117,349115
286277,124554
56022,31288
23237,11989
152834,19350
7085,24911
238177,677
80302,17888
349774,301250
316090,30231
253178,368379
112331,88
97129,13813
242698,231259
287448,12933
22539,16190
6072,42172
288478,677
319424,9914
117671,346362
353441,157354
366069,677
65932,65932
1336,9673
427553,216
111306,134921
32584,26865
23399,15210
341536,677
127445,48020
372497,88
448960,88
50268,33833
24991,8676
2340,17468
5027,44220
106598,37005
31084,20968
84194,7214
164891,4365
9951,241776
268406,113099
301250,349774
310081,217432
15922,408
297708,253364
208451,3694
175599,4365
31224,194003
42720,88
11962,93231
10701,17165
91359,16640
135170,11053
21965,4
29754,48977
116323,30226
383569,11907
106789,200792
452069,677
69028,69022
147753,17989
65923,6429
3655,14337
144204,28137
43720,60500
342502,677
72268,46926
30069,84206
36769,8205
135281,136893
37320,20111
138642,58795
238310,238311
19265,4365
78742,3629
165819,88
19130,29313
62191,16527
48977,29754
45969,10445
359725,359726
11039,88
405168,317
80779,677
189872,189873
48172,60500
41828,3998
171070,32432
51289,25258
133695,29296
229446,223245
10789,1635
372376,237511
215311,88
238310,238311
202805,156643
424282,67774
325463,88
235950,12957
105956,11053
289804,28081
9615,88
15947,17614
44078,677
164883,689
108204,677
151791,176263
285906,1503
18432,4368
35274,72658
23940,4361
6072,36997
135110,13813
195928,62496
228914,57492
191708,201087
322093,322092
52150,89967
337355,389
436864,205
144933,13603
231259,242698
16945,13813
293892,677
316130,2160
112176,108201
33821,88
54771,3444
126890,286973
155541,42172
8192,20470
267243,10647
199268,346167
301250,349774
246313,72658
216655,68285
12945,12922
203529,677
41095,39874
346040,23091
30400,211221
309864,206331
16640,91359
33795,206
234030,677
180425,43725
301250,349774
359725,359725
427995,427996
336673,677
178219,5335
211758,49169
162293,228672
214059,677
11341,18901
60129,677
75734,65299
102477,16358
283904,320221
200792,132118
182906,116323
357453,30231
51289,127859
28789,7195
76301,419
267243,10647
20470,8192
20369,20415
187334,677
189973,88
44062,16532
435386,677
162949,28617
4263,13995
216655,68285
247654,88
404043,16527
10227,90641
160067,18492
64006,22318
5111,15653
84206,30069
330291,815
46058,43793
133219,133218
99833,349
176459,677
18901,11341
153605,105601
22906,677
142147,91904
141141,15294
411995,184130
87993,69891
238311,238310
182825,330
387758,387759
167751,123116
325463,42922
224489,46590
69891,6940
217843,379675
137039,11882
266039,677
157724,30231
111754,111755
85080,88
107122,756
64486,53306
330167,51249
238311,238310
331278,23953
14767,14763
241536,8902
432009,2179
157238,182885
81405,51168
210961,677
138673,4877
83460,677
359441,7756
448729,448728
95553,11053
189973,88
444544,6940
41655,3547
30400,211221
169409,677
229278,88
83075,11588
288694,49464
339493,291322
20385,23399
41385,37486
413336,677
81405,81405
212865,138
214929,214932
53289,58738
201087,191708
277710,7533
4528,56304
1481,6653
188556,88
13261,88
152817,91882
238311,238310
134037,677
349115,349116
87805,69275
116512,131122
37720,5437
222408,132169
106419,24972
61401,15038
159049,4528
14746,14767
146171,146172
238310,238311
169117,154842
61287,13813
217835,235618
50250,50228
126725,20373
144035,867
45098,298926
244494,677
202696,131340
11021,70037
47442,11035
12180,23569
83443,50552
432444,9914
236994,8142
427992,677
115791,14454
25661,677
450793,68278
261369,135111
262933,88
4322,20385
97618,60810
263870,111723
183665,677
115032,43725
313268,124139
121676,121680
80358,67374
126005,9797
62168,75844
87805,88
27738,14575
273521,677
39874,28715
238575,677
232178,330
164883,689
396238,60021
239363,7962
202206,10179
152942,677
111041,53975
238311,238310
252852,43514
11596,920
147156,2567
22977,88
375594,88
299679,329379
4699,20238
187626,48678
322827,677
130024,43580
291194,288273
40249,56270
324597,10647
14470,91143
272011,13813
235558,171169
4567,7214
196658,175708
14763,74579
103986,88
155921,270876
68081,109647
86460,87993
7791,62275
144687,53449
279985,1322
238310,238311
69028,76841
154332,349
24991,95181
157724,88
18902,39666
233269,55661
61331,27738
4322,20385
105077,260044
61145,82287
236994,88
43729,88
73749,73749
42177,36436
261738,5566
247666,156555
409441,12389
66296,39909
27848,27859
127681,12928
171169,235558
105956,4365
50354,16801
111649,40254
200792,255624
86299,11053
11596,920
4182,4159
369051,677
278462,677
69891,59304
21097,61130
256636,256635
202058,20167
102341,6940
152755,88
16946,191790
95122,11036
39671,52095
220805,677
115032,43725
61287,88
410164,3027
23351,5611
97517,144637
237917,8209
260044,105077
8391,15769
31372,139324
157238,61081
237169,88
120477,88
29462,11620
15351,3362
241957,232649
23399,20385
121676,121680
2387,11565
222403,677
52192,12891
62658,48076
81178,677
209010,88
167155,37231
398677,1988
9283,9300
302199,397451
243907,119588
184361,88
28636,27155
337355,389
77555,120719
126458,22240
52335,177500
9220,35728
24348,7930
305664,274
64093,36436
10979,88
202616,159519
247654,88
49203,10647
92620,92643
164883,10128
156860,255983
419568,19913
74168,138
256868,41393
53456,677
73917,88
249845,3228
172373,29288
16990,139125
90189,88
30069,84206
384002,677
22747,20111
8154,47673
236452,13808
191855,88
86299,11053
81178,677
62334,62331
202355,677
5137,14945
7236,4567
80928,8135
162615,677
356532,677
113995,28711
363776,12859
235423,121270
284935,80824
92643,92620
106789,106799
133130,107804
96024,8742
15047,133495
388890,56698
53519,27370
136152,95892
33795,14454
235220,44760
55184,34333
22240,126458
144542,48652
281193,309699
396047,256841
134428,27155
148706,11985
109929,1988
8391,43725
364059,349
7800,7798
108730,349
165693,88
64357,7846
43874,43875
353312,11921
93640,88547
391217,295596
70709,70730
108806,27234
238310,238311
129289,98976
167155,37231
83356,19879
52163,45407
16007,51143
58723,49456
330804,223962
7800,7798
120477,88
35993,36015
78244,301250
313268,34264
143060,239943
252228,677
239940,406277
737,58458
158575,2312
95592,14809
174807,216655
212303,677
191855,358015
20238,4699
44760,235220
216166,35729
29101,53575
208958,677
33795,21280
201127,88
7791,62275
225413,198394
59982,90574
218701,88
183004,297581
290405,352295
127679,74030
147559,1131
10626,8438
126458,22240
18901,12866
14660,56682
238177,677
215973,677
422546,12508
4463,19350
117876,62496
436531,15538
99717,53505
176263,151791
183281,7216
202696,162402
235316,60292
127258,88
20219,38563
181990,88
70037,97293
328882,59915
52199,12891
72750,35292
47684,19689
123470,58980
334080,6658
163238,163239
394392,397558
7798,7800
48709,49610
450256,20200
16990,139125
95892,136152
392762,677
239940,406277
77877,4376
31084,14064
202604,68206
25856,27205
393459,117364
66279,41385
132649,8942
123696,42700
80009,2287
16695,349
46587,3758
14660,40250
32586,6993
210907,8209
4564,22359
50228,50250
191790,16946
175940,117859
262964,298337
274113,41603
13076,5137
215100,2662
27205,25852
121588,121588
304617,677
101622,8142
113549,149327
29266,88
60532,92237
69611,1988
83356,3571
105360,8494
83201,62573
438938,677
177685,18331
58458,737
53575,29101
42272,49574
249245,250586
131035,131039
100103,167117
37428,349
108730,13813
352295,290405
46964,781
191855,358015
209648,17005
127681,12892
267163,88
60307,61537
62673,283368
7884,88
136152,95892
227665,88
36283,1988
30400,349
37502,20483
334811,334003
19315,42420
392116,330
25852,27205
269427,3228
247763,95905
95027,88
419758,419758
79604,165153
133204,7214
110054,16527
18508,18511
9871,19604
121477,153971
290900,1276
14793,78841
147362,27872
231146,88
390161,9704
305542,92403
234127,1276
41227,3998
162790,88
297144,53244
7098,87273
29068,93640
195114,677
407263,19913
174027,677
9021,8832
70993,27868
36686,10287
23578,220558
7320,18957
40312,4911
188556,88
347742,62224
241709,689
123958,110903
7137,7214
22240,126458
59636,14075
269898,269899
52554,3292
88547,29068
198,9651
32810,31334
194864,88
133463,78720
98981,677
95027,31779
241664,45379
87072,2266
330777,12931
277760,8299
55171,26664
190950,73161
131365,3577
22717,88
204373,204376
21585,21585
119701,20919
144687,53449
164030,330109
188109,43953
209816,185163
52470,20483
6072,36997
107804,133130
53529,33810
139450,14454
122855,349
27785,73914
454335,17460
154193,88
69876,69880
86496,9914
228416,36586
378291,29236
107455,66279
84916,16003
27868,70993
275885,58574
58129,14578
262382,156729
335914,223962
274487,173082
35776,28458
181286,80657
205816,677
220416,94243
447182,677
407263,37502
250410,20200
34223,34266
429052,677
164883,13416
213404,213403
7800,7798
321070,298289
117427,95231
18431,677
141760,349
173194,18796
238377,677
2218,26527
249845,2266
377038,13808
171750,56968
51289,372196
117427,95231
61954,11341
301250,78244
92237,60532
43824,2995
366053,677
91110,91110
157539,68278
50250,50228
16695,392912
321921,88
214117,139882
154629,677
278080,188858
236994,88
257362,22333
67504,88
163097,165615
338465,10647
454364,88
40569,1022
4380,50901
19808,34294
236801,301
80009,80016
211931,23413
16695,144477
119476,58929
27205,25852
96854,96853
212266,88
123942,40293
217441,115854
416723,7962
249845,2266
16695,117615
138813,206
234321,117808
378942,88
51620,88
88498,5907
51289,158400
236801,301
77116,2193
9219,6643
100573,483
32293,6451
387027,1988
326489,281503
16695,79669
35699,7566
261211,220
126875,29300
29351,29352
54283,3606
177317,244484
16695,196908
306679,88
398139,677
21154,8510
411976,411975
34433,17024
147471,2768
34216,61904
14744,14763
46406,57595
183494,213199
352529,352529
126458,7744
111041,53975
37502,407263
110434,88
77904,10701
441295,88
371792,105398
84112,93502
32910,92845
16576,4368
225461,251027
23940,27823
419758,677
314929,1988
138231,7009
17176,90189
167833,22880
420330,88
108497,23950
44706,10726
265554,7566
308927,158955
188559,20733
304459,298289
187746,331184
437853,677
174492,301
79134,51342
35993,36045
120477,88
74098,17057
27095,8438
197984,677
45443,45439
245426,677
234672,23416
80985,41425
17024,34433
28559,118954
209640,209641
6557,184446
402863,122445
368094,349
182825,11365
116323,21585
121070,52336
44538,89855
1022,40569
139230,20483
26490,167767
28458,35776
246477,8457
132561,154090
104109,154366
157623,88
26158,16003
81181,15788
131336,162402
375842,240646
433010,88
96775,13808
430965,3726
142736,88
10737,215360
22221,12022
152162,75022
57595,46406
69026,108320
190331,190335
166997,198394
61808,32909
114822,32360
194340,230499
61177,5566
61145,103178
212169,10647
58597,29002
160716,408
189146,145972
31992,25855
95736,10283
36748,122165
39127,37120
143623,1988
147362,39074
397451,302199
56644,170937
406277,239940
270381,95905
187984,8299
188755,70732
209640,209641
43720,1988
335031,93502
89134,7918
28861,9991
33123,20733
33795,4201
67382,9704
311633,4380
164883,979
77418,3584
87810,12416
139797,8391
113995,28711
39294,39253
22705,88
148257,146760
211554,4344
3655,22333
455252,7930
254433,1988
125711,125706
90563,11252
34971,21069
57472,4893
92809,30400
197547,88
121676,121680
89949,228416
188424,2177
377121,259153
43953,188109
141619,39089
314236,14615
29864,116499
183566,18431
238977,143823
207924,4938
206753,88
107804,133130
192260,13239
120175,10189
239256,49464
131591,31361
157218,176056
378374,91546
25363,142281
138231,7009
139882,214117
55242,102286
384858,7690
50328,40555
220536,18575
181425,30598
405173,88
411975,411976
106256,88
11072,6241
427962,12508
75235,126738
437853,2353
432506,12281
253362,88
349449,22084
2402,225738
27868,70993
387759,387758
348986,88
27311,139797
210437,346495
88391,81878
22539,55764
432408,222501
241882,10647
13144,197167
15741,70617
3024,5335
201213,215982
259883,7566
197381,330
143104,7690
90337,47108
223218,677
60532,92237
307772,1988
307275,300289
47014,49695
87993,86460
166614,134261
21069,34971
120214,20483
246477,8457
83083,2226
448426,677
65535,25206
119135,3228
181286,80657
319776,46522
62334,62331
321018,321019
80930,115016
336346,152013
354919,12281
31698,35016
207170,119322
254305,6971
149327,113549
132649,1988
385637,385638
290030,2218
107272,11620
66883,65827
315672,1988
85424,88
33483,7551
110806,34928
192624,88
54283,3606
194497,6080
13275,677
253155,112891
137341,88
69026,108320
48567,193753
169449,88
87993,69891
17155,196094
79467,115235
57504,19153
263631,2266
92237,60532
126875,88
171734,8
308809,213165
62685,96166
115100,157238
303112,88
28677,33197
23780,8438
333480,314536
90287,18575
114152,16140
253822,677
156552,28715
291334,244543
25349,22329
309699,281193
62331,62334
189529,87993
120684,16358
59385,56023
50250,103283
214875,8622
199454,60321
314236,44019
52791,57892
21041,60169
271801,36660
134125,143950
59202,39566
96650,71027
82704,22705
160405,2175
50675,50652
113424,10159
111950,32427
336953,677
50654,50652
174467,61287
68633,38602
158663,117808
301923,677
194138,10854
230103,99844
191902,143176
149883,151791
436686,24800
90382,5014
295541,677
284501,106558
201321,64802
43720,291
346495,210437
16140,114152
194888,7551
49289,13216
179960,285050
69970,6685
276316,88
181286,80657
222548,24898
20669,21812
53302,20483
298329,37523
27311,511
20647,20633
63699,87994
78841,14793
215925,215925
99469,16358
224056,3369
330749,246282
216562,72193
349776,40261
42947,511
33784,25507
170992,677
27328,156123
185437,88
239229,677
82309,64159
87993,189529
56022,56031
364662,53984
201321,93502
40131,169865
236994,151791
206229,93817
62673,283368
14945,5137
308963,2280
382044,382044
178302,20191
375043,371888
36045,35993
35993,36045
222116,677
178028,34236
281193,309699
412387,412387
265765,265764
553,85657
78841,14793
205560,677
163321,11072
50654,50652
117515,24224
95020,69891
201281,34928
103316,21328
141619,39089
157238,115100
254125,677
16756,4859
76982,511
23425,14154
199551,199552
16140,9498
70711,88
74234,47015
165276,12058
87993,189529
178302,20191
65827,346448
409750,88
40131,169865
175287,175287
16711,205629
95020,69891
78841,14793
50320,14615
72466,17176
60705,359134
448426,88
190534,210978
41262,1988
133130,124787
26334,291
119644,5498
49969,98402
27311,26092
335900,7533
116867,23626
215904,50652
347078,8902
93313,121293
66483,14439
271255,220962
60994,63496
132416,18869
237536,40293
444973,88
238541,149883
69880,69879
39882,677
282333,240342
216545,121120
88391,20191
41203,154135
325463,88
175287,175287
72466,17176
94831,82039
236994,11246
78425,78418
93190,147145
35776,33442
408905,408904
386123,131116
86778,33095
402137,370
349244,53870
76596,16120
56377,58428
381497,511
107743,15801
126275,40299
210478,88
98095,31453
323207,60169
27311,4368
82436,7214
137039,69914
43276,88
385779,385779
60321,199454
133976,3629
169792,88
95898,146284
43024,1988
31139,2244
58339,159824
268425,128442
145406,111102
36053,36078
92592,39102
175528,229703
3533,16140
94883,60193
177272,2014
152610,146322
175996,133196
57537,57537
40076,88
92500,54135
228416,89949
372363,10647
69879,69880
5566,5554
19315,42420
53975,54009
322450,184587
16571,49988
10016,107803
201745,241429
79857,677
2520,349
27311,18487
18511,1988
429896,88
363642,19913
176186,148025
155426,112459
240342,282333
171191,88
353102,353103
95679,208221
91808,91811
203352,50652
152684,677
30400,18561
312321,40282
9191,3024
36989,11882
93256,6660
50097,1988
298963,232004
42677,38226
28921,38636
5820,291
67521,10219
332457,88
88414,128500
194439,88
121477,13633
186898,9964
427225,35062
51289,81209
20849,57702
4365,85723
178635,82079
4106,17508
208935,46522
149073,69470
98637,14454
149036,119771
249845,13633
32066,32067
199551,199552
141619,69970
139470,3629
9696,72666
60321,199454
62273,15807
99185,4893
164051,143185
178635,82079
175065,677
92489,511
223863,6940
75957,43952
18561,30400
99349,677
84659,246578
337510,232293
187856,2055
34236,178028
353414,34268
205818,110210
113549,149327
185392,273331
27311,553
138666,135796
302199,397451
249284,12416
87993,189529
71233,7533
108383,98531
375945,88
15574,677
452431,452432
158697,88
222473,677
444973,88
86903,35376
357844,677
114152,16140
254086,12281
30102,2548
379958,88
14063,14012
426753,426754
46059,70732
99046,37523
67867,60120
261489,10269
91518,108239
62334,62331
289410,64189
141189,88
62470,13798
52199,124787
27311,75083
149883,238541
416755,416756
199534,37523
333269,677
27868,5185
54135,92500
63287,58037
16695,50620
23425,677
77005,55764
255862,34928
176048,2548
158401,174197
121477,13633
16695,378511
33205,135796
136894,7803
131829,88
138461,6974
12732,677
102203,22512
14683,31086
226815,23200
240450,11007
197981,214036
54135,92500
16695,378529
46907,20191
214579,33034
110365,86127
192260,13239
126275,39124
191416,220716
16695,21965
127822,325374
9330,22221
90963,117423
6241,349
2757,677
53966,74779
28890,18901
61904,54376
14747,27278
185807,8209
249845,3228
413336,4526
33978,4497
234966,55779
34928,31698
75458,167952
139450,16801
15077,43004
6435,19870
10115,9484
38943,16177
104463,2266
325463,40797
413336,3549
16695,120571
154451,50652
195329,3965
328353,103613
16695,110091
335126,152909
16695,87391
16210,273500
45386,9850
58574,275885
54623,67433
16695,47927
296326,284938
402358,39124
174060,28076
6685,69970
327830,677
32849,32858
141456,38586
357403,99150
63126,35022
331665,58194
220686,47448
202009,8064
60146,147421
19370,7960
13912,32381
247303,93394
60120,67867
204837,3060
208300,88
91143,14470
57973,21068
54135,267639
159335,1988
1494,5335
224704,14570
52909,52936
27484,4259
97720,6947
69970,141619
307789,1988
104039,20191
71285,44939
327506,677
306923,44909
86318,137587
346996,292433
316130,329
178302,20191
86127,110365
47184,17137
199559,88
259979,259981
221475,169141
12038,349
139450,91840
78319,29296
6982,13145
7913,957
7803,136894
370186,73979
5137,5116
60705,359134
49547,88
333812,109976
104109,112325
194359,11053
365533,411029
211507,7779
155937,11036
204768,299898
210932,191297
12866,9858
46503,46507
164387,39673
311633,1988
117336,28921
380098,396142
288273,291194
247141,37561
10176,29189
69970,6685
78483,44003
33095,86778
260945,77620
156058,188549
3758,78418
70267,559
102394,17460
88298,113279
102928,75458
106655,16210
281001,286165
147252,116646
33074,33199
312207,312209
324301,26186
43022,677
78849,10592
402358,35376
90573,26186
139450,511
29643,64339
62470,4344
180616,81092
32849,32858
16695,957
348176,73749
89713,14454
221056,181425
72592,20214
30929,233709
206269,164291
62804,1250
221471,248470
16695,995
157859,349
302290,116028
352040,390395
4572,77979
16487,99851
106789,132118
5380,1494
262016,349
62791,69018
62506,5255
190171,168634
268801,677
16695,391627
159747,88
108224,24033
105118,23205
64519,3808
131181,229374
218979,677
224852,37231
103546,27484
365291,365290
35375,74636
10269,261489
63968,1988
178302,20191
62791,184227
327830,347822
50250,103283
294401,73979
27705,50305
413300,677
31187,152768
99047,14650
62524,88
437472,677
362083,73979
9696,72666
120725,120719
87287,7803
5137,103545
97945,38636
207170,96067
263711,98963
31698,35010
277764,34928
39380,12696
311075,77231
194153,49456
45719,10592
39106,6940
10691,47683
110249,102206
14236,3888
3134,1322
441973,432982
309853,12281
234652,234651
156058,188549
220124,677
222473,1988
204609,73458
22991,677
29213,166135
6789,383
102482,71822
235380,12281
121976,152929
207170,96067
152834,19350
105435,36932
13063,2280
359093,689
15608,13486
117319,128580
117539,24443
360141,286165
182773,58159
455276,23239
159747,88
64976,18523
43445,19315
198410,131183
106821,41385
233708,111996
274141,274142
325463,35772
224843,237549
151791,236994
67867,60120
362083,73979
274186,20011
114273,29578
386691,34312
182773,62230
334882,88
454108,68278
192260,10093
211507,7779
7249,328597
433619,6940
42425,84924
186674,88
397331,57739
123993,16335
184091,88
95027,66063
39410,16088
93313,6714
408489,2080
126875,29327
149827,10924
136072,40250
206415,88
16695,419446
399704,13798
351697,73979
22470,7462
428746,88
263611,404514
79597,79597
411379,677
124554,286277
288120,88
83290,10445
164884,21057
247320,677
327829,1988
250496,163477
185348,44041
16695,47510
213169,37430
371373,677
198657,6241
303878,43986
214039,208883
113549,149327
286165,360141
43276,349
15801,16088
413336,4526
215027,7962
653,76
261208,88
97311,32295
394034,207170
160570,88
129751,257324
78890,134502
289411,88
137452,72065
261489,10269
34555,152981
425126,88
67087,7034
303499,116924
231947,5335
6241,220962
235380,12281
325920,677
299011,102591
235364,212065
35128,116143
237339,88
418524,220
388339,677
434508,88
117661,186731
171191,88
362316,68278
96067,394034
20954,71496
4927,32869
136894,17172
31381,139009
145108,88
91811,91808
58925,57257
282870,17538
413336,349
428,66068
419580,349
74636,61446
102682,139500
105435,36932
57358,11395
132118,88
9939,10023
200810,22512
413854,677
276926,88
145284,115461
289751,2402
151536,7955
15376,88
271943,88
92625,203567
194838,169425
39635,10179
54791,67719
392788,1373
236493,88
81678,677
94707,17245
23205,105118
9784,19270
309309,88
125969,58991
20922,16542
220187,52926
216554,20363
224299,1373
159063,5137
289427,88
199018,349
323425,677
2221,86775
67087,7034
89444,20191
145315,677
24455,24443
79494,142939
159747,88
328598,68278
265835,114837
120736,191307
155630,152684
212539,88
27311,18431
123298,192897
58874,58873
375166,12281
213330,88
16191,13633
277819,677
116808,64729
30887,5720
14945,26092
424421,88
406721,224293
102482,71822
421021,2080
193313,57738
213945,68278
4142,18125
89444,20191
292770,88
227870,33485
171191,80940
36905,36854
173865,88
452344,88
196120,73336
75083,104613
98766,48780
448791,88
165388,677
25664,3808
42386,28664
16373,22759
213945,68278
173555,161619
100897,12606
220152,229163
15691,10924
224169,224168
107829,88
152190,56285
234535,677
181543,677
78171,89444
455274,88
17279,11162
212126,677
379097,677
346996,292433
53503,53618
441844,88
259914,69282
194838,169425
275541,98471
120310,88
364464,88
249809,34283
111367,88
199455,144704
219674,88
239548,112435
289427,88
407563,110210
196031,11395
18069,10924
215220,201204
57277,16537
213552,88
452824,64911
284935,39523
328605,175440
64976,51886
32101,12899
197725,88
130703,54258
414818,28462
214869,88
125651,2356
52909,76666
57542,116009
48312,88
389415,88
179725,421044
111996,233708
79636,88
5064,10712
409737,88
279126,34241
376381,421990
232925,152909
17131,677
105132,8927
171734,32901
343280,27738
368200,677
414166,5335
209640,190893
287373,184965
352617,247974
138619,74636
420126,42577
283194,283195
412359,68278
35003,263874
182007,50901
81578,3726
304736,88
363028,43031
50250,244219
194421,68278
246477,8457
4537,7171
95881,88
427310,88
110149,88
339376,3369
234648,19913
310682,677
107278,239253
169128,88
1022,40569
111723,263870
194439,10924
225963,136208
96495,33034
283194,283195
210215,317
22283,22297
444973,46754
247974,352617
423183,88
48749,926
185437,1896
160792,56103
91882,20268
422288,68278
128580,117319
236994,11246
363517,363517
342410,34241
64801,140391
27855,3024
278160,20073
436207,4526
298182,677
138395,88
47881,103521
117175,9116
185437,1896
416756,416755
383501,388700
309526,49179
182891,677
312266,12352
78171,89444
87398,170953
410847,3549
321595,348729
14315,343280
303437,75174
22113,42894
18028,18028
117539,24443
9283,9300
47986,42177
152912,129168
197205,114159
180496,42660
416593,4526
73458,204609
86783,105519
352682,372271
117319,128580
72185,4368
193656,35920
17535,677
280161,159353
15826,43594
103008,37502
165414,29002
50408,29029
70832,65993
68633,38602
208233,179859
21455,13102
135182,88
278219,33034
53542,230165
44814,88
92500,54135
99843,16487
72405,77043
17172,136894
93502,201321
342995,376316
66287,34236
343095,24676
388895,388894
250602,26175
241712,241712
4677,7368
445225,88
422359,88
35920,193656
316851,2280
117319,128580
206854,11395
136309,33442
198004,19253
194365,154842
402807,88
168467,86557
32204,88
55109,12595
22859,68399
129505,7930
29189,10176
146051,93502
171191,80940
308376,56794
137358,42179
34516,27708
356472,55778
17501,677
79169,19109
16798,24503
264704,34957
416593,677
42343,3997
162643,127174
276276,276275
442329,4526
385633,317165
173865,88
448871,88
172180,677
17172,7926
425029,35248
13242,68886
69127,82050
14216,50627
196671,13633
203948,88
103521,47881
114783,47593
9886,28605
72174,677
165351,58219
192260,10093
34948,34928
221559,4570
400889,8395
145163,33810
408505,73979
19890,12352
434123,27982
147362,2280
297734,1988
41790,9858
76803,1988
215766,229883
327346,117421
196217,62828
442329,4526
614,114616
126875,29300
17501,677
103926,52676
82632,82639
7104,13747
196248,8942
198004,32671
64170,51053
275685,298963
118210,20227
232393,61477
207170,31086
69970,141619
231117,677
177884,114271
129505,7930
10171,26450
11185,41185
69127,69151
209648,677
169339,169336
234233,181779
181353,12352
59847,105441
12586,115772
43594,15826
76803,677
40838,57778
208883,214039
179859,208233
28605,9886
243511,8135
35258,34512
148277,195362
128003,113489
126458,43347
132404,88
405447,9110
94243,220416
107613,32354
58179,56447
407288,3726
76803,88
124376,88
195044,14646
396915,677
29209,17172
35699,35707
316446,410769
244035,261823
346381,677
33713,34246
265175,265174
71112,10482
199015,279637
367754,56698
122782,86838
105435,36932
76803,19870
195357,37231
67382,380310
382065,117364
348729,321595
164883,48312
189788,1503
6241,10894
80973,129378
444866,1896
40886,40878
50228,50250
79982,24503
75083,553
12600,11213
243333,677
55778,356472
228300,5185
143723,211994
352617,247974
116530,82295
227350,162402
36078,36053
93990,52629
306446,192928
203268,159195
16690,130451
223875,23477
26158,88
10176,29189
69026,13633
217145,677
153535,88
96498,10894
151152,677
221273,88
82632,82639
48312,88
98272,98278
134874,6940
215333,88298
318856,406640
238346,40285
422384,216
433654,88
141163,36660
130790,16866
61477,232393
50742,88
68954,75552
376644,386147
141096,14169
31117,67845
134090,88
159195,203268
12038,409
307056,97624
12008,216646
310651,280015
47291,16993
69851,97333
80799,52893
117539,24443
390573,369424
208233,179859
73319,73325
29353,118086
144338,42916
344421,677
152768,31187
440992,440993
374544,374543
40878,1988
170128,51543
19192,26848
69851,97333
221231,88
242955,7756
341145,188612
46584,11792
368985,30368
124949,317
117153,238885
114906,105007
435848,435848
14593,30299
17527,43539
447273,55951
209246,3726
168988,28157
36078,36053
200421,47327
3206,88
70075,7131
357107,383
12836,26732
433010,88
88671,88
240646,375842
50315,57097
322092,322093
35993,89322
149082,677
225627,88
65860,28673
88793,25660
255830,39492
52238,337117
374757,54039
398622,19913
47999,43594
361464,4665
361519,88
12281,277488
70075,7131
135170,43594
339860,146284
614,137480
131039,131035
27135,30097
179859,208233
312028,616
215573,185479
229384,8299
396770,102783
244581,47503
402100,145270
159063,159063
144128,203214
116460,17468
243832,20920
318714,222879
211329,73343
4570,4487
68883,57604
71112,3374
32671,198004
163640,20624
127405,92490
85080,25645
27311,195533
23940,27823
183597,183600
62139,119958
357107,88
118079,72185
152768,152768
318856,406640
8639,752
322093,322092
12836,4328
222746,677
50305,14615
351162,136526
199223,88
155372,207445
446919,677
423183,88
226141,9797
238150,13416
10941,120396
32671,32634
184413,86822
437440,56028
270785,88
52905,238570
189977,68399
220033,677
109647,68081
308620,308621
154650,180536
7018,9313
265522,83241
76734,50412
409737,88
114906,105007
58204,166095
430851,19
36694,61805
249804,56756
45729,12507
138614,29864
154659,134757
93529,78133
195044,14661
54069,22240
3752,121739
445078,118475
34555,45605
232088,15251
134270,77904
356110,677
249524,14685
218020,677
207922,7930
192260,10093
410459,410460
71112,83387
446821,4526
293465,293463
46058,2166
32634,32671
270785,88
20483,120214
22039,59674
164915,20150
356472,55778
94911,68388
42791,4080
295857,55466
82330,101253
104109,86976
131358,70769
397541,138701
170265,1988
369943,88
68388,20222
203955,203952
322645,5716
307070,8616
77904,29353
124376,88
333924,10905
354026,88
250878,33651
433010,88
207507,207506
452366,34306
43720,24239
281277,19572
72819,20920
18921,228579
11420,88
261489,10269
24967,24972
145941,20150
126905,677
35729,3533
265772,25110
265379,70120
46928,3726
246784,287656
404235,294318
123444,123445
79494,142939
36078,36053
265174,265175
345025,9238
12594,88231
149002,34306
352053,247640
256164,677
249600,677
105731,74778
169103,17172
102383,14661
2149,9325
234654,144453
365138,3998
21450,8005
154425,62496
223946,923
270785,88
10269,131336
424771,531
396952,16527
235700,36660
19814,183910
2520,15816
3292,14615
85188,13633
197552,1286
46554,27716
129505,7930
364309,73979
284676,88
121843,205233
64177,130001
7194,7151
28863,15701
47518,5335
226367,2662
84486,73732
208451,25150
124376,88
372481,110210
6693,6674
170503,2193
10701,77904
12818,12875
184519,57778
194592,88403
188755,70732
179693,300004
268968,24676
29209,17172
204429,677
41179,13808
177526,72185
394101,677
247126,677
78015,88
59049,8005
46390,16527
44870,10482
88209,164839
98278,98272
326562,95343
281045,289012
9997,3308
124376,88
234654,144453
4328,12836
168093,70812
276906,12281
413300,88
31214,31719
143224,119772
326562,54039
72468,10941
42760,8005
209558,95124
287345,94244
298896,291591
88231,12594
93529,284016
163019,20251
270785,88
323711,88
126498,107613
48084,14525
50228,134319
20525,78004
280828,280827
205717,7962
163118,38635
265175,265174
6080,8005
47596,17668
178373,60562
227671,7930
387518,56698
199016,88
165111,2662
17279,349
172766,88
177082,3374
110522,388914
135310,43365
28035,28035
382539,73749
358651,1988
45605,34555
157724,37502
752,8639
180713,3374
209641,190893
299174,88
217195,84835
13383,8005
206368,103487
32754,46344
326370,86802
271459,8721
221148,49404
50250,50228
327935,8
171862,220
146766,19913
217152,4526
190179,64177
3730,3723
16140,87144
405854,56698
91528,26044
404011,308065
43136,1266
36066,158490
84665,22808
222578,310048
313515,68285
400879,28476
303508,146288
137876,202419
413300,88
102227,14650
405506,64541
445765,4526
161924,364484
225393,36660
207056,158805
189150,91832
39222,156271
118534,90963
41179,13808
96775,44307
414209,73692
26158,88
104376,124098
93906,2193
260929,3726
58518,40214
39911,69876
59385,56023
170464,170459
76922,69366
196324,5041
212983,25339
45082,45070
260659,114159
13159,14355
120696,120697
5799,3273
279597,4893
276482,225088
242244,8
22808,84665
451174,677
13621,121717
150627,3024
389,12818
37428,13127
58518,40214
17933,68954
259426,153835
39977,69561
122809,122813
389710,56698
44759,132190
11650,6882
260929,3726
262137,265332
423437,68278
325150,677
4328,12875
49974,10252
301696,301697
321019,321018
49404,221148
29975,19118
44650,51492
127405,162894
73715,84833
297268,37502
77904,118086
291591,298896
378013,235362
165106,121048
95404,15127
415288,8005
40657,23690
276482,225088
368527,213819
46554,27716
121744,20150
184519,88
424918,12473
357156,12281
418979,56698
462,88
67845,31117
276946,48312
103368,20192
377167,7930
12574,12578
104193,201976
268950,312252
24671,8005
328526,268845
42894,23593
239521,239522
90330,8005
374448,317
37255,8
43188,88
173968,1553
13127,37428
13528,10701
214140,235936
125816,98901
277987,8005
108383,23432
69561,39977
139643,18188
185197,281202
36066,158490
4727,4515
122619,44003
95629,248917
63764,312252
409861,55951
78004,20525
16140,87144
91506,20251
5021,28664
52171,137939
319196,7690
224899,88
22406,7216
409441,12510
13616,13628
122387,58978
195362,148277
319555,1343
204184,88
223187,88
36076,36078
281774,12281
43160,42
234942,167832
200858,7690
245376,38602
351362,125102
236994,2567
39636,4515
20516,27647
173572,3808
146171,146172
51253,24341
336563,336563
14992,26807
114610,30231
93421,50297
73820,88
403923,68278
21122,4570
73060,9341
106311,20400
124558,436923
436788,677
450824,677
176440,3188
210761,17888
32105,12875
53285,23224
365467,7756
220602,677
441148,88
127524,12421
328996,3506
13275,2177
3549,8005
94406,4515
16518,14663
330322,214263
361615,77620
216618,396141
144204,65282
135803,233448
217749,31650
114296,78800
239522,239521
64987,103606
36312,5562
213602,209883
66279,63731
115648,4515
39977,69561
78506,135803
79644,88547
265379,70120
141619,141619
271074,211949
361961,56698
10264,9863
187267,11341
101253,180938
358757,256857
332650,140443
380183,677
334033,373626
13633,260659
388690,277595
52913,52891
299064,6695
416321,89644
102524,55152
39100,165975
58518,101457
417515,677
129505,553
24730,1988
247514,3998
325536,59985
413444,677
125464,58791
406926,37231
4172,4025
4996,8005
425148,425148
172079,88
281827,8767
295537,295938
61055,8005
79251,140613
10238,50419
43004,15077
143426,211732
185197,281202
214133,127681
48977,48974
47700,88
122809,122813
378976,37502
94406,4515
310048,222578
175111,118088
47006,3549
421021,421021
47107,48977
47006,3549
88470,7790
10264,9863
346516,358365
216382,47926
129505,7930
57804,43550
93206,64177
205859,116022
318856,223728
329510,54222
67853,30598
4996,8005
299549,42
25258,21361
184091,88
210404,208467
8201,12058
429535,144129
110144,75548
295412,14714
445188,67382
158989,75458
308828,68278
436473,7930
161395,128003
53285,35109
157214,129217
300952,68278
233448,135803
206368,103487
135621,67712
30891,5391
42894,23593
315805,315804
311827,139912
271396,271394
75689,27631
9660,14787
28673,65860
96775,44307
365994,112949
177746,91500
383372,349
69127,69151
11521,2373
454712,88
291903,677
35156,4259
223995,280540
33331,3691
154493,4259
3847,5040
235387,5585
268651,88
212877,17155
177691,87467
21432,3374
212549,196658
57732,145928
109976,333812
10381,144129
187091,24800
129217,157214
251175,40402
206354,8391
121428,303897
287191,151154
257261,35772
12875,4328
275184,356
134833,134838
284017,284016
54258,130703
21306,21315
13078,19254
66279,165698
127910,25065
114199,96080
290348,290347
282887,20227
169128,88
45707,46419
111407,73343
395299,38602
284935,39523
196379,13633
421689,34719
5736,2417
184091,88
50308,118534
349593,64240
151154,287191
351994,182993
49911,17196
263283,20920
213397,677
169216,164460
167140,4259
219551,4259
32999,4259
345715,33810
308531,20205
203728,67382
57804,43550
108328,108332
36509,94359
110207,7756
263233,263233
91359,16640
198203,159874
38873,13089
263309,4259
280019,278797
421713,421715
199836,39493
66901,141914
24341,51253
206368,103487
144368,89036
170103,6080
203447,4259
428239,351018
15493,15527
9341,24565
2175,6241
454435,49567
47966,4259
42394,12875
109647,69230
134319,9021
3273,5799
278536,49439
358192,39523
399331,69237
316178,73979
190893,209641
241018,154496
67712,135621
223245,229446
444999,5245
329691,85957
84112,32156
48375,83741
48977,48974
4328,12875
66901,141914
15127,95404
102394,88
442075,2233
238671,238671
165111,370
54135,92500
94380,38642
673,18431
116141,54791
24443,8614
391179,4259
99900,27864
302251,302253
5123,14907
351994,182993
102317,292314
281202,185197
147056,7756
200070,88
114220,4259
92500,54135
358192,39523
168379,97311
10135,62458
154842,10924
70120,265379
25065,12899
80740,106399
65945,11587
185651,69998
51635,867
310894,53817
131157,13420
260748,16488
17166,4365
553,129505
262065,4259
193550,4259
354662,31957
308205,283502
235724,88
83640,4259
432784,12421
365138,13813
428878,238183
4543,4022
24565,9341
108034,324537
282164,2233
163741,123121
157884,282902
69891,95020
54135,92500
358192,39523
149819,14650
301928,4059
275935,93502
142927,119772
375243,828
445435,37231
180041,134271
87072,13633
201321,93502
371968,54488
10712,4259
11577,50521
9863,10264
50927,67382
271396,271394
183192,56119
179725,421044
179725,404711
23593,42894
74036,44190
424408,66292
326705,88
271257,4259
28253,87665
161395,128003
196699,677
6080,8005
425361,34312
236994,11246
330661,115560
210891,88
40608,21686
179767,192627
36078,36076
141136,88
36264,4259
18523,64976
175028,24443
164883,2153
164358,15846
78901,7756
125491,8294
36989,29403
218257,218254
39124,88
158738,151578
7690,319196
21686,40608
343095,677
145728,145736
4543,4022
192085,213
239851,235963
74458,232445
274820,55788
67382,50927
312367,312699
302025,27738
368117,6408
184934,2233
143224,119772
96080,114199
102915,7756
129953,116893
241918,88
278797,280019
214579,8005
144350,49448
35268,28076
95404,15127
197176,25409
59177,2417
111113,90083
134304,7690
113729,34312
132180,10487
348302,54039
37753,16188
359969,234023
277799,102690
3361,3339
398359,677
215258,88
344516,344514
215747,8005
24974,104193
201966,4286
327162,1988
149261,88
141328,128987
59155,2417
169187,88
229317,170403
210429,4259
145285,40843
188944,19913
66754,88
235724,21585
125748,88
329425,26186
104193,38602
67382,50927
265379,70120
29477,120096
168110,215545
171681,199933
3684,3592
217493,2417
357461,88
206855,222619
13218,677
93502,201321
445188,67382
179358,8295
123121,163741
201762,12899
3450,26728
164150,220
327469,129563
244713,4526
261475,156920
35723,16188
17527,57766
73568,8676
54760,54758
53449,25934
386498,336038
164833,87173
307066,68278
165916,30231
441576,677
278797,280019
33713,34197
260659,13633
450285,88
169216,164460
249809,54039
391888,7690
57804,43550
208369,2662
188612,4259
281202,185197
275569,34312
228621,88
416386,220
238671,238671
158738,151578
357264,132228
22759,53405
52126,52125
183192,213910
185835,88
130629,130720
287360,78494
368103,299117
134478,217605
251691,406093
350101,290275
435627,6814
195533,88
102043,217770
206950,192121
263123,263743
85767,39511
400982,4259
416236,39523
60208,88
242943,76927
228631,12411
427356,677
12818,12875
98639,165698
146367,3549
357264,132228
156643,156642
15682,88
369508,7690
225533,88
79423,79441
69891,95020
55926,151692
155675,88
427641,31957
6752,25664
163741,123121
196558,39523
177272,59053
3726,19814
57415,21097
21267,100476
139084,36224
195613,87084
146790,95368
67382,445188
21759,4259
288595,16188
13068,12078
340131,88
3549,8005
229317,170403
7814,52126
385267,385268
226996,39523
69891,6940
23035,88
213345,8005
286166,16188
113759,93511
189679,7739
230575,260713
222578,310048
295412,14714
284301,677
369508,7690
225479,3549
55592,4259
328526,268845
365138,3998
313053,313051
371742,88
271725,58411
309547,677
209195,209193
29519,5500
158372,3374
171912,88
10217,18775
114199,96080
47506,13633
38602,175358
53748,53770
47506,13633
243194,243193
237225,88
319068,2233
415089,3549
426935,677
13912,88
293539,3369
421475,4259
117539,24443
28677,33084
87173,164833
264450,4259
109536,128944
208625,8461
253845,21983
21686,24045
308760,35729
402626,14572
114461,33301
295438,34488
206944,84097
55592,55592
290275,350101
6779,30400
116893,129953
46680,22776
260134,7690
69230,109647
421317,12755
183114,8460
318892,37502
369508,7690
220033,3549
332118,14611
245088,17468
81422,110878
152942,356
422300,17989
43435,356
442045,4259
165044,31171
25616,14882
10446,169657
433155,66068
358664,40285
19367,8294
71311,88
76169,51212
273898,47833
68912,59520
145405,71335
209640,209641
232690,5040
389299,14577
83134,59406
210478,210479
72280,22776
236994,11246
50620,77612
226958,281193
229378,3549
399484,88
77890,213714
13628,13616
378365,22734
396788,324550
39275,39275
315346,82122
10467,10463
78371,168495
223198,4259
406721,224293
16110,17948
201321,93502
104030,26890
48956,22734
19192,8005
88020,5185
67087,4172
395041,6948
412611,21983
104109,202320
64314,19159
109023,22734
422300,677
46546,22734
433350,27748
212549,272077
370477,370479
214695,3549
224029,408
237267,239320
251014,677
323715,323716
209640,209641
149794,93318
152472,49456
109632,54213
20152,38602
237051,4259
6080,5189
141017,4260
303838,4259
72573,22734
153591,88081
82122,315346
154309,26732
168993,45417
47506,13633
277604,34519
138461,37502
49923,49026
170571,18014
133325,243862
263882,263883
253025,253028
265379,70120
171669,79741
161982,72280
398182,2233
48350,4995
168348,88
336953,4259
102317,292314
98995,7690
395893,395041
201212,89072
113848,36436
15691,11211
100446,141703
56641,3549
248253,126375
125728,46668
191952,69014
436092,30598
15826,146105
215599,88
249075,34950
152838,14572
35375,35376
293074,285253
31171,165044
144209,40263
167623,13621
303866,119772
114149,17936
128010,12770
64755,88
418990,260698
58819,11752
22924,64899
155868,155877
15691,130898
81422,13808
107507,163184
433702,4526
395529,3726
208458,50048
52208,63958
255394,677
251528,40878
19814,3726
11844,26674
19178,67617
52288,12899
212463,3549
202083,7690
415083,129563
186294,88
21594,2138
58518,26674
96555,157502
50836,88
8123,4259
232539,194120
291671,10445
1022,10467
32972,39106
289388,400613
189417,8295
210229,93184
9863,2166
122356,16527
204627,26175
419318,677
46390,16527
4995,48350
20302,81578
363364,1373
22776,161982
125491,88
186294,88
281224,5226
18487,2138
144204,58744
444549,166095
92500,37502
260658,87084
372292,22734
220665,7932
34307,350325
373803,58744
206354,48232
149794,161849
88702,23422
379411,34306
81422,88041
77890,213714
143634,82772
14177,14167
214499,239301
324955,324955
388462,26175
17031,2138
10171,995
72174,239347
255086,3549
16773,21705
33044,677
445188,67382
206021,73697
87583,11162
67877,185783
52288,12899
175102,14197
377782,3549
257690,68278
400613,289388
100763,39523
19178,67617
36726,15926
334391,39511
105085,7932
241712,241712
190537,17269
9331,32532
234072,12389
44042,28067
254785,3549
212334,148318
312699,312367
325946,1253
182416,28210
32324,49586
214891,224138
212928,63616
187678,323425
188192,295412
275496,12318
281412,88
47843,677
91837,677
180484,173705
344841,88
416723,3549
133763,84206
9679,349
35729,6080
153777,13241
84230,65945
354662,76694
21589,2138
362594,52476
9854,91267
40701,21119
100067,77548
318333,88
72466,2138
185209,14109
12586,115771
243862,133325
12318,275496
61398,208558
386318,52476
71770,519
38602,151857
167072,16533
373803,39511
215981,19075
323711,325245
330025,34719
91116,87361
13808,67382
313295,99007
188957,310114
33146,3726
265677,34312
250481,167245
5406,640
67617,19178
100583,31416
390710,60525
21089,63304
12424,24084
23224,53285
312457,64544
156080,13537
278585,50927
49926,36346
20152,88392
58518,26674
76940,4665
144468,99701
302981,82240
204131,37545
41808,28963
350152,350153
324349,79878
17460,88
246847,246848
5008,12899
34002,133142
114159,130629
326604,2280
228692,383
10941,10901
373803,31957
436069,26753
138209,179008
32634,32671
317809,237026
101479,40214
12193,12318
245726,79350
147519,119772
111189,44042
143372,550
31171,13798
443753,677
15691,8005
234072,12265
12586,115771
118093,677
260422,260421
19178,67617
69561,189606
95027,857
79223,216073
125305,14575
156350,105219
247479,4368
219264,268142
27627,168352
206950,206950
343075,3369
14869,2233
385853,77183
53285,23224
160809,1284
4497,4492
243092,3549
79423,53660
95027,857
149144,8005
179113,112860
210229,260079
78479,186332
387750,52497
376057,7690
255589,161849
256138,404355
33288,58732
222396,88
325946,1253
81959,31416
320846,54039
222734,95118
337162,6674
209458,3146
130898,15691
449955,88
47015,113395
235891,2060
186332,225027
155871,173705
164883,88
69626,8942
115422,115421
325487,69734
329972,88
206045,31957
124269,124266
110717,295169
303052,88
247645,677
8052,44435
6520,44435
329972,88
235590,4380
340332,21625
5767,5693
78962,47013
414082,689
118093,26158
259871,2138
62607,60818
64734,8005
126125,96752
139890,20363
11334,18901
6072,5693
416593,3549
144176,14650
366325,7436
377122,377122
75154,356
9920,8942
67617,19178
16427,21705
329972,88
288318,88
220099,220100
289115,46189
442490,7932
382486,228860
308963,176054
155697,100476
264794,48728
167056,20363
16140,3533
297934,53258
221886,163323
212334,148318
359969,234023
43168,33146
19697,2138
381287,281751
63096,22811
355652,243613
155310,88091
29417,44515
54758,54760
15827,241306
215495,245391
334893,60460
304538,12265
314280,49440
346136,239782
95881,46754
325946,1253
92719,55053
195807,195809
432272,137605
114262,28963
443014,88
78114,58874
48259,12177
210091,4259
222967,222967
102690,95933
54758,54758
187701,12966
100583,9278
12909,76734
57449,99101
228081,180565
140246,2233
203491,203490
278897,278898
267152,7932
220100,220099
388410,677
216784,216785
262865,31042
340587,88
51764,67908
52926,220187
51789,103509
17191,24896
283424,2342
211446,20363
164277,126639
220100,220099
280857,677
337861,14650
307073,439603
156920,261475
57105,8835
2135,7690
55053,92719
42343,38034
345111,133027
88671,88
233342,138
445765,3549
327935,92315
280402,292770
156116,309343
10741,48350
103177,21109
107565,1882
98268,4259
398974,15496
326604,47505
9696,12696
164883,88
2603,36681
28785,38312
138443,18126
141302,138732
216236,390777
24443,117539
337861,21109
29351,18014
40639,24084
68164,70964
76312,15283
285071,386630
44725,3549
140605,3549
95118,222734
367263,367262
250019,250017
8835,57105
169657,144118
13621,167623
17075,6918
27623,20359
269832,269831
337861,61138
91601,677
133027,345111
246166,24802
249809,40279
92643,92618
454364,88
69998,185651
50967,140003
108480,623
126375,248253
310443,20920
236696,184367
220099,220100
81959,31416
179616,74452
10381,162764
259523,16607
416593,138
211223,100403
93529,78133
280402,292770
14975,14968
13455,4259
175779,92624
175337,2233
194067,12755
210817,191306
416593,463
70447,308784
210059,59387
65674,65673
79007,90900
141033,95614
51322,339
100583,9278
7234,117524
228672,91112
305640,135424
88671,88
302550,25927
32702,9313
170689,161718
416593,41382
92500,102603
163184,68304
371001,56119
407069,110518
388460,93502
338868,34719
48012,26655
37742,16188
217080,2138
10463,10467
454364,88
383915,131783
355476,88
115002,34027
188249,16188
320846,14075
174025,65945
282618,8404
84849,83409
77773,185593
368597,34312
91159,142617
101641,34719
329972,88
217756,4059
164883,17045
38602,104193
225303,11202
345447,1988
115620,2233
199559,2233
174507,28261
382940,220659
167472,88
57105,8835
355476,2342
60141,23345
38748,21705
91095,74040
144104,13808
50742,3808
144176,34312
85856,97920
127745,144559
77043,72405
302553,302552
88671,88
175337,9896
105468,151522
346046,346046
338381,26555
192651,8902
244923,168985
281001,360141
316615,8399
66360,45379
220100,220099
343698,4259
379046,3549
128010,12770
134145,8399
21625,340332
327935,88
244923,168985
27256,242943
433702,4526
12866,22252
94478,41059
8438,23780
57764,80775
309594,97686
22221,88
391186,677
118394,4259
150305,2138
324955,324955
445765,7962
12945,4543
35672,677
222396,88
332105,88
221361,19430
204367,178441
135256,349
72967,92500
38911,5344
196360,88
32625,3972
50913,62607
74021,74040
399810,399811
323711,325245
35802,122634
38011,42343
120725,120719
139900,28644
348955,348954
32532,9331
118754,46535
220099,220100
322696,112050
259914,37625
12586,115771
418574,30578
259377,31652
373510,128587
78569,44515
66750,16373
15827,241306
96181,88
95027,37796
45463,75182
66360,45379
87392,12305
10692,10692
228579,88
366705,345068
270538,270538
321595,323774
309343,156116
276780,3549
383983,37502
244923,168985
319622,319624
228860,382486
180941,519
354026,88
249296,13603
91850,22207
267232,88
90070,90073
211249,3549
211708,8903
270419,183894
383028,4059
205046,49448
344605,18792
143022,67075
186245,88
3239,142304
164883,88
88671,88
347311,347310
345111,133027
55410,20080
256479,377508
95614,141033
208867,6241
23780,8438
55266,18193
48728,264794
196658,145836
191592,11346
253943,50742
384311,39523
287670,8005
173886,209442
165025,100434
156558,135256
44909,306923
183177,183176
3778,3723
235724,47759
400748,400747
192651,88
228672,2060
80239,136717
215781,267152
117108,88
382783,335
294163,131116
106789,45451
102394,30222
80322,54291
159729,49448
26166,23395
393286,88
368117,1286
358659,56022
15049,13778
421715,421713
52913,52891
86790,20244
119701,34959
43203,3543
12393,6231
235724,14454
92584,9186
350454,103854
5767,621
399811,399810
401913,3795
28261,174507
291355,3549
20878,20080
238174,267152
188957,310114
339062,12281
309810,262506
202001,88
46542,20244
33833,41944
439417,2233
438263,161013
353531,45451
285492,7932
152874,44902
45419,35304
290867,12666
208378,677
218254,218257
299174,88
387004,338366
388613,388612
207379,88
285082,12265
5693,5767
375527,283502
51143,16007
88542,68285
84112,93502
399810,399811
436207,3549
302553,302552
228340,677
235942,23002
11916,21705
351177,3549
153864,12606
138795,356
394375,129563
165626,88
410318,69883
160335,54222
217111,123443
3730,3723
122880,167833
79561,28644
52497,387750
153809,21686
50742,253943
310061,88
321183,269830
23780,8438
23771,12456
399811,399810
245866,283409
108198,7013
375484,19153
306663,11882
95017,44042
318917,88
21704,148155
386233,16188
388460,93502
138461,6974
72291,67092
259377,31652
97920,85856
40550,61891
441647,677
45247,11406
248183,238833
8202,8199
267865,7791
181853,401076
173397,3369
72291,162023
362650,362649
110605,44135
302553,302552
367599,4259
346369,267152
133027,345111
137205,6674
66750,66730
164252,214692
162366,26538
103555,4259
206356,208214
311900,45446
97920,85856
71565,30231
156116,309343
54966,148140
8902,134319
166101,375564
94688,113041
157637,44113
233416,28261
142332,129304
147178,375684
131116,294163
264794,48728
43795,519
100434,165025
38592,38580
51501,211395
227236,26755
451029,2417
425933,88
10844,10836
87392,12606
28644,79561
312954,68278
59870,301554
92704,212128
331666,37561
148793,3549
107804,52284
291094,304715
164883,88
407407,35064
413033,677
336266,82875
21704,148155
61537,60307
34555,464
28261,174507
6761,464
178859,167774
5280,14945
93343,73357
134030,4259
20161,20194
103550,88
427382,3369
46433,2342
21979,13268
346369,359976
55989,10710
261229,2417
172243,208272
223839,48652
60035,99145
337560,337561
80428,80428
72385,145802
6761,464
160910,24676
392698,352305
262554,88
113126,10704
167472,88
187947,56860
218254,218257
29069,29069
11257,88
4509,7151
192140,357125
212316,4259
38580,38592
115084,142278
83377,10911
177654,256146
120588,283684
73578,677
138900,292354
6241,163027
320915,21585
4374,11179
200962,136255
141152,464
286902,117539
74660,170494
51005,11977
286865,100863
407856,214592
455925,209175
15691,15799
327935,88
211418,2138
195008,677
87442,68313
343920,68278
23780,8438
331830,33301
178859,167774
224210,8005
207111,17507
58762,19130
118887,118887
49877,531
239253,107278
214579,8005
122166,88
10844,10836
141410,7962
136255,200962
66472,108126
123084,10741
21064,58159
199518,15799
80428,80428
18558,130629
22811,63096
233354,133200
214639,205624
82772,143634
52293,315596
163362,129091
382940,220659
445746,677
32154,8052
179795,165699
28261,174507
412367,332574
9783,242328
374460,352305
7807,14733
162023,72291
96378,116303
312457,23510
1087,9151
288855,238884
383435,2138
222790,155561
77744,116494
268286,268287
234968,3549
353414,53905
87552,14748
64118,64125
195270,5516
126837,175691
310862,314267
147394,3273
367571,9278
329972,88
37886,60836
158726,550
156116,309343
20623,155877
93051,23477
47347,31390
203976,17729
345560,88
67204,12342
177149,177145
307407,251658
206278,326374
208183,87270
50887,88
194181,59414
48350,123084
80009,317584
288858,115291
134319,166068
272239,23037
16002,18125
416430,416431
73555,22678
11743,58825
250541,1276
223061,13808
73005,119034
355151,415862
224293,406721
139721,9363
246784,246785
184519,141824
40383,4934
208214,206356
119701,21046
335909,335910
5558,55075
80491,101703
165970,45391
69846,15041
285724,7008
17155,48201
327935,92315
57829,11946
22924,64899
77078,69185
20073,278160
159874,159873
57654,5391
95670,88
32015,94758
6871,121057
7013,108198
124603,123445
120684,304565
251897,251896
232737,232738
344487,7962
107278,239253
154111,3808
182672,104774
17155,212877
255458,277273
66475,208021
326374,206278
46390,16527
14611,332118
131116,294163
257131,677
255786,212004
4927,3748
352970,4182
166068,134319
68474,79294
421315,73979
131116,294163
60836,37886
42778,979
318379,4368
37595,8052
389712,16460
387522,88
95027,8404
166609,166607
76943,331242
83473,3639
22221,4225
91920,957
350152,350153
402926,361023
195271,321149
113395,47015
79769,84949
208766,112435
185449,111008
48728,264794
15801,161904
323711,7133
15006,88
129396,129395
95141,63488
230580,205969
47579,179784
165741,273362
268141,268142
53466,53354
143898,36503
216921,23037
119547,148775
328942,88
165970,370
18994,21705
189606,239858
123909,380703
318379,4368
24055,34049
231036,88
305145,7932
170211,114312
147394,3273
336099,95905
165970,383
317499,132910
372212,7932
433236,677
174909,17468
109382,77194
245919,4259
318375,88
211306,2417
165970,5516
33212,50684
4029,7215
122356,40251
131783,383915
108126,66472
94758,32015
218242,261422
196143,47499
25258,115559
38782,105103
93343,137200
241658,317
343394,306538
237512,122503
122557,22252
170406,96528
5672,1343
336863,336864
21362,12870
95187,88
293679,22051
385268,385267
298998,68474
165970,8294
170848,2417
318379,4368
11911,7216
194598,465
131812,7690
251145,88
4224,10625
343394,306538
109387,5185
430198,677
154068,623
138816,122312
218578,58411
95629,156614
224879,10277
139407,349
133862,979
180679,15128
28109,40247
22221,39472
160337,111105
166068,134319
131812,131812
185015,17304
379272,132319
250019,250017
179784,677
134266,77194
252849,43516
274599,51113
222044,238628
195270,79911
34049,45790
93110,677
224879,10277
2758,165693
235920,5335
41068,553
189472,56832
187989,3369
380964,87439
5494,42894
158670,23224
91122,38602
291787,229041
218242,218241
111793,81064
321469,972
44119,22734
21596,45790
37502,297268
346876,311836
220100,220099
36529,979
208170,37696
250019,250017
44615,7274
7964,114675
248737,63283
288709,34264
208359,10717
83706,55567
171734,114048
38362,21682
206964,13290
168933,140613
362972,40348
343903,278433
189742,33695
42894,5494
34479,39384
216921,314472
155147,45847
52140,2417
104782,119779
170848,97328
274920,4289
33849,53285
47499,196143
41068,22470
425587,88
441969,24676
91559,49035
287901,218800
22415,66562
160052,16188
373417,161794
205123,220274
240829,88
42842,88
82922,217315
88671,88
129389,274676
403644,403643
34555,464
327650,40114
64245,352
331587,110210
4570,4537
4559,4543
394196,2668
225610,4368
298768,298770
191379,1373
441746,11921
234967,2138
220100,220099
449929,255274
215284,16574
283369,283368
201759,352
60035,77744
289844,14575
309169,352788
349117,349116
97478,115447
288709,34264
234810,352
308481,317
225610,677
436597,146105
92072,119473
409367,223962
187110,13346
275123,100863
261229,2417
156165,352
188842,352
61825,50677
154281,88
172187,69434
278797,237535
244979,2417
8835,318074
88671,2055
23002,235942
18792,344605
98204,26153
98204,88
98204,82823
98204,98204
98204,11991
297019,46526
248304,352
297020,46526
140001,140003
268141,3571
51806,157519
89039,352
204768,299898
34000,4528
203101,38225
452046,88
263300,261734
259393,46527
108702,103471
301304,136021
38710,112497
10708,7801
233464,251171
140003,140001
160530,41473
16190,80501
89039,352
163791,677
129515,13001
311218,351887
62337,68380
81961,18365
261602,161018
439603,307073
287903,677
55223,24565
47881,43725
196143,47499
30774,30757
84766,45790
17538,88
385267,385268
192581,88
10269,131336
180734,101872
260304,15538
264086,165741
167833,122880
147137,11178
5211,109382
454298,48073
217315,82922
302491,103360
383477,383477
16672,44946
4570,34000
26171,39883
84949,79769
450681,16801
275272,3549
65008,35304
294163,131116
274873,677
91122,38602
2149,9313
254565,116494
86112,3549
376199,6940
120477,88
40228,56953
96426,245976
192943,2280
23568,11907
350991,352
89071,268078
77194,5211
450118,95912
199186,68278
341401,21749
455341,301929
164883,979
96270,979
65159,8835
229174,406998
309169,352788
42169,2417
17527,3549
306456,19877
66933,66932
273362,264086
96181,88
205235,100103
415614,58812
192928,175016
137433,55052
257292,198079
97670,88
325428,979
37615,29745
243693,7931
120477,88
268850,23694
263688,45686
203490,203491
185834,677
164150,88
245995,531
11666,111897
66932,66933
120477,88
400591,3549
48350,123084
167774,178859
52293,41706
65159,8835
205320,160898
47593,114783
418326,31955
24648,1747
428498,7932
179784,47579
438283,36660
228592,12318
26092,103824
205038,368117
66472,108126
407525,7932
338457,12281
42715,42716
262383,14727
47881,43725
393487,31955
37502,35375
134319,50265
157916,166763
668,4225
277120,244349
102564,102564
48638,329
87565,135254
329553,14109
77548,63731
385913,88
22924,64899
211196,200515
293491,287612
187392,8208
15691,115529
371708,371709
421078,4526
2729,107706
47515,47505
62166,37528
119783,143185
58018,55966
282817,88
66472,108126
4570,4537
250067,2280
214447,17205
329972,88
13854,5160
10741,123084
165741,273362
308166,20213
256278,55966
101298,110878
157705,7551
35375,37502
386980,4259
391913,14809
422595,389153
67515,93866
372039,212004
115059,3726
69879,69886
63151,16188
441510,2287
57764,88
118424,32972
5799,7340
271316,228970
282692,94376
42909,123084
56961,15769
102523,19153
351318,7540
37502,35375
349115,349116
58428,62768
284252,368318
341620,341618
140117,88
329530,88
96503,137839
378799,16188
48350,10741
102864,10033
50698,57607
421390,150898
261734,263300
246566,37568
95301,95303
324322,341387
359093,352
107706,2729
144678,107708
10295,54060
260998,261967
163578,160276
240046,14287
234108,99406
196900,26728
57939,4259
350387,73979
134300,352
13700,32141
451617,413316
113242,20213
125896,45477
163578,160276
203133,3549
131664,97807
59113,59109
47881,43725
336015,351912
145500,68474
202797,979
15980,464
169364,162818
213673,11178
4570,4543
249884,317
37075,63520
66670,66660
286778,287447
189737,72174
66112,210229
69434,172187
13854,47510
31654,31683
54320,54322
362640,362641
50228,8959
211011,11170
84858,32067
391962,222540
385590,385591
359686,21749
81422,102844
147879,106322
97573,17946
126440,39410
318889,317
190950,73161
77583,77545
89373,317
440229,3369
341618,341620
66660,66670
9313,2149
378920,338462
221871,22672
107295,156235
170708,173159
349117,349115
60739,1999
49832,23117
239592,92610
3027,5380
143185,119783
317988,91946
110114,9838
269850,65536
65937,4059
318889,677
14272,3900
3144,15732
292377,226195
408995,352
412138,412137
81321,22734
44209,7340
44469,1852
186608,47935
174909,1896
132060,132060
4559,4543
189606,178640
55799,5281
3752,46743
356536,356537
218530,218532
347960,677
11252,14133
7133,323711
418268,277656
205629,352
152062,317
85485,49274
44610,10685
306543,214424
329972,88
198196,175430
93184,9951
295858,352
89833,19913
40982,29578
132797,115047
265845,251699
329802,359686
317340,88
260304,88
58518,26676
234165,317
123084,48350
133363,60849
49154,21109
303491,231
125690,184859
9858,389
133347,133341
223857,136925
225487,222133
17616,23483
121422,12281
116495,324727
329401,519
424571,73979
27827,39154
212821,198504
267070,8603
7149,104303
88477,69868
368117,9905
187941,156811
327149,327150
56961,6824
232794,677
94695,230103
93129,52200
222133,225487
425216,88
8970,8745
309699,281193
153208,129801
138461,37502
11233,11209
80871,127543
311079,12281
171550,83583
202130,69868
384711,259846
52494,33651
225476,15483
186049,186049
84928,70035
372372,88
213053,352
184637,32901
424816,40285
35375,37502
102834,21287
42715,42716
53216,284703
60739,1999
408334,317
8832,50218
253150,222275
323854,135285
201143,97477
41353,29029
96189,317
309699,281193
20971,59245
11831,7846
276004,276005
79266,23477
436122,19870
73085,211989
323711,7133
86444,59856
161591,58159
158738,151578
299778,8745
283283,56892
259788,101872
256198,181748
220033,317
15366,317
374529,374529
67382,19870
211547,3549
191983,2221
116495,324727
158688,252280
450216,68278
61563,309641
97519,132182
327150,327149
90801,88
119260,14064
394729,3369
66279,27738
73222,421
427880,427878
115172,151414
72325,6852
383968,317
27791,1988
164749,4259
156235,107295
83827,43725
330407,28643
127508,129441
153466,8296
164883,4259
4090,4767
333447,333446
160831,24534
229381,4526
53216,284703
127373,91702
48350,123084
152977,464
49287,42994
40163,76454
58253,14194
136750,317
302564,317
181748,256198
412138,412137
184662,128873
245992,11844
88545,42825
220461,227454
95670,317
318683,214711
241310,214361
334589,14714
436122,88
192539,23705
247317,85592
440018,317
396911,317
397754,405192
186229,220629
394729,356
59636,14625
241310,214361
198099,235184
217443,317
26186,33301
199043,29645
222720,4259
120339,185456
224293,406721
302259,317
47286,43725
11267,17867
49089,4665
339062,21606
125086,57257
238330,238333
144363,109582
365327,240646
187856,4665
49673,129450
52629,93990
365467,177999
330746,101842
184662,128873
453601,4526
381385,228860
175996,88
199855,156570
230098,11946
97573,10033
21068,14565
342524,677
14272,22339
339062,21606
38572,46743
295221,8417
111393,98383
75169,14647
130813,352
443794,677
249075,34950
408657,677
132521,53331
263870,111723
396669,396668
79321,88
315005,182929
64457,15542
206464,47464
350105,194821
267192,317
150358,38575
232539,677
148527,317
134768,6746
88697,86496
335352,317
249182,7690
123354,42432
455120,12012
73330,73319
115447,97478
417439,57105
96204,5568
268323,84924
268428,71591
317503,267152
32652,215990
140746,30222
47248,42432
122939,317
108842,25658
35975,36004
451156,93184
386980,4259
25447,16927
105443,8135
71744,46378
233058,7414
100037,50641
27518,136911
131812,131812
373224,371509
54320,54322
290062,317
42825,88545
15801,161904
380915,329
272013,47490
218753,677
318838,302130
429291,88
326254,102338
40886,77007
345124,345123
136911,27518
87676,58253
218231,317
193553,677
322193,7932
160507,41473
445034,9278
2787,43580
49352,16502
370861,34306
240900,356
134319,125593
4191,188771
82191,3998
100103,205235
386807,88
123660,183493
428994,317
320516,401967
84235,12937
439144,352
454620,19153
21019,21045
5672,96204
437088,14650
404482,274165
362633,88
10607,26373
296348,296347
169700,6948
148228,88
173315,16460
152924,7131
130619,16188
286451,286452
450835,11792
27518,136911
53987,107028
91733,106112
59325,4259
260687,157355
205235,100103
70319,64849
78056,82592
57016,248
341512,106439
51351,1896
316266,88
206540,383
93990,52629
211871,43822
184662,7998
46302,53075
187864,46754
174608,241536
773,110106
123939,123938
125593,134319
454426,183232
100103,205235
148429,212144
67382,7501
180735,122087
225235,7962
56794,308376
235975,89269
34002,4507
441208,220
773,110106
156083,464
413388,979
29502,74372
217315,239552
9964,6080
412114,381398
274165,404482
41733,46849
394893,8745
390300,677
111869,233408
33570,389
19870,216651
188654,12278
255550,321198
309641,6948
230492,352
42825,88545
71744,47015
412123,3549
24062,17748
192624,268535
87732,321173
261760,18365
4665,49089
417451,677
356683,7392
129450,49673
85930,55588
90718,282887
59588,21422
33570,389
50250,72049
29280,72419
194888,49159
207564,244803
199312,26208
224339,205197
41189,70049
362678,5521
109322,34284
205235,100103
193451,83668
451156,143548
338292,349
302894,302895
15799,83110
28114,27730
7807,126242
167140,21731
444552,464
35801,35824
144551,182947
150366,317
319259,55966
38575,150358
246073,17748
299083,317
156829,156830
11844,49673
23947,519
217130,6873
23117,49832
52906,52891
142495,6720
202809,7232
69786,70518
23159,49586
133181,55209
223301,18143
232514,111869
280556,117157
410585,677
7184,81565
133130,190740
184225,70049
54072,19870
122472,261997
28986,20261
22919,4665
83110,15799
240646,365327
31628,3691
349221,345662
180304,1988
454724,50434
147485,131169
142495,11423
114157,28253
24877,23477
423327,88
240646,365327
49388,95142
93314,141619
15799,83110
236773,9964
107278,62408
5568,5672
309264,309263
82273,89269
190262,190263
107295,156235
245987,88
258365,218653
254544,228081
304446,65377
374563,6873
83827,43725
41794,184940
283047,29645
7757,139109
341332,9704
88731,503
373626,290206
131812,7690
258972,8745
42909,123084
335434,6948
117971,1478
294049,294050
1022,7847
2907,38716
251034,389567
414889,335920
28253,114157
203555,317
305241,59835
131122,47821
72466,20391
312022,503
62439,10033
138908,216453
4208,3549
54718,317
330552,60365
260304,103447
118779,118780
236773,9964
2907,38716
142495,14890
83110,15799
204295,56364
355057,503
215114,88
161794,373417
381398,412114
161081,7835
99452,317
137854,69736
142495,11364
54713,16502
40575,1270
61975,51351
4208,677
86754,8745
184507,211803
264731,318368
190396,120916
58660,15822
115529,15691
356153,6373
42825,16801
441625,166106
195348,27643
308857,198085
222612,144131
54135,92500
175168,40785
202809,7232
45280,109735
129812,31403
5672,5568
194186,14194
141619,93314
207418,7240
327959,56892
114259,36909
131025,99326
295565,295564
227491,227490
35748,42420
236706,677
440542,14611
50754,9798
7878,503
190181,303196
12083,24902
32849,98402
253301,293687
74580,86496
141619,93314
93661,73114
80439,19870
80474,80465
204818,204819
18358,1988
50742,88
250989,250988
296717,3369
224339,205197
140222,16824
190181,303196
89165,377921
34130,12965
214533,677
96181,4368
231574,143929
53850,69482
174567,88
450236,677
164883,4208
427153,221228
156111,207743
154538,8745
124121,14674
327292,40797
214991,220
277840,106814
353857,5436
116323,14588
148092,88
29645,283047
181699,21749
50782,47985
9964,503
229410,229412
72237,87732
356075,3369
93314,141619
70164,87436
102463,410833
144348,155877
383788,383788
16496,51160
141031,389
80018,115447
41683,8319
358730,291598
185998,194961
154538,8745
237478,149748
229412,229410
62696,62684
439428,29014
288916,64189
34236,56426
291180,3808
243151,14590
267532,3549
203555,317
360011,88
215601,116101
8319,41683
376743,8745
38716,2907
18365,261760
129589,104109
57496,88515
44500,20718
211989,73085
141619,93314
54753,84483
10896,9964
69133,67899
196360,9278
153339,90635
246157,246156
58518,26674
47927,12818
73461,36716
55320,6928
261997,122472
336999,22816
20908,56426
273437,88
332089,116101
126273,30230
140242,352
10607,26373
69659,294655
129953,55801
141619,93314
130175,74115
148719,2417
72143,4479
212238,212238
51712,80819
22544,22548
247854,58588
272641,272642
334736,16538
81880,24967
408152,39511
278797,237535
81051,121675
144224,10685
133027,345111
130412,12618
266547,343739
308692,349
305220,68278
84396,20056
80374,80042
395731,56892
112663,348135
23940,23979
258985,8404
51631,66744
380348,347605
19843,28711
135641,135640
129489,5948
237616,122469
16140,1343
4464,175923
113891,239301
116670,30230
173407,173399
61467,34512
109735,109727
445336,54039
196346,95845
129885,13842
76176,199791
48293,8470
195725,211223
129489,5948
308539,353375
146051,93502
251014,503
91910,40895
100045,46463
30230,181021
209168,47214
184338,9598
119097,265518
5376,22544
134319,8745
49571,49572
134305,34312
160910,138
169822,6928
301744,101877
292752,29327
301652,64785
423306,49171
34493,19594
419362,30230
225336,82712
237211,7932
111189,14647
264836,40253
50097,73067
135523,117157
71112,10685
49673,26674
254982,220
311625,311623
353375,308539
165492,264731
192943,81386
6649,6686
29332,66744
16924,996
345614,88
164883,88
266821,51151
284663,7962
353069,306591
20047,211848
312314,14598
36490,34460
43284,43300
402187,107027
66287,34236
323558,215846
14647,111189
91518,108239
180857,12023
326754,31650
16275,1715
13804,5561
311827,139912
7560,142235
21634,96528
317748,88
343739,266547
187439,186034
109727,109735
155924,7962
263025,144264
367829,419177
336368,43300
35833,10033
174027,14890
49673,26674
22339,14272
274778,7962
358364,358365
86419,47002
412265,352
284355,7962
151208,216038
208183,239363
15691,4376
81386,192943
49572,49571
403746,403747
146006,146007
28798,119559
204405,88
10741,48350
25859,10667
97566,4380
145110,183845
165135,2356
175923,4464
204768,299898
95738,677
152359,283
65744,88
455958,88
49586,49609
347723,8745
328336,74247
104768,69473
107027,402187
141619,93314
133233,2417
231357,677
320192,320191
347731,8603
81386,23159
389347,389348
5058,4259
313926,150904
56329,4652
48851,88
110389,983
130388,34931
433772,45832
7771,5952
386615,383
173399,173407
95343,297578
239244,385995
191907,66437
74778,13074
48350,10741
265159,868
192943,81386
204529,204528
95141,47985
423306,34306
356846,356847
266890,39922
377122,377122
93513,26677
38343,4262
64591,15620
343069,317
615,17004
153336,32972
109727,109735
336159,248769
402187,107027
154208,677
142050,216038
278264,220170
219527,5566
183424,54039
126490,122503
214704,79648
272295,7690
113163,52846
303052,5226
359645,209321
235766,65173
80774,80778
20415,20369
76933,677
405665,31957
93516,93513
22805,19679
344705,344704
97477,201143
359134,60705
261909,79648
441505,15
65532,28174
258696,101877
448328,54039
8621,66067
450847,37523
42205,3361
72704,88
346757,250935
139713,9964
66067,8621
278188,13518
116512,47821
202345,105669
22548,5376
159756,2662
449921,22781
104196,20271
72704,88
88418,89033
273479,677
204955,16666
27964,47985
287868,7962
123571,21280
128735,69156
405002,243446
24930,677
102703,102695
198175,198177
150784,172107
77340,13633
20369,20415
205539,81944
134600,134601
162063,9278
32796,134114
173407,173399
266284,12268
385737,385738
116727,288709
16502,49352
99283,195937
64589,17185
13776,211947
124398,366360
368549,677
145576,69868
248757,44746
418070,14454
136072,63285
132862,140613
386754,140292
299508,299507
241873,191455
10482,14463
90718,282887
147362,216
276847,140569
198175,198177
117989,31966
10685,45231
182890,33006
455339,12456
20271,104196
356846,356847
63586,280
39933,113437
15133,3347
202809,105288
237615,89011
36909,114259
366360,124398
263025,144264
199568,17040
35375,72967
162063,9278
6680,6670
144224,10685
135455,58255
147753,14454
423898,33034
194303,88
226344,3549
77086,13074
62673,283368
107027,402187
91518,108239
296700,7932
208598,22781
96844,155383
241000,88557
275111,6686
193285,207149
212596,100921
170830,7962
163021,45280
419355,30230
154129,186053
182674,182675
446107,88
90579,127388
121428,4652
79100,206770
45267,44057
106214,14454
3290,23323
276945,88
5734,88675
350810,158545
666,685
423046,22773
417458,7962
115059,231736
173126,59520
414944,7962
34583,2157
183931,136263
216038,151208
81422,14454
102394,16358
436348,88
16022,39423
140248,1322
147485,235089
72548,48350
29011,14890
22399,83432
407848,1988
231509,8745
391217,295596
414939,244836
412254,262672
134319,86627
369524,83792
302009,12281
291355,7962
266849,174807
94500,47345
198177,198175
146259,88564
211027,220196
399859,269360
18506,4368
209965,79976
93502,161570
426280,718
241314,88
209981,92489
334060,22781
385284,154714
299508,299507
269393,171401
78429,3772
43870,22819
113008,33723
216362,7962
71342,161699
443185,34959
10748,21423
23975,4652
35191,10896
200906,7434
88564,146259
237729,9964
443994,7962
69176,156200
361324,30230
19210,2417
323558,215846
162611,142175
106871,41528
313905,238312
69238,69238
134131,16715
12023,180857
52300,553
123039,201624
383269,2141
32895,957
10179,88798
304136,285216
416886,6948
309084,10930
54758,45745
184993,24514
104196,20271
197061,88
299507,299508
4208,8209
90654,84368
122032,204522
36737,95933
342650,78528
69100,21423
165717,32951
204123,88
182504,14598
393164,9968
211168,7962
446292,1503
269360,399859
10179,40377
226206,7962
278804,278811
155480,17902
219660,983
380697,220
21423,69100
77882,199020
299083,317
207537,244019
22369,165872
151279,20400
241138,5137
136072,40270
418299,4652
336469,21749
144264,260383
84863,169004
240554,450050
437824,9101
125291,12281
185856,5307
4208,7937
19653,48621
199389,69475
161061,2874
3134,10650
75563,8470
5675,5574
143929,231574
363233,270508
121428,11036
346482,16527
217259,12592
13078,19254
553,52300
246582,20363
214163,183586
170615,3390
313797,17367
313616,527
77616,173134
214122,21309
61804,5948
77391,9997
143908,115846
104281,26674
121428,4652
217977,7962
153056,7962
28214,36875
104614,70037
39464,461
372124,7533
23323,3290
252465,220
88564,146259
211168,7962
45910,142617
211870,43822
308825,6231
121907,18431
142013,20880
142461,20281
37208,1988
302720,115338
51202,2188
436348,88
134112,134105
64124,6909
41561,213
47676,7962
297567,7962
2419,22708
79976,209965
411808,356
391444,48652
23940,4368
222403,7962
433589,4957
104281,26674
91029,79054
323885,324727
359339,133284
192943,112673
33723,113008
142796,268064
33205,137875
7835,7835
45832,17538
11295,67562
394534,269524
134249,87149
52300,553
418345,142175
88386,77138
118604,198168
70275,1276
201634,4309
311699,6661
20273,18352
188048,101819
34484,31125
20629,67382
125593,134319
1632,2555
6871,121057
208067,7962
173420,173407
188249,196143
229245,86921
411303,220
4528,7171
202130,405665
456011,10647
41374,76308
34695,60730
239370,103690
360857,272662
395363,88
146259,88564
243691,96204
186053,154129
114845,214895
78452,203090
282630,282631
10185,1298
100556,155383
160819,76122
298866,177528
418252,7962
75606,291313
272871,6661
48293,8470
282631,282630
423500,88
54966,148140
40887,91906
53151,41218
63410,11036
311442,311447
18506,13074
324344,7962
115920,47349
376551,4693
282630,282631
225280,2280
167834,1988
133124,45391
88758,349
75606,291313
11677,4177
299508,299507
328119,8295
7171,4528
97456,92236
17145,50967
70710,10751
15755,96500
53248,39130
300194,34800
100556,10691
70275,46984
197478,90579
75606,291313
165275,7962
194953,27145
27738,58037
5281,435928
5281,3571
56653,107188
155250,222606
107027,402187
11355,389
199543,32796
16547,16535
282630,282631
410486,18168
313797,1999
134804,247056
394014,396
191194,88
244504,182792
33668,235216
194598,6661
212053,420655
96775,130813
35950,389
289011,92570
411480,19870
428476,106002
168843,12937
153056,7962
50967,17145
34850,78452
161215,194406
100556,10691
52171,503
18295,269894
163812,216453
6716,16188
147485,235089
185689,19122
446107,88
165655,13222
286680,99018
4885,16535
221000,102844
134105,134112
420655,212053
142617,45910
175096,13222
441771,88
208916,215538
135724,135724
14611,440542
273221,3549
252225,317
101188,4893
106209,9964
414939,280814
34993,99051
204985,88
195423,59702
42046,5817
343891,64282
132910,7962
383060,298131
3667,17410
189888,4535
139912,311827
359339,133284
110447,14625
20048,123352
44304,10179
369509,55832
305523,7962
337645,332491
295412,334589
111911,22781
306307,306308
215538,208916
5383,16188
303031,106814
95170,821
390529,117340
310831,16188
216533,677
144264,263025
145713,68285
215679,215679
109972,210265
269409,62819
265316,265313
78591,3726
2181,11036
434691,677
239633,677
364614,88
186245,9964
321375,116002
118146,336602
212092,69421
299507,299508
23185,8714
306163,31957
67063,171582
7858,14095
43811,13222
76142,1896
208916,215538
386655,204737
357125,341526
382530,240645
198234,38321
67204,45391
17410,3667
227161,17528
58935,14578
438615,2180
348454,365594
288877,133782
332640,100858
363510,363511
308828,68278
26898,62635
388526,7932
220015,95530
48365,54886
221413,2417
225181,677
85424,47470
225262,63601
124732,124732
144131,222612
75606,291313
122207,122123
125052,172171
286995,158265
97456,92236
310979,93960
75606,291313
403680,356
69475,199389
114273,7803
109186,29028
110447,40312
29651,21379
366950,88
87173,223339
42205,9106
44628,7962
95603,15295
432431,432432
76617,3830
243936,243936
113902,391530
13785,27311
6080,73077
10179,39632
77205,27868
28141,23808
212990,158400
288016,335
122739,59788
310017,161961
241952,216
220245,4368
291566,88
437584,65025
87328,87328
310831,16188
140242,140555
334116,88
168497,116356
10179,39632
193000,170850
223898,677
302354,302355
99064,16547
229353,87675
168843,12937
141171,59985
413199,7756
41670,88
234344,13633
362045,53501
125921,17075
429889,5793
110447,4904
414939,280814
58340,3290
41672,88
386630,285071
5281,7803
232869,35729
442661,112815
172972,168581
396668,396669
275111,141853
122888,352
773,50913
232150,201958
195092,195094
452338,46194
178751,76308
63548,216
417138,410841
173968,1553
35457,107301
769,783
85186,85168
66059,35376
403642,37561
146272,319463
17075,125921
346443,54222
75606,291313
36014,111403
145669,286380
57167,35342
60324,53361
152834,9278
286381,286380
312921,30513
89632,120347
57527,403682
286381,286380
31162,49764
388379,92570
160615,25661
204561,182980
65968,68848
221000,102844
34555,152977
73546,220
322831,677
446068,66278
216824,193531
26717,142352
107180,332233
65139,115674
4987,76771
8757,58961
283930,3726
449133,449132
68848,65968
7321,5804
83495,22651
29651,91688
229475,152524
115457,14454
292870,11844
126717,10925
410841,417138
315662,47259
30431,189415
23975,18506
163822,34457
79415,3875
245843,3629
107180,332233
22470,184112
3290,58340
203737,151546
108690,2662
128709,95629
59429,45635
40383,7123
369509,55832
269894,18295
112283,38717
394090,394090
157870,27668
268304,336943
221360,677
22377,138547
450466,88
312779,73979
335662,88
20513,4597
434979,163323
43935,34512
88839,30162
160615,25661
181789,363375
346431,13640
5123,26398
107744,102213
147690,59275
135248,20242
177569,215596
248492,10704
76308,178751
168581,172972
32112,150648
3991,175810
114273,36889
223728,223717
54719,14590
6600,10650
40383,7123
127829,43
233643,16708
365919,12465
234388,5193
267296,115686
232869,58159
144456,154081
13251,2373
233387,8470
13142,10174
53661,53842
202802,188126
119287,259195
107180,332233
50218,9034
42511,98554
145703,133572
10650,6600
304137,304136
130748,77699
200427,79270
99018,286680
336943,268304
385811,216
93418,56361
291313,75606
59251,4875
9034,50218
28856,216417
229353,87675
309470,62542
296165,6661
286381,286380
74900,2014
107180,332233
39779,13222
86631,49701
227949,156026
55804,3533
215596,177569
141878,141875
144935,7533
266821,2177
427489,427489
149518,44303
332233,107180
113543,2177
196963,122965
133066,274571
193303,6725
333153,66928
2373,13251
47470,85424
192502,248904
427489,297362
248904,192502
14355,4368
59735,160904
60488,2673
138893,96701
66088,191049
211828,87675
401950,349
218532,218530
345662,349221
227883,59266
175396,182011
15691,115529
311753,104201
153945,25798
72765,6974
18215,146020
273,170692
248131,677
360846,190181
260383,144264
75816,34062
310319,270994
175016,116093
356172,100786
331476,220
243770,1503
261902,261903
292924,88
13804,5568
17194,86111
411885,162113
398324,857
286380,286381
79535,232386
136266,16460
111423,36025
452619,6948
143758,110376
427790,923
307215,29217
173407,173420
227105,20056
75606,291313
10705,10681
106229,26755
80006,112675
222687,13633
22470,93178
312779,73979
131730,67246
286381,219047
42909,123084
194233,2280
1544,73931
122207,122123
98433,193543
84865,34746
114961,167247
239465,87279
446967,56892
200528,677
181837,315017
134595,26398
3765,20128
198038,4368
102565,345740
113805,75210
235590,2177
773,211846
292924,88
147362,95845
314024,34746
447764,293358
35998,202845
70046,41575
238354,9037
191663,259587
394684,246581
141417,151830
144655,12325
15333,87
218926,422774
226085,7962
268502,8100
47014,34278
9997,77391
119515,764
22773,423046
77489,5907
187041,88
379977,9226
186401,186401
279631,215468
208431,79161
136669,35980
2019,205501
97851,13640
111871,702
278264,388166
209125,65861
104768,69473
194876,3549
49425,150281
28923,163891
80374,80042
20718,28706
58935,6940
346967,21979
243230,23037
37634,69282
28673,65860
424104,12389
22773,423046
9310,2177
279956,223662
376443,309358
303369,303366
11596,113119
261902,261903
170850,193000
73133,511
143104,88
100952,396
293421,95921
32068,52190
447869,13222
232674,9254
274763,4259
361122,361123
254379,220
261009,16460
307888,236
131868,677
14889,24917
261550,157034
50405,7690
150281,49425
161582,677
137200,1553
28128,54023
451455,24062
228103,148425
37300,20056
261422,218242
111398,36025
20444,17336
124928,206
379977,9226
334244,16358
100556,10691
195803,305156
265142,455041
93913,27027
137200,1553
224155,58224
1270,1690
99399,12829
111398,36025
319557,7756
58340,3290
33367,13222
201860,26858
83340,100832
319781,88
37300,20056
58518,26674
174205,177238
37722,5404
68257,16188
388344,677
240160,99310
34888,34902
336943,268304
308657,229362
70837,112788
26910,18929
409591,409590
4345,511
100558,3549
3094,168771
122123,122207
275341,38448
231972,88
216507,20128
200059,16188
409130,216038
77167,88019
173399,173407
420277,245523
9034,134319
11708,1270
18846,48207
17061,3141
402377,402378
28125,40253
40072,29773
297151,88
171173,74387
400096,88
129341,13222
2856,3232
52259,4929
100859,100858
361644,277221
171681,2177
21569,677
321427,677
196093,175705
332233,107180
91201,34337
17378,1805
113403,34262
178809,16181
39629,54986
102377,130562
188679,82477
224591,17527
124790,2188
170850,193002
367938,104265
42715,22045
20849,57702
243655,113465
361644,277221
413135,13640
50021,3492
111183,6968
1597,1270
139170,194376
215401,13798
385543,51749
10474,42410
208690,160137
114273,36889
24812,1270
200528,2177
108362,224813
188620,511
396238,64176
82477,188679
57385,55965
422288,159853
115619,171028
143550,2188
123052,14572
54986,39629
207320,165513
92346,45572
218653,258365
326128,61232
195803,305156
42715,22045
282747,19559
286381,219047
422066,114514
250586,249245
335437,335436
102418,326870
209986,170848
199393,7951
329306,88
80006,23159
301478,3637
194376,139170
117432,116425
5952,7771
132417,51995
76567,4368
88496,211583
205501,2019
254380,254379
152834,9278
169713,88818
105135,8959
26855,67863
312488,7540
231493,231493
279629,19559
192623,57940
144363,109582
116545,73172
104904,76560
301325,268
88897,16743
348796,106209
444530,677
42715,22045
291184,81685
224580,2280
414939,244836
425874,412613
31529,31915
287030,149748
279956,223662
378929,404659
170414,22760
156735,3425
551,85832
22470,39656
6176,8
19081,44610
5214,5185
60854,88
95562,2188
207145,44826
157978,19081
456022,7436
286380,286381
99085,106795
101542,281926
287030,149748
404205,30230
80544,88
194881,317
45605,973
47373,239041
209640,14075
17527,224591
419052,51749
288039,4368
115101,13122
50297,82945
326893,9205
285817,677
32512,88
139878,88
183663,134516
31529,31915
168933,77709
351011,220964
148425,228103
269219,2014
87718,134319
234174,234173
287323,287328
1805,10438
160948,89892
236116,236117
156348,88779
283423,106536
259101,88
326870,102418
227789,4285
349286,53501
219863,88
171014,93
364810,220
260843,260841
24443,117538
54718,54718
13156,4368
423111,317
35415,11998
138160,138157
31166,4076
116093,175016
98554,42511
281295,48073
21287,21270
386321,272554
70285,30807
14617,92375
63973,43219
306295,51749
177869,71014
370740,356
150989,10924
204466,18361
397029,220
228181,329
260841,260843
61130,21064
2280,224580
106570,51782
153030,98358
117852,14412
95603,2177
168771,3094
369631,369633
19081,157978
220964,351011
144915,128265
211446,39889
137886,11692
200864,527
80009,80006
70832,4704
130555,9254
247265,98203
148150,1270
409994,88
135523,152896
422067,114514
400,605
138157,138160
372150,70840
222448,677
14998,13284
89091,17341
34963,20968
80027,116852
333331,309358
90374,69543
24443,117539
122209,226656
237437,237431
90344,22199
142505,2417
324828,677
383679,677
276033,33150
95603,15295
130898,12121
290546,59266
141619,194513
175408,37979
361123,361122
15113,9326
344217,61654
103695,95549
100921,194960
59406,83134
138018,35814
266725,88
150510,97599
142505,2417
274027,4368
123520,419674
133868,88
181837,315017
46445,36541
17640,400
30210,677
239997,204670
24055,12218
154564,19869
406797,10445
105135,8959
201522,677
47496,77230
110221,65536
173407,173399
281994,88
52848,55242
115291,288858
177979,71514
226656,122209
357695,464
29805,580
102565,345740
50049,973
311002,311001
115443,4368
113332,332634
297086,6971
4957,376727
351011,220964
237431,237437
345251,5477
131755,7477
61890,49179
385384,2684
320017,146284
205389,8148
390470,762
209641,209641
366444,489
51592,206
94664,44185
215038,215914
128709,95629
9288,43525
224197,421324
215776,307419
33237,3547
248304,2177
405481,3369
44684,95685
352894,411214
176481,124398
316677,395758
385600,359804
335662,88
427869,73719
168394,168393
196635,146630
8123,2417
333178,298274
100235,313189
234173,234174
286191,12498
79227,37233
9932,5795
263239,23946
387335,387336
50305,27705
254870,43633
244012,168393
220964,351011
168394,168393
135663,9964
318487,265704
64816,87503
14889,12823
82764,56303
131043,24750
432550,432551
5966,5757
372430,596
343922,68278
43525,9288
220629,186229
194891,15538
244836,414939
11677,63912
167833,122880
327405,95910
202130,69868
433651,88
190979,677
27027,93913
83329,83343
451929,317
173091,28962
396043,12456
27027,93913
110176,200997
12375,16832
78540,9964
176791,216
63552,395451
122209,226656
244836,414939
314802,252993
14298,22145
105503,11286
68099,54222
111503,130412
204859,235
25981,1767
3875,105840
242379,189766
168394,168393
191464,317
42909,677
173793,57543
10066,331011
14828,18872
433651,88
146680,204068
175016,116093
63930,27766
265870,133782
106226,9964
230343,101876
225242,4368
142905,85083
215418,10464
116852,80027
68099,54222
67961,67960
89316,68682
168393,244012
204859,235
148318,2517
7955,317
39828,21548
149253,13222
398820,677
335662,88
84810,43547
173438,53056
27770,2320
216767,216765
319547,319549
309547,7932
22805,16603
5764,37959
170317,170316
350374,88
181848,181848
442572,268099
109004,24758
139501,194885
317210,371364
5281,88
177327,202845
453973,4208
410215,4259
442642,31617
354067,354067
322772,677
154129,186053
203965,37505
61207,16603
134078,30513
102406,16535
228145,83525
74898,32333
104101,80466
279195,243271
195896,195897
340409,340408
349168,268894
182383,408
379869,379870
33237,3547
141610,141853
37162,292538
9932,5795
316184,7998
3630,125733
191850,17863
255503,408
33345,36692
229705,24514
313855,407560
14859,17970
186072,4259
432551,432550
73370,6683
245135,216
54060,10295
357695,464
33345,36692
210307,2662
187547,188249
79513,156441
80098,14889
91873,7090
289301,88
438373,56892
27256,21423
252944,40978
9523,7468
240078,240078
253118,20266
185202,6322
6445,9974
198175,198177
130062,5438
87571,16603
182607,86335
133986,4884
391,9221
34309,278797
77043,72405
252944,40978
66998,48334
351415,351414
576,203580
354067,354067
25091,9021
228145,220493
188196,49589
317210,371364
365663,88
211371,286613
46692,38614
342121,16460
168662,1805
88897,16743
181788,13899
215578,185483
145750,16862
326604,2280
250800,250801
91301,14593
197061,88
25530,6606
323741,85960
118278,153579
23655,98358
317437,5018
38614,46692
131231,131228
69159,275600
69022,13633
260703,88558
455162,165058
12369,12357
114608,114609
389013,158710
313895,81015
254870,43633
66781,121863
81191,138
394406,4794
179215,252099
98358,153030
20412,677
322332,375985
51892,51892
36756,216
450207,2160
179276,35248
408360,408361
378013,235362
153467,7690
190936,489
134319,8974
35505,31494
95004,35248
224560,224563
319793,290206
51988,16761
25493,15769
124396,124395
377122,377122
298287,242300
144144,11835
170253,4368
222442,677
22470,32508
191740,181062
332948,85960
118091,677
448796,349
290558,290323
174323,220
325284,325285
14921,6190
69142,275600
113669,51749
110713,677
290988,265316
553,677
22167,125733
98886,330
36984,16527
271457,8835
198725,135706
387335,387336
260041,72437
1103,41150
207418,7240
329349,33651
453311,453311
30097,13798
140476,759
224563,224560
220629,186229
60491,37307
130662,51283
429406,677
378013,235362
214092,677
264488,677
55226,38028
313797,17367
28863,18298
319284,93817
381328,19977
387335,19153
23053,87570
224564,224563
129326,43725
208287,171
304572,12175
122854,122855
264488,3549
228420,21548
307215,29217
102225,141518
259959,21548
101029,90569
104326,314365
117782,61232
191360,138
418120,232659
212177,212174
160358,132093
95836,35248
249930,28174
413022,2280
215914,215038
109140,48502
357959,38602
63151,31650
445577,88
107177,113632
88701,6241
33788,88
351590,14575
110356,17970
231096,13821
91837,88
110413,28524
394107,192181
175065,74779
13890,3808
82459,91499
51430,200701
192264,153353
186616,88
351590,14575
72637,46055
134477,216
87570,23053
7771,5952
214349,677
67960,67961
180680,105569
58913,14889
18298,80566
8835,27741
49299,9184
144275,102246
219889,86845
92934,92920
244592,88
347185,677
150916,100071
265316,290988
60609,52389
81738,81739
127757,185808
449869,449868
71822,35375
345645,6711
134319,8974
39673,40407
192667,25120
677,10867
239161,677
318182,677
258843,216038
40987,773
395714,677
80236,18915
16188,196135
186184,22470
16370,116470
315641,2417
21145,87529
162402,202696
142505,2417
109189,94713
78569,2221
22817,22823
6435,14889
6072,2956
320565,320747
127325,38025
245805,246442
71244,489
207289,22814
39673,40407
146369,22823
213630,153174
385606,69012
158105,81132
343810,677
64276,8835
677,118091
215038,215914
9333,677
49299,9184
133253,240382
63552,414877
232205,361148
362086,3369
215790,220
132703,351590
362641,362640
82150,68380
145053,30238
17412,2752
234700,273622
375296,220
201222,677
20718,9399
89459,76860
102246,144275
339023,339023
15926,89805
88355,8321
351053,351052
183827,5245
119334,63498
39673,40407
68081,109647
15639,30714
196135,16188
214508,68804
136521,677
239642,21314
132319,81473
237487,167539
195004,75716
125720,34798
180680,280
104281,52830
143904,13076
30238,145053
287888,289452
137613,16077
228731,12456
305017,176111
385277,397189
677,201222
422714,160979
81473,132319
227054,35318
383238,65552
204571,677
30542,280
374779,374777
41641,30017
125733,22167
355302,53987
175577,16681
188346,188345
236516,19364
42656,222481
204125,204123
370615,330797
39673,40407
144878,74836
138180,349786
341363,232302
104281,52830
126639,164277
132319,81473
135639,135638
114432,104768
67215,2160
351053,351052
249333,2940
42656,222481
351053,351052
354883,34801
18683,11555
265434,2287
332641,170087
227791,39959
39673,40407
372150,275600
334865,119674
348565,3369
66781,121863
38028,103744
381481,107189
51876,2517
320747,320565
55023,54060
91210,98863
15310,10053
93147,140613
131045,36511
6686,27862
125702,95053
238370,88
319310,677
295613,295610
103670,55752
114950,98728
14748,87552
199805,677
56303,34295
436034,204300
76834,16139
275600,372150
8129,9964
211446,39889
185454,120339
116942,280
296246,5245
112635,88440
9330,39472
190339,73105
193000,170850
426288,6659
215302,677
114816,202504
102406,19150
186370,376644
373816,373816
36895,5566
17155,196093
348565,3369
5817,42410
171742,402458
277912,231
300727,88
17205,132965
2907,3167
237487,167539
329169,24514
77583,64993
172757,20416
263903,89152
153174,213630
313797,1999
202927,280
228731,12278
11692,48357
20383,17976
98728,114950
51004,24514
359117,677
325761,206837
213630,153174
218359,48357
315641,6948
346392,147538
102949,9964
377792,216
151576,95500
116041,48652
227247,269428
259596,957
168893,107766
161784,265325
183404,186184
113841,65403
131591,41118
71822,31783
186934,408
14064,14057
375085,14454
147970,24514
102225,141518
362219,1837
39855,52199
340146,300057
147970,24514
6898,17075
124048,9003
118278,153579
427542,66278
66112,210229
369615,134656
31783,71822
302446,342522
17155,18506
185566,36603
407415,9798
211223,400
376487,2417
20504,126740
218365,50733
113841,65403
429373,21537
190966,74566
74036,22814
176427,192655
273042,158993
147804,74030
81087,81082
152083,54670
76862,110605
394123,7690
268043,131906
338841,69791
142895,119783
426288,6661
21844,139845
3167,2907
108327,24755
54060,55023
114609,24755
99231,124861
1428,15606
180674,29443
167483,88
148001,18872
52514,157338
90058,5245
359117,677
85960,323741
183983,5226
440302,440301
97557,37430
38697,24429
442909,3146
6707,3024
75441,75441
168779,88
8992,174611
377549,34928
382986,5245
23949,100589
69552,41785
386173,677
417550,5245
105984,28161
385431,56892
312457,23510
49830,8471
186158,14454
137193,17983
81872,38583
354560,5245
396890,220
265440,9903
70751,280
186579,22179
226473,677
9399,20718
190966,677
8124,603
235045,2014
425025,16188
193393,677
207291,89460
123942,16527
98863,100786
779,280
192264,153353
426288,13640
197276,358800
114950,98728
102406,16516
52514,157338
216130,96016
261111,3755
351052,351053
190966,677
20718,9399
194056,117855
260771,260772
152768,31187
426116,677
207085,677
9569,6916
41652,13082
24054,307831
53483,35248
159231,88
252189,179509
446157,88
17155,13074
374149,8005
146161,3164
183404,186184
313642,138
35347,34512
116701,16188
431846,2941
190966,74566
51892,51892
285268,677
113475,140258
216992,175430
307831,24054
135638,135639
157337,52514
71822,8938
98433,278192
325130,64544
26629,153630
385363,39673
31494,35505
378414,281628
28936,18883
23198,12040
31324,31321
37358,280
99121,178028
359117,3549
116701,16188
30508,232163
211691,371407
229044,5006
8644,5907
179505,68278
137446,615
17155,196093
413912,24514
302446,342522
184190,28524
91244,216994
206848,7690
346306,88
52514,157338
358847,200833
98433,278192
58074,58051
9341,42208
171586,16188
139914,19848
9951,183404
143453,40407
142050,216038
25766,22451
86160,334418
273907,531
114081,19944
71822,16358
254631,5635
352262,34264
359117,352
45947,7735
302446,342522
50751,20391
252488,5160
260422,260421
9171,63327
253888,8959
433362,16527
82444,42410
443995,349
358832,88
141074,64118
414632,414631
34295,56303
26668,9341
32114,28976
225761,38583
179505,68278
27483,1276
95509,95505
127704,14842
17644,122880
80429,49694
209682,156107
167043,677
31283,30513
257393,184220
352429,352430
80214,80211
318857,249204
64118,141074
22451,25766
206753,88
28161,105984
309078,1276
34170,400
186184,9951
226299,5478
153341,41385
347513,347514
142495,40407
134319,47631
37119,14015
72949,8959
451082,450666
263826,23720
122880,17644
40408,14842
299203,8959
21796,2060
8950,49694
80214,80211
391769,295172
80298,15794
265484,37561
15799,15794
346549,283946
165659,280
31910,30691
446254,7690
453606,14454
322386,161484
285269,677
113846,167046
159771,280
257292,122474
234249,79564
35482,7550
4586,3415
337752,220
219804,317
265047,14617
238677,238676
428824,59985
398707,280
122867,235
142290,5121
365296,288993
74779,15794
270994,310319
284054,106209
178028,99121
440367,7690
163252,14454
201358,15794
182589,96885
140185,12352
40407,143453
23611,10946
78863,18325
299151,64785
155909,67389
6986,2984
185543,96730
182596,88
259704,24082
63601,225262
392558,6971
30669,30503
377896,16460
134804,247056
274104,8959
129416,8604
255385,14454
159754,677
295789,125900
408021,88
122032,2288
266026,266027
138083,138072
353127,10445
64807,8060
403833,88
425025,425025
406174,30230
87156,98952
142495,677
113538,85408
349672,56892
7332,5799
129518,182675
58829,20400
69871,69884
228590,38441
25766,22451
57521,6948
90685,86634
108327,24755
201017,226519
15533,15466
117770,46084
106371,100913
87006,28304
329307,329310
137771,26774
57184,6940
425025,425025
377765,39511
403833,88
194707,8303
334264,189655
204760,302869
180466,308118
35375,71822
87156,98952
169649,30742
288086,16527
318857,249204
3125,3113
394607,64241
365296,288993
98563,195612
27311,74754
228167,62498
326562,16527
251696,251696
44569,51757
426288,2288
182596,88
102835,61351
201597,201598
113163,52846
101494,240
146345,146346
398580,279267
382669,382668
184848,12751
19870,216651
88451,216038
142495,677
150609,103060
204522,122032
238676,238677
9959,172106
146007,146006
418372,14813
13126,68900
218479,127370
251018,244996
44123,84693
134356,190
30742,169649
101837,42510
204760,302869
364385,364384
354080,62125
57521,19913
229844,229843
4182,4177
259277,26234
251695,251696
340945,355961
38731,38001
216748,2280
444840,8209
321867,14207
69152,56423
185454,120339
16401,74030
33753,127159
38321,198234
372150,275600
308118,180466
122032,204522
387752,342287
5767,621
39772,2014
128617,12281
219173,155458
368094,18325
418372,88
20386,13654
49685,77583
323526,298234
16453,30977
215914,215038
142495,677
142505,2417
255187,188193
9080,19992
193266,244041
324955,324955
235724,1276
261783,88
235237,196747
232210,6695
23523,22627
218552,218550
305262,388023
189142,16460
93644,13222
48022,22449
79588,79589
222084,136421
129032,129033
318857,249204
246680,353229
238677,238676
13776,88
417103,24514
306830,8693
75734,20939
294051,294052
22627,23523
39124,6940
38872,15291
236671,185869
5635,254631
157496,115412
313720,16188
42510,101837
21441,95592
453866,33480
67389,246113
9185,204522
63114,4259
135966,105894
204760,302869
54018,54018
89034,10946
17888,35941
210265,109972
7332,5799
275600,372150
302914,349
139162,153371
56333,15794
312181,312181
162402,553
114218,282369
177752,168172
32857,48362
331589,5245
98332,10946
52372,52367
10225,3998
204522,122032
5626,23006
111931,2765
49934,7274
6241,88701
420757,220
204760,302869
372150,275600
309105,309115
193266,244041
373562,88
120915,120914
113163,185086
129033,129032
314560,319558
367171,427350
387752,342287
87156,98952
31187,152768
180410,34808
149632,3369
304454,5226
77760,111780
140726,7274
34503,62230
67920,100806
74065,17888
33359,28473
437347,35248
369939,88572
397334,156356
218479,127370
241291,88
10179,88
11179,4374
23648,37886
180410,34808
200833,358847
6244,10539
192264,153353
22084,349449
48265,10916
78749,181286
163885,56892
16220,1533
162098,13222
231112,387782
74566,190966
216748,230700
253347,25810
377506,377508
1559,145
172599,166341
17676,90241
231650,23569
320458,130120
443199,220
9216,1533
17676,90241
132180,232835
349967,62514
118673,14306
60572,115605
147190,349
1533,9216
190619,63073
101558,88
60714,60713
40067,48794
149942,15538
263904,276145
91203,35941
14435,206705
30176,1896
101993,21279
100203,677
56408,8771
10720,10681
93991,822
258725,80772
70008,55377
273915,677
71651,34295
28519,46637
356281,356280
116496,20997
178017,138687
51565,21827
41203,165120
106032,182306
203580,97545
101558,88
128377,304717
16801,42825
98492,16533
169649,30742
385432,432469
390501,677
333110,12281
3415,4586
206705,14435
27311,13798
430512,369256
8855,71963
52199,40964
239339,257574
257677,41473
224223,3369
331001,276531
63157,10179
427605,14454
239380,7533
275812,8745
441938,117104
40964,93147
35376,6940
25766,13099
93334,7501
425894,6940
9216,1533
127627,3808
92833,92834
630,73
376558,86983
52199,132865
191437,130353
226586,226585
181217,2813
78289,54222
76738,9903
61043,677
35376,6940
81641,10053
374442,161309
52322,30674
93437,179033
120089,224109
44086,34801
16695,230880
366504,88
41834,762
68572,95505
252143,4957
61688,61689
27331,1415
332637,332638
26755,50835
366361,379317
359951,12751
195441,163479
331751,3369
75375,677
76656,145791
243007,87507
88818,159978
382341,273
39862,28925
184334,1999
4697,21140
15769,42443
27444,173298
124455,21659
66270,42208
49510,49430
176540,26890
30103,11498
340601,251696
75061,5147
79133,16
332637,332638
132857,15451
288579,220
372150,275600
113632,107177
372082,677
443811,677
71207,4886
16695,132765
414482,370690
128987,141328
16695,422485
169649,30742
16695,132865
386147,186370
242253,28879
372150,275600
4586,3415
313291,51757
26458,26458
192943,143577
51782,106570
66902,66899
27089,27071
23574,82591
130120,320458
57093,141656
75272,77395
424383,12311
361663,324974
336025,257574
32591,17279
50227,61904
24455,24443
42825,16801
93146,220
149327,18104
553,89807
51197,10894
304251,12224
78416,65224
173056,5795
337861,30231
71953,133168
141518,102225
119807,25649
121691,677
120729,132317
16695,16188
169549,519
40386,157979
12751,184848
297704,265670
57699,14283
49685,61446
396190,13808
7501,93334
110428,13256
111936,15952
363452,9964
113666,59653
251696,340601
366361,379317
4697,21276
30338,11342
34396,511
84642,265468
185454,120339
105731,11692
3456,19105
206479,206480
230396,88804
173078,8294
239925,88
253631,4279
79194,1896
16695,290867
553,41655
269394,60459
16695,12666
71953,133168
448986,56892
453451,677
56357,192386
97274,80009
324977,324974
220245,4368
372150,275600
130064,88
209171,89301
44008,60064
127920,48505
195043,47015
178898,135544
141433,132226
79321,49877
189659,16527
288814,54023
423370,349183
275685,324951
66123,2941
322818,99594
13074,162063
33359,28473
257574,336025
53962,92984
86680,71948
44702,7274
163077,10647
421289,3369
168117,135902
394799,394799
58732,52480
453606,7436
147688,132786
189463,182959
126266,30498
383564,15538
226586,226585
66139,142567
276293,223355
59746,51564
227247,269428
37551,103862
313291,51757
240686,16
453500,59863
440429,88
197254,197257
54386,26186
257574,257575
356286,356285
142609,73949
244979,2417
277228,42927
269606,330
335823,287471
100786,447009
235029,7436
150638,19908
127242,164862
373199,1896
185479,176736
343711,16
63462,63462
257908,21061
381234,402033
97102,4378
128491,34314
236429,199482
13366,93034
224711,143608
390122,8786
253942,7436
277232,209395
231,228
215770,160654
240584,136925
38718,276601
405948,405947
116323,35375
65673,65674
72292,22798
228,231
80009,97274
202631,190994
126290,396106
372150,275600
194331,12751
256484,44012
70326,6589
131211,196696
155671,356582
50241,88526
334672,88572
372150,275600
198364,157245
334672,89020
144058,102418
72814,112405
257574,336025
231263,231263
16571,16572
56303,67215
133406,292316
183419,183417
278160,285514
3456,19105
217436,88
215700,118818
118818,973
145779,228723
65673,89563
254631,5635
433363,14575
208559,190
76417,88284
172242,220
9298,288549
310177,1896
8786,390122
371637,68612
334672,68278
101448,118818
16401,74012
132317,120729
330522,128426
21140,4697
51071,45729
117472,102611
41176,24919
94259,8209
20920,14075
5123,106574
363975,71141
331001,59427
47470,58234
338542,338543
90335,12261
72814,94990
447108,24676
53064,118818
18094,52199
25180,6072
372150,275600
92225,1276
103824,48649
39916,91232
191049,267699
242304,16801
178898,33940
390953,112050
97274,80009
203863,56179
198131,216
52399,231
4115,18717
132786,147688
200343,58253
18580,29400
338543,338542
50241,88526
84164,677
217844,77644
107842,3998
300831,677
444870,310386
417162,95628
240,101494
300995,6940
52905,53331
21061,82978
51892,51892
112050,390953
58892,214156
402553,59427
119442,38301
159281,106323
218359,48357
289827,35295
388560,88
15363,42948
309547,120522
277830,62215
48649,103824
13816,170226
174644,38046
87321,16533
346140,85599
97742,2949
16779,52331
411800,42182
720,89802
367582,6686
324951,275685
49148,200156
90202,88
88284,32119
50823,9735
16204,22527
137696,256791
143513,93162
314781,231
72814,112405
338085,349
73437,32033
7578,30742
44925,18717
223615,232365
145132,279133
100103,53575
247084,180050
52331,68114
52691,166626
2949,97742
376644,386147
123628,118274
195477,6945
188260,385456
433474,3998
272055,164074
55242,89149
402139,362260
3970,434
248699,332088
62257,473
196379,13633
267306,30840
411503,40261
265524,381474
197271,104999
79218,88
31176,47470
107675,5207
196629,196613
9022,64652
99839,84163
45729,38377
116916,38377
8835,16527
166337,166335
292496,42528
396079,208917
130091,19908
108925,51892
249946,20096
106430,32508
412127,88
58234,47470
23810,12469
369983,30489
253313,211520
423646,423645
84164,7937
382349,331528
131581,32979
133572,145703
184848,8209
134261,31088
84163,99839
15327,15322
402033,381234
216748,219407
26240,13135
344640,309251
124798,383
321586,88
369093,5226
278811,367750
14011,14023
29353,6916
429978,34719
257473,193451
200270,3459
354818,6958
47470,3604
331124,2266
255859,12318
53575,100103
413285,3369
109428,231
9199,23309
6945,195477
124264,28285
284394,56892
313357,68285
279133,145132
241279,12224
93786,88804
317594,59427
300831,677
136925,240584
382080,42922
188537,146177
101727,52403
88944,88955
225826,2153
259529,511
80298,15794
46378,73666
298213,88
15363,42948
313357,68285
204768,299898
69944,16711
353652,228
385730,1896
79846,414976
258989,23866
182890,33006
146177,78422
95493,7691
395263,395262
29750,63890
116823,8786
128265,144915
23644,32811
211785,103113
344956,161201
93502,161570
116229,273828
128426,330522
65213,205037
321887,68278
171136,82974
31088,14575
174909,17468
114288,48047
100103,53575
438991,69733
157776,2823
269642,92126
316621,283442
389903,98212
414303,885
188351,8209
246229,246228
321233,19159
410893,8209
36417,88
437140,1503
18018,15794
395417,88
202711,677
240605,6369
121580,49148
116543,120678
195685,3024
6383,76229
74697,161056
120737,7691
18379,80429
268619,342849
197556,16590
12751,12751
214156,58892
210327,8209
152541,231
186816,85763
202536,102379
355768,7956
205396,133782
181697,12281
145351,139859
279670,80868
313450,7477
110468,35295
67957,67961
385606,69012
421945,24676
318895,75830
375365,6968
379389,28664
27644,39017
174548,14031
214282,8757
337865,58038
369918,369921
589,50032
12751,12751
199333,2280
239870,2934
97767,9226
192264,153353
126595,13942
242040,132508
30526,7965
208261,5335
48577,11555
77595,58145
376658,132001
382489,206345
88672,158400
195685,3024
182972,30896
216038,88451
341363,75362
45162,2841
92225,88
119701,35338
253203,387775
15702,89802
138236,1343
32909,24357
45162,2841
342610,190335
30478,14957
437301,14664
430335,349
177931,292968
77644,217844
132549,6940
417053,157539
62139,21109
20993,62581
37162,79687
30478,14957
184490,677
37162,79687
22397,53064
349415,30230
106776,100245
436573,4199
28560,191321
8786,116823
228350,358068
113140,62568
24357,32909
430335,349
134576,235
58892,214156
112991,45646
34919,58539
105141,8771
425429,19825
329069,677
172888,28521
149231,6369
263744,88
20923,87321
201625,381509
228860,381385
40226,96612
309149,180640
200463,238533
171600,99839
145351,139859
297000,5335
12732,4259
331789,39889
300141,677
333331,309358
172600,172599
132549,6940
377122,377122
397352,61391
293737,27637
122800,7215
56303,103521
222404,6168
315009,311592
379278,159486
248007,408
174259,677
133471,211885
30478,14957
81052,32926
8522,9416
112991,45646
101230,88
262164,677
182096,43434
443080,118818
186152,43671
415729,88
97983,35886
133868,7215
64285,357994
12052,4697
255255,34798
406955,179509
166760,101940
16280,5438
441959,349
309907,37104
311592,315009
162008,6928
53071,27723
176736,185479
54324,37956
366443,208917
212601,191353
262934,232828
228860,381385
116823,8786
390914,428209
99638,272
204123,204125
233648,34249
15528,15473
437821,356
79464,79491
244513,151834
8609,8286
106076,46914
23926,6218
45646,112991
417973,98122
65999,15794
30478,14957
67606,110880
66427,23720
105141,8771
439788,88
206361,2941
273998,79491
387782,231112
46068,195623
171243,26289
32594,15794
118527,377200
423645,423646
384971,150372
71963,8855
100637,22627
51591,173980
369921,369918
417718,1988
58556,27744
142930,109270
64240,120299
261431,207689
192967,149637
129674,175037
204886,70340
215468,173577
40793,110880
118472,34049
18017,677
125836,271740
76417,88284
51288,130736
283295,283295
353488,1896
319990,319990
51460,1901
127360,175524
346071,13553
288856,14454
38120,31605
32899,74798
444204,43
17866,11135
108614,51239
23996,126763
225193,1896
431736,220534
87281,121433
30024,67291
2841,45162
328869,236
30478,210367
239081,190089
109872,8984
170053,2612
369918,369921
309197,116121
200463,238533
42729,370
73493,220896
15633,30517
181516,2314
50055,132433
76300,55115
27627,107241
45162,2841
17866,11135
311407,677
427747,677
129446,295651
199773,71726
35376,6940
217681,677
67879,13416
223055,4646
124219,8984
194600,137972
67607,30824
146497,16732
216910,216912
359247,321234
95017,55964
144627,254922
9932,1416
405481,677
90624,63127
102956,65411
319990,319990
199585,185483
39227,71566
158092,389
312038,235
23720,66427
133180,44299
44176,100688
101593,118818
188170,88
434715,356
70858,45623
421127,421127
64118,41775
76219,32926
9050,59624
8855,8757
35562,126968
376032,59266
113202,57886
82118,52888
138114,88
360192,112318
232828,262935
296883,52416
244854,489
83348,107701
9696,1993
341599,132001
164235,17729
39239,371625
55242,76611
145317,265556
138106,42253
205599,52888
293981,26930
146122,52859
49610,52150
74218,31313
391995,356
68458,90738
153556,290617
431041,132001
33842,37162
52905,49610
205599,52888
167654,8077
64564,68804
379326,88
8855,8757
4398,35168
103113,211785
116823,60716
352477,132001
268513,5245
439146,15629
203400,203401
64118,41775
293677,52579
376032,59266
58004,295692
26088,383
14757,31626
136447,75871
235158,149573
59624,9050
132857,170862
207711,80101
203863,36232
340595,108140
104049,48510
359769,40318
212601,191353
329523,16460
40975,70491
33630,307580
315916,12606
121118,4526
322432,185433
112678,112676
176918,115971
243846,89410
194501,19559
327526,141901
252935,289577
361307,294460
180854,20
275844,220
320063,320063
20912,61509
237094,204200
437441,356
239420,217553
40964,66276
263623,89013
123662,52888
318856,406640
219920,46590
454664,454664
389536,389535
314134,10855
385616,385617
191416,143366
23505,22627
105793,110880
268513,5245
110873,216
90941,35359
30478,210367
26015,7285
309884,297903
208845,103249
318856,406640
426940,192967
244882,244881
113779,32226
389116,323837
252063,252064
399192,48851
299970,40451
181321,213
275791,283
68982,20920
235052,183816
121102,139950
219703,61081
226179,206773
67517,10264
192967,426940
280647,1945
80926,62862
228103,148425
451148,334882
318488,265704
318488,265704
182096,43434
55115,76300
369501,16204
132226,141433
250213,118818
135171,174640
358996,36232
195196,320568
336998,6657
215512,5207
112308,100787
385616,385617
67604,50233
55242,76611
62581,66495
35168,17967
294460,361307
235602,4259
8950,115476
26677,51749
297650,138580
56449,8711
7271,71833
310869,292641
133362,24060
244881,244882
30228,45454
56575,119137
180836,42849
740,24416
54222,107115
265527,35062
323033,677
319990,319990
309522,309521
24922,15821
6072,2941
395901,348461
116778,66495
21402,44303
122880,4740
280728,280727
437408,317
62532,66587
397189,385277
414320,6659
91154,48984
90515,65746
11072,32508
182096,43434
48851,399192
377141,377140
252064,252063
109528,109528
75750,377471
66587,62532
165916,94990
255682,191398
6592,45454
103797,16460
40205,190094
223436,17538
282381,677
157708,306158
254169,254170
42138,32939
118306,19924
49055,149903
6874,18392
126763,23996
195149,1276
454721,454721
412861,207000
2684,1276
76030,88
137145,98931
36582,36582
46085,15821
103249,208845
183626,183625
81289,29773
386267,386268
168023,21923
109872,27712
61527,21718
304247,16452
209640,209641
53321,8806
170458,9050
30228,45454
283464,37502
76300,55115
113163,102069
201222,52882
53788,53731
13854,15821
326609,677
369159,100431
423755,2668
60146,88
362768,325169
111726,59886
69032,13618
225264,240
91122,65634
304809,12281
274987,225971
61527,93393
376698,361693
91437,8135
13854,13808
5540,18560
259732,27712
79281,1945
22206,93224
208917,396079
297831,677
8055,8071
165626,134095
199482,236429
53040,80467
304611,304610
376113,16
202616,159519
94723,135679
24657,57156
198561,88
100787,112308
257438,93224
84684,60741
364433,39493
413273,59427
10858,105793
15584,29896
295452,16460
273565,242629
102069,113163
419961,212299
334567,334568
87529,21145
23464,174864
131227,53782
93393,61527
441682,16460
252944,123567
109175,60021
327178,227284
107115,54222
187786,677
349417,349418
436966,214
435508,17729
130099,148702
188143,269
413796,5226
41692,170754
198177,77173
189007,88
12305,21668
198852,677
391023,63791
267263,29920
67705,88
295616,295618
131,80926
14528,147289
88824,87468
54771,3444
319171,3235
197961,197961
141433,132226
378675,34977
71833,7271
24485,27334
413273,59427
228437,117967
79184,71422
230388,16460
339700,18089
14570,99650
7477,60741
8055,8071
66287,83979
187154,48970
58767,83461
354524,16460
163634,22823
409219,59427
192574,83138
87873,14603
273584,256212
147567,16801
99671,78800
93394,247303
264336,52859
342137,6968
57904,16460
49879,677
88407,22814
103343,103344
139680,477
169368,35254
169368,14454
169368,355428
169368,16516
346927,9116
204760,235817
358707,330
384925,88
434532,86822
356746,283099
8071,8055
287268,74453
275124,100863
312074,88
93334,6692
263295,218048
307032,677
42162,27380
31678,108277
114106,151647
75667,88
430318,220
93334,6692
288597,14615
204367,386868
124392,10813
58343,739
406627,406628
304809,12281
80823,14603
105601,93502
175503,179183
75022,37204
3464,156081
318856,406640
184691,98502
102426,14603
5112,5116
8855,9062
318856,406640
45504,103782
104154,25211
54330,110880
172767,91212
119099,83190
26677,113669
48530,48652
441182,278816
88938,88944
446140,278816
79751,2153
318856,406640
132820,88
349711,191648
9679,677
93224,257438
23388,17004
160423,4368
102364,49180
48686,88
108363,88
275111,168548
49879,677
161839,13618
241875,115848
120261,81025
120583,2870
80902,4957
397322,16460
109872,276525
398530,226734
138192,4284
275111,168548
334927,677
99019,105539
73802,147644
107914,233855
56968,220
32444,210953
31541,41313
21757,13139
176929,24008
349418,349417
23388,40964
375804,21072
247315,77735
376284,52512
78082,220
190094,40205
175562,16460
94723,135679
18439,58952
246291,53979
349418,349417
75798,11991
53266,158080
90374,271765
385390,37523
350892,338133
131458,116815
425068,3549
71576,14031
448817,88
395009,16460
123628,37523
275049,220
377264,2911
37162,79687
415843,296279
14205,220
289369,68310
3182,231
31541,41311
90125,151578
113341,58574
58952,18439
388089,388088
14205,220
5383,220
37162,33842
30478,220
98204,4665
198759,4378
127291,40251
27380,43822
350893,338133
54026,89283
256427,14603
243017,52497
30161,220
166174,80535
93042,35327
210100,236131
167098,68158
73846,35434
11650,6882
47376,7756
179151,5957
30868,30863
98863,59266
31298,41476
338571,320505
297774,2177
208845,103249
87993,189529
297650,138580
360192,112318
29933,96052
182532,288868
391661,8745
104044,79363
136072,60152
90727,5137
448091,677
179984,40282
36999,18080
13854,23399
128676,14603
144534,31724
301454,8959
242995,5986
88939,88943
198958,7278
21033,37832
51360,47470
437559,196300
7795,82150
278516,88
109299,5251
387775,253203
36170,31541
90559,90558
30726,31270
162223,162225
272717,80429
26677,235
264917,162548
231951,24925
40282,179984
276492,37832
241776,220
220840,220
38727,52827
201010,220
296111,16452
282932,330
157555,420929
218926,240486
175088,175209
165008,97437
198865,198866
96451,24932
146161,231
115771,12586
75101,11921
90558,90559
361192,37523
141864,88
439101,76357
46554,43929
90558,90559
72992,23159
65673,42923
102857,88015
109298,109299
240702,88
118818,195149
7354,88
366082,10728
341363,349843
367750,278811
306898,220
13230,22627
177217,53766
205559,295926
249191,238524
238671,238671
180412,118818
121428,216
130840,37561
187620,94389
288682,268649
88121,122965
245242,245245
146291,89003
179082,27872
129909,55597
349843,341363
43375,5468
255725,220
398008,168992
75165,31783
368527,213819
38599,3771
82076,46440
377157,98931
422294,35062
143662,133696
421968,677
8855,8757
85577,26383
49740,9021
341363,349843
55828,220
130840,4886
97043,71141
43434,182096
42849,180836
233906,677
129909,9156
145408,351808
135666,677
6368,11095
17332,130884
116502,14603
90558,90559
68883,68885
133850,36060
75165,31783
22878,15776
249549,146283
180878,180876
231413,41414
139891,4368
331191,41382
411514,58534
183677,7835
114476,17056
181616,2813
105146,8855
246420,175339
342045,115307
80084,5137
69148,88
150032,205093
154344,64906
122965,88121
396455,76233
396455,13591
228916,362464
66829,5018
420530,372813
9916,161801
5281,95975
65673,42923
9941,456
273405,216743
451343,220
106996,35150
270355,138
370233,287187
69148,88
6005,13033
450260,220
331313,5175
331539,220
267502,88
52732,99
421878,220
23388,40964
109589,14469
141621,68162
175525,88
148228,88
334370,225461
66112,4708
128906,86816
139878,102591
129092,90581
39893,21581
445813,5245
1722,48359
268163,75067
113794,54947
233820,233819
4847,14767
113794,54947
236510,4208
203432,177217
5192,220
77727,14469
376527,157724
253624,253625
44435,8099
248301,99
15528,15473
171710,30980
250263,81426
146223,39889
50241,86680
244704,244703
267501,267502
180307,220
366629,277915
106248,105967
244704,244703
32508,11072
80431,50227
351520,9021
80101,207711
233820,233819
82980,35150
380158,34186
58820,4206
201468,17247
337482,15821
177217,203432
99741,31564
450070,98637
6876,88
93147,93184
183581,35150
328171,111660
86225,18080
186750,220
135789,110690
135679,94723
419244,349
134123,282209
246981,58334
363117,31444
342454,35062
41373,26940
439240,220
54021,161153
321070,298289
118751,3726
117685,220
138328,257901
58994,14603
158140,220
38871,7875
238524,35547
94723,135679
67215,16603
451343,220
144446,145632
64556,96111
35022,90624
214123,72543
418547,231873
335921,129563
239499,239500
40964,23388
313086,34955
12545,99
72789,62575
15691,15799
300321,8099
259522,17729
183188,184032
451343,220
193025,95383
252516,220
139891,7962
83766,165912
362464,228916
341492,66278
344707,12485
127018,220
142299,2216
80919,220
72991,32977
24657,57156
117016,220
32580,33637
46039,220
203774,220
23184,14199
180307,220
176473,85034
196213,68278
58343,220
284037,53842
244704,244703
93283,6695
7657,26394
162247,14166
262629,262631
391858,220
87808,19908
277066,16460
100073,59424
195937,99283
146495,3726
5804,5817
406351,313443
147362,216
433004,29202
131499,6659
124194,57257
255553,220
90086,36436
20400,151279
99866,50997
317069,158080
430122,45623
119435,220
192751,30513
254896,220
103471,108702
387637,117539
233819,233820
45089,41875
54626,15754
199264,5965
79990,317
450338,677
420131,88564
61975,220
67850,88
421847,317
355919,104050
119435,220
94723,135679
373317,1276
135018,220
120727,120719
144156,350830
110037,46505
249979,220
240488,166174
251340,220
56961,220
126641,28904
233820,233819
160068,3188
124918,220
20641,131061
54881,88
138106,31564
266368,413475
12745,8303
125554,97163
34921,63219
51288,178105
106946,85864
377380,24398
357655,132001
8742,4886
49820,5076
245245,245242
282209,134123
59654,188601
129909,16169
5965,199264
243849,220
151644,10728
409219,59427
34610,134457
27677,41858
168893,107766
54101,117478
138461,6974
294131,281544
316455,3861
156081,3464
77727,1276
39777,50052
177908,42172
11692,48357
267502,267501
413475,266368
292917,292918
200257,3369
160471,46505
392500,255852
350613,220
193258,677
41303,188688
160887,26383
138461,323411
294430,220
97888,7259
149880,132226
217380,277738
177484,220
96915,12467
377141,377140
318483,92655
404201,220
245149,126038
215811,38254
222641,155002
8742,4886
213246,213247
8958,8593
32364,23159
81722,282427
129435,58522
5756,148749
240473,120471
117539,387637
277735,174915
93147,82741
227337,49427
50286,14813
185273,220
6051,1504
115418,220
94029,99870
38344,220
442720,14600
296322,296317
102591,117478
266773,266774
148161,388649
17540,17513
72991,6936
284868,127291
4796,4758
256623,677
209594,209594
406120,229
17588,132360
184902,88
246229,246228
241192,9932
165916,21020
383372,816
117478,102591
46992,65591
115418,220
18285,220
46324,5192
238782,113618
108822,150237
125490,159992
198746,220
322734,209335
103570,220
95872,220
323726,220
9471,219043
247651,126911
165641,220
298432,298512
125008,220
383977,220
70993,2417
220944,220
74924,220
165970,5516
170851,58522
15023,220
158001,88
370176,98931
407607,356
172550,234712
116263,59427
400153,5245
326575,78489
36412,88
377183,220
149054,142954
103730,13984
314236,44019
24060,220
66829,5018
191901,220
175503,161502
42401,118818
450729,220
96361,677
206425,38448
169137,220
25483,220
165970,5516
431909,317
97708,52909
123034,66679
128205,220
67382,214092
127627,127628
3735,1270
54307,10446
296322,296317
273592,270437
85312,24
30247,220
212997,17723
144223,220
64143,54550
165970,2055
49828,228341
174435,220
357013,2177
404102,13795
23384,88
436595,196855
408748,816
158271,220
141929,220
26394,7657
375898,375897
355812,816
21016,116689
255236,255237
158260,87048
9614,19069
134843,220
33813,220
294201,30832
91800,91798
69581,816
226547,35527
189021,1945
149939,13984
167602,58522
199106,340201
165970,5516
371742,220
450260,220
63121,49828
418418,239782
165136,677
375355,143562
454374,816
26303,885
297539,220
380703,380441
421673,5226
86362,32226
193474,13693
243183,220
100512,100512
298784,3726
89949,97183
20468,220
396735,677
318856,196213
993,220
21145,87529
331476,220
44811,220
270437,273592
206523,220
107766,168893
80431,63384
168373,36436
142505,2417
274543,266532
15769,42443
200658,885
71797,11706
114599,220
266426,345051
376358,376359
3489,2941
29976,220
297866,297866
255236,255237
37810,10559
69244,107062
96624,67604
82741,93147
128939,38448
26805,26808
304557,220
129325,220
119435,220
441680,220
57155,24657
201185,69079
169845,130927
43482,88
16523,50308
38029,38001
268649,288682
204942,280
103502,6692
332182,332182
75993,162156
70228,17112
34605,220
150984,220
2941,3489
215196,217326
331484,220
395303,36216
71429,205726
322262,220
323442,323443
150032,2911
418547,231873
38835,220
314236,44019
46471,26527
135234,37958
127658,126595
35371,378662
14794,2177
335955,220
180867,208846
418547,231873
11844,220
370656,30222
48891,19620
302343,88
320211,220
28604,9964
386668,386669
136926,75363
252516,2941
177626,554
356206,816
280259,424823
31234,116476
18606,33266
243491,102523
41725,17526
160068,67950
291291,270046
141223,166174
183959,20560
167173,220
177590,26400
356206,816
24082,21686
179809,153967
184628,33620
126674,178430
184056,20560
255236,255237
90963,50308
440825,317
147289,14528
163175,130246
64985,218582
147262,816
87059,20560
156450,19017
113785,2934
180483,88
233867,331304
124341,223
52387,51731
147262,816
310378,102350
315090,271400
375668,353635
444485,88
174511,114152
168893,107766
36392,30972
362678,5516
207482,220
212888,83585
200527,176515
331029,14222
1308,11156
201691,81553
296817,220
132887,20560
123971,146676
199064,47885
349020,52199
284292,2612
2612,220
225324,677
188448,92274
75891,9021
303361,220
162681,76357
317127,8095
121677,140117
324348,88857
439345,220
390795,13808
196855,436595
237113,213453
39090,5516
376727,4957
421673,5226
19923,115407
434715,220
178430,126674
153694,142884
193002,170850
113498,48113
397566,388235
202445,216
423138,412820
184454,220
200420,185940
88006,175699
29685,614
39090,5516
139937,235148
36091,22240
68392,42711
52904,36436
431448,220
176515,200527
98180,15821
215918,220
10477,17526
130525,84965
45614,220
59424,43670
148869,49919
259331,816
232210,6695
19846,17161
133572,145703
383977,220
222200,13784
6136,10057
255236,255237
188193,255187
347577,816
137057,220
307563,88850
198589,2266
88902,48488
364829,244158
208991,220
169287,2342
192330,1945
218151,14813
156881,52882
36436,52904
322099,88
418372,816
28191,220
248551,247
107766,168893
141717,59502
131015,94221
57024,38040
270005,97922
18606,47470
110533,16143
336681,281193
259444,58522
235,26677
118367,6790
91524,23259
267264,112300
60848,451156
302001,102591
244704,244703
160939,1568
51488,88
74079,15657
361488,113009
278510,220
412820,423138
306605,27067
429214,52476
377122,377122
427605,14454
353753,677
297493,220
372119,324182
40730,220
105491,5792
86625,192651
163546,56542
56843,42239
395303,36216
126503,291185
195654,129563
251871,220
114121,85011
25188,3755
22145,22327
177439,72313
412675,220
176063,126459
31088,52556
443883,677
164169,47623
255754,220
92883,88
220600,55401
147241,220
109377,27872
10458,23181
105364,105363
225227,126459
256008,29273
7851,39980
109404,77276
45297,120415
95860,1439
393623,393624
409396,352
198506,96691
35984,26280
331046,677
248728,2055
15177,6596
57499,40266
281193,336681
324115,91800
35577,35509
191580,220527
115739,24658
98411,20560
276753,2417
6596,15177
185442,313760
115961,213
182259,816
361488,113009
28234,816
62439,9964
398629,93
195503,62194
58113,23226
57570,115971
59210,88
249631,4182
229312,229313
413799,64835
13400,7284
34396,511
235148,139937
55401,220600
420261,2055
365900,365899
88482,119547
298666,220
198569,5301
184624,220
375668,353635
196143,188249
96948,110445
287875,287876
248806,101150
447953,14603
22918,3872
50965,330145
327128,316358
354092,354093
309667,370252
379375,69674
80731,50311
138795,30798
50044,4635
109404,77276
226961,36
192336,677
102132,2908
110673,31243
207331,36352
402087,85601
66654,66657
367755,179483
133511,220
95017,39240
428310,5226
60848,451156
351527,143308
216939,286661
104613,2941
238028,117539
47719,220
149342,137947
220600,55401
60548,20473
255236,255237
298512,298432
82155,82155
345775,677
402728,220
128500,63293
414588,95905
87540,131160
288682,268649
388832,74676
154986,30975
127174,13799
28036,158553
108585,3872
321233,16452
440437,440439
396341,252354
156835,366567
35509,35512
312256,312257
339084,265496
307948,112053
53023,139236
57155,1317
13899,18018
9025,43925
135382,87045
80101,207711
363228,408164
97820,44427
11795,3752
140089,48047
91382,677
63293,128500
365900,365899
231533,125900
242872,242871
95778,2350
451630,220
439028,1988
70497,71460
257838,5516
30714,182511
105364,105363
1308,7846
395311,395310
206943,84097
105782,8866
236445,208285
450287,125900
29909,59431
138979,5830
318128,24335
171617,88
22997,7501
367755,179483
107308,86978
185483,152905
3392,203305
644,174
59619,8866
59808,28106
308503,35150
345773,220
43183,16083
3714,1877
92160,326964
268649,288682
336742,1574
143193,2817
171617,88
114349,47470
16954,6549
102917,122653
85034,16460
220600,55401
156063,220
268894,349168
171617,88
39272,39240
174796,229629
249753,259563
91518,122433
168893,107766
194505,5516
644,174
433004,29202
6531,220
291185,126503
2908,102132
33035,5957
196213,318856
247057,83644
2444,6549
223981,2055
35604,33847
209682,156107
143500,143500
171617,13813
426277,220
95088,128442
156710,5176
298814,298815
132727,4994
440924,381532
2908,170974
39566,440
126503,291185
152019,220
48588,220
59830,358090
285964,97845
208065,18484
397964,397965
70148,9964
179959,178105
190983,100762
265909,220
87638,1896
104613,75083
164837,24384
137405,11692
155650,46048
248993,118818
47223,47268
155650,46048
342913,342912
387012,122166
298815,298814
39566,440
332384,221373
91501,81877
146346,276602
102642,235
114911,8949
32979,102591
36681,79227
420929,157555
364196,383
359772,336594
312810,22341
168893,107766
132690,677
104897,4905
30480,220
332384,221373
11049,13076
46454,46471
5283,13820
123793,816
130253,8949
250213,26
122653,102917
16954,6556
319397,62940
114675,7964
66657,66654
237745,181531
371149,59427
342912,342913
93181,93148
86625,75891
320831,220
260304,220
32979,117478
252508,252509
59424,98861
149959,88
309994,309995
152836,175817
20533,251241
77555,6940
171617,88
113618,238782
151691,14813
133354,128004
320831,23956
400253,677
251209,128445
49674,38731
122653,102917
109632,236407
106008,220
435362,88
86625,192651
332384,221373
152077,54036
6549,2444
24443,117539
96270,7436
393624,393623
137948,20367
18861,323
111750,101569
168893,107766
172221,234020
119068,110223
158339,291
220600,55401
265330,313291
6556,2444
143155,117015
318058,110099
114112,301888
224687,4363
362755,362756
288682,268649
331793,101702
157849,57122
76835,5388
60848,451156
45924,59426
189982,88804
160616,280662
249529,83585
200561,220
235738,2055
296261,144201
351599,88
54444,72313
141600,6642
20533,251241
85108,21966
138502,23195
400708,220
86903,37173
450681,16801
353652,228
267453,91322
23203,23195
43503,288338
152633,892
434810,70993
178886,22809
32108,16394
224196,224197
239788,141853
26386,88804
91627,608
265263,220
375470,375468
260079,62514
43022,83382
26804,58587
58037,27738
144746,93172
40229,55495
308667,16460
135521,135523
91627,608
60084,125651
13144,22684
266115,71141
240654,220
320791,133222
434359,125441
4451,677
357777,88
380835,677
211196,200515
22809,178886
285223,677
179405,54947
231127,231128
24443,117539
88804,26386
27311,88
433288,16460
102591,32979
394233,689
216955,150465
288338,43503
385254,78953
198040,677
51513,23668
90638,16166
220041,677
402383,224091
194356,88
77583,60387
147384,117615
74531,71027
416584,220
337708,88
228557,677
26397,29988
329080,80219
67382,519
146614,110715
100434,32948
60848,451156
217897,114285
249809,80247
83266,173051
26383,88804
395745,214664
168539,40282
60448,86821
42825,146614
36663,117812
182264,182264
304652,220
51762,220
9959,9976
275326,102591
7030,23123
236480,218636
251241,20533
166174,141223
68701,235
118481,220
8989,9025
308671,308670
13262,69987
92605,23668
60848,451156
3593,51174
32988,32979
64904,88
96461,88
375668,677
85802,101151
300342,89839
354540,88
151848,715
401520,401517
88804,26383
82384,132206
67021,12465
41257,10859
314000,465
234020,172221
53915,677
354540,88
331888,336079
403420,2594
32948,100434
219645,62571
11571,244222
446739,446739
16045,714
173051,83266
252944,677
20391,677
16394,32108
170754,26383
27898,70853
400951,198040
132206,82384
270772,270771
256193,7269
141137,220
154199,36219
215464,186608
225365,206
144204,48780
336969,132690
215401,9964
59424,70858
407308,14549
83479,9351
141656,57093
417151,677
232240,1945
50116,4368
121303,30642
70844,27898
103900,220
293391,195004
366695,150073
341363,298846
67382,519
114678,73099
66011,30750
48350,35826
231451,231452
7630,241454
41692,88804
240395,132690
243906,61939
401007,3369
97845,285964
102082,252611
133712,96461
156447,220
146814,519
163969,280
147986,88804
2402,33121
227731,202348
50403,73099
26386,26383
212245,677
262545,36244
9942,56357
236362,3369
63513,63467
87216,8757
16064,19115
8522,88
33121,2402
122653,102917
127112,275880
15214,973
169600,5965
249945,45528
117931,677
72380,67702
150781,2060
32948,100429
314676,179483
252079,252080
184057,20560
8773,8758
87048,41674
197876,14179
122822,9071
21240,108119
10389,9964
14222,331029
402663,12665
126230,8711
132081,157820
14179,96335
27941,220
223011,223010
366219,35248
252516,2941
337708,88
388816,388817
94794,80512
79147,6910
67022,18431
109949,99
357942,9964
412686,378049
188395,64866
199064,20199
24961,128885
284162,7029
188682,188685
29034,220
139534,139535
192777,14578
382051,220
104979,176679
150781,2060
2612,220
397955,220
55819,206658
252118,319166
269219,88
36818,38134
401517,401520
148228,9816
75587,220
449781,38224
187145,677
364727,364727
44641,11072
434508,220
179058,179060
80101,207711
314760,2941
87245,27180
3045,16188
395785,73099
21920,93919
364727,364727
20130,42700
412244,677
71207,31337
9513,1722
398675,1945
14222,331029
88952,80483
93896,18493
112319,136233
129383,86790
69589,72365
11538,4362
113475,140258
85011,85013
45129,96446
395745,214664
154389,26
363458,677
450583,73828
194040,60848
253599,6686
250662,205
26004,3807
93919,21920
112025,112025
136014,5640
157338,182296
39084,47509
240050,677
37001,13165
286667,220
45605,73099
328061,19573
252612,252613
301020,7639
451134,220
364727,364727
433945,433288
401520,401517
215134,81025
13784,222200
331581,165904
93375,93377
80101,207711
251894,64916
222365,677
45230,220
314441,9964
157331,220
50967,677
74845,36785
149986,88
116966,73099
270046,291291
322918,220
262685,262686
327363,88
20533,251241
268689,88
271255,220962
17058,132690
8771,8771
363458,88
100727,150471
401520,401519
165912,83766
385109,677
118314,123576
261600,29252
185273,677
36818,38134
67621,220
9298,144335
78635,88
455030,677
123838,251196
433288,433945
55779,174595
411285,317
307412,677
30750,66011
333430,15896
49392,42169
370018,73828
261600,29252
317540,220
440194,1574
8855,110223
235148,331581
36818,38134
11767,11036
364360,27869
115612,19913
179405,54947
152091,110223
100727,150471
411285,317
340365,88
418063,88
181541,4259
30274,47416
2399,385125
110916,149425
198781,68702
174595,55779
91447,82700
93037,6755
201023,220
1275,6502
61551,61544
40135,2080
59738,59738
422373,422374
105922,24561
81082,81087
306471,56860
38134,36818
8895,141655
242090,677
262686,262685
203863,2670
411285,317
59747,220
227918,677
232924,232927
11779,204318
14089,88
415427,677
86576,9298
210397,144651
395281,395280
307985,43684
162991,8560
9513,1722
157174,87986
305194,24465
236616,816
97485,117855
276602,179330
150471,100727
46825,46825
2580,14957
30750,66011
129064,339478
196143,47499
450583,73828
35604,33847
51174,104567
356647,220
428306,88
38134,36818
117543,15754
55819,206658
5308,5450
30742,30750
16425,220
281827,8767
39566,59202
70430,81232
112024,112025
391163,298974
62619,144335
134,4613
211407,192073
157026,170754
228319,30642
145134,677
196130,6683
56948,15164
48336,7173
450583,73828
404490,404491
51142,35876
143155,80431
411060,184258
151096,107895
13971,13965
318448,264560
287965,287966
150475,816
85408,8757
353652,228
108529,163734
74469,74476
410014,220
312181,96622
71009,8984
28260,16143
135523,135521
79110,61886
9513,1722
11413,11441
56645,56643
80429,272717
264560,318448
6349,94360
72365,69589
30478,14957
83921,107040
424447,220
50668,50647
100418,677
148738,2670
101526,150030
71554,34248
439212,677
6649,6645
191993,356
30478,14957
155560,154789
135652,251081
388981,88
66708,9720
326330,174807
128081,202629
353357,88
163734,108529
88513,73152
346943,95955
7185,2320
149831,10704
121292,39029
107040,83921
196755,511
263372,220
50668,50647
422803,9964
282707,195950
206744,290520
20143,22860
451434,220
58074,14615
90340,3749
155330,46571
187773,17678
156946,218111
17938,55660
236702,236704
263490,236
35487,100099
219757,88
12404,12423
395442,349
263490,283
263490,52512
224484,677
188247,37759
445136,445137
138619,16527
195503,62194
408675,220
222159,46904
125613,30642
440269,132690
141685,11036
263490,231
244426,244426
128885,24961
256697,169308
34655,105798
132546,220
445336,54039
34905,45454
263490,240
326330,174807
263490,2813
263490,243
237487,47175
143576,106112
14926,93037
214476,677
148738,2670
196130,6683
361006,275568
344327,344328
265496,339084
22221,3547
193178,8482
450583,73828
205173,322
263490,40214
6793,3642
6793,11036
6793,3571
263490,248
45577,36818
399159,399158
351841,55466
189354,88
97486,223797
240920,1722
45655,21705
30742,30750
353782,23028
93502,126503
232915,33808
143526,220
355636,5516
250756,31029
70842,70844
346076,88
208846,180867
402313,29296
377720,220173
183760,21466
30742,30750
209792,57114
414672,352
30723,37071
263656,121214
69643,216
7643,50773
22860,20143
23633,3584
141714,349
128773,46117
431561,220
121214,263656
456095,27463
24983,58373
353460,88
320746,385577
119578,1877
291358,291357
30742,30750
408680,302770
52905,52882
122942,97456
137140,137157
452805,220
90532,322
50106,9876
50311,80731
71465,88
229744,132690
401520,401517
103442,28652
195503,39524
41303,188688
6433,40230
433945,433288
174096,1945
37160,117988
220173,377720
306001,77496
450342,3369
122880,11692
217326,217327
20467,220
364125,12281
426141,88
412227,365941
190538,9258
263590,39524
136481,136490
304664,677
282762,34798
410594,62205
89805,177656
399940,677
365448,365447
41467,31292
115166,294195
151703,114965
229703,175528
11677,6793
297128,17004
134505,240799
241536,33743
326400,195256
264400,1276
75598,53931
45577,519
307529,293207
421572,171020
14646,44036
448794,37444
375322,38941
450089,8598
355630,115493
140117,121677
82449,18411
114523,5245
8839,8758
103442,28652
95330,49159
172525,2262
141656,33743
209354,677
101263,407144
1709,765
46208,27637
141846,141845
160339,322
30750,30742
394335,371923
82449,18411
395280,395281
213085,4362
126503,93502
210397,144651
83034,83034
131228,131231
67818,115854
341643,432885
27311,98935
317135,294451
121160,220
432392,432394
399924,239782
65616,50304
109386,81427
816,150475
158380,52504
5552,24941
331581,35248
118,107
317788,220
109826,36388
308670,308671
284744,220
203812,962
401520,401517
186970,253350
407065,407064
67818,115854
430740,188104
237487,185461
321504,35334
434523,50299
73065,349
93502,126503
37737,5388
416806,416805
63513,63465
199433,677
44641,11072
167072,33488
56948,13756
451354,18792
208502,208502
432394,432392
294451,317135
291291,270046
265181,335342
121428,395015
376175,152359
260588,28458
39074,6672
289407,1276
137863,677
42491,17188
389244,389241
28458,65115
394335,4730
122175,5269
157091,266999
142290,11677
384179,317
314522,88
195440,195438
357370,421249
107309,59262
8955,50069
100404,4259
30742,30750
312631,356151
445794,220
288602,252118
190734,677
264092,38662
180192,65569
130451,677
10191,18484
190238,677
111416,231778
255574,168627
354584,2280
424753,10445
327506,677
408040,33488
335342,265181
157313,16461
128501,50647
38134,6949
119372,284036
232795,144335
83921,107040
380508,677
110497,200265
100672,199772
11072,44641
213054,273422
395303,8956
430804,677
166587,220
33614,36818
409235,677
368296,35248
113475,140258
30050,26320
331919,389834
412019,412020
221665,677
162216,47626
446494,73979
30750,30742
421249,357370
20877,15606
266999,157091
71465,88
39361,39362
189839,16460
354584,1574
272147,677
31541,56011
297008,677
6895,677
452456,15474
90718,192081
33959,176483
102372,33488
71325,48780
287316,7566
32695,349
48876,292538
30750,30742
208054,88
81105,677
216437,178842
51434,88
192081,90718
35194,55933
45640,24236
104050,355919
176481,349
6672,6645
31663,181020
51440,1568
140397,85028
72313,54444
331919,389834
315956,239990
40773,27180
35194,55933
191751,101963
195123,39591
358034,34283
44999,349
47983,11036
431415,677
68842,54217
398100,30979
154104,30979
231449,91744
103986,677
15452,117343
364501,35062
211555,47215
269262,220
39090,6649
139937,235148
83921,83970
3370,220
15452,117343
218685,3298
335342,265181
407582,57135
137863,220
294335,35323
245340,166768
151703,114965
50273,9036
386669,386668
147578,214911
97882,97881
64816,353247
390836,677
147362,39029
240543,240542
119701,33488
397760,3252
30750,30742
197852,9230
49830,24384
161301,7514
10217,47157
136493,136503
131169,677
136596,21222
42894,230947
90718,192081
438529,22072
8209,519
398100,30979
35323,294335
95348,74167
228406,30979
159212,198949
71027,203095
74030,28918
241446,241448
30750,30742
96398,304636
136596,21222
113367,129294
26677,235
42894,230947
143978,8468
15686,18575
117154,238885
433288,215933
70924,344616
177555,106043
182383,677
2986,16938
195278,677
103986,677
160203,4696
267045,97334
200491,83588
238180,18356
323534,88
249809,54039
30491,30498
9513,1722
431298,6895
85569,90556
261478,7590
335740,34262
292322,57135
7514,161301
361035,59008
71027,203095
37272,16938
133443,93313
442820,677
288063,178164
307305,141604
238317,91212
147362,141623
80429,272717
30498,30491
171165,9964
431698,2288
90718,192081
87336,9435
83503,95515
309996,127900
113367,129294
141604,16188
311842,286343
252228,677
104898,126181
284036,119372
70245,11555
255570,871
211517,149004
203095,71027
42894,230947
392425,392424
160219,19513
160016,220
411379,677
30841,30936
58180,34283
32247,18710
128468,38174
206937,221284
205238,715
156699,70148
208502,208502
284036,119372
372415,222289
23963,26490
96551,12281
266999,157091
255322,88
10191,18484
250904,7566
28458,65115
333917,10018
157620,66976
140899,261095
88271,1852
93502,126503
365270,117343
394468,394467
88480,282988
25949,95239
310153,96651
85582,220
25228,677
157907,118818
22860,20143
108226,4905
236139,147811
350526,105740
157620,73068
79133,220
137979,174213
151166,187947
93313,133443
80426,9036
42894,230947
89208,6515
129294,113367
138029,35699
142208,88
140899,261095
16304,141590
115663,187947
192264,153353
84617,677
157091,266999
150066,59276
110777,29567
257539,88
220456,2289
74036,39959
4139,5046
160339,322
350526,105740
22190,1266
64570,110223
271920,6672
244900,349
2201,48
353247,64816
406584,14045
407626,220
178641,77
208433,77345
438146,677
9036,80426
354370,375009
326525,226828
145740,84620
229995,322
279431,282551
179765,179766
442989,442990
207637,24588
114911,8949
35323,294335
26397,29988
355599,355811
195123,39591
337443,317
24977,24994
35586,35570
409831,677
84620,145740
362784,677
327851,223642
298238,677
101154,55389
95174,25571
64816,353247
116793,52838
103478,143120
202580,235
177734,330554
172675,677
68256,2288
383216,2288
344981,259181
442150,394114
409450,677
258472,677
136993,208054
244900,220
326525,226828
432870,88
423878,220
49089,4665
434551,269503
95953,95648
73128,511
124214,6971
394809,393080
384808,9964
113099,11692
235395,154451
87496,220
325671,36060
125489,48233
85165,16188
454850,220
84620,145740
30228,37173
103532,2288
218704,220
49194,309
23892,12466
78492,112401
45459,8806
277912,258091
287703,677
27239,118519
9116,2288
142076,1945
93222,5125
248986,187504
159488,5419
316340,265218
216503,2288
309182,182225
174096,349
103348,64800
28838,124868
55292,135380
245765,132690
28467,349
160062,13633
145740,84620
137155,6948
178250,285026
23892,27635
445782,677
225629,125956
270901,66320
229864,229862
120415,45297
73718,88
128497,352
187504,248986
159488,5419
90786,96053
377122,377122
449678,125900
204536,220
114066,91635
3752,42699
244581,14725
217641,677
174213,137979
371016,329950
3733,2376
216994,91244
259879,371754
112501,234085
263648,60060
158710,389013
441932,677
20220,42699
312930,14572
132801,13808
78083,2342
14725,244581
355811,355599
149055,79425
154627,677
213050,171550
205252,33488
9116,5200
264417,185479
432510,286844
375009,354370
329950,371016
296934,351714
362337,2288
132749,214658
190965,125900
338873,677
145355,110879
117478,72927
339710,677
91244,216994
159488,5419
154627,88
365783,365784
185559,88
184293,220
154451,235395
155021,61081
446494,73979
292198,30478
109156,26952
412791,94232
26367,5356
299189,299191
427114,8303
1913,220
70993,5508
225792,53801
134748,677
221470,185390
412020,412019
75054,2288
277915,258091
70993,434810
329988,234918
427114,8303
83315,191288
439913,88
251125,78217
157,1052
195981,349
20479,4182
91635,114066
44016,20939
267190,312458
255517,677
152718,16313
30478,292198
69643,249845
360310,360310
433665,13826
331647,331648
113367,129294
184082,5245
60102,51271
60470,87815
1727,25863
217189,208528
180413,14919
9303,677
420543,420542
141623,147362
345352,34284
146129,146126
206831,100128
289422,289423
300891,2288
257533,141163
8740,62712
306126,215830
153003,106399
75598,5147
322707,300901
84617,677
60880,46985
358015,88
363260,14376
155599,106311
354612,2668
307510,677
252118,288602
222913,222913
365618,3603
30125,99
22512,80936
265956,16460
265801,216503
180856,220
356264,34262
1522,2715
268462,296939
112746,88
90442,88
190965,125900
88415,167368
175,48
560,88
209182,376695
427944,121553
48265,49351
304268,107794
146771,60573
61971,677
236824,511
57032,349
71566,14549
124953,349
41446,41462
358441,113099
112401,78492
252118,288602
229735,387
407064,407065
24023,11677
50242,50237
252597,252595
63672,6498
61876,14672
68256,2288
181842,220
347997,677
407065,407064
23203,88
16365,810
205031,60445
431803,951
182197,153614
20479,74500
265801,6695
103532,37755
252976,233343
112021,25669
445549,677
60573,146771
372176,238021
248070,85168
304268,107794
269553,381804
6169,349
95965,220
455169,14454
33521,96356
185878,4893
456095,27463
150138,87024
427020,88
412339,412340
78492,112401
113486,63920
50429,182811
162152,169673
47600,182193
427439,677
57508,99183
50388,50389
141604,2288
371016,329950
206842,133634
131894,20
206425,171153
345562,677
30715,30498
87377,36840
8993,110223
98659,16560
174346,174346
85165,2288
444024,220
11677,24023
369823,42
164991,64162
446556,88
264166,264166
143800,88
373911,5516
216996,56518
82669,174346
252526,125838
394723,220
159784,221345
116778,37555
4598,194
280319,373214
288602,252118
15672,942
8855,8993
53618,90591
289423,289422
51472,6680
196855,120925
407064,407065
82707,349
294315,242729
216503,265801
316866,220
41402,18575
146539,677
246143,185869
327596,198949
125838,252526
320019,320018
302090,364532
121849,465
214493,53618
160333,321669
50743,13799
106907,105749
292724,41106
388406,349
414382,37552
3794,3786
177524,677
303964,449209
148702,24755
179618,3369
150613,677
359296,89629
23648,32813
76627,169673
70148,156699
170663,330420
246143,185869
111105,118298
327596,198949
37216,5335
87815,60470
317012,268676
105749,106907
410998,44446
135555,13428
405492,220
376613,3369
201067,279482
264348,58522
354541,4526
16204,5335
42514,153716
246143,185869
143545,175602
220029,47215
188196,49589
373214,280319
2371,23195
110223,8993
32813,23648
236206,1945
449209,303964
5563,13854
208065,18484
295412,118818
82974,171136
154569,220
405362,137857
377733,142934
133890,133894
241330,88
2198,99
56392,114896
450577,220
320452,63779
389901,69417
399516,677
197346,677
398510,34746
190579,361672
217608,20011
28458,30824
35114,4909
425186,175863
42900,677
326762,53831
17945,17948
291930,237114
176528,349
107184,102418
187959,88696
294195,115166
171471,192567
107532,66223
29417,145932
180038,362
30863,30868
129846,58522
221887,677
37712,107476
217608,503
102418,107184
86322,257535
23769,153809
37403,37396
203976,89042
11118,20683
155082,407597
263944,58522
450238,308
225231,88
18484,208065
258699,53785
50277,222098
80284,53785
252071,19857
173790,58522
8855,8993
231955,16783
25597,1415
175863,425186
48556,2226
203604,677
11118,20683
264099,69643
56518,216996
3752,42699
262727,677
314612,16527
55189,52888
206842,133634
273726,220
117615,13854
244581,5335
313845,117155
356264,33651
182780,31581
150905,30230
166574,24755
358015,191855
162152,169673
294256,292489
250683,129817
46996,79724
144327,72174
26144,677
283704,677
189398,84997
15214,24704
275108,13249
401855,401854
238814,272058
143124,258860
352665,182156
79100,20975
86903,35375
8193,8185
175882,283
406117,89892
20683,118370
343255,6659
114407,141180
121414,59162
106399,153003
294437,121542
244592,294451
229970,220
398412,219886
58546,60613
8855,9021
137357,36919
280508,5335
222576,75107
176625,176623
33842,40121
168333,77327
131829,34580
46812,46825
25722,25687
265770,26550
35185,107989
412424,31581
434855,122445
117154,238885
29125,88
341913,341914
294507,317
395368,677
52407,2872
11692,218359
320053,354
92693,15794
292489,294256
290881,26399
18224,10056
14412,117852
120112,29521
295240,677
154101,154105
52006,28723
50390,50388
11057,107591
53285,53286
10789,5959
216996,56518
35375,86903
294256,292489
101582,220
74169,50012
226062,88
166663,110700
22668,48652
36363,677
259062,220
231237,170752
402345,394467
381033,220
320746,39786
199170,199171
118298,109647
100493,220
260725,503
197353,88
49673,2872
382439,26550
55950,55963
255383,677
55786,37714
131829,34580
375965,95910
138978,5830
248535,160812
19270,51260
307829,358743
59861,26533
176625,176623
87347,12281
272272,222
62759,62755
404910,220
80319,74046
237594,54253
242310,309471
148356,145740
201558,5335
292489,294256
354870,356670
32009,6069
273699,264166
287447,112493
185878,14590
220172,10247
372658,30223
67221,280496
55963,55950
314779,314778
247614,2288
55804,37737
36436,33780
57714,88
176605,110700
322852,261046
222468,677
138849,213
120635,85844
447314,26550
126540,46985
40361,65933
189533,191731
135644,58051
246856,158651
46985,126540
216496,677
286856,13854
49974,60818
216863,677
123225,110880
215862,677
213033,36436
51071,35731
237049,83
329764,220
221762,16188
362,180038
102159,2908
211030,88
93330,16188
5355,220
151748,220
304011,287316
217199,24755
505,47
252085,123308
101987,2900
135338,148503
302647,342526
231362,122559
145670,25421
38866,38861
403993,677
21819,6824
108013,114
221345,159784
86187,16211
249326,16211
152480,16211
180038,362
243666,2288
97049,30223
322371,20242
191731,189533
275779,275780
412189,677
129960,16211
122600,16211
132930,16211
152480,16211
181230,50505
50544,26533
53490,4905
171997,30223
38861,38866
249326,16211
174233,16211
80936,16211
313365,16211
193648,16211
85140,16211
53968,677
127401,101987
341936,72968
446992,205440
163175,10357
70948,1945
217199,24755
221345,159784
420886,88
2899,101987
9277,86836
73079,59670
314410,16211
65112,60647
9141,16211
211604,209286
68730,40220
59162,121414
199170,199171
290881,26399
145808,122786
241454,7630
825,14156
85140,16211
40184,28766
191314,7956
37162,33842
184206,16211
109356,30513
153699,15
54351,102418
36417,72948
403993,349
193684,31250
108013,251599
7043,104161
119435,26550
124057,46138
387965,67663
143545,175602
40775,16460
250290,248545
13163,10357
297824,97187
157651,677
50544,26533
6669,13854
69356,82092
66914,14156
142076,354
348559,16460
311011,16211
75714,16211
370367,31581
320294,320295
393622,393624
273727,220
109715,220
123237,12748
242310,231649
22507,253445
26395,113604
111111,42168
365295,365296
273961,335139
155064,148702
141739,5793
403814,5226
270124,65650
187477,199223
97028,1174
180038,362
68669,11053
351480,108152
36436,52908
363956,2153
8193,8185
6669,13854
225732,677
45049,677
121414,59162
50544,26533
195897,195896
30478,19604
111843,220
96517,178318
11571,244222
95270,9887
221786,30476
75000,103788
145503,38564
425776,677
415086,88
287447,112493
252384,677
343782,16211
286627,677
60713,60714
336228,440458
114339,2813
102682,34064
211509,503
90718,192081
252516,2941
217199,73948
65385,65372
148702,155064
88900,10214
254995,105143
36474,3604
397332,9964
315679,16460
365796,19604
56394,59621
240542,240543
159052,122786
249809,58163
432059,677
304685,220
31967,16443
193684,31250
8671,49511
106250,349
3972,29504
283377,88
219783,489
139734,571
118726,3786
352201,98204
348833,263473
175629,4888
40051,15
408787,317
120684,54376
118726,3786
405064,12169
413706,26550
339526,39311
37503,31337
121414,59162
6349,94360
434940,125900
428773,24197
148356,145740
4608,99
62818,3782
24941,176152
20384,20372
148034,220
34154,239413
49645,208435
204571,3549
122175,5269
303072,32564
275070,63
204837,14725
68948,33877
205186,16743
143185,69476
49511,8671
239161,132690
115579,6652
432601,3549
238438,101988
210131,677
3115,25558
32502,150013
65650,270124
215925,308818
43490,66685
287334,215983
292877,52863
9021,75891
168582,3549
167279,155558
77634,13854
218048,263295
253631,677
141100,3549
110587,80431
398478,3549
94901,184840
248813,167653
87746,68400
331815,16460
446281,317
166174,8468
9021,130242
386544,3549
186477,3549
74465,150013
13246,93051
204131,372543
109829,70150
31997,32009
146121,66320
35855,3549
90235,155004
306819,292766
238792,10030
9021,351520
279609,36309
51242,10697
206361,2941
209648,3549
371710,19362
441339,16460
9021,49740
435349,19908
269984,13854
148558,35945
271581,327000
223482,3549
148738,213
95681,3549
9021,110932
345549,3549
227593,720
342570,285620
306178,3549
108013,251599
147362,141624
9021,50218
114273,89776
412610,10726
225159,250657
202676,206
348833,263473
59792,65924
240782,88
6435,6139
160243,183683
115969,26651
86548,216
220259,10445
236429,199482
171741,220
409556,677
12079,12080
95538,3549
9924,120978
153964,153969
6715,39029
31592,41316
87746,68400
270124,65650
437031,3549
253350,186970
29675,2941
55963,55950
371710,677
143626,220
92250,139768
79227,22676
400680,1373
137744,129242
16443,31961
54351,4886
119033,119001
424886,136490
40188,5137
321345,132195
238438,101988
21798,20671
179509,406955
35208,7566
445231,220
102377,196856
133905,349
42788,207166
315641,57112
11256,70273
8312,147994
19246,222395
32507,572
40188,5137
90324,16455
118724,1945
444277,3549
117706,105004
113586,220
351955,351954
440789,36363
41518,15798
197448,3413
422654,677
119033,119001
431113,431112
14638,14579
180855,3341
21444,24192
125327,80706
30097,3549
90718,192081
451840,7962
221454,221455
374776,268
2734,93181
277276,277277
276141,4905
452371,280
141990,32484
155064,148702
358189,14725
43397,182077
90718,192081
404977,6940
334147,87839
204200,237094
410636,89926
269778,677
453485,323
160243,8906
95372,78090
167653,248813
137979,7962
244222,11571
8855,8604
388711,3549
264549,6648
253704,60608
19650,66114
26813,81046
7753,677
14728,37759
219815,3549
213424,7962
374996,88
65112,60647
68296,36436
448559,448558
146637,9021
297886,439161
213424,10444
431133,677
95372,78090
250186,40271
229862,229861
106657,141604
32634,36493
88271,2244
88039,352985
181033,116496
224488,7962
251599,108013
150013,74465
416342,7930
417919,122786
45635,96042
405772,677
429798,677
241279,75830
161969,2870
6558,6091
368072,155468
17207,11053
92250,92250
254315,109822
293464,293466
221627,73948
180711,218233
409615,9110
181525,194018
182348,206
239451,180992
95372,78090
133580,124799
112415,282228
227420,107708
59136,83479
272717,80429
90532,322
115292,32445
116496,181033
449603,416157
76504,677
38185,119892
253091,171939
74363,132765
4580,1002
141604,106657
310547,88
287346,11921
162845,55662
13798,17526
137857,405362
18431,176586
94818,141008
108165,108167
41190,23003
46074,48834
11700,2160
17269,190537
29567,110777
277214,677
289652,289653
10172,677
166854,89573
148413,30345
346349,345544
408782,54030
452899,88
421931,88
11700,2160
108167,108165
33836,16455
215072,71430
267974,677
149073,53765
343255,343255
366595,366596
59927,45407
221370,35430
3945,1390
237290,252993
16215,260080
383402,14662
322909,88
47686,10458
341536,677
89573,16457
413927,24514
43614,28723
43664,272
119256,107181
241983,241984
147203,154869
319207,335072
18224,10056
327043,88
180992,239451
252716,252715
52122,30616
383402,14664
336079,331888
319565,3486
35795,35795
191732,435809
225635,677
30471,147296
223861,69103
257629,197257
233927,3549
94187,142384
90243,25890
131468,14156
314801,5335
120468,120474
221627,73948
431112,431113
125613,121303
385406,677
313100,313101
14643,14638
89594,7566
74769,3549
435809,191732
309907,37104
350899,11036
107708,227420
137857,405362
345852,345851
55242,128968
403024,268
391223,353211
438507,43
70480,18574
141558,148653
97566,16570
307481,22349
25978,215213
169579,92308
166317,217108
87024,2849
27463,456095
42245,42242
276607,276430
37714,55598
28723,43614
74125,108909
332381,88
157720,56733
376763,30513
38481,38542
105558,19970
256449,229
87376,87377
217108,166317
393677,59053
227420,107708
348412,348409
302672,93935
36093,68206
149008,268356
289909,52792
45435,169391
284654,127285
48555,75441
81511,9021
15325,15668
32117,15
232809,42434
456172,456172
1632,2555
243028,122445
92587,1896
149598,28723
209477,317
174775,2941
36093,11036
261878,677
128120,72207
186249,349198
246378,74125
16188,93330
289653,289652
260080,16215
28723,43614
3341,70480
47809,213
268356,149008
109268,53765
222404,677
51522,66525
945,52792
556,11036
119755,38737
22885,1390
6241,65995
69883,113437
343255,16188
66488,281674
282559,16344
36093,11036
179509,177812
163557,13640
32623,10037
155424,52792
264756,150750
211445,216467
435809,191732
175602,143545
217108,166317
203251,24236
195623,92247
210131,677
336670,232132
36436,52908
99525,345220
83461,58767
75441,48555
296724,39048
308359,239782
162793,73789
428085,2055
11118,20683
31529,41486
388372,11036
447161,100870
12542,92686
65673,186295
95896,121349
232596,8604
436950,3549
24570,164150
313101,313100
107708,227420
343255,16188
145884,12087
57289,60640
153665,66268
183683,160243
105740,66519
126734,51247
106235,106236
190966,74566
111056,141951
269934,19850
68753,64721
121542,294437
204234,7962
61431,89995
57951,60035
65240,4905
121349,95896
85886,52792
119705,119703
352985,88039
97660,30478
63764,106824
52908,36436
322865,322864
180302,71871
314215,6231
332053,328377
19883,3228
122175,130719
298941,298943
186245,553
32363,220
345121,49826
334909,57861
141951,111056
106408,106407
105561,23769
14725,358189
5269,39311
94187,142384
424414,3549
71037,519
65013,9021
283317,220
286214,286215
269361,245533
229659,677
135207,7090
110236,18575
187175,11568
105561,23769
65995,6241
196273,88
347725,6656
35128,20958
382385,268
450664,303222
313183,925
151582,58035
138636,33651
427528,106600
51071,35731
59074,677
366475,343857
111056,141951
118454,58163
210951,317
409162,263290
234951,45582
206943,84097
61847,465
377122,377122
13124,11036
255413,677
260773,260774
219479,14572
109647,67382
280667,167997
168580,220
284602,268360
298001,157067
389952,677
38481,38542
74289,74465
126458,32445
124708,29323
322242,266621
212773,108052
329284,10483
23523,100642
146973,110830
349840,1270
249482,88
166451,67097
435809,191732
212343,677
278115,159043
444223,816
126877,141776
141241,221068
167318,108052
2890,2900
237555,3549
266621,322242
384555,315281
189201,47249
110488,175699
217199,10047
187527,128759
78591,18771
36503,11036
105003,114881
158624,49589
34333,25006
82276,58035
141637,106852
37216,1468
93313,154575
34261,99027
242935,47015
151065,88
422789,75849
303072,382074
13633,6665
16457,89573
70742,55662
479,30790
188151,57134
36436,59844
322242,266621
64833,226385
48963,12751
314122,372414
58342,122786
308464,213
400307,139891
50972,330145
139718,213082
249013,677
148329,86645
307576,44446
339525,16460
135016,677
212054,66661
376577,23430
6716,3024
132206,33611
139456,237026
133440,39102
218957,354
300559,257692
55787,9218
10357,2177
42037,57759
265289,150861
178091,46112
218502,11036
24215,2177
53962,15489
53962,21949
314122,372414
38542,38481
242935,47015
1270,628
57489,50314
55050,89891
186950,211448
96514,2247
151389,98241
244644,186266
297919,297920
247014,228516
64291,158540
30793,138652
219044,465
134726,21832
169421,136703
200489,241425
393108,28458
305131,94039
7630,41554
334589,295412
113437,69883
196300,437559
128668,95088
349296,677
319707,334009
105003,114881
268952,115576
46112,178091
234388,14454
158540,64291
186833,16440
164602,220
338993,88
223311,251
45605,492
358189,14725
259412,103294
66685,43490
61847,1988
16126,55181
166506,6948
55537,91843
189509,85875
135654,3053
152345,55658
66619,31195
78003,126603
55171,55181
427806,427805
64291,158540
314122,372414
34393,34327
415969,415968
234193,55658
140532,55181
253741,324079
363318,243841
16755,2941
200489,241425
248804,35371
195540,5793
199777,132662
439294,439293
174825,60227
70747,152345
1701,1715
433260,12553
139377,246378
341735,35713
360725,184719
110916,358829
393080,394809
208845,208846
314122,372414
176447,349
277825,277822
18443,166174
18352,12751
180132,55181
107218,163168
293311,677
354092,354093
29880,29633
174002,205439
111056,141951
86903,31850
412961,3549
219044,220
434742,227855
17279,11036
492,45605
314122,372414
31462,15217
82150,139790
56125,56127
129920,2765
100870,447161
353552,68446
3024,1468
307770,677
189509,17145
165068,677
47192,2179
249317,349
260161,288660
293905,503
314122,372414
102377,196856
392933,15
168471,59771
428569,2373
56127,56125
314122,372414
31992,25855
129920,2179
13974,161073
32013,6069
5112,3020
166491,84632
27274,46507
430777,317
105046,23370
49589,24361
145845,241245
314122,372414
58522,38695
421125,21996
16139,197986
137206,16188
21287,117765
293162,88
199165,27872
13603,4830
384077,88
77663,45081
17580,30414
418390,677
216674,88
38481,38542
103401,236
88900,46112
290893,16460
297920,297919
45776,146878
152763,2941
48885,203511
41001,21920
330278,59159
134505,27145
49490,175276
13801,61393
425804,442336
451824,220
241256,3972
402628,3549
15217,31462
30442,88976
428108,36363
371281,371280
91627,408
215156,15
188274,20012
413349,2153
331631,264004
46507,27274
176192,537
134743,34712
422843,93
245992,26677
257254,197986
272697,14454
162023,68446
113367,113358
115093,2941
106584,308721
169042,308842
973,492
217199,73951
67749,20012
68615,68558
29899,10118
50947,11036
113367,113358
268516,69417
265122,3549
343866,2179
67382,2179
83382,43022
131361,8014
246402,154638
280968,88
446348,2014
435897,311141
58008,20984
154085,211448
166914,50297
182260,47666
36436,49610
207396,77013
18491,15823
193195,66685
445771,88
112127,6993
12627,41613
492,973
119738,119738
32652,56961
14494,4376
175070,142901
1504,6051
194069,225374
77276,117030
445496,960
75681,160553
63996,960
72912,299901
121212,80604
323702,677
58829,14138
168625,48476
97102,511
255667,141637
38481,38542
32777,59771
92153,92173
67382,2177
407050,221918
197986,257254
100397,100374
146194,3998
96656,156910
69639,147994
49673,113367
10329,322
451482,2288
265686,250658
359316,1895
135432,135435
219044,677
7183,251968
58833,215928
69883,21109
382100,221267
234011,106773
60581,101909
188761,38695
150227,349
74079,960
403623,221408
280968,88
15639,30674
1453,4302
4987,27814
56529,7782
435527,519
139889,677
451121,451120
111379,10946
70392,322
191850,2177
116910,38695
32622,16843
113367,49673
52631,10237
308316,6645
110009,12344
107746,10675
76667,52908
119432,2177
389978,11036
450412,220
97583,58833
214937,3369
409048,274358
38695,116910
391659,283902
351407,387245
194568,1896
22188,7782
276847,62498
4830,2941
43022,83382
36093,191850
115156,101950
11080,57848
53602,8806
36436,59837
204758,93505
210970,130884
131528,212512
11892,92312
80431,72040
52375,515
366759,220
432904,2266
209810,7782
70482,572
52908,76667
57894,36436
99295,112290
212940,39067
94752,677
216995,56518
2905,2866
168179,515
220690,220689
139914,19848
207020,6948
233069,960
432904,2266
87986,157174
128223,2177
39565,479
231096,2177
432904,2266
125278,2188
253392,2941
319207,335072
139790,82150
377965,377965
177031,88
27240,1665
164206,60380
375913,677
33205,28691
9150,6644
377750,316278
220655,11149
52908,36436
261167,9031
368633,88
338436,677
270495,51746
242443,7782
58737,27738
183168,13425
131929,10675
223476,960
203155,7782
112127,106161
57913,1895
4405,106161
78084,1895
352255,1895
410138,317
67238,67237
178343,128842
285774,197588
283710,2177
87948,154666
39483,88
101261,134869
148076,331541
70881,12281
212272,85790
49389,102943
136884,29772
209036,153249
309140,11036
76667,52908
4570,18352
375913,2350
450433,14725
255668,274
77727,677
19848,139914
80612,107208
4468,677
225766,208366
87377,87376
342467,231873
72548,112127
342467,231873
267913,960
451077,1503
90110,108434
11631,1453
430067,3024
241841,71994
113270,106852
335139,273961
120719,77555
1453,11631
202456,88
46112,88900
130409,154666
168668,677
333468,8603
218579,159885
141791,220
88215,111954
325566,101545
220592,10445
819,14415
208366,225766
391300,68278
50185,11349
77555,120719
188127,277843
280968,88
273961,335139
212512,7067
20384,20372
32948,100429
161551,349
265164,220
14415,819
71994,241841
188389,36297
51135,677
435388,196696
235185,235184
387245,351407
66417,162378
82150,139790
18773,18771
60949,19266
67237,67238
251482,251483
57848,11080
378013,677
351407,387245
55569,72974
63161,56163
23214,677
113367,49673
36632,11036
225766,208366
303423,303422
441158,277254
60695,100607
303421,303422
95162,42177
152033,352
263239,23946
419409,5245
386690,6971
18490,677
429866,68278
19096,515
35825,131821
279915,16460
208366,225766
18027,7963
106161,112127
24911,677
101364,274
442225,960
139790,82150
263239,23946
228166,220
61527,74324
35909,98593
52770,515
100429,32948
8815,50066
174825,60227
54304,26
95742,15881
176025,244692
59736,59738
68007,30652
59771,168471
383435,3549
328572,328576
447166,220
94553,16455
261360,34801
198237,60620
78389,78387
43278,118732
11080,57848
107711,5590
143500,142575
220689,220690
76667,52908
104543,7782
155932,208830
77882,36436
33521,96356
58451,19135
105561,12344
327602,239367
112321,61629
395110,56698
102096,27738
448,26
278811,367750
231436,231439
396231,410157
57848,11080
138860,138860
211501,284325
13893,9704
431511,219063
221204,2177
335338,88
19135,58451
78800,62818
436814,6948
142050,677
226086,960
116524,202525
26072,17145
19486,65650
121973,164292
324442,66498
99295,112290
105004,117706
424243,1895
444759,677
101545,325566
284602,268360
56163,63161
147362,39074
179227,26
341276,30223
109974,35824
404306,392425
59840,209944
101919,55337
272815,677
240804,182692
319866,677
153249,209036
64554,36
382724,14672
174775,2941
76031,2670
414375,46837
161433,220
161073,13974
240804,182692
127617,129230
10475,97328
103293,77555
178173,83511
245362,245362
315952,120294
98653,299837
4130,26765
415100,317
8202,220
87330,73343
164292,121973
109974,35801
77727,2177
423069,22781
167072,133920
89802,720
16703,15039
83950,165025
98332,10946
195086,88804
383450,677
134909,160355
141152,464
74553,26409
123469,106772
382655,220
42046,14793
4705,51
39074,147362
216907,20012
130451,2177
305493,40313
111315,119590
195529,677
333153,66928
225003,42151
43179,43163
395613,677
52908,49434
87798,220
64652,114072
162194,8965
165141,9037
129804,1478
54130,102593
417273,7930
339948,47631
115324,58285
389324,10513
248572,119590
290761,69643
110149,1478
160322,26930
423069,22781
196365,2179
13162,13798
306354,960
86991,420715
232539,2177
42178,62496
377965,377965
261875,51746
315952,120294
301983,21110
450664,450664
142678,100921
361370,119995
36864,2670
180566,26342
160322,26930
51807,24583
309307,677
360199,21979
67382,13808
34963,64267
49669,2868
8268,106925
423534,317
183894,270419
167630,141746
157691,8965
220689,220690
263646,677
250658,265686
39719,22821
120379,11921
4405,112127
419216,88
389900,268869
318192,250993
423069,22781
301966,362436
437507,677
142678,2875
409556,2177
273785,270360
2179,129920
108847,2177
51232,10896
152768,168571
10513,389324
31855,60326
125815,49686
120635,85844
140310,239428
346581,133749
100779,94720
254185,46947
154368,112127
376296,376294
264628,16460
264,102720
209988,515
58264,51289
402775,329025
41872,26
78580,220
179009,88
216211,26
136309,138028
42172,12965
27079,140202
349,26
361672,190579
305239,16613
369655,369654
97483,89338
21110,301983
4405,112127
129920,2179
86203,173141
305239,17216
86825,66417
125924,36707
369655,203878
434232,434232
200945,69472
268521,283
48906,511
305239,4569
305089,260161
102350,310378
105268,503
401803,42112
187387,677
377965,377965
14390,360
305239,140298
135722,25020
305239,148125
140202,27079
104543,11711
156903,91963
205848,960
61271,49323
141160,93930
98593,35909
319893,311454
21823,6119
53883,20949
247038,515
361488,35295
120201,88
437369,220
245421,677
107039,60723
81706,201114
438879,677
138417,11711
243582,25583
175631,7491
234011,343900
10669,26
395110,56698
374939,132690
112127,154368
391072,57423
260044,224461
441486,441486
341914,341913
152319,399920
255651,101654
95742,44855
212146,144729
314634,314634
15187,6353
215990,32652
44892,44893
54505,81080
415371,299985
112127,4405
97597,7690
298335,677
97881,97882
162727,220
82537,14615
210878,14725
226206,2177
116288,167209
380417,239782
5600,149896
283490,101654
61344,106123
102720,264
5383,22512
58133,64730
47710,220
43442,24923
1621,143
131416,11711
154368,112127
211166,47268
346605,220
437293,220
218898,256597
335773,154885
109647,68081
360545,88
450665,450664
412869,1274
10760,10770
61626,61617
254953,6948
85192,5335
210878,14725
59771,168471
183894,21647
162493,33387
451103,503
261553,283
254953,8927
7206,7214
161429,221359
218898,256597
55943,14572
112127,154368
456153,13799
19289,327
73454,677
218156,33556
7025,31319
4839,120201
268141,220
453338,220
137173,205082
320768,343417
224451,20955
369665,21118
113739,113736
379471,60647
67382,12965
256497,2177
193455,51163
35909,98593
100097,126540
221359,161429
279669,279669
430612,220
43442,33668
30790,479
342552,162562
368039,9762
109597,7214
317301,317300
395084,395082
11114,29398
375668,397633
79164,1896
237917,677
29434,48583
109974,44860
30315,26
452733,327
136406,6502
43716,327
190966,74566
1426,23337
138908,216453
218150,188856
17762,35229
147196,147197
175064,16460
434232,76048
411955,51
99253,43685
261981,219991
168471,59771
317350,327
57526,125816
342552,162562
234338,1988
179019,179018
243650,206069
115228,28659
79164,11256
91402,135499
92757,40796
313426,99235
261553,283
90178,1435
22776,46678
105561,12344
110777,29567
26158,12751
440206,317
185437,1896
209191,77541
16709,44882
262294,317
214342,677
454538,2670
51071,56968
452926,327
51135,2177
150974,96548
275251,197091
327298,31836
255878,677
160796,84121
94299,77916
29685,327
100764,69748
24258,24257
291877,12251
229034,465
175430,216992
173141,86203
21178,145215
152763,2941
206069,243650
171811,150520
168568,164225
179018,179019
298461,307164
153984,33668
371914,371913
88900,88900
98026,105246
139790,82150
255897,255897
94273,76908
2641,662
301125,46194
298430,88
43163,43179
43725,179221
253319,107028
83827,2177
397633,375668
332042,121502
404478,960
192080,87330
291048,8964
279897,127623
239870,191793
254294,255813
299216,243650
110149,677
423534,3549
126104,14059
170211,231957
98754,166173
182906,9025
229784,59159
66403,122210
172212,90
99235,313426
74566,190966
134869,101261
101261,339667
65000,5226
53623,18771
117615,677
198365,99503
44882,16709
5096,8032
244357,88
86970,1062
138741,50361
137733,8383
18150,979
165960,6645
327298,58113
195462,174498
270039,211911
183557,677
149533,93
193474,91402
713,8275
251438,205519
410893,8209
253624,253625
108361,35473
2590,77609
171644,36371
356463,194040
223014,81
29880,20141
33719,87197
32088,74566
36694,36707
440882,163707
36521,10302
244357,88
235500,3549
405003,3549
44469,284239
155435,42177
204758,261885
231133,49567
127187,167064
408938,317
338622,677
44469,284239
38070,3549
58956,116803
128364,167064
33204,86433
276475,6939
16967,94720
156699,70148
68399,20231
144864,11844
261314,88
127285,284654
114982,153474
298011,88
82150,139790
305118,30513
287345,128193
95017,55955
441482,677
399158,399159
6158,329673
420992,67056
102435,116766
197190,11711
82639,82632
44469,284239
153073,14988
188189,960
20949,53883
1749,25776
350969,341860
98853,3549
373083,373085
225511,16479
377122,377122
443903,220
263367,166653
174909,26
42744,15823
47161,30771
139390,9964
44469,284239
112227,27872
202932,392343
33876,677
189533,351051
186088,32022
1622,220
90110,108434
308001,35248
171811,199139
53575,121415
234614,677
209431,138
94720,16967
61100,123838
23655,32853
454026,3369
130035,22028
270039,211911
269559,302441
104705,102418
174388,20276
247355,241916
256035,90726
49183,111655
190159,502
171811,1566
386758,261040
78591,166174
61100,123838
351884,351884
56133,56129
244174,154986
14728,5437
110370,503
77995,34319
287431,287433
53575,121431
294842,217732
374803,677
78591,166174
170689,220
15849,2177
168571,152768
60215,20406
90753,95106
202932,392343
213721,209781
274093,31549
19265,32669
320846,14648
310135,14648
46463,18575
37639,127371
90185,227001
147770,27872
332360,55915
111726,58991
73663,46378
37480,143
133864,88
299216,243650
279630,179783
196151,126998
241984,241983
187698,155610
44179,26070
140576,213
29120,18575
98358,23655
82322,116496
152768,168571
109175,31850
8904,87721
445818,3549
320568,195196
139075,151969
68541,20266
23101,3319
231388,10460
275255,14648
239491,239490
387040,22028
299216,243650
199735,88
68005,30652
129924,14721
373170,715
224221,2598
109175,31850
373085,373083
112474,34324
2944,32066
327293,6971
301886,296605
167982,677
442822,12463
198577,198577
61344,106123
453754,23964
241984,241983
136118,68271
66664,511
98511,23964
32853,23655
322521,133920
351051,189533
31855,61296
39096,27872
384013,14648
252981,220
2493,12549
28259,22518
179795,121801
162866,81706
320661,272530
414957,14648
189533,351051
267685,124824
265573,36436
171054,88
257692,300559
16139,5437
294885,96800
392225,17507
853,81422
112596,28065
104020,20266
182733,217706
20141,29880
20431,20433
110777,29567
435942,330574
8855,8889
29398,11114
350403,2179
62596,31271
326549,677
128885,20553
198403,133301
191790,12751
94497,130021
230021,287885
299216,97192
217476,677
443921,14648
440882,163707
353476,2567
340677,68278
27886,32505
281866,281872
420715,86991
262663,262664
133301,198403
49673,113367
120746,8795
127371,91700
39548,191916
31271,62596
36786,12672
371830,52882
970,24994
354311,223018
367505,367504
16816,8855
29567,110777
86267,351720
307819,142340
143217,53763
353846,198048
299216,97192
173230,36436
351442,21019
171054,88
3361,26
345260,345259
53287,8795
220919,13442
280430,280430
48834,46074
92757,40796
139524,167376
99445,57245
114965,151703
171693,21782
262664,262663
12193,3959
85969,21044
75080,1744
203903,203905
166691,677
227086,960
159994,44014
295927,89459
156712,32864
73913,11984
76667,52908
289995,99309
36373,32468
234886,677
188968,3979
49632,32365
93484,134895
78153,124546
3959,12193
29915,187044
122773,114958
8855,16816
35247,72792
225638,3549
62596,31271
170886,58001
216536,122305
441533,156354
81125,220
25921,25926
170559,1988
114233,2512
293372,51742
345041,40297
22794,22797
37241,3341
113162,2817
149556,236
453735,19559
274677,216038
96656,156910
174524,6940
51135,13798
391948,284690
34597,48656
122175,51889
20295,173311
312038,235
126272,126273
13442,220919
171054,88
345259,345260
288338,43503
80431,143155
68529,33651
221358,221359
224022,319889
281465,34798
38683,153964
170559,179848
448796,26
194592,91111
93324,16589
37696,156082
118106,8718
280430,677
184439,43439
398962,46947
119703,119705
77276,117030
415928,14650
93324,16589
226460,151613
166157,349
126272,113367
91899,118772
126273,126272
22277,2308
186143,3549
110006,183894
44068,15998
356023,259515
251363,175396
166157,349
291592,51742
147276,3549
188000,322
218407,3549
391948,284690
203336,3549
192816,235
236103,3549
282638,282639
267917,3549
400400,58736
13442,220919
171030,114321
83137,60990
443544,416697
90786,36108
168040,3549
192969,52908
408749,3549
157837,349
225934,225935
433413,3549
55401,3549
406883,3549
301118,3549
353007,51742
313015,3549
41575,3549
75767,53267
236662,3549
138037,13965
345549,9702
380325,3549
129387,3549
97504,14209
409027,3549
143834,38785
171054,88
102377,14682
53048,80479
114982,88
447494,27738
288210,3549
251258,251259
323627,37523
282762,34798
66094,418399
111325,44086
252991,252993
236767,3549
161101,50
186088,32022
177970,100005
37413,235598
110370,282514
438127,438127
168058,13132
231911,231912
203305,3392
438691,29034
405003,677
247257,41395
162562,342552
271777,271776
88711,349
133761,19118
47005,3549
53326,165625
154346,75012
385482,232740
299216,89011
197435,66208
58845,48207
3392,203305
100005,177970
367055,677
218357,3549
301623,100230
43307,3549
74234,31271
96194,52908
203895,10037
203822,163830
95328,59893
148219,3549
49673,126272
13162,2280
177985,3549
271776,271777
376411,258621
52906,52908
44854,3549
171054,88
2817,113162
180985,9959
341860,350969
96194,52908
144923,255571
352776,265036
344283,68285
404331,3549
113367,126272
386283,23964
285760,416872
380303,35248
404386,3549
73736,3549
217264,36880
176916,1654
2889,2898
312865,244681
187299,166352
124192,118818
260421,260422
51135,4289
299216,198081
77909,88
353611,330
220162,2898
283835,43439
72397,45082
207177,28691
305118,357591
186053,156179
270116,390986
36108,90786
204948,136391
35168,10896
375887,3549
187494,187490
305687,220
155821,52908
25776,1749
30771,47161
66483,33250
418085,418085
407003,254816
14671,40558
102184,51742
371175,38001
259562,85266
215535,115295
172033,3549
243951,24792
314036,314034
208677,20287
232740,385482
23655,32853
391768,190023
112127,3549
449973,3549
88711,88
250059,2898
214133,127681
333194,2179
34597,48656
1654,176916
449397,88
52908,96194
121122,2898
202647,3549
319790,319790
24792,243951
204310,20187
370955,51742
177985,89719
45666,47797
204947,677
2280,13162
322074,68687
104057,104053
52631,502
29860,39017
427856,427857
96455,243921
82717,220
232740,385482
98748,132690
363195,3549
410691,3549
402649,3549
86517,97560
450749,519
308103,308104
142296,25342
240752,5245
138457,47797
58519,103748
298532,76440
409724,88
219101,24792
345544,30639
251636,27179
313569,147064
113367,112496
184847,176894
96656,156910
52908,52906
80202,4446
177985,89719
232624,251777
60938,210535
177637,114906
48756,26659
86517,97560
412456,40274
18780,18773
52908,49434
18807,662
96194,52908
259515,356023
116383,235
301623,100230
393261,224090
11688,189401
427765,51762
256869,677
218218,4375
88711,19604
233587,71552
368886,3549
129220,97172
251265,258720
256085,4446
169270,3549
320321,4375
214248,189771
89548,137511
114906,177637
301232,3549
18771,18780
381110,10121
180119,192458
80426,50293
377813,364551
303693,268777
345544,30639
251258,251259
38086,492
114906,177637
47631,134319
201114,81706
251265,258720
88163,11045
349598,154366
212534,90189
40067,83873
187174,88
110777,29567
71838,677
325842,274349
91119,190207
268513,220
232740,385481
81073,40121
371960,22636
26397,29988
394424,181400
333194,4344
22072,438529
49434,52908
50233,85018
251259,251258
249977,52908
179945,55489
82059,82057
100785,190207
154366,349598
70317,7643
37590,1415
133491,3549
322876,16978
4824,1315
242760,1999
52908,49434
32088,74566
272206,272207
94553,67347
127376,105438
62353,3734
16910,28691
251615,255428
37590,1415
182379,9964
90189,212534
109864,251636
342552,162562
90786,36108
428518,57138
48750,52908
176916,1654
213182,43725
153522,153516
272207,272206
241984,241983
237917,4375
414338,88
241984,241983
385054,220
105558,19970
241984,241983
341913,341914
241984,241983
287828,3549
49434,52908
8193,13495
152435,49416
56940,3341
18773,18771
184315,151062
422718,677
433486,3549
246930,246929
52908,76667
177620,190207
132665,352075
175064,16460
190559,26932
258453,258453
88711,26
232740,385482
23402,125225
7505,51170
130133,30639
246930,246929
80426,71888
306709,27179
91584,11635
36880,217264
49717,50218
452013,133801
449231,2055
259639,263505
444104,677
246303,3549
231957,64443
100785,91119
124227,8959
35604,114027
37724,14728
345326,382818
235370,20187
23076,42088
419340,419341
243951,24792
217042,220
155687,55522
226218,4446
312865,244681
52908,48750
194692,157015
180502,180501
162562,342552
319702,4446
265630,260283
202780,4446
19970,105558
59712,32683
232740,385481
152912,129168
268045,224090
353391,326072
183894,321208
87262,96380
142296,25342
350969,341860
108535,50227
237059,677
100785,91119
64196,225886
253836,51742
212534,90189
100411,70048
55489,179945
48641,193299
387506,332721
211273,20198
187681,17874
41146,7113
27311,13798
372594,224077
385143,677
176697,8385
290300,290299
55489,179945
264473,3549
107142,54504
455034,309971
211597,2179
110370,7294
293533,54607
255383,4375
454012,350708
388658,3549
236544,176736
255950,93831
100785,91119
39828,21548
135868,64043
29346,29323
52908,80792
98748,132690
332042,39081
271617,54767
235345,349
110464,72805
180835,331787
87262,96380
71888,80426
203905,203903
79925,677
9306,59784
244120,349
422718,88
272567,43673
91119,190207
197435,66208
323627,314534
414227,75849
405140,385818
295071,677
114906,177637
57521,31304
254660,1895
291854,215337
330893,330894
78028,2374
105438,127376
371161,265187
114906,177637
215337,291854
356198,960
250494,223597
96380,87262
250019,677
90280,10678
187299,166352
235370,20187
101405,76619
109377,2280
246177,394816
148714,369127
147994,69639
231152,188475
220156,52908
27311,12751
281341,199220
420801,4446
7525,6945
251625,220
64183,14614
187462,88
173380,145479
235206,194601
15155,6502
231060,3549
89548,137511
102678,90786
199905,88
184258,411060
146359,72937
2592,2580
106451,88
6945,7525
319118,3549
150126,146359
44933,26655
69475,177238
357381,220
65687,38125
57582,73087
182945,194475
6502,15155
342430,88
451551,56018
346633,122460
223597,250494
450243,197065
14503,4446
318034,16460
115384,57559
246175,331433
161669,102548
342430,88
330509,38602
371801,128710
146359,150126
247455,205
69746,108022
179945,55489
58199,56039
122613,76484
15217,459
218218,42064
234863,60216
353611,13278
69589,72365
328230,83858
172226,190506
433641,3549
47482,42916
164206,164208
89384,151613
61213,61213
71027,68774
325837,12164
52908,220156
13162,553
218218,42064
32586,3549
187003,3549
422406,422405
212457,4375
308625,433056
367875,4446
112991,45646
366006,366007
109377,5380
211372,14454
422389,3549
398799,2898
281739,57378
283835,43439
408905,408904
13374,9336
397213,397214
152808,47706
69589,72365
13277,14945
126205,48597
288066,213215
421675,3549
408633,677
437932,88
5155,14945
374982,327811
65130,7113
6434,44713
251778,251777
154159,56539
423179,220
408195,239782
308677,316374
34249,233648
52908,77539
76567,2179
347822,89369
83358,3469
187175,187174
257728,161057
130490,28664
27114,232485
282738,282737
69475,177238
78905,206842
42598,4446
151198,77188
20198,68399
440458,336228
165007,8732
106857,542
277938,256990
146359,150126
125125,125120
360018,220
109185,100370
250494,223597
25955,96291
364868,31305
136818,158985
194277,4446
151381,11036
164860,30181
31823,52474
338022,334689
351895,202293
106857,542
440458,336228
44086,111325
366471,70051
211236,27259
61344,106123
112125,6993
379195,343216
221585,27556
83788,62214
224213,169034
342467,231873
66632,11135
223015,21296
342876,150540
29323,29346
282385,233155
27381,36989
433818,155002
209261,90926
155699,155701
335200,335200
48597,126205
370245,370243
96774,7214
90021,27380
212186,220
225563,159839
152309,437
394812,2898
334689,338022
71632,93630
206563,28738
117505,22883
79520,60882
427350,367171
230285,376682
190487,89641
51509,91463
111740,94233
52908,52135
20187,20198
9942,677
423179,5245
281739,57378
185164,36108
206730,4375
52908,76667
319707,334009
136478,36816
195079,3549
288920,18487
396162,16440
188596,50299
183935,2868
431337,677
13374,9336
122508,1267
79967,80212
218622,226252
20440,60895
287433,287431
42064,218218
414408,88
223015,21296
26342,20011
77362,106098
411385,677
296031,130385
76667,52908
90740,20187
49896,677
68600,265077
47184,47258
228870,519
55727,6945
295608,295609
88914,46112
28537,28478
83382,55519
369288,72962
282154,282151
209375,71871
147006,21537
8559,140967
47258,47184
164208,164206
219963,174703
357697,232583
353460,67958
255423,290594
324955,324955
315606,163830
122460,346633
164206,164208
38712,260975
250520,221411
329114,329112
295847,2177
255908,141745
256900,409766
437932,15538
335818,335821
78338,20718
199073,187258
68400,20187
202407,199194
47210,47258
107481,3850
21709,109425
173983,677
130361,3549
155289,141375
389834,331919
33606,7570
187174,187175
262398,677
59501,6940
232583,357697
199194,202407
113001,7533
261725,7505
113604,26395
168400,9753
282847,165830
175026,112631
276416,677
280915,88
449574,1267
73478,6644
60854,349
84994,107240
222047,219572
408904,408905
152309,14454
62214,83788
375192,375192
303694,303693
198212,151635
221788,109399
23567,15896
41692,170754
153189,93377
349120,92570
127371,37639
206171,248802
31823,126957
20342,159575
51291,24238
153189,93377
355677,37532
136145,17201
13093,174514
230150,4375
62294,38279
137329,10534
211272,68446
78338,20718
9704,13893
126205,217759
87166,11635
451645,677
151666,2742
52908,25006
24398,377380
387711,3549
294557,342690
69475,177238
236890,677
266167,27179
323978,323977
373714,1416
115005,36989
106857,349
436508,4446
110852,248520
24398,377380
220325,220
28641,130490
116628,30639
179261,132831
143723,211057
227336,677
391077,220
313844,243060
25006,52908
28478,28537
391077,5245
143723,211057
180552,677
89732,161713
437796,316806
127878,79833
143723,211057
122913,20011
142579,96291
47210,47258
266148,6971
149559,65411
345299,239778
280379,11388
225859,677
187175,187174
10946,98332
130182,6945
79185,13923
390521,4375
287878,677
340049,354999
108454,3976
225872,677
149840,3549
252858,29595
448348,224090
117556,46947
677,225859
164582,4446
72774,39286
34333,52908
342994,300602
136145,17201
205519,251438
264657,12751
245737,677
140986,677
368365,7533
400435,132242
171766,32508
236229,4446
55655,72698
31321,31324
52051,11602
148831,1267
85290,73729
7347,43549
345299,239778
81947,677
41725,11095
113162,127148
90135,72185
279392,4446
299365,677
63765,63469
253405,188712
11204,11240
52908,34333
345142,39372
370329,12507
127148,113162
99152,12464
371374,131353
10836,10844
306789,42112
75675,12281
50103,3547
203454,37489
43549,7347
7824,1478
295170,95913
14984,29773
218821,677
204420,204419
236266,88
317958,36436
358434,13141
41312,31570
448510,319232
399516,677
297071,178263
65720,8984
112706,303351
370329,12465
81714,677
30419,17513
243540,243538
334192,218311
216568,152952
47210,47184
30950,6945
171632,677
82655,82655
7153,7222
111122,677
10750,23431
64789,64789
17058,2662
435839,161456
353941,359952
126512,7564
409687,6940
367281,149840
24611,151912
49458,34354
27616,88
71661,71661
60386,64447
44202,350795
102589,127823
9704,17526
34353,48733
437166,11364
30010,41668
20750,27144
101150,248806
112448,85824
339259,677
37907,49961
306789,42112
304057,1896
120477,5776
13093,195055
44202,350795
66015,37075
204619,4336
354174,677
56317,56319
184643,7690
10114,226927
218407,3549
114321,171030
283907,6971
442776,42112
137225,7803
69559,2594
160880,50623
58532,1104
34333,98143
205016,45725
228700,191894
102631,224836
151221,60350
20849,57702
45298,109723
176226,146199
374103,330229
154389,51762
355191,16460
415440,430413
49494,27989
6669,1574
310635,1574
316806,437796
21067,63806
52840,101942
118093,677
150874,171287
423916,1205
248802,206171
408904,408905
38578,38642
252571,677
234814,1574
178638,219219
307365,60620
214350,157098
112448,85824
369469,33651
443510,65460
169931,169933
346633,122460
106522,79105
332242,322861
415226,4526
308316,1574
387058,1574
318765,3726
4661,305
293946,2928
114651,58418
6579,38312
215058,1574
325698,1574
308768,73478
356348,356347
52655,151666
53163,58999
211372,31617
262024,73743
155662,33531
265784,34247
234942,47110
423916,1205
218218,42064
420882,37451
147753,677
18431,1896
337714,677
30676,74214
262024,73743
199936,12164
134938,2885
11308,11364
229061,14721
414286,426518
438639,1574
218218,42064
173211,176287
127401,2885
222011,222013
168289,323
181018,19149
26677,235
42064,218218
55601,1574
300914,68278
5282,6940
64313,55955
215010,85481
47210,47184
273438,68069
77221,79967
387058,1574
76206,16610
340586,11621
261878,677
234925,677
121830,121826
159545,159546
132857,20697
106018,232569
116143,119100
79885,34354
218218,42064
93796,29703
371687,677
254510,31290
330489,349
19514,8635
272737,6971
420882,37451
130182,6945
89203,72962
261902,261904
90109,59821
158092,11336
121074,677
228225,44893
34338,8635
342689,294557
112119,6993
128738,56643
124546,78153
168481,433998
67582,18266
34362,49610
243539,243540
91173,91175
211372,88
441150,14598
319003,306090
205016,45725
28649,3191
310821,1574
141656,87721
86919,677
410969,2055
413105,16
221036,221035
289213,24072
2885,102737
257161,677
344575,2280
63440,43136
116414,41216
66015,37075
255106,31290
58532,120783
264093,25451
408905,408904
12970,70682
450326,43673
293771,88079
8635,34338
69570,80951
154427,127123
92562,127123
61388,61393
346683,252199
58532,124352
246581,677
48229,109340
203301,21134
49988,920
178566,88
412437,295904
48443,33672
124590,80886
329158,97560
443020,1574
317918,20327
8282,67163
334999,29595
282119,19969
52655,24376
176762,115097
3885,14522
38015,2849
41216,116414
279853,28078
347763,253928
79886,52899
66316,2849
231058,43793
88885,15
243019,33650
229709,58201
54253,237594
247376,2347
75138,75140
23978,43725
122834,222863
395785,270801
204490,3549
54808,79164
79306,34354
61393,61388
79770,272822
287653,22883
155678,19969
135493,101478
167851,16127
326584,59427
431976,677
260501,260502
393318,677
28627,50546
173211,176287
2899,38015
30419,17513
452240,7956
309184,245064
260975,273
312257,58159
399158,399159
19268,45975
362471,362470
38014,2849
260594,146359
360022,360023
359377,88
52908,119268
122793,92575
82436,4512
149783,34587
173211,176287
216561,72185
25421,145670
250600,15
352290,55955
341845,173252
209768,58028
238834,257947
432770,12704
276352,58860
307643,59162
93796,29703
271434,29595
225470,198680
116884,47828
103447,47885
158304,86259
329114,329112
354999,340049
287653,22883
404491,2347
282758,111325
178242,130875
275664,46638
323257,3549
98153,64081
79885,34386
371762,220
79754,18353
81458,264126
360825,677
167212,14248
232739,232736
365666,16460
64313,55955
126348,3007
234172,30174
289403,9865
124352,7690
914,16117
335756,357714
47530,150525
51196,4446
426708,677
308622,215611
223014,3972
128878,220
187035,8767
443866,159053
379941,378179
348739,5193
40225,2849
126348,2819
31130,93993
90899,34248
47702,79754
208502,208502
173474,5120
132784,34268
204768,299898
435998,435999
52630,29721
390937,220
381813,377507
280210,199863
101942,52840
381352,381353
121863,178263
112966,16460
27326,18743
48212,162860
92566,127123
48739,36436
362737,58736
42235,2280
2871,2819
101806,66791
140566,48008
91017,112853
360368,360368
4398,620
101942,52840
259834,259833
453364,120105
306524,306525
400860,88
342689,294557
92273,459
240204,4446
221436,677
151012,26647
59355,58179
331669,71591
328215,58045
179547,288796
121410,2342
205425,88
35534,31290
404821,446046
300294,266318
62208,41395
185310,83151
451941,89925
201724,4446
98935,677
111646,52672
50708,79560
107403,107404
20011,26342
62381,47885
46638,70851
30674,15639
278622,8986
354620,336177
625,620
16117,914
30852,32502
31136,8398
381860,381861
348555,89174
370656,30222
146948,401076
16117,34362
309727,28458
274149,274148
400482,400482
51762,154389
21979,360199
92809,2594
228819,52899
423306,49171
269869,231203
26369,3549
419365,88
392552,4446
403003,35248
75439,12281
423306,49171
1504,51569
441735,59779
172241,27919
303905,259768
132427,677
387894,36443
443020,1574
384940,677
6669,93308
69814,78342
271608,271609
430401,677
173711,196208
374583,113517
435582,677
20024,3115
401670,37523
82564,123965
419704,677
352075,132665
103447,47885
173711,196208
179217,323362
52571,82971
303905,259768
310134,16440
10796,120379
416872,285760
44903,72698
78342,69814
271608,329495
38419,21606
141758,15840
21288,13720
449917,153949
52122,6166
341845,173252
201420,4730
44954,14558
100917,107449
259768,303905
118150,55955
200654,49588
186535,160423
355827,1574
367011,11336
312240,88
344093,159138
46638,70851
152928,152927
95634,221090
199403,275378
221276,317
354015,398698
17883,48230
327997,26352
144351,42178
210536,36313
34332,64096
269548,2922
204510,2280
132304,4126
358986,291657
425437,11364
210806,101942
16269,1232
159138,344093
121733,92575
114929,163707
41300,51522
278250,215228
133005,553
303905,259768
111925,11666
58021,37832
56961,122557
324281,292783
193187,200013
164214,122141
176652,156392
32674,168058
48719,8635
259833,259834
97310,677
174387,42689
435384,677
113517,374583
21288,13738
33072,78342
5988,13603
46101,20433
146197,214073
79529,79528
312339,88
69814,78342
139265,105616
208835,677
311656,155002
134148,510
99503,198365
234484,19251
231203,269869
232546,161330
85965,37832
232104,73869
206563,50692
250518,250517
250480,37341
87173,11621
41015,31167
259834,259833
49588,200654
36686,677
6176,5933
269548,2922
169935,37341
69570,80951
259634,421203
145097,52901
223184,149716
341788,31290
106392,52033
78008,677
24398,377380
261060,47477
161462,133990
154697,220
174268,21641
410367,213
57689,22051
67382,2280
147914,8806
120477,4098
416872,285760
311656,33146
84064,327
221366,3298
25316,26655
383421,35062
222011,222012
405294,295427
399160,399159
33000,94233
101219,21819
192343,271055
453885,55955
421071,42589
40817,44795
21288,13738
180951,86215
410367,9791
326955,11621
208072,15799
47597,26092
275378,199403
368504,14648
391823,269578
169365,143814
87948,108421
145097,179132
223014,677
159158,159159
343290,58736
25461,20737
33072,78342
26435,115829
99416,79754
149528,6644
271188,37832
205741,191171
235261,33672
410819,261697
168481,315199
7589,16460
132148,99597
410367,88
183785,88
224961,213724
101910,85935
199454,139921
265555,4446
144132,11036
118921,12365
436074,93993
95177,259994
152297,88
410367,88
348338,37341
410367,88
51071,103448
222211,36436
174387,42689
212843,17531
95532,42380
189099,312526
179132,145097
147739,44795
40744,43541
110608,8959
13738,21288
224961,213724
4730,201420
13461,370
329676,13892
217177,356717
230563,29546
96356,33521
139921,199454
26677,236
437335,29595
250017,250019
252427,88
128144,69748
238138,140115
228264,19900
91480,61211
410367,2342
247378,36436
154817,29205
21819,101219
66972,9851
410367,2342
198586,2280
394314,132447
229716,190522
395084,3549
410367,88
160979,122469
108421,87948
58864,2765
443616,51762
77882,52896
272589,391422
147885,147876
23975,23973
339161,217389
312957,37341
76395,37341
332691,57865
334457,148688
40121,30826
33521,96356
309327,309328
287362,61332
190645,3298
380323,202950
238523,238524
231756,182890
427567,109742
70687,193931
99749,15178
35699,28458
10789,5951
170234,42721
115624,220
182245,88
404916,404915
32881,246243
239561,201256
87948,108421
15801,16096
57393,99183
349767,677
32359,119352
274148,274149
137972,194600
193931,70687
108745,2554
202950,380323
309328,309327
209296,677
256487,344696
432432,88
205787,188255
179547,288796
406114,3549
113142,51388
2919,248
410367,43742
223947,49415
330122,4929
362777,362776
439043,236291
229272,54949
446547,213472
114929,163707
111144,5772
212418,220
1152,44795
41856,105570
29541,572
393223,22053
188255,205787
182245,3369
157937,677
199053,47885
9704,207707
309327,309328
28458,30826
367763,200106
76489,240517
216996,56518
425437,11364
362261,362262
21216,30322
166583,3549
124572,237535
51522,342580
122460,346633
360199,21979
320081,4446
3547,38804
41015,31167
346217,1574
36511,16012
48207,150302
28458,30826
170858,19163
122110,222041
107633,3817
47009,5921
246243,32881
128773,46117
134477,114237
221090,95634
313957,379597
30826,28458
360199,21979
61133,61136
69760,298874
9021,64652
450287,125900
28458,30826
162863,677
94565,2055
287661,186608
243548,677
166109,88
8763,19944
76901,7124
38549,80429
384040,161456
244367,60573
410367,16096
427113,427113
455194,4446
69746,40313
5120,173474
203863,31290
78591,80968
47970,4446
223188,1574
206906,177281
219803,88
21489,51056
69818,677
353093,171180
80343,80346
364347,73350
27079,140202
113142,51388
410367,9905
206782,85826
450911,19163
213843,329118
115295,31175
392485,88
61332,50486
442847,442846
29143,6241
161330,232546
73869,232104
315297,68278
86109,178716
83493,168444
80970,80968
244367,333043
128491,33697
81185,83627
200082,2768
109582,144363
26870,10906
369128,369126
373403,1574
55228,3007
140038,37341
410860,410860
347767,375535
160814,41337
235817,204760
391957,677
136560,16460
274366,274364
185889,80792
256808,22991
306524,306525
410367,213
159943,118397
118922,220
203571,106825
208435,49645
98622,219277
216422,3549
99985,66490
447669,88
231296,317
168481,452628
83673,22991
171303,31212
21042,37832
57405,310198
211994,143723
65895,10906
11190,188750
276903,38377
72100,79195
393506,134959
209916,3549
91627,14469
285640,25451
80792,185889
148879,45583
155959,44117
212418,220
315270,356183
281520,960
163371,228131
240072,3369
409703,3549
222840,16188
274550,274549
282105,144888
77882,3965
240840,122493
276852,39707
92538,254820
208043,4259
1940,59718
151517,2320
349161,94784
254796,122493
387849,222041
21926,11942
259788,222041
332175,185718
378317,15291
228322,191869
168481,452628
171749,437
232546,161330
441218,55955
141477,30631
189240,119108
438518,213266
112460,54280
312047,62175
28458,30826
398004,44704
66964,50524
343162,213266
47217,139720
444282,121316
248302,7690
270723,13408
132304,67382
204768,299898
186816,65546
381014,381015
358519,358517
126348,3007
291029,291028
221595,316849
187761,218937
14106,20015
124623,168374
147125,220
33921,9151
49461,48702
102620,307662
77672,14914
77937,84832
70022,144151
415226,4526
179419,9851
254875,404847
282621,262248
132962,24190
178400,31226
17873,4368
32041,48702
119108,195048
336775,358280
456183,27738
350667,37341
200977,677
335665,424369
82251,290827
377122,377122
61223,9481
73656,48702
144151,70022
32432,171070
129929,2014
26205,26214
28458,30826
259523,37341
190936,572
240205,326
376111,83926
51403,2668
218307,218306
391439,338383
70022,144151
159929,153964
102856,28593
211119,38512
206915,3615
119848,1577
141477,77692
266143,266142
396358,34798
407371,260949
409061,34798
15435,15425
18353,47702
183183,372091
63633,11324
318488,265704
153964,159929
188255,88
227600,317
134241,73656
131830,37696
407371,339105
166238,190082
136597,67419
341011,84730
310516,154671
98944,16499
266142,266143
429775,47081
75034,11711
151628,23464
385912,354
133216,27991
46128,24658
388125,3369
143723,211994
118772,91899
20683,11118
292337,283
4830,3547
380436,12965
49486,49396
411453,677
79557,33072
32022,186088
252316,1880
11118,20683
50910,1478
388125,3369
11118,20683
27991,133216
134647,326
238406,8512
50824,1880
235501,2177
172825,172829
17876,16106
370571,37231
145378,183321
171557,220
367629,220
964,140532
403770,161712
121210,7690
450831,677
80974,80968
250480,37341
189548,220
11324,63633
349816,7269
388125,3369
296471,1880
278407,276574
76312,78881
215360,10737
230590,2924
10382,7437
80974,80968
160423,186535
215360,10737
302609,215978
77811,141477
2356,63916
416932,677
48084,2177
258522,186497
404916,404915
107005,121824
411074,24197
28273,43725
304807,55966
191043,49396
329679,42324
147468,88
250796,161253
137400,191307
107005,121824
123402,20878
54717,677
115981,102985
81596,12751
162629,1880
157845,133057
291962,1880
325215,366138
251656,360320
27511,125981
67620,9338
186497,258522
452516,677
292341,60423
159978,88818
204107,37341
133780,72185
396296,37341
19102,1880
306999,6971
407854,407855
170752,171579
388125,3369
698,674
20245,20187
4317,14463
34921,28137
146275,313844
302181,8282
170950,245798
19029,171344
434883,677
93739,1880
28564,62822
12565,10293
445706,415819
4520,45195
238713,383064
58971,36436
19015,2941
167811,10471
294987,118397
371296,93502
225485,201104
2900,2921
359374,70066
210723,210725
126168,88
77028,77009
20937,28137
135718,135717
416222,416221
440851,298548
59445,144351
142340,307819
126401,41714
102985,115981
98593,165388
210723,210725
48346,10471
51245,139214
276551,128559
243577,243578
78008,9964
280817,1880
262025,260744
337959,319686
410187,410186
170689,1880
339398,339397
8805,135126
113517,21046
189401,11688
255555,235604
146898,20103
271769,271768
4528,4561
368878,119097
360424,167007
307662,102620
165276,83379
428431,4446
86917,677
2527,1880
151723,47976
136537,197198
209614,677
184833,20158
258738,13659
6166,52122
438473,677
318469,24642
210033,7657
47286,43725
418584,67774
265869,59288
141477,77692
319549,319547
79521,15952
256990,277938
120094,6166
298715,218995
47976,151723
327454,24703
362457,70066
100037,46947
276551,19989
220110,677
117782,70066
120789,1880
17622,40817
52122,6166
381317,14454
160910,220
167007,360424
423039,3369
50910,1478
109742,25094
66970,48734
224152,258687
245798,170950
113517,89201
105035,11333
128223,17896
250579,142575
177881,3298
225812,53785
139583,95137
371801,128710
220785,215763
271769,271768
178377,44795
112460,54280
140532,134241
295514,1880
329361,13811
234025,3549
49476,75396
255555,235604
52122,6166
96929,96927
4889,42123
372091,183183
156385,677
152431,29008
98430,278192
360424,167007
196726,254110
142575,250579
90718,20231
413551,413551
253279,71637
98124,220
52122,6166
57704,3164
68446,94918
170950,245798
10257,197942
405970,215083
145158,237262
17039,677
419127,13484
183183,372091
327910,42178
445431,17729
67620,9338
217152,503
360424,167007
94918,68446
12565,10293
329361,27043
100666,35601
243531,677
71838,94501
92315,46811
52122,6166
416513,677
70757,26755
402448,263352
142948,79494
419127,13484
379010,5071
271769,271768
224152,258687
120892,677
71838,220
14000,1101
18589,1101
63552,321624
52861,111335
351601,816
166374,4904
104774,142988
100169,677
7775,100169
338225,53817
103002,322121
86240,677
322580,102472
208502,208502
52122,6166
112437,11611
77576,116516
3885,10475
92647,196641
335353,33701
407317,407318
353385,353384
2916,2915
58590,34386
155453,288119
19944,63687
49396,102985
368476,34281
190695,34121
1058,1101
364103,3549
385201,677
81992,173934
381861,381860
59779,441735
283658,283657
414427,416633
162629,1880
206769,206770
29483,51138
448602,677
397753,102516
373823,9964
15931,220412
64652,241536
8986,278622
149183,181887
14464,25506
22206,2280
68599,531
289318,88
322121,103002
224152,258687
218218,42064
259080,259076
305355,290253
234856,234855
127442,55955
377536,7698
96927,96929
137628,677
197199,120495
40522,104071
374688,343848
413553,413552
1088,1101
41716,41608
216104,78783
271100,260877
127944,52901
231362,122559
342571,334033
40134,113283
293439,36436
233628,176685
26443,10293
423247,677
209351,356912
49396,102985
173444,2668
12369,19322
129588,252468
104071,40522
200835,173516
50788,141815
41714,126401
442354,220
218306,218307
42064,218218
374869,70066
290253,305355
456220,677
22072,438529
4561,4495
9338,67620
257041,67059
259076,259080
313506,272949
155245,48656
353780,353779
35142,35741
29934,97029
257041,67059
96927,96929
82988,47783
158615,151340
120641,150033
19855,80574
367800,24191
325642,196154
62169,175557
261987,230587
101168,65282
23905,96920
99231,235630
337469,677
161560,67059
305907,260621
84694,88804
338665,263670
218218,42064
239931,239934
356264,60169
179069,179070
357391,317
134588,141745
334583,191985
143543,12714
382943,220412
260621,305907
271517,4736
255628,255627
96574,16935
226384,160356
368672,34281
386289,4730
96927,96929
35376,4904
85276,98637
38377,75448
214183,677
381062,395732
71395,35375
89514,132958
173516,200835
162629,1880
168043,99589
17499,7340
84210,40414
27115,48656
336919,311774
107281,52932
406633,98803
13797,80101
361177,390664
205148,34798
388263,88
320150,66320
217486,4446
134693,134694
191985,334583
408909,408910
296735,677
191063,101049
107291,257883
90243,8942
112440,207392
93841,142967
16076,16011
257041,67059
368116,88572
323534,677
255555,235604
285080,290253
52905,238570
126804,26129
102516,397753
334457,148688
21134,203301
353780,353779
6352,6338
409850,390297
145891,42309
71395,53306
223547,6434
112122,574
194719,531
255628,255627
95634,221090
16011,16076
108884,312959
20073,278160
332042,88993
142967,93841
128429,4905
97029,29934
67411,209
163175,130246
318584,3549
158167,50964
207830,30513
97659,30050
336386,677
19895,54766
134693,134694
19284,73871
71838,3604
83274,78275
142892,104760
52905,52908
15461,197942
135903,99296
298165,52122
325109,1232
9021,9036
14205,47461
66325,252
113405,27738
65488,6166
339103,134236
154643,31191
117439,3549
191395,677
195639,60660
6472,6420
217767,20011
237164,12999
26677,3861
808,24366
197942,15461
115495,129554
4371,13147
20971,79100
54966,34585
15779,6166
404526,9964
5921,47009
102985,49396
246319,13484
21236,51762
212106,7590
194869,56636
142890,53880
169517,169517
147851,3861
117439,169517
424310,427022
397169,187828
46346,46337
89033,20054
77009,124624
134693,134694
298007,86082
417281,88
3861,362363
319603,319602
265370,67059
157937,37444
191723,145899
468,12119
304715,304714
252272,167007
280164,280159
226489,17129
171851,1880
15461,197942
263440,48745
72010,19966
20012,20007
33606,7570
84923,188295
219550,219553
30069,21319
36961,4487
53880,142890
257707,245707
89641,190487
193763,31000
154643,31191
7346,1431
15461,197942
381408,64280
70748,220
231246,231244
314034,314036
332042,111987
140303,6585
278077,171404
42613,114602
383321,2179
20971,79100
357700,313066
12119,468
235826,1880
265701,30717
125279,468
177971,100005
8713,33749
401753,420303
14205,22470
246807,317
256372,179437
304715,88
154643,31191
267150,13685
235207,677
342958,161889
99076,99133
49396,102985
263440,48745
2523,1301
126603,78003
20971,79100
290851,79613
171404,278077
14205,22470
5166,1700
335206,677
65998,46082
181357,152137
304714,304715
4186,4159
401753,420303
219553,219550
425516,425516
625,7735
52908,52905
37443,202931
5282,8711
304714,304715
2179,17004
28265,45031
285285,285282
110808,63791
276188,35741
426401,37523
158428,158429
44801,132958
165139,34809
77766,87825
15857,17006
354374,677
78478,56271
316473,84219
14205,22470
311903,48656
61145,20952
315248,177096
23943,16092
412016,147827
222788,677
413571,677
48745,263440
304715,304714
127361,29226
59541,59343
69567,318469
316902,316900
306612,306611
394170,677
245707,257707
16092,19320
62558,8755
127361,29226
158429,158428
207561,85393
22369,165872
15461,197942
260160,95032
383321,2179
393728,18310
177096,315248
281827,8767
257781,125801
110447,281206
417901,73331
373751,332060
274358,409048
194869,56636
83606,1431
177643,128559
275885,132232
238971,87270
329556,329555
373239,298714
81187,47053
242407,223304
377181,377182
95405,50274
259788,89946
328694,68278
126897,29296
98819,103906
266618,29864
25033,212364
30356,89713
217042,349
215083,405970
257629,105677
57963,21057
252941,356
142612,18786
59032,16092
134627,111177
389484,389485
444137,6958
177137,43
195086,88804
210657,28091
217042,468
163175,130246
191232,83100
102985,49396
82330,63771
230587,310340
95017,20952
426114,111660
312189,28518
84697,3726
357502,220
89392,204740
148688,334457
3885,94674
339355,274540
259907,10822
287800,362560
67419,136597
11858,38765
5065,358
130852,49396
52238,6307
337024,245239
110551,110551
290339,111655
269447,16013
279332,64043
362620,197020
128585,228257
116260,102362
39681,41781
95603,15380
314036,314034
103906,98819
334457,148688
245239,337024
408474,142923
401394,401393
265405,16460
105677,257629
314034,314036
179809,153967
349467,71035
429121,429120
426115,111660
74928,468
331500,70066
314034,314036
145728,145735
361868,51762
134148,677
216627,13518
221674,109758
119018,140183
367454,326
417253,677
63771,82330
48597,17003
1782,1793
83750,33443
158429,158428
15483,10809
405634,43732
175629,16460
217614,17004
207110,81455
82916,147241
401394,401393
51196,4446
195102,82741
52280,7114
145735,145728
25769,30098
241019,146332
132474,104427
14568,14565
15483,10809
162860,16107
33923,52122
291958,258815
89709,88
96605,220
289450,9078
89709,138
79165,16107
54726,2746
277359,117082
157837,94501
162048,19507
32314,18577
421258,319003
54973,17944
102362,116260
29226,127361
427546,437
168067,677
158428,158429
86749,9078
217042,220
109288,57526
95836,133920
46128,24658
162581,69843
17944,54973
442480,4446
354374,677
41792,468
63353,25063
28706,20718
308338,88
345442,233737
21527,12297
116260,102362
164597,355991
210499,317
30107,8202
382517,267716
455535,25094
29296,126897
345775,220
332152,332152
371696,12281
26634,2599
128580,78265
17175,18431
74912,55482
392292,7690
159830,38788
445309,4446
41561,7436
153647,107362
22377,4570
104297,114602
223042,243179
303625,88
106748,22236
89709,213
254239,254237
173005,20626
128492,14565
371696,12281
246371,3369
67419,136597
431677,29735
22377,4570
9647,20626
37490,34926
171148,6150
337022,337023
48597,17003
68894,26540
167959,167964
217042,26153
348091,400155
429672,225914
345442,233737
14568,181008
18140,1880
6700,93257
145851,10822
87431,326943
103447,47885
31393,37208
433727,67878
155118,221246
373239,298714
407419,397469
18140,1880
104380,104374
88493,145482
89709,9905
100289,19320
121428,9278
203395,56150
7114,11355
447133,256966
23932,20626
306204,283
205691,182127
391848,398367
50939,10742
398575,468
158180,129831
26540,68894
89709,9905
119018,140183
328940,134236
52633,107641
58438,113099
37276,6551
30832,2055
15812,141009
78364,15251
74467,28521
182569,168058
306697,31256
104380,104374
12866,25128
174554,65363
63353,2055
87638,3298
10411,327
329813,316581
405918,1574
5137,63983
30685,30513
204711,42051
159929,153964
6472,6420
107641,52633
215203,209442
96202,15285
235145,37832
126231,51706
363524,202628
106226,468
30478,97660
5137,40188
433444,43673
70413,6940
104215,36291
379580,309984
206263,341016
73004,73004
25091,9021
272532,272532
46445,15251
170101,6080
216328,10916
135318,327
106225,51762
140183,119018
265253,98619
48464,181297
83339,83343
11355,7114
19209,22236
228322,191869
26092,5137
218734,1880
196221,5011
397972,69393
51706,126231
142226,176741
384370,6166
101873,101854
283371,283372
4564,4519
345051,266426
447432,76480
83827,22240
78227,203172
4520,18322
206263,341016
31073,134350
169116,17021
315494,1574
198182,77260
101873,101854
282120,27179
37833,70716
57526,109288
99602,10894
259454,221791
217042,2185
380073,380072
31684,34935
274459,274460
389437,389438
184667,677
165072,317
90658,21613
81819,37040
408910,408909
398451,960
309002,214095
59632,677
205509,205510
375734,307662
413594,677
223750,426127
162629,1880
334346,50299
451864,6166
423615,417852
436241,220
37833,22236
35375,242632
372467,381433
330802,68278
211023,211025
95008,83778
298596,220
77707,216214
135320,677
282775,273053
59198,126372
356640,677
366545,155468
135320,3549
175578,50893
394170,677
423615,417852
93573,115597
171686,15251
292638,348049
168291,168290
338544,677
417852,423615
171686,15251
392773,379360
149705,108047
31188,220
285282,285285
298724,421122
69365,141009
49509,49446
367952,249369
351983,63378
233374,252516
153464,89363
97102,10675
361384,361383
202797,5193
312529,71141
338235,3369
65601,204445
360368,360368
380073,380072
90658,21613
50589,25128
19270,16083
406509,316945
95592,10916
281186,276373
34767,220
84923,77654
130735,22470
54265,68436
168249,50361
13909,32652
47826,14589
161593,6940
224237,46411
158429,158428
89363,153464
19214,185629
176447,65122
211368,95
152297,179221
22470,58677
426611,423562
203392,56150
139782,147260
79885,85817
63378,351983
17873,4368
242688,31290
84473,15538
403899,403898
255358,220
95916,206194
35375,242632
394679,27179
83515,110424
201030,85817
117915,101201
21613,90658
130735,22470
364201,364202
142077,1647
138860,138860
68618,37317
70840,291598
325524,101854
76435,4484
59052,195960
273419,138168
6585,140303
214095,309002
221641,220
309984,379580
365431,29196
300688,13798
71298,58141
353808,16460
196097,83117
161406,140643
375204,375204
3150,17655
48406,15315
102679,149227
327728,349
220763,220763
241705,389628
408910,408909
152297,179221
424983,220
226084,226083
71082,30714
34963,31304
395689,49701
102406,56797
90658,21613
309002,214095
8232,32769
392773,379360
378560,4446
37833,22236
47631,243555
164168,327984
389628,241705
205789,3847
103944,64640
229329,677
360654,14549
340887,333216
47883,168291
400397,1647
11118,20683
83117,196097
357702,275652
211690,14554
364202,364201
120451,62002
15310,24923
306663,1647
238807,677
235031,2138
214178,4220
104574,343949
341010,677
44344,14572
63777,8711
364201,364202
44303,52309
34389,91590
13131,4365
273930,18829
99128,63223
133749,346581
47477,130735
265370,67059
201335,249590
95606,95659
361837,361838
158167,468
88368,1880
316796,13270
220513,18073
28438,60258
103662,55242
291159,301715
167264,34656
350613,1647
366893,333615
35375,242632
29569,406976
112942,3960
186019,25070
130735,47477
270974,55951
136676,47783
271255,220962
121758,14674
87508,87501
297475,297476
412613,425874
386414,335906
266101,78808
453295,1292
336960,677
250202,250203
81992,173934
291012,4446
29683,183605
92300,68946
287272,8942
194109,35371
173091,2177
206768,27723
58024,331668
295570,295570
366220,52204
70121,78617
51224,13284
335986,8606
39520,230286
176143,64204
47477,130735
287038,287039
415595,222118
74910,93198
144351,50528
142463,45291
47477,130735
6502,3326
441754,237348
124258,15285
390114,315054
114622,45976
406976,29569
310020,385477
17527,81181
158318,36726
131566,14169
26677,57022
96922,143992
145315,47211
288372,200433
27260,11389
84291,29159
36726,158318
62138,107925
327984,164168
132019,86263
45976,114622
408909,408910
158112,94713
448677,17129
244102,220
146858,4720
42907,18882
11453,88
108614,189754
120882,53515
32207,4365
253550,175246
13139,50947
9646,86
79829,21616
92614,52204
244328,88
75117,44623
169108,258167
167666,7533
325831,677
170159,8925
434030,88
262103,60426
181981,33476
78265,64222
25249,11355
361703,56756
79052,53248
124952,88
258167,169108
295433,88
372281,372280
352949,333284
75510,33359
35389,50947
26677,51749
56651,53463
281169,261144
180286,4720
453395,16188
338974,183380
25091,9021
123923,65269
95082,179692
10209,9838
45823,3290
91505,20120
228269,145145
34622,292
248960,677
410442,31290
349202,349202
96922,143992
236379,17104
74906,261883
59052,195960
341041,341040
325382,3393
261144,281169
56651,53463
236880,129727
45823,3290
421442,677
325691,268791
60254,60248
147407,7436
252599,67282
148941,195406
430404,35557
10793,6827
145133,3393
117523,47077
375530,375531
65159,364362
404004,11364
260442,277373
310611,310610
266448,14454
352949,333284
195960,59052
397773,397774
353903,186939
58983,292
353298,332879
60426,262103
36618,235031
241849,241849
218986,24899
343679,55334
328699,8913
363052,3393
103943,8925
290802,383172
151195,88
372296,30513
191865,4821
117693,54319
11376,11389
317355,3020
294628,677
82792,43022
210326,2177
423168,4821
296053,42112
32769,8232
35389,13139
45823,3290
423168,7252
209023,88
340288,37568
101943,168172
343679,55334
58338,3393
143992,96922
408398,408399
161580,4526
101577,210561
298355,230440
25117,21376
88153,218166
204768,299898
172563,112328
216133,216134
276898,88
274029,274030
252113,138262
88480,253781
21376,25117
449678,125900
206345,382489
68368,185393
345669,114971
415226,4526
298355,230440
3290,45823
392924,91430
45823,3290
47477,130735
343354,343355
37234,3361
227452,242465
338779,106017
143992,2417
122452,97183
116247,44179
64437,289796
135163,53801
279835,206014
2576,70983
290812,2567
9112,1647
274030,274029
2576,69641
6556,3326
24371,143
270535,172866
401457,220
21048,37568
173775,219383
38625,38597
226731,266325
98572,50227
89573,65449
292496,106017
382830,38236
206492,4720
34626,292
36726,1647
364555,99589
200939,53876
116975,28458
159377,39676
228313,408
284670,31290
408399,408398
28458,116975
70134,33372
370019,4446
41254,154509
47198,91352
68000,109623
232088,15251
28458,116975
340883,408
13139,50947
306476,677
42812,124191
146136,103219
21048,37568
126231,62358
239322,239323
97183,122452
50242,107891
419268,7962
71324,302418
116975,28458
180298,150508
107949,322
302195,194689
302418,71324
184848,67382
455777,56698
86661,146716
240941,273509
194689,302195
287039,287038
382752,382751
111105,129456
381764,410442
121115,88
421125,21996
449598,317
272004,112840
69883,242935
61698,14539
33100,9366
110050,9021
382751,382752
130698,55111
37049,45199
175469,1647
345175,269325
36934,87367
230488,24642
206138,138170
13316,1579
379706,373370
94161,86200
237348,441754
4452,1719
42245,38120
415042,330
158602,158602
455804,3549
383622,19999
169342,25117
290802,383172
68021,74906
33377,196989
90495,3238
93181,2734
3740,20171
411845,94481
95548,10649
373370,379706
263919,31290
88610,171579
43285,43295
210724,7690
80426,50293
292498,116239
232088,15251
211989,26092
320902,317
93009,415547
144863,101328
155876,24923
455777,56698
45199,37049
203230,88
211989,4375
37049,45199
424151,88
14882,25616
145085,2915
129824,38235
302195,194689
44308,9108
305147,88570
288958,408
93009,415547
127791,125208
210327,15251
71888,50293
185620,4046
115089,220
1650,177063
311647,168007
151913,61368
376551,407
307724,159595
320343,60068
8919,56382
160093,160091
22034,3323
10156,52630
220864,60848
180024,7646
116773,127827
44344,40797
145981,145982
97882,97881
118732,7025
264496,10030
305829,55185
369640,127657
282222,10156
7134,47136
170804,88372
267672,267673
186588,266504
439,511
138277,43607
86757,31290
276509,276508
99866,99868
390505,390504
162629,1880
309285,280020
377055,333969
397044,220
99868,99866
224758,4309
88372,170804
210327,15251
276967,276966
101328,144863
360440,360442
275419,72598
110669,8888
355248,1880
34464,54797
7646,180024
83916,46246
254228,254225
249629,3323
360442,360440
288192,281735
67085,67084
151457,45144
157921,11329
280020,309285
38621,38642
191648,349711
251418,102727
120802,34810
3740,43562
148000,11341
180853,23801
286426,408
104512,24817
99781,32936
188051,57161
204063,174154
101480,57161
390505,390504
289705,289704
254228,254225
439,88689
176984,75458
67084,67085
337192,8944
256616,114464
202624,278339
279195,243271
10156,282222
274024,252954
201296,27820
262104,262103
231765,11059
188046,100924
41808,29648
178088,75458
103999,383
51861,76043
84067,70756
2898,96622
395392,88
363632,2014
415226,4526
315952,405329
59020,81666
68099,73034
223070,48232
20171,3740
320493,259346
242079,57161
337192,8944
233285,14886
376451,138240
97029,86757
102070,38667
242079,57161
294001,101959
63612,76043
382404,68278
166758,38687
125642,125641
196665,132543
293351,34181
36679,111890
54217,73037
10596,211
8727,47609
87049,3808
275645,354150
36504,10907
351520,239940
83572,100835
235768,195483
101959,294001
178460,103047
175117,220161
195483,235768
181119,10907
71858,220
97029,31290
303263,372070
143404,66350
214893,12748
135927,465
454743,1647
97029,31290
109647,68000
443635,1574
61933,5537
372070,303263
32617,4046
128773,41566
256628,136025
436781,317
363750,107209
293555,26755
199050,165023
11315,11341
294001,101959
330946,57161
68305,310306
70300,220
108372,71854
125265,12748
138603,8603
23784,140458
83343,83339
3988,2014
35501,7669
253927,71888
107253,19424
138603,8969
341322,4368
334641,108507
87030,3841
384500,67163
175117,220161
193430,40124
158164,129824
349815,19844
76060,88
51349,6406
54687,54689
162629,677
298278,139757
214964,12748
382404,68278
426178,8
124041,46138
168934,18095
267205,203013
105276,26677
236330,28988
231420,677
25821,2044
61454,30750
101754,143097
434928,7690
227243,227231
176984,75458
269152,107836
9911,4720
101480,57161
226546,226542
196556,279835
91785,288958
85047,98637
46116,188202
111155,3861
63967,188769
6603,19182
69586,33514
217024,677
55118,25117
351520,50285
247284,51754
85047,98637
113801,180024
26677,105276
15662,2941
403485,88
3861,111155
243540,243538
7690,434928
276967,276966
4265,28871
403485,88
204063,274
185454,120339
297215,44349
85047,98637
139713,9798
351520,239940
102620,375734
85314,127729
195859,11329
396323,396324
55118,25117
219687,677
439145,60531
298355,230440
122888,12748
445394,152357
74446,28951
252574,88
292514,211
356267,380627
7308,5799
432962,24676
114298,3393
283432,195859
38819,10817
272461,57161
183311,183312
55118,25117
66772,235
276010,342283
51911,468
28951,74446
273528,235
219216,34181
8499,22399
129749,98015
404665,88
150953,168213
54687,54689
91874,258006
452124,52502
125552,27738
8499,22399
175166,62963
101978,14877
4186,24804
68945,68099
41685,49342
101713,66350
86757,97029
68009,14539
286895,286896
106935,224786
428775,14454
340660,343854
165732,3861
118888,283
30721,135425
368758,368759
13797,80101
292498,31290
59541,59343
216951,41383
237164,237164
35522,100666
348169,8944
198300,87509
51762,443616
372792,8603
7259,44
4528,4570
54597,44250
148245,148245
51762,260888
449201,88
245559,189261
38819,33833
274027,213625
315059,259457
98203,83705
62544,28685
76043,63612
118714,1834
260304,103447
277293,16452
167852,211
439629,214796
7525,6945
132857,89805
15527,15493
266560,7690
293071,80249
100666,35522
379003,268
251538,7690
198319,93448
267325,206
286576,80249
355760,218782
25524,4265
109001,109004
7259,44
171254,39696
100666,35522
109004,109001
439398,6406
246100,16460
136525,31290
390491,300040
195848,4741
107966,75209
108984,109001
85314,127729
107886,33833
75209,107966
21466,183760
55220,145375
66788,3817
290000,104693
165542,285704
252516,233374
434005,434004
111325,44086
88487,164291
196556,279835
144931,57654
45584,45585
277655,384084
287256,287257
141656,80429
91638,8956
10392,2662
226542,226546
170315,9100
76437,88
182282,14454
203013,267205
315060,259457
81514,64565
343572,353950
3361,11570
280509,107336
43284,43296
155565,221221
54705,43722
27907,16433
234531,234531
22365,4742
83354,88
163752,117581
93269,39103
30937,33435
445820,4730
171848,81925
145607,118174
135311,318363
426787,7690
16433,27907
438576,5245
217747,677
134198,246426
287257,287256
196269,76056
432244,432244
167059,2191
120747,408
445709,220
348169,8944
256842,256839
4583,4671
43296,43284
339856,245079
18380,19931
10596,1945
98983,80196
443346,7690
152926,11367
83081,21295
5155,2567
114692,178543
194206,126707
211323,115127
101261,78503
221294,677
376468,310306
144128,331120
182530,8239
68694,189115
151346,68750
85017,50273
85017,50273
256839,256842
325688,278797
400725,88
18351,14821
160325,160325
41972,69540
152309,88
331120,144128
291038,327
223294,240649
374334,68215
73973,59541
325688,278797
36734,193141
32562,356904
1719,4452
98017,98134
5843,20084
254613,6670
319663,306357
205050,22472
59592,2941
178662,220
178543,114692
268162,115585
132379,24755
298875,86341
264613,193009
14821,18351
168575,54596
115585,268162
178662,553
89154,152718
211023,211025
318586,677
306357,319663
373106,157430
215324,81179
437506,2055
5143,96202
75213,127304
196989,33377
304624,69543
119940,89995
187174,187175
117439,3549
67647,102006
63049,220
263116,105664
408090,117306
46014,127653
67519,132953
68099,109623
37001,17145
153364,2287
365804,220
151821,220
72007,75213
7646,180024
365804,220
46145,135382
50293,80426
27175,27171
174775,2941
115196,160900
27175,27171
195848,4741
39394,61302
390372,220
91444,46624
443234,677
368095,220
228097,3604
215324,677
46014,20553
335776,12223
228097,465
102006,67647
67204,11339
132232,275885
109668,19177
13252,5475
297719,57882
78692,78692
59790,73065
265127,265125
380330,157115
333983,333984
191404,352
77979,1014
190545,55914
178088,75458
268946,8094
118322,63783
82606,74096
418203,5512
98919,123737
189485,70340
74096,82606
12927,18319
27920,12748
161570,8094
271425,223792
99306,112321
317577,2347
120898,41328
434515,531
112321,99306
328654,2347
177064,126810
187547,47499
353903,55510
159150,40218
358370,2347
4492,4563
15658,15684
60924,136189
13252,5475
129828,88626
317373,8094
106038,101803
5475,13252
177812,261241
8094,161570
80088,38996
161570,8094
50273,221355
124925,1896
104316,103742
275451,2347
275451,2347
236602,236603
73896,41317
124925,327
364653,3235
73445,659
111444,169679
377500,3235
253868,2347
95464,81159
221355,50273
454396,206
124925,220
396533,220
410833,19153
138442,183404
226545,226546
103742,104316
110045,360773
13252,5475
221150,88
221150,88
97660,30478
176984,75458
410833,19153
415681,392168
275428,2347
3861,107167
67540,84589
104316,103742
5123,96202
288205,282678
284374,284372
106373,220
200278,220
197096,7639
147102,98309
4524,7217
55928,192506
275428,2347
360745,60163
12868,6634
95772,2347
19078,20066
353950,343572
88355,47916
50273,7590
82,3975
217042,101239
252318,55928
147102,98309
30478,97660
436706,35145
97726,7576
337817,134677
162276,80535
28587,80386
335101,300687
84589,46145
298945,2347
194930,42967
170438,284392
173859,134677
144507,134363
421935,220
326463,159922
92959,256909
205299,120433
165183,220
179575,18669
54833,38996
293487,293486
38673,100917
166074,8959
46316,46313
161682,188831
342233,6971
166881,39394
433547,433546
207559,5796
287577,9104
40221,235
410566,88
319121,319120
168324,311597
319121,319120
80101,13797
272292,36114
256839,256842
382611,35145
176893,3298
735,77
425764,88
109167,220
172934,190253
85309,16323
451568,320606
140966,17117
136569,15458
360268,4446
129832,48151
304916,304913
114343,32334
129832,48151
110836,9100
88901,5795
319122,319121
321845,245
434623,14877
365629,117581
161500,161503
271064,317013
113155,76531
146109,148840
408829,11710
