N_NATIONKEY,N_NAME,N_REGIONKEY,N_COMMENT,S_SUPPKEY,S_NAME,S_ADDRESS,S_NATIONKEY,S_PHONE,S_ACCTBAL,S_COMMENT,C_CUSTKEY,C_NAME,C_ADDRESS,C_NATIONKEY,C_PHONE,C_ACCTBAL,C_MKTSEGMENT,C_COMMENT,O_ORDERKEY,O_CUSTKEY,O_ORDERSTATUS,O_TOTALPRICE,O_ORDERDATE,O_ORDERPRIORITY,O_CLERK,O_SHIPPRIORITY,O_COMMENT,L_ORDERKEY,L_PARTKEY,L_SUPPKEY,L_LINENUMBER,L_QUANTITY,L_EXTENDEDPRICE,L_DISCOUNT,L_TAX,L_RETURNFLAG,L_LINESTATUS,L_SHIPDATE,L_COMMITDATE,L_RECEIPTDATE,L_SHIPINSTRUCT,L_SHIPMODE,L_COMMENT
15,962519746,0,265433381,4,829353804,938198330,15,991041614,464108,693080424,79,620373923,918253789,15,1003789897,512128,797027742,999752886,2,79,777177650,4018329,35398,382018914,1004416405,0,961696594,2,107,2,1,3800,3826980,0,5,146356532,777177650,35456,35442,35461,862871618,250142940,894083619
10,185743883,4,261867689,9,895777001,658451645,10,73320802,530237,726765942,56,1002271304,628821590,10,666136321,653086,373412815,658726857,6,56,330563436,3646855,33653,483467692,921226874,0,489251134,6,140,6,1,3700,3848518,8,3,449642453,330563436,33719,33737,33724,862871618,86983390,987992796
11,319240162,4,108891028,5,64952534,366176741,11,103869805,-28383,275262022,131,177759885,35988995,11,534137668,859553,750198692,317345255,32,131,777177650,11692300,34894,919150108,901823498,0,589468055,32,83,4,1,2800,2752624,5,8,146356532,777177650,34993,34936,34996,862871618,86983390,1015304308
11,319240162,4,108891028,5,64952534,366176741,11,103869805,-28383,275262022,131,177759885,35988995,11,534137668,859553,750198692,317345255,32,131,777177650,11692300,34894,919150108,901823498,0,589468055,32,198,10,2,3200,3514208,2,0,146356532,777177650,34923,34977,34936,785149710,365042431,289343564
11,319240162,4,108891028,5,64952534,366176741,11,103869805,-28383,275262022,131,177759885,35988995,11,534137668,859553,750198692,317345255,32,131,777177650,11692300,34894,919150108,901823498,0,589468055,32,45,2,3,200,189008,9,2,146356532,777177650,34916,34977,34932,749443834,365042431,1010253260
11,319240162,4,108891028,5,64952534,366176741,11,103869805,-28383,275262022,131,177759885,35988995,11,534137668,859553,750198692,317345255,32,131,777177650,11692300,34894,919150108,901823498,0,589468055,32,3,8,4,400,361200,9,3,146356532,777177650,34913,34971,34943,106211174,1001693018,758019093
11,319240162,4,108891028,5,64952534,366176741,11,103869805,-28383,275262022,131,177759885,35988995,11,534137668,859553,750198692,317345255,32,131,777177650,11692300,34894,919150108,901823498,0,589468055,32,86,7,5,4400,4338752,5,6,146356532,777177650,34937,34929,34954,749443834,365042431,252798257
11,319240162,4,108891028,5,64952534,366176741,11,103869805,-28383,275262022,131,177759885,35988995,11,534137668,859553,750198692,317345255,32,131,777177650,11692300,34894,919150108,901823498,0,589468055,32,12,6,6,600,547206,4,3,146356532,777177650,34899,34963,34903,785149710,250142940,296901992
15,962519746,0,265433381,4,829353804,938198330,15,991041614,464108,693080424,34,3104980,1067983329,15,829251106,858970,750198692,421313236,64,34,330563436,2006573,34529,1030545334,922396659,0,508787695,64,86,7,1,2100,2070768,5,2,378580043,330563436,34605,34593,34631,749443834,1001693018,823687685
5,529057841,0,890382161,2,549623314,849027485,5,58126162,403268,958596215,85,1001770604,231357394,5,608676529,338664,373412815,725868244,69,85,330563436,16217623,34487,483467692,205578871,0,39198612,69,116,10,1,4800,4877328,1,7,449642453,330563436,34561,34555,34583,106211174,86983390,53740253
5,529057841,0,890382161,2,549623314,849027485,5,58126162,403268,958596215,85,1001770604,231357394,5,608676529,338664,373412815,725868244,69,85,330563436,16217623,34487,483467692,205578871,0,39198612,69,105,10,2,3200,3216320,8,6,449642453,330563436,34568,34561,34575,106211174,1001693018,660961569
5,529057841,0,890382161,2,549623314,849027485,5,58126162,403268,958596215,85,1001770604,231357394,5,608676529,338664,373412815,725868244,69,85,330563436,16217623,34487,483467692,205578871,0,39198612,69,138,4,3,1700,1764821,9,0,449642453,330563436,34515,34520,34516,862871618,365042431,305525252
5,529057841,0,890382161,2,549623314,849027485,5,58126162,403268,958596215,85,1001770604,231357394,5,608676529,338664,373412815,725868244,69,85,330563436,16217623,34487,483467692,205578871,0,39198612,69,38,9,4,300,281409,9,4,378580043,330563436,34489,34540,34498,106211174,431484053,948234142
5,529057841,0,890382161,2,549623314,849027485,5,58126162,403268,958596215,85,1001770604,231357394,5,608676529,338664,373412815,725868244,69,85,330563436,16217623,34487,483467692,205578871,0,39198612,69,93,6,5,4200,4170978,7,4,378580043,330563436,34544,34539,34572,749443834,1001693018,207198439
5,529057841,0,890382161,2,549623314,849027485,5,58126162,403268,958596215,85,1001770604,231357394,5,608676529,338664,373412815,725868244,69,85,330563436,16217623,34487,483467692,205578871,0,39198612,69,19,3,6,2300,2113723,5,0,449642453,330563436,34608,34550,34629,106211174,407419891,132842238
23,536896580,3,94114815,7,11315813,791810943,23,1051077640,682035,798884201,65,281052985,65225523,23,531840509,879516,701940545,1044095204,70,65,330563436,8465180,34319,527479233,541998956,0,944964242,70,65,2,1,800,772048,3,8,378580043,330563436,34344,34390,34346,862871618,944913022,240160102
23,536896580,3,94114815,7,11315813,791810943,23,1051077640,682035,798884201,65,281052985,65225523,23,531840509,879516,701940545,1044095204,70,65,330563436,8465180,34319,527479233,541998956,0,944964242,70,197,10,2,1300,1426347,6,6,449642453,330563436,34394,34376,34417,785149710,365042431,683835136
23,536896580,3,94114815,7,11315813,791810943,23,1051077640,682035,798884201,65,281052985,65225523,23,531840509,879516,701940545,1044095204,70,65,330563436,8465180,34319,527479233,541998956,0,944964242,70,180,8,3,100,108018,3,5,378580043,330563436,34358,34396,34360,862871618,250142940,926388786
23,536896580,3,94114815,7,11315813,791810943,23,1051077640,682035,798884201,65,281052985,65225523,23,531840509,879516,701940545,1044095204,70,65,330563436,8465180,34319,527479233,541998956,0,944964242,70,46,9,4,1100,1040644,1,5,449642453,330563436,34408,34408,34418,106211174,431484053,577862594
23,536896580,3,94114815,7,11315813,791810943,23,1051077640,682035,798884201,65,281052985,65225523,23,531840509,879516,701940545,1044095204,70,65,330563436,8465180,34319,527479233,541998956,0,944964242,70,38,9,5,3700,3470711,9,4,378580043,330563436,34376,34407,34384,785149710,431484053,23608385
23,536896580,3,94114815,7,11315813,791810943,23,1051077640,682035,798884201,65,281052985,65225523,23,531840509,879516,701940545,1044095204,70,65,330563436,8465180,34319,527479233,541998956,0,944964242,70,56,8,6,1900,1816495,6,3,449642453,330563436,34358,34380,34369,862871618,407419891,224453187
1,559044011,1,1004765669,3,458785,31140224,1,73682198,419239,154263564,106,864562228,957626520,1,147772690,328842,797027742,268933212,98,106,330563436,5100444,34600,382018914,870050430,0,1041443412,98,41,2,1,2800,2634912,6,7,449642453,330563436,34690,34630,34713,785149710,1001693018,525658321
1,559044011,1,1004765669,3,458785,31140224,1,73682198,419239,154263564,106,864562228,957626520,1,147772690,328842,797027742,268933212,98,106,330563436,5100444,34600,382018914,870050430,0,1041443412,98,110,7,2,100,101011,0,0,449642453,330563436,34667,34678,34681,749443834,86983390,981678342
1,559044011,1,1004765669,3,458785,31140224,1,73682198,419239,154263564,106,864562228,957626520,1,147772690,328842,797027742,268933212,98,106,330563436,5100444,34600,382018914,870050430,0,1041443412,98,45,6,3,1400,1323056,5,2,449642453,330563436,34696,34658,34724,785149710,365042431,563210860
1,559044011,1,1004765669,3,458785,31140224,1,73682198,419239,154263564,106,864562228,957626520,1,147772690,328842,797027742,268933212,98,106,330563436,5100444,34600,382018914,870050430,0,1041443412,98,168,9,4,1000,1068160,3,3,449642453,330563436,34628,34644,34645,785149710,250142940,503514793
14,188440933,0,29958364,6,564123676,816784291,14,177982233,136579,447900922,89,468529770,948964647,14,106551305,153076,373412815,1009632679,99,89,330563436,9232679,34404,483467692,1066954898,0,508578232,99,88,9,1,1000,988079,2,1,449642453,330563436,34470,34486,34475,785149710,250142940,453930383
14,188440933,0,29958364,6,564123676,816784291,14,177982233,136579,447900922,89,468529770,948964647,14,106551305,153076,373412815,1009632679,99,89,330563436,9232679,34404,483467692,1066954898,0,508578232,99,124,5,2,500,512060,2,7,378580043,330563436,34458,34480,34472,862871618,250142940,927920660
14,188440933,0,29958364,6,564123676,816784291,14,177982233,136579,447900922,89,468529770,948964647,14,106551305,153076,373412815,1009632679,99,89,330563436,9232679,34404,483467692,1066954898,0,508578232,99,135,1,3,4200,4347546,2,2,449642453,330563436,34441,34470,34442,106211174,250142940,977783448
14,188440933,0,29958364,6,564123676,816784291,14,177982233,136579,447900922,89,468529770,948964647,14,106551305,153076,373412815,1009632679,99,89,330563436,9232679,34404,483467692,1066954898,0,508578232,99,109,2,4,3600,3632760,9,2,449642453,330563436,34517,34439,34543,749443834,365042431,134028994
11,319240162,4,108891028,5,64952534,366176741,11,103869805,-28383,275262022,148,120951395,335387568,11,608291700,213560,750198692,672328102,100,148,777177650,14131101,35852,483467692,294637636,0,575004302,100,63,4,1,2800,2696568,4,5,146356532,777177650,35921,35926,35951,785149710,86983390,837144972
11,319240162,4,108891028,5,64952534,366176741,11,103869805,-28383,275262022,148,120951395,335387568,11,608291700,213560,750198692,672328102,100,148,777177650,14131101,35852,483467692,294637636,0,575004302,100,116,10,2,2200,2235442,0,7,146356532,777177650,35968,35895,35973,749443834,407419891,833611073
11,319240162,4,108891028,5,64952534,366176741,11,103869805,-28383,275262022,148,120951395,335387568,11,608291700,213560,750198692,672328102,100,148,777177650,14131101,35852,483467692,294637636,0,575004302,100,47,4,3,4600,4356384,3,4,146356532,777177650,35915,35893,35935,862871618,407419891,1045398435
11,319240162,4,108891028,5,64952534,366176741,11,103869805,-28383,275262022,148,120951395,335387568,11,608291700,213560,750198692,672328102,100,148,777177650,14131101,35852,483467692,294637636,0,575004302,100,39,10,4,1400,1314642,6,3,146356532,777177650,35935,35914,35947,785149710,431484053,309803000
11,319240162,4,108891028,5,64952534,366176741,11,103869805,-28383,275262022,148,120951395,335387568,11,608291700,213560,750198692,672328102,100,148,777177650,14131101,35852,483467692,294637636,0,575004302,100,54,6,5,3700,3529985,5,0,146356532,777177650,35858,35899,35883,862871618,86983390,669593247
15,962519746,0,265433381,4,829353804,938198330,15,991041614,464108,693080424,1,344882864,682453024,15,684099442,71156,1028181460,960303019,102,1,777177650,11395489,35557,919150108,331501688,0,104229044,102,89,10,1,3700,3659596,6,0,146356532,777177650,35633,35642,35647,862871618,407419891,713217198
15,962519746,0,265433381,4,829353804,938198330,15,991041614,464108,693080424,1,344882864,682453024,15,684099442,71156,1028181460,960303019,102,1,777177650,11395489,35557,919150108,331501688,0,104229044,102,170,5,2,3400,3638578,3,8,146356532,777177650,35649,35637,35666,862871618,407419891,66389849
15,962519746,0,265433381,4,829353804,938198330,15,991041614,464108,693080424,1,344882864,682453024,15,684099442,71156,1028181460,960303019,102,1,777177650,11395489,35557,919150108,331501688,0,104229044,102,183,4,3,2500,2707950,1,1,146356532,777177650,35640,35633,35657,106211174,250142940,82521107
15,962519746,0,265433381,4,829353804,938198330,15,991041614,464108,693080424,1,344882864,682453024,15,684099442,71156,1028181460,960303019,102,1,777177650,11395489,35557,919150108,331501688,0,104229044,102,62,7,4,1500,1443090,7,7,146356532,777177650,35581,35622,35583,749443834,407419891,148856520
23,536896580,3,94114815,7,11315813,791810943,23,1051077640,682035,798884201,31,855445084,1027402851,23,969728011,523689,750198692,449809331,103,31,777177650,9556395,35234,483467692,554124614,0,674303139,103,195,9,1,600,657114,3,5,146356532,777177650,35347,35269,35364,106211174,944913022,474926244
23,536896580,3,94114815,7,11315813,791810943,23,1051077640,682035,798884201,31,855445084,1027402851,23,969728011,523689,750198692,449809331,103,31,777177650,9556395,35234,483467692,554124614,0,674303139,103,11,5,2,3700,3370737,2,7,146356532,777177650,35323,35271,35326,862871618,431484053,966363462
23,536896580,3,94114815,7,11315813,791810943,23,1051077640,682035,798884201,31,855445084,1027402851,23,969728011,523689,750198692,449809331,103,31,777177650,9556395,35234,483467692,554124614,0,674303139,103,29,10,3,2300,2136746,1,4,146356532,777177650,35317,35324,35332,106211174,944913022,698774868
23,536896580,3,94114815,7,11315813,791810943,23,1051077640,682035,798884201,31,855445084,1027402851,23,969728011,523689,750198692,449809331,103,31,777177650,9556395,35234,483467692,554124614,0,674303139,103,30,9,4,3200,2976096,1,7,146356532,777177650,35274,35281,35279,106211174,250142940,358416912
17,145165669,1,127423842,1,792906294,317827973,17,971385163,575594,622797579,61,754492610,99266246,17,63893436,153624,373412815,1071371457,135,61,777177650,17456988,34991,483467692,256817874,0,949944076,135,109,10,1,4700,4742770,6,8,146356532,777177650,35111,35063,35118,785149710,250142940,538830611
17,145165669,1,127423842,1,792906294,317827973,17,971385163,575594,622797579,61,754492610,99266246,17,63893436,153624,373412815,1071371457,135,61,777177650,17456988,34991,483467692,256817874,0,949944076,135,199,3,2,2100,2308299,0,7,146356532,777177650,35104,35074,35106,749443834,407419891,107853490
17,145165669,1,127423842,1,792906294,317827973,17,971385163,575594,622797579,61,754492610,99266246,17,63893436,153624,373412815,1071371457,135,61,777177650,17456988,34991,483467692,256817874,0,949944076,135,158,10,3,3300,3491894,2,0,146356532,777177650,35065,35022,35094,862871618,431484053,948925550
17,145165669,1,127423842,1,792906294,317827973,17,971385163,575594,622797579,61,754492610,99266246,17,63893436,153624,373412815,1071371457,135,61,777177650,17456988,34991,483467692,256817874,0,949944076,135,68,7,4,3400,3291404,2,3,146356532,777177650,35074,35081,35098,106211174,86983390,753525063
17,145165669,1,127423842,1,792906294,317827973,17,971385163,575594,622797579,61,754492610,99266246,17,63893436,153624,373412815,1071371457,135,61,777177650,17456988,34991,483467692,256817874,0,949944076,135,137,8,5,2000,2074259,1,4,146356532,777177650,35087,35021,35102,106211174,431484053,447886411
17,145165669,1,127423842,1,792906294,317827973,17,971385163,575594,622797579,61,754492610,99266246,17,63893436,153624,373412815,1071371457,135,61,777177650,17456988,34991,483467692,256817874,0,949944076,135,115,5,6,1300,1319643,4,2,146356532,777177650,35013,35053,35018,106211174,944913022,422105013
17,145165669,1,127423842,8,292608994,956262271,17,801108420,762785,918253410,61,754492610,99266246,17,63893436,153624,373412815,1071371457,135,61,777177650,17456988,34991,483467692,256817874,0,949944076,135,109,10,1,4700,4742770,6,8,146356532,777177650,35111,35063,35118,785149710,250142940,538830611
17,145165669,1,127423842,8,292608994,956262271,17,801108420,762785,918253410,61,754492610,99266246,17,63893436,153624,373412815,1071371457,135,61,777177650,17456988,34991,483467692,256817874,0,949944076,135,199,3,2,2100,2308299,0,7,146356532,777177650,35104,35074,35106,749443834,407419891,107853490
17,145165669,1,127423842,8,292608994,956262271,17,801108420,762785,918253410,61,754492610,99266246,17,63893436,153624,373412815,1071371457,135,61,777177650,17456988,34991,483467692,256817874,0,949944076,135,158,10,3,3300,3491894,2,0,146356532,777177650,35065,35022,35094,862871618,431484053,948925550
17,145165669,1,127423842,8,292608994,956262271,17,801108420,762785,918253410,61,754492610,99266246,17,63893436,153624,373412815,1071371457,135,61,777177650,17456988,34991,483467692,256817874,0,949944076,135,68,7,4,3400,3291404,2,3,146356532,777177650,35074,35081,35098,106211174,86983390,753525063
17,145165669,1,127423842,8,292608994,956262271,17,801108420,762785,918253410,61,754492610,99266246,17,63893436,153624,373412815,1071371457,135,61,777177650,17456988,34991,483467692,256817874,0,949944076,135,137,8,5,2000,2074259,1,4,146356532,777177650,35087,35021,35102,106211174,431484053,447886411
17,145165669,1,127423842,8,292608994,956262271,17,801108420,762785,918253410,61,754492610,99266246,17,63893436,153624,373412815,1071371457,135,61,777177650,17456988,34991,483467692,256817874,0,949944076,135,115,5,6,1300,1319643,4,2,146356532,777177650,35013,35053,35018,106211174,944913022,422105013
10,185743883,4,261867689,9,895777001,658451645,10,73320802,530237,726765942,16,606299054,831166561,10,851711143,468103,373412815,551498780,162,16,777177650,215813,34825,1030545334,313781122,0,160305293,162,190,1,1,200,218038,2,1,146356532,777177650,34942,34865,34948,785149710,944913022,554029173
15,962519746,0,265433381,4,829353804,938198330,15,991041614,464108,693080424,1,344882864,682453024,15,684099442,71156,1028181460,960303019,164,1,330563436,20266052,33896,527479233,128788123,0,748867442,164,92,4,1,2600,2579434,9,4,449642453,330563436,33971,33927,33974,106211174,250142940,231897398
15,962519746,0,265433381,4,829353804,938198330,15,991041614,464108,693080424,1,344882864,682453024,15,684099442,71156,1028181460,960303019,164,1,330563436,20266052,33896,527479233,128788123,0,748867442,164,19,6,2,2400,2205624,5,5,378580043,330563436,33958,33933,33973,106211174,365042431,952238784
15,962519746,0,265433381,4,829353804,938198330,15,991041614,464108,693080424,1,344882864,682453024,15,684099442,71156,1028181460,960303019,164,1,330563436,20266052,33896,527479233,128788123,0,748867442,164,126,9,3,3800,3899256,3,6,378580043,330563436,33940,33929,33969,862871618,365042431,766872229
15,962519746,0,265433381,4,829353804,938198330,15,991041614,464108,693080424,1,344882864,682453024,15,684099442,71156,1028181460,960303019,164,1,330563436,20266052,33896,527479233,128788123,0,748867442,164,18,2,4,3200,2937632,5,1,378580043,330563436,33957,33959,33964,785149710,250142940,768970311
15,962519746,0,265433381,4,829353804,938198330,15,991041614,464108,693080424,1,344882864,682453024,15,684099442,71156,1028181460,960303019,164,1,330563436,20266052,33896,527479233,128788123,0,748867442,164,148,1,5,4300,4507002,6,1,378580043,330563436,33932,33970,33944,785149710,250142940,837741390
15,962519746,0,265433381,4,829353804,938198330,15,991041614,464108,693080424,1,344882864,682453024,15,684099442,71156,1028181460,960303019,164,1,330563436,20266052,33896,527479233,128788123,0,748867442,164,109,10,6,2700,2724570,10,4,378580043,330563436,33959,33983,33977,749443834,365042431,411672624
15,962519746,0,265433381,4,829353804,938198330,15,991041614,464108,693080424,1,344882864,682453024,15,684099442,71156,1028181460,960303019,164,1,330563436,20266052,33896,527479233,128788123,0,748867442,164,4,7,7,2300,2079200,9,4,449642453,330563436,33909,33938,33918,106211174,1001693018,328073626
17,145165669,1,127423842,1,792906294,317827973,17,971385163,575594,622797579,121,1022863173,231361516,17,736496255,642832,1028181460,1027337841,167,121,330563436,5298223,33971,483467692,255557624,0,810637680,167,102,3,1,2800,2805880,6,1,378580043,330563436,34017,34014,34029,749443834,86983390,5302543
17,145165669,1,127423842,1,792906294,317827973,17,971385163,575594,622797579,121,1022863173,231361516,17,736496255,642832,1028181460,1027337841,167,121,330563436,5298223,33971,483467692,255557624,0,810637680,167,172,2,2,2700,2894859,9,0,378580043,330563436,34088,34057,34118,862871618,944913022,710785741
17,145165669,1,127423842,8,292608994,956262271,17,801108420,762785,918253410,121,1022863173,231361516,17,736496255,642832,1028181460,1027337841,167,121,330563436,5298223,33971,483467692,255557624,0,810637680,167,102,3,1,2800,2805880,6,1,378580043,330563436,34017,34014,34029,749443834,86983390,5302543
17,145165669,1,127423842,8,292608994,956262271,17,801108420,762785,918253410,121,1022863173,231361516,17,736496255,642832,1028181460,1027337841,167,121,330563436,5298223,33971,483467692,255557624,0,810637680,167,172,2,2,2700,2894859,9,0,378580043,330563436,34088,34057,34118,862871618,944913022,710785741
23,536896580,3,94114815,7,11315813,791810943,23,1051077640,682035,798884201,65,281052985,65225523,23,531840509,879516,701940545,1044095204,196,65,330563436,3324804,34043,919150108,708541068,0,798644654,196,136,7,1,1900,1968647,3,2,378580043,330563436,34074,34114,34087,106211174,407419891,837986819
23,536896580,3,94114815,7,11315813,791810943,23,1051077640,682035,798884201,65,281052985,65225523,23,531840509,879516,701940545,1044095204,196,65,330563436,3324804,34043,919150108,708541068,0,798644654,196,10,3,2,1500,1365015,3,4,449642453,330563436,34153,34095,34154,862871618,407419891,497655333
15,962519746,0,265433381,4,829353804,938198330,15,991041614,464108,693080424,34,3104980,1067983329,15,829251106,858970,750198692,421313236,197,34,836745293,10029007,34794,919150108,294727845,0,244723459,197,99,1,1,3900,3896451,2,4,146356532,777177650,34899,34879,34923,862871618,365042431,458395352
15,962519746,0,265433381,4,829353804,938198330,15,991041614,464108,693080424,34,3104980,1067983329,15,829251106,858970,750198692,421313236,197,34,836745293,10029007,34794,919150108,294727845,0,244723459,197,178,8,2,800,862536,9,2,449642453,330563436,34804,34879,34814,749443834,407419891,729247598
15,962519746,0,265433381,4,829353804,938198330,15,991041614,464108,693080424,34,3104980,1067983329,15,829251106,858970,750198692,421313236,197,34,836745293,10029007,34794,919150108,294727845,0,244723459,197,156,4,3,1700,1795455,6,2,146356532,777177650,34911,34871,34912,785149710,1001693018,917410377
15,962519746,0,265433381,4,829353804,938198330,15,991041614,464108,693080424,34,3104980,1067983329,15,829251106,858970,750198692,421313236,197,34,836745293,10029007,34794,919150108,294727845,0,244723459,197,18,5,4,2500,2295025,4,1,146356532,330563436,34861,34840,34872,862871618,944913022,924192486
15,962519746,0,265433381,4,829353804,938198330,15,991041614,464108,693080424,34,3104980,1067983329,15,829251106,858970,750198692,421313236,197,34,836745293,10029007,34794,919150108,294727845,0,244723459,197,42,9,5,1400,1318856,9,1,378580043,330563436,34825,34841,34829,862871618,250142940,828843678
15,962519746,0,265433381,4,829353804,938198330,15,991041614,464108,693080424,34,3104980,1067983329,15,829251106,858970,750198692,421313236,197,34,836745293,10029007,34794,919150108,294727845,0,244723459,197,106,1,6,100,100610,7,5,146356532,777177650,34893,34869,34920,785149710,250142940,722477264
15,962519746,0,265433381,4,829353804,938198330,15,991041614,464108,693080424,53,1039100764,494421651,15,378811987,411364,750198692,860477758,199,53,777177650,8059244,35129,919150108,76111576,0,165631255,199,133,9,1,5000,5165650,2,0,146356532,777177650,35226,35217,35248,749443834,431484053,270051312
15,962519746,0,265433381,4,829353804,938198330,15,991041614,464108,693080424,53,1039100764,494421651,15,378811987,411364,750198692,860477758,199,53,777177650,8059244,35129,919150108,76111576,0,165631255,199,134,5,2,3000,3102390,8,5,146356532,777177650,35149,35212,35167,106211174,86983390,936322287
15,962519746,0,265433381,4,829353804,938198330,15,991041614,464108,693080424,34,3104980,1067983329,15,829251106,858970,750198692,421313236,225,34,836745293,16589047,34842,382018914,820249550,0,305969001,225,172,3,1,400,428868,9,7,146356532,777177650,34914,34928,34943,862871618,407419891,74996037
15,962519746,0,265433381,4,829353804,938198330,15,991041614,464108,693080424,34,3104980,1067983329,15,829251106,858970,750198692,421313236,225,34,836745293,16589047,34842,382018914,820249550,0,305969001,225,131,7,2,300,309339,0,8,146356532,777177650,34903,34886,34926,749443834,1001693018,501914826
15,962519746,0,265433381,4,829353804,938198330,15,991041614,464108,693080424,34,3104980,1067983329,15,829251106,858970,750198692,421313236,225,34,836745293,16589047,34842,382018914,820249550,0,305969001,225,199,2,3,4500,4946355,6,1,146356532,777177650,34926,34929,34939,862871618,944913022,357162575
15,962519746,0,265433381,4,829353804,938198330,15,991041614,464108,693080424,34,3104980,1067983329,15,829251106,858970,750198692,421313236,225,34,836745293,16589047,34842,382018914,820249550,0,305969001,225,147,4,4,2400,2513136,0,6,146356532,777177650,34963,34914,34986,785149710,431484053,771707248
15,962519746,0,265433381,4,829353804,938198330,15,991041614,464108,693080424,34,3104980,1067983329,15,829251106,858970,750198692,421313236,225,34,836745293,16589047,34842,382018914,820249550,0,305969001,225,8,5,5,3100,2814800,4,6,146356532,777177650,34869,34902,34882,862871618,944913022,1033011883
15,962519746,0,265433381,4,829353804,938198330,15,991041614,464108,693080424,34,3104980,1067983329,15,829251106,858970,750198692,421313236,225,34,836745293,16589047,34842,382018914,820249550,0,305969001,225,132,8,6,1200,1238556,0,0,449642453,330563436,34852,34893,34856,785149710,431484053,577247013
15,962519746,0,265433381,4,829353804,938198330,15,991041614,464108,693080424,34,3104980,1067983329,15,829251106,858970,750198692,421313236,225,34,836745293,16589047,34842,382018914,820249550,0,305969001,225,142,1,7,4400,4585416,10,6,146356532,777177650,34962,34925,34992,106211174,1001693018,294125113
5,529057841,0,890382161,2,549623314,849027485,5,58126162,403268,958596215,10,798437489,808791061,5,205635831,275354,750198692,908197369,227,10,777177650,4607646,35011,527479233,650627696,0,366661554,227,166,1,1,1900,2025704,5,6,146356532,777177650,35041,35092,35057,106211174,250142940,998402576
5,529057841,0,890382161,2,549623314,849027485,5,58126162,403268,958596215,10,798437489,808791061,5,205635831,275354,750198692,908197369,227,10,777177650,4607646,35011,527479233,650627696,0,366661554,227,175,3,2,2400,2580408,7,7,146356532,777177650,35096,35055,35105,785149710,407419891,1055284558
1,559044011,1,1004765669,3,458785,31140224,1,73682198,419239,154263564,106,864562228,957626520,1,147772690,328842,797027742,268933212,260,106,777177650,17929214,35407,1030545334,173315518,0,348464930,260,156,7,1,5000,5280750,7,8,146356532,777177650,35511,35468,35538,862871618,1001693018,52191172
1,559044011,1,1004765669,3,458785,31140224,1,73682198,419239,154263564,106,864562228,957626520,1,147772690,328842,797027742,268933212,260,106,777177650,17929214,35407,1030545334,173315518,0,348464930,260,183,4,2,2600,2816268,2,7,146356532,777177650,35409,35465,35412,106211174,86983390,311702119
1,559044011,1,1004765669,3,458785,31140224,1,73682198,419239,154263564,106,864562228,957626520,1,147772690,328842,797027742,268933212,260,106,777177650,17929214,35407,1030545334,173315518,0,348464930,260,42,1,3,2700,2543508,5,8,146356532,777177650,35510,35474,35540,862871618,250142940,480636283
1,559044011,1,1004765669,3,458785,31140224,1,73682198,419239,154263564,106,864562228,957626520,1,147772690,328842,797027742,268933212,260,106,777177650,17929214,35407,1030545334,173315518,0,348464930,260,6,1,4,2900,2627400,10,6,146356532,777177650,35502,35442,35531,106211174,431484053,766629672
1,559044011,1,1004765669,3,458785,31140224,1,73682198,419239,154263564,106,864562228,957626520,1,147772690,328842,797027742,268933212,260,106,777177650,17929214,35407,1030545334,173315518,0,348464930,260,96,9,5,4400,4382796,1,5,146356532,777177650,35513,35462,35537,749443834,431484053,909548689
23,536896580,3,94114815,7,11315813,791810943,23,1051077640,682035,798884201,31,855445084,1027402851,23,969728011,523689,750198692,449809331,262,31,777177650,10844384,35026,483467692,199031980,0,301414802,262,192,3,1,3900,4259541,1,5,146356532,777177650,35077,35111,35090,785149710,250142940,924649841
23,536896580,3,94114815,7,11315813,791810943,23,1051077640,682035,798884201,31,855445084,1027402851,23,969728011,523689,750198692,449809331,262,31,777177650,10844384,35026,483467692,199031980,0,301414802,262,61,6,2,3300,3171498,9,3,146356532,777177650,35132,35093,35149,862871618,365042431,665076354
23,536896580,3,94114815,7,11315813,791810943,23,1051077640,682035,798884201,31,855445084,1027402851,23,969728011,523689,750198692,449809331,262,31,777177650,10844384,35026,483467692,199031980,0,301414802,262,59,1,3,3500,3356675,5,8,146356532,777177650,35134,35107,35164,785149710,431484053,113255345
17,145165669,1,127423842,1,792906294,317827973,17,971385163,575594,622797579,8,922454654,11853917,17,342305859,681974,1028181460,844824201,288,8,777177650,16379453,35480,382018914,1070834709,0,847473463,288,51,3,1,3100,2948255,0,3,146356532,777177650,35504,35546,35524,862871618,365042431,821285007
17,145165669,1,127423842,1,792906294,317827973,17,971385163,575594,622797579,8,922454654,11853917,17,342305859,681974,1028181460,844824201,288,8,777177650,16379453,35480,382018914,1070834709,0,847473463,288,117,1,2,4900,4983839,8,5,146356532,777177650,35537,35567,35566,862871618,86983390,608986859
17,145165669,1,127423842,1,792906294,317827973,17,971385163,575594,622797579,8,922454654,11853917,17,342305859,681974,1028181460,844824201,288,8,777177650,16379453,35480,382018914,1070834709,0,847473463,288,99,10,3,3600,3596724,2,2,146356532,777177650,35481,35555,35494,862871618,86983390,442344905
17,145165669,1,127423842,1,792906294,317827973,17,971385163,575594,622797579,8,922454654,11853917,17,342305859,681974,1028181460,844824201,288,8,777177650,16379453,35480,382018914,1070834709,0,847473463,288,79,10,4,1900,1860233,7,7,146356532,777177650,35501,35522,35513,106211174,431484053,150251855
17,145165669,1,127423842,1,792906294,317827973,17,971385163,575594,622797579,8,922454654,11853917,17,342305859,681974,1028181460,844824201,288,8,777177650,16379453,35480,382018914,1070834709,0,847473463,288,162,9,5,3100,3292696,10,4,146356532,777177650,35577,35542,35599,862871618,250142940,89004955
17,145165669,1,127423842,8,292608994,956262271,17,801108420,762785,918253410,8,922454654,11853917,17,342305859,681974,1028181460,844824201,288,8,777177650,16379453,35480,382018914,1070834709,0,847473463,288,51,3,1,3100,2948255,0,3,146356532,777177650,35504,35546,35524,862871618,365042431,821285007
17,145165669,1,127423842,8,292608994,956262271,17,801108420,762785,918253410,8,922454654,11853917,17,342305859,681974,1028181460,844824201,288,8,777177650,16379453,35480,382018914,1070834709,0,847473463,288,117,1,2,4900,4983839,8,5,146356532,777177650,35537,35567,35566,862871618,86983390,608986859
17,145165669,1,127423842,8,292608994,956262271,17,801108420,762785,918253410,8,922454654,11853917,17,342305859,681974,1028181460,844824201,288,8,777177650,16379453,35480,382018914,1070834709,0,847473463,288,99,10,3,3600,3596724,2,2,146356532,777177650,35481,35555,35494,862871618,86983390,442344905
17,145165669,1,127423842,8,292608994,956262271,17,801108420,762785,918253410,8,922454654,11853917,17,342305859,681974,1028181460,844824201,288,8,777177650,16379453,35480,382018914,1070834709,0,847473463,288,79,10,4,1900,1860233,7,7,146356532,777177650,35501,35522,35513,106211174,431484053,150251855
17,145165669,1,127423842,8,292608994,956262271,17,801108420,762785,918253410,8,922454654,11853917,17,342305859,681974,1028181460,844824201,288,8,777177650,16379453,35480,382018914,1070834709,0,847473463,288,162,9,5,3100,3292696,10,4,146356532,777177650,35577,35542,35599,862871618,250142940,89004955
10,185743883,4,261867689,9,895777001,658451645,10,73320802,530237,726765942,104,133204033,240401202,10,569591890,-58838,373412815,427642554,289,104,777177650,13109267,35469,1030545334,398668719,0,373018005,289,174,2,1,2500,2685425,7,5,146356532,777177650,35505,35553,35533,749443834,944913022,565406037
10,185743883,4,261867689,9,895777001,658451645,10,73320802,530237,726765942,104,133204033,240401202,10,569591890,-58838,373412815,427642554,289,104,777177650,13109267,35469,1030545334,398668719,0,373018005,289,112,2,2,600,607266,6,5,146356532,777177650,35477,35556,35506,749443834,407419891,262511823
10,185743883,4,261867689,9,895777001,658451645,10,73320802,530237,726765942,104,133204033,240401202,10,569591890,-58838,373412815,427642554,289,104,777177650,13109267,35469,1030545334,398668719,0,373018005,289,17,4,3,4400,4034844,10,8,146356532,777177650,35584,35538,35611,785149710,431484053,495171893
10,185743883,4,261867689,9,895777001,658451645,10,73320802,530237,726765942,104,133204033,240401202,10,569591890,-58838,373412815,427642554,289,104,777177650,13109267,35469,1030545334,398668719,0,373018005,289,40,6,4,4800,4512192,1,8,146356532,777177650,35501,35517,35511,749443834,250142940,508830590
10,185743883,4,261867689,9,895777001,658451645,10,73320802,530237,726765942,104,133204033,240401202,10,569591890,-58838,373412815,427642554,289,104,777177650,13109267,35469,1030545334,398668719,0,373018005,289,47,4,5,1300,1231152,10,3,146356532,777177650,35587,35524,35597,862871618,1001693018,530434887
23,536896580,3,94114815,7,11315813,791810943,23,1051077640,682035,798884201,31,855445084,1027402851,23,969728011,523689,750198692,449809331,293,31,330563436,3724878,33877,919150108,520115015,0,810586961,293,9,6,1,1400,1272600,2,5,378580043,330563436,33894,33959,33916,749443834,407419891,81322809
23,536896580,3,94114815,7,11315813,791810943,23,1051077640,682035,798884201,31,855445084,1027402851,23,969728011,523689,750198692,449809331,293,31,330563436,3724878,33877,919150108,520115015,0,810586961,293,187,8,2,1100,1195898,10,4,378580043,330563436,33960,33937,33979,785149710,431484053,653017916
23,536896580,3,94114815,7,11315813,791810943,23,1051077640,682035,798884201,31,855445084,1027402851,23,969728011,523689,750198692,449809331,293,31,330563436,3724878,33877,919150108,520115015,0,810586961,293,118,8,3,1300,1323543,4,2,449642453,330563436,33953,33962,33958,785149710,250142940,210397762
11,319240162,4,108891028,5,64952534,366176741,11,103869805,-28383,275262022,52,749902188,199806749,11,982273298,563028,750198692,628614943,294,52,330563436,3005947,34164,1030545334,73421828,0,303832800,294,60,2,1,3100,2976186,0,1,378580043,330563436,34185,34198,34192,862871618,365042431,165771662
15,962519746,0,265433381,4,829353804,938198330,15,991041614,464108,693080424,1,344882864,682453024,15,684099442,71156,1028181460,960303019,320,1,777177650,3983554,35753,919150108,515384488,0,397999055,320,5,2,1,3000,2715000,5,1,146356532,777177650,35766,35814,35775,106211174,250142940,262840423
15,962519746,0,265433381,4,829353804,938198330,15,991041614,464108,693080424,1,344882864,682453024,15,684099442,71156,1028181460,960303019,320,1,777177650,3983554,35753,919150108,515384488,0,397999055,320,193,5,2,1300,1421147,3,0,146356532,777177650,35778,35788,35779,862871618,365042431,201216570
11,319240162,4,108891028,5,64952534,366176741,11,103869805,-28383,275262022,134,987180522,314377204,11,814495129,460889,1028181460,724055480,322,134,330563436,12706889,33680,382018914,483682045,0,485560244,322,153,8,1,1200,1263780,8,7,449642453,330563436,33782,33752,33794,106211174,365042431,677206132
11,319240162,4,108891028,5,64952534,366176741,11,103869805,-28383,275262022,134,987180522,314377204,11,814495129,460889,1028181460,724055480,322,134,330563436,12706889,33680,382018914,483682045,0,485560244,322,44,5,2,4800,4531392,2,7,449642453,330563436,33764,33769,33779,785149710,250142940,160336754
11,319240162,4,108891028,5,64952534,366176741,11,103869805,-28383,275262022,134,987180522,314377204,11,814495129,460889,1028181460,724055480,322,134,330563436,12706889,33680,382018914,483682045,0,485560244,322,13,3,3,2000,1826020,4,1,378580043,330563436,33718,33726,33744,749443834,431484053,946965372
11,319240162,4,108891028,5,64952534,366176741,11,103869805,-28383,275262022,134,987180522,314377204,11,814495129,460889,1028181460,724055480,322,134,330563436,12706889,33680,382018914,483682045,0,485560244,322,184,5,4,1000,1084180,6,3,378580043,330563436,33704,33735,33706,749443834,365042431,570607771
11,319240162,4,108891028,5,64952534,366176741,11,103869805,-28383,275262022,134,987180522,314377204,11,814495129,460889,1028181460,724055480,322,134,330563436,12706889,33680,382018914,483682045,0,485560244,322,12,2,5,3500,3192035,7,6,449642453,330563436,33800,33725,33828,862871618,250142940,90811277
11,319240162,4,108891028,5,64952534,366176741,11,103869805,-28383,275262022,134,987180522,314377204,11,814495129,460889,1028181460,724055480,322,134,330563436,12706889,33680,382018914,483682045,0,485560244,322,34,5,6,300,280209,8,5,449642453,330563436,33786,33732,33811,106211174,365042431,703324854
11,319240162,4,108891028,5,64952534,366176741,11,103869805,-28383,275262022,134,987180522,314377204,11,814495129,460889,1028181460,724055480,322,134,330563436,12706889,33680,382018914,483682045,0,485560244,322,38,4,7,500,469014,1,2,449642453,330563436,33707,33734,33718,785149710,1001693018,75748480
1,559044011,1,1004765669,3,458785,31140224,1,73682198,419239,154263564,106,864562228,957626520,1,147772690,328842,797027742,268933212,324,106,330563436,2686885,33681,382018914,998490225,0,668381366,324,200,3,1,2600,2860520,7,1,378580043,330563436,33711,33750,33734,749443834,250142940,1067395348
10,185743883,4,261867689,9,895777001,658451645,10,73320802,530237,726765942,41,548472177,102959959,10,589189525,27095,750198692,81122026,325,41,330563436,7154341,34257,527479233,907156021,0,698638351,325,159,1,1,3400,3601110,9,4,449642453,330563436,34268,34314,34288,862871618,431484053,732452490
10,185743883,4,261867689,9,895777001,658451645,10,73320802,530237,726765942,41,548472177,102959959,10,589189525,27095,750198692,81122026,325,41,330563436,7154341,34257,527479233,907156021,0,698638351,325,186,7,2,500,543090,7,8,449642453,330563436,34334,34337,34336,862871618,431484053,497926922
10,185743883,4,261867689,9,895777001,658451645,10,73320802,530237,726765942,41,548472177,102959959,10,589189525,27095,750198692,81122026,325,41,330563436,7154341,34257,527479233,907156021,0,698638351,325,19,3,3,3500,3216535,7,7,449642453,330563436,34307,34335,34327,749443834,1001693018,821122805
15,962519746,0,265433381,4,829353804,938198330,15,991041614,464108,693080424,107,392705759,421077337,15,489730719,251415,701940545,177090971,352,107,330563436,1600386,34399,919150108,310116417,0,356731463,352,64,5,1,1700,1638902,7,5,378580043,330563436,34485,34483,34512,106211174,944913022,784891699
11,319240162,4,108891028,5,64952534,366176741,11,103869805,-28383,275262022,148,120951395,335387568,11,608291700,213560,750198692,672328102,356,148,330563436,16278667,34513,483467692,248635796,0,808190232,356,46,7,1,400,378416,10,1,449642453,330563436,34541,34545,34548,749443834,1001693018,665471623
11,319240162,4,108891028,5,64952534,366176741,11,103869805,-28383,275262022,148,120951395,335387568,11,608291700,213560,750198692,672328102,356,148,330563436,16278667,34513,483467692,248635796,0,808190232,356,108,3,2,4800,4838880,2,3,378580043,330563436,34556,34544,34570,106211174,944913022,843959373
11,319240162,4,108891028,5,64952534,366176741,11,103869805,-28383,275262022,148,120951395,335387568,11,608291700,213560,750198692,672328102,356,148,330563436,16278667,34513,483467692,248635796,0,808190232,356,119,3,3,3500,3566885,8,7,378580043,330563436,34619,34544,34628,785149710,86983390,331249511
11,319240162,4,108891028,5,64952534,366176741,11,103869805,-28383,275262022,148,120951395,335387568,11,608291700,213560,750198692,672328102,356,148,330563436,16278667,34513,483467692,248635796,0,808190232,356,56,1,4,4100,3919805,7,5,449642453,330563436,34603,34595,34612,785149710,407419891,818536703
11,319240162,4,108891028,5,64952534,366176741,11,103869805,-28383,275262022,148,120951395,335387568,11,608291700,213560,750198692,672328102,356,148,330563436,16278667,34513,483467692,248635796,0,808190232,356,125,8,5,3700,3792944,5,3,449642453,330563436,34528,34568,34553,749443834,944913022,847298022
17,145165669,1,127423842,1,792906294,317827973,17,971385163,575594,622797579,61,754492610,99266246,17,63893436,153624,373412815,1071371457,357,61,777177650,9872311,35345,919150108,619515379,0,894533258,357,114,5,1,2600,2636686,6,3,146356532,777177650,35425,35393,35441,106211174,944913022,670503144
17,145165669,1,127423842,1,792906294,317827973,17,971385163,575594,622797579,61,754492610,99266246,17,63893436,153624,373412815,1071371457,357,61,777177650,9872311,35345,919150108,619515379,0,894533258,357,186,7,2,3600,3910248,7,6,146356532,777177650,35425,35380,35452,749443834,365042431,33096075
17,145165669,1,127423842,1,792906294,317827973,17,971385163,575594,622797579,61,754492610,99266246,17,63893436,153624,373412815,1071371457,357,61,777177650,9872311,35345,919150108,619515379,0,894533258,357,165,2,3,3200,3408512,5,7,146356532,777177650,35456,35426,35473,106211174,431484053,395869380
17,145165669,1,127423842,8,292608994,956262271,17,801108420,762785,918253410,61,754492610,99266246,17,63893436,153624,373412815,1071371457,357,61,777177650,9872311,35345,919150108,619515379,0,894533258,357,114,5,1,2600,2636686,6,3,146356532,777177650,35425,35393,35441,106211174,944913022,670503144
17,145165669,1,127423842,8,292608994,956262271,17,801108420,762785,918253410,61,754492610,99266246,17,63893436,153624,373412815,1071371457,357,61,777177650,9872311,35345,919150108,619515379,0,894533258,357,186,7,2,3600,3910248,7,6,146356532,777177650,35425,35380,35452,749443834,365042431,33096075
17,145165669,1,127423842,8,292608994,956262271,17,801108420,762785,918253410,61,754492610,99266246,17,63893436,153624,373412815,1071371457,357,61,777177650,9872311,35345,919150108,619515379,0,894533258,357,165,2,3,3200,3408512,5,7,146356532,777177650,35456,35426,35473,106211174,431484053,395869380
15,962519746,0,265433381,4,829353804,938198330,15,991041614,464108,693080424,79,620373923,918253789,15,1003789897,512128,797027742,999752886,359,79,330563436,14289122,34685,1030545334,5311552,0,522564385,359,166,7,1,3000,3198480,0,8,449642453,330563436,34703,34748,34717,862871618,365042431,588780661
15,962519746,0,265433381,4,829353804,938198330,15,991041614,464108,693080424,79,620373923,918253789,15,1003789897,512128,797027742,999752886,359,79,330563436,14289122,34685,1030545334,5311552,0,522564385,359,12,9,2,1800,1641618,0,3,449642453,330563436,34724,34774,34728,749443834,250142940,222225491
15,962519746,0,265433381,4,829353804,938198330,15,991041614,464108,693080424,79,620373923,918253789,15,1003789897,512128,797027742,999752886,359,79,330563436,14289122,34685,1030545334,5311552,0,522564385,359,132,8,3,1700,1754621,7,6,449642453,330563436,34728,34774,34738,785149710,407419891,237525441
15,962519746,0,265433381,4,829353804,938198330,15,991041614,464108,693080424,79,620373923,918253789,15,1003789897,512128,797027742,999752886,359,79,330563436,14289122,34685,1030545334,5311552,0,522564385,359,90,1,4,3800,3762342,10,8,378580043,330563436,34786,34717,34812,749443834,250142940,701944620
15,962519746,0,265433381,4,829353804,938198330,15,991041614,464108,693080424,79,620373923,918253789,15,1003789897,512128,797027742,999752886,359,79,330563436,14289122,34685,1030545334,5311552,0,522564385,359,168,5,5,1100,1174976,1,3,449642453,330563436,34743,34724,34746,106211174,944913022,462211044
15,962519746,0,265433381,4,829353804,938198330,15,991041614,464108,693080424,79,620373923,918253789,15,1003789897,512128,797027742,999752886,359,79,330563436,14289122,34685,1030545334,5311552,0,522564385,359,183,4,6,2300,2491314,4,7,378580043,330563436,34728,34767,34744,749443834,1001693018,279334416
15,962519746,0,265433381,4,829353804,938198330,15,991041614,464108,693080424,34,3104980,1067983329,15,829251106,858970,750198692,421313236,385,34,777177650,5072406,35144,527479233,921466586,0,163484838,385,167,6,1,700,747012,5,6,146356532,777177650,35206,35192,35220,749443834,1001693018,670889325
15,962519746,0,265433381,4,829353804,938198330,15,991041614,464108,693080424,34,3104980,1067983329,15,829251106,858970,750198692,421313236,385,34,777177650,5072406,35144,527479233,921466586,0,163484838,385,54,9,2,4600,4388630,8,7,146356532,777177650,35151,35200,35171,106211174,1001693018,526728941
17,145165669,1,127423842,1,792906294,317827973,17,971385163,575594,622797579,61,754492610,99266246,17,63893436,153624,373412815,1071371457,386,61,330563436,9038040,34722,919150108,645535178,0,573568130,386,153,5,1,3900,4107285,10,7,449642453,330563436,34827,34756,34842,106211174,407419891,912112814
17,145165669,1,127423842,1,792906294,317827973,17,971385163,575594,622797579,61,754492610,99266246,17,63893436,153624,373412815,1071371457,386,61,330563436,9038040,34722,919150108,645535178,0,573568130,386,69,4,2,1600,1550496,6,1,449642453,330563436,34799,34805,34828,749443834,431484053,1010795214
17,145165669,1,127423842,1,792906294,317827973,17,971385163,575594,622797579,61,754492610,99266246,17,63893436,153624,373412815,1071371457,386,61,330563436,9038040,34722,919150108,645535178,0,573568130,386,131,2,3,3700,3815181,9,4,449642453,330563436,34840,34757,34842,862871618,431484053,371194161
17,145165669,1,127423842,8,292608994,956262271,17,801108420,762785,918253410,61,754492610,99266246,17,63893436,153624,373412815,1071371457,386,61,330563436,9038040,34722,919150108,645535178,0,573568130,386,153,5,1,3900,4107285,10,7,449642453,330563436,34827,34756,34842,106211174,407419891,912112814
17,145165669,1,127423842,8,292608994,956262271,17,801108420,762785,918253410,61,754492610,99266246,17,63893436,153624,373412815,1071371457,386,61,330563436,9038040,34722,919150108,645535178,0,573568130,386,69,4,2,1600,1550496,6,1,449642453,330563436,34799,34805,34828,749443834,431484053,1010795214
17,145165669,1,127423842,8,292608994,956262271,17,801108420,762785,918253410,61,754492610,99266246,17,63893436,153624,373412815,1071371457,386,61,330563436,9038040,34722,919150108,645535178,0,573568130,386,131,2,3,3700,3815181,9,4,449642453,330563436,34840,34757,34842,862871618,431484053,371194161
10,185743883,4,261867689,9,895777001,658451645,10,73320802,530237,726765942,41,548472177,102959959,10,589189525,27095,750198692,81122026,416,41,330563436,7136250,34237,527479233,660397547,0,201141309,416,94,6,1,2500,2485225,0,5,449642453,330563436,34251,34297,34261,749443834,86983390,917553782
10,185743883,4,261867689,9,895777001,658451645,10,73320802,530237,726765942,41,548472177,102959959,10,589189525,27095,750198692,81122026,416,41,330563436,7136250,34237,527479233,660397547,0,201141309,416,111,1,2,2200,2224442,10,0,378580043,330563436,34328,34318,34341,785149710,250142940,858117775
10,185743883,4,261867689,9,895777001,658451645,10,73320802,530237,726765942,41,548472177,102959959,10,589189525,27095,750198692,81122026,416,41,330563436,7136250,34237,527479233,660397547,0,201141309,416,175,5,3,2500,2687925,7,1,378580043,330563436,34256,34304,34269,106211174,365042431,953413135
10,185743883,4,261867689,9,895777001,658451645,10,73320802,530237,726765942,55,292749220,212078962,10,611195724,457210,797027742,482627384,417,55,330563436,9198229,34369,1030545334,534253774,0,179208631,417,40,1,1,3900,3666156,1,2,449642453,330563436,34483,34454,34489,106211174,407419891,891746749
10,185743883,4,261867689,9,895777001,658451645,10,73320802,530237,726765942,55,292749220,212078962,10,611195724,457210,797027742,482627384,417,55,330563436,9198229,34369,1030545334,534253774,0,179208631,417,70,7,2,1800,1746125,0,1,378580043,330563436,34420,34432,34448,862871618,944913022,877404547
10,185743883,4,261867689,9,895777001,658451645,10,73320802,530237,726765942,55,292749220,212078962,10,611195724,457210,797027742,482627384,417,55,330563436,9198229,34369,1030545334,534253774,0,179208631,417,45,2,3,4100,3874664,10,1,378580043,330563436,34433,34399,34458,785149710,250142940,903169100
10,185743883,4,261867689,9,895777001,658451645,10,73320802,530237,726765942,55,292749220,212078962,10,611195724,457210,797027742,482627384,417,55,330563436,9198229,34369,1030545334,534253774,0,179208631,417,132,3,4,200,206426,1,3,378580043,330563436,34376,34441,34406,749443834,407419891,33635096
15,962519746,0,265433381,4,829353804,938198330,15,991041614,464108,693080424,95,516470774,709679413,15,640996999,532738,797027742,363255963,418,95,836745293,3312496,34800,483467692,560796557,0,245882820,418,19,3,1,3100,2848931,0,3,146356532,330563436,34853,34866,34874,785149710,944913022,206342090
15,962519746,0,265433381,4,829353804,938198330,15,991041614,464108,693080424,95,516470774,709679413,15,640996999,532738,797027742,363255963,418,95,836745293,3312496,34800,483467692,560796557,0,245882820,418,2,5,2,100,90200,4,7,146356532,777177650,34871,34864,34901,749443834,365042431,137528983
15,962519746,0,265433381,4,829353804,938198330,15,991041614,464108,693080424,95,516470774,709679413,15,640996999,532738,797027742,363255963,418,95,836745293,3312496,34800,483467692,560796557,0,245882820,418,35,1,3,300,280509,4,6,146356532,777177650,34877,34890,34879,785149710,365042431,815266622
10,185743883,4,261867689,9,895777001,658451645,10,73320802,530237,726765942,104,133204033,240401202,10,569591890,-58838,373412815,427642554,423,104,777177650,2698131,35215,382018914,850958981,0,360949057,423,132,3,1,2700,2786751,6,3,146356532,777177650,35295,35276,35298,862871618,407419891,800988300
17,145165669,1,127423842,1,792906294,317827973,17,971385163,575594,622797579,97,135469562,256852182,17,351137718,216448,701940545,611744579,449,97,777177650,4160562,34898,919150108,46236452,0,514198137,449,152,7,1,1200,1262580,2,8,146356532,777177650,35007,34934,35019,862871618,407419891,510458213
17,145165669,1,127423842,1,792906294,317827973,17,971385163,575594,622797579,97,135469562,256852182,17,351137718,216448,701940545,611744579,449,97,777177650,4160562,34898,919150108,46236452,0,514198137,449,109,6,2,400,403640,10,6,146356532,777177650,34997,34954,35022,749443834,944913022,999757183
17,145165669,1,127423842,1,792906294,317827973,17,971385163,575594,622797579,97,135469562,256852182,17,351137718,216448,701940545,611744579,449,97,777177650,4160562,34898,919150108,46236452,0,514198137,449,10,1,3,300,273003,7,8,146356532,777177650,34906,34951,34910,106211174,250142940,197549756
17,145165669,1,127423842,1,792906294,317827973,17,971385163,575594,622797579,97,135469562,256852182,17,351137718,216448,701940545,611744579,449,97,777177650,4160562,34898,919150108,46236452,0,514198137,449,158,3,4,2200,2327930,7,0,146356532,777177650,34926,34944,34950,785149710,944913022,915337199
17,145165669,1,127423842,8,292608994,956262271,17,801108420,762785,918253410,97,135469562,256852182,17,351137718,216448,701940545,611744579,449,97,777177650,4160562,34898,919150108,46236452,0,514198137,449,152,7,1,1200,1262580,2,8,146356532,777177650,35007,34934,35019,862871618,407419891,510458213
17,145165669,1,127423842,8,292608994,956262271,17,801108420,762785,918253410,97,135469562,256852182,17,351137718,216448,701940545,611744579,449,97,777177650,4160562,34898,919150108,46236452,0,514198137,449,109,6,2,400,403640,10,6,146356532,777177650,34997,34954,35022,749443834,944913022,999757183
17,145165669,1,127423842,8,292608994,956262271,17,801108420,762785,918253410,97,135469562,256852182,17,351137718,216448,701940545,611744579,449,97,777177650,4160562,34898,919150108,46236452,0,514198137,449,10,1,3,300,273003,7,8,146356532,777177650,34906,34951,34910,106211174,250142940,197549756
17,145165669,1,127423842,8,292608994,956262271,17,801108420,762785,918253410,97,135469562,256852182,17,351137718,216448,701940545,611744579,449,97,777177650,4160562,34898,919150108,46236452,0,514198137,449,158,3,4,2200,2327930,7,0,146356532,777177650,34926,34944,34950,785149710,944913022,915337199
10,185743883,4,261867689,9,895777001,658451645,10,73320802,530237,726765942,49,58080412,277187647,10,223001803,457393,373412815,529457660,450,49,836745293,15338660,34761,483467692,476037616,0,105774752,450,162,7,1,4200,4461072,3,0,146356532,330563436,34855,34846,34871,862871618,407419891,232799908
10,185743883,4,261867689,9,895777001,658451645,10,73320802,530237,726765942,49,58080412,277187647,10,223001803,457393,373412815,529457660,450,49,836745293,15338660,34761,483467692,476037616,0,105774752,450,107,8,2,500,503550,3,2,449642453,330563436,34789,34823,34800,862871618,86983390,263083515
10,185743883,4,261867689,9,895777001,658451645,10,73320802,530237,726765942,49,58080412,277187647,10,223001803,457393,373412815,529457660,450,49,836745293,15338660,34761,483467692,476037616,0,105774752,450,143,6,3,3200,3338048,6,3,146356532,777177650,34880,34812,34908,862871618,407419891,575396129
10,185743883,4,261867689,9,895777001,658451645,10,73320802,530237,726765942,49,58080412,277187647,10,223001803,457393,373412815,529457660,450,49,836745293,15338660,34761,483467692,476037616,0,105774752,450,57,9,4,4000,3828200,5,3,378580043,330563436,34776,34842,34801,106211174,250142940,771657832
10,185743883,4,261867689,9,895777001,658451645,10,73320802,530237,726765942,49,58080412,277187647,10,223001803,457393,373412815,529457660,450,49,836745293,15338660,34761,483467692,476037616,0,105774752,450,79,10,5,200,195814,9,0,449642453,330563436,34767,34838,34772,785149710,365042431,974510183
10,185743883,4,261867689,9,895777001,658451645,10,73320802,530237,726765942,49,58080412,277187647,10,223001803,457393,373412815,529457660,450,49,836745293,15338660,34761,483467692,476037616,0,105774752,450,153,1,6,3300,3475394,8,5,378580043,330563436,34835,34839,34840,862871618,1001693018,939178965
17,145165669,1,127423842,1,792906294,317827973,17,971385163,575594,622797579,61,754492610,99266246,17,63893436,153624,373412815,1071371457,452,61,777177650,200748,35715,382018914,715120063,0,338462273,452,115,6,1,200,203022,4,3,146356532,777177650,35788,35796,35805,785149710,944913022,753209852
17,145165669,1,127423842,8,292608994,956262271,17,801108420,762785,918253410,61,754492610,99266246,17,63893436,153624,373412815,1071371457,452,61,777177650,200748,35715,382018914,715120063,0,338462273,452,115,6,1,200,203022,4,3,146356532,777177650,35788,35796,35805,785149710,944913022,753209852
10,185743883,4,261867689,9,895777001,658451645,10,73320802,530237,726765942,49,58080412,277187647,10,223001803,457393,373412815,529457660,454,49,777177650,2319824,35058,527479233,662066157,0,968068147,454,118,8,1,2400,2443464,6,1,146356532,777177650,35179,35145,35203,106211174,86983390,253771950
23,536896580,3,94114815,7,11315813,791810943,23,1051077640,682035,798884201,31,855445084,1027402851,23,969728011,523689,750198692,449809331,481,31,330563436,11782718,33883,919150108,785892703,0,43524464,481,19,9,1,1700,1562317,7,5,449642453,330563436,33896,33945,33925,749443834,431484053,292464967
23,536896580,3,94114815,7,11315813,791810943,23,1051077640,682035,798884201,31,855445084,1027402851,23,969728011,523689,750198692,449809331,481,31,330563436,11782718,33883,919150108,785892703,0,43524464,481,21,2,2,1900,1749938,8,1,378580043,330563436,33976,33933,33981,862871618,365042431,497038195
23,536896580,3,94114815,7,11315813,791810943,23,1051077640,682035,798884201,31,855445084,1027402851,23,969728011,523689,750198692,449809331,481,31,330563436,11782718,33883,919150108,785892703,0,43524464,481,186,7,3,4200,4561956,8,8,449642453,330563436,33933,33917,33944,785149710,250142940,231079886
23,536896580,3,94114815,7,11315813,791810943,23,1051077640,682035,798884201,31,855445084,1027402851,23,969728011,523689,750198692,449809331,481,31,330563436,11782718,33883,919150108,785892703,0,43524464,481,82,3,4,1100,1080288,5,6,449642453,330563436,33979,33923,34003,106211174,944913022,239038976
23,536896580,3,94114815,7,11315813,791810943,23,1051077640,682035,798884201,31,855445084,1027402851,23,969728011,523689,750198692,449809331,481,31,330563436,11782718,33883,919150108,785892703,0,43524464,481,112,9,5,3100,3137541,5,1,449642453,330563436,33982,33967,33988,749443834,365042431,857809430
17,145165669,1,127423842,1,792906294,317827973,17,971385163,575594,622797579,35,838315206,970339776,17,936827836,122824,750198692,831183110,483,35,777177650,3979305,34889,919150108,893997646,0,489367910,483,33,9,1,800,746424,0,8,146356532,777177650,34931,34932,34958,785149710,250142940,120797130
17,145165669,1,127423842,1,792906294,317827973,17,971385163,575594,622797579,35,838315206,970339776,17,936827836,122824,750198692,831183110,483,35,777177650,3979305,34889,919150108,893997646,0,489367910,483,80,1,2,2300,2254184,4,6,146356532,777177650,34898,34920,34913,749443834,431484053,125488319
17,145165669,1,127423842,1,792906294,317827973,17,971385163,575594,622797579,35,838315206,970339776,17,936827836,122824,750198692,831183110,483,35,777177650,3979305,34889,919150108,893997646,0,489367910,483,88,9,3,900,889271,4,3,146356532,777177650,34950,34942,34953,106211174,365042431,905209854
17,145165669,1,127423842,8,292608994,956262271,17,801108420,762785,918253410,35,838315206,970339776,17,936827836,122824,750198692,831183110,483,35,777177650,3979305,34889,919150108,893997646,0,489367910,483,33,9,1,800,746424,0,8,146356532,777177650,34931,34932,34958,785149710,250142940,120797130
17,145165669,1,127423842,8,292608994,956262271,17,801108420,762785,918253410,35,838315206,970339776,17,936827836,122824,750198692,831183110,483,35,777177650,3979305,34889,919150108,893997646,0,489367910,483,80,1,2,2300,2254184,4,6,146356532,777177650,34898,34920,34913,749443834,431484053,125488319
17,145165669,1,127423842,8,292608994,956262271,17,801108420,762785,918253410,35,838315206,970339776,17,936827836,122824,750198692,831183110,483,35,777177650,3979305,34889,919150108,893997646,0,489367910,483,88,9,3,900,889271,4,3,146356532,777177650,34950,34942,34953,106211174,365042431,905209854
10,185743883,4,261867689,9,895777001,658451645,10,73320802,530237,726765942,55,292749220,212078962,10,611195724,457210,797027742,482627384,484,55,777177650,21992062,35431,1030545334,210584776,0,549193804,484,31,2,1,4900,4562047,10,2,146356532,777177650,35493,35487,35510,785149710,86983390,541946301
10,185743883,4,261867689,9,895777001,658451645,10,73320802,530237,726765942,55,292749220,212078962,10,611195724,457210,797027742,482627384,484,55,777177650,21992062,35431,1030545334,210584776,0,549193804,484,32,8,2,4500,4194135,6,7,146356532,777177650,35527,35507,35537,749443834,86983390,254103620
10,185743883,4,261867689,9,895777001,658451645,10,73320802,530237,726765942,55,292749220,212078962,10,611195724,457210,797027742,482627384,484,55,777177650,21992062,35431,1030545334,210584776,0,549193804,484,184,5,3,5000,5420900,6,5,146356532,777177650,35452,35514,35481,749443834,431484053,189064324
10,185743883,4,261867689,9,895777001,658451645,10,73320802,530237,726765942,55,292749220,212078962,10,611195724,457210,797027742,482627384,484,55,777177650,21992062,35431,1030545334,210584776,0,549193804,484,165,6,4,2200,2343352,7,3,146356532,777177650,35547,35513,35565,862871618,407419891,905327935
10,185743883,4,261867689,9,895777001,658451645,10,73320802,530237,726765942,55,292749220,212078962,10,611195724,457210,797027742,482627384,484,55,777177650,21992062,35431,1030545334,210584776,0,549193804,484,77,6,5,4800,4689936,0,5,146356532,777177650,35492,35467,35509,862871618,431484053,133301213
10,185743883,4,261867689,9,895777001,658451645,10,73320802,530237,726765942,55,292749220,212078962,10,611195724,457210,797027742,482627384,484,55,777177650,21992062,35431,1030545334,210584776,0,549193804,484,97,9,6,1000,997090,1,8,146356532,777177650,35524,35473,35534,785149710,944913022,1071345462
11,319240162,4,108891028,5,64952534,366176741,11,103869805,-28383,275262022,52,749902188,199806749,11,982273298,563028,750198692,628614943,486,52,777177650,18596815,35133,483467692,167445592,0,623366173,486,76,7,1,3600,3513851,0,1,146356532,777177650,35239,35189,35251,785149710,365042431,875632248
11,319240162,4,108891028,5,64952534,366176741,11,103869805,-28383,275262022,52,749902188,199806749,11,982273298,563028,750198692,628614943,486,52,777177650,18596815,35133,483467692,167445592,0,623366173,486,68,9,2,4000,3872240,3,8,146356532,777177650,35204,35220,35221,785149710,407419891,273537835
11,319240162,4,108891028,5,64952534,366176741,11,103869805,-28383,275262022,52,749902188,199806749,11,982273298,563028,750198692,628614943,486,52,777177650,18596815,35133,483467692,167445592,0,623366173,486,136,2,3,2600,2693938,4,3,146356532,777177650,35138,35208,35153,106211174,250142940,122879893
11,319240162,4,108891028,5,64952534,366176741,11,103869805,-28383,275262022,52,749902188,199806749,11,982273298,563028,750198692,628614943,486,52,777177650,18596815,35133,483467692,167445592,0,623366173,486,72,1,4,3800,3693866,8,5,146356532,777177650,35190,35179,35209,862871618,86983390,420024082
11,319240162,4,108891028,5,64952534,366176741,11,103869805,-28383,275262022,52,749902188,199806749,11,982273298,563028,750198692,628614943,486,52,777177650,18596815,35133,483467692,167445592,0,623366173,486,29,2,5,300,278706,7,5,146356532,777177650,35251,35173,35267,749443834,250142940,194687798
11,319240162,4,108891028,5,64952534,366176741,11,103869805,-28383,275262022,52,749902188,199806749,11,982273298,563028,750198692,628614943,486,52,777177650,18596815,35133,483467692,167445592,0,623366173,486,47,4,6,4600,4356384,0,3,146356532,777177650,35171,35185,35173,785149710,365042431,475326884
17,145165669,1,127423842,1,792906294,317827973,17,971385163,575594,622797579,61,754492610,99266246,17,63893436,153624,373412815,1071371457,513,61,777177650,6370392,34818,919150108,960245413,0,827794926,513,62,7,1,2000,1924120,9,7,146356532,777177650,34890,34848,34909,106211174,365042431,988842528
17,145165669,1,127423842,1,792906294,317827973,17,971385163,575594,622797579,61,754492610,99266246,17,63893436,153624,373412815,1071371457,513,61,777177650,6370392,34818,919150108,960245413,0,827794926,513,122,5,2,4400,4497328,1,1,146356532,777177650,34892,34892,34921,106211174,431484053,1054896221
17,145165669,1,127423842,8,292608994,956262271,17,801108420,762785,918253410,61,754492610,99266246,17,63893436,153624,373412815,1071371457,513,61,777177650,6370392,34818,919150108,960245413,0,827794926,513,62,7,1,2000,1924120,9,7,146356532,777177650,34890,34848,34909,106211174,365042431,988842528
17,145165669,1,127423842,8,292608994,956262271,17,801108420,762785,918253410,61,754492610,99266246,17,63893436,153624,373412815,1071371457,513,61,777177650,6370392,34818,919150108,960245413,0,827794926,513,122,5,2,4400,4497328,1,1,146356532,777177650,34892,34892,34921,106211174,431484053,1054896221
5,529057841,0,890382161,2,549623314,849027485,5,58126162,403268,958596215,10,798437489,808791061,5,205635831,275354,750198692,908197369,517,10,777177650,8219778,35525,527479233,429931095,0,1073468585,517,45,6,1,2800,2646112,3,2,146356532,777177650,35548,35566,35565,785149710,431484053,628736212
5,529057841,0,890382161,2,549623314,849027485,5,58126162,403268,958596215,10,798437489,808791061,5,205635831,275354,750198692,908197369,517,10,777177650,8219778,35525,527479233,429931095,0,1073468585,517,156,4,2,1500,1584225,2,0,146356532,777177650,35527,35605,35549,106211174,86983390,949952421
5,529057841,0,890382161,2,549623314,849027485,5,58126162,403268,958596215,10,798437489,808791061,5,205635831,275354,750198692,908197369,517,10,777177650,8219778,35525,527479233,429931095,0,1073468585,517,41,8,3,900,846936,4,0,146356532,777177650,35551,35595,35572,785149710,407419891,830096144
5,529057841,0,890382161,2,549623314,849027485,5,58126162,403268,958596215,10,798437489,808791061,5,205635831,275354,750198692,908197369,517,10,777177650,8219778,35525,527479233,429931095,0,1073468585,517,133,4,4,1100,1136443,6,2,146356532,777177650,35599,35580,35606,106211174,1001693018,895088172
5,529057841,0,890382161,2,549623314,849027485,5,58126162,403268,958596215,10,798437489,808791061,5,205635831,275354,750198692,908197369,517,10,777177650,8219778,35525,527479233,429931095,0,1073468585,517,24,3,5,2300,2125246,0,1,146356532,777177650,35537,35555,35560,785149710,250142940,55937635
10,185743883,4,261867689,9,895777001,658451645,10,73320802,530237,726765942,110,244010384,14769951,10,551032061,746299,701940545,942200752,549,110,330563436,14167941,33796,382018914,558101883,0,686462403,549,196,9,1,1800,1973141,7,4,378580043,330563436,33894,33826,33919,785149710,1001693018,72528551
10,185743883,4,261867689,9,895777001,658451645,10,73320802,530237,726765942,110,244010384,14769951,10,551032061,746299,701940545,942200752,549,110,330563436,14167941,33796,382018914,558101883,0,686462403,549,189,10,2,3800,4138883,7,5,449642453,330563436,33831,33842,33850,785149710,250142940,588101694
10,185743883,4,261867689,9,895777001,658451645,10,73320802,530237,726765942,110,244010384,14769951,10,551032061,746299,701940545,942200752,549,110,330563436,14167941,33796,382018914,558101883,0,686462403,549,66,7,3,3600,3477816,8,4,378580043,330563436,33856,33886,33857,749443834,365042431,247612937
10,185743883,4,261867689,9,895777001,658451645,10,73320802,530237,726765942,110,244010384,14769951,10,551032061,746299,701940545,942200752,549,110,330563436,14167941,33796,382018914,558101883,0,686462403,549,21,4,4,1800,1657836,9,1,449642453,330563436,33814,33856,33822,106211174,250142940,588521486
10,185743883,4,261867689,9,895777001,658451645,10,73320802,530237,726765942,110,244010384,14769951,10,551032061,746299,701940545,942200752,549,110,330563436,14167941,33796,382018914,558101883,0,686462403,549,24,7,5,3800,3511276,6,2,378580043,330563436,33837,33826,33839,785149710,1001693018,726505431
23,536896580,3,94114815,7,11315813,791810943,23,1051077640,682035,798884201,31,855445084,1027402851,23,969728011,523689,750198692,449809331,576,31,777177650,1830745,35561,1030545334,780887738,0,511440967,576,87,8,1,200,197416,7,1,146356532,777177650,35563,35609,35576,106211174,250142940,833707199
23,536896580,3,94114815,7,11315813,791810943,23,1051077640,682035,798884201,31,855445084,1027402851,23,969728011,523689,750198692,449809331,576,31,777177650,1830745,35561,1030545334,780887738,0,511440967,576,34,5,2,600,560418,6,5,146356532,777177650,35563,35635,35582,749443834,86983390,395728585
23,536896580,3,94114815,7,11315813,791810943,23,1051077640,682035,798884201,31,855445084,1027402851,23,969728011,523689,750198692,449809331,576,31,777177650,1830745,35561,1030545334,780887738,0,511440967,576,37,3,3,600,562218,8,7,146356532,777177650,35668,35595,35696,749443834,944913022,983272033
23,536896580,3,94114815,7,11315813,791810943,23,1051077640,682035,798884201,31,855445084,1027402851,23,969728011,523689,750198692,449809331,576,31,777177650,1830745,35561,1030545334,780887738,0,511440967,576,138,9,4,500,519064,3,7,146356532,777177650,35590,35596,35614,106211174,1001693018,691303552
10,185743883,4,261867689,9,895777001,658451645,10,73320802,530237,726765942,56,1002271304,628821590,10,666136321,653086,373412815,658726857,577,56,330563436,3476868,34685,527479233,1064137039,0,750840432,577,26,5,1,2500,2315050,6,1,449642453,330563436,34796,34748,34826,862871618,365042431,509403043
10,185743883,4,261867689,9,895777001,658451645,10,73320802,530237,726765942,56,1002271304,628821590,10,666136321,653086,373412815,658726857,577,56,330563436,3476868,34685,527479233,1064137039,0,750840432,577,64,1,2,1400,1349684,8,3,378580043,330563436,34775,34753,34796,749443834,250142940,253331888
17,145165669,1,127423842,1,792906294,317827973,17,971385163,575594,622797579,61,754492610,99266246,17,63893436,153624,373412815,1071371457,580,61,777177650,8821912,35614,919150108,763437330,0,861707718,580,85,6,1,3300,3250764,3,5,146356532,777177650,35712,35690,35717,862871618,944913022,493021566
17,145165669,1,127423842,1,792906294,317827973,17,971385163,575594,622797579,61,754492610,99266246,17,63893436,153624,373412815,1071371457,580,61,777177650,8821912,35614,919150108,763437330,0,861707718,580,174,5,2,3100,3329926,4,8,146356532,777177650,35705,35679,35716,785149710,944913022,583114146
17,145165669,1,127423842,1,792906294,317827973,17,971385163,575594,622797579,61,754492610,99266246,17,63893436,153624,373412815,1071371457,580,61,777177650,8821912,35614,919150108,763437330,0,861707718,580,185,6,3,1900,2061841,4,4,146356532,777177650,35632,35692,35655,106211174,944913022,436717645
17,145165669,1,127423842,8,292608994,956262271,17,801108420,762785,918253410,61,754492610,99266246,17,63893436,153624,373412815,1071371457,580,61,777177650,8821912,35614,919150108,763437330,0,861707718,580,85,6,1,3300,3250764,3,5,146356532,777177650,35712,35690,35717,862871618,944913022,493021566
17,145165669,1,127423842,8,292608994,956262271,17,801108420,762785,918253410,61,754492610,99266246,17,63893436,153624,373412815,1071371457,580,61,777177650,8821912,35614,919150108,763437330,0,861707718,580,174,5,2,3100,3329926,4,8,146356532,777177650,35705,35679,35716,785149710,944913022,583114146
17,145165669,1,127423842,8,292608994,956262271,17,801108420,762785,918253410,61,754492610,99266246,17,63893436,153624,373412815,1071371457,580,61,777177650,8821912,35614,919150108,763437330,0,861707718,580,185,6,3,1900,2061841,4,4,146356532,777177650,35632,35692,35655,106211174,944913022,436717645
10,185743883,4,261867689,9,895777001,658451645,10,73320802,530237,726765942,49,58080412,277187647,10,223001803,457393,373412815,529457660,583,49,777177650,12781738,35506,1030545334,147193070,0,73522247,583,145,6,1,100,104514,7,7,146356532,777177650,35596,35547,35607,106211174,86983390,234116426
10,185743883,4,261867689,9,895777001,658451645,10,73320802,530237,726765942,49,58080412,277187647,10,223001803,457393,373412815,529457660,583,49,777177650,12781738,35506,1030545334,147193070,0,73522247,583,120,4,2,4700,4794564,10,6,146356532,777177650,35623,35560,35651,749443834,365042431,583730693
10,185743883,4,261867689,9,895777001,658451645,10,73320802,530237,726765942,49,58080412,277187647,10,223001803,457393,373412815,529457660,583,49,777177650,12781738,35506,1030545334,147193070,0,73522247,583,130,5,3,3400,3502442,1,2,146356532,777177650,35559,35542,35582,749443834,431484053,827413368
10,185743883,4,261867689,9,895777001,658451645,10,73320802,530237,726765942,49,58080412,277187647,10,223001803,457393,373412815,529457660,583,49,777177650,12781738,35506,1030545334,147193070,0,73522247,583,142,1,4,3300,3439062,10,1,146356532,777177650,35576,35543,35603,106211174,365042431,788942164
10,185743883,4,261867689,9,895777001,658451645,10,73320802,530237,726765942,49,58080412,277187647,10,223001803,457393,373412815,529457660,583,49,777177650,12781738,35506,1030545334,147193070,0,73522247,583,189,10,5,1300,1415934,4,6,146356532,777177650,35602,35577,35617,785149710,86983390,423082215
11,319240162,4,108891028,5,64952534,366176741,11,103869805,-28383,275262022,52,749902188,199806749,11,982273298,563028,750198692,628614943,610,52,777177650,17514228,34911,382018914,657368492,0,891014611,610,111,8,1,4900,4954439,10,7,146356532,777177650,34938,34996,34952,862871618,407419891,844691637
11,319240162,4,108891028,5,64952534,366176741,11,103869805,-28383,275262022,52,749902188,199806749,11,982273298,563028,750198692,628614943,610,52,777177650,17514228,34911,382018914,657368492,0,891014611,610,68,3,2,1100,1064866,7,8,146356532,777177650,35001,34995,35019,106211174,431484053,182189114
11,319240162,4,108891028,5,64952534,366176741,11,103869805,-28383,275262022,52,749902188,199806749,11,982273298,563028,750198692,628614943,610,52,777177650,17514228,34911,382018914,657368492,0,891014611,610,118,9,3,2600,2647086,9,4,146356532,777177650,35023,34949,35035,862871618,365042431,455950997
11,319240162,4,108891028,5,64952534,366176741,11,103869805,-28383,275262022,52,749902188,199806749,11,982273298,563028,750198692,628614943,610,52,777177650,17514228,34911,382018914,657368492,0,891014611,610,186,7,4,1700,1846506,3,3,146356532,777177650,35002,35000,35005,785149710,944913022,550078549
11,319240162,4,108891028,5,64952534,366176741,11,103869805,-28383,275262022,52,749902188,199806749,11,982273298,563028,750198692,628614943,610,52,777177650,17514228,34911,382018914,657368492,0,891014611,610,146,7,5,3900,4079946,8,5,146356532,777177650,35000,34991,35012,862871618,1001693018,712104102
11,319240162,4,108891028,5,64952534,366176741,11,103869805,-28383,275262022,52,749902188,199806749,11,982273298,563028,750198692,628614943,610,52,777177650,17514228,34911,382018914,657368492,0,891014611,610,95,7,6,500,497545,0,7,146356532,777177650,34920,34992,34935,862871618,944913022,662000155
11,319240162,4,108891028,5,64952534,366176741,11,103869805,-28383,275262022,52,749902188,199806749,11,982273298,563028,750198692,628614943,610,52,777177650,17514228,34911,382018914,657368492,0,891014611,610,190,1,7,2700,2943513,6,3,146356532,777177650,34942,34959,34955,106211174,1001693018,766358571
1,559044011,1,1004765669,3,458785,31140224,1,73682198,419239,154263564,106,864562228,957626520,1,147772690,328842,797027742,268933212,611,106,330563436,7390763,33994,382018914,293169817,0,1059770269,611,17,7,1,3900,3576339,5,6,378580043,330563436,34093,34066,34109,862871618,407419891,704857845
1,559044011,1,1004765669,3,458785,31140224,1,73682198,419239,154263564,106,864562228,957626520,1,147772690,328842,797027742,268933212,611,106,330563436,7390763,33994,382018914,293169817,0,1059770269,611,81,2,2,100,98108,8,7,378580043,330563436,34104,34024,34133,749443834,431484053,281187865
1,559044011,1,1004765669,3,458785,31140224,1,73682198,419239,154263564,106,864562228,957626520,1,147772690,328842,797027742,268933212,611,106,330563436,7390763,33994,382018914,293169817,0,1059770269,611,120,4,3,3900,3978468,9,2,449642453,330563436,34036,34036,34043,862871618,86983390,707162701
11,319240162,4,108891028,5,64952534,366176741,11,103869805,-28383,275262022,134,987180522,314377204,11,814495129,460889,1028181460,724055480,614,134,330563436,21811621,33937,919150108,6413421,0,236155448,614,195,8,1,2100,2299899,0,3,378580043,330563436,34055,33973,34073,862871618,86983390,427412440
11,319240162,4,108891028,5,64952534,366176741,11,103869805,-28383,275262022,134,987180522,314377204,11,814495129,460889,1028181460,724055480,614,134,330563436,21811621,33937,919150108,6413421,0,236155448,614,187,8,2,4800,5218464,7,7,449642453,330563436,34035,33986,34045,749443834,407419891,994306281
11,319240162,4,108891028,5,64952534,366176741,11,103869805,-28383,275262022,134,987180522,314377204,11,814495129,460889,1028181460,724055480,614,134,330563436,21811621,33937,919150108,6413421,0,236155448,614,167,2,3,4300,4588788,5,0,449642453,330563436,34033,34020,34044,749443834,407419891,190528146
11,319240162,4,108891028,5,64952534,366176741,11,103869805,-28383,275262022,134,987180522,314377204,11,814495129,460889,1028181460,724055480,614,134,330563436,21811621,33937,919150108,6413421,0,236155448,614,147,6,4,1400,1465996,4,6,449642453,330563436,33939,34012,33963,749443834,407419891,397300127
11,319240162,4,108891028,5,64952534,366176741,11,103869805,-28383,275262022,134,987180522,314377204,11,814495129,460889,1028181460,724055480,614,134,330563436,21811621,33937,919150108,6413421,0,236155448,614,196,8,5,3000,3288569,8,7,378580043,330563436,33983,34006,34010,862871618,944913022,883708773
11,319240162,4,108891028,5,64952534,366176741,11,103869805,-28383,275262022,134,987180522,314377204,11,814495129,460889,1028181460,724055480,614,134,330563436,21811621,33937,919150108,6413421,0,236155448,614,137,8,6,4800,4978224,4,8,449642453,330563436,33950,33989,33978,106211174,86983390,68270023
17,145165669,1,127423842,1,792906294,317827973,17,971385163,575594,622797579,97,135469562,256852182,17,351137718,216448,701940545,611744579,640,97,330563436,14549562,33990,919150108,733807844,0,724147247,640,93,7,1,4900,4866141,9,2,378580043,330563436,34053,34074,34072,106211174,250142940,939002468
17,145165669,1,127423842,1,792906294,317827973,17,971385163,575594,622797579,97,135469562,256852182,17,351137718,216448,701940545,611744579,640,97,330563436,14549562,33990,919150108,733807844,0,724147247,640,1,4,2,4000,3604000,9,5,449642453,330563436,34098,34068,34102,785149710,86983390,46517162
17,145165669,1,127423842,1,792906294,317827973,17,971385163,575594,622797579,97,135469562,256852182,17,351137718,216448,701940545,611744579,640,97,330563436,14549562,33990,919150108,733807844,0,724147247,640,180,8,3,2200,2376396,5,7,449642453,330563436,34094,34071,34108,862871618,86983390,625838598
17,145165669,1,127423842,1,792906294,317827973,17,971385163,575594,622797579,97,135469562,256852182,17,351137718,216448,701940545,611744579,640,97,330563436,14549562,33990,919150108,733807844,0,724147247,640,32,3,4,4500,4194135,7,7,378580043,330563436,34072,34080,34078,749443834,1001693018,451814791
17,145165669,1,127423842,8,292608994,956262271,17,801108420,762785,918253410,97,135469562,256852182,17,351137718,216448,701940545,611744579,640,97,330563436,14549562,33990,919150108,733807844,0,724147247,640,93,7,1,4900,4866141,9,2,378580043,330563436,34053,34074,34072,106211174,250142940,939002468
17,145165669,1,127423842,8,292608994,956262271,17,801108420,762785,918253410,97,135469562,256852182,17,351137718,216448,701940545,611744579,640,97,330563436,14549562,33990,919150108,733807844,0,724147247,640,1,4,2,4000,3604000,9,5,449642453,330563436,34098,34068,34102,785149710,86983390,46517162
17,145165669,1,127423842,8,292608994,956262271,17,801108420,762785,918253410,97,135469562,256852182,17,351137718,216448,701940545,611744579,640,97,330563436,14549562,33990,919150108,733807844,0,724147247,640,180,8,3,2200,2376396,5,7,449642453,330563436,34094,34071,34108,862871618,86983390,625838598
17,145165669,1,127423842,8,292608994,956262271,17,801108420,762785,918253410,97,135469562,256852182,17,351137718,216448,701940545,611744579,640,97,330563436,14549562,33990,919150108,733807844,0,724147247,640,32,3,4,4500,4194135,7,7,378580043,330563436,34072,34080,34078,749443834,1001693018,451814791
17,145165669,1,127423842,1,792906294,317827973,17,971385163,575594,622797579,133,727108991,150278347,17,63836414,231467,701940545,136299243,641,133,330563436,12062649,34209,527479233,550533009,0,488142459,641,126,9,1,1800,1847016,1,8,378580043,330563436,34257,34251,34269,749443834,365042431,722333873
17,145165669,1,127423842,1,792906294,317827973,17,971385163,575594,622797579,133,727108991,150278347,17,63836414,231467,701940545,136299243,641,133,330563436,12062649,34209,527479233,550533009,0,488142459,641,100,2,2,100,100010,9,2,378580043,330563436,34304,34268,34327,862871618,250142940,962836275
17,145165669,1,127423842,1,792906294,317827973,17,971385163,575594,622797579,133,727108991,150278347,17,63836414,231467,701940545,136299243,641,133,330563436,12062649,34209,527479233,550533009,0,488142459,641,95,7,3,4000,3980360,5,6,378580043,330563436,34293,34260,34312,749443834,1001693018,565943915
17,145165669,1,127423842,1,792906294,317827973,17,971385163,575594,622797579,133,727108991,150278347,17,63836414,231467,701940545,136299243,641,133,330563436,12062649,34209,527479233,550533009,0,488142459,641,71,10,4,2500,2427675,3,2,449642453,330563436,34305,34289,34319,862871618,944913022,54683167
17,145165669,1,127423842,1,792906294,317827973,17,971385163,575594,622797579,133,727108991,150278347,17,63836414,231467,701940545,136299243,641,133,330563436,12062649,34209,527479233,550533009,0,488142459,641,4,9,5,4100,3706400,7,4,378580043,330563436,34300,34267,34305,862871618,944913022,216254935
17,145165669,1,127423842,8,292608994,956262271,17,801108420,762785,918253410,133,727108991,150278347,17,63836414,231467,701940545,136299243,641,133,330563436,12062649,34209,527479233,550533009,0,488142459,641,126,9,1,1800,1847016,1,8,378580043,330563436,34257,34251,34269,749443834,365042431,722333873
17,145165669,1,127423842,8,292608994,956262271,17,801108420,762785,918253410,133,727108991,150278347,17,63836414,231467,701940545,136299243,641,133,330563436,12062649,34209,527479233,550533009,0,488142459,641,100,2,2,100,100010,9,2,378580043,330563436,34304,34268,34327,862871618,250142940,962836275
17,145165669,1,127423842,8,292608994,956262271,17,801108420,762785,918253410,133,727108991,150278347,17,63836414,231467,701940545,136299243,641,133,330563436,12062649,34209,527479233,550533009,0,488142459,641,95,7,3,4000,3980360,5,6,378580043,330563436,34293,34260,34312,749443834,1001693018,565943915
17,145165669,1,127423842,8,292608994,956262271,17,801108420,762785,918253410,133,727108991,150278347,17,63836414,231467,701940545,136299243,641,133,330563436,12062649,34209,527479233,550533009,0,488142459,641,71,10,4,2500,2427675,3,2,449642453,330563436,34305,34289,34319,862871618,944913022,54683167
17,145165669,1,127423842,8,292608994,956262271,17,801108420,762785,918253410,133,727108991,150278347,17,63836414,231467,701940545,136299243,641,133,330563436,12062649,34209,527479233,550533009,0,488142459,641,4,9,5,4100,3706400,7,4,378580043,330563436,34300,34267,34305,862871618,944913022,216254935
17,145165669,1,127423842,1,792906294,317827973,17,971385163,575594,622797579,8,922454654,11853917,17,342305859,681974,1028181460,844824201,644,8,330563436,20126806,33723,382018914,829866435,0,663166472,644,134,10,1,4600,4756998,2,1,449642453,330563436,33742,33767,33767,749443834,250142940,197485910
17,145165669,1,127423842,1,792906294,317827973,17,971385163,575594,622797579,8,922454654,11853917,17,342305859,681974,1028181460,844824201,644,8,330563436,20126806,33723,382018914,829866435,0,663166472,644,130,3,2,1100,1133143,5,2,449642453,330563436,33834,33804,33856,862871618,86983390,347962567
17,145165669,1,127423842,1,792906294,317827973,17,971385163,575594,622797579,8,922454654,11853917,17,342305859,681974,1028181460,844824201,644,8,330563436,20126806,33723,382018914,829866435,0,663166472,644,101,6,3,4400,4404840,4,4,378580043,330563436,33831,33809,33834,785149710,1001693018,1024305240
17,145165669,1,127423842,1,792906294,317827973,17,971385163,575594,622797579,8,922454654,11853917,17,342305859,681974,1028181460,844824201,644,8,330563436,20126806,33723,382018914,829866435,0,663166472,644,80,8,4,700,686056,1,2,449642453,330563436,33740,33784,33760,785149710,250142940,801022215
17,145165669,1,127423842,1,792906294,317827973,17,971385163,575594,622797579,8,922454654,11853917,17,342305859,681974,1028181460,844824201,644,8,330563436,20126806,33723,382018914,829866435,0,663166472,644,50,1,5,2300,2185115,2,4,378580043,330563436,33814,33811,33827,749443834,86983390,605357647
17,145165669,1,127423842,1,792906294,317827973,17,971385163,575594,622797579,8,922454654,11853917,17,342305859,681974,1028181460,844824201,644,8,330563436,20126806,33723,382018914,829866435,0,663166472,644,85,6,6,3300,3250764,0,7,378580043,330563436,33840,33810,33842,106211174,365042431,477057320
17,145165669,1,127423842,1,792906294,317827973,17,971385163,575594,622797579,8,922454654,11853917,17,342305859,681974,1028181460,844824201,644,8,330563436,20126806,33723,382018914,829866435,0,663166472,644,51,9,7,3800,3613990,8,6,378580043,330563436,33739,33793,33759,862871618,431484053,416218150
17,145165669,1,127423842,8,292608994,956262271,17,801108420,762785,918253410,8,922454654,11853917,17,342305859,681974,1028181460,844824201,644,8,330563436,20126806,33723,382018914,829866435,0,663166472,644,134,10,1,4600,4756998,2,1,449642453,330563436,33742,33767,33767,749443834,250142940,197485910
17,145165669,1,127423842,8,292608994,956262271,17,801108420,762785,918253410,8,922454654,11853917,17,342305859,681974,1028181460,844824201,644,8,330563436,20126806,33723,382018914,829866435,0,663166472,644,130,3,2,1100,1133143,5,2,449642453,330563436,33834,33804,33856,862871618,86983390,347962567
17,145165669,1,127423842,8,292608994,956262271,17,801108420,762785,918253410,8,922454654,11853917,17,342305859,681974,1028181460,844824201,644,8,330563436,20126806,33723,382018914,829866435,0,663166472,644,101,6,3,4400,4404840,4,4,378580043,330563436,33831,33809,33834,785149710,1001693018,1024305240
17,145165669,1,127423842,8,292608994,956262271,17,801108420,762785,918253410,8,922454654,11853917,17,342305859,681974,1028181460,844824201,644,8,330563436,20126806,33723,382018914,829866435,0,663166472,644,80,8,4,700,686056,1,2,449642453,330563436,33740,33784,33760,785149710,250142940,801022215
17,145165669,1,127423842,8,292608994,956262271,17,801108420,762785,918253410,8,922454654,11853917,17,342305859,681974,1028181460,844824201,644,8,330563436,20126806,33723,382018914,829866435,0,663166472,644,50,1,5,2300,2185115,2,4,378580043,330563436,33814,33811,33827,749443834,86983390,605357647
17,145165669,1,127423842,8,292608994,956262271,17,801108420,762785,918253410,8,922454654,11853917,17,342305859,681974,1028181460,844824201,644,8,330563436,20126806,33723,382018914,829866435,0,663166472,644,85,6,6,3300,3250764,0,7,378580043,330563436,33840,33810,33842,106211174,365042431,477057320
17,145165669,1,127423842,8,292608994,956262271,17,801108420,762785,918253410,8,922454654,11853917,17,342305859,681974,1028181460,844824201,644,8,330563436,20126806,33723,382018914,829866435,0,663166472,644,51,9,7,3800,3613990,8,6,378580043,330563436,33739,33793,33759,862871618,431484053,416218150
11,319240162,4,108891028,5,64952534,366176741,11,103869805,-28383,275262022,52,749902188,199806749,11,982273298,563028,750198692,628614943,646,52,330563436,14207065,34658,919150108,778947825,0,431186114,646,109,6,1,3100,3128210,0,5,378580043,330563436,34683,34744,34701,785149710,431484053,948437303
11,319240162,4,108891028,5,64952534,366176741,11,103869805,-28383,275262022,52,749902188,199806749,11,982273298,563028,750198692,628614943,646,52,330563436,14207065,34658,919150108,778947825,0,431186114,646,127,8,2,100,102711,7,1,449642453,330563436,34671,34704,34697,862871618,431484053,48183708
11,319240162,4,108891028,5,64952534,366176741,11,103869805,-28383,275262022,52,749902188,199806749,11,982273298,563028,750198692,628614943,646,52,330563436,14207065,34658,919150108,778947825,0,431186114,646,30,9,3,2400,2232072,6,2,449642453,330563436,34748,34696,34772,862871618,86983390,782076260
11,319240162,4,108891028,5,64952534,366176741,11,103869805,-28383,275262022,52,749902188,199806749,11,982273298,563028,750198692,628614943,646,52,330563436,14207065,34658,919150108,778947825,0,431186114,646,99,2,4,3400,3396906,1,0,378580043,330563436,34694,34693,34697,785149710,407419891,406922394
11,319240162,4,108891028,5,64952534,366176741,11,103869805,-28383,275262022,52,749902188,199806749,11,982273298,563028,750198692,628614943,646,52,330563436,14207065,34658,919150108,778947825,0,431186114,646,90,1,5,1700,1683153,4,1,449642453,330563436,34697,34692,34698,749443834,1001693018,677552041
11,319240162,4,108891028,5,64952534,366176741,11,103869805,-28383,275262022,52,749902188,199806749,11,982273298,563028,750198692,628614943,646,52,330563436,14207065,34658,919150108,778947825,0,431186114,646,115,2,6,4000,4060440,10,1,378580043,330563436,34698,34710,34708,785149710,86983390,822023890
15,962519746,0,265433381,4,829353804,938198330,15,991041614,464108,693080424,34,3104980,1067983329,15,829251106,858970,750198692,421313236,674,34,330563436,2720460,33843,527479233,870050430,0,714409604,674,102,5,1,2300,2304830,6,7,449642453,330563436,33900,33890,33909,785149710,407419891,411062413
15,962519746,0,265433381,4,829353804,938198330,15,991041614,464108,693080424,34,3104980,1067983329,15,829251106,858970,750198692,421313236,674,34,330563436,2720460,33843,527479233,870050430,0,714409604,674,59,4,2,400,383620,2,7,378580043,330563436,33880,33928,33897,106211174,250142940,746491659
11,319240162,4,108891028,5,64952534,366176741,11,103869805,-28383,275262022,131,177759885,35988995,11,534137668,859553,750198692,317345255,678,131,330563436,13576104,34025,527479233,491494763,0,237102729,678,146,7,1,2000,2092280,5,8,378580043,330563436,34139,34064,34158,862871618,431484053,657497753
11,319240162,4,108891028,5,64952534,366176741,11,103869805,-28383,275262022,131,177759885,35988995,11,534137668,859553,750198692,317345255,678,131,330563436,13576104,34025,527479233,491494763,0,237102729,678,37,3,2,2200,2061466,1,2,449642453,330563436,34097,34086,34126,106211174,1001693018,603253386
11,319240162,4,108891028,5,64952534,366176741,11,103869805,-28383,275262022,131,177759885,35988995,11,534137668,859553,750198692,317345255,678,131,330563436,13576104,34025,527479233,491494763,0,237102729,678,143,10,3,1600,1669024,6,2,378580043,330563436,34046,34070,34073,749443834,1001693018,602681675
11,319240162,4,108891028,5,64952534,366176741,11,103869805,-28383,275262022,131,177759885,35988995,11,534137668,859553,750198692,317345255,678,131,330563436,13576104,34025,527479233,491494763,0,237102729,678,199,10,4,4800,5276112,8,8,378580043,330563436,34026,34061,34050,106211174,1001693018,276057005
11,319240162,4,108891028,5,64952534,366176741,11,103869805,-28383,275262022,131,177759885,35988995,11,534137668,859553,750198692,317345255,678,131,330563436,13576104,34025,527479233,491494763,0,237102729,678,98,9,5,1600,1596944,6,4,378580043,330563436,34035,34075,34064,106211174,365042431,42303208
11,319240162,4,108891028,5,64952534,366176741,11,103869805,-28383,275262022,131,177759885,35988995,11,534137668,859553,750198692,317345255,678,131,330563436,13576104,34025,527479233,491494763,0,237102729,678,43,4,6,1100,1037344,9,0,378580043,330563436,34085,34103,34098,785149710,86983390,787159056
10,185743883,4,261867689,9,895777001,658451645,10,73320802,530237,726765942,49,58080412,277187647,10,223001803,457393,373412815,529457660,679,49,777177650,894503,35046,919150108,2312417,0,532736984,679,192,3,1,900,982970,9,0,146356532,777177650,35051,35089,35069,785149710,1001693018,193564298
5,529057841,0,890382161,2,549623314,849027485,5,58126162,403268,958596215,85,1001770604,231357394,5,608676529,338664,373412815,725868244,704,85,777177650,5621026,35388,1030545334,410372609,0,174239262,704,190,1,1,4000,4360760,5,5,146356532,777177650,35458,35438,35479,785149710,365042431,768792162
5,529057841,0,890382161,2,549623314,849027485,5,58126162,403268,958596215,85,1001770604,231357394,5,608676529,338664,373412815,725868244,704,85,777177650,5621026,35388,1030545334,410372609,0,174239262,704,4,5,2,1400,1265600,7,8,146356532,777177650,35461,35423,35478,749443834,1001693018,372774828
11,319240162,4,108891028,5,64952534,366176741,11,103869805,-28383,275262022,148,120951395,335387568,11,608291700,213560,750198692,672328102,706,148,777177650,2397360,34949,382018914,870050430,0,900982702,706,197,9,1,2300,2523537,5,0,146356532,777177650,35037,35033,35047,785149710,407419891,551021187
15,962519746,0,265433381,4,829353804,938198330,15,991041614,464108,693080424,32,42617135,948840554,15,120905608,347153,1028181460,156874928,708,32,777177650,10044559,35977,1030545334,1041669670,0,1015688167,708,124,7,1,300,307236,5,2,146356532,777177650,36075,36058,36104,785149710,944913022,706325530
15,962519746,0,265433381,4,829353804,938198330,15,991041614,464108,693080424,32,42617135,948840554,15,120905608,347153,1028181460,156874928,708,32,777177650,10044559,35977,1030545334,1041669670,0,1015688167,708,180,1,2,1900,2052341,6,0,146356532,777177650,36094,36059,36122,785149710,407419891,925167147
15,962519746,0,265433381,4,829353804,938198330,15,991041614,464108,693080424,32,42617135,948840554,15,120905608,347153,1028181460,156874928,708,32,777177650,10044559,35977,1030545334,1041669670,0,1015688167,708,122,5,3,3300,3372996,9,6,146356532,777177650,36046,36056,36058,785149710,250142940,58111278
15,962519746,0,265433381,4,829353804,938198330,15,991041614,464108,693080424,32,42617135,948840554,15,120905608,347153,1028181460,156874928,708,32,777177650,10044559,35977,1030545334,1041669670,0,1015688167,708,56,7,4,500,478025,7,7,146356532,777177650,35996,36020,36002,862871618,1001693018,573654066
15,962519746,0,265433381,4,829353804,938198330,15,991041614,464108,693080424,32,42617135,948840554,15,120905608,347153,1028181460,156874928,708,32,777177650,10044559,35977,1030545334,1041669670,0,1015688167,708,143,2,5,3600,3755304,8,1,146356532,777177650,35990,36040,36016,106211174,407419891,335486419
15,962519746,0,265433381,4,829353804,938198330,15,991041614,464108,693080424,32,42617135,948840554,15,120905608,347153,1028181460,156874928,708,32,777177650,10044559,35977,1030545334,1041669670,0,1015688167,708,23,6,6,700,646114,10,3,146356532,777177650,36021,36020,36046,785149710,1001693018,248584406
17,145165669,1,127423842,1,792906294,317827973,17,971385163,575594,622797579,133,727108991,150278347,17,63836414,231467,701940545,136299243,710,133,330563436,20897442,33969,527479233,800795810,0,299524516,710,163,8,1,4700,4996852,6,8,449642453,330563436,33985,34050,33991,862871618,431484053,934156394
17,145165669,1,127423842,1,792906294,317827973,17,971385163,575594,622797579,133,727108991,150278347,17,63836414,231467,701940545,136299243,710,133,330563436,20897442,33969,527479233,800795810,0,299524516,710,193,4,2,3800,4154122,7,2,378580043,330563436,34075,34038,34102,785149710,944913022,96853886
17,145165669,1,127423842,1,792906294,317827973,17,971385163,575594,622797579,133,727108991,150278347,17,63836414,231467,701940545,136299243,710,133,330563436,20897442,33969,527479233,800795810,0,299524516,710,139,5,3,700,727391,4,6,378580043,330563436,33987,34054,34013,862871618,1001693018,507461145
17,145165669,1,127423842,1,792906294,317827973,17,971385163,575594,622797579,133,727108991,150278347,17,63836414,231467,701940545,136299243,710,133,330563436,20897442,33969,527479233,800795810,0,299524516,710,90,1,4,2500,2475225,0,5,378580043,330563436,34057,34003,34079,785149710,944913022,812099832
17,145165669,1,127423842,1,792906294,317827973,17,971385163,575594,622797579,133,727108991,150278347,17,63836414,231467,701940545,136299243,710,133,330563436,20897442,33969,527479233,800795810,0,299524516,710,186,7,5,1200,1303416,1,2,449642453,330563436,34016,34025,34033,749443834,431484053,914127707
17,145165669,1,127423842,1,792906294,317827973,17,971385163,575594,622797579,133,727108991,150278347,17,63836414,231467,701940545,136299243,710,133,330563436,20897442,33969,527479233,800795810,0,299524516,710,114,4,6,2100,2129631,4,6,378580043,330563436,34048,34031,34053,749443834,407419891,287749811
17,145165669,1,127423842,1,792906294,317827973,17,971385163,575594,622797579,133,727108991,150278347,17,63836414,231467,701940545,136299243,710,133,330563436,20897442,33969,527479233,800795810,0,299524516,710,160,2,7,4600,4876736,3,7,378580043,330563436,34073,34053,34092,785149710,431484053,390345130
17,145165669,1,127423842,8,292608994,956262271,17,801108420,762785,918253410,133,727108991,150278347,17,63836414,231467,701940545,136299243,710,133,330563436,20897442,33969,527479233,800795810,0,299524516,710,163,8,1,4700,4996852,6,8,449642453,330563436,33985,34050,33991,862871618,431484053,934156394
17,145165669,1,127423842,8,292608994,956262271,17,801108420,762785,918253410,133,727108991,150278347,17,63836414,231467,701940545,136299243,710,133,330563436,20897442,33969,527479233,800795810,0,299524516,710,193,4,2,3800,4154122,7,2,378580043,330563436,34075,34038,34102,785149710,944913022,96853886
17,145165669,1,127423842,8,292608994,956262271,17,801108420,762785,918253410,133,727108991,150278347,17,63836414,231467,701940545,136299243,710,133,330563436,20897442,33969,527479233,800795810,0,299524516,710,139,5,3,700,727391,4,6,378580043,330563436,33987,34054,34013,862871618,1001693018,507461145
17,145165669,1,127423842,8,292608994,956262271,17,801108420,762785,918253410,133,727108991,150278347,17,63836414,231467,701940545,136299243,710,133,330563436,20897442,33969,527479233,800795810,0,299524516,710,90,1,4,2500,2475225,0,5,378580043,330563436,34057,34003,34079,785149710,944913022,812099832
17,145165669,1,127423842,8,292608994,956262271,17,801108420,762785,918253410,133,727108991,150278347,17,63836414,231467,701940545,136299243,710,133,330563436,20897442,33969,527479233,800795810,0,299524516,710,186,7,5,1200,1303416,1,2,449642453,330563436,34016,34025,34033,749443834,431484053,914127707
17,145165669,1,127423842,8,292608994,956262271,17,801108420,762785,918253410,133,727108991,150278347,17,63836414,231467,701940545,136299243,710,133,330563436,20897442,33969,527479233,800795810,0,299524516,710,114,4,6,2100,2129631,4,6,378580043,330563436,34048,34031,34053,749443834,407419891,287749811
17,145165669,1,127423842,8,292608994,956262271,17,801108420,762785,918253410,133,727108991,150278347,17,63836414,231467,701940545,136299243,710,133,330563436,20897442,33969,527479233,800795810,0,299524516,710,160,2,7,4600,4876736,3,7,378580043,330563436,34073,34053,34092,785149710,431484053,390345130
17,145165669,1,127423842,1,792906294,317827973,17,971385163,575594,622797579,121,1022863173,231361516,17,736496255,642832,1028181460,1027337841,737,121,330563436,1298485,33718,527479233,263387417,0,413202945,737,182,3,1,1200,1298616,1,1,378580043,330563436,33720,33783,33730,785149710,250142940,858050654
17,145165669,1,127423842,8,292608994,956262271,17,801108420,762785,918253410,121,1022863173,231361516,17,736496255,642832,1028181460,1027337841,737,121,330563436,1298485,33718,527479233,263387417,0,413202945,737,182,3,1,1200,1298616,1,1,378580043,330563436,33720,33783,33730,785149710,250142940,858050654
15,962519746,0,265433381,4,829353804,938198330,15,991041614,464108,693080424,1,344882864,682453024,15,684099442,71156,1028181460,960303019,739,1,777177650,15917169,35944,527479233,652965808,0,500557461,739,85,6,1,2800,2758224,0,3,146356532,777177650,35947,36009,35973,862871618,250142940,397045691
15,962519746,0,265433381,4,829353804,938198330,15,991041614,464108,693080424,1,344882864,682453024,15,684099442,71156,1028181460,960303019,739,1,777177650,15917169,35944,527479233,652965808,0,500557461,739,4,7,2,5000,4520000,7,6,146356532,777177650,36031,35990,36038,785149710,431484053,564413625
15,962519746,0,265433381,4,829353804,938198330,15,991041614,464108,693080424,1,344882864,682453024,15,684099442,71156,1028181460,960303019,739,1,777177650,15917169,35944,527479233,652965808,0,500557461,739,49,2,3,1200,1138848,5,0,146356532,777177650,36025,35998,36027,106211174,431484053,187857257
15,962519746,0,265433381,4,829353804,938198330,15,991041614,464108,693080424,1,344882864,682453024,15,684099442,71156,1028181460,960303019,739,1,777177650,15917169,35944,527479233,652965808,0,500557461,739,44,3,4,4700,4436988,9,7,146356532,777177650,36017,35983,36033,106211174,1001693018,815796371
15,962519746,0,265433381,4,829353804,938198330,15,991041614,464108,693080424,1,344882864,682453024,15,684099442,71156,1028181460,960303019,739,1,777177650,15917169,35944,527479233,652965808,0,500557461,739,188,9,5,3000,3264540,7,6,146356532,777177650,35963,36031,35976,749443834,1001693018,784100812
1,559044011,1,1004765669,3,458785,31140224,1,73682198,419239,154263564,106,864562228,957626520,1,147772690,328842,797027742,268933212,741,106,777177650,4798598,35981,919150108,27515260,0,147020258,741,187,8,1,2500,2717950,3,6,146356532,777177650,35989,36032,36017,749443834,431484053,760550083
1,559044011,1,1004765669,3,458785,31140224,1,73682198,419239,154263564,106,864562228,957626520,1,147772690,328842,797027742,268933212,741,106,777177650,4798598,35981,919150108,27515260,0,147020258,741,91,4,2,2200,2180398,9,1,146356532,777177650,36043,36064,36048,785149710,365042431,7632288
15,962519746,0,265433381,4,829353804,938198330,15,991041614,464108,693080424,79,620373923,918253789,15,1003789897,512128,797027742,999752886,743,79,777177650,2361489,35340,483467692,964005875,0,914308472,743,192,5,1,2100,2293599,1,4,146356532,777177650,35362,35372,35378,785149710,431484053,599843135
15,962519746,0,265433381,4,829353804,938198330,15,991041614,464108,693080424,32,42617135,948840554,15,120905608,347153,1028181460,156874928,770,32,777177650,6427175,35936,527479233,288114636,0,599497826,770,181,2,1,3900,4216602,9,6,146356532,777177650,35993,36014,36009,106211174,1001693018,888923822
15,962519746,0,265433381,4,829353804,938198330,15,991041614,464108,693080424,32,42617135,948840554,15,120905608,347153,1028181460,156874928,770,32,777177650,6427175,35936,527479233,288114636,0,599497826,770,54,2,2,2500,2385125,3,2,146356532,777177650,35939,35997,35948,862871618,365042431,455672719
17,145165669,1,127423842,1,792906294,317827973,17,971385163,575594,622797579,97,135469562,256852182,17,351137718,216448,701940545,611744579,772,97,330563436,12823496,34074,919150108,117398177,0,1034871761,772,53,5,1,3500,3335675,10,6,378580043,330563436,34153,34123,34181,106211174,407419891,811634434
17,145165669,1,127423842,1,792906294,317827973,17,971385163,575594,622797579,97,135469562,256852182,17,351137718,216448,701940545,611744579,772,97,330563436,12823496,34074,919150108,117398177,0,1034871761,772,84,5,2,1000,984079,5,1,378580043,330563436,34107,34106,34133,749443834,431484053,903746515
17,145165669,1,127423842,1,792906294,317827973,17,971385163,575594,622797579,97,135469562,256852182,17,351137718,216448,701940545,611744579,772,97,330563436,12823496,34074,919150108,117398177,0,1034871761,772,86,7,3,3500,3451280,3,4,378580043,330563436,34075,34131,34088,785149710,431484053,928519171
17,145165669,1,127423842,1,792906294,317827973,17,971385163,575594,622797579,97,135469562,256852182,17,351137718,216448,701940545,611744579,772,97,330563436,12823496,34074,919150108,117398177,0,1034871761,772,180,8,4,1000,1080180,8,2,449642453,330563436,34104,34127,34116,785149710,365042431,979996943
17,145165669,1,127423842,1,792906294,317827973,17,971385163,575594,622797579,97,135469562,256852182,17,351137718,216448,701940545,611744579,772,97,330563436,12823496,34074,919150108,117398177,0,1034871761,772,54,5,5,4200,4007010,2,7,449642453,330563436,34127,34164,34130,749443834,431484053,1006214571
17,145165669,1,127423842,8,292608994,956262271,17,801108420,762785,918253410,97,135469562,256852182,17,351137718,216448,701940545,611744579,772,97,330563436,12823496,34074,919150108,117398177,0,1034871761,772,53,5,1,3500,3335675,10,6,378580043,330563436,34153,34123,34181,106211174,407419891,811634434
17,145165669,1,127423842,8,292608994,956262271,17,801108420,762785,918253410,97,135469562,256852182,17,351137718,216448,701940545,611744579,772,97,330563436,12823496,34074,919150108,117398177,0,1034871761,772,84,5,2,1000,984079,5,1,378580043,330563436,34107,34106,34133,749443834,431484053,903746515
17,145165669,1,127423842,8,292608994,956262271,17,801108420,762785,918253410,97,135469562,256852182,17,351137718,216448,701940545,611744579,772,97,330563436,12823496,34074,919150108,117398177,0,1034871761,772,86,7,3,3500,3451280,3,4,378580043,330563436,34075,34131,34088,785149710,431484053,928519171
17,145165669,1,127423842,8,292608994,956262271,17,801108420,762785,918253410,97,135469562,256852182,17,351137718,216448,701940545,611744579,772,97,330563436,12823496,34074,919150108,117398177,0,1034871761,772,180,8,4,1000,1080180,8,2,449642453,330563436,34104,34127,34116,785149710,365042431,979996943
17,145165669,1,127423842,8,292608994,956262271,17,801108420,762785,918253410,97,135469562,256852182,17,351137718,216448,701940545,611744579,772,97,330563436,12823496,34074,919150108,117398177,0,1034871761,772,54,5,5,4200,4007010,2,7,449642453,330563436,34127,34164,34130,749443834,431484053,1006214571
17,145165669,1,127423842,1,792906294,317827973,17,971385163,575594,622797579,133,727108991,150278347,17,63836414,231467,701940545,136299243,773,133,330563436,14686226,34236,1030545334,253109335,0,1065918558,773,100,1,1,500,500050,6,4,449642453,330563436,34292,34320,34322,785149710,431484053,384505440
17,145165669,1,127423842,1,792906294,317827973,17,971385163,575594,622797579,133,727108991,150278347,17,63836414,231467,701940545,136299243,773,133,330563436,14686226,34236,1030545334,253109335,0,1065918558,773,11,5,2,3100,2824131,2,6,449642453,330563436,34331,34273,34333,862871618,431484053,205813061
17,145165669,1,127423842,1,792906294,317827973,17,971385163,575594,622797579,133,727108991,150278347,17,63836414,231467,701940545,136299243,773,133,330563436,14686226,34236,1030545334,253109335,0,1065918558,773,151,3,3,3900,4099485,6,5,449642453,330563436,34336,34324,34358,749443834,944913022,1814552
17,145165669,1,127423842,1,792906294,317827973,17,971385163,575594,622797579,133,727108991,150278347,17,63836414,231467,701940545,136299243,773,133,330563436,14686226,34236,1030545334,253109335,0,1065918558,773,29,8,4,2800,2601256,10,6,378580043,330563436,34351,34276,34355,106211174,86983390,151914553
17,145165669,1,127423842,1,792906294,317827973,17,971385163,575594,622797579,133,727108991,150278347,17,63836414,231467,701940545,136299243,773,133,330563436,14686226,34236,1030545334,253109335,0,1065918558,773,134,5,5,900,930717,9,2,378580043,330563436,34249,34326,34275,862871618,944913022,994109102
17,145165669,1,127423842,1,792906294,317827973,17,971385163,575594,622797579,133,727108991,150278347,17,63836414,231467,701940545,136299243,773,133,330563436,14686226,34236,1030545334,253109335,0,1065918558,773,40,1,6,4300,4042172,7,3,449642453,330563436,34277,34291,34279,862871618,407419891,1030930468
17,145165669,1,127423842,8,292608994,956262271,17,801108420,762785,918253410,133,727108991,150278347,17,63836414,231467,701940545,136299243,773,133,330563436,14686226,34236,1030545334,253109335,0,1065918558,773,100,1,1,500,500050,6,4,449642453,330563436,34292,34320,34322,785149710,431484053,384505440
17,145165669,1,127423842,8,292608994,956262271,17,801108420,762785,918253410,133,727108991,150278347,17,63836414,231467,701940545,136299243,773,133,330563436,14686226,34236,1030545334,253109335,0,1065918558,773,11,5,2,3100,2824131,2,6,449642453,330563436,34331,34273,34333,862871618,431484053,205813061
17,145165669,1,127423842,8,292608994,956262271,17,801108420,762785,918253410,133,727108991,150278347,17,63836414,231467,701940545,136299243,773,133,330563436,14686226,34236,1030545334,253109335,0,1065918558,773,151,3,3,3900,4099485,6,5,449642453,330563436,34336,34324,34358,749443834,944913022,1814552
17,145165669,1,127423842,8,292608994,956262271,17,801108420,762785,918253410,133,727108991,150278347,17,63836414,231467,701940545,136299243,773,133,330563436,14686226,34236,1030545334,253109335,0,1065918558,773,29,8,4,2800,2601256,10,6,378580043,330563436,34351,34276,34355,106211174,86983390,151914553
17,145165669,1,127423842,8,292608994,956262271,17,801108420,762785,918253410,133,727108991,150278347,17,63836414,231467,701940545,136299243,773,133,330563436,14686226,34236,1030545334,253109335,0,1065918558,773,134,5,5,900,930717,9,2,378580043,330563436,34249,34326,34275,862871618,944913022,994109102
17,145165669,1,127423842,8,292608994,956262271,17,801108420,762785,918253410,133,727108991,150278347,17,63836414,231467,701940545,136299243,773,133,330563436,14686226,34236,1030545334,253109335,0,1065918558,773,40,1,6,4300,4042172,7,3,449642453,330563436,34277,34291,34279,862871618,407419891,1030930468
11,319240162,4,108891028,5,64952534,366176741,11,103869805,-28383,275262022,134,987180522,314377204,11,814495129,460889,1028181460,724055480,775,134,330563436,5945561,34774,382018914,521756100,0,883410506,775,32,3,1,1600,1491248,10,6,146356532,330563436,34840,34824,34867,106211174,86983390,917829277
11,319240162,4,108891028,5,64952534,366176741,11,103869805,-28383,275262022,134,987180522,314377204,11,814495129,460889,1028181460,724055480,775,134,330563436,5945561,34774,382018914,521756100,0,883410506,775,174,2,2,2100,2255757,1,6,378580043,330563436,34818,34850,34830,749443834,944913022,508720600
11,319240162,4,108891028,5,64952534,366176741,11,103869805,-28383,275262022,134,987180522,314377204,11,814495129,460889,1028181460,724055480,775,134,330563436,5945561,34774,382018914,521756100,0,883410506,775,108,5,3,2000,2016200,1,8,146356532,330563436,34865,34839,34891,785149710,365042431,501167645
10,185743883,4,261867689,9,895777001,658451645,10,73320802,530237,726765942,56,1002271304,628821590,10,666136321,653086,373412815,658726857,800,56,777177650,8789238,35988,919150108,196811816,0,672575675,800,72,1,1,3800,3693866,0,5,146356532,777177650,35995,36061,36012,862871618,86983390,1029965164
10,185743883,4,261867689,9,895777001,658451645,10,73320802,530237,726765942,56,1002271304,628821590,10,666136321,653086,373412815,658726857,800,56,777177650,8789238,35988,919150108,196811816,0,672575675,800,85,6,2,2100,2068668,4,5,146356532,777177650,35997,36067,36025,862871618,250142940,38549018
10,185743883,4,261867689,9,895777001,658451645,10,73320802,530237,726765942,56,1002271304,628821590,10,666136321,653086,373412815,658726857,800,56,777177650,8789238,35988,919150108,196811816,0,672575675,800,176,5,3,2600,2798042,1,2,146356532,777177650,35997,36074,35999,749443834,944913022,874769194
10,185743883,4,261867689,9,895777001,658451645,10,73320802,530237,726765942,16,606299054,831166561,10,851711143,468103,373412815,551498780,803,16,777177650,2762966,35547,527479233,502070148,0,374815181,803,54,9,1,800,763240,7,1,146356532,777177650,35644,35598,35652,106211174,407419891,419652509
10,185743883,4,261867689,9,895777001,658451645,10,73320802,530237,726765942,16,606299054,831166561,10,851711143,468103,373412815,551498780,803,16,777177650,2762966,35547,527479233,502070148,0,374815181,803,99,10,2,2100,2098089,8,6,146356532,777177650,35665,35609,35681,862871618,365042431,370391155
11,319240162,4,108891028,5,64952534,366176741,11,103869805,-28383,275262022,131,177759885,35988995,11,534137668,859553,750198692,317345255,806,131,777177650,2683916,35234,919150108,993998713,0,548240783,806,105,2,1,100,100510,4,7,146356532,777177650,35258,35318,35269,785149710,250142940,910624698
11,319240162,4,108891028,5,64952534,366176741,11,103869805,-28383,275262022,131,177759885,35988995,11,534137668,859553,750198692,317345255,806,131,777177650,2683916,35234,919150108,993998713,0,548240783,806,160,5,2,2200,2332352,8,2,146356532,777177650,35339,35286,35356,749443834,1001693018,700520387
11,319240162,4,108891028,5,64952534,366176741,11,103869805,-28383,275262022,131,177759885,35988995,11,534137668,859553,750198692,317345255,806,131,777177650,2683916,35234,919150108,993998713,0,548240783,806,91,3,3,400,396436,4,3,146356532,777177650,35284,35324,35288,785149710,86983390,889893563
10,185743883,4,261867689,9,895777001,658451645,10,73320802,530237,726765942,56,1002271304,628821590,10,666136321,653086,373412815,658726857,833,56,330563436,4903369,34376,1030545334,913012142,0,935589937,833,54,5,1,100,95405,4,4,378580043,330563436,34448,34427,34451,785149710,431484053,589896137
10,185743883,4,261867689,9,895777001,658451645,10,73320802,530237,726765942,56,1002271304,628821590,10,666136321,653086,373412815,658726857,833,56,330563436,4903369,34376,1030545334,913012142,0,935589937,833,112,6,2,3800,3846018,5,5,449642453,330563436,34427,34443,34453,785149710,86983390,191221622
10,185743883,4,261867689,9,895777001,658451645,10,73320802,530237,726765942,56,1002271304,628821590,10,666136321,653086,373412815,658726857,833,56,330563436,4903369,34376,1030545334,913012142,0,935589937,833,162,7,3,900,955944,5,7,449642453,330563436,34391,34448,34411,862871618,944913022,757219907
23,536896580,3,94114815,7,11315813,791810943,23,1051077640,682035,798884201,65,281052985,65225523,23,531840509,879516,701940545,1044095204,835,65,777177650,6243067,34978,483467692,531977933,0,522045687,835,107,2,1,3300,3323430,9,6,146356532,777177650,35002,35033,35025,749443834,250142940,909069445
23,536896580,3,94114815,7,11315813,791810943,23,1051077640,682035,798884201,65,281052985,65225523,23,531840509,879516,701940545,1044095204,835,65,777177650,6243067,34978,483467692,531977933,0,522045687,835,185,6,2,2800,3038504,2,2,146356532,777177650,35058,35042,35083,106211174,407419891,751591035
10,185743883,4,261867689,9,895777001,658451645,10,73320802,530237,726765942,104,133204033,240401202,10,569591890,-58838,373412815,427642554,868,104,330563436,12734545,33762,483467692,621981610,0,544418984,868,168,9,1,800,854528,6,3,378580043,330563436,33882,33815,33891,106211174,431484053,318872922
10,185743883,4,261867689,9,895777001,658451645,10,73320802,530237,726765942,104,133204033,240401202,10,569591890,-58838,373412815,427642554,868,104,330563436,12734545,33762,483467692,621981610,0,544418984,868,29,8,2,1300,1207726,5,7,378580043,330563436,33808,33840,33818,106211174,365042431,480234664
10,185743883,4,261867689,9,895777001,658451645,10,73320802,530237,726765942,104,133204033,240401202,10,569591890,-58838,373412815,427642554,868,104,330563436,12734545,33762,483467692,621981610,0,544418984,868,68,5,3,1900,1839314,9,6,378580043,330563436,33775,33841,33787,785149710,407419891,800032630
10,185743883,4,261867689,9,895777001,658451645,10,73320802,530237,726765942,104,133204033,240401202,10,569591890,-58838,373412815,427642554,868,104,330563436,12734545,33762,483467692,621981610,0,544418984,868,122,1,4,4300,4395116,2,4,449642453,330563436,33785,33805,33804,785149710,407419891,108586113
10,185743883,4,261867689,9,895777001,658451645,10,73320802,530237,726765942,104,133204033,240401202,10,569591890,-58838,373412815,427642554,868,104,330563436,12734545,33762,483467692,621981610,0,544418984,868,25,8,5,2700,2497554,4,1,378580043,330563436,33815,33839,33826,862871618,250142940,54316508
10,185743883,4,261867689,9,895777001,658451645,10,73320802,530237,726765942,104,133204033,240401202,10,569591890,-58838,373412815,427642554,868,104,330563436,12734545,33762,483467692,621981610,0,544418984,868,125,6,6,1900,1947728,2,5,378580043,330563436,33865,33801,33879,106211174,944913022,89806124
15,962519746,0,265433381,4,829353804,938198330,15,991041614,464108,693080424,34,3104980,1067983329,15,829251106,858970,750198692,421313236,870,34,330563436,4049237,34138,483467692,394987123,0,1073424157,870,50,9,1,3600,3420180,4,7,449642453,330563436,34258,34226,34286,785149710,431484053,164907607
15,962519746,0,265433381,4,829353804,938198330,15,991041614,464108,693080424,34,3104980,1067983329,15,829251106,858970,750198692,421313236,870,34,330563436,4049237,34138,483467692,394987123,0,1073424157,870,186,7,2,500,543090,6,5,449642453,330563436,34192,34221,34203,785149710,944913022,686890340
10,185743883,4,261867689,9,895777001,658451645,10,73320802,530237,726765942,16,606299054,831166561,10,851711143,468103,373412815,551498780,871,16,777177650,17286158,35016,527479233,220040004,0,979523790,871,97,8,1,4800,4786032,10,3,146356532,777177650,35118,35102,35140,106211174,365042431,983670693
10,185743883,4,261867689,9,895777001,658451645,10,73320802,530237,726765942,16,606299054,831166561,10,851711143,468103,373412815,551498780,871,16,777177650,17286158,35016,527479233,220040004,0,979523790,871,55,10,2,4700,4488735,7,3,146356532,777177650,35056,35094,35086,862871618,250142940,672511773
10,185743883,4,261867689,9,895777001,658451645,10,73320802,530237,726765942,16,606299054,831166561,10,851711143,468103,373412815,551498780,871,16,777177650,17286158,35016,527479233,220040004,0,979523790,871,108,5,3,1300,1310530,9,1,146356532,777177650,35087,35086,35096,106211174,1001693018,119119256
10,185743883,4,261867689,9,895777001,658451645,10,73320802,530237,726765942,16,606299054,831166561,10,851711143,468103,373412815,551498780,871,16,777177650,17286158,35016,527479233,220040004,0,979523790,871,190,1,4,2900,3161551,6,7,146356532,777177650,35017,35089,35047,749443834,250142940,524083831
10,185743883,4,261867689,9,895777001,658451645,10,73320802,530237,726765942,16,606299054,831166561,10,851711143,468103,373412815,551498780,871,16,777177650,17286158,35016,527479233,220040004,0,979523790,871,128,7,5,800,822495,0,1,146356532,777177650,35026,35074,35043,749443834,365042431,625261938
10,185743883,4,261867689,9,895777001,658451645,10,73320802,530237,726765942,16,606299054,831166561,10,851711143,468103,373412815,551498780,871,16,777177650,17286158,35016,527479233,220040004,0,979523790,871,143,2,6,2600,2712164,0,6,146356532,777177650,35100,35067,35118,785149710,365042431,694959112
10,185743883,4,261867689,9,895777001,658451645,10,73320802,530237,726765942,16,606299054,831166561,10,851711143,468103,373412815,551498780,871,16,777177650,17286158,35016,527479233,220040004,0,979523790,871,174,3,7,400,429668,0,7,146356532,777177650,35131,35082,35148,785149710,944913022,583262171
10,185743883,4,261867689,9,895777001,658451645,10,73320802,530237,726765942,49,58080412,277187647,10,223001803,457393,373412815,529457660,897,49,836745293,5769744,34776,382018914,323232623,0,490066672,897,91,4,1,1500,1486635,7,4,378580043,330563436,34842,34826,34855,785149710,1001693018,235441985
10,185743883,4,261867689,9,895777001,658451645,10,73320802,530237,726765942,49,58080412,277187647,10,223001803,457393,373412815,529457660,897,49,836745293,5769744,34776,382018914,323232623,0,490066672,897,184,5,2,2600,2818868,5,8,146356532,777177650,34879,34858,34892,785149710,431484053,372559044
10,185743883,4,261867689,9,895777001,658451645,10,73320802,530237,726765942,49,58080412,277187647,10,223001803,457393,373412815,529457660,897,49,836745293,5769744,34776,382018914,323232623,0,490066672,897,126,1,3,1300,1333956,7,0,449642453,330563436,34786,34834,34808,862871618,431484053,107947250
10,185743883,4,261867689,9,895777001,658451645,10,73320802,530237,726765942,49,58080412,277187647,10,223001803,457393,373412815,529457660,897,49,836745293,5769744,34776,382018914,323232623,0,490066672,897,102,7,4,200,200420,8,8,378580043,330563436,34839,34824,34864,785149710,250142940,815620886
10,185743883,4,261867689,9,895777001,658451645,10,73320802,530237,726765942,55,292749220,212078962,10,611195724,457210,797027742,482627384,898,55,330563436,10102075,34121,919150108,892274697,0,197438666,898,161,2,1,900,955044,7,8,449642453,330563436,34152,34157,34173,106211174,365042431,1022211903
10,185743883,4,261867689,9,895777001,658451645,10,73320802,530237,726765942,55,292749220,212078962,10,611195724,457210,797027742,482627384,898,55,330563436,10102075,34121,919150108,892274697,0,197438666,898,179,7,2,3700,3992929,3,5,449642453,330563436,34196,34183,34211,749443834,1001693018,593806734
10,185743883,4,261867689,9,895777001,658451645,10,73320802,530237,726765942,55,292749220,212078962,10,611195724,457210,797027742,482627384,898,55,330563436,10102075,34121,919150108,892274697,0,197438666,898,49,8,3,1100,1043944,1,0,449642453,330563436,34223,34210,34235,862871618,431484053,378429706
10,185743883,4,261867689,9,895777001,658451645,10,73320802,530237,726765942,55,292749220,212078962,10,611195724,457210,797027742,482627384,898,55,330563436,10102075,34121,919150108,892274697,0,197438666,898,193,6,4,3600,3935483,4,7,378580043,330563436,34183,34173,34202,749443834,1001693018,1045662522
5,529057841,0,890382161,2,549623314,849027485,5,58126162,403268,958596215,10,798437489,808791061,5,205635831,275354,750198692,908197369,902,10,330563436,3734862,34540,483467692,235956276,0,78829128,902,111,2,1,300,303333,6,0,378580043,330563436,34606,34630,34633,785149710,431484053,574824441
5,529057841,0,890382161,2,549623314,849027485,5,58126162,403268,958596215,10,798437489,808791061,5,205635831,275354,750198692,908197369,902,10,330563436,3734862,34540,483467692,235956276,0,78829128,902,118,2,2,800,814488,6,7,378580043,330563436,34630,34595,34643,785149710,250142940,958705826
5,529057841,0,890382161,2,549623314,849027485,5,58126162,403268,958596215,10,798437489,808791061,5,205635831,275354,750198692,908197369,902,10,330563436,3734862,34540,483467692,235956276,0,78829128,902,165,2,3,2400,2556384,2,5,378580043,330563436,34644,34617,34662,106211174,944913022,163343095
23,536896580,3,94114815,7,11315813,791810943,23,1051077640,682035,798884201,11,732482108,436872609,23,274108524,-27260,1028181460,230725263,903,11,777177650,10935187,34885,483467692,18136617,0,588918137,903,65,10,1,2700,2605662,4,3,146356532,777177650,34958,34960,34972,862871618,407419891,806621492
23,536896580,3,94114815,7,11315813,791810943,23,1051077640,682035,798884201,11,732482108,436872609,23,274108524,-27260,1028181460,230725263,903,11,777177650,10935187,34885,483467692,18136617,0,588918137,903,9,2,2,3500,3181500,6,5,146356532,777177650,34958,34930,34982,862871618,86983390,428998553
23,536896580,3,94114815,7,11315813,791810943,23,1051077640,682035,798884201,11,732482108,436872609,23,274108524,-27260,1028181460,230725263,903,11,777177650,10935187,34885,483467692,18136617,0,588918137,903,9,2,3,3300,2999700,2,3,146356532,777177650,34964,34941,34982,785149710,431484053,257223993
23,536896580,3,94114815,7,11315813,791810943,23,1051077640,682035,798884201,11,732482108,436872609,23,274108524,-27260,1028181460,230725263,903,11,777177650,10935187,34885,483467692,18136617,0,588918137,903,56,1,4,900,860445,9,0,146356532,777177650,34976,34954,34994,106211174,86983390,1027212945
23,536896580,3,94114815,7,11315813,791810943,23,1051077640,682035,798884201,11,732482108,436872609,23,274108524,-27260,1028181460,230725263,903,11,777177650,10935187,34885,483467692,18136617,0,588918137,903,42,3,5,100,94204,4,0,146356532,777177650,34992,34953,35004,106211174,365042431,598234216
23,536896580,3,94114815,7,11315813,791810943,23,1051077640,682035,798884201,11,732482108,436872609,23,274108524,-27260,1028181460,230725263,903,11,777177650,10935187,34885,483467692,18136617,0,588918137,903,168,9,6,1300,1388608,7,2,146356532,777177650,34951,34974,34973,785149710,407419891,612487602
11,319240162,4,108891028,5,64952534,366176741,11,103869805,-28383,275262022,131,177759885,35988995,11,534137668,859553,750198692,317345255,930,131,330563436,19910223,34683,382018914,963844461,0,84689685,930,45,4,1,3600,3402144,10,4,378580043,330563436,34687,34748,34690,785149710,250142940,114163659
11,319240162,4,108891028,5,64952534,366176741,11,103869805,-28383,275262022,131,177759885,35988995,11,534137668,859553,750198692,317345255,930,131,330563436,19910223,34683,382018914,963844461,0,84689685,930,18,8,2,4700,4314647,8,0,449642453,330563436,34776,34732,34791,749443834,365042431,459352364
11,319240162,4,108891028,5,64952534,366176741,11,103869805,-28383,275262022,131,177759885,35988995,11,534137668,859553,750198692,317345255,930,131,330563436,19910223,34683,382018914,963844461,0,84689685,930,65,10,3,1000,965060,7,8,449642453,330563436,34684,34724,34713,785149710,365042431,1052949464
11,319240162,4,108891028,5,64952534,366176741,11,103869805,-28383,275262022,131,177759885,35988995,11,534137668,859553,750198692,317345255,930,131,330563436,19910223,34683,382018914,963844461,0,84689685,930,100,2,4,2100,2100210,6,2,449642453,330563436,34744,34759,34769,749443834,407419891,266970208
11,319240162,4,108891028,5,64952534,366176741,11,103869805,-28383,275262022,131,177759885,35988995,11,534137668,859553,750198692,317345255,930,131,330563436,19910223,34683,382018914,963844461,0,84689685,930,164,9,5,5000,5320800,3,6,449642453,330563436,34790,34726,34809,785149710,431484053,522912280
11,319240162,4,108891028,5,64952534,366176741,11,103869805,-28383,275262022,131,177759885,35988995,11,534137668,859553,750198692,317345255,930,131,330563436,19910223,34683,382018914,963844461,0,84689685,930,145,4,6,1000,1045140,0,4,449642453,330563436,34737,34745,34744,106211174,407419891,859137111
11,319240162,4,108891028,5,64952534,366176741,11,103869805,-28383,275262022,131,177759885,35988995,11,534137668,859553,750198692,317345255,930,131,330563436,19910223,34683,382018914,963844461,0,84689685,930,167,4,7,3000,3201480,7,8,378580043,330563436,34717,34756,34732,862871618,250142940,252115172
10,185743883,4,261867689,9,895777001,658451645,10,73320802,530237,726765942,41,548472177,102959959,10,589189525,27095,750198692,81122026,932,41,777177650,4023450,35564,919150108,366128172,0,410431303,932,44,1,1,4100,3870564,1,5,146356532,777177650,35584,35631,35605,785149710,250142940,97593182
17,145165669,1,127423842,1,792906294,317827973,17,971385163,575594,622797579,97,135469562,256852182,17,351137718,216448,701940545,611744579,933,97,330563436,7134930,33819,483467692,213135429,0,600320281,933,49,8,1,2300,2182792,2,4,378580043,330563436,33827,33863,33839,749443834,431484053,485396674
17,145165669,1,127423842,1,792906294,317827973,17,971385163,575594,622797579,97,135469562,256852182,17,351137718,216448,701940545,611744579,933,97,330563436,7134930,33819,483467692,213135429,0,600320281,933,13,4,2,2700,2465127,2,1,378580043,330563436,33878,33877,33901,749443834,250142940,68794181
17,145165669,1,127423842,1,792906294,317827973,17,971385163,575594,622797579,97,135469562,256852182,17,351137718,216448,701940545,611744579,933,97,330563436,7134930,33819,483467692,213135429,0,600320281,933,100,2,3,2600,2600260,5,0,449642453,330563436,33915,33909,33922,749443834,365042431,59315969
17,145165669,1,127423842,8,292608994,956262271,17,801108420,762785,918253410,97,135469562,256852182,17,351137718,216448,701940545,611744579,933,97,330563436,7134930,33819,483467692,213135429,0,600320281,933,49,8,1,2300,2182792,2,4,378580043,330563436,33827,33863,33839,749443834,431484053,485396674
17,145165669,1,127423842,8,292608994,956262271,17,801108420,762785,918253410,97,135469562,256852182,17,351137718,216448,701940545,611744579,933,97,330563436,7134930,33819,483467692,213135429,0,600320281,933,13,4,2,2700,2465127,2,1,378580043,330563436,33878,33877,33901,749443834,250142940,68794181
17,145165669,1,127423842,8,292608994,956262271,17,801108420,762785,918253410,97,135469562,256852182,17,351137718,216448,701940545,611744579,933,97,330563436,7134930,33819,483467692,213135429,0,600320281,933,100,2,3,2600,2600260,5,0,449642453,330563436,33915,33909,33922,749443834,365042431,59315969
11,319240162,4,108891028,5,64952534,366176741,11,103869805,-28383,275262022,52,749902188,199806749,11,982273298,563028,750198692,628614943,934,52,777177650,1721359,35247,382018914,57257681,0,322082019,934,118,5,1,1800,1832598,7,1,146356532,777177650,35316,35326,35331,785149710,250142940,940288055
17,145165669,1,127423842,1,792906294,317827973,17,971385163,575594,622797579,35,838315206,970339776,17,936827836,122824,750198692,831183110,960,35,330563436,6353713,34596,1030545334,200049683,0,239397809,960,107,10,1,100,100710,7,0,449642453,330563436,34690,34631,34717,749443834,365042431,127115792
17,145165669,1,127423842,1,792906294,317827973,17,971385163,575594,622797579,35,838315206,970339776,17,936827836,122824,750198692,831183110,960,35,330563436,6353713,34596,1030545334,200049683,0,239397809,960,117,7,2,2500,2542775,6,8,378580043,330563436,34667,34634,34693,749443834,250142940,509084802
17,145165669,1,127423842,1,792906294,317827973,17,971385163,575594,622797579,35,838315206,970339776,17,936827836,122824,750198692,831183110,960,35,330563436,6353713,34596,1030545334,200049683,0,239397809,960,175,3,3,3200,3440544,1,8,378580043,330563436,34716,34683,34732,749443834,944913022,495585753
17,145165669,1,127423842,8,292608994,956262271,17,801108420,762785,918253410,35,838315206,970339776,17,936827836,122824,750198692,831183110,960,35,330563436,6353713,34596,1030545334,200049683,0,239397809,960,107,10,1,100,100710,7,0,449642453,330563436,34690,34631,34717,749443834,365042431,127115792
17,145165669,1,127423842,8,292608994,956262271,17,801108420,762785,918253410,35,838315206,970339776,17,936827836,122824,750198692,831183110,960,35,330563436,6353713,34596,1030545334,200049683,0,239397809,960,117,7,2,2500,2542775,6,8,378580043,330563436,34667,34634,34693,749443834,250142940,509084802
17,145165669,1,127423842,8,292608994,956262271,17,801108420,762785,918253410,35,838315206,970339776,17,936827836,122824,750198692,831183110,960,35,330563436,6353713,34596,1030545334,200049683,0,239397809,960,175,3,3,3200,3440544,1,8,378580043,330563436,34716,34683,34732,749443834,944913022,495585753
10,185743883,4,261867689,9,895777001,658451645,10,73320802,530237,726765942,56,1002271304,628821590,10,666136321,653086,373412815,658726857,961,56,836745293,15889316,34852,483467692,199472989,0,608353781,961,118,5,1,700,712677,10,0,146356532,777177650,34901,34898,34920,862871618,250142940,448698984
10,185743883,4,261867689,9,895777001,658451645,10,73320802,530237,726765942,56,1002271304,628821590,10,666136321,653086,373412815,658726857,961,56,836745293,15889316,34852,483467692,199472989,0,608353781,961,91,2,2,1800,1783962,9,5,146356532,777177650,34879,34923,34882,749443834,365042431,587639866
10,185743883,4,261867689,9,895777001,658451645,10,73320802,530237,726765942,56,1002271304,628821590,10,666136321,653086,373412815,658726857,961,56,836745293,15889316,34852,483467692,199472989,0,608353781,961,97,8,3,4200,4187778,6,1,146356532,777177650,34933,34930,34950,862871618,407419891,151124950
10,185743883,4,261867689,9,895777001,658451645,10,73320802,530237,726765942,56,1002271304,628821590,10,666136321,653086,373412815,658726857,961,56,836745293,15889316,34852,483467692,199472989,0,608353781,961,34,10,4,2900,2708687,0,7,146356532,330563436,34858,34929,34874,862871618,86983390,303119335
10,185743883,4,261867689,9,895777001,658451645,10,73320802,530237,726765942,56,1002271304,628821590,10,666136321,653086,373412815,658726857,961,56,836745293,15889316,34852,483467692,199472989,0,608353781,961,26,7,5,3800,3518876,3,5,146356532,777177650,34930,34897,34936,106211174,250142940,717296145
10,185743883,4,261867689,9,895777001,658451645,10,73320802,530237,726765942,56,1002271304,628821590,10,666136321,653086,373412815,658726857,961,56,836745293,15889316,34852,483467692,199472989,0,608353781,961,197,8,6,3000,3291569,9,3,146356532,777177650,34884,34898,34904,749443834,431484053,451925166
1,559044011,1,1004765669,3,458785,31140224,1,73682198,419239,154263564,14,959061040,122146912,1,339030647,526630,373412815,789218819,966,14,777177650,12051693,35913,919150108,1031102955,0,29349387,966,180,8,1,1900,2052341,7,1,146356532,777177650,35939,35989,35942,785149710,944913022,290122107
1,559044011,1,1004765669,3,458785,31140224,1,73682198,419239,154263564,14,959061040,122146912,1,339030647,526630,373412815,789218819,966,14,777177650,12051693,35913,919150108,1031102955,0,29349387,966,117,4,2,4200,4271862,2,6,146356532,777177650,35972,35964,35979,106211174,86983390,987387259
1,559044011,1,1004765669,3,458785,31140224,1,73682198,419239,154263564,14,959061040,122146912,1,339030647,526630,373412815,789218819,966,14,777177650,12051693,35913,919150108,1031102955,0,29349387,966,22,1,3,4200,3872483,6,8,146356532,777177650,35959,35952,35979,106211174,250142940,571260986
1,559044011,1,1004765669,3,458785,31140224,1,73682198,419239,154263564,14,959061040,122146912,1,339030647,526630,373412815,789218819,966,14,777177650,12051693,35913,919150108,1031102955,0,29349387,966,5,2,4,2000,1810000,4,1,146356532,777177650,35993,35989,36001,106211174,86983390,545655660
10,185743883,4,261867689,9,895777001,658451645,10,73320802,530237,726765942,110,244010384,14769951,10,551032061,746299,701940545,942200752,967,110,330563436,17928795,33774,1030545334,691221179,0,499937900,967,59,4,1,4100,3932105,5,5,378580043,330563436,33866,33829,33896,106211174,431484053,41146908
10,185743883,4,261867689,9,895777001,658451645,10,73320802,530237,726765942,110,244010384,14769951,10,551032061,746299,701940545,942200752,967,110,330563436,17928795,33774,1030545334,691221179,0,499937900,967,85,6,2,400,394032,1,2,449642453,330563436,33798,33810,33801,749443834,1001693018,904048010
10,185743883,4,261867689,9,895777001,658451645,10,73320802,530237,726765942,110,244010384,14769951,10,551032061,746299,701940545,942200752,967,110,330563436,17928795,33774,1030545334,691221179,0,499937900,967,132,8,3,1000,1032129,0,2,449642453,330563436,33863,33820,33864,749443834,431484053,215307954
10,185743883,4,261867689,9,895777001,658451645,10,73320802,530237,726765942,110,244010384,14769951,10,551032061,746299,701940545,942200752,967,110,330563436,17928795,33774,1030545334,691221179,0,499937900,967,148,7,4,4900,5135886,1,4,449642453,330563436,33873,33860,33889,106211174,407419891,965500791
10,185743883,4,261867689,9,895777001,658451645,10,73320802,530237,726765942,110,244010384,14769951,10,551032061,746299,701940545,942200752,967,110,330563436,17928795,33774,1030545334,691221179,0,499937900,967,17,1,5,4100,3759741,8,4,449642453,330563436,33806,33821,33827,862871618,944913022,803568792
10,185743883,4,261867689,9,895777001,658451645,10,73320802,530237,726765942,110,244010384,14769951,10,551032061,746299,701940545,942200752,967,110,330563436,17928795,33774,1030545334,691221179,0,499937900,967,106,9,6,1700,1710370,5,6,449642453,330563436,33877,33833,33900,106211174,431484053,581934589
10,185743883,4,261867689,9,895777001,658451645,10,73320802,530237,726765942,110,244010384,14769951,10,551032061,746299,701940545,942200752,967,110,330563436,17928795,33774,1030545334,691221179,0,499937900,967,161,8,7,1800,1910088,0,2,449642453,330563436,33881,33819,33890,749443834,250142940,1010830190
10,185743883,4,261867689,9,895777001,658451645,10,73320802,530237,726765942,55,292749220,212078962,10,611195724,457210,797027742,482627384,992,55,777177650,13366512,35743,1030545334,765901852,0,88704738,992,60,2,1,1400,1344084,10,3,146356532,777177650,35822,35791,35842,862871618,431484053,378174184
10,185743883,4,261867689,9,895777001,658451645,10,73320802,530237,726765942,55,292749220,212078962,10,611195724,457210,797027742,482627384,992,55,777177650,13366512,35743,1030545334,765901852,0,88704738,992,38,9,2,3400,3189302,2,0,146356532,777177650,35761,35814,35762,106211174,250142940,321738606
10,185743883,4,261867689,9,895777001,658451645,10,73320802,530237,726765942,55,292749220,212078962,10,611195724,457210,797027742,482627384,992,55,777177650,13366512,35743,1030545334,765901852,0,88704738,992,105,6,3,3000,3015300,10,0,146356532,777177650,35777,35826,35805,106211174,407419891,184918184
10,185743883,4,261867689,9,895777001,658451645,10,73320802,530237,726765942,55,292749220,212078962,10,611195724,457210,797027742,482627384,992,55,777177650,13366512,35743,1030545334,765901852,0,88704738,992,48,5,4,2100,1990884,6,6,146356532,777177650,35745,35790,35772,106211174,86983390,79342300
10,185743883,4,261867689,9,895777001,658451645,10,73320802,530237,726765942,55,292749220,212078962,10,611195724,457210,797027742,482627384,992,55,777177650,13366512,35743,1030545334,765901852,0,88704738,992,92,4,5,700,694463,9,5,146356532,777177650,35762,35786,35778,749443834,86983390,232177691
10,185743883,4,261867689,9,895777001,658451645,10,73320802,530237,726765942,55,292749220,212078962,10,611195724,457210,797027742,482627384,992,55,777177650,13366512,35743,1030545334,765901852,0,88704738,992,75,3,6,4100,3997787,10,1,146356532,777177650,35746,35828,35755,862871618,365042431,1012693219
15,962519746,0,265433381,4,829353804,938198330,15,991041614,464108,693080424,32,42617135,948840554,15,120905608,347153,1028181460,156874928,998,32,330563436,6526938,34662,483467692,556559552,0,751744036,998,10,7,1,2200,2002022,4,5,449642453,330563436,34669,34745,34685,862871618,250142940,739970345
15,962519746,0,265433381,4,829353804,938198330,15,991041614,464108,693080424,32,42617135,948840554,15,120905608,347153,1028181460,156874928,998,32,330563436,6526938,34662,483467692,556559552,0,751744036,998,181,2,2,700,756826,10,5,378580043,330563436,34780,34715,34790,106211174,431484053,750260299
15,962519746,0,265433381,4,829353804,938198330,15,991041614,464108,693080424,32,42617135,948840554,15,120905608,347153,1028181460,156874928,998,32,330563436,6526938,34662,483467692,556559552,0,751744036,998,142,9,3,3000,3126420,5,7,449642453,330563436,34668,34720,34689,106211174,407419891,162388940
15,962519746,0,265433381,4,829353804,938198330,15,991041614,464108,693080424,32,42617135,948840554,15,120905608,347153,1028181460,156874928,998,32,330563436,6526938,34662,483467692,556559552,0,751744036,998,11,8,4,600,546606,9,5,378580043,330563436,34776,34693,34800,749443834,431484053,809394906
15,962519746,0,265433381,4,829353804,938198330,15,991041614,464108,693080424,32,42617135,948840554,15,120905608,347153,1028181460,156874928,998,32,330563436,6526938,34662,483467692,556559552,0,751744036,998,73,2,5,100,97307,4,0,378580043,330563436,34702,34703,34710,106211174,407419891,464111460
17,145165669,1,127423842,1,792906294,317827973,17,971385163,575594,622797579,61,754492610,99266246,17,63893436,153624,373412815,1071371457,999,61,330563436,14524913,34215,527479233,84541416,0,449738179,999,61,6,1,3400,3267604,0,8,378580043,330563436,34270,34257,34271,862871618,407419891,245888407
17,145165669,1,127423842,1,792906294,317827973,17,971385163,575594,622797579,61,754492610,99266246,17,63893436,153624,373412815,1071371457,999,61,330563436,14524913,34215,527479233,84541416,0,449738179,999,199,1,2,4100,4506679,8,1,449642453,330563436,34256,34305,34274,749443834,1001693018,250009512
17,145165669,1,127423842,1,792906294,317827973,17,971385163,575594,622797579,61,754492610,99266246,17,63893436,153624,373412815,1071371457,999,61,330563436,14524913,34215,527479233,84541416,0,449738179,999,118,5,3,1500,1527165,7,6,449642453,330563436,34313,34258,34340,785149710,1001693018,511741042
17,145165669,1,127423842,1,792906294,317827973,17,971385163,575594,622797579,61,754492610,99266246,17,63893436,153624,373412815,1071371457,999,61,330563436,14524913,34215,527479233,84541416,0,449738179,999,3,4,4,1000,903000,5,2,449642453,330563436,34294,34303,34300,106211174,431484053,25292708
17,145165669,1,127423842,1,792906294,317827973,17,971385163,575594,622797579,61,754492610,99266246,17,63893436,153624,373412815,1071371457,999,61,330563436,14524913,34215,527479233,84541416,0,449738179,999,19,10,5,300,275703,3,0,378580043,330563436,34227,34262,34253,106211174,944913022,462208802
17,145165669,1,127423842,1,792906294,317827973,17,971385163,575594,622797579,61,754492610,99266246,17,63893436,153624,373412815,1071371457,999,61,330563436,14524913,34215,527479233,84541416,0,449738179,999,181,2,6,3700,4000366,0,4,378580043,330563436,34335,34268,34344,749443834,86983390,79676579
17,145165669,1,127423842,8,292608994,956262271,17,801108420,762785,918253410,61,754492610,99266246,17,63893436,153624,373412815,1071371457,999,61,330563436,14524913,34215,527479233,84541416,0,449738179,999,61,6,1,3400,3267604,0,8,378580043,330563436,34270,34257,34271,862871618,407419891,245888407
17,145165669,1,127423842,8,292608994,956262271,17,801108420,762785,918253410,61,754492610,99266246,17,63893436,153624,373412815,1071371457,999,61,330563436,14524913,34215,527479233,84541416,0,449738179,999,199,1,2,4100,4506679,8,1,449642453,330563436,34256,34305,34274,749443834,1001693018,250009512
17,145165669,1,127423842,8,292608994,956262271,17,801108420,762785,918253410,61,754492610,99266246,17,63893436,153624,373412815,1071371457,999,61,330563436,14524913,34215,527479233,84541416,0,449738179,999,118,5,3,1500,1527165,7,6,449642453,330563436,34313,34258,34340,785149710,1001693018,511741042
17,145165669,1,127423842,8,292608994,956262271,17,801108420,762785,918253410,61,754492610,99266246,17,63893436,153624,373412815,1071371457,999,61,330563436,14524913,34215,527479233,84541416,0,449738179,999,3,4,4,1000,903000,5,2,449642453,330563436,34294,34303,34300,106211174,431484053,25292708
17,145165669,1,127423842,8,292608994,956262271,17,801108420,762785,918253410,61,754492610,99266246,17,63893436,153624,373412815,1071371457,999,61,330563436,14524913,34215,527479233,84541416,0,449738179,999,19,10,5,300,275703,3,0,378580043,330563436,34227,34262,34253,106211174,944913022,462208802
17,145165669,1,127423842,8,292608994,956262271,17,801108420,762785,918253410,61,754492610,99266246,17,63893436,153624,373412815,1071371457,999,61,330563436,14524913,34215,527479233,84541416,0,449738179,999,181,2,6,3700,4000366,0,4,378580043,330563436,34335,34268,34344,749443834,86983390,79676579
11,319240162,4,108891028,5,64952534,366176741,11,103869805,-28383,275262022,134,987180522,314377204,11,814495129,460889,1028181460,724055480,1030,134,330563436,1634694,34498,527479233,418189974,0,474986206,1030,65,10,1,1700,1640602,6,6,378580043,330563436,34618,34545,34646,749443834,250142940,99334228
15,962519746,0,265433381,4,829353804,938198330,15,991041614,464108,693080424,53,1039100764,494421651,15,378811987,411364,750198692,860477758,1058,53,330563436,8935911,34083,1030545334,527925955,0,710736901,1058,140,6,1,2400,2496336,8,4,449642453,330563436,34157,34115,34170,749443834,86983390,960976937
15,962519746,0,265433381,4,829353804,938198330,15,991041614,464108,693080424,53,1039100764,494421651,15,378811987,411364,750198692,860477758,1058,53,330563436,8935911,34083,1030545334,527925955,0,710736901,1058,89,10,2,500,494539,4,7,378580043,330563436,34098,34116,34114,785149710,86983390,952092213
15,962519746,0,265433381,4,829353804,938198330,15,991041614,464108,693080424,53,1039100764,494421651,15,378811987,411364,750198692,860477758,1058,53,330563436,8935911,34083,1030545334,527925955,0,710736901,1058,90,1,3,4400,4356396,10,1,378580043,330563436,34144,34139,34168,785149710,86983390,21388151
15,962519746,0,265433381,4,829353804,938198330,15,991041614,464108,693080424,53,1039100764,494421651,15,378811987,411364,750198692,860477758,1058,53,330563436,8935911,34083,1030545334,527925955,0,710736901,1058,5,2,4,2500,2262500,9,1,449642453,330563436,34114,34128,34138,862871618,431484053,353976452
1,559044011,1,1004765669,3,458785,31140224,1,73682198,419239,154263564,106,864562228,957626520,1,147772690,328842,797027742,268933212,1062,106,777177650,3980504,35443,382018914,961453173,0,1056295444,1062,137,8,1,3800,3941094,0,1,146356532,777177650,35455,35494,35475,749443834,86983390,948395147
11,319240162,4,108891028,5,64952534,366176741,11,103869805,-28383,275262022,148,120951395,335387568,11,608291700,213560,750198692,672328102,1088,148,330563436,4712041,33743,527479233,512246520,0,369324330,1088,107,8,1,3000,3021300,7,3,449642453,330563436,33744,33778,33764,862871618,407419891,929980228
11,319240162,4,108891028,5,64952534,366176741,11,103869805,-28383,275262022,148,120951395,335387568,11,608291700,213560,750198692,672328102,1088,148,330563436,4712041,33743,527479233,512246520,0,369324330,1088,37,3,2,1100,1030733,6,0,449642453,330563436,33844,33808,33855,862871618,365042431,728181385
11,319240162,4,108891028,5,64952534,366176741,11,103869805,-28383,275262022,148,120951395,335387568,11,608291700,213560,750198692,672328102,1088,148,330563436,4712041,33743,527479233,512246520,0,369324330,1088,181,2,3,500,540590,3,7,449642453,330563436,33784,33808,33785,106211174,365042431,312314679
11,319240162,4,108891028,5,64952534,366176741,11,103869805,-28383,275262022,148,120951395,335387568,11,608291700,213560,750198692,672328102,1088,148,330563436,4712041,33743,527479233,512246520,0,369324330,1088,124,5,4,300,307236,9,3,449642453,330563436,33768,33816,33771,749443834,431484053,396507811
10,185743883,4,261867689,9,895777001,658451645,10,73320802,530237,726765942,49,58080412,277187647,10,223001803,457393,373412815,529457660,1089,49,777177650,10319274,35187,483467692,297638435,0,951599270,1089,151,3,1,4700,4940405,5,6,146356532,777177650,35240,35239,35255,106211174,86983390,69214364
10,185743883,4,261867689,9,895777001,658451645,10,73320802,530237,726765942,49,58080412,277187647,10,223001803,457393,373412815,529457660,1089,49,777177650,10319274,35187,483467692,297638435,0,951599270,1089,50,7,2,3500,3325175,3,0,146356532,777177650,35289,35254,35301,106211174,86983390,743042049
10,185743883,4,261867689,9,895777001,658451645,10,73320802,530237,726765942,49,58080412,277187647,10,223001803,457393,373412815,529457660,1089,49,777177650,10319274,35187,483467692,297638435,0,951599270,1089,26,7,3,2300,2129846,10,5,146356532,777177650,35238,35269,35264,749443834,365042431,28404672
10,185743883,4,261867689,9,895777001,658451645,10,73320802,530237,726765942,49,58080412,277187647,10,223001803,457393,373412815,529457660,1089,49,777177650,10319274,35187,483467692,297638435,0,951599270,1089,141,10,4,100,104114,1,3,146356532,777177650,35252,35251,35261,785149710,250142940,820025107
17,145165669,1,127423842,1,792906294,317827973,17,971385163,575594,622797579,121,1022863173,231361516,17,736496255,642832,1028181460,1027337841,1122,121,777177650,17974747,35438,382018914,291364691,0,945635027,1122,92,6,1,800,793672,10,6,146356532,777177650,35461,35521,35481,862871618,250142940,233754428
17,145165669,1,127423842,1,792906294,317827973,17,971385163,575594,622797579,121,1022863173,231361516,17,736496255,642832,1028181460,1027337841,1122,121,777177650,17974747,35438,382018914,291364691,0,945635027,1122,182,3,2,2900,3138322,5,4,146356532,777177650,35555,35525,35563,785149710,407419891,823774455
17,145165669,1,127423842,1,792906294,317827973,17,971385163,575594,622797579,121,1022863173,231361516,17,736496255,642832,1028181460,1027337841,1122,121,777177650,17974747,35438,382018914,291364691,0,945635027,1122,147,6,3,2500,2617850,9,1,146356532,777177650,35508,35490,35525,862871618,250142940,1036175649
17,145165669,1,127423842,1,792906294,317827973,17,971385163,575594,622797579,121,1022863173,231361516,17,736496255,642832,1028181460,1027337841,1122,121,777177650,17974747,35438,382018914,291364691,0,945635027,1122,106,9,4,4000,4024400,8,8,146356532,777177650,35466,35512,35484,106211174,1001693018,212884357
17,145165669,1,127423842,1,792906294,317827973,17,971385163,575594,622797579,121,1022863173,231361516,17,736496255,642832,1028181460,1027337841,1122,121,777177650,17974747,35438,382018914,291364691,0,945635027,1122,151,2,5,1500,1576725,5,3,146356532,777177650,35533,35502,35555,785149710,407419891,589391401
17,145165669,1,127423842,1,792906294,317827973,17,971385163,575594,622797579,121,1022863173,231361516,17,736496255,642832,1028181460,1027337841,1122,121,777177650,17974747,35438,382018914,291364691,0,945635027,1122,162,7,6,2400,2549184,4,1,146356532,777177650,35495,35479,35523,106211174,250142940,1057797346
17,145165669,1,127423842,1,792906294,317827973,17,971385163,575594,622797579,121,1022863173,231361516,17,736496255,642832,1028181460,1027337841,1122,121,777177650,17974747,35438,382018914,291364691,0,945635027,1122,1,6,7,3800,3423800,0,8,146356532,777177650,35451,35520,35475,106211174,86983390,278843816
17,145165669,1,127423842,8,292608994,956262271,17,801108420,762785,918253410,121,1022863173,231361516,17,736496255,642832,1028181460,1027337841,1122,121,777177650,17974747,35438,382018914,291364691,0,945635027,1122,92,6,1,800,793672,10,6,146356532,777177650,35461,35521,35481,862871618,250142940,233754428
17,145165669,1,127423842,8,292608994,956262271,17,801108420,762785,918253410,121,1022863173,231361516,17,736496255,642832,1028181460,1027337841,1122,121,777177650,17974747,35438,382018914,291364691,0,945635027,1122,182,3,2,2900,3138322,5,4,146356532,777177650,35555,35525,35563,785149710,407419891,823774455
17,145165669,1,127423842,8,292608994,956262271,17,801108420,762785,918253410,121,1022863173,231361516,17,736496255,642832,1028181460,1027337841,1122,121,777177650,17974747,35438,382018914,291364691,0,945635027,1122,147,6,3,2500,2617850,9,1,146356532,777177650,35508,35490,35525,862871618,250142940,1036175649
17,145165669,1,127423842,8,292608994,956262271,17,801108420,762785,918253410,121,1022863173,231361516,17,736496255,642832,1028181460,1027337841,1122,121,777177650,17974747,35438,382018914,291364691,0,945635027,1122,106,9,4,4000,4024400,8,8,146356532,777177650,35466,35512,35484,106211174,1001693018,212884357
17,145165669,1,127423842,8,292608994,956262271,17,801108420,762785,918253410,121,1022863173,231361516,17,736496255,642832,1028181460,1027337841,1122,121,777177650,17974747,35438,382018914,291364691,0,945635027,1122,151,2,5,1500,1576725,5,3,146356532,777177650,35533,35502,35555,785149710,407419891,589391401
17,145165669,1,127423842,8,292608994,956262271,17,801108420,762785,918253410,121,1022863173,231361516,17,736496255,642832,1028181460,1027337841,1122,121,777177650,17974747,35438,382018914,291364691,0,945635027,1122,162,7,6,2400,2549184,4,1,146356532,777177650,35495,35479,35523,106211174,250142940,1057797346
17,145165669,1,127423842,8,292608994,956262271,17,801108420,762785,918253410,121,1022863173,231361516,17,736496255,642832,1028181460,1027337841,1122,121,777177650,17974747,35438,382018914,291364691,0,945635027,1122,1,6,7,3800,3423800,0,8,146356532,777177650,35451,35520,35475,106211174,86983390,278843816
10,185743883,4,261867689,9,895777001,658451645,10,73320802,530237,726765942,49,58080412,277187647,10,223001803,457393,373412815,529457660,1152,49,330563436,5177554,34558,483467692,286989915,0,916921648,1152,9,10,1,2300,2090700,6,4,449642453,330563436,34619,34627,34626,749443834,431484053,474803128
10,185743883,4,261867689,9,895777001,658451645,10,73320802,530237,726765942,49,58080412,277187647,10,223001803,457393,373412815,529457660,1152,49,330563436,5177554,34558,483467692,286989915,0,916921648,1152,100,2,2,2500,2500250,4,8,378580043,330563436,34625,34593,34633,749443834,1001693018,221168054
10,185743883,4,261867689,9,895777001,658451645,10,73320802,530237,726765942,49,58080412,277187647,10,223001803,457393,373412815,529457660,1152,49,330563436,5177554,34558,483467692,286989915,0,916921648,1152,42,9,3,600,565224,7,3,449642453,330563436,34673,34641,34691,749443834,944913022,45234855
17,145165669,1,127423842,1,792906294,317827973,17,971385163,575594,622797579,121,1022863173,231361516,17,736496255,642832,1028181460,1027337841,1153,121,777177650,22072797,35171,527479233,744100618,0,939514904,1153,86,7,1,1500,1479120,0,8,146356532,777177650,35177,35261,35182,862871618,407419891,61074073
17,145165669,1,127423842,1,792906294,317827973,17,971385163,575594,622797579,121,1022863173,231361516,17,736496255,642832,1028181460,1027337841,1153,121,777177650,22072797,35171,527479233,744100618,0,939514904,1153,169,8,2,5000,5345800,0,7,146356532,777177650,35241,35257,35249,785149710,1001693018,991385262
17,145165669,1,127423842,1,792906294,317827973,17,971385163,575594,622797579,121,1022863173,231361516,17,736496255,642832,1028181460,1027337841,1153,121,777177650,22072797,35171,527479233,744100618,0,939514904,1153,44,5,3,2500,2360100,0,5,146356532,777177650,35232,35242,35253,106211174,86983390,917043992
17,145165669,1,127423842,1,792906294,317827973,17,971385163,575594,622797579,121,1022863173,231361516,17,736496255,642832,1028181460,1027337841,1153,121,777177650,22072797,35171,527479233,744100618,0,939514904,1153,92,3,4,4300,4265987,1,0,146356532,777177650,35223,35215,35248,749443834,431484053,881506863
17,145165669,1,127423842,1,792906294,317827973,17,971385163,575594,622797579,121,1022863173,231361516,17,736496255,642832,1028181460,1027337841,1153,121,777177650,22072797,35171,527479233,744100618,0,939514904,1153,142,5,5,4500,4689630,0,2,146356532,777177650,35232,35234,35247,862871618,365042431,408646344
17,145165669,1,127423842,1,792906294,317827973,17,971385163,575594,622797579,121,1022863173,231361516,17,736496255,642832,1028181460,1027337841,1153,121,777177650,22072797,35171,527479233,744100618,0,939514904,1153,136,7,6,2600,2693938,2,3,146356532,777177650,35291,35256,35314,106211174,431484053,436475253
17,145165669,1,127423842,1,792906294,317827973,17,971385163,575594,622797579,121,1022863173,231361516,17,736496255,642832,1028181460,1027337841,1153,121,777177650,22072797,35171,527479233,744100618,0,939514904,1153,192,4,7,500,546095,2,3,146356532,777177650,35186,35226,35211,862871618,944913022,348154031
17,145165669,1,127423842,8,292608994,956262271,17,801108420,762785,918253410,121,1022863173,231361516,17,736496255,642832,1028181460,1027337841,1153,121,777177650,22072797,35171,527479233,744100618,0,939514904,1153,86,7,1,1500,1479120,0,8,146356532,777177650,35177,35261,35182,862871618,407419891,61074073
17,145165669,1,127423842,8,292608994,956262271,17,801108420,762785,918253410,121,1022863173,231361516,17,736496255,642832,1028181460,1027337841,1153,121,777177650,22072797,35171,527479233,744100618,0,939514904,1153,169,8,2,5000,5345800,0,7,146356532,777177650,35241,35257,35249,785149710,1001693018,991385262
17,145165669,1,127423842,8,292608994,956262271,17,801108420,762785,918253410,121,1022863173,231361516,17,736496255,642832,1028181460,1027337841,1153,121,777177650,22072797,35171,527479233,744100618,0,939514904,1153,44,5,3,2500,2360100,0,5,146356532,777177650,35232,35242,35253,106211174,86983390,917043992
17,145165669,1,127423842,8,292608994,956262271,17,801108420,762785,918253410,121,1022863173,231361516,17,736496255,642832,1028181460,1027337841,1153,121,777177650,22072797,35171,527479233,744100618,0,939514904,1153,92,3,4,4300,4265987,1,0,146356532,777177650,35223,35215,35248,749443834,431484053,881506863
17,145165669,1,127423842,8,292608994,956262271,17,801108420,762785,918253410,121,1022863173,231361516,17,736496255,642832,1028181460,1027337841,1153,121,777177650,22072797,35171,527479233,744100618,0,939514904,1153,142,5,5,4500,4689630,0,2,146356532,777177650,35232,35234,35247,862871618,365042431,408646344
17,145165669,1,127423842,8,292608994,956262271,17,801108420,762785,918253410,121,1022863173,231361516,17,736496255,642832,1028181460,1027337841,1153,121,777177650,22072797,35171,527479233,744100618,0,939514904,1153,136,7,6,2600,2693938,2,3,146356532,777177650,35291,35256,35314,106211174,431484053,436475253
17,145165669,1,127423842,8,292608994,956262271,17,801108420,762785,918253410,121,1022863173,231361516,17,736496255,642832,1028181460,1027337841,1153,121,777177650,22072797,35171,527479233,744100618,0,939514904,1153,192,4,7,500,546095,2,3,146356532,777177650,35186,35226,35211,862871618,944913022,348154031
17,145165669,1,127423842,1,792906294,317827973,17,971385163,575594,622797579,133,727108991,150278347,17,63836414,231467,701940545,136299243,1156,133,777177650,21768281,35355,382018914,690212932,0,989649096,1156,87,8,1,1500,1480620,7,6,146356532,777177650,35418,35431,35438,862871618,365042431,308210226
17,145165669,1,127423842,1,792906294,317827973,17,971385163,575594,622797579,133,727108991,150278347,17,63836414,231467,701940545,136299243,1156,133,777177650,21768281,35355,382018914,690212932,0,989649096,1156,33,4,2,2100,1959363,2,8,146356532,777177650,35374,35442,35400,106211174,365042431,1048431540
17,145165669,1,127423842,1,792906294,317827973,17,971385163,575594,622797579,133,727108991,150278347,17,63836414,231467,701940545,136299243,1156,133,777177650,21768281,35355,382018914,690212932,0,989649096,1156,12,2,3,2900,2644829,9,6,146356532,777177650,35452,35423,35463,749443834,86983390,752773758
17,145165669,1,127423842,1,792906294,317827973,17,971385163,575594,622797579,133,727108991,150278347,17,63836414,231467,701940545,136299243,1156,133,777177650,21768281,35355,382018914,690212932,0,989649096,1156,172,3,4,4200,4503114,2,0,146356532,777177650,35446,35440,35472,106211174,1001693018,118162277
17,145165669,1,127423842,1,792906294,317827973,17,971385163,575594,622797579,133,727108991,150278347,17,63836414,231467,701940545,136299243,1156,133,777177650,21768281,35355,382018914,690212932,0,989649096,1156,74,4,5,4900,4772943,4,1,146356532,777177650,35383,35399,35402,785149710,365042431,401612288
17,145165669,1,127423842,1,792906294,317827973,17,971385163,575594,622797579,133,727108991,150278347,17,63836414,231467,701940545,136299243,1156,133,777177650,21768281,35355,382018914,690212932,0,989649096,1156,195,9,6,4200,4599798,2,6,146356532,777177650,35455,35437,35456,749443834,431484053,310482608
17,145165669,1,127423842,1,792906294,317827973,17,971385163,575594,622797579,133,727108991,150278347,17,63836414,231467,701940545,136299243,1156,133,777177650,21768281,35355,382018914,690212932,0,989649096,1156,47,6,7,2000,1894080,8,7,146356532,777177650,35429,35434,35444,785149710,431484053,487767457
17,145165669,1,127423842,8,292608994,956262271,17,801108420,762785,918253410,133,727108991,150278347,17,63836414,231467,701940545,136299243,1156,133,777177650,21768281,35355,382018914,690212932,0,989649096,1156,87,8,1,1500,1480620,7,6,146356532,777177650,35418,35431,35438,862871618,365042431,308210226
17,145165669,1,127423842,8,292608994,956262271,17,801108420,762785,918253410,133,727108991,150278347,17,63836414,231467,701940545,136299243,1156,133,777177650,21768281,35355,382018914,690212932,0,989649096,1156,33,4,2,2100,1959363,2,8,146356532,777177650,35374,35442,35400,106211174,365042431,1048431540
17,145165669,1,127423842,8,292608994,956262271,17,801108420,762785,918253410,133,727108991,150278347,17,63836414,231467,701940545,136299243,1156,133,777177650,21768281,35355,382018914,690212932,0,989649096,1156,12,2,3,2900,2644829,9,6,146356532,777177650,35452,35423,35463,749443834,86983390,752773758
17,145165669,1,127423842,8,292608994,956262271,17,801108420,762785,918253410,133,727108991,150278347,17,63836414,231467,701940545,136299243,1156,133,777177650,21768281,35355,382018914,690212932,0,989649096,1156,172,3,4,4200,4503114,2,0,146356532,777177650,35446,35440,35472,106211174,1001693018,118162277
17,145165669,1,127423842,8,292608994,956262271,17,801108420,762785,918253410,133,727108991,150278347,17,63836414,231467,701940545,136299243,1156,133,777177650,21768281,35355,382018914,690212932,0,989649096,1156,74,4,5,4900,4772943,4,1,146356532,777177650,35383,35399,35402,785149710,365042431,401612288
17,145165669,1,127423842,8,292608994,956262271,17,801108420,762785,918253410,133,727108991,150278347,17,63836414,231467,701940545,136299243,1156,133,777177650,21768281,35355,382018914,690212932,0,989649096,1156,195,9,6,4200,4599798,2,6,146356532,777177650,35455,35437,35456,749443834,431484053,310482608
17,145165669,1,127423842,8,292608994,956262271,17,801108420,762785,918253410,133,727108991,150278347,17,63836414,231467,701940545,136299243,1156,133,777177650,21768281,35355,382018914,690212932,0,989649096,1156,47,6,7,2000,1894080,8,7,146356532,777177650,35429,35434,35444,785149710,431484053,487767457
17,145165669,1,127423842,1,792906294,317827973,17,971385163,575594,622797579,97,135469562,256852182,17,351137718,216448,701940545,611744579,1157,97,777177650,8539406,35807,483467692,252901601,0,173582142,1157,49,2,1,1600,1518464,6,0,146356532,777177650,35895,35861,35906,749443834,431484053,117918306
17,145165669,1,127423842,1,792906294,317827973,17,971385163,575594,622797579,97,135469562,256852182,17,351137718,216448,701940545,611744579,1157,97,777177650,8539406,35807,483467692,252901601,0,173582142,1157,83,4,2,400,393232,10,5,146356532,777177650,35848,35882,35876,749443834,407419891,839404685
17,145165669,1,127423842,1,792906294,317827973,17,971385163,575594,622797579,97,135469562,256852182,17,351137718,216448,701940545,611744579,1157,97,777177650,8539406,35807,483467692,252901601,0,173582142,1157,48,7,3,800,758432,2,0,146356532,777177650,35877,35868,35881,106211174,1001693018,956373586
17,145165669,1,127423842,1,792906294,317827973,17,971385163,575594,622797579,97,135469562,256852182,17,351137718,216448,701940545,611744579,1157,97,777177650,8539406,35807,483467692,252901601,0,173582142,1157,77,8,4,4600,4494522,7,8,146356532,777177650,35902,35865,35906,106211174,944913022,750134589
17,145165669,1,127423842,1,792906294,317827973,17,971385163,575594,622797579,97,135469562,256852182,17,351137718,216448,701940545,611744579,1157,97,777177650,8539406,35807,483467692,252901601,0,173582142,1157,160,5,5,1400,1484224,3,3,146356532,777177650,35900,35855,35914,106211174,944913022,770317042
17,145165669,1,127423842,8,292608994,956262271,17,801108420,762785,918253410,97,135469562,256852182,17,351137718,216448,701940545,611744579,1157,97,777177650,8539406,35807,483467692,252901601,0,173582142,1157,49,2,1,1600,1518464,6,0,146356532,777177650,35895,35861,35906,749443834,431484053,117918306
17,145165669,1,127423842,8,292608994,956262271,17,801108420,762785,918253410,97,135469562,256852182,17,351137718,216448,701940545,611744579,1157,97,777177650,8539406,35807,483467692,252901601,0,173582142,1157,83,4,2,400,393232,10,5,146356532,777177650,35848,35882,35876,749443834,407419891,839404685
17,145165669,1,127423842,8,292608994,956262271,17,801108420,762785,918253410,97,135469562,256852182,17,351137718,216448,701940545,611744579,1157,97,777177650,8539406,35807,483467692,252901601,0,173582142,1157,48,7,3,800,758432,2,0,146356532,777177650,35877,35868,35881,106211174,1001693018,956373586
17,145165669,1,127423842,8,292608994,956262271,17,801108420,762785,918253410,97,135469562,256852182,17,351137718,216448,701940545,611744579,1157,97,777177650,8539406,35807,483467692,252901601,0,173582142,1157,77,8,4,4600,4494522,7,8,146356532,777177650,35902,35865,35906,106211174,944913022,750134589
17,145165669,1,127423842,8,292608994,956262271,17,801108420,762785,918253410,97,135469562,256852182,17,351137718,216448,701940545,611744579,1157,97,777177650,8539406,35807,483467692,252901601,0,173582142,1157,160,5,5,1400,1484224,3,3,146356532,777177650,35900,35855,35914,106211174,944913022,770317042
14,188440933,0,29958364,6,564123676,816784291,14,177982233,136579,447900922,89,468529770,948964647,14,106551305,153076,373412815,1009632679,1184,89,777177650,3970029,35727,527479233,479437781,0,657978112,1184,47,4,1,2700,2557008,1,0,146356532,777177650,35803,35764,35830,862871618,1001693018,378405179
14,188440933,0,29958364,6,564123676,816784291,14,177982233,136579,447900922,89,468529770,948964647,14,106551305,153076,373412815,1009632679,1184,89,777177650,3970029,35727,527479233,479437781,0,657978112,1184,147,10,2,400,418856,4,3,146356532,777177650,35787,35817,35811,749443834,250142940,569992313
14,188440933,0,29958364,6,564123676,816784291,14,177982233,136579,447900922,89,468529770,948964647,14,106551305,153076,373412815,1009632679,1184,89,777177650,3970029,35727,527479233,479437781,0,657978112,1184,164,5,3,700,744912,5,0,146356532,777177650,35838,35799,35863,785149710,86983390,151387881
14,188440933,0,29958364,6,564123676,816784291,14,177982233,136579,447900922,89,468529770,948964647,14,106551305,153076,373412815,1009632679,1184,89,777177650,3970029,35727,527479233,479437781,0,657978112,1184,126,9,4,300,307836,2,5,146356532,777177650,35808,35781,35826,106211174,1001693018,622866229
1,559044011,1,1004765669,3,458785,31140224,1,73682198,419239,154263564,59,423000473,655613612,1,237474603,345860,797027742,1021373874,1186,59,777177650,8202617,35290,483467692,90557431,0,40047180,1186,3,4,1,2800,2528400,8,7,146356532,777177650,35405,35353,35412,862871618,86983390,596604908
1,559044011,1,1004765669,3,458785,31140224,1,73682198,419239,154263564,59,423000473,655613612,1,237474603,345860,797027742,1021373874,1186,59,777177650,8202617,35290,483467692,90557431,0,40047180,1186,92,5,2,1100,1091299,7,5,146356532,777177650,35339,35357,35353,749443834,365042431,610543695
1,559044011,1,1004765669,3,458785,31140224,1,73682198,419239,154263564,59,423000473,655613612,1,237474603,345860,797027742,1021373874,1186,59,777177650,8202617,35290,483467692,90557431,0,40047180,1186,101,2,3,2000,2002200,7,7,146356532,777177650,35295,35359,35311,785149710,944913022,524002789
1,559044011,1,1004765669,3,458785,31140224,1,73682198,419239,154263564,59,423000473,655613612,1,237474603,345860,797027742,1021373874,1186,59,777177650,8202617,35290,483467692,90557431,0,40047180,1186,106,7,4,2700,2716470,6,4,146356532,777177650,35344,35373,35345,862871618,407419891,728404057
11,319240162,4,108891028,5,64952534,366176741,11,103869805,-28383,275262022,134,987180522,314377204,11,814495129,460889,1028181460,724055480,1187,134,330563436,8594802,33926,1030545334,652618348,0,569414667,1187,178,6,1,2900,3126693,1,4,378580043,330563436,33946,34007,33965,862871618,250142940,3438142
11,319240162,4,108891028,5,64952534,366176741,11,103869805,-28383,275262022,134,987180522,314377204,11,814495129,460889,1028181460,724055480,1187,134,330563436,8594802,33926,1030545334,652618348,0,569414667,1187,131,7,2,1500,1546695,3,4,449642453,330563436,33958,33980,33968,106211174,86983390,703617715
11,319240162,4,108891028,5,64952534,366176741,11,103869805,-28383,275262022,134,987180522,314377204,11,814495129,460889,1028181460,724055480,1187,134,330563436,8594802,33926,1030545334,652618348,0,569414667,1187,78,8,3,4000,3912280,8,6,378580043,330563436,34031,33967,34038,106211174,86983390,943548845
5,529057841,0,890382161,2,549623314,849027485,5,58126162,403268,958596215,10,798437489,808791061,5,205635831,275354,750198692,908197369,1218,10,330563436,9983447,34503,483467692,657883030,0,316725875,1218,140,6,1,1600,1664224,4,7,449642453,330563436,34509,34551,34513,862871618,944913022,457753426
5,529057841,0,890382161,2,549623314,849027485,5,58126162,403268,958596215,10,798437489,808791061,5,205635831,275354,750198692,908197369,1218,10,330563436,9983447,34503,483467692,657883030,0,316725875,1218,94,6,2,4100,4075769,6,6,378580043,330563436,34548,34549,34555,862871618,407419891,835990037
5,529057841,0,890382161,2,549623314,849027485,5,58126162,403268,958596215,10,798437489,808791061,5,205635831,275354,750198692,908197369,1218,10,330563436,9983447,34503,483467692,657883030,0,316725875,1218,48,7,3,4400,4171376,7,6,449642453,330563436,34610,34578,34635,785149710,86983390,935129052
5,529057841,0,890382161,2,549623314,849027485,5,58126162,403268,958596215,10,798437489,808791061,5,205635831,275354,750198692,908197369,1218,10,330563436,9983447,34503,483467692,657883030,0,316725875,1218,42,9,4,100,94204,1,8,378580043,330563436,34590,34582,34608,785149710,86983390,523004170
10,185743883,4,261867689,9,895777001,658451645,10,73320802,530237,726765942,49,58080412,277187647,10,223001803,457393,373412815,529457660,1220,49,777177650,12215714,35304,382018914,630989643,0,71507688,1220,169,4,1,2500,2672900,10,3,146356532,777177650,35351,35374,35373,785149710,1001693018,410886529
10,185743883,4,261867689,9,895777001,658451645,10,73320802,530237,726765942,49,58080412,277187647,10,223001803,457393,373412815,529457660,1220,49,777177650,12215714,35304,382018914,630989643,0,71507688,1220,160,5,2,3600,3816576,1,2,146356532,777177650,35407,35381,35435,785149710,407419891,851336332
10,185743883,4,261867689,9,895777001,658451645,10,73320802,530237,726765942,49,58080412,277187647,10,223001803,457393,373412815,529457660,1220,49,777177650,12215714,35304,382018914,630989643,0,71507688,1220,37,8,3,300,281109,8,6,146356532,777177650,35312,35370,35316,785149710,1001693018,123371874
10,185743883,4,261867689,9,895777001,658451645,10,73320802,530237,726765942,49,58080412,277187647,10,223001803,457393,373412815,529457660,1220,49,777177650,12215714,35304,382018914,630989643,0,71507688,1220,6,1,4,3600,3261600,7,3,146356532,777177650,35409,35339,35412,862871618,86983390,123262158
10,185743883,4,261867689,9,895777001,658451645,10,73320802,530237,726765942,49,58080412,277187647,10,223001803,457393,373412815,529457660,1220,49,777177650,12215714,35304,382018914,630989643,0,71507688,1220,49,2,5,2500,2372600,3,8,146356532,777177650,35317,35345,35331,749443834,250142940,6513287
1,559044011,1,1004765669,3,458785,31140224,1,73682198,419239,154263564,14,959061040,122146912,1,339030647,526630,373412815,789218819,1221,14,330563436,11739716,33711,483467692,1036948298,0,652667299,1221,81,2,1,4300,4218644,5,5,378580043,330563436,33775,33798,33803,749443834,944913022,381158571
1,559044011,1,1004765669,3,458785,31140224,1,73682198,419239,154263564,14,959061040,122146912,1,339030647,526630,373412815,789218819,1221,14,330563436,11739716,33711,483467692,1036948298,0,652667299,1221,170,1,2,1200,1284204,0,8,378580043,330563436,33821,33777,33827,785149710,365042431,820422440
1,559044011,1,1004765669,3,458785,31140224,1,73682198,419239,154263564,14,959061040,122146912,1,339030647,526630,373412815,789218819,1221,14,330563436,11739716,33711,483467692,1036948298,0,652667299,1221,69,6,3,300,290718,10,8,378580043,330563436,33784,33757,33810,785149710,86983390,42277609
1,559044011,1,1004765669,3,458785,31140224,1,73682198,419239,154263564,14,959061040,122146912,1,339030647,526630,373412815,789218819,1221,14,330563436,11739716,33711,483467692,1036948298,0,652667299,1221,120,10,4,4100,4182492,6,2,449642453,330563436,33720,33785,33741,106211174,250142940,180979069
1,559044011,1,1004765669,3,458785,31140224,1,73682198,419239,154263564,14,959061040,122146912,1,339030647,526630,373412815,789218819,1221,14,330563436,11739716,33711,483467692,1036948298,0,652667299,1221,108,1,5,1300,1310530,10,0,378580043,330563436,33815,33782,33841,862871618,365042431,910399511
1,559044011,1,1004765669,3,458785,31140224,1,73682198,419239,154263564,14,959061040,122146912,1,339030647,526630,373412815,789218819,1221,14,330563436,11739716,33711,483467692,1036948298,0,652667299,1221,85,6,6,700,689556,8,6,449642453,330563436,33780,33769,33806,862871618,250142940,493205572
5,529057841,0,890382161,2,549623314,849027485,5,58126162,403268,958596215,10,798437489,808791061,5,205635831,275354,750198692,908197369,1222,10,330563436,4762394,34003,1030545334,235956276,0,493965189,1222,72,10,1,1200,1166484,9,2,449642453,330563436,34010,34040,34038,862871618,250142940,1062419985
5,529057841,0,890382161,2,549623314,849027485,5,58126162,403268,958596215,10,798437489,808791061,5,205635831,275354,750198692,908197369,1222,10,330563436,4762394,34003,1030545334,235956276,0,493965189,1222,159,7,2,1200,1270980,8,1,449642453,330563436,34092,34053,34105,862871618,1001693018,221074210
5,529057841,0,890382161,2,549623314,849027485,5,58126162,403268,958596215,10,798437489,808791061,5,205635831,275354,750198692,908197369,1222,10,330563436,4762394,34003,1030545334,235956276,0,493965189,1222,8,1,3,2600,2360800,2,8,378580043,330563436,34011,34046,34020,862871618,431484053,828538328
5,529057841,0,890382161,2,549623314,849027485,5,58126162,403268,958596215,10,798437489,808791061,5,205635831,275354,750198692,908197369,1223,10,777177650,2671467,35208,483467692,39526833,0,366727316,1223,100,1,1,2800,2800280,10,6,146356532,777177650,35282,35268,35288,862871618,431484053,1058470263
10,185743883,4,261867689,9,895777001,658451645,10,73320802,530237,726765942,49,58080412,277187647,10,223001803,457393,373412815,529457660,1248,49,330563436,21071388,33603,382018914,662066157,0,1048788443,1248,164,5,1,4500,4788720,0,8,449642453,330563436,33709,33692,33735,106211174,250142940,318598006
10,185743883,4,261867689,9,895777001,658451645,10,73320802,530237,726765942,49,58080412,277187647,10,223001803,457393,373412815,529457660,1248,49,330563436,21071388,33603,382018914,662066157,0,1048788443,1248,151,9,2,3700,3889255,6,6,378580043,330563436,33627,33637,33645,785149710,86983390,494754094
10,185743883,4,261867689,9,895777001,658451645,10,73320802,530237,726765942,49,58080412,277187647,10,223001803,457393,373412815,529457660,1248,49,330563436,21071388,33603,382018914,662066157,0,1048788443,1248,56,8,3,2600,2485730,9,6,449642453,330563436,33617,33662,33638,862871618,365042431,777938119
10,185743883,4,261867689,9,895777001,658451645,10,73320802,530237,726765942,49,58080412,277187647,10,223001803,457393,373412815,529457660,1248,49,330563436,21071388,33603,382018914,662066157,0,1048788443,1248,156,7,4,4900,5175135,2,1,449642453,330563436,33716,33650,33725,862871618,365042431,832511094
10,185743883,4,261867689,9,895777001,658451645,10,73320802,530237,726765942,49,58080412,277187647,10,223001803,457393,373412815,529457660,1248,49,330563436,21071388,33603,382018914,662066157,0,1048788443,1248,122,7,5,2000,2044240,8,0,449642453,330563436,33673,33684,33699,862871618,365042431,634642440
10,185743883,4,261867689,9,895777001,658451645,10,73320802,530237,726765942,49,58080412,277187647,10,223001803,457393,373412815,529457660,1248,49,330563436,21071388,33603,382018914,662066157,0,1048788443,1248,62,9,6,3000,2886180,10,1,378580043,330563436,33633,33685,33640,862871618,431484053,162197567
17,145165669,1,127423842,1,792906294,317827973,17,971385163,575594,622797579,97,135469562,256852182,17,351137718,216448,701940545,611744579,1280,97,330563436,9166485,33978,527479233,451885859,0,399571899,1280,129,8,1,1700,1749504,1,1,449642453,330563436,34002,34067,34005,106211174,944913022,397785276
17,145165669,1,127423842,1,792906294,317827973,17,971385163,575594,622797579,97,135469562,256852182,17,351137718,216448,701940545,611744579,1280,97,330563436,9166485,33978,527479233,451885859,0,399571899,1280,189,10,2,600,653508,5,6,378580043,330563436,34056,34014,34075,749443834,365042431,450338599
17,145165669,1,127423842,1,792906294,317827973,17,971385163,575594,622797579,97,135469562,256852182,17,351137718,216448,701940545,611744579,1280,97,330563436,9166485,33978,527479233,451885859,0,399571899,1280,33,4,3,1300,1212939,3,2,378580043,330563436,34032,34037,34044,749443834,86983390,957235327
17,145165669,1,127423842,1,792906294,317827973,17,971385163,575594,622797579,97,135469562,256852182,17,351137718,216448,701940545,611744579,1280,97,330563436,9166485,33978,527479233,451885859,0,399571899,1280,175,3,4,500,537585,6,3,378580043,330563436,34001,34009,34021,749443834,365042431,855586197
17,145165669,1,127423842,1,792906294,317827973,17,971385163,575594,622797579,97,135469562,256852182,17,351137718,216448,701940545,611744579,1280,97,330563436,9166485,33978,527479233,451885859,0,399571899,1280,52,10,5,2400,2284920,7,2,378580043,330563436,34046,34027,34066,785149710,250142940,285889249
17,145165669,1,127423842,1,792906294,317827973,17,971385163,575594,622797579,97,135469562,256852182,17,351137718,216448,701940545,611744579,1280,97,330563436,9166485,33978,527479233,451885859,0,399571899,1280,66,3,6,900,869454,0,5,378580043,330563436,34075,34054,34091,749443834,944913022,261993565
17,145165669,1,127423842,1,792906294,317827973,17,971385163,575594,622797579,97,135469562,256852182,17,351137718,216448,701940545,611744579,1280,97,330563436,9166485,33978,527479233,451885859,0,399571899,1280,92,6,7,1900,1884971,2,6,449642453,330563436,34005,34026,34010,106211174,86983390,801503922
17,145165669,1,127423842,8,292608994,956262271,17,801108420,762785,918253410,97,135469562,256852182,17,351137718,216448,701940545,611744579,1280,97,330563436,9166485,33978,527479233,451885859,0,399571899,1280,129,8,1,1700,1749504,1,1,449642453,330563436,34002,34067,34005,106211174,944913022,397785276
17,145165669,1,127423842,8,292608994,956262271,17,801108420,762785,918253410,97,135469562,256852182,17,351137718,216448,701940545,611744579,1280,97,330563436,9166485,33978,527479233,451885859,0,399571899,1280,189,10,2,600,653508,5,6,378580043,330563436,34056,34014,34075,749443834,365042431,450338599
17,145165669,1,127423842,8,292608994,956262271,17,801108420,762785,918253410,97,135469562,256852182,17,351137718,216448,701940545,611744579,1280,97,330563436,9166485,33978,527479233,451885859,0,399571899,1280,33,4,3,1300,1212939,3,2,378580043,330563436,34032,34037,34044,749443834,86983390,957235327
17,145165669,1,127423842,8,292608994,956262271,17,801108420,762785,918253410,97,135469562,256852182,17,351137718,216448,701940545,611744579,1280,97,330563436,9166485,33978,527479233,451885859,0,399571899,1280,175,3,4,500,537585,6,3,378580043,330563436,34001,34009,34021,749443834,365042431,855586197
17,145165669,1,127423842,8,292608994,956262271,17,801108420,762785,918253410,97,135469562,256852182,17,351137718,216448,701940545,611744579,1280,97,330563436,9166485,33978,527479233,451885859,0,399571899,1280,52,10,5,2400,2284920,7,2,378580043,330563436,34046,34027,34066,785149710,250142940,285889249
17,145165669,1,127423842,8,292608994,956262271,17,801108420,762785,918253410,97,135469562,256852182,17,351137718,216448,701940545,611744579,1280,97,330563436,9166485,33978,527479233,451885859,0,399571899,1280,66,3,6,900,869454,0,5,378580043,330563436,34075,34054,34091,749443834,944913022,261993565
17,145165669,1,127423842,8,292608994,956262271,17,801108420,762785,918253410,97,135469562,256852182,17,351137718,216448,701940545,611744579,1280,97,330563436,9166485,33978,527479233,451885859,0,399571899,1280,92,6,7,1900,1884971,2,6,449642453,330563436,34005,34026,34010,106211174,86983390,801503922
11,319240162,4,108891028,5,64952534,366176741,11,103869805,-28383,275262022,134,987180522,314377204,11,814495129,460889,1028181460,724055480,1284,134,777177650,10612238,35069,919150108,415568494,0,51177302,1284,178,7,1,4900,5283033,0,6,146356532,777177650,35164,35126,35169,106211174,431484053,129836978
11,319240162,4,108891028,5,64952534,366176741,11,103869805,-28383,275262022,134,987180522,314377204,11,814495129,460889,1028181460,724055480,1284,134,777177650,10612238,35069,919150108,415568494,0,51177302,1284,6,7,2,400,362400,7,6,146356532,777177650,35122,35104,35123,862871618,86983390,580248928
11,319240162,4,108891028,5,64952534,366176741,11,103869805,-28383,275262022,134,987180522,314377204,11,814495129,460889,1028181460,724055480,1284,134,777177650,10612238,35069,919150108,415568494,0,51177302,1284,133,4,3,3900,4029207,8,0,146356532,777177650,35073,35100,35098,785149710,431484053,142161625
11,319240162,4,108891028,5,64952534,366176741,11,103869805,-28383,275262022,134,987180522,314377204,11,814495129,460889,1028181460,724055480,1284,134,777177650,10612238,35069,919150108,415568494,0,51177302,1284,59,10,4,100,95905,1,7,146356532,777177650,35181,35155,35191,749443834,407419891,44834887
11,319240162,4,108891028,5,64952534,366176741,11,103869805,-28383,275262022,134,987180522,314377204,11,814495129,460889,1028181460,724055480,1284,134,777177650,10612238,35069,919150108,415568494,0,51177302,1284,34,5,5,900,840627,5,6,146356532,777177650,35125,35141,35154,749443834,1001693018,34442144
23,536896580,3,94114815,7,11315813,791810943,23,1051077640,682035,798884201,11,732482108,436872609,23,274108524,-27260,1028181460,230725263,1285,11,330563436,13912472,33754,382018914,465403415,0,796874674,1285,22,3,1,1200,1106424,0,6,449642453,330563436,33774,33830,33795,785149710,431484053,1045606279
23,536896580,3,94114815,7,11315813,791810943,23,1051077640,682035,798884201,11,732482108,436872609,23,274108524,-27260,1028181460,230725263,1285,11,330563436,13912472,33754,382018914,465403415,0,796874674,1285,143,10,2,4500,4694130,1,2,378580043,330563436,33850,33822,33877,785149710,1001693018,829332398
23,536896580,3,94114815,7,11315813,791810943,23,1051077640,682035,798884201,11,732482108,436872609,23,274108524,-27260,1028181460,230725263,1285,11,330563436,13912472,33754,382018914,465403415,0,796874674,1285,189,10,3,400,435672,9,6,449642453,330563436,33803,33831,33809,749443834,944913022,175490255
23,536896580,3,94114815,7,11315813,791810943,23,1051077640,682035,798884201,11,732482108,436872609,23,274108524,-27260,1028181460,230725263,1285,11,330563436,13912472,33754,382018914,465403415,0,796874674,1285,188,9,4,3900,4243902,5,1,449642453,330563436,33860,33819,33880,749443834,86983390,329585880
23,536896580,3,94114815,7,11315813,791810943,23,1051077640,682035,798884201,11,732482108,436872609,23,274108524,-27260,1028181460,230725263,1285,11,330563436,13912472,33754,382018914,465403415,0,796874674,1285,84,5,5,3300,3247464,0,8,378580043,330563436,33853,33839,33861,106211174,407419891,338394666
11,319240162,4,108891028,5,64952534,366176741,11,103869805,-28383,275262022,148,120951395,335387568,11,608291700,213560,750198692,672328102,1313,148,330563436,4659865,34588,382018914,901187979,0,320098729,1313,52,4,1,4800,4569840,1,3,449642453,330563436,34686,34634,34704,785149710,431484053,555059330
10,185743883,4,261867689,9,895777001,658451645,10,73320802,530237,726765942,16,606299054,831166561,10,851711143,468103,373412815,551498780,1316,16,330563436,16374647,34304,382018914,846470124,0,410916839,1316,127,6,1,4600,4724752,5,4,449642453,330563436,34345,34356,34366,785149710,86983390,853876289
10,185743883,4,261867689,9,895777001,658451645,10,73320802,530237,726765942,16,606299054,831166561,10,851711143,468103,373412815,551498780,1316,16,330563436,16374647,34304,382018914,846470124,0,410916839,1316,79,9,2,1500,1468605,2,1,378580043,330563436,34403,34393,34405,785149710,944913022,445405747
10,185743883,4,261867689,9,895777001,658451645,10,73320802,530237,726765942,16,606299054,831166561,10,851711143,468103,373412815,551498780,1316,16,330563436,16374647,34304,382018914,846470124,0,410916839,1316,198,9,3,3300,3624026,10,6,378580043,330563436,34422,34355,34442,862871618,365042431,909927780
10,185743883,4,261867689,9,895777001,658451645,10,73320802,530237,726765942,16,606299054,831166561,10,851711143,468103,373412815,551498780,1316,16,330563436,16374647,34304,382018914,846470124,0,410916839,1316,66,3,4,1500,1449090,0,6,378580043,330563436,34318,34367,34321,106211174,250142940,1046330568
10,185743883,4,261867689,9,895777001,658451645,10,73320802,530237,726765942,16,606299054,831166561,10,851711143,468103,373412815,551498780,1316,16,330563436,16374647,34304,382018914,846470124,0,410916839,1316,41,2,5,4000,3764160,1,3,378580043,330563436,34367,34372,34390,106211174,1001693018,232740353
10,185743883,4,261867689,9,895777001,658451645,10,73320802,530237,726765942,16,606299054,831166561,10,851711143,468103,373412815,551498780,1316,16,330563436,16374647,34304,382018914,846470124,0,410916839,1316,4,7,6,700,632800,5,4,449642453,330563436,34310,34344,34331,862871618,431484053,948103924
10,185743883,4,261867689,9,895777001,658451645,10,73320802,530237,726765942,16,606299054,831166561,10,851711143,468103,373412815,551498780,1316,16,330563436,16374647,34304,382018914,846470124,0,410916839,1316,163,8,7,800,850528,10,4,449642453,330563436,34417,34371,34441,106211174,407419891,865250651
15,962519746,0,265433381,4,829353804,938198330,15,991041614,464108,693080424,32,42617135,948840554,15,120905608,347153,1028181460,156874928,1319,32,777177650,3110383,35333,919150108,283718059,0,945127283,1319,61,8,1,2100,2018225,3,4,146356532,777177650,35341,35399,35364,785149710,944913022,770362963
15,962519746,0,265433381,4,829353804,938198330,15,991041614,464108,693080424,32,42617135,948840554,15,120905608,347153,1028181460,156874928,1319,32,777177650,3110383,35333,919150108,283718059,0,945127283,1319,37,8,2,1200,1124436,9,5,146356532,777177650,35372,35409,35396,749443834,86983390,965799960
15,962519746,0,265433381,4,829353804,938198330,15,991041614,464108,693080424,95,516470774,709679413,15,640996999,532738,797027742,363255963,1345,95,330563436,11120793,33903,527479233,86425258,0,873840412,1345,198,9,1,4900,5381131,8,0,449642453,330563436,33963,33990,33973,106211174,944913022,1064344950
15,962519746,0,265433381,4,829353804,938198330,15,991041614,464108,693080424,95,516470774,709679413,15,640996999,532738,797027742,363255963,1345,95,330563436,11120793,33903,527479233,86425258,0,873840412,1345,12,9,2,3700,3374437,10,7,449642453,330563436,33933,33947,33943,785149710,944913022,439063509
15,962519746,0,265433381,4,829353804,938198330,15,991041614,464108,693080424,95,516470774,709679413,15,640996999,532738,797027742,363255963,1345,95,330563436,11120793,33903,527479233,86425258,0,873840412,1345,57,8,3,3100,2966855,8,7,378580043,330563436,33938,33965,33950,785149710,1001693018,544997018
10,185743883,4,261867689,9,895777001,658451645,10,73320802,530237,726765942,41,548472177,102959959,10,589189525,27095,750198692,81122026,1347,41,777177650,17344460,35599,527479233,389527799,0,618941625,1347,81,2,1,4500,4414860,2,5,146356532,777177650,35664,35674,35679,785149710,365042431,957757383
10,185743883,4,261867689,9,895777001,658451645,10,73320802,530237,726765942,41,548472177,102959959,10,589189525,27095,750198692,81122026,1347,41,777177650,17344460,35599,527479233,389527799,0,618941625,1347,143,6,2,3400,3546676,7,4,146356532,777177650,35604,35679,35633,785149710,944913022,664308624
10,185743883,4,261867689,9,895777001,658451645,10,73320802,530237,726765942,41,548472177,102959959,10,589189525,27095,750198692,81122026,1347,41,777177650,17344460,35599,527479233,389527799,0,618941625,1347,185,6,3,2300,2495914,3,4,146356532,777177650,35640,35665,35661,785149710,407419891,583360096
10,185743883,4,261867689,9,895777001,658451645,10,73320802,530237,726765942,41,548472177,102959959,10,589189525,27095,750198692,81122026,1347,41,777177650,17344460,35599,527479233,389527799,0,618941625,1347,113,7,4,2800,2836708,1,0,146356532,777177650,35639,35631,35658,862871618,944913022,11663222
10,185743883,4,261867689,9,895777001,658451645,10,73320802,530237,726765942,41,548472177,102959959,10,589189525,27095,750198692,81122026,1347,41,777177650,17344460,35599,527479233,389527799,0,618941625,1347,65,6,5,900,868554,1,3,146356532,777177650,35668,35687,35697,749443834,365042431,807012388
10,185743883,4,261867689,9,895777001,658451645,10,73320802,530237,726765942,41,548472177,102959959,10,589189525,27095,750198692,81122026,1347,41,777177650,17344460,35599,527479233,389527799,0,618941625,1347,153,8,6,2100,2211615,6,4,146356532,777177650,35711,35656,35734,106211174,944913022,326246752
10,185743883,4,261867689,9,895777001,658451645,10,73320802,530237,726765942,41,548472177,102959959,10,589189525,27095,750198692,81122026,1347,41,777177650,17344460,35599,527479233,389527799,0,618941625,1347,51,3,7,1000,951050,2,7,146356532,777177650,35613,35632,35614,749443834,407419891,218640204
11,319240162,4,108891028,5,64952534,366176741,11,103869805,-28383,275262022,52,749902188,199806749,11,982273298,563028,750198692,628614943,1350,52,330563436,4930598,34203,382018914,141398230,0,1049076120,1350,54,9,1,2100,2003505,4,4,449642453,330563436,34318,34257,34326,785149710,1001693018,781516954
11,319240162,4,108891028,5,64952534,366176741,11,103869805,-28383,275262022,52,749902188,199806749,11,982273298,563028,750198692,628614943,1350,52,330563436,4930598,34203,382018914,141398230,0,1049076120,1350,44,5,2,3200,3020928,3,0,378580043,330563436,34289,34240,34317,785149710,431484053,853331434
1,559044011,1,1004765669,3,458785,31140224,1,73682198,419239,154263564,106,864562228,957626520,1,147772690,328842,797027742,268933212,1351,106,777177650,2463796,35903,382018914,19909882,0,419651273,1351,108,9,1,2500,2520250,6,4,146356532,777177650,35946,35938,35966,785149710,407419891,180765629
23,536896580,3,94114815,7,11315813,791810943,23,1051077640,682035,798884201,65,281052985,65225523,23,531840509,879516,701940545,1044095204,1379,65,777177650,8462776,35938,527479233,55880225,0,233750638,1379,73,3,1,1300,1264991,4,1,146356532,777177650,35952,35987,35960,106211174,365042431,474888177
23,536896580,3,94114815,7,11315813,791810943,23,1051077640,682035,798884201,65,281052985,65225523,23,531840509,879516,701940545,1044095204,1379,65,777177650,8462776,35938,527479233,55880225,0,233750638,1379,118,2,2,5000,5090550,7,8,146356532,777177650,36036,35987,36038,862871618,944913022,206633882
23,536896580,3,94114815,7,11315813,791810943,23,1051077640,682035,798884201,65,281052985,65225523,23,531840509,879516,701940545,1044095204,1379,65,777177650,8462776,35938,527479233,55880225,0,233750638,1379,13,7,3,2400,2191224,5,2,146356532,777177650,35980,35983,36003,749443834,431484053,747517780
17,145165669,1,127423842,1,792906294,317827973,17,971385163,575594,622797579,133,727108991,150278347,17,63836414,231467,701940545,136299243,1382,133,330563436,17352271,34196,527479233,399182102,0,510595081,1382,162,3,1,1800,1911888,8,3,378580043,330563436,34209,34259,34213,749443834,365042431,44500888
17,145165669,1,127423842,1,792906294,317827973,17,971385163,575594,622797579,133,727108991,150278347,17,63836414,231467,701940545,136299243,1382,133,330563436,17352271,34196,527479233,399182102,0,510595081,1382,181,2,2,2900,3135422,8,4,449642453,330563436,34248,34282,34250,785149710,944913022,388501552
17,145165669,1,127423842,1,792906294,317827973,17,971385163,575594,622797579,133,727108991,150278347,17,63836414,231467,701940545,136299243,1382,133,330563436,17352271,34196,527479233,399182102,0,510595081,1382,178,7,3,4300,4636131,10,4,449642453,330563436,34212,34246,34225,749443834,365042431,690130377
17,145165669,1,127423842,1,792906294,317827973,17,971385163,575594,622797579,133,727108991,150278347,17,63836414,231467,701940545,136299243,1382,133,330563436,17352271,34196,527479233,399182102,0,510595081,1382,181,2,4,1100,1189298,4,4,378580043,330563436,34227,34239,34231,106211174,407419891,566339387
17,145165669,1,127423842,1,792906294,317827973,17,971385163,575594,622797579,133,727108991,150278347,17,63836414,231467,701940545,136299243,1382,133,330563436,17352271,34196,527479233,399182102,0,510595081,1382,157,8,5,3100,3277165,7,3,378580043,330563436,34266,34255,34280,862871618,944913022,139690028
17,145165669,1,127423842,1,792906294,317827973,17,971385163,575594,622797579,133,727108991,150278347,17,63836414,231467,701940545,136299243,1382,133,330563436,17352271,34196,527479233,399182102,0,510595081,1382,10,5,6,3800,3458037,7,7,378580043,330563436,34288,34238,34291,785149710,407419891,481029701
17,145165669,1,127423842,1,792906294,317827973,17,971385163,575594,622797579,133,727108991,150278347,17,63836414,231467,701940545,136299243,1382,133,330563436,17352271,34196,527479233,399182102,0,510595081,1382,23,4,7,500,461510,7,1,378580043,330563436,34242,34239,34252,749443834,1001693018,918505591
17,145165669,1,127423842,8,292608994,956262271,17,801108420,762785,918253410,133,727108991,150278347,17,63836414,231467,701940545,136299243,1382,133,330563436,17352271,34196,527479233,399182102,0,510595081,1382,162,3,1,1800,1911888,8,3,378580043,330563436,34209,34259,34213,749443834,365042431,44500888
17,145165669,1,127423842,8,292608994,956262271,17,801108420,762785,918253410,133,727108991,150278347,17,63836414,231467,701940545,136299243,1382,133,330563436,17352271,34196,527479233,399182102,0,510595081,1382,181,2,2,2900,3135422,8,4,449642453,330563436,34248,34282,34250,785149710,944913022,388501552
17,145165669,1,127423842,8,292608994,956262271,17,801108420,762785,918253410,133,727108991,150278347,17,63836414,231467,701940545,136299243,1382,133,330563436,17352271,34196,527479233,399182102,0,510595081,1382,178,7,3,4300,4636131,10,4,449642453,330563436,34212,34246,34225,749443834,365042431,690130377
17,145165669,1,127423842,8,292608994,956262271,17,801108420,762785,918253410,133,727108991,150278347,17,63836414,231467,701940545,136299243,1382,133,330563436,17352271,34196,527479233,399182102,0,510595081,1382,181,2,4,1100,1189298,4,4,378580043,330563436,34227,34239,34231,106211174,407419891,566339387
17,145165669,1,127423842,8,292608994,956262271,17,801108420,762785,918253410,133,727108991,150278347,17,63836414,231467,701940545,136299243,1382,133,330563436,17352271,34196,527479233,399182102,0,510595081,1382,157,8,5,3100,3277165,7,3,378580043,330563436,34266,34255,34280,862871618,944913022,139690028
17,145165669,1,127423842,8,292608994,956262271,17,801108420,762785,918253410,133,727108991,150278347,17,63836414,231467,701940545,136299243,1382,133,330563436,17352271,34196,527479233,399182102,0,510595081,1382,10,5,6,3800,3458037,7,7,378580043,330563436,34288,34238,34291,785149710,407419891,481029701
17,145165669,1,127423842,8,292608994,956262271,17,801108420,762785,918253410,133,727108991,150278347,17,63836414,231467,701940545,136299243,1382,133,330563436,17352271,34196,527479233,399182102,0,510595081,1382,23,4,7,500,461510,7,1,378580043,330563436,34242,34239,34252,749443834,1001693018,918505591
17,145165669,1,127423842,1,792906294,317827973,17,971385163,575594,622797579,121,1022863173,231361516,17,736496255,642832,1028181460,1027337841,1383,121,330563436,3479772,34084,919150108,317301456,0,253929521,1383,193,7,1,1400,1530466,7,6,449642453,330563436,34204,34157,34222,749443834,250142940,59718989
17,145165669,1,127423842,1,792906294,317827973,17,971385163,575594,622797579,121,1022863173,231361516,17,736496255,642832,1028181460,1027337841,1383,121,330563436,3479772,34084,919150108,317301456,0,253929521,1383,161,10,2,1900,2016204,6,4,378580043,330563436,34111,34155,34132,106211174,365042431,227688146
17,145165669,1,127423842,8,292608994,956262271,17,801108420,762785,918253410,121,1022863173,231361516,17,736496255,642832,1028181460,1027337841,1383,121,330563436,3479772,34084,919150108,317301456,0,253929521,1383,193,7,1,1400,1530466,7,6,449642453,330563436,34204,34157,34222,749443834,250142940,59718989
17,145165669,1,127423842,8,292608994,956262271,17,801108420,762785,918253410,121,1022863173,231361516,17,736496255,642832,1028181460,1027337841,1383,121,330563436,3479772,34084,919150108,317301456,0,253929521,1383,161,10,2,1900,2016204,6,4,378580043,330563436,34111,34155,34132,106211174,365042431,227688146
10,185743883,4,261867689,9,895777001,658451645,10,73320802,530237,726765942,55,292749220,212078962,10,611195724,457210,797027742,482627384,1408,55,777177650,18396561,35788,483467692,469469978,0,1048849936,1408,148,7,1,2900,3039606,3,4,146356532,777177650,35864,35838,35869,785149710,431484053,503891843
10,185743883,4,261867689,9,895777001,658451645,10,73320802,530237,726765942,55,292749220,212078962,10,611195724,457210,797027742,482627384,1408,55,777177650,18396561,35788,483467692,469469978,0,1048849936,1408,173,2,2,700,751219,5,6,146356532,777177650,35807,35873,35822,785149710,365042431,387539277
10,185743883,4,261867689,9,895777001,658451645,10,73320802,530237,726765942,55,292749220,212078962,10,611195724,457210,797027742,482627384,1408,55,777177650,18396561,35788,483467692,469469978,0,1048849936,1408,76,6,3,1100,1073677,0,3,146356532,777177650,35887,35822,35901,106211174,1001693018,775344782
10,185743883,4,261867689,9,895777001,658451645,10,73320802,530237,726765942,55,292749220,212078962,10,611195724,457210,797027742,482627384,1408,55,777177650,18396561,35788,483467692,469469978,0,1048849936,1408,148,5,4,2000,2096280,6,0,146356532,777177650,35904,35818,35925,749443834,86983390,829375308
10,185743883,4,261867689,9,895777001,658451645,10,73320802,530237,726765942,55,292749220,212078962,10,611195724,457210,797027742,482627384,1408,55,777177650,18396561,35788,483467692,469469978,0,1048849936,1408,170,1,5,4100,4387697,2,6,146356532,777177650,35849,35827,35865,785149710,1001693018,949712263
10,185743883,4,261867689,9,895777001,658451645,10,73320802,530237,726765942,55,292749220,212078962,10,611195724,457210,797027742,482627384,1408,55,777177650,18396561,35788,483467692,469469978,0,1048849936,1408,134,10,6,4200,4343346,5,8,146356532,777177650,35823,35831,35842,862871618,1001693018,1036936561
10,185743883,4,261867689,9,895777001,658451645,10,73320802,530237,726765942,55,292749220,212078962,10,611195724,457210,797027742,482627384,1408,55,777177650,18396561,35788,483467692,469469978,0,1048849936,1408,55,6,7,2600,2483130,0,0,146356532,777177650,35871,35866,35884,785149710,250142940,347388365
15,962519746,0,265433381,4,829353804,938198330,15,991041614,464108,693080424,95,516470774,709679413,15,640996999,532738,797027742,363255963,1411,95,330563436,16446260,34687,919150108,973782226,0,156319639,1411,17,7,1,900,825309,6,4,449642453,330563436,34764,34760,34767,749443834,365042431,188014242
15,962519746,0,265433381,4,829353804,938198330,15,991041614,464108,693080424,95,516470774,709679413,15,640996999,532738,797027742,363255963,1411,95,330563436,16446260,34687,919150108,973782226,0,156319639,1411,107,8,2,2600,2618460,2,2,449642453,330563436,34799,34721,34820,862871618,86983390,812188918
15,962519746,0,265433381,4,829353804,938198330,15,991041614,464108,693080424,95,516470774,709679413,15,640996999,532738,797027742,363255963,1411,95,330563436,16446260,34687,919150108,973782226,0,156319639,1411,27,6,3,3700,3429974,0,6,449642453,330563436,34755,34758,34780,106211174,431484053,192591393
15,962519746,0,265433381,4,829353804,938198330,15,991041614,464108,693080424,95,516470774,709679413,15,640996999,532738,797027742,363255963,1411,95,330563436,16446260,34687,919150108,973782226,0,156319639,1411,200,3,4,2000,2200400,1,3,378580043,330563436,34793,34772,34804,785149710,944913022,1026700945
15,962519746,0,265433381,4,829353804,938198330,15,991041614,464108,693080424,95,516470774,709679413,15,640996999,532738,797027742,363255963,1411,95,330563436,16446260,34687,919150108,973782226,0,156319639,1411,83,4,5,4600,4522168,8,5,449642453,330563436,34790,34717,34792,749443834,1001693018,142207577
15,962519746,0,265433381,4,829353804,938198330,15,991041614,464108,693080424,95,516470774,709679413,15,640996999,532738,797027742,363255963,1411,95,330563436,16446260,34687,919150108,973782226,0,156319639,1411,77,6,6,3000,2931210,9,4,449642453,330563436,34709,34729,34720,749443834,431484053,731252946
15,962519746,0,265433381,4,829353804,938198330,15,991041614,464108,693080424,53,1039100764,494421651,15,378811987,411364,750198692,860477758,1412,53,330563436,7867653,34039,483467692,291364691,0,595011724,1412,58,3,1,3700,3544785,6,1,449642453,330563436,34067,34076,34069,749443834,250142940,228667843
15,962519746,0,265433381,4,829353804,938198330,15,991041614,464108,693080424,53,1039100764,494421651,15,378811987,411364,750198692,860477758,1412,53,330563436,7867653,34039,483467692,291364691,0,595011724,1412,156,1,2,2000,2112300,10,5,449642453,330563436,34152,34105,34170,749443834,1001693018,857361665
15,962519746,0,265433381,4,829353804,938198330,15,991041614,464108,693080424,53,1039100764,494421651,15,378811987,411364,750198692,860477758,1412,53,330563436,7867653,34039,483467692,291364691,0,595011724,1412,23,2,3,200,184604,10,7,378580043,330563436,34058,34090,34069,749443834,1001693018,663943431
15,962519746,0,265433381,4,829353804,938198330,15,991041614,464108,693080424,53,1039100764,494421651,15,378811987,411364,750198692,860477758,1412,53,330563436,7867653,34039,483467692,291364691,0,595011724,1412,167,8,4,1100,1173876,5,7,378580043,330563436,34114,34117,34125,749443834,431484053,972589140
15,962519746,0,265433381,4,829353804,938198330,15,991041614,464108,693080424,53,1039100764,494421651,15,378811987,411364,750198692,860477758,1412,53,330563436,7867653,34039,483467692,291364691,0,595011724,1412,158,6,5,1100,1163965,8,6,449642453,330563436,34056,34112,34078,106211174,944913022,881501815
17,145165669,1,127423842,1,792906294,317827973,17,971385163,575594,622797579,77,824012780,958172237,17,860353878,173887,1028181460,653253715,1414,77,777177650,3805781,34925,382018914,772055276,0,60821824,1414,38,4,1,3900,3658317,10,3,146356532,777177650,34962,34970,34977,106211174,431484053,413325494
17,145165669,1,127423842,1,792906294,317827973,17,971385163,575594,622797579,77,824012780,958172237,17,860353878,173887,1028181460,653253715,1414,77,777177650,3805781,34925,382018914,772055276,0,60821824,1414,107,8,2,400,402840,2,5,146356532,777177650,34956,35002,34972,785149710,365042431,146898440
17,145165669,1,127423842,8,292608994,956262271,17,801108420,762785,918253410,77,824012780,958172237,17,860353878,173887,1028181460,653253715,1414,77,777177650,3805781,34925,382018914,772055276,0,60821824,1414,38,4,1,3900,3658317,10,3,146356532,777177650,34962,34970,34977,106211174,431484053,413325494
17,145165669,1,127423842,8,292608994,956262271,17,801108420,762785,918253410,77,824012780,958172237,17,860353878,173887,1028181460,653253715,1414,77,777177650,3805781,34925,382018914,772055276,0,60821824,1414,107,8,2,400,402840,2,5,146356532,777177650,34956,35002,34972,785149710,365042431,146898440
15,962519746,0,265433381,4,829353804,938198330,15,991041614,464108,693080424,79,620373923,918253789,15,1003789897,512128,797027742,999752886,1415,79,330563436,2465479,34481,483467692,670242006,0,508739262,1415,149,10,1,2500,2622850,6,0,449642453,330563436,34578,34525,34588,749443834,250142940,803431959
11,319240162,4,108891028,5,64952534,366176741,11,103869805,-28383,275262022,134,987180522,314377204,11,814495129,460889,1028181460,724055480,1444,134,330563436,20790760,34672,1030545334,643245599,0,1061442789,1444,170,5,1,4200,4494714,1,2,378580043,330563436,34688,34759,34697,106211174,407419891,140449644
11,319240162,4,108891028,5,64952534,366176741,11,103869805,-28383,275262022,134,987180522,314377204,11,814495129,460889,1028181460,724055480,1444,134,330563436,20790760,34672,1030545334,643245599,0,1061442789,1444,57,2,2,3400,3253970,4,8,449642453,330563436,34750,34743,34775,862871618,365042431,351598567
11,319240162,4,108891028,5,64952534,366176741,11,103869805,-28383,275262022,134,987180522,314377204,11,814495129,460889,1028181460,724055480,1444,134,330563436,20790760,34672,1030545334,643245599,0,1061442789,1444,155,3,3,3400,3587510,2,7,378580043,330563436,34683,34709,34700,785149710,365042431,864856957
11,319240162,4,108891028,5,64952534,366176741,11,103869805,-28383,275262022,134,987180522,314377204,11,814495129,460889,1028181460,724055480,1444,134,330563436,20790760,34672,1030545334,643245599,0,1061442789,1444,119,6,4,600,611466,6,3,449642453,330563436,34704,34761,34714,785149710,250142940,529794750
11,319240162,4,108891028,5,64952534,366176741,11,103869805,-28383,275262022,134,987180522,314377204,11,814495129,460889,1028181460,724055480,1444,134,330563436,20790760,34672,1030545334,643245599,0,1061442789,1444,20,1,5,3500,3220070,2,5,449642453,330563436,34753,34761,34780,749443834,407419891,185980669
11,319240162,4,108891028,5,64952534,366176741,11,103869805,-28383,275262022,134,987180522,314377204,11,814495129,460889,1028181460,724055480,1444,134,330563436,20790760,34672,1030545334,643245599,0,1061442789,1444,33,4,6,4200,3918726,0,2,449642453,330563436,34682,34746,34688,749443834,250142940,835464874
11,319240162,4,108891028,5,64952534,366176741,11,103869805,-28383,275262022,134,987180522,314377204,11,814495129,460889,1028181460,724055480,1444,134,330563436,20790760,34672,1030545334,643245599,0,1061442789,1444,82,3,7,1200,1178496,0,3,378580043,330563436,34689,34712,34710,785149710,86983390,781390581
10,185743883,4,261867689,9,895777001,658451645,10,73320802,530237,726765942,41,548472177,102959959,10,589189525,27095,750198692,81122026,1446,41,777177650,2766316,35840,527479233,978336737,0,504001800,1446,72,3,1,3100,3013417,10,2,146356532,777177650,35914,35930,35943,106211174,1001693018,960257103
10,185743883,4,261867689,9,895777001,658451645,10,73320802,530237,726765942,16,606299054,831166561,10,851711143,468103,373412815,551498780,1479,16,777177650,3147104,35047,483467692,643246197,0,405430074,1479,149,6,1,3300,3462162,10,1,146356532,777177650,35134,35121,35153,749443834,944913022,728609916
11,319240162,4,108891028,5,64952534,366176741,11,103869805,-28383,275262022,148,120951395,335387568,11,608291700,213560,750198692,672328102,1506,148,330563436,19584484,33866,1030545334,776398755,0,45664107,1506,133,4,1,4600,4752398,4,5,378580043,330563436,33985,33917,34007,785149710,1001693018,931082413
11,319240162,4,108891028,5,64952534,366176741,11,103869805,-28383,275262022,148,120951395,335387568,11,608291700,213560,750198692,672328102,1506,148,330563436,19584484,33866,1030545334,776398755,0,45664107,1506,114,4,2,3000,3042330,7,2,449642453,330563436,33928,33900,33940,749443834,944913022,690931622
11,319240162,4,108891028,5,64952534,366176741,11,103869805,-28383,275262022,148,120951395,335387568,11,608291700,213560,750198692,672328102,1506,148,330563436,19584484,33866,1030545334,776398755,0,45664107,1506,191,3,3,2800,3055332,10,6,449642453,330563436,33867,33925,33884,862871618,365042431,498599195
11,319240162,4,108891028,5,64952534,366176741,11,103869805,-28383,275262022,148,120951395,335387568,11,608291700,213560,750198692,672328102,1506,148,330563436,19584484,33866,1030545334,776398755,0,45664107,1506,28,7,4,3700,3433674,0,3,378580043,330563436,33910,33937,33929,862871618,86983390,122942618
11,319240162,4,108891028,5,64952534,366176741,11,103869805,-28383,275262022,148,120951395,335387568,11,608291700,213560,750198692,672328102,1506,148,330563436,19584484,33866,1030545334,776398755,0,45664107,1506,195,8,5,1500,1642784,5,0,378580043,330563436,33869,33917,33880,106211174,1001693018,661340209
11,319240162,4,108891028,5,64952534,366176741,11,103869805,-28383,275262022,148,120951395,335387568,11,608291700,213560,750198692,672328102,1506,148,330563436,19584484,33866,1030545334,776398755,0,45664107,1506,50,3,6,3800,3610190,5,2,378580043,330563436,33938,33955,33965,106211174,1001693018,200420408
11,319240162,4,108891028,5,64952534,366176741,11,103869805,-28383,275262022,148,120951395,335387568,11,608291700,213560,750198692,672328102,1506,148,330563436,19584484,33866,1030545334,776398755,0,45664107,1506,169,6,7,400,427664,7,0,378580043,330563436,33970,33942,33972,785149710,1001693018,208614351
17,145165669,1,127423842,1,792906294,317827973,17,971385163,575594,622797579,121,1022863173,231361516,17,736496255,642832,1028181460,1027337841,1507,121,330563436,9616692,34254,1030545334,434098929,0,176432204,1507,68,5,1,2500,2420150,1,8,378580043,330563436,34339,34338,34343,106211174,250142940,1004068008
17,145165669,1,127423842,1,792906294,317827973,17,971385163,575594,622797579,121,1022863173,231361516,17,736496255,642832,1028181460,1027337841,1507,121,330563436,9616692,34254,1030545334,434098929,0,176432204,1507,40,6,2,3300,3102132,4,2,449642453,330563436,34269,34324,34285,749443834,1001693018,410465984
17,145165669,1,127423842,1,792906294,317827973,17,971385163,575594,622797579,121,1022863173,231361516,17,736496255,642832,1028181460,1027337841,1507,121,330563436,9616692,34254,1030545334,434098929,0,176432204,1507,86,7,3,3900,3845712,3,7,378580043,330563436,34275,34317,34304,862871618,1001693018,1007170017
17,145165669,1,127423842,8,292608994,956262271,17,801108420,762785,918253410,121,1022863173,231361516,17,736496255,642832,1028181460,1027337841,1507,121,330563436,9616692,34254,1030545334,434098929,0,176432204,1507,68,5,1,2500,2420150,1,8,378580043,330563436,34339,34338,34343,106211174,250142940,1004068008
17,145165669,1,127423842,8,292608994,956262271,17,801108420,762785,918253410,121,1022863173,231361516,17,736496255,642832,1028181460,1027337841,1507,121,330563436,9616692,34254,1030545334,434098929,0,176432204,1507,40,6,2,3300,3102132,4,2,449642453,330563436,34269,34324,34285,749443834,1001693018,410465984
17,145165669,1,127423842,8,292608994,956262271,17,801108420,762785,918253410,121,1022863173,231361516,17,736496255,642832,1028181460,1027337841,1507,121,330563436,9616692,34254,1030545334,434098929,0,176432204,1507,86,7,3,3900,3845712,3,7,378580043,330563436,34275,34317,34304,862871618,1001693018,1007170017
15,962519746,0,265433381,4,829353804,938198330,15,991041614,464108,693080424,53,1039100764,494421651,15,378811987,411364,750198692,860477758,1510,53,777177650,15459004,35323,527479233,851285018,0,649589510,1510,98,2,1,1100,1097899,9,4,146356532,777177650,35329,35400,35337,749443834,250142940,487951340
15,962519746,0,265433381,4,829353804,938198330,15,991041614,464108,693080424,53,1039100764,494421651,15,378811987,411364,750198692,860477758,1510,53,777177650,15459004,35323,527479233,851285018,0,649589510,1510,84,5,2,2400,2361792,5,4,146356532,777177650,35343,35358,35370,749443834,1001693018,316403775
15,962519746,0,265433381,4,829353804,938198330,15,991041614,464108,693080424,53,1039100764,494421651,15,378811987,411364,750198692,860477758,1510,53,777177650,15459004,35323,527479233,851285018,0,649589510,1510,190,1,3,3600,3924683,7,2,146356532,777177650,35338,35390,35341,106211174,407419891,33331395
15,962519746,0,265433381,4,829353804,938198330,15,991041614,464108,693080424,53,1039100764,494421651,15,378811987,411364,750198692,860477758,1510,53,777177650,15459004,35323,527479233,851285018,0,649589510,1510,182,3,4,800,865744,1,8,146356532,777177650,35362,35374,35366,862871618,250142940,589977534
15,962519746,0,265433381,4,829353804,938198330,15,991041614,464108,693080424,53,1039100764,494421651,15,378811987,411364,750198692,860477758,1510,53,777177650,15459004,35323,527479233,851285018,0,649589510,1510,59,10,5,2700,2589435,8,6,146356532,777177650,35356,35402,35369,106211174,431484053,665853750
15,962519746,0,265433381,4,829353804,938198330,15,991041614,464108,693080424,53,1039100764,494421651,15,378811987,411364,750198692,860477758,1510,53,777177650,15459004,35323,527479233,851285018,0,649589510,1510,14,5,6,300,274203,5,2,146356532,777177650,35367,35400,35380,785149710,250142940,935467998
15,962519746,0,265433381,4,829353804,938198330,15,991041614,464108,693080424,53,1039100764,494421651,15,378811987,411364,750198692,860477758,1510,53,777177650,15459004,35323,527479233,851285018,0,649589510,1510,22,1,7,5000,4610100,4,5,146356532,777177650,35368,35353,35395,106211174,431484053,1041586374
15,962519746,0,265433381,4,829353804,938198330,15,991041614,464108,693080424,79,620373923,918253789,15,1003789897,512128,797027742,999752886,1511,79,777177650,5965138,35419,483467692,312426922,0,254346050,1511,98,2,1,2900,2894461,1,4,146356532,777177650,35504,35470,35514,749443834,365042431,682213846
15,962519746,0,265433381,4,829353804,938198330,15,991041614,464108,693080424,79,620373923,918253789,15,1003789897,512128,797027742,999752886,1511,79,777177650,5965138,35419,483467692,312426922,0,254346050,1511,62,9,2,3200,3078592,4,1,146356532,777177650,35434,35508,35454,862871618,1001693018,644833242
10,185743883,4,261867689,9,895777001,658451645,10,73320802,530237,726765942,16,606299054,831166561,10,851711143,468103,373412815,551498780,1540,16,330563436,12801415,33819,919150108,41295509,0,241045680,1540,173,1,1,3800,4078046,3,1,378580043,330563436,33875,33902,33887,862871618,407419891,493235802
10,185743883,4,261867689,9,895777001,658451645,10,73320802,530237,726765942,16,606299054,831166561,10,851711143,468103,373412815,551498780,1540,16,330563436,12801415,33819,919150108,41295509,0,241045680,1540,60,2,2,3500,3360210,2,7,378580043,330563436,33906,33849,33911,862871618,407419891,895096457
10,185743883,4,261867689,9,895777001,658451645,10,73320802,530237,726765942,16,606299054,831166561,10,851711143,468103,373412815,551498780,1540,16,330563436,12801415,33819,919150108,41295509,0,241045680,1540,8,3,3,2500,2270000,8,4,378580043,330563436,33921,33899,33950,749443834,407419891,822594070
10,185743883,4,261867689,9,895777001,658451645,10,73320802,530237,726765942,16,606299054,831166561,10,851711143,468103,373412815,551498780,1540,16,330563436,12801415,33819,919150108,41295509,0,241045680,1540,25,8,4,600,555012,9,3,378580043,330563436,33842,33862,33859,785149710,431484053,239764906
10,185743883,4,261867689,9,895777001,658451645,10,73320802,530237,726765942,16,606299054,831166561,10,851711143,468103,373412815,551498780,1540,16,330563436,12801415,33819,919150108,41295509,0,241045680,1540,87,8,5,2700,2665116,10,8,378580043,330563436,33938,33893,33967,106211174,407419891,293504730
11,319240162,4,108891028,5,64952534,366176741,11,103869805,-28383,275262022,52,749902188,199806749,11,982273298,563028,750198692,628614943,1543,52,777177650,13904722,35479,382018914,398654372,0,818236052,1543,71,10,1,3400,3301637,2,8,146356532,777177650,35573,35517,35583,106211174,365042431,897961584
11,319240162,4,108891028,5,64952534,366176741,11,103869805,-28383,275262022,52,749902188,199806749,11,982273298,563028,750198692,628614943,1543,52,777177650,13904722,35479,382018914,398654372,0,818236052,1543,115,9,2,600,609066,9,1,146356532,777177650,35534,35568,35564,749443834,431484053,142891584
11,319240162,4,108891028,5,64952534,366176741,11,103869805,-28383,275262022,52,749902188,199806749,11,982273298,563028,750198692,628614943,1543,52,777177650,13904722,35479,382018914,398654372,0,818236052,1543,67,8,3,4200,4061651,6,1,146356532,777177650,35574,35517,35591,749443834,944913022,190664334
11,319240162,4,108891028,5,64952534,366176741,11,103869805,-28383,275262022,52,749902188,199806749,11,982273298,563028,750198692,628614943,1543,52,777177650,13904722,35479,382018914,398654372,0,818236052,1543,189,10,4,4200,4574556,5,6,146356532,777177650,35529,35529,35541,862871618,431484053,808909300
11,319240162,4,108891028,5,64952534,366176741,11,103869805,-28383,275262022,52,749902188,199806749,11,982273298,563028,750198692,628614943,1543,52,777177650,13904722,35479,382018914,398654372,0,818236052,1543,40,1,5,900,846036,8,6,146356532,777177650,35501,35567,35513,749443834,944913022,555876574
11,319240162,4,108891028,5,64952534,366176741,11,103869805,-28383,275262022,52,749902188,199806749,11,982273298,563028,750198692,628614943,1543,52,777177650,13904722,35479,382018914,398654372,0,818236052,1543,49,8,6,300,284712,10,4,146356532,777177650,35516,35558,35540,785149710,431484053,123341464
11,319240162,4,108891028,5,64952534,366176741,11,103869805,-28383,275262022,52,749902188,199806749,11,982273298,563028,750198692,628614943,1543,52,777177650,13904722,35479,382018914,398654372,0,818236052,1543,68,7,7,300,290418,0,2,146356532,777177650,35509,35524,35517,106211174,365042431,1071809147
10,185743883,4,261867689,9,895777001,658451645,10,73320802,530237,726765942,104,133204033,240401202,10,569591890,-58838,373412815,427642554,1569,104,777177650,8780355,35885,527479233,851473054,0,976782842,1569,75,3,1,500,487535,7,0,146356532,777177650,35899,35965,35901,785149710,1001693018,174697415
10,185743883,4,261867689,9,895777001,658451645,10,73320802,530237,726765942,104,133204033,240401202,10,569591890,-58838,373412815,427642554,1569,104,777177650,8780355,35885,527479233,851473054,0,976782842,1569,39,10,2,1600,1502448,1,8,146356532,777177650,35909,35960,35939,785149710,431484053,1062557590
10,185743883,4,261867689,9,895777001,658451645,10,73320802,530237,726765942,104,133204033,240401202,10,569591890,-58838,373412815,427642554,1569,104,777177650,8780355,35885,527479233,851473054,0,976782842,1569,49,10,3,4300,4080872,10,3,146356532,777177650,35949,35944,35972,749443834,944913022,873568392
10,185743883,4,261867689,9,895777001,658451645,10,73320802,530237,726765942,104,133204033,240401202,10,569591890,-58838,373412815,427642554,1569,104,777177650,8780355,35885,527479233,851473054,0,976782842,1569,70,1,4,3000,2910210,2,3,146356532,777177650,35993,35948,36015,106211174,407419891,530218520
23,536896580,3,94114815,7,11315813,791810943,23,1051077640,682035,798884201,11,732482108,436872609,23,274108524,-27260,1028181460,230725263,1572,11,777177650,4723279,35117,919150108,657883030,0,805400621,1572,24,5,1,4100,3788482,2,0,146356532,777177650,35199,35162,35211,862871618,1001693018,260756115
23,536896580,3,94114815,7,11315813,791810943,23,1051077640,682035,798884201,11,732482108,436872609,23,274108524,-27260,1028181460,230725263,1572,11,777177650,4723279,35117,919150108,657883030,0,805400621,1572,93,7,2,1000,993090,4,6,146356532,777177650,35200,35148,35202,106211174,365042431,1041299264
11,319240162,4,108891028,5,64952534,366176741,11,103869805,-28383,275262022,148,120951395,335387568,11,608291700,213560,750198692,672328102,1573,148,330563436,8691857,33964,919150108,743070561,0,184260440,1573,186,7,1,500,543090,5,1,449642453,330563436,34081,34039,34104,862871618,431484053,617622381
11,319240162,4,108891028,5,64952534,366176741,11,103869805,-28383,275262022,148,120951395,335387568,11,608291700,213560,750198692,672328102,1573,148,330563436,8691857,33964,919150108,743070561,0,184260440,1573,31,2,2,1700,1582751,0,6,378580043,330563436,34022,34014,34034,862871618,86983390,173089613
11,319240162,4,108891028,5,64952534,366176741,11,103869805,-28383,275262022,148,120951395,335387568,11,608291700,213560,750198692,672328102,1573,148,330563436,8691857,33964,919150108,743070561,0,184260440,1573,83,4,3,1600,1572928,4,3,449642453,330563436,34041,34042,34057,785149710,365042431,838312008
11,319240162,4,108891028,5,64952534,366176741,11,103869805,-28383,275262022,148,120951395,335387568,11,608291700,213560,750198692,672328102,1573,148,330563436,8691857,33964,919150108,743070561,0,184260440,1573,194,7,4,1100,1203609,9,1,378580043,330563436,34049,34050,34069,862871618,250142940,683310533
11,319240162,4,108891028,5,64952534,366176741,11,103869805,-28383,275262022,148,120951395,335387568,11,608291700,213560,750198692,672328102,1573,148,330563436,8691857,33964,919150108,743070561,0,184260440,1573,137,8,5,700,725991,0,1,378580043,330563436,33997,34040,34025,749443834,407419891,569493985
11,319240162,4,108891028,5,64952534,366176741,11,103869805,-28383,275262022,148,120951395,335387568,11,608291700,213560,750198692,672328102,1573,148,330563436,8691857,33964,919150108,743070561,0,184260440,1573,154,6,6,3000,3162450,3,1,449642453,330563436,33965,34032,33969,749443834,86983390,411815021
11,319240162,4,108891028,5,64952534,366176741,11,103869805,-28383,275262022,134,987180522,314377204,11,814495129,460889,1028181460,724055480,1574,134,777177650,17992354,35409,1030545334,972070541,0,908825450,1574,48,7,1,4100,3886964,6,2,146356532,777177650,35495,35468,35519,785149710,365042431,917641099
11,319240162,4,108891028,5,64952534,366176741,11,103869805,-28383,275262022,134,987180522,314377204,11,814495129,460889,1028181460,724055480,1574,134,777177650,17992354,35409,1030545334,972070541,0,908825450,1574,191,5,2,5000,5455950,0,5,146356532,777177650,35411,35473,35413,862871618,944913022,1046220599
11,319240162,4,108891028,5,64952534,366176741,11,103869805,-28383,275262022,134,987180522,314377204,11,814495129,460889,1028181460,724055480,1574,134,777177650,17992354,35409,1030545334,972070541,0,908825450,1574,55,3,3,2500,2387625,6,2,146356532,777177650,35444,35473,35471,749443834,86983390,859461187
11,319240162,4,108891028,5,64952534,366176741,11,103869805,-28383,275262022,134,987180522,314377204,11,814495129,460889,1028181460,724055480,1574,134,777177650,17992354,35409,1030545334,972070541,0,908825450,1574,191,4,4,600,654714,3,5,146356532,777177650,35483,35462,35488,106211174,365042431,291196672
11,319240162,4,108891028,5,64952534,366176741,11,103869805,-28383,275262022,134,987180522,314377204,11,814495129,460889,1028181460,724055480,1574,134,777177650,17992354,35409,1030545334,972070541,0,908825450,1574,109,4,5,600,605460,5,5,146356532,777177650,35468,35489,35473,785149710,431484053,150183027
11,319240162,4,108891028,5,64952534,366176741,11,103869805,-28383,275262022,134,987180522,314377204,11,814495129,460889,1028181460,724055480,1574,134,777177650,17992354,35409,1030545334,972070541,0,908825450,1574,5,2,6,4200,3801000,7,1,146356532,777177650,35416,35441,35425,106211174,944913022,271296100
11,319240162,4,108891028,5,64952534,366176741,11,103869805,-28383,275262022,134,987180522,314377204,11,814495129,460889,1028181460,724055480,1574,134,777177650,17992354,35409,1030545334,972070541,0,908825450,1574,136,7,7,1400,1450582,4,1,146356532,777177650,35427,35447,35448,106211174,365042431,13842240
15,962519746,0,265433381,4,829353804,938198330,15,991041614,464108,693080424,53,1039100764,494421651,15,378811987,411364,750198692,860477758,1601,53,330563436,7396295,34571,527479233,66799206,0,319345223,1601,167,8,1,600,640296,0,0,449642453,330563436,34624,34603,34628,785149710,407419891,411810257
15,962519746,0,265433381,4,829353804,938198330,15,991041614,464108,693080424,53,1039100764,494421651,15,378811987,411364,750198692,860477758,1601,53,330563436,7396295,34571,527479233,66799206,0,319345223,1601,175,3,2,5000,5375850,3,2,378580043,330563436,34690,34628,34708,785149710,944913022,600489789
15,962519746,0,265433381,4,829353804,938198330,15,991041614,464108,693080424,53,1039100764,494421651,15,378811987,411364,750198692,860477758,1601,53,330563436,7396295,34571,527479233,66799206,0,319345223,1601,90,1,3,1400,1386126,4,8,378580043,330563436,34592,34658,34608,749443834,250142940,914228034
15,962519746,0,265433381,4,829353804,938198330,15,991041614,464108,693080424,1,344882864,682453024,15,684099442,71156,1028181460,960303019,1602,1,330563436,422526,34184,527479233,302893045,0,825534679,1602,183,4,1,400,433272,8,6,378580043,330563436,34271,34215,34292,106211174,250142940,297840703
15,962519746,0,265433381,4,829353804,938198330,15,991041614,464108,693080424,53,1039100764,494421651,15,378811987,411364,750198692,860477758,1606,53,777177650,11587740,35535,483467692,829866435,0,809191105,1606,115,6,1,2100,2131731,4,0,146356532,777177650,35581,35611,35606,749443834,250142940,174753341
15,962519746,0,265433381,4,829353804,938198330,15,991041614,464108,693080424,53,1039100764,494421651,15,378811987,411364,750198692,860477758,1606,53,777177650,11587740,35535,483467692,829866435,0,809191105,1606,174,3,2,3500,3759594,0,2,146356532,777177650,35599,35598,35601,785149710,86983390,788577967
15,962519746,0,265433381,4,829353804,938198330,15,991041614,464108,693080424,53,1039100764,494421651,15,378811987,411364,750198692,860477758,1606,53,777177650,11587740,35535,483467692,829866435,0,809191105,1606,100,4,3,2300,2300230,0,6,146356532,777177650,35537,35605,35548,106211174,431484053,868540935
15,962519746,0,265433381,4,829353804,938198330,15,991041614,464108,693080424,53,1039100764,494421651,15,378811987,411364,750198692,860477758,1606,53,777177650,11587740,35535,483467692,829866435,0,809191105,1606,97,9,4,2000,1994180,2,4,146356532,777177650,35549,35574,35576,862871618,86983390,191434264
15,962519746,0,265433381,4,829353804,938198330,15,991041614,464108,693080424,53,1039100764,494421651,15,378811987,411364,750198692,860477758,1606,53,777177650,11587740,35535,483467692,829866435,0,809191105,1606,71,10,5,1400,1359498,10,1,146356532,777177650,35567,35614,35589,785149710,944913022,57402523
10,185743883,4,261867689,9,895777001,658451645,10,73320802,530237,726765942,16,606299054,831166561,10,851711143,468103,373412815,551498780,1633,16,777177650,5235951,34984,919150108,470375349,0,217442410,1633,178,7,1,3500,3773594,1,2,146356532,777177650,35071,35033,35083,785149710,1001693018,310430072
10,185743883,4,261867689,9,895777001,658451645,10,73320802,530237,726765942,16,606299054,831166561,10,851711143,468103,373412815,551498780,1633,16,777177650,5235951,34984,919150108,470375349,0,217442410,1633,5,6,2,1500,1357500,0,5,146356532,777177650,35044,35014,35066,862871618,944913022,402129283
15,962519746,0,265433381,4,829353804,938198330,15,991041614,464108,693080424,79,620373923,918253789,15,1003789897,512128,797027742,999752886,1636,79,777177650,17202187,35596,1030545334,224455481,0,110782682,1636,85,6,1,200,197016,9,3,146356532,777177650,35697,35662,35706,106211174,86983390,851489060
15,962519746,0,265433381,4,829353804,938198330,15,991041614,464108,693080424,79,620373923,918253789,15,1003789897,512128,797027742,999752886,1636,79,777177650,17202187,35596,1030545334,224455481,0,110782682,1636,169,10,2,4500,4811220,3,1,146356532,777177650,35623,35648,35636,785149710,250142940,1030099736
15,962519746,0,265433381,4,829353804,938198330,15,991041614,464108,693080424,79,620373923,918253789,15,1003789897,512128,797027742,999752886,1636,79,777177650,17202187,35596,1030545334,224455481,0,110782682,1636,108,1,3,2400,2419440,7,8,146356532,777177650,35708,35652,35736,862871618,431484053,907619480
15,962519746,0,265433381,4,829353804,938198330,15,991041614,464108,693080424,79,620373923,918253789,15,1003789897,512128,797027742,999752886,1636,79,777177650,17202187,35596,1030545334,224455481,0,110782682,1636,153,1,4,4300,4528545,6,0,146356532,777177650,35663,35650,35688,106211174,1001693018,703899116
15,962519746,0,265433381,4,829353804,938198330,15,991041614,464108,693080424,79,620373923,918253789,15,1003789897,512128,797027742,999752886,1636,79,777177650,17202187,35596,1030545334,224455481,0,110782682,1636,19,6,5,2200,2021822,5,2,146356532,777177650,35631,35658,35643,785149710,365042431,793063800
15,962519746,0,265433381,4,829353804,938198330,15,991041614,464108,693080424,79,620373923,918253789,15,1003789897,512128,797027742,999752886,1636,79,777177650,17202187,35596,1030545334,224455481,0,110782682,1636,63,2,6,3400,3274404,10,1,146356532,777177650,35651,35680,35663,106211174,86983390,507880094
15,962519746,0,265433381,4,829353804,938198330,15,991041614,464108,693080424,79,620373923,918253789,15,1003789897,512128,797027742,999752886,1636,79,777177650,17202187,35596,1030545334,224455481,0,110782682,1636,114,1,7,700,709877,4,0,146356532,777177650,35637,35681,35640,106211174,431484053,486820763
15,962519746,0,265433381,4,829353804,938198330,15,991041614,464108,693080424,95,516470774,709679413,15,640996999,532738,797027742,363255963,1666,95,777177650,12836797,34988,382018914,601516552,0,428881849,1666,185,6,1,3000,3255540,4,3,146356532,777177650,34998,35031,35019,862871618,365042431,718823941
15,962519746,0,265433381,4,829353804,938198330,15,991041614,464108,693080424,95,516470774,709679413,15,640996999,532738,797027742,363255963,1666,95,777177650,12836797,34988,382018914,601516552,0,428881849,1666,64,1,2,2000,1928120,1,0,146356532,777177650,35089,35043,35093,106211174,1001693018,816902312
15,962519746,0,265433381,4,829353804,938198330,15,991041614,464108,693080424,95,516470774,709679413,15,640996999,532738,797027742,363255963,1666,95,777177650,12836797,34988,382018914,601516552,0,428881849,1666,134,10,3,3100,3205803,5,7,146356532,777177650,35104,35073,35121,785149710,250142940,791444070
15,962519746,0,265433381,4,829353804,938198330,15,991041614,464108,693080424,95,516470774,709679413,15,640996999,532738,797027742,363255963,1666,95,777177650,12836797,34988,382018914,601516552,0,428881849,1666,169,8,4,4100,4383556,6,8,146356532,777177650,35030,35066,35055,106211174,86983390,179066167
17,145165669,1,127423842,1,792906294,317827973,17,971385163,575594,622797579,35,838315206,970339776,17,936827836,122824,750198692,831183110,1671,35,777177650,10439111,35271,483467692,421211526,0,670235427,1671,149,2,1,2100,2203194,2,7,146356532,777177650,35272,35334,35283,862871618,365042431,919361011
17,145165669,1,127423842,1,792906294,317827973,17,971385163,575594,622797579,35,838315206,970339776,17,936827836,122824,750198692,831183110,1671,35,777177650,10439111,35271,483467692,421211526,0,670235427,1671,96,10,2,400,398436,5,0,146356532,777177650,35305,35325,35329,749443834,86983390,824832167
17,145165669,1,127423842,1,792906294,317827973,17,971385163,575594,622797579,35,838315206,970339776,17,936827836,122824,750198692,831183110,1671,35,777177650,10439111,35271,483467692,421211526,0,670235427,1671,124,3,3,1100,1126532,6,8,146356532,777177650,35322,35357,35324,106211174,407419891,247207950
17,145165669,1,127423842,1,792906294,317827973,17,971385163,575594,622797579,35,838315206,970339776,17,936827836,122824,750198692,831183110,1671,35,777177650,10439111,35271,483467692,421211526,0,670235427,1671,178,7,4,500,539085,0,0,146356532,777177650,35381,35356,35392,862871618,944913022,15038969
17,145165669,1,127423842,1,792906294,317827973,17,971385163,575594,622797579,35,838315206,970339776,17,936827836,122824,750198692,831183110,1671,35,777177650,10439111,35271,483467692,421211526,0,670235427,1671,127,8,5,1200,1232544,7,4,146356532,777177650,35384,35308,35414,785149710,250142940,1055480791
17,145165669,1,127423842,1,792906294,317827973,17,971385163,575594,622797579,35,838315206,970339776,17,936827836,122824,750198692,831183110,1671,35,777177650,10439111,35271,483467692,421211526,0,670235427,1671,197,9,6,4600,5047074,8,5,146356532,777177650,35319,35350,35334,862871618,1001693018,939905820
17,145165669,1,127423842,8,292608994,956262271,17,801108420,762785,918253410,35,838315206,970339776,17,936827836,122824,750198692,831183110,1671,35,777177650,10439111,35271,483467692,421211526,0,670235427,1671,149,2,1,2100,2203194,2,7,146356532,777177650,35272,35334,35283,862871618,365042431,919361011
17,145165669,1,127423842,8,292608994,956262271,17,801108420,762785,918253410,35,838315206,970339776,17,936827836,122824,750198692,831183110,1671,35,777177650,10439111,35271,483467692,421211526,0,670235427,1671,96,10,2,400,398436,5,0,146356532,777177650,35305,35325,35329,749443834,86983390,824832167
17,145165669,1,127423842,8,292608994,956262271,17,801108420,762785,918253410,35,838315206,970339776,17,936827836,122824,750198692,831183110,1671,35,777177650,10439111,35271,483467692,421211526,0,670235427,1671,124,3,3,1100,1126532,6,8,146356532,777177650,35322,35357,35324,106211174,407419891,247207950
17,145165669,1,127423842,8,292608994,956262271,17,801108420,762785,918253410,35,838315206,970339776,17,936827836,122824,750198692,831183110,1671,35,777177650,10439111,35271,483467692,421211526,0,670235427,1671,178,7,4,500,539085,0,0,146356532,777177650,35381,35356,35392,862871618,944913022,15038969
17,145165669,1,127423842,8,292608994,956262271,17,801108420,762785,918253410,35,838315206,970339776,17,936827836,122824,750198692,831183110,1671,35,777177650,10439111,35271,483467692,421211526,0,670235427,1671,127,8,5,1200,1232544,7,4,146356532,777177650,35384,35308,35414,785149710,250142940,1055480791
17,145165669,1,127423842,8,292608994,956262271,17,801108420,762785,918253410,35,838315206,970339776,17,936827836,122824,750198692,831183110,1671,35,777177650,10439111,35271,483467692,421211526,0,670235427,1671,197,9,6,4600,5047074,8,5,146356532,777177650,35319,35350,35334,862871618,1001693018,939905820
5,529057841,0,890382161,2,549623314,849027485,5,58126162,403268,958596215,85,1001770604,231357394,5,608676529,338664,373412815,725868244,1699,85,330563436,6640828,34331,382018914,350946653,0,408044999,1699,38,9,1,5000,4690150,0,6,449642453,330563436,34417,34414,34442,106211174,944913022,318013001
5,529057841,0,890382161,2,549623314,849027485,5,58126162,403268,958596215,85,1001770604,231357394,5,608676529,338664,373412815,725868244,1699,85,330563436,6640828,34331,382018914,350946653,0,408044999,1699,135,6,2,1700,1759721,7,2,378580043,330563436,34344,34403,34371,106211174,365042431,897418520
23,536896580,3,94114815,7,11315813,791810943,23,1051077640,682035,798884201,65,281052985,65225523,23,531840509,879516,701940545,1044095204,1700,65,777177650,8914336,35229,1030545334,692206666,0,995223267,1700,140,1,1,3800,3952532,4,4,146356532,777177650,35339,35271,35358,106211174,250142940,943338844
23,536896580,3,94114815,7,11315813,791810943,23,1051077640,682035,798884201,65,281052985,65225523,23,531840509,879516,701940545,1044095204,1700,65,777177650,8914336,35229,1030545334,692206666,0,995223267,1700,156,7,2,4900,5175135,4,0,146356532,777177650,35332,35272,35352,106211174,86983390,807557591
11,319240162,4,108891028,5,64952534,366176741,11,103869805,-28383,275262022,134,987180522,314377204,11,814495129,460889,1028181460,724055480,1703,134,330563436,12122059,33995,1030545334,522919037,0,249760095,1703,166,5,1,3600,3838176,9,1,378580043,330563436,34079,34031,34081,749443834,407419891,490320158
11,319240162,4,108891028,5,64952534,366176741,11,103869805,-28383,275262022,134,987180522,314377204,11,814495129,460889,1028181460,724055480,1703,134,330563436,12122059,33995,1030545334,522919037,0,249760095,1703,137,8,2,3500,3629955,1,8,378580043,330563436,34071,34057,34084,106211174,250142940,152972815
11,319240162,4,108891028,5,64952534,366176741,11,103869805,-28383,275262022,134,987180522,314377204,11,814495129,460889,1028181460,724055480,1703,134,330563436,12122059,33995,1030545334,522919037,0,249760095,1703,124,5,3,4800,4915776,6,2,378580043,330563436,34005,34077,34022,862871618,365042431,852790468
17,145165669,1,127423842,1,792906294,317827973,17,971385163,575594,622797579,133,727108991,150278347,17,63836414,231467,701940545,136299243,1729,133,330563436,1213776,33741,919150108,483682045,0,92705560,1729,157,8,1,1200,1268580,8,4,449642453,330563436,33825,33807,33830,785149710,250142940,115292797
17,145165669,1,127423842,8,292608994,956262271,17,801108420,762785,918253410,133,727108991,150278347,17,63836414,231467,701940545,136299243,1729,133,330563436,1213776,33741,919150108,483682045,0,92705560,1729,157,8,1,1200,1268580,8,4,449642453,330563436,33825,33807,33830,785149710,250142940,115292797
11,319240162,4,108891028,5,64952534,366176741,11,103869805,-28383,275262022,148,120951395,335387568,11,608291700,213560,750198692,672328102,1733,148,777177650,16548951,35195,919150108,281548201,0,814717258,1733,111,5,1,4100,4145551,8,1,146356532,777177650,35227,35252,35251,862871618,365042431,546885845
11,319240162,4,108891028,5,64952534,366176741,11,103869805,-28383,275262022,148,120951395,335387568,11,608291700,213560,750198692,672328102,1733,148,777177650,16548951,35195,919150108,281548201,0,814717258,1733,24,7,2,1600,1478432,0,4,146356532,777177650,35303,35269,35333,785149710,431484053,918105262
11,319240162,4,108891028,5,64952534,366176741,11,103869805,-28383,275262022,148,120951395,335387568,11,608291700,213560,750198692,672328102,1733,148,777177650,16548951,35195,919150108,281548201,0,814717258,1733,120,10,3,2900,2958348,10,6,146356532,777177650,35260,35283,35272,106211174,86983390,704593285
11,319240162,4,108891028,5,64952534,366176741,11,103869805,-28383,275262022,148,120951395,335387568,11,608291700,213560,750198692,672328102,1733,148,777177650,16548951,35195,919150108,281548201,0,814717258,1733,136,7,4,3800,3937294,1,3,146356532,777177650,35301,35267,35303,106211174,944913022,817077263
11,319240162,4,108891028,5,64952534,366176741,11,103869805,-28383,275262022,148,120951395,335387568,11,608291700,213560,750198692,672328102,1733,148,777177650,16548951,35195,919150108,281548201,0,814717258,1733,34,5,5,2200,2054866,6,7,146356532,777177650,35260,35268,35274,785149710,365042431,711798783
11,319240162,4,108891028,5,64952534,366176741,11,103869805,-28383,275262022,148,120951395,335387568,11,608291700,213560,750198692,672328102,1733,148,777177650,16548951,35195,919150108,281548201,0,814717258,1733,66,7,6,900,869454,6,8,146356532,777177650,35208,35267,35224,785149710,86983390,620435776
11,319240162,4,108891028,5,64952534,366176741,11,103869805,-28383,275262022,148,120951395,335387568,11,608291700,213560,750198692,672328102,1733,148,777177650,16548951,35195,919150108,281548201,0,814717258,1733,146,9,7,1300,1359982,2,3,146356532,777177650,35278,35277,35293,106211174,431484053,877107838
1,559044011,1,1004765669,3,458785,31140224,1,73682198,419239,154263564,106,864562228,957626520,1,147772690,328842,797027742,268933212,1761,106,330563436,21192595,34325,919150108,416951019,0,363868215,1761,52,4,1,3300,3141765,9,3,378580043,330563436,34335,34355,34363,106211174,944913022,659486354
1,559044011,1,1004765669,3,458785,31140224,1,73682198,419239,154263564,106,864562228,957626520,1,147772690,328842,797027742,268933212,1761,106,330563436,21192595,34325,919150108,416951019,0,363868215,1761,52,3,2,3700,3522585,2,7,378580043,330563436,34380,34399,34407,106211174,250142940,645466807
1,559044011,1,1004765669,3,458785,31140224,1,73682198,419239,154263564,106,864562228,957626520,1,147772690,328842,797027742,268933212,1761,106,330563436,21192595,34325,919150108,416951019,0,363868215,1761,49,6,3,3700,3511448,6,4,378580043,330563436,34334,34403,34357,749443834,86983390,892008791
1,559044011,1,1004765669,3,458785,31140224,1,73682198,419239,154263564,106,864562228,957626520,1,147772690,328842,797027742,268933212,1761,106,330563436,21192595,34325,919150108,416951019,0,363868215,1761,73,1,4,4900,4768043,6,7,378580043,330563436,34340,34394,34368,862871618,944913022,814972850
1,559044011,1,1004765669,3,458785,31140224,1,73682198,419239,154263564,106,864562228,957626520,1,147772690,328842,797027742,268933212,1761,106,330563436,21192595,34325,919150108,416951019,0,363868215,1761,157,5,5,3700,3911455,3,4,378580043,330563436,34446,34405,34451,862871618,431484053,740628461
1,559044011,1,1004765669,3,458785,31140224,1,73682198,419239,154263564,106,864562228,957626520,1,147772690,328842,797027742,268933212,1761,106,330563436,21192595,34325,919150108,416951019,0,363868215,1761,24,7,6,1200,1108824,1,5,449642453,330563436,34438,34399,34443,749443834,365042431,28205312
1,559044011,1,1004765669,3,458785,31140224,1,73682198,419239,154263564,106,864562228,957626520,1,147772690,328842,797027742,268933212,1761,106,330563436,21192595,34325,919150108,416951019,0,363868215,1761,1,6,7,1300,1171300,3,8,378580043,330563436,34397,34409,34413,749443834,86983390,419713704
17,145165669,1,127423842,1,792906294,317827973,17,971385163,575594,622797579,77,824012780,958172237,17,860353878,173887,1028181460,653253715,1762,77,330563436,20222717,34564,483467692,599770537,0,477127644,1762,26,5,1,1500,1389030,4,8,449642453,330563436,34684,34634,34714,862871618,1001693018,969747121
17,145165669,1,127423842,1,792906294,317827973,17,971385163,575594,622797579,77,824012780,958172237,17,860353878,173887,1028181460,653253715,1762,77,330563436,20222717,34564,483467692,599770537,0,477127644,1762,50,3,2,3900,3705194,10,2,449642453,330563436,34587,34645,34613,749443834,431484053,620303199
17,145165669,1,127423842,1,792906294,317827973,17,971385163,575594,622797579,77,824012780,958172237,17,860353878,173887,1028181460,653253715,1762,77,330563436,20222717,34564,483467692,599770537,0,477127644,1762,32,8,3,700,652421,5,1,378580043,330563436,34578,34607,34585,106211174,1001693018,787398252
17,145165669,1,127423842,1,792906294,317827973,17,971385163,575594,622797579,77,824012780,958172237,17,860353878,173887,1028181460,653253715,1762,77,330563436,20222717,34564,483467692,599770537,0,477127644,1762,145,2,4,2400,2508336,3,3,449642453,330563436,34666,34638,34686,106211174,1001693018,535174507
17,145165669,1,127423842,1,792906294,317827973,17,971385163,575594,622797579,77,824012780,958172237,17,860353878,173887,1028181460,653253715,1762,77,330563436,20222717,34564,483467692,599770537,0,477127644,1762,8,9,5,4900,4449200,8,5,449642453,330563436,34625,34638,34646,862871618,407419891,999760134
17,145165669,1,127423842,1,792906294,317827973,17,971385163,575594,622797579,77,824012780,958172237,17,860353878,173887,1028181460,653253715,1762,77,330563436,20222717,34564,483467692,599770537,0,477127644,1762,94,7,6,3500,3479315,5,5,449642453,330563436,34661,34626,34664,785149710,365042431,1028335370
17,145165669,1,127423842,1,792906294,317827973,17,971385163,575594,622797579,77,824012780,958172237,17,860353878,173887,1028181460,653253715,1762,77,330563436,20222717,34564,483467692,599770537,0,477127644,1762,73,3,7,4700,4573429,3,1,449642453,330563436,34638,34612,34644,106211174,407419891,744191270
17,145165669,1,127423842,8,292608994,956262271,17,801108420,762785,918253410,77,824012780,958172237,17,860353878,173887,1028181460,653253715,1762,77,330563436,20222717,34564,483467692,599770537,0,477127644,1762,26,5,1,1500,1389030,4,8,449642453,330563436,34684,34634,34714,862871618,1001693018,969747121
17,145165669,1,127423842,8,292608994,956262271,17,801108420,762785,918253410,77,824012780,958172237,17,860353878,173887,1028181460,653253715,1762,77,330563436,20222717,34564,483467692,599770537,0,477127644,1762,50,3,2,3900,3705194,10,2,449642453,330563436,34587,34645,34613,749443834,431484053,620303199
17,145165669,1,127423842,8,292608994,956262271,17,801108420,762785,918253410,77,824012780,958172237,17,860353878,173887,1028181460,653253715,1762,77,330563436,20222717,34564,483467692,599770537,0,477127644,1762,32,8,3,700,652421,5,1,378580043,330563436,34578,34607,34585,106211174,1001693018,787398252
17,145165669,1,127423842,8,292608994,956262271,17,801108420,762785,918253410,77,824012780,958172237,17,860353878,173887,1028181460,653253715,1762,77,330563436,20222717,34564,483467692,599770537,0,477127644,1762,145,2,4,2400,2508336,3,3,449642453,330563436,34666,34638,34686,106211174,1001693018,535174507
17,145165669,1,127423842,8,292608994,956262271,17,801108420,762785,918253410,77,824012780,958172237,17,860353878,173887,1028181460,653253715,1762,77,330563436,20222717,34564,483467692,599770537,0,477127644,1762,8,9,5,4900,4449200,8,5,449642453,330563436,34625,34638,34646,862871618,407419891,999760134
17,145165669,1,127423842,8,292608994,956262271,17,801108420,762785,918253410,77,824012780,958172237,17,860353878,173887,1028181460,653253715,1762,77,330563436,20222717,34564,483467692,599770537,0,477127644,1762,94,7,6,3500,3479315,5,5,449642453,330563436,34661,34626,34664,785149710,365042431,1028335370
17,145165669,1,127423842,8,292608994,956262271,17,801108420,762785,918253410,77,824012780,958172237,17,860353878,173887,1028181460,653253715,1762,77,330563436,20222717,34564,483467692,599770537,0,477127644,1762,73,3,7,4700,4573429,3,1,449642453,330563436,34638,34612,34644,106211174,407419891,744191270
17,145165669,1,127423842,1,792906294,317827973,17,971385163,575594,622797579,121,1022863173,231361516,17,736496255,642832,1028181460,1027337841,1763,121,777177650,14068501,35365,919150108,207904796,0,778771833,1763,12,9,1,2200,2006422,9,6,146356532,777177650,35445,35443,35462,862871618,407419891,239442430
17,145165669,1,127423842,1,792906294,317827973,17,971385163,575594,622797579,121,1022863173,231361516,17,736496255,642832,1028181460,1027337841,1763,121,777177650,14068501,35365,919150108,207904796,0,778771833,1763,157,5,2,4300,4545745,4,4,146356532,777177650,35371,35406,35395,749443834,944913022,514914655
17,145165669,1,127423842,1,792906294,317827973,17,971385163,575594,622797579,121,1022863173,231361516,17,736496255,642832,1028181460,1027337841,1763,121,777177650,14068501,35365,919150108,207904796,0,778771833,1763,25,10,3,1600,1480032,6,2,146356532,777177650,35409,35401,35422,749443834,250142940,1015036282
17,145165669,1,127423842,1,792906294,317827973,17,971385163,575594,622797579,121,1022863173,231361516,17,736496255,642832,1028181460,1027337841,1763,121,777177650,14068501,35365,919150108,207904796,0,778771833,1763,61,6,4,4400,4228664,4,5,146356532,777177650,35401,35434,35422,749443834,1001693018,786701634
17,145165669,1,127423842,1,792906294,317827973,17,971385163,575594,622797579,121,1022863173,231361516,17,736496255,642832,1028181460,1027337841,1763,121,777177650,14068501,35365,919150108,207904796,0,778771833,1763,147,4,5,1300,1361282,3,5,146356532,777177650,35390,35452,35402,862871618,407419891,581406252
17,145165669,1,127423842,1,792906294,317827973,17,971385163,575594,622797579,121,1022863173,231361516,17,736496255,642832,1028181460,1027337841,1763,121,777177650,14068501,35365,919150108,207904796,0,778771833,1763,143,4,6,300,312942,5,3,146356532,777177650,35407,35403,35432,862871618,944913022,847377469
17,145165669,1,127423842,1,792906294,317827973,17,971385163,575594,622797579,121,1022863173,231361516,17,736496255,642832,1028181460,1027337841,1763,121,777177650,14068501,35365,919150108,207904796,0,778771833,1763,184,5,7,200,216836,5,7,146356532,777177650,35486,35401,35514,785149710,944913022,803130183
17,145165669,1,127423842,8,292608994,956262271,17,801108420,762785,918253410,121,1022863173,231361516,17,736496255,642832,1028181460,1027337841,1763,121,777177650,14068501,35365,919150108,207904796,0,778771833,1763,12,9,1,2200,2006422,9,6,146356532,777177650,35445,35443,35462,862871618,407419891,239442430
17,145165669,1,127423842,8,292608994,956262271,17,801108420,762785,918253410,121,1022863173,231361516,17,736496255,642832,1028181460,1027337841,1763,121,777177650,14068501,35365,919150108,207904796,0,778771833,1763,157,5,2,4300,4545745,4,4,146356532,777177650,35371,35406,35395,749443834,944913022,514914655
17,145165669,1,127423842,8,292608994,956262271,17,801108420,762785,918253410,121,1022863173,231361516,17,736496255,642832,1028181460,1027337841,1763,121,777177650,14068501,35365,919150108,207904796,0,778771833,1763,25,10,3,1600,1480032,6,2,146356532,777177650,35409,35401,35422,749443834,250142940,1015036282
17,145165669,1,127423842,8,292608994,956262271,17,801108420,762785,918253410,121,1022863173,231361516,17,736496255,642832,1028181460,1027337841,1763,121,777177650,14068501,35365,919150108,207904796,0,778771833,1763,61,6,4,4400,4228664,4,5,146356532,777177650,35401,35434,35422,749443834,1001693018,786701634
17,145165669,1,127423842,8,292608994,956262271,17,801108420,762785,918253410,121,1022863173,231361516,17,736496255,642832,1028181460,1027337841,1763,121,777177650,14068501,35365,919150108,207904796,0,778771833,1763,147,4,5,1300,1361282,3,5,146356532,777177650,35390,35452,35402,862871618,407419891,581406252
17,145165669,1,127423842,8,292608994,956262271,17,801108420,762785,918253410,121,1022863173,231361516,17,736496255,642832,1028181460,1027337841,1763,121,777177650,14068501,35365,919150108,207904796,0,778771833,1763,143,4,6,300,312942,5,3,146356532,777177650,35407,35403,35432,862871618,944913022,847377469
17,145165669,1,127423842,8,292608994,956262271,17,801108420,762785,918253410,121,1022863173,231361516,17,736496255,642832,1028181460,1027337841,1763,121,777177650,14068501,35365,919150108,207904796,0,778771833,1763,184,5,7,200,216836,5,7,146356532,777177650,35486,35401,35514,785149710,944913022,803130183
10,185743883,4,261867689,9,895777001,658451645,10,73320802,530237,726765942,49,58080412,277187647,10,223001803,457393,373412815,529457660,1792,49,330563436,10791986,34280,527479233,97658806,0,309703513,1792,88,9,1,900,889271,9,4,378580043,330563436,34391,34312,34403,862871618,365042431,16220517
10,185743883,4,261867689,9,895777001,658451645,10,73320802,530237,726765942,49,58080412,277187647,10,223001803,457393,373412815,529457660,1792,49,330563436,10791986,34280,527479233,97658806,0,309703513,1792,9,6,2,500,454500,4,2,378580043,330563436,34376,34335,34391,749443834,86983390,932495321
10,185743883,4,261867689,9,895777001,658451645,10,73320802,530237,726765942,49,58080412,277187647,10,223001803,457393,373412815,529457660,1792,49,330563436,10791986,34280,527479233,97658806,0,309703513,1792,9,2,3,800,727200,1,4,449642453,330563436,34384,34358,34390,749443834,250142940,770004620
10,185743883,4,261867689,9,895777001,658451645,10,73320802,530237,726765942,49,58080412,277187647,10,223001803,457393,373412815,529457660,1792,49,330563436,10791986,34280,527479233,97658806,0,309703513,1792,191,3,4,4500,4910355,0,1,449642453,330563436,34390,34325,34398,749443834,431484053,961238188
10,185743883,4,261867689,9,895777001,658451645,10,73320802,530237,726765942,49,58080412,277187647,10,223001803,457393,373412815,529457660,1792,49,330563436,10791986,34280,527479233,97658806,0,309703513,1792,199,2,5,3500,3847165,6,5,378580043,330563436,34363,34352,34380,106211174,944913022,119623739
11,319240162,4,108891028,5,64952534,366176741,11,103869805,-28383,275262022,52,749902188,199806749,11,982273298,563028,750198692,628614943,1798,52,777177650,4639397,35637,382018914,51995382,0,857728023,1798,109,10,1,4300,4339130,1,8,146356532,777177650,35667,35724,35680,749443834,431484053,315174634
17,145165669,1,127423842,1,792906294,317827973,17,971385163,575594,622797579,61,754492610,99266246,17,63893436,153624,373412815,1071371457,1799,61,330563436,4681593,34398,483467692,417942627,0,336257888,1799,52,10,1,800,761640,4,8,378580043,330563436,34497,34479,34510,862871618,431484053,887556728
17,145165669,1,127423842,1,792906294,317827973,17,971385163,575594,622797579,61,754492610,99266246,17,63893436,153624,373412815,1071371457,1799,61,330563436,4681593,34398,483467692,417942627,0,336257888,1799,27,10,2,4200,3893483,2,2,378580043,330563436,34427,34450,34431,749443834,944913022,893824560
17,145165669,1,127423842,8,292608994,956262271,17,801108420,762785,918253410,61,754492610,99266246,17,63893436,153624,373412815,1071371457,1799,61,330563436,4681593,34398,483467692,417942627,0,336257888,1799,52,10,1,800,761640,4,8,378580043,330563436,34497,34479,34510,862871618,431484053,887556728
17,145165669,1,127423842,8,292608994,956262271,17,801108420,762785,918253410,61,754492610,99266246,17,63893436,153624,373412815,1071371457,1799,61,330563436,4681593,34398,483467692,417942627,0,336257888,1799,27,10,2,4200,3893483,2,2,378580043,330563436,34427,34450,34431,749443834,944913022,893824560
10,185743883,4,261867689,9,895777001,658451645,10,73320802,530237,726765942,49,58080412,277187647,10,223001803,457393,373412815,529457660,1824,49,330563436,8135153,34457,382018914,1045303502,0,29795968,1824,120,10,1,4500,4590540,3,2,378580043,330563436,34565,34504,34594,106211174,250142940,269538739
10,185743883,4,261867689,9,895777001,658451645,10,73320802,530237,726765942,49,58080412,277187647,10,223001803,457393,373412815,529457660,1824,49,330563436,8135153,34457,382018914,1045303502,0,29795968,1824,69,4,2,4000,3876240,10,3,449642453,330563436,34460,34537,34489,106211174,944913022,80723086
11,319240162,4,108891028,5,64952534,366176741,11,103869805,-28383,275262022,148,120951395,335387568,11,608291700,213560,750198692,672328102,1825,148,330563436,15058276,34306,1030545334,154276440,0,770666419,1825,156,1,1,4300,4541445,5,5,449642453,330563436,34381,34382,34393,862871618,250142940,601150314
11,319240162,4,108891028,5,64952534,366176741,11,103869805,-28383,275262022,148,120951395,335387568,11,608291700,213560,750198692,672328102,1825,148,330563436,15058276,34306,1030545334,154276440,0,770666419,1825,148,5,2,3900,4087746,0,0,378580043,330563436,34423,34344,34443,749443834,1001693018,738537212
11,319240162,4,108891028,5,64952534,366176741,11,103869805,-28383,275262022,148,120951395,335387568,11,608291700,213560,750198692,672328102,1825,148,330563436,15058276,34306,1030545334,154276440,0,770666419,1825,17,4,3,700,641907,4,3,449642453,330563436,34334,34362,34362,862871618,1001693018,960870931
11,319240162,4,108891028,5,64952534,366176741,11,103869805,-28383,275262022,148,120951395,335387568,11,608291700,213560,750198692,672328102,1825,148,330563436,15058276,34306,1030545334,154276440,0,770666419,1825,121,10,4,2300,2348576,5,1,378580043,330563436,34340,34371,34351,106211174,431484053,402069799
11,319240162,4,108891028,5,64952534,366176741,11,103869805,-28383,275262022,148,120951395,335387568,11,608291700,213560,750198692,672328102,1825,148,330563436,15058276,34306,1030545334,154276440,0,770666419,1825,178,9,5,3300,3557961,4,4,449642453,330563436,34308,34392,34317,862871618,250142940,263161081
1,559044011,1,1004765669,3,458785,31140224,1,73682198,419239,154263564,106,864562228,957626520,1,147772690,328842,797027742,268933212,1827,106,777177650,21011388,35236,483467692,466561773,0,958536702,1827,90,1,1,4700,4653423,0,1,146356532,777177650,35276,35282,35298,862871618,250142940,953786806
1,559044011,1,1004765669,3,458785,31140224,1,73682198,419239,154263564,106,864562228,957626520,1,147772690,328842,797027742,268933212,1827,106,777177650,21011388,35236,483467692,466561773,0,958536702,1827,154,9,2,4800,5059920,3,5,146356532,777177650,35303,35321,35307,785149710,250142940,335054302
1,559044011,1,1004765669,3,458785,31140224,1,73682198,419239,154263564,106,864562228,957626520,1,147772690,328842,797027742,268933212,1827,106,777177650,21011388,35236,483467692,466561773,0,958536702,1827,200,1,3,3700,4070740,1,7,146356532,777177650,35264,35293,35283,749443834,1001693018,615220940
1,559044011,1,1004765669,3,458785,31140224,1,73682198,419239,154263564,106,864562228,957626520,1,147772690,328842,797027742,268933212,1827,106,777177650,21011388,35236,483467692,466561773,0,958536702,1827,127,10,4,400,410847,4,4,146356532,777177650,35266,35316,35286,749443834,250142940,844398484
1,559044011,1,1004765669,3,458785,31140224,1,73682198,419239,154263564,106,864562228,957626520,1,147772690,328842,797027742,268933212,1827,106,777177650,21011388,35236,483467692,466561773,0,958536702,1827,80,10,5,2400,2352192,0,8,146356532,777177650,35282,35307,35310,749443834,407419891,987751685
1,559044011,1,1004765669,3,458785,31140224,1,73682198,419239,154263564,106,864562228,957626520,1,147772690,328842,797027742,268933212,1827,106,777177650,21011388,35236,483467692,466561773,0,958536702,1827,21,2,6,700,644714,10,2,146356532,777177650,35303,35282,35306,749443834,365042431,236166059
1,559044011,1,1004765669,3,458785,31140224,1,73682198,419239,154263564,106,864562228,957626520,1,147772690,328842,797027742,268933212,1827,106,777177650,21011388,35236,483467692,466561773,0,958536702,1827,6,7,7,3800,3442800,5,1,146356532,777177650,35353,35304,35374,862871618,407419891,504136924
15,962519746,0,265433381,4,829353804,938198330,15,991041614,464108,693080424,32,42617135,948840554,15,120905608,347153,1028181460,156874928,1828,32,330563436,13736950,34440,1030545334,239842792,0,98955906,1828,100,4,1,3300,3300330,5,4,378580043,330563436,34510,34493,34537,785149710,944913022,484404790
15,962519746,0,265433381,4,829353804,938198330,15,991041614,464108,693080424,32,42617135,948840554,15,120905608,347153,1028181460,156874928,1828,32,330563436,13736950,34440,1030545334,239842792,0,98955906,1828,13,3,2,4000,3652040,8,7,378580043,330563436,34457,34515,34471,785149710,1001693018,97924687
15,962519746,0,265433381,4,829353804,938198330,15,991041614,464108,693080424,32,42617135,948840554,15,120905608,347153,1028181460,156874928,1828,32,330563436,13736950,34440,1030545334,239842792,0,98955906,1828,196,7,3,1100,1205809,7,8,378580043,330563436,34534,34480,34557,749443834,944913022,336783816
15,962519746,0,265433381,4,829353804,938198330,15,991041614,464108,693080424,32,42617135,948840554,15,120905608,347153,1028181460,156874928,1828,32,330563436,13736950,34440,1030545334,239842792,0,98955906,1828,8,3,4,4500,4086000,2,5,378580043,330563436,34467,34481,34480,785149710,250142940,652745922
15,962519746,0,265433381,4,829353804,938198330,15,991041614,464108,693080424,32,42617135,948840554,15,120905608,347153,1028181460,156874928,1828,32,330563436,13736950,34440,1030545334,239842792,0,98955906,1828,79,7,5,1400,1370698,1,8,449642453,330563436,34472,34485,34477,862871618,407419891,530245826
17,145165669,1,127423842,1,792906294,317827973,17,971385163,575594,622797579,133,727108991,150278347,17,63836414,231467,701940545,136299243,1830,133,330563436,8512224,34751,382018914,466528091,0,107965728,1830,120,4,1,3800,3876456,0,7,378580043,330563436,34807,34839,34811,862871618,86983390,785581943
17,145165669,1,127423842,1,792906294,317827973,17,971385163,575594,622797579,133,727108991,150278347,17,63836414,231467,701940545,136299243,1830,133,330563436,8512224,34751,382018914,466528091,0,107965728,1830,25,10,2,900,832518,5,7,378580043,330563436,34765,34841,34770,106211174,407419891,899684522
17,145165669,1,127423842,1,792906294,317827973,17,971385163,575594,622797579,133,727108991,150278347,17,63836414,231467,701940545,136299243,1830,133,330563436,8512224,34751,382018914,466528091,0,107965728,1830,82,3,3,3600,3535487,7,7,378580043,330563436,34808,34801,34827,749443834,407419891,1037000120
17,145165669,1,127423842,8,292608994,956262271,17,801108420,762785,918253410,133,727108991,150278347,17,63836414,231467,701940545,136299243,1830,133,330563436,8512224,34751,382018914,466528091,0,107965728,1830,120,4,1,3800,3876456,0,7,378580043,330563436,34807,34839,34811,862871618,86983390,785581943
17,145165669,1,127423842,8,292608994,956262271,17,801108420,762785,918253410,133,727108991,150278347,17,63836414,231467,701940545,136299243,1830,133,330563436,8512224,34751,382018914,466528091,0,107965728,1830,25,10,2,900,832518,5,7,378580043,330563436,34765,34841,34770,106211174,407419891,899684522
17,145165669,1,127423842,8,292608994,956262271,17,801108420,762785,918253410,133,727108991,150278347,17,63836414,231467,701940545,136299243,1830,133,330563436,8512224,34751,382018914,466528091,0,107965728,1830,82,3,3,3600,3535487,7,7,378580043,330563436,34808,34801,34827,749443834,407419891,1037000120
1,559044011,1,1004765669,3,458785,31140224,1,73682198,419239,154263564,106,864562228,957626520,1,147772690,328842,797027742,268933212,1856,106,330563436,18936142,33681,483467692,238293809,0,974171273,1856,55,10,1,1000,955050,5,7,378580043,330563436,33733,33742,33755,862871618,944913022,326426482
1,559044011,1,1004765669,3,458785,31140224,1,73682198,419239,154263564,106,864562228,957626520,1,147772690,328842,797027742,268933212,1856,106,330563436,18936142,33681,483467692,238293809,0,974171273,1856,97,10,2,4700,4686323,7,7,378580043,330563436,33683,33762,33709,749443834,944913022,808401461
1,559044011,1,1004765669,3,458785,31140224,1,73682198,419239,154263564,106,864562228,957626520,1,147772690,328842,797027742,268933212,1856,106,330563436,18936142,33681,483467692,238293809,0,974171273,1856,117,7,3,2000,2034220,4,6,378580043,330563436,33726,33728,33733,749443834,431484053,922384939
1,559044011,1,1004765669,3,458785,31140224,1,73682198,419239,154263564,106,864562228,957626520,1,147772690,328842,797027742,268933212,1856,106,330563436,18936142,33681,483467692,238293809,0,974171273,1856,150,1,4,2200,2310330,8,2,449642453,330563436,33724,33748,33742,862871618,1001693018,538801329
1,559044011,1,1004765669,3,458785,31140224,1,73682198,419239,154263564,106,864562228,957626520,1,147772690,328842,797027742,268933212,1856,106,330563436,18936142,33681,483467692,238293809,0,974171273,1856,190,1,5,1400,1526266,1,1,449642453,330563436,33706,33724,33733,785149710,407419891,676891985
1,559044011,1,1004765669,3,458785,31140224,1,73682198,419239,154263564,106,864562228,957626520,1,147772690,328842,797027742,268933212,1856,106,330563436,18936142,33681,483467692,238293809,0,974171273,1856,23,6,6,3600,3322872,3,5,449642453,330563436,33772,33734,33781,862871618,86983390,447511633
1,559044011,1,1004765669,3,458785,31140224,1,73682198,419239,154263564,106,864562228,957626520,1,147772690,328842,797027742,268933212,1856,106,330563436,18936142,33681,483467692,238293809,0,974171273,1856,130,3,7,4200,4326546,4,0,378580043,330563436,33745,33759,33772,785149710,250142940,959472979
17,145165669,1,127423842,1,792906294,317827973,17,971385163,575594,622797579,133,727108991,150278347,17,63836414,231467,701940545,136299243,1857,133,330563436,10279359,33980,919150108,291364691,0,231732442,1857,174,5,1,1500,1611255,10,3,378580043,330563436,34062,34026,34070,785149710,250142940,493839628
17,145165669,1,127423842,1,792906294,317827973,17,971385163,575594,622797579,133,727108991,150278347,17,63836414,231467,701940545,136299243,1857,133,330563436,10279359,33980,919150108,291364691,0,231732442,1857,167,6,2,4000,4268640,10,0,378580043,330563436,34013,34034,34019,106211174,365042431,992977519
17,145165669,1,127423842,1,792906294,317827973,17,971385163,575594,622797579,133,727108991,150278347,17,63836414,231467,701940545,136299243,1857,133,330563436,10279359,33980,919150108,291364691,0,231732442,1857,119,3,3,800,815288,1,7,378580043,330563436,33994,34061,34018,862871618,365042431,981255978
17,145165669,1,127423842,1,792906294,317827973,17,971385163,575594,622797579,133,727108991,150278347,17,63836414,231467,701940545,136299243,1857,133,330563436,10279359,33980,919150108,291364691,0,231732442,1857,100,3,4,4100,4100410,7,7,449642453,330563436,34073,34014,34075,106211174,1001693018,333491015
17,145165669,1,127423842,8,292608994,956262271,17,801108420,762785,918253410,133,727108991,150278347,17,63836414,231467,701940545,136299243,1857,133,330563436,10279359,33980,919150108,291364691,0,231732442,1857,174,5,1,1500,1611255,10,3,378580043,330563436,34062,34026,34070,785149710,250142940,493839628
17,145165669,1,127423842,8,292608994,956262271,17,801108420,762785,918253410,133,727108991,150278347,17,63836414,231467,701940545,136299243,1857,133,330563436,10279359,33980,919150108,291364691,0,231732442,1857,167,6,2,4000,4268640,10,0,378580043,330563436,34013,34034,34019,106211174,365042431,992977519
17,145165669,1,127423842,8,292608994,956262271,17,801108420,762785,918253410,133,727108991,150278347,17,63836414,231467,701940545,136299243,1857,133,330563436,10279359,33980,919150108,291364691,0,231732442,1857,119,3,3,800,815288,1,7,378580043,330563436,33994,34061,34018,862871618,365042431,981255978
17,145165669,1,127423842,8,292608994,956262271,17,801108420,762785,918253410,133,727108991,150278347,17,63836414,231467,701940545,136299243,1857,133,330563436,10279359,33980,919150108,291364691,0,231732442,1857,100,3,4,4100,4100410,7,7,449642453,330563436,34073,34014,34075,106211174,1001693018,333491015
17,145165669,1,127423842,1,792906294,317827973,17,971385163,575594,622797579,61,754492610,99266246,17,63893436,153624,373412815,1071371457,1859,61,777177650,10509409,35529,483467692,686014416,0,523634413,1859,75,6,1,1800,1755125,10,0,146356532,777177650,35648,35609,35666,862871618,407419891,158227532
17,145165669,1,127423842,1,792906294,317827973,17,971385163,575594,622797579,61,754492610,99266246,17,63893436,153624,373412815,1071371457,1859,61,777177650,10509409,35529,483467692,686014416,0,523634413,1859,188,9,2,3600,3917448,2,1,146356532,777177650,35553,35617,35573,862871618,1001693018,462371076
17,145165669,1,127423842,1,792906294,317827973,17,971385163,575594,622797579,61,754492610,99266246,17,63893436,153624,373412815,1071371457,1859,61,777177650,10509409,35529,483467692,686014416,0,523634413,1859,158,10,3,500,529075,6,3,146356532,777177650,35599,35568,35628,862871618,365042431,696843117
17,145165669,1,127423842,1,792906294,317827973,17,971385163,575594,622797579,61,754492610,99266246,17,63893436,153624,373412815,1071371457,1859,61,777177650,10509409,35529,483467692,686014416,0,523634413,1859,191,2,4,2100,2291499,0,3,146356532,777177650,35646,35577,35666,862871618,1001693018,675544990
17,145165669,1,127423842,1,792906294,317827973,17,971385163,575594,622797579,61,754492610,99266246,17,63893436,153624,373412815,1071371457,1859,61,777177650,10509409,35529,483467692,686014416,0,523634413,1859,46,3,5,1100,1040644,6,6,146356532,777177650,35624,35584,35638,862871618,407419891,616832339
17,145165669,1,127423842,1,792906294,317827973,17,971385163,575594,622797579,61,754492610,99266246,17,63893436,153624,373412815,1071371457,1859,61,777177650,10509409,35529,483467692,686014416,0,523634413,1859,105,8,6,1200,1206120,8,3,146356532,777177650,35570,35587,35586,785149710,86983390,816154278
17,145165669,1,127423842,8,292608994,956262271,17,801108420,762785,918253410,61,754492610,99266246,17,63893436,153624,373412815,1071371457,1859,61,777177650,10509409,35529,483467692,686014416,0,523634413,1859,75,6,1,1800,1755125,10,0,146356532,777177650,35648,35609,35666,862871618,407419891,158227532
17,145165669,1,127423842,8,292608994,956262271,17,801108420,762785,918253410,61,754492610,99266246,17,63893436,153624,373412815,1071371457,1859,61,777177650,10509409,35529,483467692,686014416,0,523634413,1859,188,9,2,3600,3917448,2,1,146356532,777177650,35553,35617,35573,862871618,1001693018,462371076
17,145165669,1,127423842,8,292608994,956262271,17,801108420,762785,918253410,61,754492610,99266246,17,63893436,153624,373412815,1071371457,1859,61,777177650,10509409,35529,483467692,686014416,0,523634413,1859,158,10,3,500,529075,6,3,146356532,777177650,35599,35568,35628,862871618,365042431,696843117
17,145165669,1,127423842,8,292608994,956262271,17,801108420,762785,918253410,61,754492610,99266246,17,63893436,153624,373412815,1071371457,1859,61,777177650,10509409,35529,483467692,686014416,0,523634413,1859,191,2,4,2100,2291499,0,3,146356532,777177650,35646,35577,35666,862871618,1001693018,675544990
17,145165669,1,127423842,8,292608994,956262271,17,801108420,762785,918253410,61,754492610,99266246,17,63893436,153624,373412815,1071371457,1859,61,777177650,10509409,35529,483467692,686014416,0,523634413,1859,46,3,5,1100,1040644,6,6,146356532,777177650,35624,35584,35638,862871618,407419891,616832339
17,145165669,1,127423842,8,292608994,956262271,17,801108420,762785,918253410,61,754492610,99266246,17,63893436,153624,373412815,1071371457,1859,61,777177650,10509409,35529,483467692,686014416,0,523634413,1859,105,8,6,1200,1206120,8,3,146356532,777177650,35570,35587,35586,785149710,86983390,816154278
5,529057841,0,890382161,2,549623314,849027485,5,58126162,403268,958596215,10,798437489,808791061,5,205635831,275354,750198692,908197369,1860,10,777177650,910340,35157,1030545334,844792419,0,66550363,1860,113,4,1,900,911799,4,4,146356532,777177650,35278,35214,35279,749443834,86983390,180181511
15,962519746,0,265433381,4,829353804,938198330,15,991041614,464108,693080424,34,3104980,1067983329,15,829251106,858970,750198692,421313236,1862,34,777177650,9798106,35848,527479233,846915311,0,804220743,1862,30,5,1,4100,3813123,10,0,146356532,777177650,35949,35930,35978,785149710,944913022,99464899
15,962519746,0,265433381,4,829353804,938198330,15,991041614,464108,693080424,34,3104980,1067983329,15,829251106,858970,750198692,421313236,1862,34,777177650,9798106,35848,527479233,846915311,0,804220743,1862,166,7,2,3700,3944792,6,2,146356532,777177650,35898,35928,35927,862871618,431484053,649524302
15,962519746,0,265433381,4,829353804,938198330,15,991041614,464108,693080424,34,3104980,1067983329,15,829251106,858970,750198692,421313236,1862,34,777177650,9798106,35848,527479233,846915311,0,804220743,1862,104,1,3,2600,2610660,2,1,146356532,777177650,35877,35930,35900,862871618,86983390,696587458
17,145165669,1,127423842,1,792906294,317827973,17,971385163,575594,622797579,121,1022863173,231361516,17,736496255,642832,1028181460,1027337841,1888,121,330563436,22472411,34271,483467692,143047463,0,515493562,1888,98,10,1,2700,2694843,3,6,378580043,330563436,34376,34348,34388,106211174,1001693018,63195701
17,145165669,1,127423842,1,792906294,317827973,17,971385163,575594,622797579,121,1022863173,231361516,17,736496255,642832,1028181460,1027337841,1888,121,330563436,22472411,34271,483467692,143047463,0,515493562,1888,74,5,2,3800,3701466,3,3,378580043,330563436,34300,34348,34309,862871618,86983390,950689578
17,145165669,1,127423842,1,792906294,317827973,17,971385163,575594,622797579,121,1022863173,231361516,17,736496255,642832,1028181460,1027337841,1888,121,330563436,22472411,34271,483467692,143047463,0,515493562,1888,80,1,3,4900,4802392,7,5,449642453,330563436,34390,34346,34419,749443834,944913022,290929769
17,145165669,1,127423842,1,792906294,317827973,17,971385163,575594,622797579,121,1022863173,231361516,17,736496255,642832,1028181460,1027337841,1888,121,330563436,22472411,34271,483467692,143047463,0,515493562,1888,19,10,4,900,827109,1,4,449642453,330563436,34372,34354,34382,106211174,365042431,650379995
17,145165669,1,127423842,1,792906294,317827973,17,971385163,575594,622797579,121,1022863173,231361516,17,736496255,642832,1028181460,1027337841,1888,121,330563436,22472411,34271,483467692,143047463,0,515493562,1888,160,1,5,400,424064,3,6,378580043,330563436,34329,34320,34343,785149710,944913022,128320307
17,145165669,1,127423842,1,792906294,317827973,17,971385163,575594,622797579,121,1022863173,231361516,17,736496255,642832,1028181460,1027337841,1888,121,330563436,22472411,34271,483467692,143047463,0,515493562,1888,53,8,6,4800,4574640,8,8,378580043,330563436,34391,34317,34406,785149710,86983390,590306313
17,145165669,1,127423842,1,792906294,317827973,17,971385163,575594,622797579,121,1022863173,231361516,17,736496255,642832,1028181460,1027337841,1888,121,330563436,22472411,34271,483467692,143047463,0,515493562,1888,167,6,7,5000,5335800,4,7,378580043,330563436,34323,34342,34338,749443834,944913022,869847893
17,145165669,1,127423842,8,292608994,956262271,17,801108420,762785,918253410,121,1022863173,231361516,17,736496255,642832,1028181460,1027337841,1888,121,330563436,22472411,34271,483467692,143047463,0,515493562,1888,98,10,1,2700,2694843,3,6,378580043,330563436,34376,34348,34388,106211174,1001693018,63195701
17,145165669,1,127423842,8,292608994,956262271,17,801108420,762785,918253410,121,1022863173,231361516,17,736496255,642832,1028181460,1027337841,1888,121,330563436,22472411,34271,483467692,143047463,0,515493562,1888,74,5,2,3800,3701466,3,3,378580043,330563436,34300,34348,34309,862871618,86983390,950689578
17,145165669,1,127423842,8,292608994,956262271,17,801108420,762785,918253410,121,1022863173,231361516,17,736496255,642832,1028181460,1027337841,1888,121,330563436,22472411,34271,483467692,143047463,0,515493562,1888,80,1,3,4900,4802392,7,5,449642453,330563436,34390,34346,34419,749443834,944913022,290929769
17,145165669,1,127423842,8,292608994,956262271,17,801108420,762785,918253410,121,1022863173,231361516,17,736496255,642832,1028181460,1027337841,1888,121,330563436,22472411,34271,483467692,143047463,0,515493562,1888,19,10,4,900,827109,1,4,449642453,330563436,34372,34354,34382,106211174,365042431,650379995
17,145165669,1,127423842,8,292608994,956262271,17,801108420,762785,918253410,121,1022863173,231361516,17,736496255,642832,1028181460,1027337841,1888,121,330563436,22472411,34271,483467692,143047463,0,515493562,1888,160,1,5,400,424064,3,6,378580043,330563436,34329,34320,34343,785149710,944913022,128320307
17,145165669,1,127423842,8,292608994,956262271,17,801108420,762785,918253410,121,1022863173,231361516,17,736496255,642832,1028181460,1027337841,1888,121,330563436,22472411,34271,483467692,143047463,0,515493562,1888,53,8,6,4800,4574640,8,8,378580043,330563436,34391,34317,34406,785149710,86983390,590306313
17,145165669,1,127423842,8,292608994,956262271,17,801108420,762785,918253410,121,1022863173,231361516,17,736496255,642832,1028181460,1027337841,1888,121,330563436,22472411,34271,483467692,143047463,0,515493562,1888,167,6,7,5000,5335800,4,7,378580043,330563436,34323,34342,34338,749443834,944913022,869847893
5,529057841,0,890382161,2,549623314,849027485,5,58126162,403268,958596215,10,798437489,808791061,5,205635831,275354,750198692,908197369,1890,10,777177650,20236458,35415,483467692,528310972,0,924932118,1890,141,8,1,2600,2706964,3,7,146356532,777177650,35520,35500,35540,749443834,944913022,568199455
5,529057841,0,890382161,2,549623314,849027485,5,58126162,403268,958596215,10,798437489,808791061,5,205635831,275354,750198692,908197369,1890,10,777177650,20236458,35415,483467692,528310972,0,924932118,1890,100,1,2,4300,4300430,7,3,146356532,777177650,35427,35459,35447,749443834,944913022,220987778
5,529057841,0,890382161,2,549623314,849027485,5,58126162,403268,958596215,10,798437489,808791061,5,205635831,275354,750198692,908197369,1890,10,777177650,20236458,35415,483467692,528310972,0,924932118,1890,59,1,3,2400,2301720,6,4,146356532,777177650,35468,35469,35471,785149710,431484053,124009210
5,529057841,0,890382161,2,549623314,849027485,5,58126162,403268,958596215,10,798437489,808791061,5,205635831,275354,750198692,908197369,1890,10,777177650,20236458,35415,483467692,528310972,0,924932118,1890,68,9,4,4300,4162658,9,4,146356532,777177650,35526,35478,35548,862871618,944913022,880661912
5,529057841,0,890382161,2,549623314,849027485,5,58126162,403268,958596215,10,798437489,808791061,5,205635831,275354,750198692,908197369,1890,10,777177650,20236458,35415,483467692,528310972,0,924932118,1890,122,3,5,4500,4599540,8,5,146356532,777177650,35533,35503,35537,785149710,944913022,822470897
5,529057841,0,890382161,2,549623314,849027485,5,58126162,403268,958596215,10,798437489,808791061,5,205635831,275354,750198692,908197369,1890,10,777177650,20236458,35415,483467692,528310972,0,924932118,1890,181,2,6,1600,1729888,8,2,146356532,777177650,35472,35477,35499,862871618,86983390,925169553
5,529057841,0,890382161,2,549623314,849027485,5,58126162,403268,958596215,10,798437489,808791061,5,205635831,275354,750198692,908197369,1890,10,777177650,20236458,35415,483467692,528310972,0,924932118,1890,121,4,7,1000,1021120,1,4,146356532,777177650,35421,35478,35429,749443834,365042431,1035552990
17,145165669,1,127423842,1,792906294,317827973,17,971385163,575594,622797579,61,754492610,99266246,17,63893436,153624,373412815,1071371457,1891,61,330563436,7684896,34681,527479233,61832591,0,383196318,1891,77,8,1,4500,4396815,7,4,449642453,330563436,34686,34713,34702,106211174,250142940,529976159
17,145165669,1,127423842,1,792906294,317827973,17,971385163,575594,622797579,61,754492610,99266246,17,63893436,153624,373412815,1071371457,1891,61,330563436,7684896,34681,527479233,61832591,0,383196318,1891,184,5,2,1800,1951524,6,0,449642453,330563436,34721,34726,34742,106211174,250142940,971142195
17,145165669,1,127423842,1,792906294,317827973,17,971385163,575594,622797579,61,754492610,99266246,17,63893436,153624,373412815,1071371457,1891,61,330563436,7684896,34681,527479233,61832591,0,383196318,1891,198,9,3,1500,1647284,3,0,378580043,330563436,34767,34761,34774,862871618,431484053,794940024
17,145165669,1,127423842,8,292608994,956262271,17,801108420,762785,918253410,61,754492610,99266246,17,63893436,153624,373412815,1071371457,1891,61,330563436,7684896,34681,527479233,61832591,0,383196318,1891,77,8,1,4500,4396815,7,4,449642453,330563436,34686,34713,34702,106211174,250142940,529976159
17,145165669,1,127423842,8,292608994,956262271,17,801108420,762785,918253410,61,754492610,99266246,17,63893436,153624,373412815,1071371457,1891,61,330563436,7684896,34681,527479233,61832591,0,383196318,1891,184,5,2,1800,1951524,6,0,449642453,330563436,34721,34726,34742,106211174,250142940,971142195
17,145165669,1,127423842,8,292608994,956262271,17,801108420,762785,918253410,61,754492610,99266246,17,63893436,153624,373412815,1071371457,1891,61,330563436,7684896,34681,527479233,61832591,0,383196318,1891,198,9,3,1500,1647284,3,0,378580043,330563436,34767,34761,34774,862871618,431484053,794940024
10,185743883,4,261867689,9,895777001,658451645,10,73320802,530237,726765942,110,244010384,14769951,10,551032061,746299,701940545,942200752,1920,110,777177650,11960591,35968,527479233,521529826,0,699401656,1920,96,7,1,2400,2390616,4,5,146356532,777177650,36063,36028,36081,749443834,365042431,177399764
10,185743883,4,261867689,9,895777001,658451645,10,73320802,530237,726765942,110,244010384,14769951,10,551032061,746299,701940545,942200752,1920,110,777177650,11960591,35968,527479233,521529826,0,699401656,1920,51,6,2,3100,2948255,5,6,146356532,777177650,36006,36035,36022,785149710,407419891,297218732
10,185743883,4,261867689,9,895777001,658451645,10,73320802,530237,726765942,110,244010384,14769951,10,551032061,746299,701940545,942200752,1920,110,777177650,11960591,35968,527479233,521529826,0,699401656,1920,18,2,3,600,550806,1,5,146356532,777177650,36067,36025,36090,785149710,407419891,989729593
10,185743883,4,261867689,9,895777001,658451645,10,73320802,530237,726765942,110,244010384,14769951,10,551032061,746299,701940545,942200752,1920,110,777177650,11960591,35968,527479233,521529826,0,699401656,1920,84,5,4,5000,4920400,9,6,146356532,777177650,36069,36009,36095,749443834,431484053,653686307
10,185743883,4,261867689,9,895777001,658451645,10,73320802,530237,726765942,110,244010384,14769951,10,551032061,746299,701940545,942200752,1920,110,777177650,11960591,35968,527479233,521529826,0,699401656,1920,34,10,5,1400,1307642,8,5,146356532,777177650,36088,36015,36093,749443834,365042431,319638670
10,185743883,4,261867689,9,895777001,658451645,10,73320802,530237,726765942,56,1002271304,628821590,10,666136321,653086,373412815,658726857,1922,56,777177650,1157577,35257,1030545334,272220331,0,779612357,1922,10,5,1,1300,1183013,5,3,146356532,777177650,35360,35327,35382,106211174,407419891,457664526
10,185743883,4,261867689,9,895777001,658451645,10,73320802,530237,726765942,56,1002271304,628821590,10,666136321,653086,373412815,658726857,1954,56,777177650,15885363,35579,483467692,994036949,0,69842437,1954,152,7,1,3100,3261665,6,6,146356532,777177650,35658,35616,35674,749443834,250142940,578448652
10,185743883,4,261867689,9,895777001,658451645,10,73320802,530237,726765942,56,1002271304,628821590,10,666136321,653086,373412815,658726857,1954,56,777177650,15885363,35579,483467692,994036949,0,69842437,1954,182,3,2,100,108218,3,1,146356532,777177650,35687,35617,35708,785149710,431484053,372659985
10,185743883,4,261867689,9,895777001,658451645,10,73320802,530237,726765942,56,1002271304,628821590,10,666136321,653086,373412815,658726857,1954,56,777177650,15885363,35579,483467692,994036949,0,69842437,1954,199,2,3,1100,1209109,7,7,146356532,777177650,35647,35632,35665,749443834,86983390,171517692
10,185743883,4,261867689,9,895777001,658451645,10,73320802,530237,726765942,56,1002271304,628821590,10,666136321,653086,373412815,658726857,1954,56,777177650,15885363,35579,483467692,994036949,0,69842437,1954,159,4,4,1200,1270980,2,8,146356532,777177650,35628,35613,35646,785149710,365042431,170702173
10,185743883,4,261867689,9,895777001,658451645,10,73320802,530237,726765942,56,1002271304,628821590,10,666136321,653086,373412815,658726857,1954,56,777177650,15885363,35579,483467692,994036949,0,69842437,1954,170,7,5,2900,3103493,8,8,146356532,777177650,35665,35624,35673,749443834,250142940,140753707
10,185743883,4,261867689,9,895777001,658451645,10,73320802,530237,726765942,56,1002271304,628821590,10,666136321,653086,373412815,658726857,1954,56,777177650,15885363,35579,483467692,994036949,0,69842437,1954,177,8,6,1300,1400321,0,7,146356532,777177650,35594,35662,35599,862871618,431484053,188005804
10,185743883,4,261867689,9,895777001,658451645,10,73320802,530237,726765942,56,1002271304,628821590,10,666136321,653086,373412815,658726857,1954,56,777177650,15885363,35579,483467692,994036949,0,69842437,1954,194,5,7,4900,5361531,5,6,146356532,777177650,35583,35669,35593,785149710,86983390,78525858
23,536896580,3,94114815,7,11315813,791810943,23,1051077640,682035,798884201,31,855445084,1027402851,23,969728011,523689,750198692,449809331,1957,31,777177650,7748287,35995,919150108,638918187,0,249076638,1957,79,9,1,5000,4895350,9,5,146356532,777177650,36013,36064,36032,785149710,944913022,330676071
23,536896580,3,94114815,7,11315813,791810943,23,1051077640,682035,798884201,31,855445084,1027402851,23,969728011,523689,750198692,449809331,1957,31,777177650,7748287,35995,919150108,638918187,0,249076638,1957,119,3,2,3100,3159241,10,8,146356532,777177650,36018,36036,36021,106211174,1001693018,73850881
15,962519746,0,265433381,4,829353804,938198330,15,991041614,464108,693080424,53,1039100764,494421651,15,378811987,411364,750198692,860477758,1958,53,777177650,17629434,34962,527479233,292100860,0,1018627432,1958,73,2,1,900,875762,1,5,146356532,777177650,35039,35048,35049,749443834,1001693018,50818760
15,962519746,0,265433381,4,829353804,938198330,15,991041614,464108,693080424,53,1039100764,494421651,15,378811987,411364,750198692,860477758,1958,53,777177650,17629434,34962,527479233,292100860,0,1018627432,1958,176,7,2,2900,3120893,5,6,146356532,777177650,35081,35036,35107,785149710,407419891,309607673
15,962519746,0,265433381,4,829353804,938198330,15,991041614,464108,693080424,53,1039100764,494421651,15,378811987,411364,750198692,860477758,1958,53,777177650,17629434,34962,527479233,292100860,0,1018627432,1958,102,3,3,400,400840,4,2,146356532,777177650,34994,35040,34998,749443834,365042431,510561949
15,962519746,0,265433381,4,829353804,938198330,15,991041614,464108,693080424,53,1039100764,494421651,15,378811987,411364,750198692,860477758,1958,53,777177650,17629434,34962,527479233,292100860,0,1018627432,1958,83,4,4,3800,3735704,9,7,146356532,777177650,34979,35027,35006,785149710,86983390,911805095
15,962519746,0,265433381,4,829353804,938198330,15,991041614,464108,693080424,53,1039100764,494421651,15,378811987,411364,750198692,860477758,1958,53,777177650,17629434,34962,527479233,292100860,0,1018627432,1958,101,8,5,3100,3103410,8,1,146356532,777177650,35001,35013,35008,862871618,86983390,21812186
15,962519746,0,265433381,4,829353804,938198330,15,991041614,464108,693080424,53,1039100764,494421651,15,378811987,411364,750198692,860477758,1958,53,777177650,17629434,34962,527479233,292100860,0,1018627432,1958,17,4,6,4400,4034844,8,4,146356532,777177650,35048,35031,35077,862871618,250142940,1041696861
15,962519746,0,265433381,4,829353804,938198330,15,991041614,464108,693080424,53,1039100764,494421651,15,378811987,411364,750198692,860477758,1958,53,777177650,17629434,34962,527479233,292100860,0,1018627432,1958,39,5,7,2900,2723187,2,5,146356532,777177650,34984,35007,35002,106211174,1001693018,359267518
11,319240162,4,108891028,5,64952534,366176741,11,103869805,-28383,275262022,52,749902188,199806749,11,982273298,563028,750198692,628614943,1984,52,777177650,7923047,35884,382018914,531977933,0,701297814,1984,53,5,1,4500,4288725,3,4,146356532,777177650,35892,35955,35914,785149710,365042431,72425221
11,319240162,4,108891028,5,64952534,366176741,11,103869805,-28383,275262022,52,749902188,199806749,11,982273298,563028,750198692,628614943,1984,52,777177650,7923047,35884,382018914,531977933,0,701297814,1984,70,7,2,3500,3395244,1,7,146356532,777177650,35931,35917,35945,785149710,250142940,851892992
17,145165669,1,127423842,1,792906294,317827973,17,971385163,575594,622797579,8,922454654,11853917,17,342305859,681974,1028181460,844824201,2016,8,777177650,2434736,35291,1030545334,321287243,0,1029092934,2016,147,4,1,200,209428,2,7,146356532,777177650,35348,35376,35367,749443834,86983390,349656401
17,145165669,1,127423842,1,792906294,317827973,17,971385163,575594,622797579,8,922454654,11853917,17,342305859,681974,1028181460,844824201,2016,8,777177650,2434736,35291,1030545334,321287243,0,1029092934,2016,63,8,2,1500,1444590,4,5,146356532,777177650,35330,35341,35357,862871618,431484053,711242645
17,145165669,1,127423842,1,792906294,317827973,17,971385163,575594,622797579,8,922454654,11853917,17,342305859,681974,1028181460,844824201,2016,8,777177650,2434736,35291,1030545334,321287243,0,1029092934,2016,122,7,3,800,817696,9,2,146356532,777177650,35325,35357,35349,862871618,407419891,911285926
17,145165669,1,127423842,8,292608994,956262271,17,801108420,762785,918253410,8,922454654,11853917,17,342305859,681974,1028181460,844824201,2016,8,777177650,2434736,35291,1030545334,321287243,0,1029092934,2016,147,4,1,200,209428,2,7,146356532,777177650,35348,35376,35367,749443834,86983390,349656401
17,145165669,1,127423842,8,292608994,956262271,17,801108420,762785,918253410,8,922454654,11853917,17,342305859,681974,1028181460,844824201,2016,8,777177650,2434736,35291,1030545334,321287243,0,1029092934,2016,63,8,2,1500,1444590,4,5,146356532,777177650,35330,35341,35357,862871618,431484053,711242645
17,145165669,1,127423842,8,292608994,956262271,17,801108420,762785,918253410,8,922454654,11853917,17,342305859,681974,1028181460,844824201,2016,8,777177650,2434736,35291,1030545334,321287243,0,1029092934,2016,122,7,3,800,817696,9,2,146356532,777177650,35325,35357,35349,862871618,407419891,911285926
23,536896580,3,94114815,7,11315813,791810943,23,1051077640,682035,798884201,31,855445084,1027402851,23,969728011,523689,750198692,449809331,2049,31,777177650,15304874,35038,919150108,863713108,0,849667977,2049,189,10,1,2500,2722950,8,0,146356532,777177650,35153,35122,35168,749443834,431484053,257895629
23,536896580,3,94114815,7,11315813,791810943,23,1051077640,682035,798884201,31,855445084,1027402851,23,969728011,523689,750198692,449809331,2049,31,777177650,15304874,35038,919150108,863713108,0,849667977,2049,35,1,2,3100,2898593,10,5,146356532,777177650,35056,35118,35060,862871618,431484053,261340988
23,536896580,3,94114815,7,11315813,791810943,23,1051077640,682035,798884201,31,855445084,1027402851,23,969728011,523689,750198692,449809331,2049,31,777177650,15304874,35038,919150108,863713108,0,849667977,2049,67,6,3,1800,1740708,5,5,146356532,777177650,35071,35084,35087,862871618,365042431,887206637
23,536896580,3,94114815,7,11315813,791810943,23,1051077640,682035,798884201,31,855445084,1027402851,23,969728011,523689,750198692,449809331,2049,31,777177650,15304874,35038,919150108,863713108,0,849667977,2049,6,7,4,3900,3533400,2,5,146356532,777177650,35079,35083,35096,862871618,431484053,225036070
23,536896580,3,94114815,7,11315813,791810943,23,1051077640,682035,798884201,31,855445084,1027402851,23,969728011,523689,750198692,449809331,2049,31,777177650,15304874,35038,919150108,863713108,0,849667977,2049,126,1,5,3000,3078360,4,6,146356532,777177650,35047,35097,35053,106211174,86983390,832362292
23,536896580,3,94114815,7,11315813,791810943,23,1051077640,682035,798884201,31,855445084,1027402851,23,969728011,523689,750198692,449809331,2049,31,777177650,15304874,35038,919150108,863713108,0,849667977,2049,84,5,6,1700,1672936,7,0,146356532,777177650,35097,35123,35117,106211174,944913022,740445702
10,185743883,4,261867689,9,895777001,658451645,10,73320802,530237,726765942,41,548472177,102959959,10,589189525,27095,750198692,81122026,2054,41,330563436,14433516,33761,483467692,398668719,0,1040376085,2054,113,4,1,1100,1114421,3,5,378580043,330563436,33827,33840,33836,106211174,365042431,660315070
10,185743883,4,261867689,9,895777001,658451645,10,73320802,530237,726765942,41,548472177,102959959,10,589189525,27095,750198692,81122026,2054,41,330563436,14433516,33761,483467692,398668719,0,1040376085,2054,120,7,2,3100,3162372,5,8,449642453,330563436,33832,33849,33838,106211174,944913022,270228795
10,185743883,4,261867689,9,895777001,658451645,10,73320802,530237,726765942,41,548472177,102959959,10,589189525,27095,750198692,81122026,2054,41,330563436,14433516,33761,483467692,398668719,0,1040376085,2054,121,2,3,3200,3267584,6,0,449642453,330563436,33776,33791,33805,106211174,944913022,462059484
10,185743883,4,261867689,9,895777001,658451645,10,73320802,530237,726765942,41,548472177,102959959,10,589189525,27095,750198692,81122026,2054,41,330563436,14433516,33761,483467692,398668719,0,1040376085,2054,174,3,4,1400,1503838,10,5,378580043,330563436,33778,33850,33797,749443834,407419891,630482702
10,185743883,4,261867689,9,895777001,658451645,10,73320802,530237,726765942,41,548472177,102959959,10,589189525,27095,750198692,81122026,2054,41,330563436,14433516,33761,483467692,398668719,0,1040376085,2054,6,1,5,4000,3624000,8,6,378580043,330563436,33776,33823,33787,862871618,250142940,920949644
10,185743883,4,261867689,9,895777001,658451645,10,73320802,530237,726765942,41,548472177,102959959,10,589189525,27095,750198692,81122026,2054,41,330563436,14433516,33761,483467692,398668719,0,1040376085,2054,134,10,6,1700,1758021,8,1,449642453,330563436,33762,33842,33769,106211174,365042431,758467061
10,185743883,4,261867689,9,895777001,658451645,10,73320802,530237,726765942,41,548472177,102959959,10,589189525,27095,750198692,81122026,2054,41,330563436,14433516,33761,483467692,398668719,0,1040376085,2054,11,1,7,400,364404,0,8,378580043,330563436,33826,33845,33829,749443834,365042431,415220159
17,145165669,1,127423842,1,792906294,317827973,17,971385163,575594,622797579,97,135469562,256852182,17,351137718,216448,701940545,611744579,2055,97,330563436,5709226,34214,382018914,1060999602,0,858988031,2055,45,6,1,1500,1417560,4,6,449642453,330563436,34225,34246,34247,106211174,1001693018,1048738564
17,145165669,1,127423842,1,792906294,317827973,17,971385163,575594,622797579,97,135469562,256852182,17,351137718,216448,701940545,611744579,2055,97,330563436,5709226,34214,382018914,1060999602,0,858988031,2055,9,10,2,1500,1363500,6,5,378580043,330563436,34270,34292,34293,785149710,250142940,628836007
17,145165669,1,127423842,1,792906294,317827973,17,971385163,575594,622797579,97,135469562,256852182,17,351137718,216448,701940545,611744579,2055,97,330563436,5709226,34214,382018914,1060999602,0,858988031,2055,135,1,3,1200,1242156,0,2,449642453,330563436,34266,34294,34293,785149710,86983390,273349648
17,145165669,1,127423842,1,792906294,317827973,17,971385163,575594,622797579,97,135469562,256852182,17,351137718,216448,701940545,611744579,2055,97,330563436,5709226,34214,382018914,1060999602,0,858988031,2055,134,10,4,1600,1654608,2,2,449642453,330563436,34287,34283,34299,106211174,86983390,597634834
17,145165669,1,127423842,8,292608994,956262271,17,801108420,762785,918253410,97,135469562,256852182,17,351137718,216448,701940545,611744579,2055,97,330563436,5709226,34214,382018914,1060999602,0,858988031,2055,45,6,1,1500,1417560,4,6,449642453,330563436,34225,34246,34247,106211174,1001693018,1048738564
17,145165669,1,127423842,8,292608994,956262271,17,801108420,762785,918253410,97,135469562,256852182,17,351137718,216448,701940545,611744579,2055,97,330563436,5709226,34214,382018914,1060999602,0,858988031,2055,9,10,2,1500,1363500,6,5,378580043,330563436,34270,34292,34293,785149710,250142940,628836007
17,145165669,1,127423842,8,292608994,956262271,17,801108420,762785,918253410,97,135469562,256852182,17,351137718,216448,701940545,611744579,2055,97,330563436,5709226,34214,382018914,1060999602,0,858988031,2055,135,1,3,1200,1242156,0,2,449642453,330563436,34266,34294,34293,785149710,86983390,273349648
17,145165669,1,127423842,8,292608994,956262271,17,801108420,762785,918253410,97,135469562,256852182,17,351137718,216448,701940545,611744579,2055,97,330563436,5709226,34214,382018914,1060999602,0,858988031,2055,134,10,4,1600,1654608,2,2,449642453,330563436,34287,34283,34299,106211174,86983390,597634834
15,962519746,0,265433381,4,829353804,938198330,15,991041614,464108,693080424,95,516470774,709679413,15,640996999,532738,797027742,363255963,2080,95,330563436,4576769,34136,527479233,151465379,0,306921770,2080,7,4,1,500,453500,8,5,378580043,330563436,34205,34186,34212,749443834,86983390,834938682
15,962519746,0,265433381,4,829353804,938198330,15,991041614,464108,693080424,95,516470774,709679413,15,640996999,532738,797027742,363255963,2080,95,330563436,4576769,34136,527479233,151465379,0,306921770,2080,197,9,2,3900,4279041,7,4,449642453,330563436,34201,34219,34202,785149710,944913022,643651177
17,145165669,1,127423842,1,792906294,317827973,17,971385163,575594,622797579,121,1022863173,231361516,17,736496255,642832,1028181460,1027337841,2081,121,777177650,14565497,35614,919150108,96392798,0,948512199,2081,89,10,1,2600,2571608,3,8,146356532,777177650,35722,35704,35742,106211174,944913022,891131557
17,145165669,1,127423842,1,792906294,317827973,17,971385163,575594,622797579,121,1022863173,231361516,17,736496255,642832,1028181460,1027337841,2081,121,777177650,14565497,35614,919150108,96392798,0,948512199,2081,149,2,2,1300,1363882,7,5,146356532,777177650,35663,35662,35680,862871618,431484053,666100502
17,145165669,1,127423842,1,792906294,317827973,17,971385163,575594,622797579,121,1022863173,231361516,17,736496255,642832,1028181460,1027337841,2081,121,777177650,14565497,35614,919150108,96392798,0,948512199,2081,13,10,3,3200,2921632,9,7,146356532,777177650,35676,35697,35704,862871618,407419891,501671150
17,145165669,1,127423842,1,792906294,317827973,17,971385163,575594,622797579,121,1022863173,231361516,17,736496255,642832,1028181460,1027337841,2081,121,777177650,14565497,35614,919150108,96392798,0,948512199,2081,85,6,4,2300,2265684,3,8,146356532,777177650,35615,35682,35630,862871618,431484053,348056071
17,145165669,1,127423842,1,792906294,317827973,17,971385163,575594,622797579,121,1022863173,231361516,17,736496255,642832,1028181460,1027337841,2081,121,777177650,14565497,35614,919150108,96392798,0,948512199,2081,113,7,5,1900,1924909,2,6,146356532,777177650,35702,35652,35719,785149710,407419891,99713868
17,145165669,1,127423842,1,792906294,317827973,17,971385163,575594,622797579,121,1022863173,231361516,17,736496255,642832,1028181460,1027337841,2081,121,777177650,14565497,35614,919150108,96392798,0,948512199,2081,142,9,6,3100,3230634,3,6,146356532,777177650,35690,35684,35698,106211174,365042431,258157245
17,145165669,1,127423842,8,292608994,956262271,17,801108420,762785,918253410,121,1022863173,231361516,17,736496255,642832,1028181460,1027337841,2081,121,777177650,14565497,35614,919150108,96392798,0,948512199,2081,89,10,1,2600,2571608,3,8,146356532,777177650,35722,35704,35742,106211174,944913022,891131557
17,145165669,1,127423842,8,292608994,956262271,17,801108420,762785,918253410,121,1022863173,231361516,17,736496255,642832,1028181460,1027337841,2081,121,777177650,14565497,35614,919150108,96392798,0,948512199,2081,149,2,2,1300,1363882,7,5,146356532,777177650,35663,35662,35680,862871618,431484053,666100502
17,145165669,1,127423842,8,292608994,956262271,17,801108420,762785,918253410,121,1022863173,231361516,17,736496255,642832,1028181460,1027337841,2081,121,777177650,14565497,35614,919150108,96392798,0,948512199,2081,13,10,3,3200,2921632,9,7,146356532,777177650,35676,35697,35704,862871618,407419891,501671150
17,145165669,1,127423842,8,292608994,956262271,17,801108420,762785,918253410,121,1022863173,231361516,17,736496255,642832,1028181460,1027337841,2081,121,777177650,14565497,35614,919150108,96392798,0,948512199,2081,85,6,4,2300,2265684,3,8,146356532,777177650,35615,35682,35630,862871618,431484053,348056071
17,145165669,1,127423842,8,292608994,956262271,17,801108420,762785,918253410,121,1022863173,231361516,17,736496255,642832,1028181460,1027337841,2081,121,777177650,14565497,35614,919150108,96392798,0,948512199,2081,113,7,5,1900,1924909,2,6,146356532,777177650,35702,35652,35719,785149710,407419891,99713868
17,145165669,1,127423842,8,292608994,956262271,17,801108420,762785,918253410,121,1022863173,231361516,17,736496255,642832,1028181460,1027337841,2081,121,777177650,14565497,35614,919150108,96392798,0,948512199,2081,142,9,6,3100,3230634,3,6,146356532,777177650,35690,35684,35698,106211174,365042431,258157245
10,185743883,4,261867689,9,895777001,658451645,10,73320802,530237,726765942,49,58080412,277187647,10,223001803,457393,373412815,529457660,2082,49,330563436,4675363,34707,919150108,635442622,0,1034921694,2082,75,3,1,3600,3510251,0,0,378580043,330563436,34717,34774,34728,785149710,431484053,122869985
10,185743883,4,261867689,9,895777001,658451645,10,73320802,530237,726765942,49,58080412,277187647,10,223001803,457393,373412815,529457660,2082,49,330563436,4675363,34707,919150108,635442622,0,1034921694,2082,105,10,2,1200,1206120,8,5,449642453,330563436,34724,34739,34735,106211174,944913022,30744046
10,185743883,4,261867689,9,895777001,658451645,10,73320802,530237,726765942,49,58080412,277187647,10,223001803,457393,373412815,529457660,2085,49,330563436,4531107,34292,1030545334,644523916,0,1003725270,2085,41,8,1,4500,4234680,0,7,378580043,330563436,34390,34343,34420,862871618,431484053,835071150
15,962519746,0,265433381,4,829353804,938198330,15,991041614,464108,693080424,32,42617135,948840554,15,120905608,347153,1028181460,156874928,2113,32,777177650,6567821,35740,919150108,643269047,0,328969360,2113,123,8,1,4000,4092480,4,6,146356532,777177650,35809,35773,35830,862871618,86983390,303553738
15,962519746,0,265433381,4,829353804,938198330,15,991041614,464108,693080424,32,42617135,948840554,15,120905608,347153,1028181460,156874928,2113,32,777177650,6567821,35740,919150108,643269047,0,328969360,2113,112,2,2,2400,2429064,3,2,146356532,777177650,35843,35801,35868,785149710,431484053,803338354
15,962519746,0,265433381,4,829353804,938198330,15,991041614,464108,693080424,79,620373923,918253789,15,1003789897,512128,797027742,999752886,2114,79,330563436,10644602,34713,527479233,602978792,0,742516945,2114,168,9,1,5000,5340800,5,5,449642453,330563436,34733,34774,34741,785149710,250142940,637011421
15,962519746,0,265433381,4,829353804,938198330,15,991041614,464108,693080424,79,620373923,918253789,15,1003789897,512128,797027742,999752886,2114,79,330563436,10644602,34713,527479233,602978792,0,742516945,2114,186,7,2,2600,2824068,2,2,449642453,330563436,34817,34803,34845,106211174,407419891,145917671
15,962519746,0,265433381,4,829353804,938198330,15,991041614,464108,693080424,79,620373923,918253789,15,1003789897,512128,797027742,999752886,2114,79,330563436,10644602,34713,527479233,602978792,0,742516945,2114,162,1,3,2500,2655400,7,1,449642453,330563436,34743,34769,34750,785149710,365042431,499490514
1,559044011,1,1004765669,3,458785,31140224,1,73682198,419239,154263564,106,864562228,957626520,1,147772690,328842,797027742,268933212,2115,106,777177650,13481465,35936,483467692,1041669670,0,1060371679,2115,196,8,1,2700,2959713,6,3,146356532,777177650,36037,36003,36040,106211174,365042431,490370874
1,559044011,1,1004765669,3,458785,31140224,1,73682198,419239,154263564,106,864562228,957626520,1,147772690,328842,797027742,268933212,2115,106,777177650,13481465,35936,483467692,1041669670,0,1060371679,2115,184,5,2,4300,4661974,6,2,146356532,777177650,35988,35999,35998,785149710,944913022,159888662
1,559044011,1,1004765669,3,458785,31140224,1,73682198,419239,154263564,106,864562228,957626520,1,147772690,328842,797027742,268933212,2115,106,777177650,13481465,35936,483467692,1041669670,0,1060371679,2115,51,3,3,300,285315,3,4,146356532,777177650,35997,36004,36019,749443834,944913022,977737889
1,559044011,1,1004765669,3,458785,31140224,1,73682198,419239,154263564,106,864562228,957626520,1,147772690,328842,797027742,268933212,2115,106,777177650,13481465,35936,483467692,1041669670,0,1060371679,2115,49,10,4,4700,4460488,6,7,146356532,777177650,36034,36004,36041,862871618,1001693018,135000181
1,559044011,1,1004765669,3,458785,31140224,1,73682198,419239,154263564,106,864562228,957626520,1,147772690,328842,797027742,268933212,2115,106,777177650,13481465,35936,483467692,1041669670,0,1060371679,2115,199,3,5,1300,1428947,4,0,146356532,777177650,36012,36011,36018,749443834,1001693018,265156342
11,319240162,4,108891028,5,64952534,366176741,11,103869805,-28383,275262022,134,987180522,314377204,11,814495129,460889,1028181460,724055480,2118,134,777177650,3897467,35345,382018914,558101883,0,20686660,2118,160,1,1,2400,2544384,10,3,146356532,777177650,35434,35411,35442,862871618,250142940,758841601
11,319240162,4,108891028,5,64952534,366176741,11,103869805,-28383,275262022,134,987180522,314377204,11,814495129,460889,1028181460,724055480,2118,134,777177650,3897467,35345,382018914,558101883,0,20686660,2118,184,5,2,400,433672,8,1,146356532,777177650,35361,35377,35389,785149710,365042431,36138600
11,319240162,4,108891028,5,64952534,366176741,11,103869805,-28383,275262022,134,987180522,314377204,11,814495129,460889,1028181460,724055480,2118,134,777177650,3897467,35345,382018914,558101883,0,20686660,2118,145,4,3,1100,1149654,5,4,146356532,777177650,35420,35417,35429,785149710,250142940,220139667
11,319240162,4,108891028,5,64952534,366176741,11,103869805,-28383,275262022,134,987180522,314377204,11,814495129,460889,1028181460,724055480,2145,134,330563436,1888534,33878,382018914,1032535324,0,516380591,2145,78,8,1,1300,1271491,4,5,449642453,330563436,33918,33949,33943,862871618,431484053,587209490
11,319240162,4,108891028,5,64952534,366176741,11,103869805,-28383,275262022,134,987180522,314377204,11,814495129,460889,1028181460,724055480,2145,134,330563436,1888534,33878,382018914,1032535324,0,516380591,2145,154,6,2,600,632490,5,1,449642453,330563436,33885,33935,33889,106211174,365042431,357272358
10,185743883,4,261867689,9,895777001,658451645,10,73320802,530237,726765942,104,133204033,240401202,10,569591890,-58838,373412815,427642554,2176,104,330563436,8724817,33916,382018914,799892158,0,712813793,2176,191,4,1,3800,4146522,2,8,378580043,330563436,33935,33981,33958,749443834,1001693018,48839451
10,185743883,4,261867689,9,895777001,658451645,10,73320802,530237,726765942,104,133204033,240401202,10,569591890,-58838,373412815,427642554,2176,104,330563436,8724817,33916,382018914,799892158,0,712813793,2176,95,8,2,1400,1393126,0,6,449642453,330563436,33923,33974,33939,749443834,407419891,1039318823
10,185743883,4,261867689,9,895777001,658451645,10,73320802,530237,726765942,104,133204033,240401202,10,569591890,-58838,373412815,427642554,2176,104,330563436,8724817,33916,382018914,799892158,0,712813793,2176,160,1,3,2500,2650400,2,2,378580043,330563436,34021,33972,34033,785149710,250142940,188485269
10,185743883,4,261867689,9,895777001,658451645,10,73320802,530237,726765942,104,133204033,240401202,10,569591890,-58838,373412815,427642554,2176,104,330563436,8724817,33916,382018914,799892158,0,712813793,2176,143,6,4,200,208628,5,6,449642453,330563436,34024,33975,34049,749443834,365042431,997143359
17,145165669,1,127423842,1,792906294,317827973,17,971385163,575594,622797579,8,922454654,11853917,17,342305859,681974,1028181460,844824201,2178,8,777177650,7959467,35409,1030545334,201124567,0,856393627,2178,157,2,1,1500,1585725,10,1,146356532,777177650,35514,35497,35536,106211174,1001693018,514290760
17,145165669,1,127423842,1,792906294,317827973,17,971385163,575594,622797579,8,922454654,11853917,17,342305859,681974,1028181460,844824201,2178,8,777177650,7959467,35409,1030545334,201124567,0,856393627,2178,16,10,2,2700,2473227,1,2,146356532,777177650,35485,35478,35512,106211174,431484053,642634491
17,145165669,1,127423842,1,792906294,317827973,17,971385163,575594,622797579,8,922454654,11853917,17,342305859,681974,1028181460,844824201,2178,8,777177650,7959467,35409,1030545334,201124567,0,856393627,2178,5,2,3,4000,3620000,0,3,146356532,777177650,35504,35468,35533,785149710,250142940,444978669
17,145165669,1,127423842,1,792906294,317827973,17,971385163,575594,622797579,8,922454654,11853917,17,342305859,681974,1028181460,844824201,2178,8,777177650,7959467,35409,1030545334,201124567,0,856393627,2178,78,6,4,300,293421,7,7,146356532,777177650,35525,35451,35536,785149710,431484053,629316547
17,145165669,1,127423842,8,292608994,956262271,17,801108420,762785,918253410,8,922454654,11853917,17,342305859,681974,1028181460,844824201,2178,8,777177650,7959467,35409,1030545334,201124567,0,856393627,2178,157,2,1,1500,1585725,10,1,146356532,777177650,35514,35497,35536,106211174,1001693018,514290760
17,145165669,1,127423842,8,292608994,956262271,17,801108420,762785,918253410,8,922454654,11853917,17,342305859,681974,1028181460,844824201,2178,8,777177650,7959467,35409,1030545334,201124567,0,856393627,2178,16,10,2,2700,2473227,1,2,146356532,777177650,35485,35478,35512,106211174,431484053,642634491
17,145165669,1,127423842,8,292608994,956262271,17,801108420,762785,918253410,8,922454654,11853917,17,342305859,681974,1028181460,844824201,2178,8,777177650,7959467,35409,1030545334,201124567,0,856393627,2178,5,2,3,4000,3620000,0,3,146356532,777177650,35504,35468,35533,785149710,250142940,444978669
17,145165669,1,127423842,8,292608994,956262271,17,801108420,762785,918253410,8,922454654,11853917,17,342305859,681974,1028181460,844824201,2178,8,777177650,7959467,35409,1030545334,201124567,0,856393627,2178,78,6,4,300,293421,7,7,146356532,777177650,35525,35451,35536,785149710,431484053,629316547
10,185743883,4,261867689,9,895777001,658451645,10,73320802,530237,726765942,41,548472177,102959959,10,589189525,27095,750198692,81122026,2179,41,777177650,7748709,35313,919150108,363074043,0,329128146,2179,130,9,1,2200,2266286,5,8,146356532,777177650,35383,35370,35392,749443834,944913022,905321221
10,185743883,4,261867689,9,895777001,658451645,10,73320802,530237,726765942,41,548472177,102959959,10,589189525,27095,750198692,81122026,2179,41,777177650,7748709,35313,919150108,363074043,0,329128146,2179,139,5,2,2000,2078259,3,1,146356532,777177650,35336,35377,35366,106211174,1001693018,179924590
10,185743883,4,261867689,9,895777001,658451645,10,73320802,530237,726765942,41,548472177,102959959,10,589189525,27095,750198692,81122026,2179,41,777177650,7748709,35313,919150108,363074043,0,329128146,2179,104,9,3,500,502050,3,2,146356532,777177650,35376,35344,35378,749443834,1001693018,292567978
10,185743883,4,261867689,9,895777001,658451645,10,73320802,530237,726765942,41,548472177,102959959,10,589189525,27095,750198692,81122026,2179,41,777177650,7748709,35313,919150108,363074043,0,329128146,2179,6,3,4,2400,2174400,4,4,146356532,777177650,35362,35372,35383,785149710,250142940,41799417
10,185743883,4,261867689,9,895777001,658451645,10,73320802,530237,726765942,41,548472177,102959959,10,589189525,27095,750198692,81122026,2179,41,777177650,7748709,35313,919150108,363074043,0,329128146,2179,108,5,5,700,705670,0,2,146356532,777177650,35360,35381,35388,862871618,250142940,217697140
15,962519746,0,265433381,4,829353804,938198330,15,991041614,464108,693080424,32,42617135,948840554,15,120905608,347153,1028181460,156874928,2210,32,330563436,3168946,33617,919150108,86869457,0,848422508,2210,78,7,1,3600,3521051,10,0,449642453,330563436,33665,33685,33682,749443834,365042431,703902365
10,185743883,4,261867689,9,895777001,658451645,10,73320802,530237,726765942,56,1002271304,628821590,10,666136321,653086,373412815,658726857,2240,56,330563436,17409030,33667,483467692,546139338,0,621238705,2240,164,3,1,600,638496,1,0,449642453,330563436,33776,33739,33803,785149710,365042431,141367415
10,185743883,4,261867689,9,895777001,658451645,10,73320802,530237,726765942,56,1002271304,628821590,10,666136321,653086,373412815,658726857,2240,56,330563436,17409030,33667,483467692,546139338,0,621238705,2240,28,1,2,3700,3433674,3,7,378580043,330563436,33677,33753,33697,785149710,944913022,784811128
10,185743883,4,261867689,9,895777001,658451645,10,73320802,530237,726765942,56,1002271304,628821590,10,666136321,653086,373412815,658726857,2240,56,330563436,17409030,33667,483467692,546139338,0,621238705,2240,53,5,3,3900,3716894,8,6,449642453,330563436,33744,33732,33761,106211174,944913022,448421504
10,185743883,4,261867689,9,895777001,658451645,10,73320802,530237,726765942,56,1002271304,628821590,10,666136321,653086,373412815,658726857,2240,56,330563436,17409030,33667,483467692,546139338,0,621238705,2240,86,7,4,1000,986079,9,0,449642453,330563436,33747,33706,33776,749443834,1001693018,828210769
10,185743883,4,261867689,9,895777001,658451645,10,73320802,530237,726765942,56,1002271304,628821590,10,666136321,653086,373412815,658726857,2240,56,330563436,17409030,33667,483467692,546139338,0,621238705,2240,161,10,5,2900,3077364,2,6,449642453,330563436,33690,33730,33701,785149710,431484053,314682108
10,185743883,4,261867689,9,895777001,658451645,10,73320802,530237,726765942,56,1002271304,628821590,10,666136321,653086,373412815,658726857,2240,56,330563436,17409030,33667,483467692,546139338,0,621238705,2240,81,2,6,3200,3139456,6,6,378580043,330563436,33703,33710,33714,106211174,431484053,731000808
10,185743883,4,261867689,9,895777001,658451645,10,73320802,530237,726765942,56,1002271304,628821590,10,666136321,653086,373412815,658726857,2240,56,330563436,17409030,33667,483467692,546139338,0,621238705,2240,78,7,7,2400,2347368,4,5,378580043,330563436,33735,33701,33736,749443834,944913022,112651288
10,185743883,4,261867689,9,895777001,658451645,10,73320802,530237,726765942,49,58080412,277187647,10,223001803,457393,373412815,529457660,2243,49,777177650,1045196,34858,919150108,78941808,0,383207350,2243,127,8,1,1000,1027120,4,6,146356532,777177650,34904,34896,34912,106211174,250142940,862176692
15,962519746,0,265433381,4,829353804,938198330,15,991041614,464108,693080424,95,516470774,709679413,15,640996999,532738,797027742,363255963,2247,95,330563436,1349131,33816,483467692,893477246,0,68117147,2247,172,2,1,1200,1286604,2,7,449642453,330563436,33851,33863,33871,106211174,431484053,1068812548
10,185743883,4,261867689,9,895777001,658451645,10,73320802,530237,726765942,104,133204033,240401202,10,569591890,-58838,373412815,427642554,2274,104,330563436,5827389,34214,483467692,505055749,0,359725671,2274,12,6,1,1800,1641618,4,3,378580043,330563436,34216,34304,34232,785149710,407419891,812655981
10,185743883,4,261867689,9,895777001,658451645,10,73320802,530237,726765942,104,133204033,240401202,10,569591890,-58838,373412815,427642554,2274,104,330563436,5827389,34214,483467692,505055749,0,359725671,2274,111,8,2,2300,2325553,4,3,378580043,330563436,34268,34274,34276,106211174,431484053,982221799
10,185743883,4,261867689,9,895777001,658451645,10,73320802,530237,726765942,104,133204033,240401202,10,569591890,-58838,373412815,427642554,2274,104,330563436,5827389,34214,483467692,505055749,0,359725671,2274,129,10,3,1800,1852416,3,6,378580043,330563436,34238,34293,34252,749443834,407419891,832463922
14,188440933,0,29958364,6,564123676,816784291,14,177982233,136579,447900922,89,468529770,948964647,14,106551305,153076,373412815,1009632679,2277,89,330563436,7927023,34699,483467692,964379550,0,450557520,2277,137,8,1,3800,3941094,3,7,378580043,330563436,34810,34781,34837,862871618,86983390,626395127
14,188440933,0,29958364,6,564123676,816784291,14,177982233,136579,447900922,89,468529770,948964647,14,106551305,153076,373412815,1009632679,2277,89,330563436,7927023,34699,483467692,964379550,0,450557520,2277,8,1,2,200,181600,10,8,449642453,330563436,34729,34732,34758,862871618,365042431,67534513
14,188440933,0,29958364,6,564123676,816784291,14,177982233,136579,447900922,89,468529770,948964647,14,106551305,153076,373412815,1009632679,2277,89,330563436,7927023,34699,483467692,964379550,0,450557520,2277,198,10,3,400,439276,5,6,378580043,330563436,34814,34772,34816,862871618,407419891,921069515
14,188440933,0,29958364,6,564123676,816784291,14,177982233,136579,447900922,89,468529770,948964647,14,106551305,153076,373412815,1009632679,2277,89,330563436,7927023,34699,483467692,964379550,0,450557520,2277,159,4,4,3100,3283365,2,0,378580043,330563436,34763,34775,34782,862871618,431484053,570034645
1,559044011,1,1004765669,3,458785,31140224,1,73682198,419239,154263564,106,864562228,957626520,1,147772690,328842,797027742,268933212,2307,106,330563436,5941776,34147,527479233,238293809,0,710116047,2307,142,9,1,2400,2501136,10,5,378580043,330563436,34247,34184,34260,785149710,365042431,14669838
1,559044011,1,1004765669,3,458785,31140224,1,73682198,419239,154263564,106,864562228,957626520,1,147772690,328842,797027742,268933212,2307,106,330563436,5941776,34147,527479233,238293809,0,710116047,2307,140,6,2,200,208028,1,0,449642453,330563436,34231,34201,34243,785149710,407419891,610089042
1,559044011,1,1004765669,3,458785,31140224,1,73682198,419239,154263564,106,864562228,957626520,1,147772690,328842,797027742,268933212,2307,106,330563436,5941776,34147,527479233,238293809,0,710116047,2307,34,10,3,700,653821,7,4,378580043,330563436,34182,34214,34207,749443834,365042431,789333492
1,559044011,1,1004765669,3,458785,31140224,1,73682198,419239,154263564,106,864562228,957626520,1,147772690,328842,797027742,268933212,2307,106,330563436,5941776,34147,527479233,238293809,0,710116047,2307,165,6,4,1900,2023804,8,6,378580043,330563436,34263,34219,34280,862871618,86983390,798923992
1,559044011,1,1004765669,3,458785,31140224,1,73682198,419239,154263564,106,864562228,957626520,1,147772690,328842,797027742,268933212,2307,106,330563436,5941776,34147,527479233,238293809,0,710116047,2307,143,4,5,700,730198,1,6,378580043,330563436,34211,34187,34239,106211174,365042431,702375559
23,536896580,3,94114815,7,11315813,791810943,23,1051077640,682035,798884201,31,855445084,1027402851,23,969728011,523689,750198692,449809331,2310,31,777177650,8292812,35326,527479233,910382867,0,137293408,2310,58,6,1,3600,3448980,3,3,146356532,777177650,35345,35364,35365,862871618,250142940,536663580
23,536896580,3,94114815,7,11315813,791810943,23,1051077640,682035,798884201,31,855445084,1027402851,23,969728011,523689,750198692,449809331,2310,31,777177650,8292812,35326,527479233,910382867,0,137293408,2310,171,2,2,600,642702,7,1,146356532,777177650,35375,35406,35404,785149710,1001693018,709174897
23,536896580,3,94114815,7,11315813,791810943,23,1051077640,682035,798884201,31,855445084,1027402851,23,969728011,523689,750198692,449809331,2310,31,777177650,8292812,35326,527479233,910382867,0,137293408,2310,42,1,3,4800,4521792,8,2,146356532,777177650,35340,35387,35361,862871618,944913022,644406077
23,536896580,3,94114815,7,11315813,791810943,23,1051077640,682035,798884201,65,281052985,65225523,23,531840509,879516,701940545,1044095204,2340,65,777177650,3077878,35074,382018914,347516643,0,202553366,2340,138,4,1,900,934317,8,2,146356532,777177650,35184,35117,35199,785149710,250142940,92378913
23,536896580,3,94114815,7,11315813,791810943,23,1051077640,682035,798884201,65,281052985,65225523,23,531840509,879516,701940545,1044095204,2340,65,777177650,3077878,35074,382018914,347516643,0,202553366,2340,193,5,2,2100,2295699,6,2,146356532,777177650,35079,35126,35091,749443834,407419891,453856473
10,185743883,4,261867689,9,895777001,658451645,10,73320802,530237,726765942,110,244010384,14769951,10,551032061,746299,701940545,942200752,2369,110,777177650,7351791,35421,919150108,213135429,0,644373577,2369,24,7,1,3000,2772060,5,4,146356532,777177650,35541,35471,35569,785149710,1001693018,680463020
10,185743883,4,261867689,9,895777001,658451645,10,73320802,530237,726765942,110,244010384,14769951,10,551032061,746299,701940545,942200752,2369,110,777177650,7351791,35421,919150108,213135429,0,644373577,2369,169,10,2,4700,5025052,10,2,146356532,777177650,35430,35477,35441,785149710,250142940,758194574
23,536896580,3,94114815,7,11315813,791810943,23,1051077640,682035,798884201,31,855445084,1027402851,23,969728011,523689,750198692,449809331,2372,31,777177650,10492766,35753,527479233,579749348,0,139409532,2372,43,4,1,4200,3960768,8,2,146356532,777177650,35797,35795,35826,785149710,1001693018,179044474
23,536896580,3,94114815,7,11315813,791810943,23,1051077640,682035,798884201,31,855445084,1027402851,23,969728011,523689,750198692,449809331,2372,31,777177650,10492766,35753,527479233,579749348,0,139409532,2372,3,10,2,1700,1535100,7,1,146356532,777177650,35779,35810,35787,106211174,250142940,927688135
23,536896580,3,94114815,7,11315813,791810943,23,1051077640,682035,798884201,31,855445084,1027402851,23,969728011,523689,750198692,449809331,2372,31,777177650,10492766,35753,527479233,579749348,0,139409532,2372,164,1,3,1200,1276992,4,4,146356532,777177650,35873,35783,35895,749443834,407419891,704958559
23,536896580,3,94114815,7,11315813,791810943,23,1051077640,682035,798884201,31,855445084,1027402851,23,969728011,523689,750198692,449809331,2372,31,777177650,10492766,35753,527479233,579749348,0,139409532,2372,122,1,4,400,408848,0,7,146356532,777177650,35776,35790,35778,862871618,1001693018,802467151
23,536896580,3,94114815,7,11315813,791810943,23,1051077640,682035,798884201,31,855445084,1027402851,23,969728011,523689,750198692,449809331,2372,31,777177650,10492766,35753,527479233,579749348,0,139409532,2372,20,7,5,500,460010,2,4,146356532,777177650,35832,35811,35854,862871618,250142940,787729063
23,536896580,3,94114815,7,11315813,791810943,23,1051077640,682035,798884201,31,855445084,1027402851,23,969728011,523689,750198692,449809331,2372,31,777177650,10492766,35753,527479233,579749348,0,139409532,2372,189,10,6,1100,1198098,2,6,146356532,777177650,35838,35811,35862,862871618,944913022,642382970
23,536896580,3,94114815,7,11315813,791810943,23,1051077640,682035,798884201,31,855445084,1027402851,23,969728011,523689,750198692,449809331,2372,31,777177650,10492766,35753,527479233,579749348,0,139409532,2372,57,8,7,1900,1818395,1,6,146356532,777177650,35788,35843,35795,785149710,407419891,392510372
11,319240162,4,108891028,5,64952534,366176741,11,103869805,-28383,275262022,148,120951395,335387568,11,608291700,213560,750198692,672328102,2401,148,777177650,8844824,35638,483467692,560258212,0,197871355,2401,182,3,1,3900,4220502,0,3,146356532,777177650,35700,35722,35718,749443834,944913022,277440124
11,319240162,4,108891028,5,64952534,366176741,11,103869805,-28383,275262022,148,120951395,335387568,11,608291700,213560,750198692,672328102,2401,148,777177650,8844824,35638,483467692,560258212,0,197871355,2401,3,8,2,4900,4424700,5,7,146356532,777177650,35673,35682,35684,862871618,365042431,873780807
10,185743883,4,261867689,9,895777001,658451645,10,73320802,530237,726765942,55,292749220,212078962,10,611195724,457210,797027742,482627384,2403,55,777177650,11102079,35894,1030545334,80785109,0,1015806976,2403,83,4,1,3400,3342472,4,7,146356532,777177650,35943,35963,35949,106211174,1001693018,888332348
10,185743883,4,261867689,9,895777001,658451645,10,73320802,530237,726765942,55,292749220,212078962,10,611195724,457210,797027742,482627384,2403,55,777177650,11102079,35894,1030545334,80785109,0,1015806976,2403,152,4,2,1900,1999084,8,7,146356532,777177650,35903,35976,35926,749443834,944913022,572674184
10,185743883,4,261867689,9,895777001,658451645,10,73320802,530237,726765942,55,292749220,212078962,10,611195724,457210,797027742,482627384,2403,55,777177650,11102079,35894,1030545334,80785109,0,1015806976,2403,193,4,3,2700,2951613,5,3,146356532,777177650,36001,35982,36008,106211174,407419891,731064929
10,185743883,4,261867689,9,895777001,658451645,10,73320802,530237,726765942,55,292749220,212078962,10,611195724,457210,797027742,482627384,2403,55,777177650,11102079,35894,1030545334,80785109,0,1015806976,2403,31,2,4,3000,2793090,5,6,146356532,777177650,36013,35961,36025,106211174,86983390,93639994
17,145165669,1,127423842,1,792906294,317827973,17,971385163,575594,622797579,77,824012780,958172237,17,860353878,173887,1028181460,653253715,2404,77,777177650,10907769,35500,483467692,778902010,0,1040058878,2404,147,10,1,3600,3769704,7,0,146356532,777177650,35514,35564,35524,785149710,1001693018,711733387
17,145165669,1,127423842,1,792906294,317827973,17,971385163,575594,622797579,77,824012780,958172237,17,860353878,173887,1028181460,653253715,2404,77,777177650,10907769,35500,483467692,778902010,0,1040058878,2404,36,2,2,100,93603,2,4,146356532,777177650,35570,35585,35576,749443834,431484053,1066268711
17,145165669,1,127423842,1,792906294,317827973,17,971385163,575594,622797579,77,824012780,958172237,17,860353878,173887,1028181460,653253715,2404,77,777177650,10907769,35500,483467692,778902010,0,1040058878,2404,18,5,3,4100,3763841,2,6,146356532,777177650,35591,35551,35621,106211174,365042431,272108613
17,145165669,1,127423842,1,792906294,317827973,17,971385163,575594,622797579,77,824012780,958172237,17,860353878,173887,1028181460,653253715,2404,77,777177650,10907769,35500,483467692,778902010,0,1040058878,2404,57,8,4,1900,1818395,9,3,146356532,777177650,35555,35572,35572,862871618,407419891,485430758
17,145165669,1,127423842,1,792906294,317827973,17,971385163,575594,622797579,77,824012780,958172237,17,860353878,173887,1028181460,653253715,2404,77,777177650,10907769,35500,483467692,778902010,0,1040058878,2404,4,9,5,1800,1627200,0,4,146356532,777177650,35604,35554,35611,106211174,250142940,872911954
17,145165669,1,127423842,8,292608994,956262271,17,801108420,762785,918253410,77,824012780,958172237,17,860353878,173887,1028181460,653253715,2404,77,777177650,10907769,35500,483467692,778902010,0,1040058878,2404,147,10,1,3600,3769704,7,0,146356532,777177650,35514,35564,35524,785149710,1001693018,711733387
17,145165669,1,127423842,8,292608994,956262271,17,801108420,762785,918253410,77,824012780,958172237,17,860353878,173887,1028181460,653253715,2404,77,777177650,10907769,35500,483467692,778902010,0,1040058878,2404,36,2,2,100,93603,2,4,146356532,777177650,35570,35585,35576,749443834,431484053,1066268711
17,145165669,1,127423842,8,292608994,956262271,17,801108420,762785,918253410,77,824012780,958172237,17,860353878,173887,1028181460,653253715,2404,77,777177650,10907769,35500,483467692,778902010,0,1040058878,2404,18,5,3,4100,3763841,2,6,146356532,777177650,35591,35551,35621,106211174,365042431,272108613
17,145165669,1,127423842,8,292608994,956262271,17,801108420,762785,918253410,77,824012780,958172237,17,860353878,173887,1028181460,653253715,2404,77,777177650,10907769,35500,483467692,778902010,0,1040058878,2404,57,8,4,1900,1818395,9,3,146356532,777177650,35555,35572,35572,862871618,407419891,485430758
17,145165669,1,127423842,8,292608994,956262271,17,801108420,762785,918253410,77,824012780,958172237,17,860353878,173887,1028181460,653253715,2404,77,777177650,10907769,35500,483467692,778902010,0,1040058878,2404,4,9,5,1800,1627200,0,4,146356532,777177650,35604,35554,35611,106211174,250142940,872911954
10,185743883,4,261867689,9,895777001,658451645,10,73320802,530237,726765942,55,292749220,212078962,10,611195724,457210,797027742,482627384,2407,55,777177650,11284352,35963,919150108,937889333,0,165447288,2407,64,3,1,1400,1349684,4,2,146356532,777177650,36076,36030,36093,106211174,944913022,891228166
10,185743883,4,261867689,9,895777001,658451645,10,73320802,530237,726765942,55,292749220,212078962,10,611195724,457210,797027742,482627384,2407,55,777177650,11284352,35963,919150108,937889333,0,165447288,2407,166,7,2,900,959544,7,5,146356532,777177650,36011,36016,36025,862871618,86983390,283702029
10,185743883,4,261867689,9,895777001,658451645,10,73320802,530237,726765942,55,292749220,212078962,10,611195724,457210,797027742,482627384,2407,55,777177650,11284352,35963,919150108,937889333,0,165447288,2407,131,2,3,3900,4021407,2,2,146356532,777177650,36025,36048,36027,749443834,431484053,15066006
10,185743883,4,261867689,9,895777001,658451645,10,73320802,530237,726765942,55,292749220,212078962,10,611195724,457210,797027742,482627384,2407,55,777177650,11284352,35963,919150108,937889333,0,165447288,2407,91,4,4,1000,991090,1,7,146356532,777177650,36019,36046,36034,785149710,944913022,74984285
10,185743883,4,261867689,9,895777001,658451645,10,73320802,530237,726765942,55,292749220,212078962,10,611195724,457210,797027742,482627384,2407,55,777177650,11284352,35963,919150108,937889333,0,165447288,2407,198,1,5,1400,1537466,4,5,146356532,777177650,36060,36023,36072,749443834,944913022,1018351022
10,185743883,4,261867689,9,895777001,658451645,10,73320802,530237,726765942,55,292749220,212078962,10,611195724,457210,797027742,482627384,2407,55,777177650,11284352,35963,919150108,937889333,0,165447288,2407,71,9,6,1800,1747925,4,1,146356532,777177650,36069,36035,36085,862871618,431484053,144902984
10,185743883,4,261867689,9,895777001,658451645,10,73320802,530237,726765942,55,292749220,212078962,10,611195724,457210,797027742,482627384,2407,55,777177650,11284352,35963,919150108,937889333,0,165447288,2407,161,8,7,700,742812,7,3,146356532,777177650,36047,36020,36066,862871618,431484053,910563078
23,536896580,3,94114815,7,11315813,791810943,23,1051077640,682035,798884201,31,855445084,1027402851,23,969728011,523689,750198692,449809331,2433,31,330563436,14707185,34566,483467692,107090275,0,355922397,2433,87,8,1,3900,3849612,1,4,378580043,330563436,34656,34598,34676,749443834,407419891,668310756
23,536896580,3,94114815,7,11315813,791810943,23,1051077640,682035,798884201,31,855445084,1027402851,23,969728011,523689,750198692,449809331,2433,31,330563436,14707185,34566,483467692,107090275,0,355922397,2433,134,5,2,2000,2068259,5,6,449642453,330563436,34675,34625,34681,785149710,1001693018,218140109
23,536896580,3,94114815,7,11315813,791810943,23,1051077640,682035,798884201,31,855445084,1027402851,23,969728011,523689,750198692,449809331,2433,31,330563436,14707185,34566,483467692,107090275,0,355922397,2433,157,2,3,3800,4017169,8,3,449642453,330563436,34620,34628,34642,749443834,407419891,603654312
23,536896580,3,94114815,7,11315813,791810943,23,1051077640,682035,798884201,31,855445084,1027402851,23,969728011,523689,750198692,449809331,2433,31,330563436,14707185,34566,483467692,107090275,0,355922397,2433,121,6,4,4300,4390816,1,5,449642453,330563436,34621,34628,34644,749443834,250142940,758357921
23,536896580,3,94114815,7,11315813,791810943,23,1051077640,682035,798884201,31,855445084,1027402851,23,969728011,523689,750198692,449809331,2433,31,330563436,14707185,34566,483467692,107090275,0,355922397,2433,108,1,5,300,302430,6,2,449642453,330563436,34644,34599,34653,785149710,365042431,95799959
5,529057841,0,890382161,2,549623314,849027485,5,58126162,403268,958596215,85,1001770604,231357394,5,608676529,338664,373412815,725868244,2437,85,330563436,14341169,34078,483467692,177225593,0,21604151,2437,94,6,1,4600,4572814,7,4,449642453,330563436,34191,34134,34208,106211174,250142940,6630207
5,529057841,0,890382161,2,549623314,849027485,5,58126162,403268,958596215,85,1001770604,231357394,5,608676529,338664,373412815,725868244,2437,85,330563436,14341169,34078,483467692,177225593,0,21604151,2437,190,1,2,2600,2834494,0,4,449642453,330563436,34143,34109,34155,749443834,1001693018,938301521
5,529057841,0,890382161,2,549623314,849027485,5,58126162,403268,958596215,85,1001770604,231357394,5,608676529,338664,373412815,725868244,2437,85,330563436,14341169,34078,483467692,177225593,0,21604151,2437,2,7,3,2300,2074600,1,0,449642453,330563436,34194,34146,34202,862871618,407419891,981078183
5,529057841,0,890382161,2,549623314,849027485,5,58126162,403268,958596215,85,1001770604,231357394,5,608676529,338664,373412815,725868244,2437,85,330563436,14341169,34078,483467692,177225593,0,21604151,2437,116,10,4,1200,1219332,3,8,449642453,330563436,34084,34149,34105,862871618,944913022,559761804
5,529057841,0,890382161,2,549623314,849027485,5,58126162,403268,958596215,85,1001770604,231357394,5,608676529,338664,373412815,725868244,2437,85,330563436,14341169,34078,483467692,177225593,0,21604151,2437,17,7,5,2900,2659329,2,6,449642453,330563436,34099,34128,34112,106211174,944913022,60733807
5,529057841,0,890382161,2,549623314,849027485,5,58126162,403268,958596215,85,1001770604,231357394,5,608676529,338664,373412815,725868244,2437,85,330563436,14341169,34078,483467692,177225593,0,21604151,2437,19,3,6,1000,919010,10,6,449642453,330563436,34107,34141,34109,862871618,431484053,902978992
10,185743883,4,261867689,9,895777001,658451645,10,73320802,530237,726765942,55,292749220,212078962,10,611195724,457210,797027742,482627384,2439,55,777177650,4181112,35502,919150108,705695505,0,218806154,2439,164,1,1,200,212832,9,3,146356532,777177650,35532,35590,35557,785149710,431484053,648548592
10,185743883,4,261867689,9,895777001,658451645,10,73320802,530237,726765942,55,292749220,212078962,10,611195724,457210,797027742,482627384,2439,55,777177650,4181112,35502,919150108,705695505,0,218806154,2439,144,5,2,500,522070,7,1,146356532,777177650,35541,35544,35546,749443834,944913022,658729506
10,185743883,4,261867689,9,895777001,658451645,10,73320802,530237,726765942,55,292749220,212078962,10,611195724,457210,797027742,482627384,2439,55,777177650,4181112,35502,919150108,705695505,0,218806154,2439,195,7,3,3300,3614126,8,5,146356532,777177650,35580,35563,35586,862871618,944913022,99283908
15,962519746,0,265433381,4,829353804,938198330,15,991041614,464108,693080424,34,3104980,1067983329,15,829251106,858970,750198692,421313236,2465,34,777177650,18073775,34872,382018914,407286584,0,152398748,2465,68,5,1,2700,2613762,5,2,146356532,777177650,34945,34947,34957,749443834,944913022,485231452
15,962519746,0,265433381,4,829353804,938198330,15,991041614,464108,693080424,34,3104980,1067983329,15,829251106,858970,750198692,421313236,2465,34,777177650,18073775,34872,382018914,407286584,0,152398748,2465,51,3,2,3400,3233570,2,5,146356532,777177650,34972,34913,34979,785149710,250142940,545377643
15,962519746,0,265433381,4,829353804,938198330,15,991041614,464108,693080424,34,3104980,1067983329,15,829251106,858970,750198692,421313236,2465,34,777177650,18073775,34872,382018914,407286584,0,152398748,2465,32,3,3,800,745624,10,0,146356532,777177650,34986,34935,35008,862871618,944913022,834879062
15,962519746,0,265433381,4,829353804,938198330,15,991041614,464108,693080424,34,3104980,1067983329,15,829251106,858970,750198692,421313236,2465,34,777177650,18073775,34872,382018914,407286584,0,152398748,2465,148,7,4,4500,4716630,3,1,146356532,777177650,34967,34934,34976,106211174,86983390,433703750
15,962519746,0,265433381,4,829353804,938198330,15,991041614,464108,693080424,34,3104980,1067983329,15,829251106,858970,750198692,421313236,2465,34,777177650,18073775,34872,382018914,407286584,0,152398748,2465,47,4,5,5000,4735200,1,4,146356532,777177650,34941,34946,34958,862871618,86983390,405955390
15,962519746,0,265433381,4,829353804,938198330,15,991041614,464108,693080424,34,3104980,1067983329,15,829251106,858970,750198692,421313236,2465,34,777177650,18073775,34872,382018914,407286584,0,152398748,2465,124,5,6,2000,2048240,3,3,146356532,777177650,34925,34922,34942,785149710,944913022,1047233641
17,145165669,1,127423842,1,792906294,317827973,17,971385163,575594,622797579,35,838315206,970339776,17,936827836,122824,750198692,831183110,2467,35,777177650,723191,34894,483467692,426642468,0,686513380,2467,133,9,1,700,723191,0,0,146356532,777177650,34906,34974,34936,106211174,1001693018,751158852
17,145165669,1,127423842,8,292608994,956262271,17,801108420,762785,918253410,35,838315206,970339776,17,936827836,122824,750198692,831183110,2467,35,777177650,723191,34894,483467692,426642468,0,686513380,2467,133,9,1,700,723191,0,0,146356532,777177650,34906,34974,34936,106211174,1001693018,751158852
14,188440933,0,29958364,6,564123676,816784291,14,177982233,136579,447900922,89,468529770,948964647,14,106551305,153076,373412815,1009632679,2471,89,777177650,3493631,35864,483467692,103888655,0,142423961,2471,84,5,1,3700,3641096,5,1,146356532,777177650,35941,35900,35952,785149710,86983390,60216621
17,145165669,1,127423842,1,792906294,317827973,17,971385163,575594,622797579,97,135469562,256852182,17,351137718,216448,701940545,611744579,2498,97,330563436,4551427,34279,527479233,527925955,0,682201577,2498,143,2,1,4800,5007072,10,1,378580043,330563436,34296,34341,34325,749443834,250142940,612238667
17,145165669,1,127423842,8,292608994,956262271,17,801108420,762785,918253410,97,135469562,256852182,17,351137718,216448,701940545,611744579,2498,97,330563436,4551427,34279,527479233,527925955,0,682201577,2498,143,2,1,4800,5007072,10,1,378580043,330563436,34296,34341,34325,749443834,250142940,612238667
17,145165669,1,127423842,1,792906294,317827973,17,971385163,575594,622797579,121,1022863173,231361516,17,736496255,642832,1028181460,1027337841,2499,121,777177650,14724385,34964,382018914,450317266,0,309429267,2499,150,3,1,1500,1575225,4,6,146356532,777177650,35052,35037,35081,749443834,944913022,141115125
17,145165669,1,127423842,1,792906294,317827973,17,971385163,575594,622797579,121,1022863173,231361516,17,736496255,642832,1028181460,1027337841,2499,121,777177650,14724385,34964,382018914,450317266,0,309429267,2499,46,3,2,4800,4540992,9,3,146356532,777177650,34984,35043,35012,749443834,365042431,136647553
17,145165669,1,127423842,1,792906294,317827973,17,971385163,575594,622797579,121,1022863173,231361516,17,736496255,642832,1028181460,1027337841,2499,121,777177650,14724385,34964,382018914,450317266,0,309429267,2499,133,9,3,3100,3202703,9,5,146356532,777177650,35040,34998,35067,785149710,365042431,653124011
17,145165669,1,127423842,1,792906294,317827973,17,971385163,575594,622797579,121,1022863173,231361516,17,736496255,642832,1028181460,1027337841,2499,121,777177650,14724385,34964,382018914,450317266,0,309429267,2499,159,7,4,3900,4130685,6,2,146356532,777177650,34996,34997,35008,862871618,407419891,431658404
17,145165669,1,127423842,1,792906294,317827973,17,971385163,575594,622797579,121,1022863173,231361516,17,736496255,642832,1028181460,1027337841,2499,121,777177650,14724385,34964,382018914,450317266,0,309429267,2499,130,9,5,600,618078,2,1,146356532,777177650,35020,35045,35039,106211174,407419891,177727582
17,145165669,1,127423842,1,792906294,317827973,17,971385163,575594,622797579,121,1022863173,231361516,17,736496255,642832,1028181460,1027337841,2499,121,777177650,14724385,34964,382018914,450317266,0,309429267,2499,119,3,6,1200,1222932,4,5,146356532,777177650,35019,35044,35024,785149710,1001693018,950972151
17,145165669,1,127423842,8,292608994,956262271,17,801108420,762785,918253410,121,1022863173,231361516,17,736496255,642832,1028181460,1027337841,2499,121,777177650,14724385,34964,382018914,450317266,0,309429267,2499,150,3,1,1500,1575225,4,6,146356532,777177650,35052,35037,35081,749443834,944913022,141115125
17,145165669,1,127423842,8,292608994,956262271,17,801108420,762785,918253410,121,1022863173,231361516,17,736496255,642832,1028181460,1027337841,2499,121,777177650,14724385,34964,382018914,450317266,0,309429267,2499,46,3,2,4800,4540992,9,3,146356532,777177650,34984,35043,35012,749443834,365042431,136647553
17,145165669,1,127423842,8,292608994,956262271,17,801108420,762785,918253410,121,1022863173,231361516,17,736496255,642832,1028181460,1027337841,2499,121,777177650,14724385,34964,382018914,450317266,0,309429267,2499,133,9,3,3100,3202703,9,5,146356532,777177650,35040,34998,35067,785149710,365042431,653124011
17,145165669,1,127423842,8,292608994,956262271,17,801108420,762785,918253410,121,1022863173,231361516,17,736496255,642832,1028181460,1027337841,2499,121,777177650,14724385,34964,382018914,450317266,0,309429267,2499,159,7,4,3900,4130685,6,2,146356532,777177650,34996,34997,35008,862871618,407419891,431658404
17,145165669,1,127423842,8,292608994,956262271,17,801108420,762785,918253410,121,1022863173,231361516,17,736496255,642832,1028181460,1027337841,2499,121,777177650,14724385,34964,382018914,450317266,0,309429267,2499,130,9,5,600,618078,2,1,146356532,777177650,35020,35045,35039,106211174,407419891,177727582
17,145165669,1,127423842,8,292608994,956262271,17,801108420,762785,918253410,121,1022863173,231361516,17,736496255,642832,1028181460,1027337841,2499,121,777177650,14724385,34964,382018914,450317266,0,309429267,2499,119,3,6,1200,1222932,4,5,146356532,777177650,35019,35044,35024,785149710,1001693018,950972151
17,145165669,1,127423842,1,792906294,317827973,17,971385163,575594,622797579,133,727108991,150278347,17,63836414,231467,701940545,136299243,2500,133,330563436,13112282,33829,919150108,86425258,0,741828783,2500,192,3,1,4000,4368760,0,2,449642453,330563436,33847,33875,33851,749443834,407419891,899040302
17,145165669,1,127423842,1,792906294,317827973,17,971385163,575594,622797579,133,727108991,150278347,17,63836414,231467,701940545,136299243,2500,133,330563436,13112282,33829,919150108,86425258,0,741828783,2500,37,8,2,3400,3185902,6,2,378580043,330563436,33878,33917,33904,749443834,86983390,936967844
17,145165669,1,127423842,1,792906294,317827973,17,971385163,575594,622797579,133,727108991,150278347,17,63836414,231467,701940545,136299243,2500,133,330563436,13112282,33829,919150108,86425258,0,741828783,2500,80,10,3,4100,4018328,2,0,378580043,330563436,33847,33917,33851,749443834,250142940,669777737
17,145165669,1,127423842,1,792906294,317827973,17,971385163,575594,622797579,133,727108991,150278347,17,63836414,231467,701940545,136299243,2500,133,330563436,13112282,33829,919150108,86425258,0,741828783,2500,69,8,4,1700,1647402,1,2,449642453,330563436,33875,33891,33880,749443834,1001693018,401950152
17,145165669,1,127423842,8,292608994,956262271,17,801108420,762785,918253410,133,727108991,150278347,17,63836414,231467,701940545,136299243,2500,133,330563436,13112282,33829,919150108,86425258,0,741828783,2500,192,3,1,4000,4368760,0,2,449642453,330563436,33847,33875,33851,749443834,407419891,899040302
17,145165669,1,127423842,8,292608994,956262271,17,801108420,762785,918253410,133,727108991,150278347,17,63836414,231467,701940545,136299243,2500,133,330563436,13112282,33829,919150108,86425258,0,741828783,2500,37,8,2,3400,3185902,6,2,378580043,330563436,33878,33917,33904,749443834,86983390,936967844
17,145165669,1,127423842,8,292608994,956262271,17,801108420,762785,918253410,133,727108991,150278347,17,63836414,231467,701940545,136299243,2500,133,330563436,13112282,33829,919150108,86425258,0,741828783,2500,80,10,3,4100,4018328,2,0,378580043,330563436,33847,33917,33851,749443834,250142940,669777737
17,145165669,1,127423842,8,292608994,956262271,17,801108420,762785,918253410,133,727108991,150278347,17,63836414,231467,701940545,136299243,2500,133,330563436,13112282,33829,919150108,86425258,0,741828783,2500,69,8,4,1700,1647402,1,2,449642453,330563436,33875,33891,33880,749443834,1001693018,401950152
10,185743883,4,261867689,9,895777001,658451645,10,73320802,530237,726765942,55,292749220,212078962,10,611195724,457210,797027742,482627384,2528,55,330563436,9206962,34656,382018914,281548201,0,973166689,2528,1,2,1,1000,901000,2,3,378580043,330563436,34678,34695,34694,785149710,1001693018,442207077
10,185743883,4,261867689,9,895777001,658451645,10,73320802,530237,726765942,55,292749220,212078962,10,611195724,457210,797027742,482627384,2528,55,330563436,9206962,34656,382018914,281548201,0,973166689,2528,74,3,2,1300,1266291,0,3,449642453,330563436,34663,34717,34669,862871618,1001693018,579457820
10,185743883,4,261867689,9,895777001,658451645,10,73320802,530237,726765942,55,292749220,212078962,10,611195724,457210,797027742,482627384,2528,55,330563436,9206962,34656,382018914,281548201,0,973166689,2528,175,6,3,3500,3763094,10,0,378580043,330563436,34685,34732,34712,106211174,431484053,188636993
10,185743883,4,261867689,9,895777001,658451645,10,73320802,530237,726765942,55,292749220,212078962,10,611195724,457210,797027742,482627384,2528,55,330563436,9206962,34656,382018914,281548201,0,973166689,2528,65,4,4,3700,3570722,0,1,449642453,330563436,34691,34730,34697,785149710,365042431,8575415
17,145165669,1,127423842,1,792906294,317827973,17,971385163,575594,622797579,121,1022863173,231361516,17,736496255,642832,1028181460,1027337841,2535,121,330563436,6701830,34112,527479233,256471032,0,36916148,2535,199,2,1,500,549595,6,1,449642453,330563436,34217,34173,34239,749443834,1001693018,954331835
17,145165669,1,127423842,1,792906294,317827973,17,971385163,575594,622797579,121,1022863173,231361516,17,736496255,642832,1028181460,1027337841,2535,121,330563436,6701830,34112,527479233,256471032,0,36916148,2535,39,5,2,1200,1126836,8,5,449642453,330563436,34165,34196,34179,862871618,944913022,870073895
17,145165669,1,127423842,1,792906294,317827973,17,971385163,575594,622797579,121,1022863173,231361516,17,736496255,642832,1028181460,1027337841,2535,121,330563436,6701830,34112,527479233,256471032,0,36916148,2535,54,5,3,500,477025,9,6,378580043,330563436,34176,34193,34190,749443834,407419891,69839491
17,145165669,1,127423842,1,792906294,317827973,17,971385163,575594,622797579,121,1022863173,231361516,17,736496255,642832,1028181460,1027337841,2535,121,330563436,6701830,34112,527479233,256471032,0,36916148,2535,160,5,4,1900,2014304,1,2,449642453,330563436,34119,34180,34137,749443834,944913022,762566154
17,145165669,1,127423842,1,792906294,317827973,17,971385163,575594,622797579,121,1022863173,231361516,17,736496255,642832,1028181460,1027337841,2535,121,330563436,6701830,34112,527479233,256471032,0,36916148,2535,174,3,5,2500,2685425,7,4,449642453,330563436,34167,34186,34175,106211174,1001693018,655986707
17,145165669,1,127423842,8,292608994,956262271,17,801108420,762785,918253410,121,1022863173,231361516,17,736496255,642832,1028181460,1027337841,2535,121,330563436,6701830,34112,527479233,256471032,0,36916148,2535,199,2,1,500,549595,6,1,449642453,330563436,34217,34173,34239,749443834,1001693018,954331835
17,145165669,1,127423842,8,292608994,956262271,17,801108420,762785,918253410,121,1022863173,231361516,17,736496255,642832,1028181460,1027337841,2535,121,330563436,6701830,34112,527479233,256471032,0,36916148,2535,39,5,2,1200,1126836,8,5,449642453,330563436,34165,34196,34179,862871618,944913022,870073895
17,145165669,1,127423842,8,292608994,956262271,17,801108420,762785,918253410,121,1022863173,231361516,17,736496255,642832,1028181460,1027337841,2535,121,330563436,6701830,34112,527479233,256471032,0,36916148,2535,54,5,3,500,477025,9,6,378580043,330563436,34176,34193,34190,749443834,407419891,69839491
17,145165669,1,127423842,8,292608994,956262271,17,801108420,762785,918253410,121,1022863173,231361516,17,736496255,642832,1028181460,1027337841,2535,121,330563436,6701830,34112,527479233,256471032,0,36916148,2535,160,5,4,1900,2014304,1,2,449642453,330563436,34119,34180,34137,749443834,944913022,762566154
17,145165669,1,127423842,8,292608994,956262271,17,801108420,762785,918253410,121,1022863173,231361516,17,736496255,642832,1028181460,1027337841,2535,121,330563436,6701830,34112,527479233,256471032,0,36916148,2535,174,3,5,2500,2685425,7,4,449642453,330563436,34167,34186,34175,106211174,1001693018,655986707
11,319240162,4,108891028,5,64952534,366176741,11,103869805,-28383,275262022,131,177759885,35988995,11,534137668,859553,750198692,317345255,2560,131,330563436,15342679,33850,382018914,649013128,0,845807686,2560,169,10,1,4100,4383556,7,1,378580043,330563436,33898,33917,33928,106211174,407419891,1013029343
11,319240162,4,108891028,5,64952534,366176741,11,103869805,-28383,275262022,131,177759885,35988995,11,534137668,859553,750198692,317345255,2560,131,330563436,15342679,33850,382018914,649013128,0,845807686,2560,4,9,2,2700,2440800,0,1,378580043,330563436,33939,33922,33966,106211174,431484053,708181148
11,319240162,4,108891028,5,64952534,366176741,11,103869805,-28383,275262022,131,177759885,35988995,11,534137668,859553,750198692,317345255,2560,131,330563436,15342679,33850,382018914,649013128,0,845807686,2560,46,5,3,3100,2932724,1,5,449642453,330563436,33920,33889,33947,749443834,365042431,1069121667
11,319240162,4,108891028,5,64952534,366176741,11,103869805,-28383,275262022,131,177759885,35988995,11,534137668,859553,750198692,317345255,2560,131,330563436,15342679,33850,382018914,649013128,0,845807686,2560,72,1,4,3600,3499451,1,2,449642453,330563436,33893,33905,33911,862871618,431484053,378094158
11,319240162,4,108891028,5,64952534,366176741,11,103869805,-28383,275262022,131,177759885,35988995,11,534137668,859553,750198692,317345255,2560,131,330563436,15342679,33850,382018914,649013128,0,845807686,2560,42,1,5,900,847836,4,2,449642453,330563436,33898,33904,33908,785149710,1001693018,242119880
11,319240162,4,108891028,5,64952534,366176741,11,103869805,-28383,275262022,131,177759885,35988995,11,534137668,859553,750198692,317345255,2560,131,330563436,15342679,33850,382018914,649013128,0,845807686,2560,108,9,6,1300,1310530,3,6,449642453,330563436,33852,33896,33869,785149710,944913022,666010502
5,529057841,0,890382161,2,549623314,849027485,5,58126162,403268,958596215,10,798437489,808791061,5,205635831,275354,750198692,908197369,2562,10,330563436,13636037,33815,382018914,567952341,0,49321305,2562,53,5,1,2800,2668540,4,3,378580043,330563436,33879,33869,33884,785149710,431484053,510337930
5,529057841,0,890382161,2,549623314,849027485,5,58126162,403268,958596215,10,798437489,808791061,5,205635831,275354,750198692,908197369,2562,10,330563436,13636037,33815,382018914,567952341,0,49321305,2562,148,9,2,100,104814,1,6,378580043,330563436,33891,33863,33892,106211174,86983390,49112789
5,529057841,0,890382161,2,549623314,849027485,5,58126162,403268,958596215,10,798437489,808791061,5,205635831,275354,750198692,908197369,2562,10,330563436,13636037,33815,382018914,567952341,0,49321305,2562,66,7,3,2500,2415150,5,3,449642453,330563436,33929,33883,33955,749443834,1001693018,635316930
5,529057841,0,890382161,2,549623314,849027485,5,58126162,403268,958596215,10,798437489,808791061,5,205635831,275354,750198692,908197369,2562,10,330563436,13636037,33815,382018914,567952341,0,49321305,2562,148,1,4,3700,3878118,8,3,378580043,330563436,33904,33881,33915,785149710,944913022,458165097
5,529057841,0,890382161,2,549623314,849027485,5,58126162,403268,958596215,10,798437489,808791061,5,205635831,275354,750198692,908197369,2562,10,330563436,13636037,33815,382018914,567952341,0,49321305,2562,160,8,5,2900,3074464,5,8,449642453,330563436,33907,33874,33919,862871618,431484053,1038834561
5,529057841,0,890382161,2,549623314,849027485,5,58126162,403268,958596215,10,798437489,808791061,5,205635831,275354,750198692,908197369,2562,10,330563436,13636037,33815,382018914,567952341,0,49321305,2562,50,7,6,1700,1615085,1,6,449642453,330563436,33890,33883,33901,749443834,86983390,218385858
17,145165669,1,127423842,1,792906294,317827973,17,971385163,575594,622797579,77,824012780,958172237,17,860353878,173887,1028181460,653253715,2564,77,330563436,396747,34584,919150108,1063358163,0,925981131,2564,112,3,1,400,404844,2,0,378580043,330563436,34648,34634,34670,106211174,431484053,915530830
17,145165669,1,127423842,8,292608994,956262271,17,801108420,762785,918253410,77,824012780,958172237,17,860353878,173887,1028181460,653253715,2564,77,330563436,396747,34584,919150108,1063358163,0,925981131,2564,112,3,1,400,404844,2,0,378580043,330563436,34648,34634,34670,106211174,431484053,915530830
10,185743883,4,261867689,9,895777001,658451645,10,73320802,530237,726765942,56,1002271304,628821590,10,666136321,653086,373412815,658726857,2565,56,777177650,20443857,35852,1030545334,942930550,0,455821591,2565,144,5,1,4200,4385388,4,8,146356532,777177650,35890,35885,35917,106211174,365042431,168449125
10,185743883,4,261867689,9,895777001,658451645,10,73320802,530237,726765942,56,1002271304,628821590,10,666136321,653086,373412815,658726857,2565,56,777177650,20443857,35852,1030545334,942930550,0,455821591,2565,189,10,2,2600,2831868,5,8,146356532,777177650,35920,35892,35928,749443834,86983390,972011607
10,185743883,4,261867689,9,895777001,658451645,10,73320802,530237,726765942,56,1002271304,628821590,10,666136321,653086,373412815,658726857,2565,56,777177650,20443857,35852,1030545334,942930550,0,455821591,2565,115,5,3,3400,3451374,6,6,146356532,777177650,35871,35895,35900,749443834,407419891,303723748
10,185743883,4,261867689,9,895777001,658451645,10,73320802,530237,726765942,56,1002271304,628821590,10,666136321,653086,373412815,658726857,2565,56,777177650,20443857,35852,1030545334,942930550,0,455821591,2565,17,7,4,2500,2292525,10,8,146356532,777177650,35971,35933,35987,749443834,250142940,71076290
10,185743883,4,261867689,9,895777001,658451645,10,73320802,530237,726765942,56,1002271304,628821590,10,666136321,653086,373412815,658726857,2565,56,777177650,20443857,35852,1030545334,942930550,0,455821591,2565,76,7,5,2600,2537782,8,3,146356532,777177650,35857,35894,35863,862871618,365042431,277866287
10,185743883,4,261867689,9,895777001,658451645,10,73320802,530237,726765942,56,1002271304,628821590,10,666136321,653086,373412815,658726857,2565,56,777177650,20443857,35852,1030545334,942930550,0,455821591,2565,141,4,6,4800,4997472,8,7,146356532,777177650,35962,35919,35987,749443834,86983390,728084691
15,962519746,0,265433381,4,829353804,938198330,15,991041614,464108,693080424,79,620373923,918253789,15,1003789897,512128,797027742,999752886,2594,79,330563436,9486639,33953,382018914,829866435,0,832079243,2594,72,3,1,700,680449,6,2,378580043,330563436,34052,34031,34081,749443834,944913022,896753198
15,962519746,0,265433381,4,829353804,938198330,15,991041614,464108,693080424,79,620373923,918253789,15,1003789897,512128,797027742,999752886,2594,79,330563436,9486639,33953,382018914,829866435,0,832079243,2594,124,9,2,1300,1331356,10,5,378580043,330563436,34004,34027,34021,862871618,86983390,248167163
15,962519746,0,265433381,4,829353804,938198330,15,991041614,464108,693080424,79,620373923,918253789,15,1003789897,512128,797027742,999752886,2594,79,330563436,9486639,33953,382018914,829866435,0,832079243,2594,126,1,3,2400,2462688,3,0,449642453,330563436,33998,34036,34002,785149710,1001693018,746970455
15,962519746,0,265433381,4,829353804,938198330,15,991041614,464108,693080424,79,620373923,918253789,15,1003789897,512128,797027742,999752886,2594,79,330563436,9486639,33953,382018914,829866435,0,832079243,2594,144,7,4,4600,4803044,0,8,378580043,330563436,34074,34032,34078,862871618,407419891,640601452
10,185743883,4,261867689,9,895777001,658451645,10,73320802,530237,726765942,104,133204033,240401202,10,569591890,-58838,373412815,427642554,2597,104,330563436,2196466,34002,919150108,322360209,0,311225842,2597,84,5,1,2400,2361792,7,0,449642453,330563436,34102,34032,34112,862871618,944913022,320267689
11,319240162,4,108891028,5,64952534,366176741,11,103869805,-28383,275262022,52,749902188,199806749,11,982273298,563028,750198692,628614943,2624,52,777177650,2714863,35395,527479233,906486969,0,784492673,2624,63,10,1,1500,1444590,3,7,146356532,777177650,35487,35478,35508,749443834,365042431,532509740
11,319240162,4,108891028,5,64952534,366176741,11,103869805,-28383,275262022,52,749902188,199806749,11,982273298,563028,750198692,628614943,2624,52,777177650,2714863,35395,527479233,906486969,0,784492673,2624,189,10,2,1200,1307016,7,0,146356532,777177650,35483,35481,35486,749443834,407419891,440343292
10,185743883,4,261867689,9,895777001,658451645,10,73320802,530237,726765942,56,1002271304,628821590,10,666136321,653086,373412815,658726857,2628,56,330563436,16565599,34262,527479233,437461898,0,632022473,2628,106,9,1,4400,4426840,7,3,378580043,330563436,34343,34346,34345,749443834,407419891,81129920
10,185743883,4,261867689,9,895777001,658451645,10,73320802,530237,726765942,56,1002271304,628821590,10,666136321,653086,373412815,658726857,2628,56,330563436,16565599,34262,527479233,437461898,0,632022473,2628,106,9,2,1400,1408540,1,3,449642453,330563436,34360,34301,34383,862871618,407419891,879936455
10,185743883,4,261867689,9,895777001,658451645,10,73320802,530237,726765942,56,1002271304,628821590,10,666136321,653086,373412815,658726857,2628,56,330563436,16565599,34262,527479233,437461898,0,632022473,2628,64,9,3,4200,4049051,0,0,449642453,330563436,34291,34336,34320,749443834,86983390,716985988
10,185743883,4,261867689,9,895777001,658451645,10,73320802,530237,726765942,56,1002271304,628821590,10,666136321,653086,373412815,658726857,2628,56,330563436,16565599,34262,527479233,437461898,0,632022473,2628,95,7,4,2300,2288707,8,4,449642453,330563436,34267,34340,34283,749443834,86983390,590113969
10,185743883,4,261867689,9,895777001,658451645,10,73320802,530237,726765942,56,1002271304,628821590,10,666136321,653086,373412815,658726857,2628,56,330563436,16565599,34262,527479233,437461898,0,632022473,2628,90,1,5,5000,4950450,7,1,449642453,330563436,34345,34312,34346,106211174,365042431,369347572
5,529057841,0,890382161,2,549623314,849027485,5,58126162,403268,958596215,85,1001770604,231357394,5,608676529,338664,373412815,725868244,2630,85,330563436,12713251,33899,527479233,630989643,0,280577925,2630,29,8,1,4600,4273492,5,3,378580043,330563436,33911,33953,33941,862871618,431484053,710129150
5,529057841,0,890382161,2,549623314,849027485,5,58126162,403268,958596215,85,1001770604,231357394,5,608676529,338664,373412815,725868244,2630,85,330563436,12713251,33899,527479233,630989643,0,280577925,2630,57,2,2,800,765640,9,7,449642453,330563436,33922,33968,33943,749443834,86983390,172202736
5,529057841,0,890382161,2,549623314,849027485,5,58126162,403268,958596215,85,1001770604,231357394,5,608676529,338664,373412815,725868244,2630,85,330563436,12713251,33899,527479233,630989643,0,280577925,2630,173,2,3,4500,4829265,8,7,449642453,330563436,33971,33978,33976,106211174,944913022,620911294
5,529057841,0,890382161,2,549623314,849027485,5,58126162,403268,958596215,85,1001770604,231357394,5,608676529,338664,373412815,725868244,2630,85,330563436,12713251,33899,527479233,630989643,0,280577925,2630,162,9,4,2900,3080264,8,7,449642453,330563436,33939,33971,33948,749443834,407419891,650676799
17,145165669,1,127423842,1,792906294,317827973,17,971385163,575594,622797579,77,824012780,958172237,17,860353878,173887,1028181460,653253715,2656,77,330563436,10549237,34091,382018914,253109335,0,586914519,2656,181,2,1,1000,1081180,2,6,378580043,330563436,34146,34152,34160,862871618,86983390,755089196
17,145165669,1,127423842,1,792906294,317827973,17,971385163,575594,622797579,77,824012780,958172237,17,860353878,173887,1028181460,653253715,2656,77,330563436,10549237,34091,382018914,253109335,0,586914519,2656,137,8,2,3800,3941094,7,2,449642453,330563436,34143,34122,34172,106211174,250142940,1029822884
17,145165669,1,127423842,1,792906294,317827973,17,971385163,575594,622797579,77,824012780,958172237,17,860353878,173887,1028181460,653253715,2656,77,330563436,10549237,34091,382018914,253109335,0,586914519,2656,2,5,3,1900,1713800,3,2,378580043,330563436,34182,34173,34199,862871618,431484053,956855100
17,145165669,1,127423842,1,792906294,317827973,17,971385163,575594,622797579,77,824012780,958172237,17,860353878,173887,1028181460,653253715,2656,77,330563436,10549237,34091,382018914,253109335,0,586914519,2656,110,3,4,4000,4040440,5,4,378580043,330563436,34127,34172,34139,749443834,250142940,855311698
17,145165669,1,127423842,8,292608994,956262271,17,801108420,762785,918253410,77,824012780,958172237,17,860353878,173887,1028181460,653253715,2656,77,330563436,10549237,34091,382018914,253109335,0,586914519,2656,181,2,1,1000,1081180,2,6,378580043,330563436,34146,34152,34160,862871618,86983390,755089196
17,145165669,1,127423842,8,292608994,956262271,17,801108420,762785,918253410,77,824012780,958172237,17,860353878,173887,1028181460,653253715,2656,77,330563436,10549237,34091,382018914,253109335,0,586914519,2656,137,8,2,3800,3941094,7,2,449642453,330563436,34143,34122,34172,106211174,250142940,1029822884
17,145165669,1,127423842,8,292608994,956262271,17,801108420,762785,918253410,77,824012780,958172237,17,860353878,173887,1028181460,653253715,2656,77,330563436,10549237,34091,382018914,253109335,0,586914519,2656,2,5,3,1900,1713800,3,2,378580043,330563436,34182,34173,34199,862871618,431484053,956855100
17,145165669,1,127423842,8,292608994,956262271,17,801108420,762785,918253410,77,824012780,958172237,17,860353878,173887,1028181460,653253715,2656,77,330563436,10549237,34091,382018914,253109335,0,586914519,2656,110,3,4,4000,4040440,5,4,378580043,330563436,34127,34172,34139,749443834,250142940,855311698
1,559044011,1,1004765669,3,458785,31140224,1,73682198,419239,154263564,14,959061040,122146912,1,339030647,526630,373412815,789218819,2658,14,777177650,16383446,34963,1030545334,77732292,0,122362838,2658,132,3,1,4100,4231733,5,4,146356532,777177650,35008,35005,35035,106211174,431484053,909867986
1,559044011,1,1004765669,3,458785,31140224,1,73682198,419239,154263564,14,959061040,122146912,1,339030647,526630,373412815,789218819,2658,14,777177650,16383446,34963,1030545334,77732292,0,122362838,2658,29,4,2,2200,2043843,8,5,146356532,777177650,35013,35019,35015,749443834,86983390,915567668
1,559044011,1,1004765669,3,458785,31140224,1,73682198,419239,154263564,14,959061040,122146912,1,339030647,526630,373412815,789218819,2658,14,777177650,16383446,34963,1030545334,77732292,0,122362838,2658,18,5,3,1300,1193413,7,6,146356532,777177650,34994,35043,35015,785149710,944913022,576630184
1,559044011,1,1004765669,3,458785,31140224,1,73682198,419239,154263564,14,959061040,122146912,1,339030647,526630,373412815,789218819,2658,14,777177650,16383446,34963,1030545334,77732292,0,122362838,2658,92,5,4,2200,2182598,4,4,146356532,777177650,35033,35004,35057,749443834,407419891,795506996
1,559044011,1,1004765669,3,458785,31140224,1,73682198,419239,154263564,14,959061040,122146912,1,339030647,526630,373412815,789218819,2658,14,777177650,16383446,34963,1030545334,77732292,0,122362838,2658,7,8,5,4500,4081500,3,1,146356532,777177650,35003,35009,35030,749443834,431484053,430884035
1,559044011,1,1004765669,3,458785,31140224,1,73682198,419239,154263564,14,959061040,122146912,1,339030647,526630,373412815,789218819,2658,14,777177650,16383446,34963,1030545334,77732292,0,122362838,2658,147,4,6,2700,2827278,5,7,146356532,777177650,34966,35039,34970,106211174,365042431,862793516
15,962519746,0,265433381,4,829353804,938198330,15,991041614,464108,693080424,95,516470774,709679413,15,640996999,532738,797027742,363255963,2663,95,777177650,3513180,34946,382018914,804243021,0,467024892,2663,114,4,1,3500,3549385,2,1,146356532,777177650,35042,34986,35069,862871618,1001693018,895936006
17,145165669,1,127423842,1,792906294,317827973,17,971385163,575594,622797579,121,1022863173,231361516,17,736496255,642832,1028181460,1027337841,2694,121,777177650,10280759,35136,527479233,1050271488,0,139165161,2694,153,1,1,3000,3159450,2,6,146356532,777177650,35234,35215,35259,106211174,86983390,69592293
17,145165669,1,127423842,1,792906294,317827973,17,971385163,575594,622797579,121,1022863173,231361516,17,736496255,642832,1028181460,1027337841,2694,121,777177650,10280759,35136,527479233,1050271488,0,139165161,2694,157,2,2,3500,3700025,7,3,146356532,777177650,35207,35215,35208,106211174,250142940,18943276
17,145165669,1,127423842,1,792906294,317827973,17,971385163,575594,622797579,121,1022863173,231361516,17,736496255,642832,1028181460,1027337841,2694,121,777177650,10280759,35136,527479233,1050271488,0,139165161,2694,19,3,3,1500,1378515,8,2,146356532,777177650,35244,35184,35269,862871618,1001693018,821606509
17,145165669,1,127423842,1,792906294,317827973,17,971385163,575594,622797579,121,1022863173,231361516,17,736496255,642832,1028181460,1027337841,2694,121,777177650,10280759,35136,527479233,1050271488,0,139165161,2694,20,10,4,1200,1104024,0,5,146356532,777177650,35177,35175,35197,749443834,250142940,40256329
17,145165669,1,127423842,1,792906294,317827973,17,971385163,575594,622797579,121,1022863173,231361516,17,736496255,642832,1028181460,1027337841,2694,121,777177650,10280759,35136,527479233,1050271488,0,139165161,2694,108,9,5,1000,1008100,8,8,146356532,777177650,35237,35211,35241,785149710,1001693018,997864655
17,145165669,1,127423842,8,292608994,956262271,17,801108420,762785,918253410,121,1022863173,231361516,17,736496255,642832,1028181460,1027337841,2694,121,777177650,10280759,35136,527479233,1050271488,0,139165161,2694,153,1,1,3000,3159450,2,6,146356532,777177650,35234,35215,35259,106211174,86983390,69592293
17,145165669,1,127423842,8,292608994,956262271,17,801108420,762785,918253410,121,1022863173,231361516,17,736496255,642832,1028181460,1027337841,2694,121,777177650,10280759,35136,527479233,1050271488,0,139165161,2694,157,2,2,3500,3700025,7,3,146356532,777177650,35207,35215,35208,106211174,250142940,18943276
17,145165669,1,127423842,8,292608994,956262271,17,801108420,762785,918253410,121,1022863173,231361516,17,736496255,642832,1028181460,1027337841,2694,121,777177650,10280759,35136,527479233,1050271488,0,139165161,2694,19,3,3,1500,1378515,8,2,146356532,777177650,35244,35184,35269,862871618,1001693018,821606509
17,145165669,1,127423842,8,292608994,956262271,17,801108420,762785,918253410,121,1022863173,231361516,17,736496255,642832,1028181460,1027337841,2694,121,777177650,10280759,35136,527479233,1050271488,0,139165161,2694,20,10,4,1200,1104024,0,5,146356532,777177650,35177,35175,35197,749443834,250142940,40256329
17,145165669,1,127423842,8,292608994,956262271,17,801108420,762785,918253410,121,1022863173,231361516,17,736496255,642832,1028181460,1027337841,2694,121,777177650,10280759,35136,527479233,1050271488,0,139165161,2694,108,9,5,1000,1008100,8,8,146356532,777177650,35237,35211,35241,785149710,1001693018,997864655
23,536896580,3,94114815,7,11315813,791810943,23,1051077640,682035,798884201,31,855445084,1027402851,23,969728011,523689,750198692,449809331,2720,31,330563436,16130704,34126,382018914,889717204,0,1029641595,2720,45,6,1,500,472520,10,6,449642453,330563436,34142,34187,34156,106211174,944913022,756444809
23,536896580,3,94114815,7,11315813,791810943,23,1051077640,682035,798884201,31,855445084,1027402851,23,969728011,523689,750198692,449809331,2720,31,330563436,16130704,34126,382018914,889717204,0,1029641595,2720,17,8,2,4200,3851442,9,3,378580043,330563436,34173,34171,34202,785149710,1001693018,61193806
23,536896580,3,94114815,7,11315813,791810943,23,1051077640,682035,798884201,31,855445084,1027402851,23,969728011,523689,750198692,449809331,2720,31,330563436,16130704,34126,382018914,889717204,0,1029641595,2720,120,1,3,5000,5100600,10,2,449642453,330563436,34189,34177,34216,106211174,407419891,942634652
23,536896580,3,94114815,7,11315813,791810943,23,1051077640,682035,798884201,31,855445084,1027402851,23,969728011,523689,750198692,449809331,2720,31,330563436,16130704,34126,382018914,889717204,0,1029641595,2720,109,2,4,4900,4944590,6,2,449642453,330563436,34157,34162,34161,106211174,1001693018,214723099
23,536896580,3,94114815,7,11315813,791810943,23,1051077640,682035,798884201,31,855445084,1027402851,23,969728011,523689,750198692,449809331,2720,31,330563436,16130704,34126,382018914,889717204,0,1029641595,2720,121,6,5,2700,2757024,4,0,378580043,330563436,34147,34185,34176,106211174,86983390,843586003
15,962519746,0,265433381,4,829353804,938198330,15,991041614,464108,693080424,79,620373923,918253789,15,1003789897,512128,797027742,999752886,2721,79,777177650,5918025,35089,919150108,293169817,0,690435615,2721,183,4,1,4900,5307582,0,8,146356532,777177650,35107,35179,35124,749443834,365042431,1011875926
15,962519746,0,265433381,4,829353804,938198330,15,991041614,464108,693080424,79,620373923,918253789,15,1003789897,512128,797027742,999752886,2721,79,777177650,5918025,35089,919150108,293169817,0,690435615,2721,3,4,2,200,180600,2,5,146356532,777177650,35106,35136,35121,862871618,86983390,200862480
17,145165669,1,127423842,1,792906294,317827973,17,971385163,575594,622797579,35,838315206,970339776,17,936827836,122824,750198692,831183110,2722,35,330563436,5032884,34431,527479233,404933390,0,534681954,2722,124,7,1,2100,2150652,9,1,449642453,330563436,34542,34509,34553,106211174,250142940,78584942
17,145165669,1,127423842,1,792906294,317827973,17,971385163,575594,622797579,35,838315206,970339776,17,936827836,122824,750198692,831183110,2722,35,330563436,5032884,34431,527479233,404933390,0,534681954,2722,146,7,2,1500,1569210,5,3,378580043,330563436,34515,34484,34526,785149710,365042431,973876415
17,145165669,1,127423842,1,792906294,317827973,17,971385163,575594,622797579,35,838315206,970339776,17,936827836,122824,750198692,831183110,2722,35,330563436,5032884,34431,527479233,404933390,0,534681954,2722,34,10,3,1600,1494448,4,6,378580043,330563436,34477,34492,34478,106211174,431484053,1033223613
17,145165669,1,127423842,8,292608994,956262271,17,801108420,762785,918253410,35,838315206,970339776,17,936827836,122824,750198692,831183110,2722,35,330563436,5032884,34431,527479233,404933390,0,534681954,2722,124,7,1,2100,2150652,9,1,449642453,330563436,34542,34509,34553,106211174,250142940,78584942
17,145165669,1,127423842,8,292608994,956262271,17,801108420,762785,918253410,35,838315206,970339776,17,936827836,122824,750198692,831183110,2722,35,330563436,5032884,34431,527479233,404933390,0,534681954,2722,146,7,2,1500,1569210,5,3,378580043,330563436,34515,34484,34526,785149710,365042431,973876415
17,145165669,1,127423842,8,292608994,956262271,17,801108420,762785,918253410,35,838315206,970339776,17,936827836,122824,750198692,831183110,2722,35,330563436,5032884,34431,527479233,404933390,0,534681954,2722,34,10,3,1600,1494448,4,6,378580043,330563436,34477,34492,34478,106211174,431484053,1033223613
17,145165669,1,127423842,1,792906294,317827973,17,971385163,575594,622797579,61,754492610,99266246,17,63893436,153624,373412815,1071371457,2723,61,777177650,10475925,34976,527479233,437461898,0,381373138,2723,13,7,1,4700,4291147,9,7,146356532,777177650,35036,35020,35042,862871618,365042431,629404262
17,145165669,1,127423842,1,792906294,317827973,17,971385163,575594,622797579,61,754492610,99266246,17,63893436,153624,373412815,1071371457,2723,61,777177650,10475925,34976,527479233,437461898,0,381373138,2723,32,3,2,1000,932029,6,8,146356532,777177650,35028,35030,35043,749443834,431484053,84775981
17,145165669,1,127423842,1,792906294,317827973,17,971385163,575594,622797579,61,754492610,99266246,17,63893436,153624,373412815,1071371457,2723,61,777177650,10475925,34976,527479233,437461898,0,381373138,2723,162,1,3,200,212432,10,1,146356532,777177650,35010,35011,35015,862871618,944913022,400450670
17,145165669,1,127423842,1,792906294,317827973,17,971385163,575594,622797579,61,754492610,99266246,17,63893436,153624,373412815,1071371457,2723,61,777177650,10475925,34976,527479233,437461898,0,381373138,2723,82,3,4,1200,1178496,1,5,146356532,777177650,35055,35016,35079,749443834,250142940,59705708
17,145165669,1,127423842,1,792906294,317827973,17,971385163,575594,622797579,61,754492610,99266246,17,63893436,153624,373412815,1071371457,2723,61,777177650,10475925,34976,527479233,437461898,0,381373138,2723,129,10,5,4000,4116480,9,5,146356532,777177650,35018,35023,35019,862871618,431484053,341524613
17,145165669,1,127423842,8,292608994,956262271,17,801108420,762785,918253410,61,754492610,99266246,17,63893436,153624,373412815,1071371457,2723,61,777177650,10475925,34976,527479233,437461898,0,381373138,2723,13,7,1,4700,4291147,9,7,146356532,777177650,35036,35020,35042,862871618,365042431,629404262
17,145165669,1,127423842,8,292608994,956262271,17,801108420,762785,918253410,61,754492610,99266246,17,63893436,153624,373412815,1071371457,2723,61,777177650,10475925,34976,527479233,437461898,0,381373138,2723,32,3,2,1000,932029,6,8,146356532,777177650,35028,35030,35043,749443834,431484053,84775981
17,145165669,1,127423842,8,292608994,956262271,17,801108420,762785,918253410,61,754492610,99266246,17,63893436,153624,373412815,1071371457,2723,61,777177650,10475925,34976,527479233,437461898,0,381373138,2723,162,1,3,200,212432,10,1,146356532,777177650,35010,35011,35015,862871618,944913022,400450670
17,145165669,1,127423842,8,292608994,956262271,17,801108420,762785,918253410,61,754492610,99266246,17,63893436,153624,373412815,1071371457,2723,61,777177650,10475925,34976,527479233,437461898,0,381373138,2723,82,3,4,1200,1178496,1,5,146356532,777177650,35055,35016,35079,749443834,250142940,59705708
17,145165669,1,127423842,8,292608994,956262271,17,801108420,762785,918253410,61,754492610,99266246,17,63893436,153624,373412815,1071371457,2723,61,777177650,10475925,34976,527479233,437461898,0,381373138,2723,129,10,5,4000,4116480,9,5,146356532,777177650,35018,35023,35019,862871618,431484053,341524613
14,188440933,0,29958364,6,564123676,816784291,14,177982233,136579,447900922,89,468529770,948964647,14,106551305,153076,373412815,1009632679,2725,89,330563436,7514467,34473,483467692,219744748,0,561311199,2725,118,2,1,2300,2341653,10,8,378580043,330563436,34569,34505,34572,862871618,1001693018,735622904
14,188440933,0,29958364,6,564123676,816784291,14,177982233,136579,447900922,89,468529770,948964647,14,106551305,153076,373412815,1009632679,2725,89,330563436,7514467,34473,483467692,219744748,0,561311199,2725,5,8,2,4100,3710500,1,0,378580043,330563436,34518,34512,34546,749443834,86983390,726429687
14,188440933,0,29958364,6,564123676,816784291,14,177982233,136579,447900922,89,468529770,948964647,14,106551305,153076,373412815,1009632679,2725,89,330563436,7514467,34473,483467692,219744748,0,561311199,2725,189,10,3,1500,1633770,7,3,378580043,330563436,34550,34553,34559,862871618,365042431,394860556
1,559044011,1,1004765669,3,458785,31140224,1,73682198,419239,154263564,59,423000473,655613612,1,237474603,345860,797027742,1021373874,2752,59,330563436,18793230,34290,919150108,645535178,0,5525197,2752,31,2,1,4100,3817223,2,5,449642453,330563436,34393,34363,34397,749443834,365042431,852002008
1,559044011,1,1004765669,3,458785,31140224,1,73682198,419239,154263564,59,423000473,655613612,1,237474603,345860,797027742,1021373874,2752,59,330563436,18793230,34290,919150108,645535178,0,5525197,2752,7,2,2,2900,2630300,2,4,378580043,330563436,34354,34340,34360,785149710,86983390,222554302
1,559044011,1,1004765669,3,458785,31140224,1,73682198,419239,154263564,59,423000473,655613612,1,237474603,345860,797027742,1021373874,2752,59,330563436,18793230,34290,919150108,645535178,0,5525197,2752,56,7,3,400,382420,8,0,449642453,330563436,34315,34376,34337,749443834,86983390,534912889
1,559044011,1,1004765669,3,458785,31140224,1,73682198,419239,154263564,59,423000473,655613612,1,237474603,345860,797027742,1021373874,2752,59,330563436,18793230,34290,919150108,645535178,0,5525197,2752,24,7,4,4000,3696080,9,6,449642453,330563436,34356,34350,34385,749443834,431484053,699335310
1,559044011,1,1004765669,3,458785,31140224,1,73682198,419239,154263564,59,423000473,655613612,1,237474603,345860,797027742,1021373874,2752,59,330563436,18793230,34290,919150108,645535178,0,5525197,2752,126,5,5,2200,2257464,3,4,449642453,330563436,34411,34371,34423,862871618,86983390,634555156
1,559044011,1,1004765669,3,458785,31140224,1,73682198,419239,154263564,59,423000473,655613612,1,237474603,345860,797027742,1021373874,2752,59,330563436,18793230,34290,919150108,645535178,0,5525197,2752,170,5,6,2100,2247357,9,5,378580043,330563436,34333,34356,34356,785149710,407419891,459703902
1,559044011,1,1004765669,3,458785,31140224,1,73682198,419239,154263564,59,423000473,655613612,1,237474603,345860,797027742,1021373874,2752,59,330563436,18793230,34290,919150108,645535178,0,5525197,2752,199,10,7,3800,4176922,8,0,378580043,330563436,34386,34324,34415,749443834,407419891,97061373
10,185743883,4,261867689,9,895777001,658451645,10,73320802,530237,726765942,16,606299054,831166561,10,851711143,468103,373412815,551498780,2753,16,330563436,15972039,34301,919150108,766095373,0,203505426,2753,13,3,1,600,547806,10,4,449642453,330563436,34331,34360,34361,785149710,86983390,701870142
10,185743883,4,261867689,9,895777001,658451645,10,73320802,530237,726765942,16,606299054,831166561,10,851711143,468103,373412815,551498780,2753,16,330563436,15972039,34301,919150108,766095373,0,203505426,2753,48,7,2,4000,3792160,3,5,449642453,330563436,34338,34376,34366,749443834,407419891,299565810
10,185743883,4,261867689,9,895777001,658451645,10,73320802,530237,726765942,16,606299054,831166561,10,851711143,468103,373412815,551498780,2753,16,330563436,15972039,34301,919150108,766095373,0,203505426,2753,89,10,3,3000,2967240,0,7,449642453,330563436,34358,34361,34365,106211174,250142940,202117679
10,185743883,4,261867689,9,895777001,658451645,10,73320802,530237,726765942,16,606299054,831166561,10,851711143,468103,373412815,551498780,2753,16,330563436,15972039,34301,919150108,766095373,0,203505426,2753,31,7,4,700,651721,7,3,378580043,330563436,34374,34354,34401,749443834,365042431,1047596524
10,185743883,4,261867689,9,895777001,658451645,10,73320802,530237,726765942,16,606299054,831166561,10,851711143,468103,373412815,551498780,2753,16,330563436,15972039,34301,919150108,766095373,0,203505426,2753,137,8,5,3600,3733668,4,8,378580043,330563436,34406,34335,34425,749443834,407419891,658927174
10,185743883,4,261867689,9,895777001,658451645,10,73320802,530237,726765942,16,606299054,831166561,10,851711143,468103,373412815,551498780,2753,16,330563436,15972039,34301,919150108,766095373,0,203505426,2753,50,1,6,1700,1615085,1,8,449642453,330563436,34399,34349,34402,862871618,1001693018,140501864
10,185743883,4,261867689,9,895777001,658451645,10,73320802,530237,726765942,16,606299054,831166561,10,851711143,468103,373412815,551498780,2753,16,330563436,15972039,34301,919150108,766095373,0,203505426,2753,148,9,7,2000,2096280,1,6,378580043,330563436,34387,34367,34414,749443834,944913022,961010760
15,962519746,0,265433381,4,829353804,938198330,15,991041614,464108,693080424,95,516470774,709679413,15,640996999,532738,797027742,363255963,2784,95,777177650,10663521,35800,382018914,199177470,0,807830747,2784,33,4,1,4500,4198635,3,1,146356532,777177650,35839,35890,35850,785149710,365042431,981623672
15,962519746,0,265433381,4,829353804,938198330,15,991041614,464108,693080424,95,516470774,709679413,15,640996999,532738,797027742,363255963,2784,95,777177650,10663521,35800,382018914,199177470,0,807830747,2784,54,5,2,2300,2194315,3,5,146356532,777177650,35880,35831,35900,749443834,365042431,404195851
15,962519746,0,265433381,4,829353804,938198330,15,991041614,464108,693080424,95,516470774,709679413,15,640996999,532738,797027742,363255963,2784,95,777177650,10663521,35800,382018914,199177470,0,807830747,2784,175,4,3,4000,4300680,7,1,146356532,777177650,35911,35871,35916,749443834,86983390,927260470
15,962519746,0,265433381,4,829353804,938198330,15,991041614,464108,693080424,95,516470774,709679413,15,640996999,532738,797027742,363255963,2784,95,777177650,10663521,35800,382018914,199177470,0,807830747,2784,29,10,4,300,278706,4,3,146356532,777177650,35812,35888,35829,862871618,365042431,851432689
11,319240162,4,108891028,5,64952534,366176741,11,103869805,-28383,275262022,148,120951395,335387568,11,608291700,213560,750198692,672328102,2785,148,777177650,13285479,34899,919150108,142311790,0,768095106,2785,100,3,1,3400,3400340,8,6,146356532,777177650,34916,34949,34945,106211174,250142940,398370582
11,319240162,4,108891028,5,64952534,366176741,11,103869805,-28383,275262022,148,120951395,335387568,11,608291700,213560,750198692,672328102,2785,148,777177650,13285479,34899,919150108,142311790,0,768095106,2785,110,7,2,3700,3737407,8,4,146356532,777177650,34903,34952,34915,749443834,86983390,658342625
11,319240162,4,108891028,5,64952534,366176741,11,103869805,-28383,275262022,148,120951395,335387568,11,608291700,213560,750198692,672328102,2785,148,777177650,13285479,34899,919150108,142311790,0,768095106,2785,65,10,3,3300,3184698,8,6,146356532,777177650,34986,34933,35003,749443834,431484053,283452797
11,319240162,4,108891028,5,64952534,366176741,11,103869805,-28383,275262022,148,120951395,335387568,11,608291700,213560,750198692,672328102,2785,148,777177650,13285479,34899,919150108,142311790,0,768095106,2785,48,1,4,3400,3223336,0,2,146356532,777177650,34956,34949,34981,785149710,407419891,859378738
15,962519746,0,265433381,4,829353804,938198330,15,991041614,464108,693080424,79,620373923,918253789,15,1003789897,512128,797027742,999752886,2786,79,330563436,17825466,33683,919150108,837605017,0,1071642854,2786,136,2,1,1500,1554195,3,4,449642453,330563436,33741,33730,33750,785149710,86983390,1002012463
15,962519746,0,265433381,4,829353804,938198330,15,991041614,464108,693080424,79,620373923,918253789,15,1003789897,512128,797027742,999752886,2786,79,330563436,17825466,33683,919150108,837605017,0,1071642854,2786,51,3,2,4200,3994410,10,4,378580043,330563436,33737,33714,33752,749443834,365042431,1042503826
15,962519746,0,265433381,4,829353804,938198330,15,991041614,464108,693080424,79,620373923,918253789,15,1003789897,512128,797027742,999752886,2786,79,330563436,17825466,33683,919150108,837605017,0,1071642854,2786,156,1,3,4100,4330215,4,5,378580043,330563436,33784,33757,33796,785149710,250142940,790566373
15,962519746,0,265433381,4,829353804,938198330,15,991041614,464108,693080424,79,620373923,918253789,15,1003789897,512128,797027742,999752886,2786,79,330563436,17825466,33683,919150108,837605017,0,1071642854,2786,23,4,4,2400,2215248,5,2,449642453,330563436,33696,33762,33724,749443834,431484053,382028632
15,962519746,0,265433381,4,829353804,938198330,15,991041614,464108,693080424,79,620373923,918253789,15,1003789897,512128,797027742,999752886,2786,79,330563436,17825466,33683,919150108,837605017,0,1071642854,2786,50,3,5,4300,4085215,6,3,378580043,330563436,33714,33735,33721,106211174,250142940,768707474
15,962519746,0,265433381,4,829353804,938198330,15,991041614,464108,693080424,79,620373923,918253789,15,1003789897,512128,797027742,999752886,2786,79,330563436,17825466,33683,919150108,837605017,0,1071642854,2786,162,1,6,2100,2230536,8,0,449642453,330563436,33725,33723,33736,785149710,365042431,58812597
17,145165669,1,127423842,1,792906294,317827973,17,971385163,575594,622797579,121,1022863173,231361516,17,736496255,642832,1028181460,1027337841,2791,121,330563436,15669754,34615,919150108,391677310,0,188140948,2791,59,10,1,4900,4699345,10,4,449642453,330563436,34708,34646,34736,785149710,431484053,325780770
17,145165669,1,127423842,1,792906294,317827973,17,971385163,575594,622797579,121,1022863173,231361516,17,736496255,642832,1028181460,1027337841,2791,121,330563436,15669754,34615,919150108,391677310,0,188140948,2791,63,4,2,400,385224,10,8,449642453,330563436,34699,34694,34726,106211174,407419891,687302864
17,145165669,1,127423842,1,792906294,317827973,17,971385163,575594,622797579,121,1022863173,231361516,17,736496255,642832,1028181460,1027337841,2791,121,330563436,15669754,34615,919150108,391677310,0,188140948,2791,133,9,3,4400,4545772,8,6,378580043,330563436,34653,34648,34680,106211174,944913022,942512991
17,145165669,1,127423842,1,792906294,317827973,17,971385163,575594,622797579,121,1022863173,231361516,17,736496255,642832,1028181460,1027337841,2791,121,330563436,15669754,34615,919150108,391677310,0,188140948,2791,156,8,4,2400,2534760,4,2,378580043,330563436,34727,34656,34736,749443834,86983390,996431205
17,145165669,1,127423842,1,792906294,317827973,17,971385163,575594,622797579,121,1022863173,231361516,17,736496255,642832,1028181460,1027337841,2791,121,330563436,15669754,34615,919150108,391677310,0,188140948,2791,105,2,5,800,804080,2,4,378580043,330563436,34727,34660,34741,106211174,944913022,183750927
17,145165669,1,127423842,1,792906294,317827973,17,971385163,575594,622797579,121,1022863173,231361516,17,736496255,642832,1028181460,1027337841,2791,121,330563436,15669754,34615,919150108,391677310,0,188140948,2791,75,3,6,900,877562,8,2,378580043,330563436,34655,34680,34676,862871618,365042431,650169483
17,145165669,1,127423842,1,792906294,317827973,17,971385163,575594,622797579,121,1022863173,231361516,17,736496255,642832,1028181460,1027337841,2791,121,330563436,15669754,34615,919150108,391677310,0,188140948,2791,29,2,7,2600,2415452,6,3,378580043,330563436,34734,34673,34751,749443834,365042431,942669714
17,145165669,1,127423842,8,292608994,956262271,17,801108420,762785,918253410,121,1022863173,231361516,17,736496255,642832,1028181460,1027337841,2791,121,330563436,15669754,34615,919150108,391677310,0,188140948,2791,59,10,1,4900,4699345,10,4,449642453,330563436,34708,34646,34736,785149710,431484053,325780770
17,145165669,1,127423842,8,292608994,956262271,17,801108420,762785,918253410,121,1022863173,231361516,17,736496255,642832,1028181460,1027337841,2791,121,330563436,15669754,34615,919150108,391677310,0,188140948,2791,63,4,2,400,385224,10,8,449642453,330563436,34699,34694,34726,106211174,407419891,687302864
17,145165669,1,127423842,8,292608994,956262271,17,801108420,762785,918253410,121,1022863173,231361516,17,736496255,642832,1028181460,1027337841,2791,121,330563436,15669754,34615,919150108,391677310,0,188140948,2791,133,9,3,4400,4545772,8,6,378580043,330563436,34653,34648,34680,106211174,944913022,942512991
17,145165669,1,127423842,8,292608994,956262271,17,801108420,762785,918253410,121,1022863173,231361516,17,736496255,642832,1028181460,1027337841,2791,121,330563436,15669754,34615,919150108,391677310,0,188140948,2791,156,8,4,2400,2534760,4,2,378580043,330563436,34727,34656,34736,749443834,86983390,996431205
17,145165669,1,127423842,8,292608994,956262271,17,801108420,762785,918253410,121,1022863173,231361516,17,736496255,642832,1028181460,1027337841,2791,121,330563436,15669754,34615,919150108,391677310,0,188140948,2791,105,2,5,800,804080,2,4,378580043,330563436,34727,34660,34741,106211174,944913022,183750927
17,145165669,1,127423842,8,292608994,956262271,17,801108420,762785,918253410,121,1022863173,231361516,17,736496255,642832,1028181460,1027337841,2791,121,330563436,15669754,34615,919150108,391677310,0,188140948,2791,75,3,6,900,877562,8,2,378580043,330563436,34655,34680,34676,862871618,365042431,650169483
17,145165669,1,127423842,8,292608994,956262271,17,801108420,762785,918253410,121,1022863173,231361516,17,736496255,642832,1028181460,1027337841,2791,121,330563436,15669754,34615,919150108,391677310,0,188140948,2791,29,2,7,2600,2415452,6,3,378580043,330563436,34734,34673,34751,749443834,365042431,942669714
10,185743883,4,261867689,9,895777001,658451645,10,73320802,530237,726765942,49,58080412,277187647,10,223001803,457393,373412815,529457660,2818,49,330563436,12008684,34678,1030545334,1031675481,0,399302411,2818,121,4,1,1200,1225344,10,3,449642453,330563436,34729,34766,34744,106211174,365042431,691092463
10,185743883,4,261867689,9,895777001,658451645,10,73320802,530237,726765942,49,58080412,277187647,10,223001803,457393,373412815,529457660,2818,49,330563436,12008684,34678,1030545334,1031675481,0,399302411,2818,199,2,2,2200,2418218,6,7,378580043,330563436,34756,34766,34762,862871618,250142940,919181626
10,185743883,4,261867689,9,895777001,658451645,10,73320802,530237,726765942,49,58080412,277187647,10,223001803,457393,373412815,529457660,2818,49,330563436,12008684,34678,1030545334,1031675481,0,399302411,2818,45,6,3,1100,1039544,1,6,378580043,330563436,34746,34739,34775,862871618,86983390,829305093
10,185743883,4,261867689,9,895777001,658451645,10,73320802,530237,726765942,49,58080412,277187647,10,223001803,457393,373412815,529457660,2818,49,330563436,12008684,34678,1030545334,1031675481,0,399302411,2818,40,6,4,3200,3008128,8,8,378580043,330563436,34732,34761,34746,785149710,1001693018,161434773
10,185743883,4,261867689,9,895777001,658451645,10,73320802,530237,726765942,49,58080412,277187647,10,223001803,457393,373412815,529457660,2818,49,330563436,12008684,34678,1030545334,1031675481,0,399302411,2818,18,8,5,4200,3855642,8,4,449642453,330563436,34740,34747,34769,785149710,431484053,315104491
10,185743883,4,261867689,9,895777001,658451645,10,73320802,530237,726765942,49,58080412,277187647,10,223001803,457393,373412815,529457660,2818,49,330563436,12008684,34678,1030545334,1031675481,0,399302411,2818,91,5,6,700,693763,6,3,378580043,330563436,34780,34765,34793,862871618,86983390,69874223
15,962519746,0,265433381,4,829353804,938198330,15,991041614,464108,693080424,79,620373923,918253789,15,1003789897,512128,797027742,999752886,2822,79,330563436,4014215,34174,919150108,411115736,0,934184279,2822,151,9,1,3900,4099485,4,2,378580043,330563436,34221,34208,34228,106211174,431484053,703676311
15,962519746,0,265433381,4,829353804,938198330,15,991041614,464108,693080424,79,620373923,918253789,15,1003789897,512128,797027742,999752886,2823,79,777177650,17189445,34949,919150108,875156195,0,795372645,2823,86,7,1,4500,4437360,3,4,146356532,777177650,35059,35028,35064,749443834,407419891,128787108
15,962519746,0,265433381,4,829353804,938198330,15,991041614,464108,693080424,79,620373923,918253789,15,1003789897,512128,797027742,999752886,2823,79,777177650,17189445,34949,919150108,875156195,0,795372645,2823,160,5,2,1800,1908288,0,3,146356532,777177650,35012,35000,35039,862871618,86983390,152502691
15,962519746,0,265433381,4,829353804,938198330,15,991041614,464108,693080424,79,620373923,918253789,15,1003789897,512128,797027742,999752886,2823,79,777177650,17189445,34949,919150108,875156195,0,795372645,2823,186,7,3,1100,1194798,7,2,146356532,777177650,35041,35025,35052,749443834,407419891,245757106
15,962519746,0,265433381,4,829353804,938198330,15,991041614,464108,693080424,79,620373923,918253789,15,1003789897,512128,797027742,999752886,2823,79,777177650,17189445,34949,919150108,875156195,0,795372645,2823,139,10,4,4800,4987824,9,3,146356532,777177650,35022,35000,35028,106211174,407419891,130290299
15,962519746,0,265433381,4,829353804,938198330,15,991041614,464108,693080424,79,620373923,918253789,15,1003789897,512128,797027742,999752886,2823,79,777177650,17189445,34949,919150108,875156195,0,795372645,2823,99,2,5,1800,1798362,4,6,146356532,777177650,35010,35000,35020,106211174,365042431,244374521
15,962519746,0,265433381,4,829353804,938198330,15,991041614,464108,693080424,79,620373923,918253789,15,1003789897,512128,797027742,999752886,2823,79,777177650,17189445,34949,919150108,875156195,0,795372645,2823,123,2,6,2000,2046240,7,0,146356532,777177650,35014,35037,35038,106211174,431484053,877651214
15,962519746,0,265433381,4,829353804,938198330,15,991041614,464108,693080424,79,620373923,918253789,15,1003789897,512128,797027742,999752886,2823,79,777177650,17189445,34949,919150108,875156195,0,795372645,2823,86,7,7,1200,1183296,2,4,146356532,777177650,35053,35021,35075,106211174,1001693018,829590738
10,185743883,4,261867689,9,895777001,658451645,10,73320802,530237,726765942,49,58080412,277187647,10,223001803,457393,373412815,529457660,2855,49,330563436,4841958,34061,483467692,1066954898,0,286429057,2855,33,4,1,5000,4665150,3,7,449642453,330563436,34107,34146,34134,862871618,86983390,554551748
17,145165669,1,127423842,1,792906294,317827973,17,971385163,575594,622797579,8,922454654,11853917,17,342305859,681974,1028181460,844824201,2880,8,330563436,14576199,33676,919150108,220183953,0,1020183281,2880,35,6,1,4000,3740119,9,0,449642453,330563436,33748,33754,33753,785149710,86983390,649725733
17,145165669,1,127423842,1,792906294,317827973,17,971385163,575594,622797579,8,922454654,11853917,17,342305859,681974,1028181460,844824201,2880,8,330563436,14576199,33676,919150108,220183953,0,1020183281,2880,139,5,2,2600,2701738,7,7,378580043,330563436,33704,33707,33720,106211174,250142940,577845372
17,145165669,1,127423842,1,792906294,317827973,17,971385163,575594,622797579,8,922454654,11853917,17,342305859,681974,1028181460,844824201,2880,8,330563436,14576199,33676,919150108,220183953,0,1020183281,2880,115,9,3,4200,4263462,1,1,378580043,330563436,33770,33751,33794,106211174,1001693018,928883749
17,145165669,1,127423842,1,792906294,317827973,17,971385163,575594,622797579,8,922454654,11853917,17,342305859,681974,1028181460,844824201,2880,8,330563436,14576199,33676,919150108,220183953,0,1020183281,2880,18,2,4,4600,4222846,2,2,449642453,330563436,33713,33758,33738,785149710,250142940,45944709
17,145165669,1,127423842,8,292608994,956262271,17,801108420,762785,918253410,8,922454654,11853917,17,342305859,681974,1028181460,844824201,2880,8,330563436,14576199,33676,919150108,220183953,0,1020183281,2880,35,6,1,4000,3740119,9,0,449642453,330563436,33748,33754,33753,785149710,86983390,649725733
17,145165669,1,127423842,8,292608994,956262271,17,801108420,762785,918253410,8,922454654,11853917,17,342305859,681974,1028181460,844824201,2880,8,330563436,14576199,33676,919150108,220183953,0,1020183281,2880,139,5,2,2600,2701738,7,7,378580043,330563436,33704,33707,33720,106211174,250142940,577845372
17,145165669,1,127423842,8,292608994,956262271,17,801108420,762785,918253410,8,922454654,11853917,17,342305859,681974,1028181460,844824201,2880,8,330563436,14576199,33676,919150108,220183953,0,1020183281,2880,115,9,3,4200,4263462,1,1,378580043,330563436,33770,33751,33794,106211174,1001693018,928883749
17,145165669,1,127423842,8,292608994,956262271,17,801108420,762785,918253410,8,922454654,11853917,17,342305859,681974,1028181460,844824201,2880,8,330563436,14576199,33676,919150108,220183953,0,1020183281,2880,18,2,4,4600,4222846,2,2,449642453,330563436,33713,33758,33738,785149710,250142940,45944709
17,145165669,1,127423842,1,792906294,317827973,17,971385163,575594,622797579,121,1022863173,231361516,17,736496255,642832,1028181460,1027337841,2882,121,777177650,17287237,34931,919150108,186573168,0,550080006,2882,4,7,1,1400,1265600,9,2,146356532,777177650,34968,35012,34988,862871618,431484053,1021541073
17,145165669,1,127423842,1,792906294,317827973,17,971385163,575594,622797579,121,1022863173,231361516,17,736496255,642832,1028181460,1027337841,2882,121,777177650,17287237,34931,919150108,186573168,0,550080006,2882,42,1,2,3000,2826120,0,0,146356532,777177650,34985,34983,34995,106211174,1001693018,806548919
17,145165669,1,127423842,1,792906294,317827973,17,971385163,575594,622797579,121,1022863173,231361516,17,736496255,642832,1028181460,1027337841,2882,121,777177650,17287237,34931,919150108,186573168,0,550080006,2882,197,9,3,2900,3181851,10,8,146356532,777177650,34950,35002,34972,106211174,86983390,174599057
17,145165669,1,127423842,1,792906294,317827973,17,971385163,575594,622797579,121,1022863173,231361516,17,736496255,642832,1028181460,1027337841,2882,121,777177650,17287237,34931,919150108,186573168,0,550080006,2882,78,6,4,2700,2640789,6,2,146356532,777177650,34944,35012,34952,749443834,431484053,362585976
17,145165669,1,127423842,1,792906294,317827973,17,971385163,575594,622797579,121,1022863173,231361516,17,736496255,642832,1028181460,1027337841,2882,121,777177650,17287237,34931,919150108,186573168,0,550080006,2882,134,5,5,3200,3309216,7,3,146356532,777177650,34991,35011,35002,785149710,250142940,654721139
17,145165669,1,127423842,1,792906294,317827973,17,971385163,575594,622797579,121,1022863173,231361516,17,736496255,642832,1028181460,1027337841,2882,121,777177650,17287237,34931,919150108,186573168,0,550080006,2882,87,8,6,4700,4639276,6,3,146356532,777177650,34953,34961,34954,106211174,1001693018,906367922
17,145165669,1,127423842,8,292608994,956262271,17,801108420,762785,918253410,121,1022863173,231361516,17,736496255,642832,1028181460,1027337841,2882,121,777177650,17287237,34931,919150108,186573168,0,550080006,2882,4,7,1,1400,1265600,9,2,146356532,777177650,34968,35012,34988,862871618,431484053,1021541073
17,145165669,1,127423842,8,292608994,956262271,17,801108420,762785,918253410,121,1022863173,231361516,17,736496255,642832,1028181460,1027337841,2882,121,777177650,17287237,34931,919150108,186573168,0,550080006,2882,42,1,2,3000,2826120,0,0,146356532,777177650,34985,34983,34995,106211174,1001693018,806548919
17,145165669,1,127423842,8,292608994,956262271,17,801108420,762785,918253410,121,1022863173,231361516,17,736496255,642832,1028181460,1027337841,2882,121,777177650,17287237,34931,919150108,186573168,0,550080006,2882,197,9,3,2900,3181851,10,8,146356532,777177650,34950,35002,34972,106211174,86983390,174599057
17,145165669,1,127423842,8,292608994,956262271,17,801108420,762785,918253410,121,1022863173,231361516,17,736496255,642832,1028181460,1027337841,2882,121,777177650,17287237,34931,919150108,186573168,0,550080006,2882,78,6,4,2700,2640789,6,2,146356532,777177650,34944,35012,34952,749443834,431484053,362585976
17,145165669,1,127423842,8,292608994,956262271,17,801108420,762785,918253410,121,1022863173,231361516,17,736496255,642832,1028181460,1027337841,2882,121,777177650,17287237,34931,919150108,186573168,0,550080006,2882,134,5,5,3200,3309216,7,3,146356532,777177650,34991,35011,35002,785149710,250142940,654721139
17,145165669,1,127423842,8,292608994,956262271,17,801108420,762785,918253410,121,1022863173,231361516,17,736496255,642832,1028181460,1027337841,2882,121,777177650,17287237,34931,919150108,186573168,0,550080006,2882,87,8,6,4700,4639276,6,3,146356532,777177650,34953,34961,34954,106211174,1001693018,906367922
17,145165669,1,127423842,1,792906294,317827973,17,971385163,575594,622797579,121,1022863173,231361516,17,736496255,642832,1028181460,1027337841,2883,121,330563436,17036027,34720,527479233,872565884,0,270833158,2883,1,4,1,3300,2973300,8,7,378580043,330563436,34754,34760,34757,106211174,250142940,24782764
17,145165669,1,127423842,1,792906294,317827973,17,971385163,575594,622797579,121,1022863173,231361516,17,736496255,642832,1028181460,1027337841,2883,121,330563436,17036027,34720,527479233,872565884,0,270833158,2883,125,6,2,2700,2767824,0,2,449642453,330563436,34768,34766,34791,862871618,1001693018,367423802
17,145165669,1,127423842,1,792906294,317827973,17,971385163,575594,622797579,121,1022863173,231361516,17,736496255,642832,1028181460,1027337841,2883,121,330563436,17036027,34720,527479233,872565884,0,270833158,2883,189,10,3,4700,5119146,5,4,378580043,330563436,34726,34806,34733,749443834,407419891,596762009
17,145165669,1,127423842,1,792906294,317827973,17,971385163,575594,622797579,121,1022863173,231361516,17,736496255,642832,1028181460,1027337841,2883,121,330563436,17036027,34720,527479233,872565884,0,270833158,2883,98,2,4,2300,2295607,0,2,378580043,330563436,34731,34773,34747,862871618,365042431,854247185
17,145165669,1,127423842,1,792906294,317827973,17,971385163,575594,622797579,121,1022863173,231361516,17,736496255,642832,1028181460,1027337841,2883,121,330563436,17036027,34720,527479233,872565884,0,270833158,2883,195,8,5,3600,3942683,7,6,449642453,330563436,34819,34770,34847,785149710,431484053,365917659
17,145165669,1,127423842,8,292608994,956262271,17,801108420,762785,918253410,121,1022863173,231361516,17,736496255,642832,1028181460,1027337841,2883,121,330563436,17036027,34720,527479233,872565884,0,270833158,2883,1,4,1,3300,2973300,8,7,378580043,330563436,34754,34760,34757,106211174,250142940,24782764
17,145165669,1,127423842,8,292608994,956262271,17,801108420,762785,918253410,121,1022863173,231361516,17,736496255,642832,1028181460,1027337841,2883,121,330563436,17036027,34720,527479233,872565884,0,270833158,2883,125,6,2,2700,2767824,0,2,449642453,330563436,34768,34766,34791,862871618,1001693018,367423802
17,145165669,1,127423842,8,292608994,956262271,17,801108420,762785,918253410,121,1022863173,231361516,17,736496255,642832,1028181460,1027337841,2883,121,330563436,17036027,34720,527479233,872565884,0,270833158,2883,189,10,3,4700,5119146,5,4,378580043,330563436,34726,34806,34733,749443834,407419891,596762009
17,145165669,1,127423842,8,292608994,956262271,17,801108420,762785,918253410,121,1022863173,231361516,17,736496255,642832,1028181460,1027337841,2883,121,330563436,17036027,34720,527479233,872565884,0,270833158,2883,98,2,4,2300,2295607,0,2,378580043,330563436,34731,34773,34747,862871618,365042431,854247185
17,145165669,1,127423842,8,292608994,956262271,17,801108420,762785,918253410,121,1022863173,231361516,17,736496255,642832,1028181460,1027337841,2883,121,330563436,17036027,34720,527479233,872565884,0,270833158,2883,195,8,5,3600,3942683,7,6,449642453,330563436,34819,34770,34847,785149710,431484053,365917659
17,145165669,1,127423842,1,792906294,317827973,17,971385163,575594,622797579,8,922454654,11853917,17,342305859,681974,1028181460,844824201,2916,8,777177650,2018222,35058,919150108,820323820,0,920198165,2916,83,4,1,2100,2064468,6,4,146356532,777177650,35133,35114,35152,106211174,1001693018,156034830
17,145165669,1,127423842,8,292608994,956262271,17,801108420,762785,918253410,8,922454654,11853917,17,342305859,681974,1028181460,844824201,2916,8,777177650,2018222,35058,919150108,820323820,0,920198165,2916,83,4,1,2100,2064468,6,4,146356532,777177650,35133,35114,35152,106211174,1001693018,156034830
15,962519746,0,265433381,4,829353804,938198330,15,991041614,464108,693080424,53,1039100764,494421651,15,378811987,411364,750198692,860477758,2919,53,330563436,13722314,34311,919150108,128788123,0,88614144,2919,102,5,1,200,200420,3,5,378580043,330563436,34329,34386,34350,785149710,86983390,405762826
15,962519746,0,265433381,4,829353804,938198330,15,991041614,464108,693080424,53,1039100764,494421651,15,378811987,411364,750198692,860477758,2919,53,330563436,13722314,34311,919150108,128788123,0,88614144,2919,121,4,2,4900,5003488,7,2,378580043,330563436,34317,34391,34320,785149710,944913022,160676076
15,962519746,0,265433381,4,829353804,938198330,15,991041614,464108,693080424,53,1039100764,494421651,15,378811987,411364,750198692,860477758,2919,53,330563436,13722314,34311,919150108,128788123,0,88614144,2919,46,5,3,4400,4162576,7,7,449642453,330563436,34423,34344,34429,862871618,86983390,998500612
15,962519746,0,265433381,4,829353804,938198330,15,991041614,464108,693080424,53,1039100764,494421651,15,378811987,411364,750198692,860477758,2919,53,330563436,13722314,34311,919150108,128788123,0,88614144,2919,102,5,4,4400,4409240,0,5,378580043,330563436,34367,34366,34393,862871618,365042431,105022314
1,559044011,1,1004765669,3,458785,31140224,1,73682198,419239,154263564,14,959061040,122146912,1,339030647,526630,373412815,789218819,2944,14,777177650,14658114,35695,483467692,32684337,0,697746480,2944,120,1,1,4400,4488528,8,5,146356532,777177650,35787,35729,35814,785149710,365042431,1044663112
1,559044011,1,1004765669,3,458785,31140224,1,73682198,419239,154263564,14,959061040,122146912,1,339030647,526630,373412815,789218819,2944,14,777177650,14658114,35695,483467692,32684337,0,697746480,2944,42,9,2,4400,4144976,6,2,146356532,777177650,35729,35754,35742,106211174,407419891,952084962
1,559044011,1,1004765669,3,458785,31140224,1,73682198,419239,154263564,14,959061040,122146912,1,339030647,526630,373412815,789218819,2944,14,777177650,14658114,35695,483467692,32684337,0,697746480,2944,170,5,3,200,214034,6,7,146356532,777177650,35775,35763,35801,749443834,1001693018,684007981
1,559044011,1,1004765669,3,458785,31140224,1,73682198,419239,154263564,14,959061040,122146912,1,339030647,526630,373412815,789218819,2944,14,777177650,14658114,35695,483467692,32684337,0,697746480,2944,17,7,4,2300,2109123,2,3,146356532,777177650,35805,35765,35810,862871618,431484053,716521654
1,559044011,1,1004765669,3,458785,31140224,1,73682198,419239,154263564,14,959061040,122146912,1,339030647,526630,373412815,789218819,2944,14,777177650,14658114,35695,483467692,32684337,0,697746480,2944,75,4,5,1800,1755125,10,1,146356532,777177650,35800,35727,35820,862871618,944913022,161699287
1,559044011,1,1004765669,3,458785,31140224,1,73682198,419239,154263564,14,959061040,122146912,1,339030647,526630,373412815,789218819,2944,14,777177650,14658114,35695,483467692,32684337,0,697746480,2944,60,2,6,1700,1632102,0,3,146356532,777177650,35719,35759,35730,862871618,407419891,764667225
1,559044011,1,1004765669,3,458785,31140224,1,73682198,419239,154263564,14,959061040,122146912,1,339030647,526630,373412815,789218819,2944,14,777177650,14658114,35695,483467692,32684337,0,697746480,2944,90,1,7,700,693063,1,6,146356532,777177650,35731,35735,35735,749443834,944913022,178512144
17,145165669,1,127423842,1,792906294,317827973,17,971385163,575594,622797579,133,727108991,150278347,17,63836414,231467,701940545,136299243,2979,133,777177650,11678998,35145,1030545334,80785109,0,715101028,2979,9,6,1,800,727200,0,8,146356532,777177650,35232,35204,35250,785149710,1001693018,874849385
17,145165669,1,127423842,1,792906294,317827973,17,971385163,575594,622797579,133,727108991,150278347,17,63836414,231467,701940545,136299243,2979,133,777177650,11678998,35145,1030545334,80785109,0,715101028,2979,11,2,2,4700,4281747,5,0,146356532,777177650,35147,35196,35157,862871618,407419891,407884595
17,145165669,1,127423842,1,792906294,317827973,17,971385163,575594,622797579,133,727108991,150278347,17,63836414,231467,701940545,136299243,2979,133,777177650,11678998,35145,1030545334,80785109,0,715101028,2979,188,9,3,3500,3808630,4,3,146356532,777177650,35208,35225,35238,749443834,431484053,1012401499
17,145165669,1,127423842,1,792906294,317827973,17,971385163,575594,622797579,133,727108991,150278347,17,63836414,231467,701940545,136299243,2979,133,777177650,11678998,35145,1030545334,80785109,0,715101028,2979,165,4,4,2800,2982448,5,8,146356532,777177650,35218,35176,35238,749443834,944913022,1060228589
17,145165669,1,127423842,8,292608994,956262271,17,801108420,762785,918253410,133,727108991,150278347,17,63836414,231467,701940545,136299243,2979,133,777177650,11678998,35145,1030545334,80785109,0,715101028,2979,9,6,1,800,727200,0,8,146356532,777177650,35232,35204,35250,785149710,1001693018,874849385
17,145165669,1,127423842,8,292608994,956262271,17,801108420,762785,918253410,133,727108991,150278347,17,63836414,231467,701940545,136299243,2979,133,777177650,11678998,35145,1030545334,80785109,0,715101028,2979,11,2,2,4700,4281747,5,0,146356532,777177650,35147,35196,35157,862871618,407419891,407884595
17,145165669,1,127423842,8,292608994,956262271,17,801108420,762785,918253410,133,727108991,150278347,17,63836414,231467,701940545,136299243,2979,133,777177650,11678998,35145,1030545334,80785109,0,715101028,2979,188,9,3,3500,3808630,4,3,146356532,777177650,35208,35225,35238,749443834,431484053,1012401499
17,145165669,1,127423842,8,292608994,956262271,17,801108420,762785,918253410,133,727108991,150278347,17,63836414,231467,701940545,136299243,2979,133,777177650,11678998,35145,1030545334,80785109,0,715101028,2979,165,4,4,2800,2982448,5,8,146356532,777177650,35218,35176,35238,749443834,944913022,1060228589
10,185743883,4,261867689,9,895777001,658451645,10,73320802,530237,726765942,49,58080412,277187647,10,223001803,457393,373412815,529457660,2981,49,777177650,3777679,36003,527479233,155972164,0,453564816,2981,14,4,1,1700,1553817,3,5,146356532,777177650,36083,36068,36087,749443834,250142940,789923205
10,185743883,4,261867689,9,895777001,658451645,10,73320802,530237,726765942,49,58080412,277187647,10,223001803,457393,373412815,529457660,2981,49,777177650,3777679,36003,527479233,155972164,0,453564816,2981,176,4,2,800,860936,6,3,146356532,777177650,36026,36064,36041,749443834,431484053,727348264
10,185743883,4,261867689,9,895777001,658451645,10,73320802,530237,726765942,49,58080412,277187647,10,223001803,457393,373412815,529457660,2981,49,777177650,3777679,36003,527479233,155972164,0,453564816,2981,37,3,3,1400,1311842,3,7,146356532,777177650,36035,36070,36040,749443834,431484053,1017827075
5,529057841,0,890382161,2,549623314,849027485,5,58126162,403268,958596215,85,1001770604,231357394,5,608676529,338664,373412815,725868244,2982,85,330563436,5558294,34775,919150108,356958305,0,67181693,2982,112,6,1,2100,2125431,0,1,449642453,330563436,34790,34856,34805,749443834,365042431,25371434
5,529057841,0,890382161,2,549623314,849027485,5,58126162,403268,958596215,85,1001770604,231357394,5,608676529,338664,373412815,725868244,2982,85,330563436,5558294,34775,919150108,356958305,0,67181693,2982,99,2,2,1300,1298817,2,8,378580043,330563436,34787,34824,34805,862871618,250142940,520949536
5,529057841,0,890382161,2,549623314,849027485,5,58126162,403268,958596215,85,1001770604,231357394,5,608676529,338664,373412815,725868244,2982,85,330563436,5558294,34775,919150108,356958305,0,67181693,2982,70,5,3,2100,2037147,1,1,378580043,330563436,34806,34851,34815,785149710,407419891,547726859
10,185743883,4,261867689,9,895777001,658451645,10,73320802,530237,726765942,55,292749220,212078962,10,611195724,457210,797027742,482627384,3009,55,777177650,10842494,35487,382018914,302098132,0,502319592,3009,45,8,1,4800,4536192,10,2,146356532,777177650,35506,35561,35529,862871618,86983390,342472907
10,185743883,4,261867689,9,895777001,658451645,10,73320802,530237,726765942,55,292749220,212078962,10,611195724,457210,797027742,482627384,3009,55,777177650,10842494,35487,382018914,302098132,0,502319592,3009,185,6,2,3800,4123683,0,1,146356532,777177650,35549,35528,35565,862871618,365042431,939062350
10,185743883,4,261867689,9,895777001,658451645,10,73320802,530237,726765942,55,292749220,212078962,10,611195724,457210,797027742,482627384,3009,55,777177650,10842494,35487,382018914,302098132,0,502319592,3009,130,3,3,2600,2678338,8,2,146356532,777177650,35563,35558,35592,862871618,407419891,584017869
17,145165669,1,127423842,1,792906294,317827973,17,971385163,575594,622797579,8,922454654,11853917,17,342305859,681974,1028181460,844824201,3010,8,777177650,14164707,35088,919150108,243275840,0,646772999,3010,138,4,1,2300,2387699,4,0,146356532,777177650,35130,35122,35149,106211174,86983390,59946093
17,145165669,1,127423842,1,792906294,317827973,17,971385163,575594,622797579,8,922454654,11853917,17,342305859,681974,1028181460,844824201,3010,8,777177650,14164707,35088,919150108,243275840,0,646772999,3010,174,4,2,2200,2363174,9,6,146356532,777177650,35128,35159,35140,785149710,1001693018,584791771
17,145165669,1,127423842,1,792906294,317827973,17,971385163,575594,622797579,8,922454654,11853917,17,342305859,681974,1028181460,844824201,3010,8,777177650,14164707,35088,919150108,243275840,0,646772999,3010,58,6,3,2400,2299320,4,7,146356532,777177650,35192,35136,35198,749443834,250142940,1070490420
17,145165669,1,127423842,1,792906294,317827973,17,971385163,575594,622797579,8,922454654,11853917,17,342305859,681974,1028181460,844824201,3010,8,777177650,14164707,35088,919150108,243275840,0,646772999,3010,24,7,4,2800,2587256,9,6,146356532,777177650,35127,35150,35156,749443834,944913022,674857780
17,145165669,1,127423842,1,792906294,317827973,17,971385163,575594,622797579,8,922454654,11853917,17,342305859,681974,1028181460,844824201,3010,8,777177650,14164707,35088,919150108,243275840,0,646772999,3010,104,5,5,900,903690,2,2,146356532,777177650,35181,35139,35201,106211174,407419891,452679699
17,145165669,1,127423842,1,792906294,317827973,17,971385163,575594,622797579,8,922454654,11853917,17,342305859,681974,1028181460,844824201,3010,8,777177650,14164707,35088,919150108,243275840,0,646772999,3010,92,3,6,3800,3769942,5,7,146356532,777177650,35168,35138,35174,749443834,250142940,583022223
17,145165669,1,127423842,8,292608994,956262271,17,801108420,762785,918253410,8,922454654,11853917,17,342305859,681974,1028181460,844824201,3010,8,777177650,14164707,35088,919150108,243275840,0,646772999,3010,138,4,1,2300,2387699,4,0,146356532,777177650,35130,35122,35149,106211174,86983390,59946093
17,145165669,1,127423842,8,292608994,956262271,17,801108420,762785,918253410,8,922454654,11853917,17,342305859,681974,1028181460,844824201,3010,8,777177650,14164707,35088,919150108,243275840,0,646772999,3010,174,4,2,2200,2363174,9,6,146356532,777177650,35128,35159,35140,785149710,1001693018,584791771
17,145165669,1,127423842,8,292608994,956262271,17,801108420,762785,918253410,8,922454654,11853917,17,342305859,681974,1028181460,844824201,3010,8,777177650,14164707,35088,919150108,243275840,0,646772999,3010,58,6,3,2400,2299320,4,7,146356532,777177650,35192,35136,35198,749443834,250142940,1070490420
17,145165669,1,127423842,8,292608994,956262271,17,801108420,762785,918253410,8,922454654,11853917,17,342305859,681974,1028181460,844824201,3010,8,777177650,14164707,35088,919150108,243275840,0,646772999,3010,24,7,4,2800,2587256,9,6,146356532,777177650,35127,35150,35156,749443834,944913022,674857780
17,145165669,1,127423842,8,292608994,956262271,17,801108420,762785,918253410,8,922454654,11853917,17,342305859,681974,1028181460,844824201,3010,8,777177650,14164707,35088,919150108,243275840,0,646772999,3010,104,5,5,900,903690,2,2,146356532,777177650,35181,35139,35201,106211174,407419891,452679699
17,145165669,1,127423842,8,292608994,956262271,17,801108420,762785,918253410,8,922454654,11853917,17,342305859,681974,1028181460,844824201,3010,8,777177650,14164707,35088,919150108,243275840,0,646772999,3010,92,3,6,3800,3769942,5,7,146356532,777177650,35168,35138,35174,749443834,250142940,583022223
15,962519746,0,265433381,4,829353804,938198330,15,991041614,464108,693080424,32,42617135,948840554,15,120905608,347153,1028181460,156874928,3012,32,330563436,9167866,34092,382018914,307468045,0,448751273,3012,195,7,1,4900,5366431,0,0,449642453,330563436,34186,34149,34187,106211174,431484053,723010389
15,962519746,0,265433381,4,829353804,938198330,15,991041614,464108,693080424,32,42617135,948840554,15,120905608,347153,1028181460,156874928,3012,32,330563436,9167866,34092,382018914,307468045,0,448751273,3012,161,2,2,3700,3926292,6,3,449642453,330563436,34195,34125,34203,862871618,1001693018,1052714068
15,962519746,0,265433381,4,829353804,938198330,15,991041614,464108,693080424,53,1039100764,494421651,15,378811987,411364,750198692,860477758,3044,53,777177650,5243354,35156,919150108,837855014,0,948775600,3044,101,2,1,1000,1001100,7,8,146356532,777177650,35257,35189,35265,862871618,1001693018,924866160
15,962519746,0,265433381,4,829353804,938198330,15,991041614,464108,693080424,53,1039100764,494421651,15,378811987,411364,750198692,860477758,3044,53,777177650,5243354,35156,919150108,837855014,0,948775600,3044,168,7,2,300,320448,6,2,146356532,777177650,35271,35209,35290,862871618,365042431,1004184806
15,962519746,0,265433381,4,829353804,938198330,15,991041614,464108,693080424,53,1039100764,494421651,15,378811987,411364,750198692,860477758,3044,53,777177650,5243354,35156,919150108,837855014,0,948775600,3044,19,3,3,4700,4319347,9,0,146356532,777177650,35207,35236,35213,106211174,1001693018,731121177
15,962519746,0,265433381,4,829353804,938198330,15,991041614,464108,693080424,32,42617135,948840554,15,120905608,347153,1028181460,156874928,3046,32,777177650,11781752,35031,919150108,960245413,0,1054105353,3046,74,5,1,4400,4285908,3,3,146356532,777177650,35125,35118,35154,106211174,365042431,759345138
15,962519746,0,265433381,4,829353804,938198330,15,991041614,464108,693080424,32,42617135,948840554,15,120905608,347153,1028181460,156874928,3046,32,777177650,11781752,35031,919150108,960245413,0,1054105353,3046,54,5,2,4600,4388630,3,8,146356532,777177650,35144,35121,35160,862871618,365042431,395071957
15,962519746,0,265433381,4,829353804,938198330,15,991041614,464108,693080424,32,42617135,948840554,15,120905608,347153,1028181460,156874928,3046,32,777177650,11781752,35031,919150108,960245413,0,1054105353,3046,2,9,3,3100,2796200,3,7,146356532,777177650,35146,35092,35148,106211174,250142940,337419948
17,145165669,1,127423842,1,792906294,317827973,17,971385163,575594,622797579,121,1022863173,231361516,17,736496255,642832,1028181460,1027337841,3077,121,777177650,9929001,35646,919150108,1043847119,0,942418885,3077,72,2,1,2500,2430175,6,1,146356532,777177650,35685,35717,35707,106211174,86983390,599902709
17,145165669,1,127423842,1,792906294,317827973,17,971385163,575594,622797579,121,1022863173,231361516,17,736496255,642832,1028181460,1027337841,3077,121,777177650,9929001,35646,919150108,1043847119,0,942418885,3077,91,3,2,4000,3964360,5,6,146356532,777177650,35723,35690,35751,749443834,365042431,423989248
17,145165669,1,127423842,1,792906294,317827973,17,971385163,575594,622797579,121,1022863173,231361516,17,736496255,642832,1028181460,1027337841,3077,121,777177650,9929001,35646,919150108,1043847119,0,942418885,3077,78,7,3,1300,1271491,3,7,146356532,777177650,35680,35716,35690,106211174,86983390,97091976
17,145165669,1,127423842,1,792906294,317827973,17,971385163,575594,622797579,121,1022863173,231361516,17,736496255,642832,1028181460,1027337841,3077,121,777177650,9929001,35646,919150108,1043847119,0,942418885,3077,115,5,4,2300,2334753,3,2,146356532,777177650,35737,35687,35752,106211174,431484053,175217376
17,145165669,1,127423842,8,292608994,956262271,17,801108420,762785,918253410,121,1022863173,231361516,17,736496255,642832,1028181460,1027337841,3077,121,777177650,9929001,35646,919150108,1043847119,0,942418885,3077,72,2,1,2500,2430175,6,1,146356532,777177650,35685,35717,35707,106211174,86983390,599902709
17,145165669,1,127423842,8,292608994,956262271,17,801108420,762785,918253410,121,1022863173,231361516,17,736496255,642832,1028181460,1027337841,3077,121,777177650,9929001,35646,919150108,1043847119,0,942418885,3077,91,3,2,4000,3964360,5,6,146356532,777177650,35723,35690,35751,749443834,365042431,423989248
17,145165669,1,127423842,8,292608994,956262271,17,801108420,762785,918253410,121,1022863173,231361516,17,736496255,642832,1028181460,1027337841,3077,121,777177650,9929001,35646,919150108,1043847119,0,942418885,3077,78,7,3,1300,1271491,3,7,146356532,777177650,35680,35716,35690,106211174,86983390,97091976
17,145165669,1,127423842,8,292608994,956262271,17,801108420,762785,918253410,121,1022863173,231361516,17,736496255,642832,1028181460,1027337841,3077,121,777177650,9929001,35646,919150108,1043847119,0,942418885,3077,115,5,4,2300,2334753,3,2,146356532,777177650,35737,35687,35752,106211174,431484053,175217376
10,185743883,4,261867689,9,895777001,658451645,10,73320802,530237,726765942,49,58080412,277187647,10,223001803,457393,373412815,529457660,3078,49,330563436,4631083,34010,919150108,610944115,0,528695754,3078,132,3,1,2500,2580325,1,3,449642453,330563436,34079,34088,34085,862871618,365042431,836848920
10,185743883,4,261867689,9,895777001,658451645,10,73320802,530237,726765942,49,58080412,277187647,10,223001803,457393,373412815,529457660,3078,49,330563436,4631083,34010,919150108,610944115,0,528695754,3078,78,8,2,2100,2053947,9,7,449642453,330563436,34046,34047,34058,785149710,365042431,978641841
5,529057841,0,890382161,2,549623314,849027485,5,58126162,403268,958596215,85,1001770604,231357394,5,608676529,338664,373412815,725868244,3108,85,330563436,6327800,34184,382018914,357414855,0,1012644851,3108,109,2,1,3700,3733669,6,4,449642453,330563436,34256,34241,34280,749443834,250142940,120906679
5,529057841,0,890382161,2,549623314,849027485,5,58126162,403268,958596215,85,1001770604,231357394,5,608676529,338664,373412815,725868244,3108,85,330563436,6327800,34184,382018914,357414855,0,1012644851,3108,166,1,2,2600,2772016,8,5,449642453,330563436,34283,34245,34310,785149710,86983390,880505368
17,145165669,1,127423842,1,792906294,317827973,17,971385163,575594,622797579,133,727108991,150278347,17,63836414,231467,701940545,136299243,3111,133,777177650,15438337,34934,527479233,465385449,0,512998764,3111,137,8,1,2200,2281686,6,5,146356532,777177650,34961,35010,34987,785149710,1001693018,859420373
17,145165669,1,127423842,1,792906294,317827973,17,971385163,575594,622797579,133,727108991,150278347,17,63836414,231467,701940545,136299243,3111,133,777177650,15438337,34934,527479233,465385449,0,512998764,3111,58,10,2,3000,2874150,6,5,146356532,777177650,34975,35016,35002,862871618,86983390,801740265
17,145165669,1,127423842,1,792906294,317827973,17,971385163,575594,622797579,133,727108991,150278347,17,63836414,231467,701940545,136299243,3111,133,777177650,15438337,34934,527479233,465385449,0,512998764,3111,52,3,3,1000,952050,2,2,146356532,777177650,35011,35003,35035,106211174,944913022,221442493
17,145165669,1,127423842,1,792906294,317827973,17,971385163,575594,622797579,133,727108991,150278347,17,63836414,231467,701940545,136299243,3111,133,777177650,15438337,34934,527479233,465385449,0,512998764,3111,132,3,4,3100,3199603,0,8,146356532,777177650,34996,34966,35003,862871618,431484053,1047171389
17,145165669,1,127423842,1,792906294,317827973,17,971385163,575594,622797579,133,727108991,150278347,17,63836414,231467,701940545,136299243,3111,133,777177650,15438337,34934,527479233,465385449,0,512998764,3111,54,6,5,1400,1335670,5,4,146356532,777177650,34987,34989,34989,862871618,407419891,1025555525
17,145165669,1,127423842,1,792906294,317827973,17,971385163,575594,622797579,133,727108991,150278347,17,63836414,231467,701940545,136299243,3111,133,777177650,15438337,34934,527479233,465385449,0,512998764,3111,86,7,6,500,493039,3,8,146356532,777177650,34939,34986,34944,749443834,86983390,873541828
17,145165669,1,127423842,1,792906294,317827973,17,971385163,575594,622797579,133,727108991,150278347,17,63836414,231467,701940545,136299243,3111,133,777177650,15438337,34934,527479233,465385449,0,512998764,3111,148,9,7,4100,4297374,9,5,146356532,777177650,35023,35002,35032,862871618,944913022,781960370
17,145165669,1,127423842,8,292608994,956262271,17,801108420,762785,918253410,133,727108991,150278347,17,63836414,231467,701940545,136299243,3111,133,777177650,15438337,34934,527479233,465385449,0,512998764,3111,137,8,1,2200,2281686,6,5,146356532,777177650,34961,35010,34987,785149710,1001693018,859420373
17,145165669,1,127423842,8,292608994,956262271,17,801108420,762785,918253410,133,727108991,150278347,17,63836414,231467,701940545,136299243,3111,133,777177650,15438337,34934,527479233,465385449,0,512998764,3111,58,10,2,3000,2874150,6,5,146356532,777177650,34975,35016,35002,862871618,86983390,801740265
17,145165669,1,127423842,8,292608994,956262271,17,801108420,762785,918253410,133,727108991,150278347,17,63836414,231467,701940545,136299243,3111,133,777177650,15438337,34934,527479233,465385449,0,512998764,3111,52,3,3,1000,952050,2,2,146356532,777177650,35011,35003,35035,106211174,944913022,221442493
17,145165669,1,127423842,8,292608994,956262271,17,801108420,762785,918253410,133,727108991,150278347,17,63836414,231467,701940545,136299243,3111,133,777177650,15438337,34934,527479233,465385449,0,512998764,3111,132,3,4,3100,3199603,0,8,146356532,777177650,34996,34966,35003,862871618,431484053,1047171389
17,145165669,1,127423842,8,292608994,956262271,17,801108420,762785,918253410,133,727108991,150278347,17,63836414,231467,701940545,136299243,3111,133,777177650,15438337,34934,527479233,465385449,0,512998764,3111,54,6,5,1400,1335670,5,4,146356532,777177650,34987,34989,34989,862871618,407419891,1025555525
17,145165669,1,127423842,8,292608994,956262271,17,801108420,762785,918253410,133,727108991,150278347,17,63836414,231467,701940545,136299243,3111,133,777177650,15438337,34934,527479233,465385449,0,512998764,3111,86,7,6,500,493039,3,8,146356532,777177650,34939,34986,34944,749443834,86983390,873541828
17,145165669,1,127423842,8,292608994,956262271,17,801108420,762785,918253410,133,727108991,150278347,17,63836414,231467,701940545,136299243,3111,133,777177650,15438337,34934,527479233,465385449,0,512998764,3111,148,9,7,4100,4297374,9,5,146356532,777177650,35023,35002,35032,862871618,944913022,781960370
17,145165669,1,127423842,1,792906294,317827973,17,971385163,575594,622797579,8,922454654,11853917,17,342305859,681974,1028181460,844824201,3142,8,330563436,1603015,33781,1030545334,555374506,0,298253915,3142,120,7,1,1500,1530180,3,8,378580043,330563436,33829,33832,33836,749443834,365042431,696222218
17,145165669,1,127423842,8,292608994,956262271,17,801108420,762785,918253410,8,922454654,11853917,17,342305859,681974,1028181460,844824201,3142,8,330563436,1603015,33781,1030545334,555374506,0,298253915,3142,120,7,1,1500,1530180,3,8,378580043,330563436,33829,33832,33836,749443834,365042431,696222218
15,962519746,0,265433381,4,829353804,938198330,15,991041614,464108,693080424,107,392705759,421077337,15,489730719,251415,701940545,177090971,3143,107,330563436,13564768,34015,382018914,595134141,0,183834478,3143,90,1,1,2200,2178198,2,0,449642453,330563436,34098,34052,34107,862871618,431484053,573068231
15,962519746,0,265433381,4,829353804,938198330,15,991041614,464108,693080424,107,392705759,421077337,15,489730719,251415,701940545,177090971,3143,107,330563436,13564768,34015,382018914,595134141,0,183834478,3143,183,4,2,4000,4332720,3,8,449642453,330563436,34094,34055,34104,785149710,944913022,502823517
15,962519746,0,265433381,4,829353804,938198330,15,991041614,464108,693080424,107,392705759,421077337,15,489730719,251415,701940545,177090971,3143,107,330563436,13564768,34015,382018914,595134141,0,183834478,3143,183,4,3,2200,2382996,5,3,449642453,330563436,34044,34096,34071,749443834,431484053,83745160
15,962519746,0,265433381,4,829353804,938198330,15,991041614,464108,693080424,107,392705759,421077337,15,489730719,251415,701940545,177090971,3143,107,330563436,13564768,34015,382018914,595134141,0,183834478,3143,66,7,4,4600,4443876,5,8,378580043,330563436,34076,34047,34092,785149710,1001693018,118006119
14,188440933,0,29958364,6,564123676,816784291,14,177982233,136579,447900922,89,468529770,948964647,14,106551305,153076,373412815,1009632679,3172,89,330563436,12136083,33756,483467692,205194836,0,251461412,3172,96,9,1,400,398436,6,7,449642453,330563436,33871,33829,33895,749443834,86983390,806639948
14,188440933,0,29958364,6,564123676,816784291,14,177982233,136579,447900922,89,468529770,948964647,14,106551305,153076,373412815,1009632679,3172,89,330563436,12136083,33756,483467692,205194836,0,251461412,3172,148,7,2,4300,4507002,5,7,378580043,330563436,33836,33790,33840,785149710,431484053,282507112
14,188440933,0,29958364,6,564123676,816784291,14,177982233,136579,447900922,89,468529770,948964647,14,106551305,153076,373412815,1009632679,3172,89,330563436,12136083,33756,483467692,205194836,0,251461412,3172,132,3,3,1300,1341769,3,1,378580043,330563436,33789,33820,33819,749443834,431484053,531322132
14,188440933,0,29958364,6,564123676,816784291,14,177982233,136579,447900922,89,468529770,948964647,14,106551305,153076,373412815,1009632679,3172,89,330563436,12136083,33756,483467692,205194836,0,251461412,3172,135,6,4,2800,2898364,8,4,378580043,330563436,33792,33797,33799,106211174,431484053,889806370
14,188440933,0,29958364,6,564123676,816784291,14,177982233,136579,447900922,89,468529770,948964647,14,106551305,153076,373412815,1009632679,3172,89,330563436,12136083,33756,483467692,205194836,0,251461412,3172,64,5,5,3100,2988586,5,8,449642453,330563436,33846,33841,33868,106211174,407419891,18821489
11,319240162,4,108891028,5,64952534,366176741,11,103869805,-28383,275262022,148,120951395,335387568,11,608291700,213560,750198692,672328102,3173,148,777177650,6489273,35285,527479233,244197604,0,616232473,3173,195,6,1,3500,3833165,1,8,146356532,777177650,35315,35351,35340,862871618,250142940,704526283
11,319240162,4,108891028,5,64952534,366176741,11,103869805,-28383,275262022,148,120951395,335387568,11,608291700,213560,750198692,672328102,3173,148,777177650,6489273,35285,527479233,244197604,0,616232473,3173,178,7,2,500,539085,9,7,146356532,777177650,35403,35323,35404,749443834,1001693018,615288507
11,319240162,4,108891028,5,64952534,366176741,11,103869805,-28383,275262022,148,120951395,335387568,11,608291700,213560,750198692,672328102,3173,148,777177650,6489273,35285,527479233,244197604,0,616232473,3173,46,9,3,1600,1513664,6,1,146356532,777177650,35287,35327,35297,106211174,407419891,545725441
11,319240162,4,108891028,5,64952534,366176741,11,103869805,-28383,275262022,148,120951395,335387568,11,608291700,213560,750198692,672328102,3173,148,777177650,6489273,35285,527479233,244197604,0,616232473,3173,94,5,4,200,198818,0,0,146356532,777177650,35351,35373,35354,785149710,431484053,152218249
11,319240162,4,108891028,5,64952534,366176741,11,103869805,-28383,275262022,148,120951395,335387568,11,608291700,213560,750198692,672328102,3173,148,777177650,6489273,35285,527479233,244197604,0,616232473,3173,185,6,5,200,217036,0,6,146356532,777177650,35293,35327,35313,749443834,431484053,367127842
17,145165669,1,127423842,1,792906294,317827973,17,971385163,575594,622797579,97,135469562,256852182,17,351137718,216448,701940545,611744579,3201,97,330563436,9075531,34150,483467692,425603575,0,154290347,3201,46,7,1,1100,1040644,10,6,449642453,330563436,34237,34208,34258,106211174,86983390,366599073
17,145165669,1,127423842,1,792906294,317827973,17,971385163,575594,622797579,97,135469562,256852182,17,351137718,216448,701940545,611744579,3201,97,330563436,9075531,34150,483467692,425603575,0,154290347,3201,118,5,2,2700,2748897,8,2,378580043,330563436,34210,34203,34218,862871618,944913022,780329390
17,145165669,1,127423842,1,792906294,317827973,17,971385163,575594,622797579,97,135469562,256852182,17,351137718,216448,701940545,611744579,3201,97,330563436,9075531,34150,483467692,425603575,0,154290347,3201,119,6,3,5000,5095550,0,8,378580043,330563436,34267,34240,34287,785149710,86983390,1019483468
17,145165669,1,127423842,8,292608994,956262271,17,801108420,762785,918253410,97,135469562,256852182,17,351137718,216448,701940545,611744579,3201,97,330563436,9075531,34150,483467692,425603575,0,154290347,3201,46,7,1,1100,1040644,10,6,449642453,330563436,34237,34208,34258,106211174,86983390,366599073
17,145165669,1,127423842,8,292608994,956262271,17,801108420,762785,918253410,97,135469562,256852182,17,351137718,216448,701940545,611744579,3201,97,330563436,9075531,34150,483467692,425603575,0,154290347,3201,118,5,2,2700,2748897,8,2,378580043,330563436,34210,34203,34218,862871618,944913022,780329390
17,145165669,1,127423842,8,292608994,956262271,17,801108420,762785,918253410,97,135469562,256852182,17,351137718,216448,701940545,611744579,3201,97,330563436,9075531,34150,483467692,425603575,0,154290347,3201,119,6,3,5000,5095550,0,8,378580043,330563436,34267,34240,34287,785149710,86983390,1019483468
5,529057841,0,890382161,2,549623314,849027485,5,58126162,403268,958596215,10,798437489,808791061,5,205635831,275354,750198692,908197369,3204,10,330563436,4157342,33962,382018914,401231326,0,777097079,3204,12,2,1,1000,912010,10,7,378580043,330563436,33994,34034,33996,785149710,407419891,168246174
5,529057841,0,890382161,2,549623314,849027485,5,58126162,403268,958596215,10,798437489,808791061,5,205635831,275354,750198692,908197369,3204,10,330563436,4157342,33962,382018914,401231326,0,777097079,3204,7,10,2,3900,3537300,10,3,378580043,330563436,34009,34045,34026,862871618,431484053,606984343
11,319240162,4,108891028,5,64952534,366176741,11,103869805,-28383,275262022,148,120951395,335387568,11,608291700,213560,750198692,672328102,3205,148,330563436,15363779,33703,527479233,167445592,0,531226839,3205,68,5,1,700,677642,9,0,378580043,330563436,33788,33770,33790,106211174,407419891,296171544
11,319240162,4,108891028,5,64952534,366176741,11,103869805,-28383,275262022,148,120951395,335387568,11,608291700,213560,750198692,672328102,3205,148,330563436,15363779,33703,527479233,167445592,0,531226839,3205,29,10,2,3200,2972864,8,3,449642453,330563436,33754,33793,33759,862871618,250142940,256537396
11,319240162,4,108891028,5,64952534,366176741,11,103869805,-28383,275262022,148,120951395,335387568,11,608291700,213560,750198692,672328102,3205,148,330563436,15363779,33703,527479233,167445592,0,531226839,3205,103,6,3,3800,3811780,10,8,449642453,330563436,33814,33756,33834,749443834,365042431,58126217
11,319240162,4,108891028,5,64952534,366176741,11,103869805,-28383,275262022,148,120951395,335387568,11,608291700,213560,750198692,672328102,3205,148,330563436,15363779,33703,527479233,167445592,0,531226839,3205,56,7,4,1000,956050,1,7,449642453,330563436,33771,33787,33799,785149710,250142940,280944681
11,319240162,4,108891028,5,64952534,366176741,11,103869805,-28383,275262022,148,120951395,335387568,11,608291700,213560,750198692,672328102,3205,148,330563436,15363779,33703,527479233,167445592,0,531226839,3205,70,9,5,1800,1746125,3,3,449642453,330563436,33787,33767,33817,862871618,250142940,872065374
11,319240162,4,108891028,5,64952534,366176741,11,103869805,-28383,275262022,148,120951395,335387568,11,608291700,213560,750198692,672328102,3205,148,330563436,15363779,33703,527479233,167445592,0,531226839,3205,195,8,6,1900,2080861,7,8,378580043,330563436,33750,33752,33758,785149710,365042431,896309631
11,319240162,4,108891028,5,64952534,366176741,11,103869805,-28383,275262022,148,120951395,335387568,11,608291700,213560,750198692,672328102,3205,148,330563436,15363779,33703,527479233,167445592,0,531226839,3205,69,8,7,3600,3488616,6,3,449642453,330563436,33753,33772,33756,862871618,407419891,7799652
1,559044011,1,1004765669,3,458785,31140224,1,73682198,419239,154263564,14,959061040,122146912,1,339030647,526630,373412815,789218819,3234,14,777177650,14734368,35158,483467692,1064564625,0,41326076,3234,79,10,1,4500,4405815,1,4,146356532,777177650,35198,35192,35216,749443834,86983390,625524201
1,559044011,1,1004765669,3,458785,31140224,1,73682198,419239,154263564,14,959061040,122146912,1,339030647,526630,373412815,789218819,3234,14,777177650,14734368,35158,483467692,1064564625,0,41326076,3234,84,5,2,2300,2263384,3,0,146356532,777177650,35212,35198,35231,749443834,365042431,252537731
1,559044011,1,1004765669,3,458785,31140224,1,73682198,419239,154263564,14,959061040,122146912,1,339030647,526630,373412815,789218819,3234,14,777177650,14734368,35158,483467692,1064564625,0,41326076,3234,75,4,3,1600,1560112,6,5,146356532,777177650,35224,35213,35232,785149710,250142940,51459464
1,559044011,1,1004765669,3,458785,31140224,1,73682198,419239,154263564,14,959061040,122146912,1,339030647,526630,373412815,789218819,3234,14,777177650,14734368,35158,483467692,1064564625,0,41326076,3234,122,1,4,5000,5110600,9,5,146356532,777177650,35225,35202,35232,106211174,431484053,977611331
1,559044011,1,1004765669,3,458785,31140224,1,73682198,419239,154263564,14,959061040,122146912,1,339030647,526630,373412815,789218819,3234,14,777177650,14734368,35158,483467692,1064564625,0,41326076,3234,165,2,5,1400,1491224,1,7,146356532,777177650,35159,35213,35166,106211174,1001693018,537101801
17,145165669,1,127423842,1,792906294,317827973,17,971385163,575594,622797579,61,754492610,99266246,17,63893436,153624,373412815,1071371457,3238,61,330563436,4137569,34019,527479233,644523916,0,648899274,3238,72,3,1,1200,1166484,6,1,378580043,330563436,34032,34095,34058,749443834,365042431,303549794
17,145165669,1,127423842,1,792906294,317827973,17,971385163,575594,622797579,61,754492610,99266246,17,63893436,153624,373412815,1071371457,3238,61,330563436,4137569,34019,527479233,644523916,0,648899274,3238,173,2,2,2600,2790242,1,6,449642453,330563436,34023,34061,34046,862871618,1001693018,463076967
17,145165669,1,127423842,1,792906294,317827973,17,971385163,575594,622797579,61,754492610,99266246,17,63893436,153624,373412815,1071371457,3238,61,330563436,4137569,34019,527479233,644523916,0,648899274,3238,81,2,3,100,98108,0,4,378580043,330563436,34104,34075,34114,106211174,407419891,180754645
17,145165669,1,127423842,8,292608994,956262271,17,801108420,762785,918253410,61,754492610,99266246,17,63893436,153624,373412815,1071371457,3238,61,330563436,4137569,34019,527479233,644523916,0,648899274,3238,72,3,1,1200,1166484,6,1,378580043,330563436,34032,34095,34058,749443834,365042431,303549794
17,145165669,1,127423842,8,292608994,956262271,17,801108420,762785,918253410,61,754492610,99266246,17,63893436,153624,373412815,1071371457,3238,61,330563436,4137569,34019,527479233,644523916,0,648899274,3238,173,2,2,2600,2790242,1,6,449642453,330563436,34023,34061,34046,862871618,1001693018,463076967
17,145165669,1,127423842,8,292608994,956262271,17,801108420,762785,918253410,61,754492610,99266246,17,63893436,153624,373412815,1071371457,3238,61,330563436,4137569,34019,527479233,644523916,0,648899274,3238,81,2,3,100,98108,0,4,378580043,330563436,34104,34075,34114,106211174,407419891,180754645
17,145165669,1,127423842,1,792906294,317827973,17,971385163,575594,622797579,35,838315206,970339776,17,936827836,122824,750198692,831183110,3239,35,777177650,15680279,35805,483467692,29883527,0,135224873,3239,45,8,1,5000,4725200,5,1,146356532,777177650,35833,35885,35846,106211174,944913022,683121007
17,145165669,1,127423842,1,792906294,317827973,17,971385163,575594,622797579,35,838315206,970339776,17,936827836,122824,750198692,831183110,3239,35,777177650,15680279,35805,483467692,29883527,0,135224873,3239,45,8,2,4300,4063672,1,6,146356532,777177650,35808,35864,35822,785149710,1001693018,818096497
17,145165669,1,127423842,1,792906294,317827973,17,971385163,575594,622797579,35,838315206,970339776,17,936827836,122824,750198692,831183110,3239,35,777177650,15680279,35805,483467692,29883527,0,135224873,3239,13,7,3,1300,1186913,1,5,146356532,777177650,35834,35843,35849,749443834,431484053,117717399
17,145165669,1,127423842,1,792906294,317827973,17,971385163,575594,622797579,35,838315206,970339776,17,936827836,122824,750198692,831183110,3239,35,777177650,15680279,35805,483467692,29883527,0,135224873,3239,195,6,4,2600,2847494,3,5,146356532,777177650,35814,35873,35832,749443834,407419891,580252683
17,145165669,1,127423842,1,792906294,317827973,17,971385163,575594,622797579,35,838315206,970339776,17,936827836,122824,750198692,831183110,3239,35,777177650,15680279,35805,483467692,29883527,0,135224873,3239,12,9,5,3100,2827231,10,8,146356532,777177650,35897,35876,35900,749443834,944913022,149092649
17,145165669,1,127423842,8,292608994,956262271,17,801108420,762785,918253410,35,838315206,970339776,17,936827836,122824,750198692,831183110,3239,35,777177650,15680279,35805,483467692,29883527,0,135224873,3239,45,8,1,5000,4725200,5,1,146356532,777177650,35833,35885,35846,106211174,944913022,683121007
17,145165669,1,127423842,8,292608994,956262271,17,801108420,762785,918253410,35,838315206,970339776,17,936827836,122824,750198692,831183110,3239,35,777177650,15680279,35805,483467692,29883527,0,135224873,3239,45,8,2,4300,4063672,1,6,146356532,777177650,35808,35864,35822,785149710,1001693018,818096497
17,145165669,1,127423842,8,292608994,956262271,17,801108420,762785,918253410,35,838315206,970339776,17,936827836,122824,750198692,831183110,3239,35,777177650,15680279,35805,483467692,29883527,0,135224873,3239,13,7,3,1300,1186913,1,5,146356532,777177650,35834,35843,35849,749443834,431484053,117717399
17,145165669,1,127423842,8,292608994,956262271,17,801108420,762785,918253410,35,838315206,970339776,17,936827836,122824,750198692,831183110,3239,35,777177650,15680279,35805,483467692,29883527,0,135224873,3239,195,6,4,2600,2847494,3,5,146356532,777177650,35814,35873,35832,749443834,407419891,580252683
17,145165669,1,127423842,8,292608994,956262271,17,801108420,762785,918253410,35,838315206,970339776,17,936827836,122824,750198692,831183110,3239,35,777177650,15680279,35805,483467692,29883527,0,135224873,3239,12,9,5,3100,2827231,10,8,146356532,777177650,35897,35876,35900,749443834,944913022,149092649
15,962519746,0,265433381,4,829353804,938198330,15,991041614,464108,693080424,53,1039100764,494421651,15,378811987,411364,750198692,860477758,3265,53,330563436,4331515,33780,382018914,641188501,0,362442959,3265,25,4,1,800,740016,6,2,449642453,330563436,33846,33857,33872,749443834,86983390,980470163
15,962519746,0,265433381,4,829353804,938198330,15,991041614,464108,693080424,53,1039100764,494421651,15,378811987,411364,750198692,860477758,3265,53,330563436,4331515,33780,382018914,641188501,0,362442959,3265,72,2,2,700,680449,9,0,378580043,330563436,33861,33849,33889,749443834,431484053,895600558
15,962519746,0,265433381,4,829353804,938198330,15,991041614,464108,693080424,53,1039100764,494421651,15,378811987,411364,750198692,860477758,3265,53,330563436,4331515,33780,382018914,641188501,0,362442959,3265,191,4,3,2800,3055332,9,8,449642453,330563436,33897,33837,33900,106211174,250142940,85494680
15,962519746,0,265433381,4,829353804,938198330,15,991041614,464108,693080424,34,3104980,1067983329,15,829251106,858970,750198692,421313236,3271,34,330563436,8653405,33602,382018914,573208518,0,214141146,3271,57,9,1,3000,2871150,1,4,449642453,330563436,33617,33681,33618,749443834,365042431,764395655
15,962519746,0,265433381,4,829353804,938198330,15,991041614,464108,693080424,34,3104980,1067983329,15,829251106,858970,750198692,421313236,3271,34,330563436,8653405,33602,382018914,573208518,0,214141146,3271,54,5,2,1800,1717290,9,6,378580043,330563436,33723,33689,33751,749443834,944913022,117647862
15,962519746,0,265433381,4,829353804,938198330,15,991041614,464108,693080424,34,3104980,1067983329,15,829251106,858970,750198692,421313236,3271,34,330563436,8653405,33602,382018914,573208518,0,214141146,3271,95,6,3,1400,1393126,5,1,449642453,330563436,33656,33646,33684,106211174,365042431,340377909
15,962519746,0,265433381,4,829353804,938198330,15,991041614,464108,693080424,34,3104980,1067983329,15,829251106,858970,750198692,421313236,3271,34,330563436,8653405,33602,382018914,573208518,0,214141146,3271,64,1,4,2900,2795774,7,4,449642453,330563436,33671,33637,33675,785149710,431484053,937673559
11,319240162,4,108891028,5,64952534,366176741,11,103869805,-28383,275262022,148,120951395,335387568,11,608291700,213560,750198692,672328102,3296,148,330563436,18755335,34624,1030545334,693058089,0,523714210,3296,84,5,1,1200,1180896,6,7,378580043,330563436,34674,34680,34690,785149710,365042431,11095223
11,319240162,4,108891028,5,64952534,366176741,11,103869805,-28383,275262022,148,120951395,335387568,11,608291700,213560,750198692,672328102,3296,148,330563436,18755335,34624,1030545334,693058089,0,523714210,3296,149,8,2,3100,3252334,8,0,378580043,330563436,34723,34691,34744,106211174,1001693018,880617372
11,319240162,4,108891028,5,64952534,366176741,11,103869805,-28383,275262022,148,120951395,335387568,11,608291700,213560,750198692,672328102,3296,148,330563436,18755335,34624,1030545334,693058089,0,523714210,3296,185,6,3,2900,3147022,2,4,449642453,330563436,34709,34662,34734,749443834,407419891,471127773
11,319240162,4,108891028,5,64952534,366176741,11,103869805,-28383,275262022,148,120951395,335387568,11,608291700,213560,750198692,672328102,3296,148,330563436,18755335,34624,1030545334,693058089,0,523714210,3296,140,1,4,4700,4888658,6,0,449642453,330563436,34644,34686,34666,106211174,944913022,653576895
11,319240162,4,108891028,5,64952534,366176741,11,103869805,-28383,275262022,148,120951395,335387568,11,608291700,213560,750198692,672328102,3296,148,330563436,18755335,34624,1030545334,693058089,0,523714210,3296,177,6,5,1600,1723472,6,2,378580043,330563436,34708,34693,34709,749443834,407419891,14662741
11,319240162,4,108891028,5,64952534,366176741,11,103869805,-28383,275262022,148,120951395,335387568,11,608291700,213560,750198692,672328102,3296,148,330563436,18755335,34624,1030545334,693058089,0,523714210,3296,197,1,6,4000,4388760,0,4,449642453,330563436,34694,34674,34710,785149710,1001693018,199606549
11,319240162,4,108891028,5,64952534,366176741,11,103869805,-28383,275262022,148,120951395,335387568,11,608291700,213560,750198692,672328102,3296,148,330563436,18755335,34624,1030545334,693058089,0,523714210,3296,36,2,7,600,561618,2,1,378580043,330563436,34700,34689,34724,862871618,365042431,742506409
17,145165669,1,127423842,1,792906294,317827973,17,971385163,575594,622797579,133,727108991,150278347,17,63836414,231467,701940545,136299243,3301,133,330563436,4849709,34579,483467692,364032631,0,951643400,3301,169,8,1,4500,4811220,4,5,449642453,330563436,34655,34632,34660,862871618,944913022,142766968
17,145165669,1,127423842,8,292608994,956262271,17,801108420,762785,918253410,133,727108991,150278347,17,63836414,231467,701940545,136299243,3301,133,330563436,4849709,34579,483467692,364032631,0,951643400,3301,169,8,1,4500,4811220,4,5,449642453,330563436,34655,34632,34660,862871618,944913022,142766968
15,962519746,0,265433381,4,829353804,938198330,15,991041614,464108,693080424,34,3104980,1067983329,15,829251106,858970,750198692,421313236,3302,34,777177650,3833042,35015,919150108,1064564625,0,669501329,3302,36,2,1,4500,4212135,9,0,146356532,777177650,35086,35047,35106,785149710,944913022,716577502
10,185743883,4,261867689,9,895777001,658451645,10,73320802,530237,726765942,49,58080412,277187647,10,223001803,457393,373412815,529457660,3335,49,777177650,11260334,34985,1030545334,235983394,0,450766731,3335,105,10,1,1300,1306630,6,7,146356532,777177650,35082,35051,35102,785149710,1001693018,787338829
10,185743883,4,261867689,9,895777001,658451645,10,73320802,530237,726765942,49,58080412,277187647,10,223001803,457393,373412815,529457660,3335,49,777177650,11260334,34985,1030545334,235983394,0,450766731,3335,31,2,2,4400,4096532,7,2,146356532,777177650,35067,35056,35080,749443834,407419891,562719292
10,185743883,4,261867689,9,895777001,658451645,10,73320802,530237,726765942,49,58080412,277187647,10,223001803,457393,373412815,529457660,3335,49,777177650,11260334,34985,1030545334,235983394,0,450766731,3335,140,6,3,1600,1664224,1,6,146356532,777177650,34988,35039,35004,749443834,407419891,969073634
10,185743883,4,261867689,9,895777001,658451645,10,73320802,530237,726765942,49,58080412,277187647,10,223001803,457393,373412815,529457660,3335,49,777177650,11260334,34985,1030545334,235983394,0,450766731,3335,90,1,4,4700,4653423,10,3,146356532,777177650,35033,35020,35058,106211174,431484053,435874461
10,185743883,4,261867689,9,895777001,658451645,10,73320802,530237,726765942,49,58080412,277187647,10,223001803,457393,373412815,529457660,3361,49,330563436,7502650,33837,483467692,294637636,0,541738345,3361,144,5,1,600,626484,2,2,378580043,330563436,33877,33900,33880,749443834,944913022,71387923
10,185743883,4,261867689,9,895777001,658451645,10,73320802,530237,726765942,49,58080412,277187647,10,223001803,457393,373412815,529457660,3361,49,330563436,7502650,33837,483467692,294637636,0,541738345,3361,171,10,2,3300,3534861,1,2,378580043,330563436,33915,33890,33917,862871618,431484053,1068034873
10,185743883,4,261867689,9,895777001,658451645,10,73320802,530237,726765942,49,58080412,277187647,10,223001803,457393,373412815,529457660,3361,49,330563436,7502650,33837,483467692,294637636,0,541738345,3361,191,5,3,3100,3382689,6,4,378580043,330563436,33843,33888,33853,106211174,944913022,297374397
11,319240162,4,108891028,5,64952534,366176741,11,103869805,-28383,275262022,52,749902188,199806749,11,982273298,563028,750198692,628614943,3363,52,777177650,9101761,34963,919150108,1045287646,0,10515426,3363,10,3,1,4200,3822042,0,8,146356532,777177650,35010,35026,35016,862871618,250142940,169840188
11,319240162,4,108891028,5,64952534,366176741,11,103869805,-28383,275262022,52,749902188,199806749,11,982273298,563028,750198692,628614943,3363,52,777177650,9101761,34963,919150108,1045287646,0,10515426,3363,191,4,2,2100,2291499,8,8,146356532,777177650,35041,34998,35059,785149710,250142940,1014699454
11,319240162,4,108891028,5,64952534,366176741,11,103869805,-28383,275262022,52,749902188,199806749,11,982273298,563028,750198692,628614943,3363,52,777177650,9101761,34963,919150108,1045287646,0,10515426,3363,159,7,3,200,211830,1,7,146356532,777177650,35084,35032,35111,862871618,407419891,889711374
11,319240162,4,108891028,5,64952534,366176741,11,103869805,-28383,275262022,52,749902188,199806749,11,982273298,563028,750198692,628614943,3363,52,777177650,9101761,34963,919150108,1045287646,0,10515426,3363,113,3,4,2000,2026220,7,6,146356532,777177650,35042,35016,35052,785149710,431484053,869590438
11,319240162,4,108891028,5,64952534,366176741,11,103869805,-28383,275262022,52,749902188,199806749,11,982273298,563028,750198692,628614943,3363,52,777177650,9101761,34963,919150108,1045287646,0,10515426,3363,200,4,5,400,440080,0,8,146356532,777177650,35000,35018,35023,785149710,944913022,169736869
11,319240162,4,108891028,5,64952534,366176741,11,103869805,-28383,275262022,52,749902188,199806749,11,982273298,563028,750198692,628614943,3366,52,777177650,1360308,35566,382018914,451885859,0,855518769,3366,40,1,1,400,376016,7,1,146356532,777177650,35568,35604,35582,749443834,365042431,154613554
11,319240162,4,108891028,5,64952534,366176741,11,103869805,-28383,275262022,52,749902188,199806749,11,982273298,563028,750198692,628614943,3366,52,777177650,1360308,35566,382018914,451885859,0,855518769,3366,136,2,2,900,932517,0,8,146356532,777177650,35581,35614,35605,785149710,1001693018,883875991
15,962519746,0,265433381,4,829353804,938198330,15,991041614,464108,693080424,53,1039100764,494421651,15,378811987,411364,750198692,860477758,3426,53,777177650,9192993,35352,1030545334,189338025,0,312981435,3426,110,5,1,2000,2020220,5,4,146356532,777177650,35377,35421,35398,785149710,944913022,623456150
15,962519746,0,265433381,4,829353804,938198330,15,991041614,464108,693080424,53,1039100764,494421651,15,378811987,411364,750198692,860477758,3426,53,777177650,9192993,35352,1030545334,189338025,0,312981435,3426,14,4,2,1900,1736618,10,8,146356532,777177650,35369,35441,35382,749443834,250142940,276271010
15,962519746,0,265433381,4,829353804,938198330,15,991041614,464108,693080424,53,1039100764,494421651,15,378811987,411364,750198692,860477758,3426,53,777177650,9192993,35352,1030545334,189338025,0,312981435,3426,67,6,3,1900,1837414,8,5,146356532,777177650,35404,35412,35411,749443834,944913022,438475095
15,962519746,0,265433381,4,829353804,938198330,15,991041614,464108,693080424,53,1039100764,494421651,15,378811987,411364,750198692,860477758,3426,53,777177650,9192993,35352,1030545334,189338025,0,312981435,3426,6,7,4,900,815400,9,5,146356532,777177650,35421,35442,35441,106211174,944913022,742068606
15,962519746,0,265433381,4,829353804,938198330,15,991041614,464108,693080424,53,1039100764,494421651,15,378811987,411364,750198692,860477758,3426,53,777177650,9192993,35352,1030545334,189338025,0,312981435,3426,49,6,5,3100,2942024,7,8,146356532,777177650,35378,35407,35407,749443834,407419891,609392118
5,529057841,0,890382161,2,549623314,849027485,5,58126162,403268,958596215,10,798437489,808791061,5,205635831,275354,750198692,908197369,3428,10,777177650,8804704,35160,527479233,952710790,0,106520437,3428,198,9,1,400,439276,0,3,146356532,777177650,35192,35227,35216,106211174,1001693018,650801605
5,529057841,0,890382161,2,549623314,849027485,5,58126162,403268,958596215,10,798437489,808791061,5,205635831,275354,750198692,908197369,3428,10,777177650,8804704,35160,527479233,952710790,0,106520437,3428,118,9,2,3500,3563385,2,3,146356532,777177650,35184,35221,35203,785149710,86983390,833292731
5,529057841,0,890382161,2,549623314,849027485,5,58126162,403268,958596215,10,798437489,808791061,5,205635831,275354,750198692,908197369,3428,10,777177650,8804704,35160,527479233,952710790,0,106520437,3428,136,7,3,4700,4869811,7,5,146356532,777177650,35169,35222,35188,106211174,1001693018,844769113
15,962519746,0,265433381,4,829353804,938198330,15,991041614,464108,693080424,95,516470774,709679413,15,640996999,532738,797027742,363255963,3458,95,330563436,15306914,34688,919150108,186917638,0,98054014,3458,133,4,1,4800,4959024,6,4,378580043,330563436,34773,34722,34784,862871618,365042431,1029896266
15,962519746,0,265433381,4,829353804,938198330,15,991041614,464108,693080424,95,516470774,709679413,15,640996999,532738,797027742,363255963,3458,95,330563436,15306914,34688,919150108,186917638,0,98054014,3458,50,3,2,4600,4370230,6,6,378580043,330563436,34764,34718,34766,862871618,407419891,453734405
15,962519746,0,265433381,4,829353804,938198330,15,991041614,464108,693080424,95,516470774,709679413,15,640996999,532738,797027742,363255963,3458,95,330563436,15306914,34688,919150108,186917638,0,98054014,3458,143,4,3,3600,3755304,1,6,378580043,330563436,34807,34742,34826,862871618,1001693018,148790479
15,962519746,0,265433381,4,829353804,938198330,15,991041614,464108,693080424,95,516470774,709679413,15,640996999,532738,797027742,363255963,3458,95,330563436,15306914,34688,919150108,186917638,0,98054014,3458,16,10,4,1600,1465616,9,3,378580043,330563436,34757,34753,34762,862871618,365042431,508025319
15,962519746,0,265433381,4,829353804,938198330,15,991041614,464108,693080424,95,516470774,709679413,15,640996999,532738,797027742,363255963,3458,95,330563436,15306914,34688,919150108,186917638,0,98054014,3458,157,5,5,200,211430,9,3,449642453,330563436,34733,34729,34763,785149710,944913022,729656225
15,962519746,0,265433381,4,829353804,938198330,15,991041614,464108,693080424,95,516470774,709679413,15,640996999,532738,797027742,363255963,3458,95,330563436,15306914,34688,919150108,186917638,0,98054014,3458,142,1,6,600,625284,9,4,449642453,330563436,34766,34730,34779,862871618,365042431,679988759
17,145165669,1,127423842,1,792906294,317827973,17,971385163,575594,622797579,133,727108991,150278347,17,63836414,231467,701940545,136299243,3462,133,777177650,6359017,35565,1030545334,1032506014,0,153188786,3462,151,3,1,400,420460,9,4,146356532,777177650,35591,35640,35595,785149710,250142940,224876785
17,145165669,1,127423842,1,792906294,317827973,17,971385163,575594,622797579,133,727108991,150278347,17,63836414,231467,701940545,136299243,3462,133,777177650,6359017,35565,1030545334,1032506014,0,153188786,3462,40,1,2,4300,4042172,8,3,146356532,777177650,35641,35627,35669,106211174,250142940,651252244
17,145165669,1,127423842,1,792906294,317827973,17,971385163,575594,622797579,133,727108991,150278347,17,63836414,231467,701940545,136299243,3462,133,777177650,6359017,35565,1030545334,1032506014,0,153188786,3462,129,4,3,600,617472,5,4,146356532,777177650,35581,35649,35609,106211174,250142940,422150135
17,145165669,1,127423842,1,792906294,317827973,17,971385163,575594,622797579,133,727108991,150278347,17,63836414,231467,701940545,136299243,3462,133,777177650,6359017,35565,1030545334,1032506014,0,153188786,3462,99,3,4,200,199818,9,7,146356532,777177650,35681,35648,35690,106211174,365042431,271403114
17,145165669,1,127423842,1,792906294,317827973,17,971385163,575594,622797579,133,727108991,150278347,17,63836414,231467,701940545,136299243,3462,133,777177650,6359017,35565,1030545334,1032506014,0,153188786,3462,38,4,5,1400,1313242,1,2,146356532,777177650,35579,35614,35603,785149710,431484053,20772102
17,145165669,1,127423842,8,292608994,956262271,17,801108420,762785,918253410,133,727108991,150278347,17,63836414,231467,701940545,136299243,3462,133,777177650,6359017,35565,1030545334,1032506014,0,153188786,3462,151,3,1,400,420460,9,4,146356532,777177650,35591,35640,35595,785149710,250142940,224876785
17,145165669,1,127423842,8,292608994,956262271,17,801108420,762785,918253410,133,727108991,150278347,17,63836414,231467,701940545,136299243,3462,133,777177650,6359017,35565,1030545334,1032506014,0,153188786,3462,40,1,2,4300,4042172,8,3,146356532,777177650,35641,35627,35669,106211174,250142940,651252244
17,145165669,1,127423842,8,292608994,956262271,17,801108420,762785,918253410,133,727108991,150278347,17,63836414,231467,701940545,136299243,3462,133,777177650,6359017,35565,1030545334,1032506014,0,153188786,3462,129,4,3,600,617472,5,4,146356532,777177650,35581,35649,35609,106211174,250142940,422150135
17,145165669,1,127423842,8,292608994,956262271,17,801108420,762785,918253410,133,727108991,150278347,17,63836414,231467,701940545,136299243,3462,133,777177650,6359017,35565,1030545334,1032506014,0,153188786,3462,99,3,4,200,199818,9,7,146356532,777177650,35681,35648,35690,106211174,365042431,271403114
17,145165669,1,127423842,8,292608994,956262271,17,801108420,762785,918253410,133,727108991,150278347,17,63836414,231467,701940545,136299243,3462,133,777177650,6359017,35565,1030545334,1032506014,0,153188786,3462,38,4,5,1400,1313242,1,2,146356532,777177650,35579,35614,35603,785149710,431484053,20772102
14,188440933,0,29958364,6,564123676,816784291,14,177982233,136579,447900922,89,468529770,948964647,14,106551305,153076,373412815,1009632679,3463,89,330563436,8525556,34197,382018914,210584776,0,425126645,3463,61,10,1,4500,4324770,2,2,449642453,330563436,34270,34275,34279,749443834,944913022,705079798
14,188440933,0,29958364,6,564123676,816784291,14,177982233,136579,447900922,89,468529770,948964647,14,106551305,153076,373412815,1009632679,3463,89,330563436,8525556,34197,382018914,210584776,0,425126645,3463,98,1,2,4300,4291787,4,2,449642453,330563436,34268,34234,34274,749443834,944913022,8440473
11,319240162,4,108891028,5,64952534,366176741,11,103869805,-28383,275262022,148,120951395,335387568,11,608291700,213560,750198692,672328102,3488,148,330563436,9271617,34705,1030545334,235983394,0,578653109,3488,160,5,1,100,106016,4,1,449642453,330563436,34762,34744,34779,749443834,944913022,627938096
11,319240162,4,108891028,5,64952534,366176741,11,103869805,-28383,275262022,148,120951395,335387568,11,608291700,213560,750198692,672328102,3488,148,330563436,9271617,34705,1030545334,235983394,0,578653109,3488,104,9,2,4800,4819680,0,3,449642453,330563436,34785,34782,34815,785149710,407419891,28535444
11,319240162,4,108891028,5,64952534,366176741,11,103869805,-28383,275262022,148,120951395,335387568,11,608291700,213560,750198692,672328102,3488,148,330563436,9271617,34705,1030545334,235983394,0,578653109,3488,160,1,3,1100,1166176,3,8,378580043,330563436,34781,34736,34803,785149710,86983390,333956704
11,319240162,4,108891028,5,64952534,366176741,11,103869805,-28383,275262022,148,120951395,335387568,11,608291700,213560,750198692,672328102,3488,148,330563436,9271617,34705,1030545334,235983394,0,578653109,3488,42,9,4,1200,1130448,5,7,378580043,330563436,34814,34744,34826,749443834,250142940,786273308
11,319240162,4,108891028,5,64952534,366176741,11,103869805,-28383,275262022,148,120951395,335387568,11,608291700,213560,750198692,672328102,3488,148,330563436,9271617,34705,1030545334,235983394,0,578653109,3488,156,1,5,1800,1901070,9,6,449642453,330563436,34774,34775,34785,749443834,944913022,57427572
10,185743883,4,261867689,9,895777001,658451645,10,73320802,530237,726765942,49,58080412,277187647,10,223001803,457393,373412815,529457660,3494,49,330563436,13605870,34061,527479233,446876146,0,1065412094,3494,117,1,1,4000,4068440,5,4,378580043,330563436,34158,34119,34173,862871618,86983390,693872634
10,185743883,4,261867689,9,895777001,658451645,10,73320802,530237,726765942,49,58080412,277187647,10,223001803,457393,373412815,529457660,3494,49,330563436,13605870,34061,527479233,446876146,0,1065412094,3494,75,6,2,2300,2242661,10,1,449642453,330563436,34137,34122,34162,106211174,944913022,860685991
10,185743883,4,261867689,9,895777001,658451645,10,73320802,530237,726765942,49,58080412,277187647,10,223001803,457393,373412815,529457660,3494,49,330563436,13605870,34061,527479233,446876146,0,1065412094,3494,198,2,3,4000,4392760,2,8,449642453,330563436,34117,34150,34138,862871618,431484053,137332862
10,185743883,4,261867689,9,895777001,658451645,10,73320802,530237,726765942,49,58080412,277187647,10,223001803,457393,373412815,529457660,3494,49,330563436,13605870,34061,527479233,446876146,0,1065412094,3494,77,8,4,3000,2931210,4,3,378580043,330563436,34149,34126,34163,862871618,86983390,475894755
23,536896580,3,94114815,7,11315813,791810943,23,1051077640,682035,798884201,31,855445084,1027402851,23,969728011,523689,750198692,449809331,3495,31,777177650,5866679,35119,919150108,355855130,0,152327005,3495,28,3,1,2000,1856040,10,3,146356532,777177650,35177,35201,35184,862871618,250142940,56340461
23,536896580,3,94114815,7,11315813,791810943,23,1051077640,682035,798884201,31,855445084,1027402851,23,969728011,523689,750198692,449809331,3495,31,777177650,5866679,35119,919150108,355855130,0,152327005,3495,173,1,2,2400,2575608,5,2,146356532,777177650,35144,35163,35160,749443834,250142940,427508702
23,536896580,3,94114815,7,11315813,791810943,23,1051077640,682035,798884201,31,855445084,1027402851,23,969728011,523689,750198692,449809331,3495,31,777177650,5866679,35119,919150108,355855130,0,152327005,3495,199,10,3,1600,1758704,8,2,146356532,777177650,35152,35155,35165,862871618,365042431,852236674
10,185743883,4,261867689,9,895777001,658451645,10,73320802,530237,726765942,56,1002271304,628821590,10,666136321,653086,373412815,658726857,3526,56,330563436,5382734,34772,527479233,269100086,0,847452643,3526,98,9,1,1100,1097899,2,3,378580043,330563436,34840,34845,34841,106211174,86983390,664360399
10,185743883,4,261867689,9,895777001,658451645,10,73320802,530237,726765942,56,1002271304,628821590,10,666136321,653086,373412815,658726857,3526,56,330563436,5382734,34772,527479233,269100086,0,847452643,3526,117,7,2,2300,2339353,3,4,449642453,330563436,34818,34848,34842,749443834,944913022,88653458
10,185743883,4,261867689,9,895777001,658451645,10,73320802,530237,726765942,56,1002271304,628821590,10,666136321,653086,373412815,658726857,3526,56,330563436,5382734,34772,527479233,269100086,0,847452643,3526,33,9,3,2000,1866059,5,8,146356532,330563436,34864,34813,34870,749443834,1001693018,466376634
10,185743883,4,261867689,9,895777001,658451645,10,73320802,530237,726765942,56,1002271304,628821590,10,666136321,653086,373412815,658726857,3527,56,777177650,14523209,35600,527479233,541513787,0,1020472301,3527,102,7,1,4700,4709870,7,2,146356532,777177650,35623,35638,35630,749443834,250142940,787060695
10,185743883,4,261867689,9,895777001,658451645,10,73320802,530237,726765942,56,1002271304,628821590,10,666136321,653086,373412815,658726857,3527,56,777177650,14523209,35600,527479233,541513787,0,1020472301,3527,26,9,2,3300,3055866,1,2,146356532,777177650,35696,35688,35713,106211174,944913022,782101295
10,185743883,4,261867689,9,895777001,658451645,10,73320802,530237,726765942,56,1002271304,628821590,10,666136321,653086,373412815,658726857,3527,56,777177650,14523209,35600,527479233,541513787,0,1020472301,3527,162,7,3,5000,5310800,9,7,146356532,777177650,35626,35643,35638,749443834,407419891,983415343
10,185743883,4,261867689,9,895777001,658451645,10,73320802,530237,726765942,56,1002271304,628821590,10,666136321,653086,373412815,658726857,3527,56,777177650,14523209,35600,527479233,541513787,0,1020472301,3527,128,3,4,1700,1747804,2,5,146356532,777177650,35639,35672,35657,785149710,431484053,147086566
17,145165669,1,127423842,1,792906294,317827973,17,971385163,575594,622797579,35,838315206,970339776,17,936827836,122824,750198692,831183110,3552,35,777177650,10365644,35541,919150108,1066954898,0,683275773,3552,197,8,1,1800,1974941,1,7,146356532,777177650,35651,35623,35655,749443834,86983390,450194785
17,145165669,1,127423842,1,792906294,317827973,17,971385163,575594,622797579,35,838315206,970339776,17,936827836,122824,750198692,831183110,3552,35,777177650,10365644,35541,919150108,1066954898,0,683275773,3552,90,1,2,4400,4356396,1,0,146356532,777177650,35648,35594,35669,785149710,944913022,725357823
17,145165669,1,127423842,1,792906294,317827973,17,971385163,575594,622797579,35,838315206,970339776,17,936827836,122824,750198692,831183110,3552,35,777177650,10365644,35541,919150108,1066954898,0,683275773,3552,161,6,3,3600,3820176,4,8,146356532,777177650,35608,35603,35630,785149710,86983390,513601679
17,145165669,1,127423842,8,292608994,956262271,17,801108420,762785,918253410,35,838315206,970339776,17,936827836,122824,750198692,831183110,3552,35,777177650,10365644,35541,919150108,1066954898,0,683275773,3552,197,8,1,1800,1974941,1,7,146356532,777177650,35651,35623,35655,749443834,86983390,450194785
17,145165669,1,127423842,8,292608994,956262271,17,801108420,762785,918253410,35,838315206,970339776,17,936827836,122824,750198692,831183110,3552,35,777177650,10365644,35541,919150108,1066954898,0,683275773,3552,90,1,2,4400,4356396,1,0,146356532,777177650,35648,35594,35669,785149710,944913022,725357823
17,145165669,1,127423842,8,292608994,956262271,17,801108420,762785,918253410,35,838315206,970339776,17,936827836,122824,750198692,831183110,3552,35,777177650,10365644,35541,919150108,1066954898,0,683275773,3552,161,6,3,3600,3820176,4,8,146356532,777177650,35608,35603,35630,785149710,86983390,513601679
10,185743883,4,261867689,9,895777001,658451645,10,73320802,530237,726765942,16,606299054,831166561,10,851711143,468103,373412815,551498780,3556,16,330563436,11468155,33868,483467692,278536433,0,822809924,3556,142,9,1,4500,4689630,5,6,449642453,330563436,33889,33957,33891,106211174,86983390,1020963262
10,185743883,4,261867689,9,895777001,658451645,10,73320802,530237,726765942,16,606299054,831166561,10,851711143,468103,373412815,551498780,3556,16,330563436,11468155,33868,483467692,278536433,0,822809924,3556,31,2,2,4300,4003429,2,6,378580043,330563436,33985,33915,34002,106211174,944913022,455648182
10,185743883,4,261867689,9,895777001,658451645,10,73320802,530237,726765942,16,606299054,831166561,10,851711143,468103,373412815,551498780,3556,16,330563436,11468155,33868,483467692,278536433,0,822809924,3556,87,8,3,2800,2763824,10,4,449642453,330563436,33973,33933,33983,106211174,431484053,416217144
17,145165669,1,127423842,1,792906294,317827973,17,971385163,575594,622797579,121,1022863173,231361516,17,736496255,642832,1028181460,1027337841,3557,121,330563436,8547789,33915,919150108,1027915477,0,471875089,3557,175,3,1,4100,4408197,1,7,378580043,330563436,33997,33967,34016,785149710,944913022,1025607912
17,145165669,1,127423842,1,792906294,317827973,17,971385163,575594,622797579,121,1022863173,231361516,17,736496255,642832,1028181460,1027337841,3557,121,330563436,8547789,33915,919150108,1027915477,0,471875089,3557,129,10,2,3700,3807744,3,5,378580043,330563436,34014,33972,34041,749443834,250142940,322010808
17,145165669,1,127423842,8,292608994,956262271,17,801108420,762785,918253410,121,1022863173,231361516,17,736496255,642832,1028181460,1027337841,3557,121,330563436,8547789,33915,919150108,1027915477,0,471875089,3557,175,3,1,4100,4408197,1,7,378580043,330563436,33997,33967,34016,785149710,944913022,1025607912
17,145165669,1,127423842,8,292608994,956262271,17,801108420,762785,918253410,121,1022863173,231361516,17,736496255,642832,1028181460,1027337841,3557,121,330563436,8547789,33915,919150108,1027915477,0,471875089,3557,129,10,2,3700,3807744,3,5,378580043,330563436,34014,33972,34041,749443834,250142940,322010808
1,559044011,1,1004765669,3,458785,31140224,1,73682198,419239,154263564,106,864562228,957626520,1,147772690,328842,797027742,268933212,3559,106,330563436,3072249,33899,1030545334,474924713,0,485451608,3559,90,1,1,2900,2871261,0,7,378580043,330563436,33946,33939,33956,785149710,1001693018,516494042
17,145165669,1,127423842,1,792906294,317827973,17,971385163,575594,622797579,121,1022863173,231361516,17,736496255,642832,1028181460,1027337841,3586,121,330563436,11284504,34306,919150108,715267408,0,783330953,3586,194,7,1,200,218838,3,8,378580043,330563436,34373,34339,34394,749443834,250142940,64280687
17,145165669,1,127423842,1,792906294,317827973,17,971385163,575594,622797579,121,1022863173,231361516,17,736496255,642832,1028181460,1027337841,3586,121,330563436,11284504,34306,919150108,715267408,0,783330953,3586,84,5,2,2900,2853832,4,7,378580043,330563436,34397,34393,34404,749443834,250142940,937704952
17,145165669,1,127423842,1,792906294,317827973,17,971385163,575594,622797579,121,1022863173,231361516,17,736496255,642832,1028181460,1027337841,3586,121,330563436,11284504,34306,919150108,715267408,0,783330953,3586,58,3,3,200,191610,3,6,378580043,330563436,34413,34383,34430,106211174,1001693018,418997000
17,145165669,1,127423842,1,792906294,317827973,17,971385163,575594,622797579,121,1022863173,231361516,17,736496255,642832,1028181460,1027337841,3586,121,330563436,11284504,34306,919150108,715267408,0,783330953,3586,84,5,4,3300,3247464,6,1,378580043,330563436,34356,34372,34370,106211174,86983390,870004864
17,145165669,1,127423842,1,792906294,317827973,17,971385163,575594,622797579,121,1022863173,231361516,17,736496255,642832,1028181460,1027337841,3586,121,330563436,11284504,34306,919150108,715267408,0,783330953,3586,108,1,5,800,806480,6,2,449642453,330563436,34420,34389,34424,106211174,944913022,825071906
17,145165669,1,127423842,1,792906294,317827973,17,971385163,575594,622797579,121,1022863173,231361516,17,736496255,642832,1028181460,1027337841,3586,121,330563436,11284504,34306,919150108,715267408,0,783330953,3586,99,1,6,800,799272,9,1,449642453,330563436,34409,34349,34428,749443834,250142940,458320720
17,145165669,1,127423842,1,792906294,317827973,17,971385163,575594,622797579,121,1022863173,231361516,17,736496255,642832,1028181460,1027337841,3586,121,330563436,11284504,34306,919150108,715267408,0,783330953,3586,123,4,7,3300,3376296,5,4,449642453,330563436,34374,34347,34394,106211174,1001693018,408915595
17,145165669,1,127423842,8,292608994,956262271,17,801108420,762785,918253410,121,1022863173,231361516,17,736496255,642832,1028181460,1027337841,3586,121,330563436,11284504,34306,919150108,715267408,0,783330953,3586,194,7,1,200,218838,3,8,378580043,330563436,34373,34339,34394,749443834,250142940,64280687
17,145165669,1,127423842,8,292608994,956262271,17,801108420,762785,918253410,121,1022863173,231361516,17,736496255,642832,1028181460,1027337841,3586,121,330563436,11284504,34306,919150108,715267408,0,783330953,3586,84,5,2,2900,2853832,4,7,378580043,330563436,34397,34393,34404,749443834,250142940,937704952
17,145165669,1,127423842,8,292608994,956262271,17,801108420,762785,918253410,121,1022863173,231361516,17,736496255,642832,1028181460,1027337841,3586,121,330563436,11284504,34306,919150108,715267408,0,783330953,3586,58,3,3,200,191610,3,6,378580043,330563436,34413,34383,34430,106211174,1001693018,418997000
17,145165669,1,127423842,8,292608994,956262271,17,801108420,762785,918253410,121,1022863173,231361516,17,736496255,642832,1028181460,1027337841,3586,121,330563436,11284504,34306,919150108,715267408,0,783330953,3586,84,5,4,3300,3247464,6,1,378580043,330563436,34356,34372,34370,106211174,86983390,870004864
17,145165669,1,127423842,8,292608994,956262271,17,801108420,762785,918253410,121,1022863173,231361516,17,736496255,642832,1028181460,1027337841,3586,121,330563436,11284504,34306,919150108,715267408,0,783330953,3586,108,1,5,800,806480,6,2,449642453,330563436,34420,34389,34424,106211174,944913022,825071906
17,145165669,1,127423842,8,292608994,956262271,17,801108420,762785,918253410,121,1022863173,231361516,17,736496255,642832,1028181460,1027337841,3586,121,330563436,11284504,34306,919150108,715267408,0,783330953,3586,99,1,6,800,799272,9,1,449642453,330563436,34409,34349,34428,749443834,250142940,458320720
17,145165669,1,127423842,8,292608994,956262271,17,801108420,762785,918253410,121,1022863173,231361516,17,736496255,642832,1028181460,1027337841,3586,121,330563436,11284504,34306,919150108,715267408,0,783330953,3586,123,4,7,3300,3376296,5,4,449642453,330563436,34374,34347,34394,106211174,1001693018,408915595
15,962519746,0,265433381,4,829353804,938198330,15,991041614,464108,693080424,79,620373923,918253789,15,1003789897,512128,797027742,999752886,3587,79,777177650,17479897,35193,483467692,341450815,0,390341039,3587,197,10,1,500,548595,9,7,146356532,777177650,35309,35249,35317,749443834,407419891,776621631
15,962519746,0,265433381,4,829353804,938198330,15,991041614,464108,693080424,79,620373923,918253789,15,1003789897,512128,797027742,999752886,3587,79,777177650,17479897,35193,483467692,341450815,0,390341039,3587,132,8,2,4800,4954224,0,3,146356532,777177650,35277,35246,35280,862871618,431484053,463846211
15,962519746,0,265433381,4,829353804,938198330,15,991041614,464108,693080424,79,620373923,918253789,15,1003789897,512128,797027742,999752886,3587,79,777177650,17479897,35193,483467692,341450815,0,390341039,3587,151,3,3,3600,3784140,5,5,146356532,777177650,35270,35230,35298,862871618,431484053,343154667
15,962519746,0,265433381,4,829353804,938198330,15,991041614,464108,693080424,79,620373923,918253789,15,1003789897,512128,797027742,999752886,3587,79,777177650,17479897,35193,483467692,341450815,0,390341039,3587,124,9,4,3100,3174772,3,1,146356532,777177650,35265,35245,35267,785149710,407419891,356574674
15,962519746,0,265433381,4,829353804,938198330,15,991041614,464108,693080424,79,620373923,918253789,15,1003789897,512128,797027742,999752886,3587,79,777177650,17479897,35193,483467692,341450815,0,390341039,3587,70,7,5,1200,1164084,6,3,146356532,777177650,35305,35248,35328,749443834,250142940,943294832
15,962519746,0,265433381,4,829353804,938198330,15,991041614,464108,693080424,79,620373923,918253789,15,1003789897,512128,797027742,999752886,3587,79,777177650,17479897,35193,483467692,341450815,0,390341039,3587,107,2,6,1600,1611360,1,3,146356532,777177650,35194,35233,35218,785149710,944913022,907765726
15,962519746,0,265433381,4,829353804,938198330,15,991041614,464108,693080424,79,620373923,918253789,15,1003789897,512128,797027742,999752886,3587,79,777177650,17479897,35193,483467692,341450815,0,390341039,3587,74,2,7,2300,2240361,7,5,146356532,777177650,35305,35245,35316,785149710,944913022,860337271
23,536896580,3,94114815,7,11315813,791810943,23,1051077640,682035,798884201,31,855445084,1027402851,23,969728011,523689,750198692,449809331,3589,31,330563436,3910337,34478,919150108,748131402,0,822515255,3589,37,3,1,4200,3935526,8,8,378580043,330563436,34555,34530,34567,749443834,365042431,91423417
5,529057841,0,890382161,2,549623314,849027485,5,58126162,403268,958596215,10,798437489,808791061,5,205635831,275354,750198692,908197369,3618,10,777177650,13695481,35775,1030545334,174273885,0,910317787,3618,140,1,1,3800,3952532,8,0,146356532,777177650,35784,35847,35796,862871618,86983390,705713355
5,529057841,0,890382161,2,549623314,849027485,5,58126162,403268,958596215,10,798437489,808791061,5,205635831,275354,750198692,908197369,3618,10,777177650,13695481,35775,1030545334,174273885,0,910317787,3618,144,5,2,4800,5011872,4,0,146356532,777177650,35864,35837,35881,749443834,86983390,1066717193
5,529057841,0,890382161,2,549623314,849027485,5,58126162,403268,958596215,10,798437489,808791061,5,205635831,275354,750198692,908197369,3618,10,777177650,13695481,35775,1030545334,174273885,0,910317787,3618,63,2,3,2400,2311344,1,4,146356532,777177650,35819,35808,35841,862871618,365042431,791061232
5,529057841,0,890382161,2,549623314,849027485,5,58126162,403268,958596215,10,798437489,808791061,5,205635831,275354,750198692,908197369,3618,10,777177650,13695481,35775,1030545334,174273885,0,910317787,3618,161,2,4,2600,2759016,1,5,146356532,777177650,35875,35817,35898,749443834,365042431,527762189
15,962519746,0,265433381,4,829353804,938198330,15,991041614,464108,693080424,107,392705759,421077337,15,489730719,251415,701940545,177090971,3652,107,777177650,10773223,35484,483467692,678476070,0,626276024,3652,180,8,1,2400,2592432,5,3,146356532,777177650,35586,35525,35591,785149710,431484053,725987766
15,962519746,0,265433381,4,829353804,938198330,15,991041614,464108,693080424,107,392705759,421077337,15,489730719,251415,701940545,177090971,3652,107,777177650,10773223,35484,483467692,678476070,0,626276024,3652,137,8,2,3700,3837381,2,5,146356532,777177650,35559,35524,35584,785149710,431484053,423872461
15,962519746,0,265433381,4,829353804,938198330,15,991041614,464108,693080424,107,392705759,421077337,15,489730719,251415,701940545,177090971,3652,107,777177650,10773223,35484,483467692,678476070,0,626276024,3652,163,8,3,3900,4146324,1,2,146356532,777177650,35497,35521,35508,106211174,1001693018,546274042
15,962519746,0,265433381,4,829353804,938198330,15,991041614,464108,693080424,107,392705759,421077337,15,489730719,251415,701940545,177090971,3652,107,777177650,10773223,35484,483467692,678476070,0,626276024,3652,80,9,4,100,98008,1,4,146356532,777177650,35538,35551,35566,749443834,407419891,1051005247
10,185743883,4,261867689,9,895777001,658451645,10,73320802,530237,726765942,49,58080412,277187647,10,223001803,457393,373412815,529457660,3655,49,330563436,7488222,33881,382018914,556636487,0,306441251,3655,184,5,1,500,542090,3,4,378580043,330563436,33984,33967,33990,749443834,86983390,299597991
10,185743883,4,261867689,9,895777001,658451645,10,73320802,530237,726765942,49,58080412,277187647,10,223001803,457393,373412815,529457660,3655,49,330563436,7488222,33881,382018914,556636487,0,306441251,3655,97,10,2,100,99709,10,6,378580043,330563436,33899,33954,33913,749443834,365042431,261038677
10,185743883,4,261867689,9,895777001,658451645,10,73320802,530237,726765942,49,58080412,277187647,10,223001803,457393,373412815,529457660,3655,49,330563436,7488222,33881,382018914,556636487,0,306441251,3655,30,5,3,3500,3255105,1,4,378580043,330563436,33956,33922,33982,862871618,431484053,625628387
10,185743883,4,261867689,9,895777001,658451645,10,73320802,530237,726765942,49,58080412,277187647,10,223001803,457393,373412815,529457660,3655,49,330563436,7488222,33881,382018914,556636487,0,306441251,3655,72,3,4,3500,3402244,4,7,378580043,330563436,33892,33959,33903,785149710,431484053,847596328
11,319240162,4,108891028,5,64952534,366176741,11,103869805,-28383,275262022,52,749902188,199806749,11,982273298,563028,750198692,628614943,3681,52,330563436,3688965,33696,382018914,973782226,0,203537791,3681,106,9,1,3500,3521350,3,8,378580043,330563436,33814,33740,33821,785149710,944913022,897739997
15,962519746,0,265433381,4,829353804,938198330,15,991041614,464108,693080424,32,42617135,948840554,15,120905608,347153,1028181460,156874928,3682,32,777177650,6752542,35450,919150108,225488133,0,26973012,3682,61,10,1,600,576636,7,2,146356532,777177650,35554,35522,35559,106211174,365042431,323946605
15,962519746,0,265433381,4,829353804,938198330,15,991041614,464108,693080424,32,42617135,948840554,15,120905608,347153,1028181460,156874928,3682,32,777177650,6752542,35450,919150108,225488133,0,26973012,3682,116,7,2,1800,1828998,6,6,146356532,777177650,35548,35508,35558,106211174,944913022,307913139
15,962519746,0,265433381,4,829353804,938198330,15,991041614,464108,693080424,32,42617135,948840554,15,120905608,347153,1028181460,156874928,3682,32,777177650,6752542,35450,919150108,225488133,0,26973012,3682,47,10,3,1700,1609968,3,5,146356532,777177650,35471,35522,35481,785149710,944913022,983636346
15,962519746,0,265433381,4,829353804,938198330,15,991041614,464108,693080424,32,42617135,948840554,15,120905608,347153,1028181460,156874928,3682,32,777177650,6752542,35450,919150108,225488133,0,26973012,3682,57,5,4,3000,2871150,9,5,146356532,777177650,35534,35534,35547,106211174,431484053,822315539
10,185743883,4,261867689,9,895777001,658451645,10,73320802,530237,726765942,16,606299054,831166561,10,851711143,468103,373412815,551498780,3685,16,330563436,15495889,33618,1030545334,219237889,0,82224542,3685,47,4,1,3700,3504048,2,3,378580043,330563436,33672,33701,33697,749443834,86983390,717832249
10,185743883,4,261867689,9,895777001,658451645,10,73320802,530237,726765942,16,606299054,831166561,10,851711143,468103,373412815,551498780,3685,16,330563436,15495889,33618,1030545334,219237889,0,82224542,3685,58,6,2,700,670635,5,0,378580043,330563436,33738,33655,33739,749443834,944913022,699912227
10,185743883,4,261867689,9,895777001,658451645,10,73320802,530237,726765942,16,606299054,831166561,10,851711143,468103,373412815,551498780,3685,16,330563436,15495889,33618,1030545334,219237889,0,82224542,3685,134,5,3,3800,3929694,8,3,449642453,330563436,33739,33677,33759,862871618,86983390,10560578
10,185743883,4,261867689,9,895777001,658451645,10,73320802,530237,726765942,16,606299054,831166561,10,851711143,468103,373412815,551498780,3685,16,330563436,15495889,33618,1030545334,219237889,0,82224542,3685,192,5,4,3900,4259541,10,5,378580043,330563436,33651,33698,33663,785149710,944913022,387869525
10,185743883,4,261867689,9,895777001,658451645,10,73320802,530237,726765942,16,606299054,831166561,10,851711143,468103,373412815,551498780,3685,16,330563436,15495889,33618,1030545334,219237889,0,82224542,3685,56,7,5,3700,3537385,0,1,449642453,330563436,33663,33702,33665,106211174,944913022,929828405
23,536896580,3,94114815,7,11315813,791810943,23,1051077640,682035,798884201,65,281052985,65225523,23,531840509,879516,701940545,1044095204,3715,65,777177650,6400093,35140,382018914,522919037,0,627036300,3715,97,1,1,1300,1296217,0,3,146356532,777177650,35194,35178,35223,862871618,407419891,805020074
23,536896580,3,94114815,7,11315813,791810943,23,1051077640,682035,798884201,65,281052985,65225523,23,531840509,879516,701940545,1044095204,3715,65,777177650,6400093,35140,382018914,522919037,0,627036300,3715,169,6,2,1600,1710656,1,6,146356532,777177650,35242,35175,35244,862871618,365042431,751087667
23,536896580,3,94114815,7,11315813,791810943,23,1051077640,682035,798884201,65,281052985,65225523,23,531840509,879516,701940545,1044095204,3715,65,777177650,6400093,35140,382018914,522919037,0,627036300,3715,12,3,3,3700,3374437,5,2,146356532,777177650,35186,35183,35200,106211174,407419891,517236401
23,536896580,3,94114815,7,11315813,791810943,23,1051077640,682035,798884201,31,855445084,1027402851,23,969728011,523689,750198692,449809331,3718,31,777177650,6319554,35359,919150108,482953978,0,126998574,3718,21,10,1,4000,3684080,1,4,146356532,777177650,35387,35414,35400,749443834,431484053,264691584
23,536896580,3,94114815,7,11315813,791810943,23,1051077640,682035,798884201,31,855445084,1027402851,23,969728011,523689,750198692,449809331,3718,31,777177650,6319554,35359,919150108,482953978,0,126998574,3718,163,8,2,1600,1701056,2,6,146356532,777177650,35378,35422,35379,785149710,86983390,257856814
23,536896580,3,94114815,7,11315813,791810943,23,1051077640,682035,798884201,31,855445084,1027402851,23,969728011,523689,750198692,449809331,3718,31,777177650,6319554,35359,919150108,482953978,0,126998574,3718,70,5,3,800,776056,5,3,146356532,777177650,35403,35403,35412,862871618,365042431,1018155945
23,536896580,3,94114815,7,11315813,791810943,23,1051077640,682035,798884201,65,281052985,65225523,23,531840509,879516,701940545,1044095204,3744,65,330563436,3308568,33611,1030545334,109778144,0,943418113,3744,195,8,1,3000,3285569,5,6,449642453,330563436,33729,33644,33739,862871618,944913022,215396163
15,962519746,0,265433381,4,829353804,938198330,15,991041614,464108,693080424,53,1039100764,494421651,15,378811987,411364,750198692,860477758,3748,53,777177650,8380438,35852,382018914,303356208,0,236559768,3748,104,7,1,1200,1204920,6,1,146356532,777177650,35900,35898,35925,106211174,365042431,69276923
15,962519746,0,265433381,4,829353804,938198330,15,991041614,464108,693080424,53,1039100764,494421651,15,378811987,411364,750198692,860477758,3748,53,777177650,8380438,35852,382018914,303356208,0,236559768,3748,165,4,2,2400,2556384,8,4,146356532,777177650,35951,35915,35965,749443834,86983390,126217410
15,962519746,0,265433381,4,829353804,938198330,15,991041614,464108,693080424,53,1039100764,494421651,15,378811987,411364,750198692,860477758,3748,53,777177650,8380438,35852,382018914,303356208,0,236559768,3748,197,1,3,1900,2084661,5,1,146356532,777177650,35906,35930,35936,785149710,250142940,919178868
15,962519746,0,265433381,4,829353804,938198330,15,991041614,464108,693080424,53,1039100764,494421651,15,378811987,411364,750198692,860477758,3748,53,777177650,8380438,35852,382018914,303356208,0,236559768,3748,187,8,4,500,543590,0,7,146356532,777177650,35973,35919,35986,749443834,431484053,916691231
15,962519746,0,265433381,4,829353804,938198330,15,991041614,464108,693080424,53,1039100764,494421651,15,378811987,411364,750198692,860477758,3748,53,777177650,8380438,35852,382018914,303356208,0,236559768,3748,147,4,5,2100,2198994,7,8,146356532,777177650,35882,35890,35888,862871618,431484053,29533658
17,145165669,1,127423842,1,792906294,317827973,17,971385163,575594,622797579,97,135469562,256852182,17,351137718,216448,701940545,611744579,3750,97,836745293,17718167,34817,1030545334,315177642,0,725262491,3750,134,10,1,3700,3826281,4,3,146356532,777177650,34886,34906,34906,749443834,1001693018,200331295
17,145165669,1,127423842,1,792906294,317827973,17,971385163,575594,622797579,97,135469562,256852182,17,351137718,216448,701940545,611744579,3750,97,836745293,17718167,34817,1030545334,315177642,0,725262491,3750,152,3,2,3300,3472094,5,3,146356532,777177650,34875,34868,34881,862871618,1001693018,277997691
17,145165669,1,127423842,1,792906294,317827973,17,971385163,575594,622797579,97,135469562,256852182,17,351137718,216448,701940545,611744579,3750,97,836745293,17718167,34817,1030545334,315177642,0,725262491,3750,80,10,3,2000,1960159,9,5,146356532,330563436,34865,34854,34876,862871618,1001693018,477599892
17,145165669,1,127423842,1,792906294,317827973,17,971385163,575594,622797579,97,135469562,256852182,17,351137718,216448,701940545,611744579,3750,97,836745293,17718167,34817,1030545334,315177642,0,725262491,3750,166,1,4,3300,3518328,4,3,146356532,330563436,34863,34852,34877,785149710,250142940,387770018
17,145165669,1,127423842,1,792906294,317827973,17,971385163,575594,622797579,97,135469562,256852182,17,351137718,216448,701940545,611744579,3750,97,836745293,17718167,34817,1030545334,315177642,0,725262491,3750,83,4,5,100,98308,5,1,146356532,777177650,34902,34873,34930,749443834,1001693018,818031160
17,145165669,1,127423842,1,792906294,317827973,17,971385163,575594,622797579,97,135469562,256852182,17,351137718,216448,701940545,611744579,3750,97,836745293,17718167,34817,1030545334,315177642,0,725262491,3750,113,7,6,4700,4761617,1,8,378580043,330563436,34828,34861,34850,862871618,944913022,191984900
17,145165669,1,127423842,8,292608994,956262271,17,801108420,762785,918253410,97,135469562,256852182,17,351137718,216448,701940545,611744579,3750,97,836745293,17718167,34817,1030545334,315177642,0,725262491,3750,134,10,1,3700,3826281,4,3,146356532,777177650,34886,34906,34906,749443834,1001693018,200331295
17,145165669,1,127423842,8,292608994,956262271,17,801108420,762785,918253410,97,135469562,256852182,17,351137718,216448,701940545,611744579,3750,97,836745293,17718167,34817,1030545334,315177642,0,725262491,3750,152,3,2,3300,3472094,5,3,146356532,777177650,34875,34868,34881,862871618,1001693018,277997691
17,145165669,1,127423842,8,292608994,956262271,17,801108420,762785,918253410,97,135469562,256852182,17,351137718,216448,701940545,611744579,3750,97,836745293,17718167,34817,1030545334,315177642,0,725262491,3750,80,10,3,2000,1960159,9,5,146356532,330563436,34865,34854,34876,862871618,1001693018,477599892
17,145165669,1,127423842,8,292608994,956262271,17,801108420,762785,918253410,97,135469562,256852182,17,351137718,216448,701940545,611744579,3750,97,836745293,17718167,34817,1030545334,315177642,0,725262491,3750,166,1,4,3300,3518328,4,3,146356532,330563436,34863,34852,34877,785149710,250142940,387770018
17,145165669,1,127423842,8,292608994,956262271,17,801108420,762785,918253410,97,135469562,256852182,17,351137718,216448,701940545,611744579,3750,97,836745293,17718167,34817,1030545334,315177642,0,725262491,3750,83,4,5,100,98308,5,1,146356532,777177650,34902,34873,34930,749443834,1001693018,818031160
17,145165669,1,127423842,8,292608994,956262271,17,801108420,762785,918253410,97,135469562,256852182,17,351137718,216448,701940545,611744579,3750,97,836745293,17718167,34817,1030545334,315177642,0,725262491,3750,113,7,6,4700,4761617,1,8,378580043,330563436,34828,34861,34850,862871618,944913022,191984900
5,529057841,0,890382161,2,549623314,849027485,5,58126162,403268,958596215,10,798437489,808791061,5,205635831,275354,750198692,908197369,3751,10,330563436,20291772,34449,483467692,29894176,0,344365916,3751,172,2,1,3700,3967029,0,4,378580043,330563436,34452,34482,34482,106211174,1001693018,568527501
5,529057841,0,890382161,2,549623314,849027485,5,58126162,403268,958596215,10,798437489,808791061,5,205635831,275354,750198692,908197369,3751,10,330563436,20291772,34449,483467692,29894176,0,344365916,3751,141,8,2,3200,3331648,3,5,378580043,330563436,34457,34515,34485,785149710,431484053,1049116356
5,529057841,0,890382161,2,549623314,849027485,5,58126162,403268,958596215,10,798437489,808791061,5,205635831,275354,750198692,908197369,3751,10,330563436,20291772,34449,483467692,29894176,0,344365916,3751,65,2,3,4500,4342770,8,6,378580043,330563436,34479,34502,34497,106211174,250142940,96631506
5,529057841,0,890382161,2,549623314,849027485,5,58126162,403268,958596215,10,798437489,808791061,5,205635831,275354,750198692,908197369,3751,10,330563436,20291772,34449,483467692,29894176,0,344365916,3751,14,4,4,3900,3564639,7,1,449642453,330563436,34560,34524,34587,785149710,86983390,583998560
5,529057841,0,890382161,2,549623314,849027485,5,58126162,403268,958596215,10,798437489,808791061,5,205635831,275354,750198692,908197369,3751,10,330563436,20291772,34449,483467692,29894176,0,344365916,3751,58,3,5,1200,1149660,2,3,449642453,330563436,34553,34513,34556,862871618,86983390,518982011
5,529057841,0,890382161,2,549623314,849027485,5,58126162,403268,958596215,10,798437489,808791061,5,205635831,275354,750198692,908197369,3751,10,330563436,20291772,34449,483467692,29894176,0,344365916,3751,76,5,6,3900,3806673,2,8,378580043,330563436,34545,34484,34570,785149710,407419891,998100796
5,529057841,0,890382161,2,549623314,849027485,5,58126162,403268,958596215,85,1001770604,231357394,5,608676529,338664,373412815,725868244,3776,85,330563436,15034992,33926,919150108,250638172,0,199198933,3776,3,10,1,3900,3521700,5,1,378580043,330563436,33970,34003,33975,785149710,944913022,101118785
5,529057841,0,890382161,2,549623314,849027485,5,58126162,403268,958596215,85,1001770604,231357394,5,608676529,338664,373412815,725868244,3776,85,330563436,15034992,33926,919150108,250638172,0,199198933,3776,159,4,2,1400,1482810,6,8,378580043,330563436,33966,34010,33994,749443834,250142940,500212265
5,529057841,0,890382161,2,549623314,849027485,5,58126162,403268,958596215,85,1001770604,231357394,5,608676529,338664,373412815,725868244,3776,85,330563436,15034992,33926,919150108,250638172,0,199198933,3776,141,8,3,4900,5101586,1,8,378580043,330563436,33939,34014,33964,862871618,250142940,491430033
5,529057841,0,890382161,2,549623314,849027485,5,58126162,403268,958596215,85,1001770604,231357394,5,608676529,338664,373412815,725868244,3776,85,330563436,15034992,33926,919150108,250638172,0,199198933,3776,92,6,4,4900,4861241,8,5,449642453,330563436,34009,33973,34025,785149710,431484053,200009914
1,559044011,1,1004765669,3,458785,31140224,1,73682198,419239,154263564,106,864562228,957626520,1,147772690,328842,797027742,268933212,3778,106,330563436,22103631,34113,382018914,800457772,0,462624969,3778,57,2,1,2100,2009805,1,6,378580043,330563436,34114,34158,34121,785149710,1001693018,871480899
1,559044011,1,1004765669,3,458785,31140224,1,73682198,419239,154263564,106,864562228,957626520,1,147772690,328842,797027742,268933212,3778,106,330563436,22103631,34113,382018914,800457772,0,462624969,3778,29,10,2,3200,2972864,9,0,449642453,330563436,34140,34197,34151,862871618,431484053,1067559498
1,559044011,1,1004765669,3,458785,31140224,1,73682198,419239,154263564,106,864562228,957626520,1,147772690,328842,797027742,268933212,3778,106,330563436,22103631,34113,382018914,800457772,0,462624969,3778,94,6,3,4100,4075769,5,0,378580043,330563436,34139,34175,34163,785149710,944913022,539133867
1,559044011,1,1004765669,3,458785,31140224,1,73682198,419239,154263564,106,864562228,957626520,1,147772690,328842,797027742,268933212,3778,106,330563436,22103631,34113,382018914,800457772,0,462624969,3778,169,4,4,2800,2993648,3,5,378580043,330563436,34197,34158,34216,862871618,1001693018,124196963
1,559044011,1,1004765669,3,458785,31140224,1,73682198,419239,154263564,106,864562228,957626520,1,147772690,328842,797027742,268933212,3778,106,330563436,22103631,34113,382018914,800457772,0,462624969,3778,98,2,5,2800,2794652,1,6,378580043,330563436,34212,34187,34242,749443834,944913022,726285570
1,559044011,1,1004765669,3,458785,31140224,1,73682198,419239,154263564,106,864562228,957626520,1,147772690,328842,797027742,268933212,3778,106,330563436,22103631,34113,382018914,800457772,0,462624969,3778,20,7,6,2600,2392052,0,1,449642453,330563436,34234,34154,34262,106211174,86983390,817341847
1,559044011,1,1004765669,3,458785,31140224,1,73682198,419239,154263564,106,864562228,957626520,1,147772690,328842,797027742,268933212,3778,106,330563436,22103631,34113,382018914,800457772,0,462624969,3778,105,6,7,4900,4924990,2,4,449642453,330563436,34131,34187,34152,749443834,431484053,470584990
10,185743883,4,261867689,9,895777001,658451645,10,73320802,530237,726765942,41,548472177,102959959,10,589189525,27095,750198692,81122026,3780,41,777177650,6538542,35166,527479233,887051050,0,362846759,3780,127,8,1,2500,2567800,8,4,146356532,777177650,35241,35246,35266,106211174,365042431,63336870
10,185743883,4,261867689,9,895777001,658451645,10,73320802,530237,726765942,41,548472177,102959959,10,589189525,27095,750198692,81122026,3780,41,777177650,6538542,35166,527479233,887051050,0,362846759,3780,190,1,2,4000,4360760,10,4,146356532,777177650,35220,35212,35245,785149710,407419891,207346489
23,536896580,3,94114815,7,11315813,791810943,23,1051077640,682035,798884201,65,281052985,65225523,23,531840509,879516,701940545,1044095204,3782,65,777177650,14509617,35299,382018914,249399836,0,951412293,3782,27,10,1,2900,2688358,1,7,146356532,777177650,35323,35339,35343,749443834,1001693018,58467549
23,536896580,3,94114815,7,11315813,791810943,23,1051077640,682035,798884201,65,281052985,65225523,23,531840509,879516,701940545,1044095204,3782,65,777177650,14509617,35299,382018914,249399836,0,951412293,3782,153,1,2,1000,1053150,3,5,146356532,777177650,35313,35386,35340,785149710,944913022,169719847
23,536896580,3,94114815,7,11315813,791810943,23,1051077640,682035,798884201,65,281052985,65225523,23,531840509,879516,701940545,1044095204,3782,65,777177650,14509617,35299,382018914,249399836,0,951412293,3782,136,7,3,3000,3108390,6,6,146356532,777177650,35416,35367,35442,862871618,431484053,654767624
23,536896580,3,94114815,7,11315813,791810943,23,1051077640,682035,798884201,65,281052985,65225523,23,531840509,879516,701940545,1044095204,3782,65,777177650,14509617,35299,382018914,249399836,0,951412293,3782,117,7,4,3400,3458174,2,6,146356532,777177650,35374,35358,35386,749443834,431484053,650614478
23,536896580,3,94114815,7,11315813,791810943,23,1051077640,682035,798884201,65,281052985,65225523,23,531840509,879516,701940545,1044095204,3782,65,777177650,14509617,35299,382018914,249399836,0,951412293,3782,130,3,5,4000,4120519,9,4,146356532,777177650,35413,35389,35429,785149710,365042431,836847033
15,962519746,0,265433381,4,829353804,938198330,15,991041614,464108,693080424,79,620373923,918253789,15,1003789897,512128,797027742,999752886,3808,79,330563436,22805401,34446,382018914,54014137,0,1034492262,3808,43,10,1,2800,2640512,2,1,378580043,330563436,34479,34501,34505,862871618,944913022,678302855
15,962519746,0,265433381,4,829353804,938198330,15,991041614,464108,693080424,79,620373923,918253789,15,1003789897,512128,797027742,999752886,3808,79,330563436,22805401,34446,382018914,54014137,0,1034492262,3808,127,6,2,4700,4827464,4,8,378580043,330563436,34495,34486,34515,785149710,86983390,82840556
15,962519746,0,265433381,4,829353804,938198330,15,991041614,464108,693080424,79,620373923,918253789,15,1003789897,512128,797027742,999752886,3808,79,330563436,22805401,34446,382018914,54014137,0,1034492262,3808,31,2,3,4500,4189635,0,3,378580043,330563436,34516,34481,34527,862871618,1001693018,12483073
15,962519746,0,265433381,4,829353804,938198330,15,991041614,464108,693080424,79,620373923,918253789,15,1003789897,512128,797027742,999752886,3808,79,330563436,22805401,34446,382018914,54014137,0,1034492262,3808,100,1,4,3400,3400340,7,4,378580043,330563436,34557,34535,34575,749443834,944913022,505824133
15,962519746,0,265433381,4,829353804,938198330,15,991041614,464108,693080424,79,620373923,918253789,15,1003789897,512128,797027742,999752886,3808,79,330563436,22805401,34446,382018914,54014137,0,1034492262,3808,155,7,5,2900,3059935,8,3,449642453,330563436,34505,34478,34519,862871618,86983390,374018527
15,962519746,0,265433381,4,829353804,938198330,15,991041614,464108,693080424,79,620373923,918253789,15,1003789897,512128,797027742,999752886,3808,79,330563436,22805401,34446,382018914,54014137,0,1034492262,3808,168,5,6,4400,4699904,6,6,449642453,330563436,34490,34487,34508,106211174,1001693018,398230583
11,319240162,4,108891028,5,64952534,366176741,11,103869805,-28383,275262022,148,120951395,335387568,11,608291700,213560,750198692,672328102,3809,148,777177650,14307070,35184,527479233,36938819,0,105663678,3809,191,3,1,1700,1855023,10,4,146356532,777177650,35289,35249,35310,749443834,944913022,207146458
11,319240162,4,108891028,5,64952534,366176741,11,103869805,-28383,275262022,148,120951395,335387568,11,608291700,213560,750198692,672328102,3809,148,777177650,14307070,35184,527479233,36938819,0,105663678,3809,133,4,2,3200,3306016,1,2,146356532,777177650,35247,35215,35269,785149710,407419891,152948255
11,319240162,4,108891028,5,64952534,366176741,11,103869805,-28383,275262022,148,120951395,335387568,11,608291700,213560,750198692,672328102,3809,148,777177650,14307070,35184,527479233,36938819,0,105663678,3809,105,6,3,4600,4623460,10,6,146356532,777177650,35295,35215,35299,862871618,86983390,687538493
11,319240162,4,108891028,5,64952534,366176741,11,103869805,-28383,275262022,148,120951395,335387568,11,608291700,213560,750198692,672328102,3809,148,777177650,14307070,35184,527479233,36938819,0,105663678,3809,178,9,4,4300,4636131,0,4,146356532,777177650,35189,35236,35219,862871618,86983390,195917072
10,185743883,4,261867689,9,895777001,658451645,10,73320802,530237,726765942,41,548472177,102959959,10,589189525,27095,750198692,81122026,3812,41,777177650,7050252,35288,1030545334,419314547,0,703195249,3812,145,4,1,3300,3448962,0,5,146356532,777177650,35346,35341,35351,862871618,431484053,30702371
10,185743883,4,261867689,9,895777001,658451645,10,73320802,530237,726765942,41,548472177,102959959,10,589189525,27095,750198692,81122026,3812,41,777177650,7050252,35288,1030545334,419314547,0,703195249,3812,173,2,2,3300,3541461,6,3,146356532,777177650,35341,35349,35358,862871618,431484053,851670305
10,185743883,4,261867689,9,895777001,658451645,10,73320802,530237,726765942,104,133204033,240401202,10,569591890,-58838,373412815,427642554,3815,104,777177650,1427501,35666,382018914,310644230,0,117486666,3815,77,7,1,300,293121,7,0,146356532,777177650,35748,35747,35762,106211174,944913022,447476280
10,185743883,4,261867689,9,895777001,658451645,10,73320802,530237,726765942,104,133204033,240401202,10,569591890,-58838,373412815,427642554,3815,104,777177650,1427501,35666,382018914,310644230,0,117486666,3815,130,5,2,1100,1133143,2,4,146356532,777177650,35733,35737,35759,785149710,86983390,834197928
5,529057841,0,890382161,2,549623314,849027485,5,58126162,403268,958596215,10,798437489,808791061,5,205635831,275354,750198692,908197369,3843,10,777177650,3403517,35432,483467692,401231326,0,928351949,3843,15,6,1,700,640507,10,3,146356532,777177650,35472,35480,35479,862871618,407419891,613572676
5,529057841,0,890382161,2,549623314,849027485,5,58126162,403268,958596215,10,798437489,808791061,5,205635831,275354,750198692,908197369,3843,10,777177650,3403517,35432,483467692,401231326,0,928351949,3843,1,4,2,3000,2703000,1,5,146356532,777177650,35473,35512,35500,749443834,365042431,1006669391
15,962519746,0,265433381,4,829353804,938198330,15,991041614,464108,693080424,79,620373923,918253789,15,1003789897,512128,797027742,999752886,3844,79,330563436,679345,34695,382018914,923563413,0,645137780,3844,135,1,1,200,207026,3,7,378580043,330563436,34752,34731,34774,862871618,365042431,372949209
15,962519746,0,265433381,4,829353804,938198330,15,991041614,464108,693080424,79,620373923,918253789,15,1003789897,512128,797027742,999752886,3844,79,330563436,679345,34695,382018914,923563413,0,645137780,3844,102,7,2,500,501050,10,3,378580043,330563436,34816,34752,34822,862871618,250142940,969672218
14,188440933,0,29958364,6,564123676,816784291,14,177982233,136579,447900922,89,468529770,948964647,14,106551305,153076,373412815,1009632679,3845,89,330563436,13433332,33718,382018914,536894137,0,950783346,3845,34,5,1,4400,4109732,1,8,449642453,330563436,33803,33798,33807,749443834,1001693018,655079411
14,188440933,0,29958364,6,564123676,816784291,14,177982233,136579,447900922,89,468529770,948964647,14,106551305,153076,373412815,1009632679,3845,89,330563436,13433332,33718,382018914,536894137,0,950783346,3845,24,7,2,1600,1478432,9,5,449642453,330563436,33822,33761,33840,749443834,407419891,785735582
14,188440933,0,29958364,6,564123676,816784291,14,177982233,136579,447900922,89,468529770,948964647,14,106551305,153076,373412815,1009632679,3845,89,330563436,13433332,33718,382018914,536894137,0,950783346,3845,59,1,3,1700,1630385,8,1,449642453,330563436,33765,33788,33779,862871618,250142940,70885926
14,188440933,0,29958364,6,564123676,816784291,14,177982233,136579,447900922,89,468529770,948964647,14,106551305,153076,373412815,1009632679,3845,89,330563436,13433332,33718,382018914,536894137,0,950783346,3845,46,9,4,100,94604,4,5,378580043,330563436,33743,33760,33770,785149710,1001693018,254294158
14,188440933,0,29958364,6,564123676,816784291,14,177982233,136579,447900922,89,468529770,948964647,14,106551305,153076,373412815,1009632679,3845,89,330563436,13433332,33718,382018914,536894137,0,950783346,3845,196,7,5,2700,2959713,0,5,378580043,330563436,33834,33800,33847,785149710,1001693018,468209571
14,188440933,0,29958364,6,564123676,816784291,14,177982233,136579,447900922,89,468529770,948964647,14,106551305,153076,373412815,1009632679,3845,89,330563436,13433332,33718,382018914,536894137,0,950783346,3845,105,8,6,3000,3015300,9,6,378580043,330563436,33835,33790,33839,785149710,944913022,418597693
10,185743883,4,261867689,9,895777001,658451645,10,73320802,530237,726765942,49,58080412,277187647,10,223001803,457393,373412815,529457660,3846,49,777177650,12312006,35829,919150108,755443911,0,345157095,3846,61,10,1,1500,1441590,6,3,146356532,777177650,35841,35910,35845,106211174,1001693018,427041074
10,185743883,4,261867689,9,895777001,658451645,10,73320802,530237,726765942,49,58080412,277187647,10,223001803,457393,373412815,529457660,3846,49,777177650,12312006,35829,919150108,755443911,0,345157095,3846,171,2,2,3000,3213510,8,7,146356532,777177650,35914,35864,35933,862871618,944913022,1001813786
10,185743883,4,261867689,9,895777001,658451645,10,73320802,530237,726765942,49,58080412,277187647,10,223001803,457393,373412815,529457660,3846,49,777177650,12312006,35829,919150108,755443911,0,345157095,3846,15,5,3,4900,4483549,8,7,146356532,777177650,35838,35874,35841,749443834,250142940,738951704
10,185743883,4,261867689,9,895777001,658451645,10,73320802,530237,726765942,49,58080412,277187647,10,223001803,457393,373412815,529457660,3846,49,777177650,12312006,35829,919150108,755443911,0,345157095,3846,165,10,4,3300,3515028,5,0,146356532,777177650,35925,35866,35927,749443834,86983390,591588505
15,962519746,0,265433381,4,829353804,938198330,15,991041614,464108,693080424,34,3104980,1067983329,15,829251106,858970,750198692,421313236,3847,34,330563436,701431,34038,527479233,826979050,0,963691559,3847,189,10,1,700,762426,8,0,449642453,330563436,34093,34124,34109,785149710,431484053,1002431371
11,319240162,4,108891028,5,64952534,366176741,11,103869805,-28383,275262022,134,987180522,314377204,11,814495129,460889,1028181460,724055480,3872,134,777177650,19853868,35312,527479233,164101677,0,562837507,3872,181,2,1,2800,3027304,10,4,146356532,777177650,35372,35377,35391,749443834,1001693018,404412432
11,319240162,4,108891028,5,64952534,366176741,11,103869805,-28383,275262022,134,987180522,314377204,11,814495129,460889,1028181460,724055480,3872,134,777177650,19853868,35312,527479233,164101677,0,562837507,3872,17,4,2,3800,3484637,4,5,146356532,777177650,35354,35400,35382,862871618,365042431,127973425
11,319240162,4,108891028,5,64952534,366176741,11,103869805,-28383,275262022,134,987180522,314377204,11,814495129,460889,1028181460,724055480,3872,134,777177650,19853868,35312,527479233,164101677,0,562837507,3872,169,4,3,1800,1924488,7,7,146356532,777177650,35422,35360,35436,862871618,407419891,132249027
11,319240162,4,108891028,5,64952534,366176741,11,103869805,-28383,275262022,134,987180522,314377204,11,814495129,460889,1028181460,724055480,3872,134,777177650,19853868,35312,527479233,164101677,0,562837507,3872,11,2,4,4100,3735141,7,3,146356532,777177650,35390,35379,35400,785149710,1001693018,860267767
11,319240162,4,108891028,5,64952534,366176741,11,103869805,-28383,275262022,134,987180522,314377204,11,814495129,460889,1028181460,724055480,3872,134,777177650,19853868,35312,527479233,164101677,0,562837507,3872,70,7,5,4200,4074294,3,0,146356532,777177650,35431,35348,35444,785149710,431484053,150204198
11,319240162,4,108891028,5,64952534,366176741,11,103869805,-28383,275262022,134,987180522,314377204,11,814495129,460889,1028181460,724055480,3872,134,777177650,19853868,35312,527479233,164101677,0,562837507,3872,140,6,6,4000,4160560,7,5,146356532,777177650,35430,35365,35442,106211174,1001693018,181965509
10,185743883,4,261867689,9,895777001,658451645,10,73320802,530237,726765942,55,292749220,212078962,10,611195724,457210,797027742,482627384,3873,55,777177650,9529179,35882,483467692,118134170,0,192431681,3873,68,3,1,1900,1839314,4,4,146356532,777177650,35928,35923,35930,106211174,944913022,744611363
10,185743883,4,261867689,9,895777001,658451645,10,73320802,530237,726765942,55,292749220,212078962,10,611195724,457210,797027742,482627384,3873,55,777177650,9529179,35882,483467692,118134170,0,192431681,3873,145,8,2,4400,4598616,5,5,146356532,777177650,35997,35935,36019,785149710,365042431,178847310
10,185743883,4,261867689,9,895777001,658451645,10,73320802,530237,726765942,55,292749220,212078962,10,611195724,457210,797027742,482627384,3873,55,777177650,9529179,35882,483467692,118134170,0,192431681,3873,140,6,3,2900,3016406,1,4,146356532,777177650,35966,35933,35979,785149710,1001693018,306928041
5,529057841,0,890382161,2,549623314,849027485,5,58126162,403268,958596215,10,798437489,808791061,5,205635831,275354,750198692,908197369,3911,10,836745293,3501994,34773,483467692,644523916,0,323763003,3911,113,7,1,1000,1013110,7,6,146356532,777177650,34870,34847,34876,785149710,944913022,324529462
5,529057841,0,890382161,2,549623314,849027485,5,58126162,403268,958596215,10,798437489,808791061,5,205635831,275354,750198692,908197369,3911,10,836745293,3501994,34773,483467692,644523916,0,323763003,3911,119,9,2,1400,1426754,8,5,378580043,330563436,34815,34820,34839,106211174,250142940,615695390
5,529057841,0,890382161,2,549623314,849027485,5,58126162,403268,958596215,10,798437489,808791061,5,205635831,275354,750198692,908197369,3911,10,836745293,3501994,34773,483467692,644523916,0,323763003,3911,92,5,3,1200,1190508,10,5,378580043,330563436,34791,34803,34797,785149710,944913022,295918091
15,962519746,0,265433381,4,829353804,938198330,15,991041614,464108,693080424,32,42617135,948840554,15,120905608,347153,1028181460,156874928,3936,32,777177650,16861839,35374,919150108,690212932,0,760473105,3936,137,8,1,2500,2592825,6,3,146356532,777177650,35400,35424,35429,749443834,250142940,12804995
15,962519746,0,265433381,4,829353804,938198330,15,991041614,464108,693080424,32,42617135,948840554,15,120905608,347153,1028181460,156874928,3936,32,777177650,16861839,35374,919150108,690212932,0,760473105,3936,188,9,2,2400,2611632,10,7,146356532,777177650,35389,35429,35405,106211174,365042431,404266952
15,962519746,0,265433381,4,829353804,938198330,15,991041614,464108,693080424,32,42617135,948840554,15,120905608,347153,1028181460,156874928,3936,32,777177650,16861839,35374,919150108,690212932,0,760473105,3936,83,4,3,4200,4128936,0,7,146356532,777177650,35431,35457,35442,785149710,365042431,64427740
15,962519746,0,265433381,4,829353804,938198330,15,991041614,464108,693080424,32,42617135,948840554,15,120905608,347153,1028181460,156874928,3936,32,777177650,16861839,35374,919150108,690212932,0,760473105,3936,62,7,4,1200,1154472,6,5,146356532,777177650,35392,35437,35403,749443834,407419891,293050288
15,962519746,0,265433381,4,829353804,938198330,15,991041614,464108,693080424,32,42617135,948840554,15,120905608,347153,1028181460,156874928,3936,32,777177650,16861839,35374,919150108,690212932,0,760473105,3936,84,5,5,3500,3444280,2,8,146356532,777177650,35401,35434,35419,106211174,407419891,970212841
15,962519746,0,265433381,4,829353804,938198330,15,991041614,464108,693080424,32,42617135,948840554,15,120905608,347153,1028181460,156874928,3936,32,777177650,16861839,35374,919150108,690212932,0,760473105,3936,103,6,6,2600,2608060,1,2,146356532,777177650,35486,35444,35509,106211174,250142940,770117400
23,536896580,3,94114815,7,11315813,791810943,23,1051077640,682035,798884201,31,855445084,1027402851,23,969728011,523689,750198692,449809331,3938,31,330563436,4691822,34029,382018914,322685847,0,410542847,3938,159,4,1,4600,4872090,10,7,378580043,330563436,34107,34091,34130,749443834,944913022,791167866
11,319240162,4,108891028,5,64952534,366176741,11,103869805,-28383,275262022,52,749902188,199806749,11,982273298,563028,750198692,628614943,3969,52,777177650,16979740,35562,919150108,255557624,0,335141042,3969,52,4,1,3900,3712994,4,4,146356532,777177650,35591,35592,35614,106211174,431484053,98476447
11,319240162,4,108891028,5,64952534,366176741,11,103869805,-28383,275262022,52,749902188,199806749,11,982273298,563028,750198692,628614943,3969,52,777177650,16979740,35562,919150108,255557624,0,335141042,3969,197,1,2,2600,2852694,5,3,146356532,777177650,35617,35639,35619,862871618,365042431,1033154231
11,319240162,4,108891028,5,64952534,366176741,11,103869805,-28383,275262022,52,749902188,199806749,11,982273298,563028,750198692,628614943,3969,52,777177650,16979740,35562,919150108,255557624,0,335141042,3969,79,8,3,4600,4503722,4,2,146356532,777177650,35577,35594,35589,862871618,407419891,775011061
11,319240162,4,108891028,5,64952534,366176741,11,103869805,-28383,275262022,52,749902188,199806749,11,982273298,563028,750198692,628614943,3969,52,777177650,16979740,35562,919150108,255557624,0,335141042,3969,151,9,4,2100,2207415,7,4,146356532,777177650,35671,35625,35673,862871618,431484053,668071413
11,319240162,4,108891028,5,64952534,366176741,11,103869805,-28383,275262022,52,749902188,199806749,11,982273298,563028,750198692,628614943,3969,52,777177650,16979740,35562,919150108,255557624,0,335141042,3969,72,3,5,4000,3888280,9,0,146356532,777177650,35567,35642,35584,785149710,86983390,53480737
11,319240162,4,108891028,5,64952534,366176741,11,103869805,-28383,275262022,52,749902188,199806749,11,982273298,563028,750198692,628614943,3969,52,777177650,16979740,35562,919150108,255557624,0,335141042,3969,105,8,6,400,402040,2,1,146356532,777177650,35583,35640,35592,785149710,1001693018,239490311
10,185743883,4,261867689,9,895777001,658451645,10,73320802,530237,726765942,104,133204033,240401202,10,569591890,-58838,373412815,427642554,3971,104,777177650,4792547,35242,527479233,1043482837,0,586384039,3971,96,8,1,4700,4681623,6,4,146356532,777177650,35251,35283,35276,862871618,250142940,431146346
10,185743883,4,261867689,9,895777001,658451645,10,73320802,530237,726765942,104,133204033,240401202,10,569591890,-58838,373412815,427642554,3971,104,777177650,4792547,35242,527479233,1043482837,0,586384039,3971,191,5,2,200,218238,4,3,146356532,777177650,35259,35287,35270,106211174,407419891,849801241
10,185743883,4,261867689,9,895777001,658451645,10,73320802,530237,726765942,104,133204033,240401202,10,569591890,-58838,373412815,427642554,4002,104,777177650,7651811,35526,527479233,637006281,0,136987411,4002,111,5,1,3500,3538885,1,8,146356532,777177650,35564,35594,35581,749443834,86983390,140569048
10,185743883,4,261867689,9,895777001,658451645,10,73320802,530237,726765942,104,133204033,240401202,10,569591890,-58838,373412815,427642554,4002,104,777177650,7651811,35526,527479233,637006281,0,136987411,4002,198,9,2,2000,2196380,0,3,146356532,777177650,35594,35568,35620,106211174,431484053,1053094950
10,185743883,4,261867689,9,895777001,658451645,10,73320802,530237,726765942,104,133204033,240401202,10,569591890,-58838,373412815,427642554,4002,104,777177650,7651811,35526,527479233,637006281,0,136987411,4002,40,1,3,600,564024,8,7,146356532,777177650,35550,35616,35564,862871618,250142940,452525536
10,185743883,4,261867689,9,895777001,658451645,10,73320802,530237,726765942,104,133204033,240401202,10,569591890,-58838,373412815,427642554,4002,104,777177650,7651811,35526,527479233,637006281,0,136987411,4002,199,3,4,600,659514,6,6,146356532,777177650,35610,35563,35640,106211174,431484053,635703830
10,185743883,4,261867689,9,895777001,658451645,10,73320802,530237,726765942,104,133204033,240401202,10,569591890,-58838,373412815,427642554,4002,104,777177650,7651811,35526,527479233,637006281,0,136987411,4002,99,1,5,400,399636,8,7,146356532,777177650,35554,35594,35572,106211174,1001693018,1060479213
17,145165669,1,127423842,1,792906294,317827973,17,971385163,575594,622797579,35,838315206,970339776,17,936827836,122824,750198692,831183110,4006,35,330563436,7055705,34701,1030545334,109778144,0,147481084,4006,55,7,1,1100,1050555,5,8,449642453,330563436,34816,34749,34837,862871618,250142940,384752870
17,145165669,1,127423842,1,792906294,317827973,17,971385163,575594,622797579,35,838315206,970339776,17,936827836,122824,750198692,831183110,4006,35,330563436,7055705,34701,1030545334,109778144,0,147481084,4006,159,4,2,1800,1906470,5,3,449642453,330563436,34726,34764,34730,862871618,431484053,792396985
17,145165669,1,127423842,1,792906294,317827973,17,971385163,575594,622797579,35,838315206,970339776,17,936827836,122824,750198692,831183110,4006,35,330563436,7055705,34701,1030545334,109778144,0,147481084,4006,24,5,3,1500,1386030,1,2,378580043,330563436,34751,34789,34753,862871618,250142940,996329703
17,145165669,1,127423842,1,792906294,317827973,17,971385163,575594,622797579,35,838315206,970339776,17,936827836,122824,750198692,831183110,4006,35,330563436,7055705,34701,1030545334,109778144,0,147481084,4006,114,5,4,2500,2535275,0,7,449642453,330563436,34751,34737,34752,749443834,407419891,639556377
17,145165669,1,127423842,8,292608994,956262271,17,801108420,762785,918253410,35,838315206,970339776,17,936827836,122824,750198692,831183110,4006,35,330563436,7055705,34701,1030545334,109778144,0,147481084,4006,55,7,1,1100,1050555,5,8,449642453,330563436,34816,34749,34837,862871618,250142940,384752870
17,145165669,1,127423842,8,292608994,956262271,17,801108420,762785,918253410,35,838315206,970339776,17,936827836,122824,750198692,831183110,4006,35,330563436,7055705,34701,1030545334,109778144,0,147481084,4006,159,4,2,1800,1906470,5,3,449642453,330563436,34726,34764,34730,862871618,431484053,792396985
17,145165669,1,127423842,8,292608994,956262271,17,801108420,762785,918253410,35,838315206,970339776,17,936827836,122824,750198692,831183110,4006,35,330563436,7055705,34701,1030545334,109778144,0,147481084,4006,24,5,3,1500,1386030,1,2,378580043,330563436,34751,34789,34753,862871618,250142940,996329703
17,145165669,1,127423842,8,292608994,956262271,17,801108420,762785,918253410,35,838315206,970339776,17,936827836,122824,750198692,831183110,4006,35,330563436,7055705,34701,1030545334,109778144,0,147481084,4006,114,5,4,2500,2535275,0,7,449642453,330563436,34751,34737,34752,749443834,407419891,639556377
17,145165669,1,127423842,1,792906294,317827973,17,971385163,575594,622797579,8,922454654,11853917,17,342305859,681974,1028181460,844824201,4007,8,330563436,11619397,34136,919150108,109207948,0,919373599,4007,57,2,1,3200,3062560,0,3,378580043,330563436,34240,34195,34243,749443834,250142940,124651717
17,145165669,1,127423842,1,792906294,317827973,17,971385163,575594,622797579,8,922454654,11853917,17,342305859,681974,1028181460,844824201,4007,8,330563436,11619397,34136,919150108,109207948,0,919373599,4007,116,10,2,4100,4166051,4,6,449642453,330563436,34251,34209,34275,749443834,86983390,240302525
17,145165669,1,127423842,1,792906294,317827973,17,971385163,575594,622797579,8,922454654,11853917,17,342305859,681974,1028181460,844824201,4007,8,330563436,11619397,34136,919150108,109207948,0,919373599,4007,102,9,3,500,501050,9,6,449642453,330563436,34227,34208,34252,862871618,944913022,841346553
17,145165669,1,127423842,1,792906294,317827973,17,971385163,575594,622797579,8,922454654,11853917,17,342305859,681974,1028181460,844824201,4007,8,330563436,11619397,34136,919150108,109207948,0,919373599,4007,138,4,4,1500,1557195,5,2,449642453,330563436,34211,34167,34213,749443834,944913022,156261865
17,145165669,1,127423842,1,792906294,317827973,17,971385163,575594,622797579,8,922454654,11853917,17,342305859,681974,1028181460,844824201,4007,8,330563436,11619397,34136,919150108,109207948,0,919373599,4007,26,7,5,2300,2129846,2,7,449642453,330563436,34248,34219,34263,785149710,431484053,558330503
17,145165669,1,127423842,8,292608994,956262271,17,801108420,762785,918253410,8,922454654,11853917,17,342305859,681974,1028181460,844824201,4007,8,330563436,11619397,34136,919150108,109207948,0,919373599,4007,57,2,1,3200,3062560,0,3,378580043,330563436,34240,34195,34243,749443834,250142940,124651717
17,145165669,1,127423842,8,292608994,956262271,17,801108420,762785,918253410,8,922454654,11853917,17,342305859,681974,1028181460,844824201,4007,8,330563436,11619397,34136,919150108,109207948,0,919373599,4007,116,10,2,4100,4166051,4,6,449642453,330563436,34251,34209,34275,749443834,86983390,240302525
17,145165669,1,127423842,8,292608994,956262271,17,801108420,762785,918253410,8,922454654,11853917,17,342305859,681974,1028181460,844824201,4007,8,330563436,11619397,34136,919150108,109207948,0,919373599,4007,102,9,3,500,501050,9,6,449642453,330563436,34227,34208,34252,862871618,944913022,841346553
17,145165669,1,127423842,8,292608994,956262271,17,801108420,762785,918253410,8,922454654,11853917,17,342305859,681974,1028181460,844824201,4007,8,330563436,11619397,34136,919150108,109207948,0,919373599,4007,138,4,4,1500,1557195,5,2,449642453,330563436,34211,34167,34213,749443834,944913022,156261865
17,145165669,1,127423842,8,292608994,956262271,17,801108420,762785,918253410,8,922454654,11853917,17,342305859,681974,1028181460,844824201,4007,8,330563436,11619397,34136,919150108,109207948,0,919373599,4007,26,7,5,2300,2129846,2,7,449642453,330563436,34248,34219,34263,785149710,431484053,558330503
5,529057841,0,890382161,2,549623314,849027485,5,58126162,403268,958596215,10,798437489,808791061,5,205635831,275354,750198692,908197369,4032,10,777177650,6249751,35850,1030545334,923563413,0,774944237,4032,102,3,1,800,801680,6,0,146356532,777177650,35948,35930,35977,862871618,250142940,505046881
5,529057841,0,890382161,2,549623314,849027485,5,58126162,403268,958596215,10,798437489,808791061,5,205635831,275354,750198692,908197369,4032,10,777177650,6249751,35850,1030545334,923563413,0,774944237,4032,2,9,2,2700,2435400,9,0,146356532,777177650,35944,35902,35968,785149710,1001693018,140960450
5,529057841,0,890382161,2,549623314,849027485,5,58126162,403268,958596215,10,798437489,808791061,5,205635831,275354,750198692,908197369,4032,10,777177650,6249751,35850,1030545334,923563413,0,774944237,4032,154,2,3,2300,2424545,9,6,146356532,777177650,35956,35924,35968,785149710,431484053,745823957
5,529057841,0,890382161,2,549623314,849027485,5,58126162,403268,958596215,10,798437489,808791061,5,205635831,275354,750198692,908197369,4032,10,777177650,6249751,35850,1030545334,923563413,0,774944237,4032,85,6,4,1000,985079,9,5,146356532,777177650,35883,35905,35890,106211174,1001693018,680291413
17,145165669,1,127423842,1,792906294,317827973,17,971385163,575594,622797579,121,1022863173,231361516,17,736496255,642832,1028181460,1027337841,4037,121,330563436,3638943,34050,919150108,58573363,0,422982059,4037,64,9,1,3200,3084992,0,6,449642453,330563436,34093,34126,34118,749443834,365042431,558840956
17,145165669,1,127423842,1,792906294,317827973,17,971385163,575594,622797579,121,1022863173,231361516,17,736496255,642832,1028181460,1027337841,4037,121,330563436,3638943,34050,919150108,58573363,0,422982059,4037,47,8,2,400,378816,9,7,449642453,330563436,34153,34130,34182,749443834,250142940,742714613
17,145165669,1,127423842,8,292608994,956262271,17,801108420,762785,918253410,121,1022863173,231361516,17,736496255,642832,1028181460,1027337841,4037,121,330563436,3638943,34050,919150108,58573363,0,422982059,4037,64,9,1,3200,3084992,0,6,449642453,330563436,34093,34126,34118,749443834,365042431,558840956
17,145165669,1,127423842,8,292608994,956262271,17,801108420,762785,918253410,121,1022863173,231361516,17,736496255,642832,1028181460,1027337841,4037,121,330563436,3638943,34050,919150108,58573363,0,422982059,4037,47,8,2,400,378816,9,7,449642453,330563436,34153,34130,34182,749443834,250142940,742714613
15,962519746,0,265433381,4,829353804,938198330,15,991041614,464108,693080424,32,42617135,948840554,15,120905608,347153,1028181460,156874928,4066,32,777177650,17691121,35455,483467692,866917083,0,531230348,4066,139,5,1,900,935217,1,5,146356532,777177650,35554,35512,35575,785149710,944913022,569969571
15,962519746,0,265433381,4,829353804,938198330,15,991041614,464108,693080424,32,42617135,948840554,15,120905608,347153,1028181460,156874928,4066,32,777177650,17691121,35455,483467692,866917083,0,531230348,4066,93,5,2,1900,1886871,5,0,146356532,777177650,35561,35535,35587,106211174,86983390,358956837
15,962519746,0,265433381,4,829353804,938198330,15,991041614,464108,693080424,32,42617135,948840554,15,120905608,347153,1028181460,156874928,4066,32,777177650,17691121,35455,483467692,866917083,0,531230348,4066,76,5,3,800,780856,3,3,146356532,777177650,35542,35498,35568,106211174,1001693018,476557352
15,962519746,0,265433381,4,829353804,938198330,15,991041614,464108,693080424,32,42617135,948840554,15,120905608,347153,1028181460,156874928,4066,32,777177650,17691121,35455,483467692,866917083,0,531230348,4066,179,9,4,4900,5287933,1,1,146356532,777177650,35476,35511,35478,106211174,86983390,981911951
15,962519746,0,265433381,4,829353804,938198330,15,991041614,464108,693080424,32,42617135,948840554,15,120905608,347153,1028181460,156874928,4066,32,777177650,17691121,35455,483467692,866917083,0,531230348,4066,171,2,5,4300,4606031,5,2,146356532,777177650,35475,35532,35477,749443834,431484053,842676453
15,962519746,0,265433381,4,829353804,938198330,15,991041614,464108,693080424,32,42617135,948840554,15,120905608,347153,1028181460,156874928,4066,32,777177650,17691121,35455,483467692,866917083,0,531230348,4066,109,2,6,4400,4440040,1,0,146356532,777177650,35488,35545,35516,749443834,431484053,85713908
10,185743883,4,261867689,9,895777001,658451645,10,73320802,530237,726765942,16,606299054,831166561,10,851711143,468103,373412815,551498780,4067,16,330563436,13651734,33882,919150108,410345611,0,830308680,4067,180,1,1,1800,1944324,3,8,449642453,330563436,33991,33959,34018,862871618,944913022,164490402
10,185743883,4,261867689,9,895777001,658451645,10,73320802,530237,726765942,16,606299054,831166561,10,851711143,468103,373412815,551498780,4067,16,330563436,13651734,33882,919150108,410345611,0,830308680,4067,96,10,2,1400,1394526,0,0,378580043,330563436,34001,33938,34005,862871618,86983390,21072587
10,185743883,4,261867689,9,895777001,658451645,10,73320802,530237,726765942,16,606299054,831166561,10,851711143,468103,373412815,551498780,4067,16,330563436,13651734,33882,919150108,410345611,0,830308680,4067,141,10,3,1700,1769938,3,5,449642453,330563436,33993,33929,33994,106211174,1001693018,58177109
10,185743883,4,261867689,9,895777001,658451645,10,73320802,530237,726765942,16,606299054,831166561,10,851711143,468103,373412815,551498780,4067,16,330563436,13651734,33882,919150108,410345611,0,830308680,4067,90,1,4,4000,3960360,7,8,378580043,330563436,33976,33927,33983,749443834,86983390,200794432
10,185743883,4,261867689,9,895777001,658451645,10,73320802,530237,726765942,16,606299054,831166561,10,851711143,468103,373412815,551498780,4067,16,330563436,13651734,33882,919150108,410345611,0,830308680,4067,85,6,5,1700,1674636,8,3,449642453,330563436,33987,33965,34001,749443834,1001693018,447351869
10,185743883,4,261867689,9,895777001,658451645,10,73320802,530237,726765942,16,606299054,831166561,10,851711143,468103,373412815,551498780,4067,16,330563436,13651734,33882,919150108,410345611,0,830308680,4067,96,8,6,1200,1195308,4,3,449642453,330563436,33948,33934,33951,749443834,365042431,18542931
10,185743883,4,261867689,9,895777001,658451645,10,73320802,530237,726765942,16,606299054,831166561,10,851711143,468103,373412815,551498780,4067,16,330563436,13651734,33882,919150108,410345611,0,830308680,4067,83,4,7,1700,1671236,1,1,378580043,330563436,33948,33959,33966,106211174,365042431,213326961
11,319240162,4,108891028,5,64952534,366176741,11,103869805,-28383,275262022,148,120951395,335387568,11,608291700,213560,750198692,672328102,4071,148,777177650,6778942,35321,483467692,907779842,0,697158282,4071,112,2,1,2200,2226642,2,7,146356532,777177650,35367,35411,35372,106211174,1001693018,629235237
11,319240162,4,108891028,5,64952534,366176741,11,103869805,-28383,275262022,148,120951395,335387568,11,608291700,213560,750198692,672328102,4071,148,777177650,6778942,35321,483467692,907779842,0,697158282,4071,18,8,2,4700,4314647,0,3,146356532,777177650,35371,35406,35383,106211174,86983390,70207219
5,529057841,0,890382161,2,549623314,849027485,5,58126162,403268,958596215,10,798437489,808791061,5,205635831,275354,750198692,908197369,4097,10,777177650,13430804,35207,382018914,403518783,0,657143671,4097,74,5,1,5000,4870350,4,4,146356532,777177650,35306,35289,35333,749443834,431484053,404792444
5,529057841,0,890382161,2,549623314,849027485,5,58126162,403268,958596215,10,798437489,808791061,5,205635831,275354,750198692,908197369,4097,10,777177650,13430804,35207,382018914,403518783,0,657143671,4097,74,4,2,4600,4480722,10,1,146356532,777177650,35273,35294,35300,785149710,365042431,402609715
5,529057841,0,890382161,2,549623314,849027485,5,58126162,403268,958596215,10,798437489,808791061,5,205635831,275354,750198692,908197369,4097,10,777177650,13430804,35207,382018914,403518783,0,657143671,4097,174,2,3,4200,4511514,6,6,146356532,777177650,35286,35274,35290,106211174,944913022,425175341
1,559044011,1,1004765669,3,458785,31140224,1,73682198,419239,154263564,106,864562228,957626520,1,147772690,328842,797027742,268933212,4103,106,330563436,3816423,33786,527479233,826800714,0,842585256,4103,75,4,1,4000,3900280,5,3,378580043,330563436,33864,33828,33866,785149710,250142940,644054779
15,962519746,0,265433381,4,829353804,938198330,15,991041614,464108,693080424,32,42617135,948840554,15,120905608,347153,1028181460,156874928,4129,32,330563436,6722628,34144,1030545334,648495959,0,681028064,4129,56,8,1,3200,3059360,3,4,449642453,330563436,34226,34204,34235,862871618,431484053,936918452
15,962519746,0,265433381,4,829353804,938198330,15,991041614,464108,693080424,32,42617135,948840554,15,120905608,347153,1028181460,156874928,4129,32,330563436,6722628,34144,1030545334,648495959,0,681028064,4129,27,6,2,3900,3615378,6,7,378580043,330563436,34261,34183,34269,785149710,431484053,984255127
10,185743883,4,261867689,9,895777001,658451645,10,73320802,530237,726765942,104,133204033,240401202,10,569591890,-58838,373412815,427642554,4130,104,777177650,4782304,35132,527479233,157609168,0,526341822,4130,178,6,1,4400,4743948,7,4,146356532,777177650,35197,35168,35198,785149710,86983390,968412087
10,185743883,4,261867689,9,895777001,658451645,10,73320802,530237,726765942,104,133204033,240401202,10,569591890,-58838,373412815,427642554,4130,104,777177650,4782304,35132,527479233,157609168,0,526341822,4130,63,10,2,200,192612,5,6,146356532,777177650,35202,35177,35231,862871618,250142940,489901408
17,145165669,1,127423842,1,792906294,317827973,17,971385163,575594,622797579,97,135469562,256852182,17,351137718,216448,701940545,611744579,4134,97,330563436,12519112,34709,382018914,28420584,0,244498814,4134,121,4,1,3400,3471808,2,5,378580043,330563436,34816,34769,34828,749443834,944913022,510165858
17,145165669,1,127423842,1,792906294,317827973,17,971385163,575594,622797579,97,135469562,256852182,17,351137718,216448,701940545,611744579,4134,97,330563436,12519112,34709,382018914,28420584,0,244498814,4134,96,10,2,3400,3386706,1,3,449642453,330563436,34823,34784,34830,749443834,407419891,577196878
17,145165669,1,127423842,1,792906294,317827973,17,971385163,575594,622797579,97,135469562,256852182,17,351137718,216448,701940545,611744579,4134,97,330563436,12519112,34709,382018914,28420584,0,244498814,4134,171,9,3,1200,1285404,5,4,449642453,330563436,34775,34783,34801,785149710,86983390,25152303
17,145165669,1,127423842,1,792906294,317827973,17,971385163,575594,622797579,97,135469562,256852182,17,351137718,216448,701940545,611744579,4134,97,330563436,12519112,34709,382018914,28420584,0,244498814,4134,100,4,4,4500,4500450,8,2,449642453,330563436,34798,34783,34804,862871618,431484053,296100713
17,145165669,1,127423842,8,292608994,956262271,17,801108420,762785,918253410,97,135469562,256852182,17,351137718,216448,701940545,611744579,4134,97,330563436,12519112,34709,382018914,28420584,0,244498814,4134,121,4,1,3400,3471808,2,5,378580043,330563436,34816,34769,34828,749443834,944913022,510165858
17,145165669,1,127423842,8,292608994,956262271,17,801108420,762785,918253410,97,135469562,256852182,17,351137718,216448,701940545,611744579,4134,97,330563436,12519112,34709,382018914,28420584,0,244498814,4134,96,10,2,3400,3386706,1,3,449642453,330563436,34823,34784,34830,749443834,407419891,577196878
17,145165669,1,127423842,8,292608994,956262271,17,801108420,762785,918253410,97,135469562,256852182,17,351137718,216448,701940545,611744579,4134,97,330563436,12519112,34709,382018914,28420584,0,244498814,4134,171,9,3,1200,1285404,5,4,449642453,330563436,34775,34783,34801,785149710,86983390,25152303
17,145165669,1,127423842,8,292608994,956262271,17,801108420,762785,918253410,97,135469562,256852182,17,351137718,216448,701940545,611744579,4134,97,330563436,12519112,34709,382018914,28420584,0,244498814,4134,100,4,4,4500,4500450,8,2,449642453,330563436,34798,34783,34804,862871618,431484053,296100713
10,185743883,4,261867689,9,895777001,658451645,10,73320802,530237,726765942,55,292749220,212078962,10,611195724,457210,797027742,482627384,4160,55,777177650,8249307,35295,527479233,189338025,0,424807052,4160,113,10,1,2500,2532775,10,4,146356532,777177650,35328,35353,35330,106211174,407419891,249380755
10,185743883,4,261867689,9,895777001,658451645,10,73320802,530237,726765942,55,292749220,212078962,10,611195724,457210,797027742,482627384,4160,55,777177650,8249307,35295,527479233,189338025,0,424807052,4160,122,7,2,1200,1226544,0,3,146356532,777177650,35389,35331,35407,749443834,1001693018,66602708
10,185743883,4,261867689,9,895777001,658451645,10,73320802,530237,726765942,55,292749220,212078962,10,611195724,457210,797027742,482627384,4160,55,777177650,8249307,35295,527479233,189338025,0,424807052,4160,63,4,3,4800,4622688,4,4,146356532,777177650,35325,35369,35330,785149710,944913022,558995515
1,559044011,1,1004765669,3,458785,31140224,1,73682198,419239,154263564,106,864562228,957626520,1,147772690,328842,797027742,268933212,4194,106,330563436,6297229,34621,1030545334,964379550,0,1016898168,4194,197,1,1,4300,4717917,8,6,449642453,330563436,34642,34675,34652,106211174,86983390,665760460
1,559044011,1,1004765669,3,458785,31140224,1,73682198,419239,154263564,106,864562228,957626520,1,147772690,328842,797027742,268933212,4194,106,330563436,6297229,34621,1030545334,964379550,0,1016898168,4194,47,10,2,1800,1704672,7,7,449642453,330563436,34742,34670,34767,862871618,86983390,956159367
10,185743883,4,261867689,9,895777001,658451645,10,73320802,530237,726765942,104,133204033,240401202,10,569591890,-58838,373412815,427642554,4195,104,330563436,5447895,34116,483467692,479437781,0,719989949,4195,6,9,1,1400,1268400,9,4,378580043,330563436,34216,34169,34228,749443834,1001693018,629878508
10,185743883,4,261867689,9,895777001,658451645,10,73320802,530237,726765942,104,133204033,240401202,10,569591890,-58838,373412815,427642554,4195,104,330563436,5447895,34116,483467692,479437781,0,719989949,4195,66,1,2,2200,2125332,10,8,378580043,330563436,34149,34171,34176,785149710,250142940,580296257
10,185743883,4,261867689,9,895777001,658451645,10,73320802,530237,726765942,104,133204033,240401202,10,569591890,-58838,373412815,427642554,4195,104,330563436,5447895,34116,483467692,479437781,0,719989949,4195,194,8,3,1900,2078961,1,6,378580043,330563436,34216,34192,34225,862871618,1001693018,219892015
1,559044011,1,1004765669,3,458785,31140224,1,73682198,419239,154263564,106,864562228,957626520,1,147772690,328842,797027742,268933212,4196,106,777177650,20145598,35928,1030545334,887227449,0,3297292,4196,156,4,1,3000,3168450,2,6,146356532,777177650,36014,35974,36041,785149710,407419891,537404601
1,559044011,1,1004765669,3,458785,31140224,1,73682198,419239,154263564,106,864562228,957626520,1,147772690,328842,797027742,268933212,4196,106,777177650,20145598,35928,1030545334,887227449,0,3297292,4196,9,6,2,3100,2817900,9,8,146356532,777177650,35956,36002,35985,106211174,431484053,322210272
1,559044011,1,1004765669,3,458785,31140224,1,73682198,419239,154263564,106,864562228,957626520,1,147772690,328842,797027742,268933212,4196,106,777177650,20145598,35928,1030545334,887227449,0,3297292,4196,178,9,3,4600,4959582,5,0,146356532,777177650,36041,35972,36046,862871618,431484053,860233748
1,559044011,1,1004765669,3,458785,31140224,1,73682198,419239,154263564,106,864562228,957626520,1,147772690,328842,797027742,268933212,4196,106,777177650,20145598,35928,1030545334,887227449,0,3297292,4196,114,8,4,4200,4259262,4,6,146356532,777177650,36018,35992,36043,862871618,365042431,134578837
1,559044011,1,1004765669,3,458785,31140224,1,73682198,419239,154263564,106,864562228,957626520,1,147772690,328842,797027742,268933212,4196,106,777177650,20145598,35928,1030545334,887227449,0,3297292,4196,72,2,5,300,291621,1,3,146356532,777177650,35930,35995,35931,749443834,86983390,291276047
1,559044011,1,1004765669,3,458785,31140224,1,73682198,419239,154263564,106,864562228,957626520,1,147772690,328842,797027742,268933212,4196,106,777177650,20145598,35928,1030545334,887227449,0,3297292,4196,87,8,6,4300,4244444,1,6,146356532,777177650,36017,35986,36027,749443834,944913022,1015295157
1,559044011,1,1004765669,3,458785,31140224,1,73682198,419239,154263564,106,864562228,957626520,1,147772690,328842,797027742,268933212,4196,106,777177650,20145598,35928,1030545334,887227449,0,3297292,4196,4,1,7,300,271200,0,6,146356532,777177650,36010,36002,36020,749443834,1001693018,210997639
17,145165669,1,127423842,1,792906294,317827973,17,971385163,575594,622797579,133,727108991,150278347,17,63836414,231467,701940545,136299243,4227,133,330563436,9226108,34752,382018914,339643682,0,468535038,4227,158,6,1,1900,2010484,1,8,449642453,330563436,34822,34820,34839,785149710,1001693018,192574743
17,145165669,1,127423842,1,792906294,317827973,17,971385163,575594,622797579,133,727108991,150278347,17,63836414,231467,701940545,136299243,4227,133,330563436,9226108,34752,382018914,339643682,0,468535038,4227,33,4,2,800,746424,9,0,146356532,330563436,34859,34817,34876,785149710,1001693018,208091070
17,145165669,1,127423842,1,792906294,317827973,17,971385163,575594,622797579,133,727108991,150278347,17,63836414,231467,701940545,136299243,4227,133,330563436,9226108,34752,382018914,339643682,0,468535038,4227,75,6,3,1100,1072577,10,4,449642453,330563436,34786,34819,34813,749443834,407419891,649961184
17,145165669,1,127423842,1,792906294,317827973,17,971385163,575594,622797579,133,727108991,150278347,17,63836414,231467,701940545,136299243,4227,133,330563436,9226108,34752,382018914,339643682,0,468535038,4227,200,4,4,200,220040,2,5,378580043,330563436,34811,34826,34838,749443834,365042431,1013674508
17,145165669,1,127423842,1,792906294,317827973,17,971385163,575594,622797579,133,727108991,150278347,17,63836414,231467,701940545,136299243,4227,133,330563436,9226108,34752,382018914,339643682,0,468535038,4227,147,6,5,4900,5130986,5,6,378580043,330563436,34836,34799,34860,862871618,1001693018,1001134449
17,145165669,1,127423842,8,292608994,956262271,17,801108420,762785,918253410,133,727108991,150278347,17,63836414,231467,701940545,136299243,4227,133,330563436,9226108,34752,382018914,339643682,0,468535038,4227,158,6,1,1900,2010484,1,8,449642453,330563436,34822,34820,34839,785149710,1001693018,192574743
17,145165669,1,127423842,8,292608994,956262271,17,801108420,762785,918253410,133,727108991,150278347,17,63836414,231467,701940545,136299243,4227,133,330563436,9226108,34752,382018914,339643682,0,468535038,4227,33,4,2,800,746424,9,0,146356532,330563436,34859,34817,34876,785149710,1001693018,208091070
17,145165669,1,127423842,8,292608994,956262271,17,801108420,762785,918253410,133,727108991,150278347,17,63836414,231467,701940545,136299243,4227,133,330563436,9226108,34752,382018914,339643682,0,468535038,4227,75,6,3,1100,1072577,10,4,449642453,330563436,34786,34819,34813,749443834,407419891,649961184
17,145165669,1,127423842,8,292608994,956262271,17,801108420,762785,918253410,133,727108991,150278347,17,63836414,231467,701940545,136299243,4227,133,330563436,9226108,34752,382018914,339643682,0,468535038,4227,200,4,4,200,220040,2,5,378580043,330563436,34811,34826,34838,749443834,365042431,1013674508
17,145165669,1,127423842,8,292608994,956262271,17,801108420,762785,918253410,133,727108991,150278347,17,63836414,231467,701940545,136299243,4227,133,330563436,9226108,34752,382018914,339643682,0,468535038,4227,147,6,5,4900,5130986,5,6,378580043,330563436,34836,34799,34860,862871618,1001693018,1001134449
10,185743883,4,261867689,9,895777001,658451645,10,73320802,530237,726765942,110,244010384,14769951,10,551032061,746299,701940545,942200752,4228,110,777177650,2207216,35515,527479233,1066485956,0,895974603,4228,141,10,1,2000,2082280,0,6,146356532,777177650,35542,35577,35565,106211174,250142940,818633338
1,559044011,1,1004765669,3,458785,31140224,1,73682198,419239,154263564,14,959061040,122146912,1,339030647,526630,373412815,789218819,4229,14,777177650,7514587,35855,382018914,619515379,0,725253547,4229,96,9,1,4400,4382796,2,5,146356532,777177650,35942,35925,35960,749443834,365042431,1007320302
1,559044011,1,1004765669,3,458785,31140224,1,73682198,419239,154263564,14,959061040,122146912,1,339030647,526630,373412815,789218819,4229,14,777177650,7514587,35855,382018914,619515379,0,725253547,4229,5,8,2,3400,3077000,7,5,146356532,777177650,35939,35896,35952,749443834,431484053,469490582
10,185743883,4,261867689,9,895777001,658451645,10,73320802,530237,726765942,104,133204033,240401202,10,569591890,-58838,373412815,427642554,4259,104,777177650,1291870,35710,527479233,271202045,0,776001415,4259,43,6,1,1400,1320256,5,3,146356532,777177650,35802,35753,35822,862871618,250142940,165595237
15,962519746,0,265433381,4,829353804,938198330,15,991041614,464108,693080424,34,3104980,1067983329,15,829251106,858970,750198692,421313236,4288,34,330563436,7503081,33940,483467692,277499506,0,1049110852,4288,74,5,1,3200,3117024,10,7,378580043,330563436,34045,33993,34075,862871618,365042431,170728829
15,962519746,0,265433381,4,829353804,938198330,15,991041614,464108,693080424,34,3104980,1067983329,15,829251106,858970,750198692,421313236,4288,34,330563436,7503081,33940,483467692,277499506,0,1049110852,4288,105,6,2,3900,3919890,5,2,378580043,330563436,34051,34004,34054,749443834,365042431,1019478094
15,962519746,0,265433381,4,829353804,938198330,15,991041614,464108,693080424,34,3104980,1067983329,15,829251106,858970,750198692,421313236,4288,34,330563436,7503081,33940,483467692,277499506,0,1049110852,4288,125,8,3,700,717584,3,1,449642453,330563436,33982,34003,33993,106211174,86983390,324133467
10,185743883,4,261867689,9,895777001,658451645,10,73320802,530237,726765942,41,548472177,102959959,10,589189525,27095,750198692,81122026,4290,41,330563436,2612899,34712,1030545334,995567911,0,997263479,4290,137,3,1,2300,2385399,6,4,378580043,330563436,34791,34744,34794,862871618,1001693018,117428837
10,185743883,4,261867689,9,895777001,658451645,10,73320802,530237,726765942,41,548472177,102959959,10,589189525,27095,750198692,81122026,4290,41,330563436,2612899,34712,1030545334,995567911,0,997263479,4290,99,2,2,300,299727,9,3,449642453,330563436,34781,34763,34798,106211174,250142940,959886910
14,188440933,0,29958364,6,564123676,816784291,14,177982233,136579,447900922,89,468529770,948964647,14,106551305,153076,373412815,1009632679,4291,89,330563436,7182286,34300,1030545334,754922986,0,157459613,4291,192,6,1,300,327657,8,8,449642453,330563436,34408,34384,34418,785149710,407419891,590935069
14,188440933,0,29958364,6,564123676,816784291,14,177982233,136579,447900922,89,468529770,948964647,14,106551305,153076,373412815,1009632679,4291,89,330563436,7182286,34300,1030545334,754922986,0,157459613,4291,125,8,2,4300,4408016,1,6,449642453,330563436,34364,34390,34369,749443834,1001693018,145208955
14,188440933,0,29958364,6,564123676,816784291,14,177982233,136579,447900922,89,468529770,948964647,14,106551305,153076,373412815,1009632679,4291,89,330563436,7182286,34300,1030545334,754922986,0,157459613,4291,8,1,3,2500,2270000,9,8,378580043,330563436,34377,34371,34406,785149710,365042431,956822668
10,185743883,4,261867689,9,895777001,658451645,10,73320802,530237,726765942,49,58080412,277187647,10,223001803,457393,373412815,529457660,4294,49,330563436,23219474,33829,1030545334,43049297,0,940281979,4294,105,8,1,1900,1909690,3,4,449642453,330563436,33891,33919,33901,749443834,365042431,952660704
10,185743883,4,261867689,9,895777001,658451645,10,73320802,530237,726765942,49,58080412,277187647,10,223001803,457393,373412815,529457660,4294,49,330563436,23219474,33829,1030545334,43049297,0,940281979,4294,27,2,2,1600,1483232,1,2,378580043,330563436,33831,33869,33849,862871618,1001693018,705386624
10,185743883,4,261867689,9,895777001,658451645,10,73320802,530237,726765942,49,58080412,277187647,10,223001803,457393,373412815,529457660,4294,49,330563436,23219474,33829,1030545334,43049297,0,940281979,4294,198,1,3,3000,3294569,1,0,449642453,330563436,33857,33912,33870,106211174,431484053,495845212
10,185743883,4,261867689,9,895777001,658451645,10,73320802,530237,726765942,49,58080412,277187647,10,223001803,457393,373412815,529457660,4294,49,330563436,23219474,33829,1030545334,43049297,0,940281979,4294,105,2,4,3400,3417340,2,1,378580043,330563436,33854,33912,33879,862871618,1001693018,652153433
10,185743883,4,261867689,9,895777001,658451645,10,73320802,530237,726765942,49,58080412,277187647,10,223001803,457393,373412815,529457660,4294,49,330563436,23219474,33829,1030545334,43049297,0,940281979,4294,119,3,5,3700,3770707,5,1,378580043,330563436,33852,33888,33853,106211174,1001693018,94437113
10,185743883,4,261867689,9,895777001,658451645,10,73320802,530237,726765942,49,58080412,277187647,10,223001803,457393,373412815,529457660,4294,49,330563436,23219474,33829,1030545334,43049297,0,940281979,4294,87,8,6,4200,4145736,2,3,449642453,330563436,33875,33919,33890,749443834,944913022,518387525
10,185743883,4,261867689,9,895777001,658451645,10,73320802,530237,726765942,49,58080412,277187647,10,223001803,457393,373412815,529457660,4294,49,330563436,23219474,33829,1030545334,43049297,0,940281979,4294,175,3,7,4700,5053299,2,8,378580043,330563436,33915,33909,33941,862871618,407419891,717304339
10,185743883,4,261867689,9,895777001,658451645,10,73320802,530237,726765942,16,606299054,831166561,10,851711143,468103,373412815,551498780,4321,16,330563436,11889695,34531,1030545334,657054353,0,908051150,4321,147,6,1,3300,3455562,9,2,449642453,330563436,34576,34561,34580,749443834,86983390,507058905
10,185743883,4,261867689,9,895777001,658451645,10,73320802,530237,726765942,16,606299054,831166561,10,851711143,468103,373412815,551498780,4321,16,330563436,11889695,34531,1030545334,657054353,0,908051150,4321,54,2,2,4500,4293225,0,8,378580043,330563436,34649,34590,34654,749443834,407419891,703834859
10,185743883,4,261867689,9,895777001,658451645,10,73320802,530237,726765942,16,606299054,831166561,10,851711143,468103,373412815,551498780,4321,16,330563436,11889695,34531,1030545334,657054353,0,908051150,4321,186,7,3,2300,2498214,1,5,449642453,330563436,34639,34613,34642,749443834,407419891,686826141
10,185743883,4,261867689,9,895777001,658451645,10,73320802,530237,726765942,16,606299054,831166561,10,851711143,468103,373412815,551498780,4321,16,330563436,11889695,34531,1030545334,657054353,0,908051150,4321,91,2,4,400,396436,2,0,378580043,330563436,34585,34611,34586,106211174,944913022,618309727
10,185743883,4,261867689,9,895777001,658451645,10,73320802,530237,726765942,16,606299054,831166561,10,851711143,468103,373412815,551498780,4321,16,330563436,11889695,34531,1030545334,657054353,0,908051150,4321,172,2,5,1000,1072170,4,3,449642453,330563436,34582,34567,34592,862871618,407419891,413483642
10,185743883,4,261867689,9,895777001,658451645,10,73320802,530237,726765942,104,133204033,240401202,10,569591890,-58838,373412815,427642554,4323,104,330563436,2759817,34355,919150108,934525942,0,191332633,4323,1,2,1,3300,2973300,9,2,449642453,330563436,34456,34397,34475,785149710,86983390,474491880
1,559044011,1,1004765669,3,458785,31140224,1,73682198,419239,154263564,14,959061040,122146912,1,339030647,526630,373412815,789218819,4352,14,777177650,1865309,35758,919150108,776398755,0,269284046,4352,106,9,1,1800,1810980,0,3,146356532,777177650,35851,35826,35853,749443834,250142940,452129275
17,145165669,1,127423842,1,792906294,317827973,17,971385163,575594,622797579,97,135469562,256852182,17,351137718,216448,701940545,611744579,4356,97,330563436,3982851,34433,527479233,556559552,0,498726372,4356,194,5,1,3500,3829665,0,4,378580043,330563436,34482,34497,34491,785149710,431484053,186042017
17,145165669,1,127423842,8,292608994,956262271,17,801108420,762785,918253410,97,135469562,256852182,17,351137718,216448,701940545,611744579,4356,97,330563436,3982851,34433,527479233,556559552,0,498726372,4356,194,5,1,3500,3829665,0,4,378580043,330563436,34482,34497,34491,785149710,431484053,186042017
10,185743883,4,261867689,9,895777001,658451645,10,73320802,530237,726765942,16,606299054,831166561,10,851711143,468103,373412815,551498780,4359,16,330563436,10782440,34029,382018914,690683074,0,979100331,4359,174,3,1,4100,4404097,3,7,449642453,330563436,34063,34093,34071,785149710,250142940,738185885
10,185743883,4,261867689,9,895777001,658451645,10,73320802,530237,726765942,16,606299054,831166561,10,851711143,468103,373412815,551498780,4359,16,330563436,10782440,34029,382018914,690683074,0,979100331,4359,153,8,2,800,842520,3,8,378580043,330563436,34145,34103,34152,749443834,431484053,140083423
10,185743883,4,261867689,9,895777001,658451645,10,73320802,530237,726765942,16,606299054,831166561,10,851711143,468103,373412815,551498780,4359,16,330563436,10782440,34029,382018914,690683074,0,979100331,4359,193,6,3,3200,3498208,10,3,378580043,330563436,34136,34061,34166,785149710,431484053,59411394
10,185743883,4,261867689,9,895777001,658451645,10,73320802,530237,726765942,16,606299054,831166561,10,851711143,468103,373412815,551498780,4359,16,330563436,10782440,34029,382018914,690683074,0,979100331,4359,78,8,4,100,97807,5,3,378580043,330563436,34084,34096,34095,106211174,431484053,891166933
10,185743883,4,261867689,9,895777001,658451645,10,73320802,530237,726765942,16,606299054,831166561,10,851711143,468103,373412815,551498780,4359,16,330563436,10782440,34029,382018914,690683074,0,979100331,4359,33,4,5,2200,2052666,4,1,449642453,330563436,34054,34119,34070,106211174,1001693018,322355262
17,145165669,1,127423842,1,792906294,317827973,17,971385163,575594,622797579,61,754492610,99266246,17,63893436,153624,373412815,1071371457,4386,61,777177650,13441357,35830,527479233,397553233,0,418986586,4386,130,3,1,1000,1030129,5,7,146356532,777177650,35947,35899,35972,862871618,431484053,396155825
17,145165669,1,127423842,1,792906294,317827973,17,971385163,575594,622797579,61,754492610,99266246,17,63893436,153624,373412815,1071371457,4386,61,777177650,13441357,35830,527479233,397553233,0,418986586,4386,118,2,2,2800,2850708,3,6,146356532,777177650,35871,35914,35879,106211174,944913022,62554017
17,145165669,1,127423842,1,792906294,317827973,17,971385163,575594,622797579,61,754492610,99266246,17,63893436,153624,373412815,1071371457,4386,61,777177650,13441357,35830,527479233,397553233,0,418986586,4386,140,1,3,400,416056,7,5,146356532,777177650,35890,35877,35902,785149710,944913022,839380986
17,145165669,1,127423842,1,792906294,317827973,17,971385163,575594,622797579,61,754492610,99266246,17,63893436,153624,373412815,1071371457,4386,61,777177650,13441357,35830,527479233,397553233,0,418986586,4386,121,2,4,2100,2144352,9,0,146356532,777177650,35918,35871,35926,106211174,250142940,46405939
17,145165669,1,127423842,1,792906294,317827973,17,971385163,575594,622797579,61,754492610,99266246,17,63893436,153624,373412815,1071371457,4386,61,777177650,13441357,35830,527479233,397553233,0,418986586,4386,130,3,5,3900,4017507,9,6,146356532,777177650,35857,35867,35868,106211174,250142940,546755660
17,145165669,1,127423842,1,792906294,317827973,17,971385163,575594,622797579,61,754492610,99266246,17,63893436,153624,373412815,1071371457,4386,61,777177650,13441357,35830,527479233,397553233,0,418986586,4386,90,1,6,1800,1782162,2,5,146356532,777177650,35895,35892,35925,862871618,407419891,780224814
17,145165669,1,127423842,1,792906294,317827973,17,971385163,575594,622797579,61,754492610,99266246,17,63893436,153624,373412815,1071371457,4386,61,777177650,13441357,35830,527479233,397553233,0,418986586,4386,20,4,7,1600,1472032,7,2,146356532,777177650,35918,35869,35947,785149710,365042431,961142387
17,145165669,1,127423842,8,292608994,956262271,17,801108420,762785,918253410,61,754492610,99266246,17,63893436,153624,373412815,1071371457,4386,61,777177650,13441357,35830,527479233,397553233,0,418986586,4386,130,3,1,1000,1030129,5,7,146356532,777177650,35947,35899,35972,862871618,431484053,396155825
17,145165669,1,127423842,8,292608994,956262271,17,801108420,762785,918253410,61,754492610,99266246,17,63893436,153624,373412815,1071371457,4386,61,777177650,13441357,35830,527479233,397553233,0,418986586,4386,118,2,2,2800,2850708,3,6,146356532,777177650,35871,35914,35879,106211174,944913022,62554017
17,145165669,1,127423842,8,292608994,956262271,17,801108420,762785,918253410,61,754492610,99266246,17,63893436,153624,373412815,1071371457,4386,61,777177650,13441357,35830,527479233,397553233,0,418986586,4386,140,1,3,400,416056,7,5,146356532,777177650,35890,35877,35902,785149710,944913022,839380986
17,145165669,1,127423842,8,292608994,956262271,17,801108420,762785,918253410,61,754492610,99266246,17,63893436,153624,373412815,1071371457,4386,61,777177650,13441357,35830,527479233,397553233,0,418986586,4386,121,2,4,2100,2144352,9,0,146356532,777177650,35918,35871,35926,106211174,250142940,46405939
17,145165669,1,127423842,8,292608994,956262271,17,801108420,762785,918253410,61,754492610,99266246,17,63893436,153624,373412815,1071371457,4386,61,777177650,13441357,35830,527479233,397553233,0,418986586,4386,130,3,5,3900,4017507,9,6,146356532,777177650,35857,35867,35868,106211174,250142940,546755660
17,145165669,1,127423842,8,292608994,956262271,17,801108420,762785,918253410,61,754492610,99266246,17,63893436,153624,373412815,1071371457,4386,61,777177650,13441357,35830,527479233,397553233,0,418986586,4386,90,1,6,1800,1782162,2,5,146356532,777177650,35895,35892,35925,862871618,407419891,780224814
17,145165669,1,127423842,8,292608994,956262271,17,801108420,762785,918253410,61,754492610,99266246,17,63893436,153624,373412815,1071371457,4386,61,777177650,13441357,35830,527479233,397553233,0,418986586,4386,20,4,7,1600,1472032,7,2,146356532,777177650,35918,35869,35947,785149710,365042431,961142387
10,185743883,4,261867689,9,895777001,658451645,10,73320802,530237,726765942,110,244010384,14769951,10,551032061,746299,701940545,942200752,4387,110,777177650,11674067,34993,382018914,893997646,0,948569155,4387,122,5,1,300,306636,2,1,146356532,777177650,35079,35076,35090,785149710,365042431,335903016
10,185743883,4,261867689,9,895777001,658451645,10,73320802,530237,726765942,110,244010384,14769951,10,551032061,746299,701940545,942200752,4387,110,777177650,11674067,34993,382018914,893997646,0,948569155,4387,177,5,2,4800,5170416,6,5,146356532,777177650,34999,35042,35002,106211174,1001693018,139754578
10,185743883,4,261867689,9,895777001,658451645,10,73320802,530237,726765942,110,244010384,14769951,10,551032061,746299,701940545,942200752,4387,110,777177650,11674067,34993,382018914,893997646,0,948569155,4387,2,5,3,1500,1353000,0,3,146356532,777177650,35073,35076,35092,862871618,1001693018,765456609
10,185743883,4,261867689,9,895777001,658451645,10,73320802,530237,726765942,110,244010384,14769951,10,551032061,746299,701940545,942200752,4387,110,777177650,11674067,34993,382018914,893997646,0,948569155,4387,47,8,4,900,852336,0,3,146356532,777177650,35066,35057,35074,749443834,1001693018,49735092
10,185743883,4,261867689,9,895777001,658451645,10,73320802,530237,726765942,110,244010384,14769951,10,551032061,746299,701940545,942200752,4387,110,777177650,11674067,34993,382018914,893997646,0,948569155,4387,82,3,5,300,294624,5,8,146356532,777177650,35018,35059,35026,785149710,407419891,334811196
10,185743883,4,261867689,9,895777001,658451645,10,73320802,530237,726765942,110,244010384,14769951,10,551032061,746299,701940545,942200752,4387,110,777177650,11674067,34993,382018914,893997646,0,948569155,4387,6,3,6,4000,3624000,2,4,146356532,777177650,35030,35041,35051,106211174,1001693018,635011658
5,529057841,0,890382161,2,549623314,849027485,5,58126162,403268,958596215,10,798437489,808791061,5,205635831,275354,750198692,908197369,4388,10,777177650,6966822,35150,919150108,277737983,0,194087145,4388,65,10,1,3000,2895180,2,7,146356532,777177650,35221,35190,35236,749443834,944913022,614863092
5,529057841,0,890382161,2,549623314,849027485,5,58126162,403268,958596215,10,798437489,808791061,5,205635831,275354,750198692,908197369,4388,10,777177650,6966822,35150,919150108,277737983,0,194087145,4388,84,5,2,2800,2755424,5,4,146356532,777177650,35191,35234,35195,862871618,250142940,392655821
5,529057841,0,890382161,2,549623314,849027485,5,58126162,403268,958596215,10,798437489,808791061,5,205635831,275354,750198692,908197369,4388,10,777177650,6966822,35150,919150108,277737983,0,194087145,4388,52,4,3,1300,1237665,7,5,146356532,777177650,35242,35206,35248,749443834,1001693018,695582117
10,185743883,4,261867689,9,895777001,658451645,10,73320802,530237,726765942,55,292749220,212078962,10,611195724,457210,797027742,482627384,4389,55,330563436,12032482,34457,1030545334,62703327,0,17849553,4389,157,2,1,2000,2114300,8,0,449642453,330563436,34489,34500,34500,749443834,407419891,36729946
10,185743883,4,261867689,9,895777001,658451645,10,73320802,530237,726765942,55,292749220,212078962,10,611195724,457210,797027742,482627384,4389,55,330563436,12032482,34457,1030545334,62703327,0,17849553,4389,153,5,2,1300,1369095,0,0,449642453,330563436,34562,34489,34564,106211174,250142940,1005520761
10,185743883,4,261867689,9,895777001,658451645,10,73320802,530237,726765942,55,292749220,212078962,10,611195724,457210,797027742,482627384,4389,55,330563436,12032482,34457,1030545334,62703327,0,17849553,4389,79,9,3,3900,3818373,4,7,449642453,330563436,34491,34487,34493,862871618,86983390,671377014
10,185743883,4,261867689,9,895777001,658451645,10,73320802,530237,726765942,55,292749220,212078962,10,611195724,457210,797027742,482627384,4389,55,330563436,12032482,34457,1030545334,62703327,0,17849553,4389,160,2,4,500,530080,9,0,449642453,330563436,34578,34506,34591,106211174,944913022,220515069
10,185743883,4,261867689,9,895777001,658451645,10,73320802,530237,726765942,55,292749220,212078962,10,611195724,457210,797027742,482627384,4389,55,330563436,12032482,34457,1030545334,62703327,0,17849553,4389,11,5,5,2200,2004222,8,0,378580043,330563436,34518,34495,34525,106211174,86983390,675085749
10,185743883,4,261867689,9,895777001,658451645,10,73320802,530237,726765942,55,292749220,212078962,10,611195724,457210,797027742,482627384,4389,55,330563436,12032482,34457,1030545334,62703327,0,17849553,4389,2,3,6,2200,1984400,1,4,378580043,330563436,34490,34512,34502,785149710,86983390,752732472
10,185743883,4,261867689,9,895777001,658451645,10,73320802,530237,726765942,55,292749220,212078962,10,611195724,457210,797027742,482627384,4389,55,330563436,12032482,34457,1030545334,62703327,0,17849553,4389,185,6,7,400,434072,9,8,378580043,330563436,34497,34513,34519,106211174,1001693018,369397234
17,145165669,1,127423842,1,792906294,317827973,17,971385163,575594,622797579,61,754492610,99266246,17,63893436,153624,373412815,1071371457,4418,61,330563436,4709971,34051,1030545334,255557624,0,260003951,4418,35,1,1,3200,2992096,2,6,449642453,330563436,34115,34120,34117,862871618,250142940,817128749
17,145165669,1,127423842,1,792906294,317827973,17,971385163,575594,622797579,61,754492610,99266246,17,63893436,153624,373412815,1071371457,4418,61,330563436,4709971,34051,1030545334,255557624,0,260003951,4418,22,5,2,1400,1290828,3,4,449642453,330563436,34107,34136,34123,862871618,407419891,739776698
17,145165669,1,127423842,1,792906294,317827973,17,971385163,575594,622797579,61,754492610,99266246,17,63893436,153624,373412815,1071371457,4418,61,330563436,4709971,34051,1030545334,255557624,0,260003951,4418,79,7,3,300,293721,0,2,378580043,330563436,34065,34122,34089,106211174,407419891,1030278769
17,145165669,1,127423842,8,292608994,956262271,17,801108420,762785,918253410,61,754492610,99266246,17,63893436,153624,373412815,1071371457,4418,61,330563436,4709971,34051,1030545334,255557624,0,260003951,4418,35,1,1,3200,2992096,2,6,449642453,330563436,34115,34120,34117,862871618,250142940,817128749
17,145165669,1,127423842,8,292608994,956262271,17,801108420,762785,918253410,61,754492610,99266246,17,63893436,153624,373412815,1071371457,4418,61,330563436,4709971,34051,1030545334,255557624,0,260003951,4418,22,5,2,1400,1290828,3,4,449642453,330563436,34107,34136,34123,862871618,407419891,739776698
17,145165669,1,127423842,8,292608994,956262271,17,801108420,762785,918253410,61,754492610,99266246,17,63893436,153624,373412815,1071371457,4418,61,330563436,4709971,34051,1030545334,255557624,0,260003951,4418,79,7,3,300,293721,0,2,378580043,330563436,34065,34122,34089,106211174,407419891,1030278769
10,185743883,4,261867689,9,895777001,658451645,10,73320802,530237,726765942,104,133204033,240401202,10,569591890,-58838,373412815,427642554,4419,104,777177650,9403043,35226,483467692,654881397,0,879785650,4419,108,9,1,4500,4536450,1,5,146356532,777177650,35264,35313,35293,749443834,86983390,103304903
10,185743883,4,261867689,9,895777001,658451645,10,73320802,530237,726765942,104,133204033,240401202,10,569591890,-58838,373412815,427642554,4419,104,777177650,9403043,35226,483467692,654881397,0,879785650,4419,32,8,2,4200,3914526,0,3,146356532,777177650,35324,35269,35327,785149710,250142940,201336295
10,185743883,4,261867689,9,895777001,658451645,10,73320802,530237,726765942,104,133204033,240401202,10,569591890,-58838,373412815,427642554,4419,104,777177650,9403043,35226,483467692,654881397,0,879785650,4419,132,3,3,600,619278,2,8,146356532,777177650,35239,35310,35264,749443834,365042431,385877851
5,529057841,0,890382161,2,549623314,849027485,5,58126162,403268,958596215,10,798437489,808791061,5,205635831,275354,750198692,908197369,4421,10,777177650,25877902,35522,1030545334,609815240,0,674034702,4421,98,2,1,3700,3692933,9,8,146356532,777177650,35631,35606,35634,749443834,407419891,646200994
5,529057841,0,890382161,2,549623314,849027485,5,58126162,403268,958596215,10,798437489,808791061,5,205635831,275354,750198692,908197369,4421,10,777177650,25877902,35522,1030545334,609815240,0,674034702,4421,56,1,2,4600,4397830,4,4,146356532,777177650,35539,35561,35563,749443834,944913022,492051995
5,529057841,0,890382161,2,549623314,849027485,5,58126162,403268,958596215,10,798437489,808791061,5,205635831,275354,750198692,908197369,4421,10,777177650,25877902,35522,1030545334,609815240,0,674034702,4421,167,6,3,4600,4908936,0,6,146356532,777177650,35573,35569,35602,785149710,86983390,436157430
5,529057841,0,890382161,2,549623314,849027485,5,58126162,403268,958596215,10,798437489,808791061,5,205635831,275354,750198692,908197369,4421,10,777177650,25877902,35522,1030545334,609815240,0,674034702,4421,191,4,4,3200,3491808,6,4,146356532,777177650,35618,35582,35634,106211174,407419891,423132819
5,529057841,0,890382161,2,549623314,849027485,5,58126162,403268,958596215,10,798437489,808791061,5,205635831,275354,750198692,908197369,4421,10,777177650,25877902,35522,1030545334,609815240,0,674034702,4421,190,1,5,3200,3488608,6,4,146356532,777177650,35637,35593,35653,106211174,1001693018,1015258764
5,529057841,0,890382161,2,549623314,849027485,5,58126162,403268,958596215,10,798437489,808791061,5,205635831,275354,750198692,908197369,4421,10,777177650,25877902,35522,1030545334,609815240,0,674034702,4421,47,6,6,4400,4166976,9,6,146356532,777177650,35596,35599,35608,106211174,86983390,115658117
5,529057841,0,890382161,2,549623314,849027485,5,58126162,403268,958596215,10,798437489,808791061,5,205635831,275354,750198692,908197369,4421,10,777177650,25877902,35522,1030545334,609815240,0,674034702,4421,116,3,7,1800,1828998,1,0,146356532,777177650,35586,35561,35589,749443834,944913022,875045889
5,529057841,0,890382161,2,549623314,849027485,5,58126162,403268,958596215,10,798437489,808791061,5,205635831,275354,750198692,908197369,4449,10,777177650,4820614,35832,527479233,382135347,0,1068194495,4449,32,3,1,4200,3914526,10,7,146356532,777177650,35874,35922,35886,106211174,944913022,258556143
5,529057841,0,890382161,2,549623314,849027485,5,58126162,403268,958596215,10,798437489,808791061,5,205635831,275354,750198692,908197369,4449,10,777177650,4820614,35832,527479233,382135347,0,1068194495,4449,141,8,2,1000,1041140,2,3,146356532,777177650,35922,35917,35928,106211174,407419891,298279631
1,559044011,1,1004765669,3,458785,31140224,1,73682198,419239,154263564,106,864562228,957626520,1,147772690,328842,797027742,268933212,4450,106,777177650,11019431,35624,382018914,800075590,0,846746354,4450,174,5,1,4400,4726348,10,0,146356532,777177650,35713,35714,35730,749443834,250142940,141165823
1,559044011,1,1004765669,3,458785,31140224,1,73682198,419239,154263564,106,864562228,957626520,1,147772690,328842,797027742,268933212,4450,106,777177650,11019431,35624,382018914,800075590,0,846746354,4450,15,6,2,900,823509,3,3,146356532,777177650,35653,35656,35655,106211174,944913022,522390062
1,559044011,1,1004765669,3,458785,31140224,1,73682198,419239,154263564,106,864562228,957626520,1,147772690,328842,797027742,268933212,4450,106,777177650,11019431,35624,382018914,800075590,0,846746354,4450,96,8,3,4500,4482405,8,1,146356532,777177650,35672,35707,35690,106211174,86983390,251409003
1,559044011,1,1004765669,3,458785,31140224,1,73682198,419239,154263564,106,864562228,957626520,1,147772690,328842,797027742,268933212,4450,106,777177650,11019431,35624,382018914,800075590,0,846746354,4450,62,9,4,1300,1250678,0,0,146356532,777177650,35666,35689,35691,785149710,431484053,1067848287
1,559044011,1,1004765669,3,458785,31140224,1,73682198,419239,154263564,106,864562228,957626520,1,147772690,328842,797027742,268933212,4450,106,777177650,11019431,35624,382018914,800075590,0,846746354,4450,56,7,5,600,573630,9,1,146356532,777177650,35673,35701,35680,106211174,944913022,1070044530
23,536896580,3,94114815,7,11315813,791810943,23,1051077640,682035,798884201,65,281052985,65225523,23,531840509,879516,701940545,1044095204,4453,65,777177650,13703040,35519,1030545334,993393971,0,383189571,4453,147,10,1,4100,4293274,0,8,146356532,777177650,35626,35563,35640,106211174,1001693018,1066629240
23,536896580,3,94114815,7,11315813,791810943,23,1051077640,682035,798884201,65,281052985,65225523,23,531840509,879516,701940545,1044095204,4453,65,777177650,13703040,35519,1030545334,993393971,0,383189571,4453,133,4,2,1600,1653008,3,0,146356532,777177650,35631,35553,35643,785149710,944913022,205761946
23,536896580,3,94114815,7,11315813,791810943,23,1051077640,682035,798884201,65,281052985,65225523,23,531840509,879516,701940545,1044095204,4453,65,777177650,13703040,35519,1030545334,993393971,0,383189571,4453,62,7,3,4800,4617888,2,7,146356532,777177650,35577,35603,35582,106211174,407419891,3984383
23,536896580,3,94114815,7,11315813,791810943,23,1051077640,682035,798884201,65,281052985,65225523,23,531840509,879516,701940545,1044095204,4453,65,777177650,13703040,35519,1030545334,993393971,0,383189571,4453,102,5,4,2600,2605460,6,7,146356532,777177650,35555,35586,35570,106211174,86983390,618136330
5,529057841,0,890382161,2,549623314,849027485,5,58126162,403268,958596215,85,1001770604,231357394,5,608676529,338664,373412815,725868244,4480,85,330563436,2865826,34422,483467692,835577513,0,84871363,4480,108,5,1,3000,3024300,8,3,378580043,330563436,34542,34505,34545,106211174,944913022,52251591
11,319240162,4,108891028,5,64952534,366176741,11,103869805,-28383,275262022,148,120951395,335387568,11,608291700,213560,750198692,672328102,4481,148,777177650,7770539,35152,527479233,341450815,0,533109767,4481,24,9,1,5000,4620100,2,6,146356532,777177650,35266,35196,35289,749443834,250142940,1047759737
11,319240162,4,108891028,5,64952534,366176741,11,103869805,-28383,275262022,148,120951395,335387568,11,608291700,213560,750198692,672328102,4481,148,777177650,7770539,35152,527479233,341450815,0,533109767,4481,190,1,2,2700,2943513,2,3,146356532,777177650,35159,35200,35165,862871618,365042431,200484726
11,319240162,4,108891028,5,64952534,366176741,11,103869805,-28383,275262022,52,749902188,199806749,11,982273298,563028,750198692,628614943,4483,52,330563436,12659721,33668,1030545334,1045287646,0,449609635,4483,6,7,1,3200,2899200,7,7,378580043,330563436,33697,33747,33700,749443834,431484053,115873972
11,319240162,4,108891028,5,64952534,366176741,11,103869805,-28383,275262022,52,749902188,199806749,11,982273298,563028,750198692,628614943,4483,52,330563436,12659721,33668,1030545334,1045287646,0,449609635,4483,62,1,2,5000,4810300,1,6,449642453,330563436,33772,33734,33791,749443834,86983390,253303302
11,319240162,4,108891028,5,64952534,366176741,11,103869805,-28383,275262022,52,749902188,199806749,11,982273298,563028,750198692,628614943,4483,52,330563436,12659721,33668,1030545334,1045287646,0,449609635,4483,9,4,3,5000,4545000,0,4,378580043,330563436,33763,33710,33770,749443834,431484053,626680625
11,319240162,4,108891028,5,64952534,366176741,11,103869805,-28383,275262022,131,177759885,35988995,11,534137668,859553,750198692,317345255,4484,131,777177650,23794761,35421,382018914,186917638,0,567719018,4484,95,9,1,400,398036,6,3,146356532,777177650,35527,35470,35530,862871618,86983390,326463673
11,319240162,4,108891028,5,64952534,366176741,11,103869805,-28383,275262022,131,177759885,35988995,11,534137668,859553,750198692,317345255,4484,131,777177650,23794761,35421,382018914,186917638,0,567719018,4484,137,8,2,3900,4044807,5,2,146356532,777177650,35519,35454,35539,106211174,250142940,989890630
11,319240162,4,108891028,5,64952534,366176741,11,103869805,-28383,275262022,131,177759885,35988995,11,534137668,859553,750198692,317345255,4484,131,777177650,23794761,35421,382018914,186917638,0,567719018,4484,190,1,3,3800,4142722,6,7,146356532,777177650,35494,35459,35519,785149710,1001693018,25310390
11,319240162,4,108891028,5,64952534,366176741,11,103869805,-28383,275262022,131,177759885,35988995,11,534137668,859553,750198692,317345255,4484,131,777177650,23794761,35421,382018914,186917638,0,567719018,4484,122,5,4,4100,4190692,6,3,146356532,777177650,35453,35474,35457,862871618,1001693018,593413804
11,319240162,4,108891028,5,64952534,366176741,11,103869805,-28383,275262022,131,177759885,35988995,11,534137668,859553,750198692,317345255,4484,131,777177650,23794761,35421,382018914,186917638,0,567719018,4484,3,4,5,4200,3792600,3,7,146356532,777177650,35512,35480,35523,749443834,1001693018,654692570
11,319240162,4,108891028,5,64952534,366176741,11,103869805,-28383,275262022,131,177759885,35988995,11,534137668,859553,750198692,317345255,4484,131,777177650,23794761,35421,382018914,186917638,0,567719018,4484,36,7,6,2900,2714487,9,6,146356532,777177650,35424,35497,35441,106211174,944913022,721875147
11,319240162,4,108891028,5,64952534,366176741,11,103869805,-28383,275262022,131,177759885,35988995,11,534137668,859553,750198692,317345255,4484,131,777177650,23794761,35421,382018914,186917638,0,567719018,4484,103,8,7,5000,5015500,7,1,146356532,777177650,35504,35503,35508,785149710,944913022,380663710
15,962519746,0,265433381,4,829353804,938198330,15,991041614,464108,693080424,53,1039100764,494421651,15,378811987,411364,750198692,860477758,4485,53,330563436,18243217,34649,1030545334,957841791,0,656799634,4485,191,5,1,100,109119,3,5,378580043,330563436,34670,34735,34675,106211174,365042431,1070083558
15,962519746,0,265433381,4,829353804,938198330,15,991041614,464108,693080424,53,1039100764,494421651,15,378811987,411364,750198692,860477758,4485,53,330563436,18243217,34649,1030545334,957841791,0,656799634,4485,141,10,2,4600,4789244,4,6,378580043,330563436,34765,34680,34779,749443834,365042431,26907793
15,962519746,0,265433381,4,829353804,938198330,15,991041614,464108,693080424,53,1039100764,494421651,15,378811987,411364,750198692,860477758,4485,53,330563436,18243217,34649,1030545334,957841791,0,656799634,4485,175,6,3,4300,4623231,1,5,378580043,330563436,34714,34739,34735,749443834,86983390,390285692
15,962519746,0,265433381,4,829353804,938198330,15,991041614,464108,693080424,53,1039100764,494421651,15,378811987,411364,750198692,860477758,4485,53,330563436,18243217,34649,1030545334,957841791,0,656799634,4485,144,5,4,4300,4489802,8,6,378580043,330563436,34725,34723,34735,749443834,365042431,289421466
15,962519746,0,265433381,4,829353804,938198330,15,991041614,464108,693080424,53,1039100764,494421651,15,378811987,411364,750198692,860477758,4485,53,330563436,18243217,34649,1030545334,957841791,0,656799634,4485,6,7,5,4700,4258200,8,4,378580043,330563436,34767,34708,34777,862871618,250142940,398122802
5,529057841,0,890382161,2,549623314,849027485,5,58126162,403268,958596215,85,1001770604,231357394,5,608676529,338664,373412815,725868244,4513,85,777177650,11982038,35137,527479233,1064137039,0,589808423,4513,170,1,1,2900,3103493,3,1,146356532,777177650,35201,35206,35222,106211174,1001693018,479958503
5,529057841,0,890382161,2,549623314,849027485,5,58126162,403268,958596215,85,1001770604,231357394,5,608676529,338664,373412815,725868244,4513,85,777177650,11982038,35137,527479233,1064137039,0,589808423,4513,70,9,2,3900,3783273,1,4,146356532,777177650,35239,35197,35268,106211174,431484053,1025073820
5,529057841,0,890382161,2,549623314,849027485,5,58126162,403268,958596215,85,1001770604,231357394,5,608676529,338664,373412815,725868244,4513,85,777177650,11982038,35137,527479233,1064137039,0,589808423,4513,138,4,3,3400,3529642,0,3,146356532,777177650,35149,35226,35159,749443834,407419891,124634250
5,529057841,0,890382161,2,549623314,849027485,5,58126162,403268,958596215,85,1001770604,231357394,5,608676529,338664,373412815,725868244,4513,85,777177650,11982038,35137,527479233,1064137039,0,589808423,4513,192,6,4,1300,1419847,8,8,146356532,777177650,35165,35202,35178,749443834,365042431,111787401
17,145165669,1,127423842,1,792906294,317827973,17,971385163,575594,622797579,97,135469562,256852182,17,351137718,216448,701940545,611744579,4514,97,330563436,14389985,34452,1030545334,905402610,0,68599925,4514,164,9,1,2700,2873232,6,6,378580043,330563436,34514,34526,34539,785149710,365042431,147393147
17,145165669,1,127423842,1,792906294,317827973,17,971385163,575594,622797579,97,135469562,256852182,17,351137718,216448,701940545,611744579,4514,97,330563436,14389985,34452,1030545334,905402610,0,68599925,4514,46,3,2,1500,1419060,10,4,378580043,330563436,34568,34524,34589,749443834,250142940,106269127
17,145165669,1,127423842,1,792906294,317827973,17,971385163,575594,622797579,97,135469562,256852182,17,351137718,216448,701940545,611744579,4514,97,330563436,14389985,34452,1030545334,905402610,0,68599925,4514,78,8,3,1000,978070,9,5,449642453,330563436,34502,34508,34514,785149710,407419891,998109006
17,145165669,1,127423842,1,792906294,317827973,17,971385163,575594,622797579,97,135469562,256852182,17,351137718,216448,701940545,611744579,4514,97,330563436,14389985,34452,1030545334,905402610,0,68599925,4514,81,2,4,900,882971,10,3,449642453,330563436,34548,34514,34576,749443834,1001693018,687855321
17,145165669,1,127423842,1,792906294,317827973,17,971385163,575594,622797579,97,135469562,256852182,17,351137718,216448,701940545,611744579,4514,97,330563436,14389985,34452,1030545334,905402610,0,68599925,4514,149,8,5,1200,1258968,2,3,378580043,330563436,34564,34492,34590,862871618,944913022,625101497
17,145165669,1,127423842,1,792906294,317827973,17,971385163,575594,622797579,97,135469562,256852182,17,351137718,216448,701940545,611744579,4514,97,330563436,14389985,34452,1030545334,905402610,0,68599925,4514,189,10,6,3800,4138883,3,5,449642453,330563436,34541,34519,34569,106211174,365042431,869928741
17,145165669,1,127423842,1,792906294,317827973,17,971385163,575594,622797579,97,135469562,256852182,17,351137718,216448,701940545,611744579,4514,97,330563436,14389985,34452,1030545334,905402610,0,68599925,4514,177,8,7,2700,2908359,4,6,449642453,330563436,34507,34527,34513,862871618,86983390,766218007
17,145165669,1,127423842,8,292608994,956262271,17,801108420,762785,918253410,97,135469562,256852182,17,351137718,216448,701940545,611744579,4514,97,330563436,14389985,34452,1030545334,905402610,0,68599925,4514,164,9,1,2700,2873232,6,6,378580043,330563436,34514,34526,34539,785149710,365042431,147393147
17,145165669,1,127423842,8,292608994,956262271,17,801108420,762785,918253410,97,135469562,256852182,17,351137718,216448,701940545,611744579,4514,97,330563436,14389985,34452,1030545334,905402610,0,68599925,4514,46,3,2,1500,1419060,10,4,378580043,330563436,34568,34524,34589,749443834,250142940,106269127
17,145165669,1,127423842,8,292608994,956262271,17,801108420,762785,918253410,97,135469562,256852182,17,351137718,216448,701940545,611744579,4514,97,330563436,14389985,34452,1030545334,905402610,0,68599925,4514,78,8,3,1000,978070,9,5,449642453,330563436,34502,34508,34514,785149710,407419891,998109006
17,145165669,1,127423842,8,292608994,956262271,17,801108420,762785,918253410,97,135469562,256852182,17,351137718,216448,701940545,611744579,4514,97,330563436,14389985,34452,1030545334,905402610,0,68599925,4514,81,2,4,900,882971,10,3,449642453,330563436,34548,34514,34576,749443834,1001693018,687855321
17,145165669,1,127423842,8,292608994,956262271,17,801108420,762785,918253410,97,135469562,256852182,17,351137718,216448,701940545,611744579,4514,97,330563436,14389985,34452,1030545334,905402610,0,68599925,4514,149,8,5,1200,1258968,2,3,378580043,330563436,34564,34492,34590,862871618,944913022,625101497
17,145165669,1,127423842,8,292608994,956262271,17,801108420,762785,918253410,97,135469562,256852182,17,351137718,216448,701940545,611744579,4514,97,330563436,14389985,34452,1030545334,905402610,0,68599925,4514,189,10,6,3800,4138883,3,5,449642453,330563436,34541,34519,34569,106211174,365042431,869928741
17,145165669,1,127423842,8,292608994,956262271,17,801108420,762785,918253410,97,135469562,256852182,17,351137718,216448,701940545,611744579,4514,97,330563436,14389985,34452,1030545334,905402610,0,68599925,4514,177,8,7,2700,2908359,4,6,449642453,330563436,34507,34527,34513,862871618,86983390,766218007
1,559044011,1,1004765669,3,458785,31140224,1,73682198,419239,154263564,59,423000473,655613612,1,237474603,345860,797027742,1021373874,4545,59,330563436,14327628,33984,483467692,439528400,0,114979932,4545,173,1,1,3800,4078046,6,6,378580043,330563436,33994,34027,34002,106211174,86983390,14614468
1,559044011,1,1004765669,3,458785,31140224,1,73682198,419239,154263564,59,423000473,655613612,1,237474603,345860,797027742,1021373874,4545,59,330563436,14327628,33984,483467692,439528400,0,114979932,4545,63,4,2,2700,2600262,1,6,378580043,330563436,34005,34016,34016,106211174,944913022,28303609
1,559044011,1,1004765669,3,458785,31140224,1,73682198,419239,154263564,59,423000473,655613612,1,237474603,345860,797027742,1021373874,4545,59,330563436,14327628,33984,483467692,439528400,0,114979932,4545,87,8,3,900,888371,10,6,378580043,330563436,34046,34021,34068,862871618,365042431,493205572
1,559044011,1,1004765669,3,458785,31140224,1,73682198,419239,154263564,59,423000473,655613612,1,237474603,345860,797027742,1021373874,4545,59,330563436,14327628,33984,483467692,439528400,0,114979932,4545,64,9,4,200,192812,10,0,378580043,330563436,34073,34074,34090,106211174,1001693018,334207953
1,559044011,1,1004765669,3,458785,31140224,1,73682198,419239,154263564,59,423000473,655613612,1,237474603,345860,797027742,1021373874,4545,59,330563436,14327628,33984,483467692,439528400,0,114979932,4545,117,1,5,2700,2746197,8,5,449642453,330563436,34044,34020,34049,106211174,250142940,108628881
1,559044011,1,1004765669,3,458785,31140224,1,73682198,419239,154263564,59,423000473,655613612,1,237474603,345860,797027742,1021373874,4545,59,330563436,14327628,33984,483467692,439528400,0,114979932,4545,109,2,6,800,807280,3,2,449642453,330563436,34088,34038,34102,106211174,944913022,252645199
1,559044011,1,1004765669,3,458785,31140224,1,73682198,419239,154263564,59,423000473,655613612,1,237474603,345860,797027742,1021373874,4545,59,330563436,14327628,33984,483467692,439528400,0,114979932,4545,9,2,7,3600,3272400,10,4,378580043,330563436,33995,34056,34002,749443834,407419891,320210430
15,962519746,0,265433381,4,829353804,938198330,15,991041614,464108,693080424,79,620373923,918253789,15,1003789897,512128,797027742,999752886,4577,79,777177650,10425988,35915,527479233,778902010,0,504577383,4577,185,6,1,4300,4666274,1,3,146356532,777177650,35960,35983,35961,862871618,365042431,698512567
15,962519746,0,265433381,4,829353804,938198330,15,991041614,464108,693080424,79,620373923,918253789,15,1003789897,512128,797027742,999752886,4577,79,777177650,10425988,35915,527479233,778902010,0,504577383,4577,177,6,2,4300,4631831,5,3,146356532,777177650,36029,35946,36050,862871618,250142940,322277540
15,962519746,0,265433381,4,829353804,938198330,15,991041614,464108,693080424,79,620373923,918253789,15,1003789897,512128,797027742,999752886,4577,79,777177650,10425988,35915,527479233,778902010,0,504577383,4577,69,6,3,1200,1162872,7,5,146356532,777177650,36003,35961,36009,749443834,86983390,198686758
1,559044011,1,1004765669,3,458785,31140224,1,73682198,419239,154263564,106,864562228,957626520,1,147772690,328842,797027742,268933212,4579,106,777177650,8592785,35032,919150108,736472541,0,759214714,4579,175,4,1,1400,1505238,2,2,146356532,777177650,35094,35070,35101,862871618,431484053,392462057
1,559044011,1,1004765669,3,458785,31140224,1,73682198,419239,154263564,106,864562228,957626520,1,147772690,328842,797027742,268933212,4579,106,777177650,8592785,35032,919150108,736472541,0,759214714,4579,42,3,2,2800,2637712,2,5,146356532,777177650,35084,35106,35096,749443834,250142940,3508426
1,559044011,1,1004765669,3,458785,31140224,1,73682198,419239,154263564,106,864562228,957626520,1,147772690,328842,797027742,268933212,4579,106,777177650,8592785,35032,919150108,736472541,0,759214714,4579,178,9,3,3400,3665778,5,2,146356532,777177650,35119,35115,35138,785149710,431484053,147339262
1,559044011,1,1004765669,3,458785,31140224,1,73682198,419239,154263564,106,864562228,957626520,1,147772690,328842,797027742,268933212,4579,106,777177650,8592785,35032,919150108,736472541,0,759214714,4579,120,1,4,800,816096,5,6,146356532,777177650,35047,35077,35049,862871618,365042431,766262259
15,962519746,0,265433381,4,829353804,938198330,15,991041614,464108,693080424,79,620373923,918253789,15,1003789897,512128,797027742,999752886,4581,79,330563436,8959211,33849,483467692,325853957,0,593464373,4581,165,4,1,3700,3941092,1,4,449642453,330563436,33892,33911,33910,749443834,431484053,331836963
15,962519746,0,265433381,4,829353804,938198330,15,991041614,464108,693080424,79,620373923,918253789,15,1003789897,512128,797027742,999752886,4581,79,330563436,8959211,33849,483467692,325853957,0,593464373,4581,50,3,2,700,665035,1,2,449642453,330563436,33884,33895,33896,862871618,431484053,716904686
15,962519746,0,265433381,4,829353804,938198330,15,991041614,464108,693080424,79,620373923,918253789,15,1003789897,512128,797027742,999752886,4581,79,330563436,8959211,33849,483467692,325853957,0,593464373,4581,21,10,3,4600,4236692,4,4,449642453,330563436,33854,33933,33871,106211174,1001693018,997528109
17,145165669,1,127423842,1,792906294,317827973,17,971385163,575594,622797579,133,727108991,150278347,17,63836414,231467,701940545,136299243,4609,133,777177650,7046284,35402,1030545334,1031102955,0,687521472,4609,47,6,1,2800,2651712,10,5,146356532,777177650,35461,35476,35489,749443834,1001693018,1064789846
17,145165669,1,127423842,1,792906294,317827973,17,971385163,575594,622797579,133,727108991,150278347,17,63836414,231467,701940545,136299243,4609,133,777177650,7046284,35402,1030545334,1031102955,0,687521472,4609,185,6,2,300,325554,9,3,146356532,777177650,35425,35465,35448,106211174,944913022,391299545
17,145165669,1,127423842,1,792906294,317827973,17,971385163,575594,622797579,133,727108991,150278347,17,63836414,231467,701940545,136299243,4609,133,777177650,7046284,35402,1030545334,1031102955,0,687521472,4609,23,4,3,4600,4245892,5,5,146356532,777177650,35470,35444,35494,106211174,944913022,562440159
17,145165669,1,127423842,8,292608994,956262271,17,801108420,762785,918253410,133,727108991,150278347,17,63836414,231467,701940545,136299243,4609,133,777177650,7046284,35402,1030545334,1031102955,0,687521472,4609,47,6,1,2800,2651712,10,5,146356532,777177650,35461,35476,35489,749443834,1001693018,1064789846
17,145165669,1,127423842,8,292608994,956262271,17,801108420,762785,918253410,133,727108991,150278347,17,63836414,231467,701940545,136299243,4609,133,777177650,7046284,35402,1030545334,1031102955,0,687521472,4609,185,6,2,300,325554,9,3,146356532,777177650,35425,35465,35448,106211174,944913022,391299545
17,145165669,1,127423842,8,292608994,956262271,17,801108420,762785,918253410,133,727108991,150278347,17,63836414,231467,701940545,136299243,4609,133,777177650,7046284,35402,1030545334,1031102955,0,687521472,4609,23,4,3,4600,4245892,5,5,146356532,777177650,35470,35444,35494,106211174,944913022,562440159
17,145165669,1,127423842,1,792906294,317827973,17,971385163,575594,622797579,61,754492610,99266246,17,63893436,153624,373412815,1071371457,4612,61,330563436,8259887,34230,1030545334,161751038,0,189697513,4612,6,9,1,2000,1812000,2,3,378580043,330563436,34234,34319,34262,106211174,365042431,976501594
17,145165669,1,127423842,1,792906294,317827973,17,971385163,575594,622797579,61,754492610,99266246,17,63893436,153624,373412815,1071371457,4612,61,330563436,8259887,34230,1030545334,161751038,0,189697513,4612,50,7,2,1700,1615085,10,6,449642453,330563436,34341,34279,34369,862871618,1001693018,33190268
17,145165669,1,127423842,1,792906294,317827973,17,971385163,575594,622797579,61,754492610,99266246,17,63893436,153624,373412815,1071371457,4612,61,330563436,8259887,34230,1030545334,161751038,0,189697513,4612,137,8,3,4000,4148519,8,1,378580043,330563436,34248,34294,34264,749443834,250142940,973921438
17,145165669,1,127423842,1,792906294,317827973,17,971385163,575594,622797579,61,754492610,99266246,17,63893436,153624,373412815,1071371457,4612,61,330563436,8259887,34230,1030545334,161751038,0,189697513,4612,185,6,4,1000,1085180,10,6,449642453,330563436,34282,34290,34284,862871618,407419891,1008521020
17,145165669,1,127423842,8,292608994,956262271,17,801108420,762785,918253410,61,754492610,99266246,17,63893436,153624,373412815,1071371457,4612,61,330563436,8259887,34230,1030545334,161751038,0,189697513,4612,6,9,1,2000,1812000,2,3,378580043,330563436,34234,34319,34262,106211174,365042431,976501594
17,145165669,1,127423842,8,292608994,956262271,17,801108420,762785,918253410,61,754492610,99266246,17,63893436,153624,373412815,1071371457,4612,61,330563436,8259887,34230,1030545334,161751038,0,189697513,4612,50,7,2,1700,1615085,10,6,449642453,330563436,34341,34279,34369,862871618,1001693018,33190268
17,145165669,1,127423842,8,292608994,956262271,17,801108420,762785,918253410,61,754492610,99266246,17,63893436,153624,373412815,1071371457,4612,61,330563436,8259887,34230,1030545334,161751038,0,189697513,4612,137,8,3,4000,4148519,8,1,378580043,330563436,34248,34294,34264,749443834,250142940,973921438
17,145165669,1,127423842,8,292608994,956262271,17,801108420,762785,918253410,61,754492610,99266246,17,63893436,153624,373412815,1071371457,4612,61,330563436,8259887,34230,1030545334,161751038,0,189697513,4612,185,6,4,1000,1085180,10,6,449642453,330563436,34282,34290,34284,862871618,407419891,1008521020
17,145165669,1,127423842,1,792906294,317827973,17,971385163,575594,622797579,133,727108991,150278347,17,63836414,231467,701940545,136299243,4613,133,777177650,21233955,35857,1030545334,648495959,0,252608325,4613,38,9,1,1700,1594651,9,7,146356532,777177650,35951,35924,35973,749443834,407419891,659480747
17,145165669,1,127423842,1,792906294,317827973,17,971385163,575594,622797579,133,727108991,150278347,17,63836414,231467,701940545,136299243,4613,133,777177650,21233955,35857,1030545334,648495959,0,252608325,4613,108,1,2,2500,2520250,5,4,146356532,777177650,35935,35894,35940,862871618,407419891,574836883
17,145165669,1,127423842,1,792906294,317827973,17,971385163,575594,622797579,133,727108991,150278347,17,63836414,231467,701940545,136299243,4613,133,777177650,21233955,35857,1030545334,648495959,0,252608325,4613,174,3,3,1500,1611255,10,2,146356532,777177650,35944,35899,35969,749443834,431484053,1003689014
17,145165669,1,127423842,1,792906294,317827973,17,971385163,575594,622797579,133,727108991,150278347,17,63836414,231467,701940545,136299243,4613,133,777177650,21233955,35857,1030545334,648495959,0,252608325,4613,8,1,4,3600,3268800,4,1,146356532,777177650,35905,35918,35917,749443834,365042431,194887003
17,145165669,1,127423842,1,792906294,317827973,17,971385163,575594,622797579,133,727108991,150278347,17,63836414,231467,701940545,136299243,4613,133,777177650,21233955,35857,1030545334,648495959,0,252608325,4613,111,8,5,3500,3538885,4,6,146356532,777177650,35948,35900,35964,785149710,431484053,43234417
17,145165669,1,127423842,1,792906294,317827973,17,971385163,575594,622797579,133,727108991,150278347,17,63836414,231467,701940545,136299243,4613,133,777177650,21233955,35857,1030545334,648495959,0,252608325,4613,196,8,6,4700,5152093,4,4,146356532,777177650,35977,35939,35983,106211174,944913022,620114534
17,145165669,1,127423842,1,792906294,317827973,17,971385163,575594,622797579,133,727108991,150278347,17,63836414,231467,701940545,136299243,4613,133,777177650,21233955,35857,1030545334,648495959,0,252608325,4613,119,3,7,3900,3974529,9,5,146356532,777177650,35956,35945,35980,749443834,1001693018,136084451
17,145165669,1,127423842,8,292608994,956262271,17,801108420,762785,918253410,133,727108991,150278347,17,63836414,231467,701940545,136299243,4613,133,777177650,21233955,35857,1030545334,648495959,0,252608325,4613,38,9,1,1700,1594651,9,7,146356532,777177650,35951,35924,35973,749443834,407419891,659480747
17,145165669,1,127423842,8,292608994,956262271,17,801108420,762785,918253410,133,727108991,150278347,17,63836414,231467,701940545,136299243,4613,133,777177650,21233955,35857,1030545334,648495959,0,252608325,4613,108,1,2,2500,2520250,5,4,146356532,777177650,35935,35894,35940,862871618,407419891,574836883
17,145165669,1,127423842,8,292608994,956262271,17,801108420,762785,918253410,133,727108991,150278347,17,63836414,231467,701940545,136299243,4613,133,777177650,21233955,35857,1030545334,648495959,0,252608325,4613,174,3,3,1500,1611255,10,2,146356532,777177650,35944,35899,35969,749443834,431484053,1003689014
17,145165669,1,127423842,8,292608994,956262271,17,801108420,762785,918253410,133,727108991,150278347,17,63836414,231467,701940545,136299243,4613,133,777177650,21233955,35857,1030545334,648495959,0,252608325,4613,8,1,4,3600,3268800,4,1,146356532,777177650,35905,35918,35917,749443834,365042431,194887003
17,145165669,1,127423842,8,292608994,956262271,17,801108420,762785,918253410,133,727108991,150278347,17,63836414,231467,701940545,136299243,4613,133,777177650,21233955,35857,1030545334,648495959,0,252608325,4613,111,8,5,3500,3538885,4,6,146356532,777177650,35948,35900,35964,785149710,431484053,43234417
17,145165669,1,127423842,8,292608994,956262271,17,801108420,762785,918253410,133,727108991,150278347,17,63836414,231467,701940545,136299243,4613,133,777177650,21233955,35857,1030545334,648495959,0,252608325,4613,196,8,6,4700,5152093,4,4,146356532,777177650,35977,35939,35983,106211174,944913022,620114534
17,145165669,1,127423842,8,292608994,956262271,17,801108420,762785,918253410,133,727108991,150278347,17,63836414,231467,701940545,136299243,4613,133,777177650,21233955,35857,1030545334,648495959,0,252608325,4613,119,3,7,3900,3974529,9,5,146356532,777177650,35956,35945,35980,749443834,1001693018,136084451
17,145165669,1,127423842,1,792906294,317827973,17,971385163,575594,622797579,61,754492610,99266246,17,63893436,153624,373412815,1071371457,4614,61,777177650,15180106,35175,382018914,272248078,0,107920700,4614,7,2,1,1900,1723300,9,8,146356532,777177650,35200,35235,35222,862871618,365042431,204778884
17,145165669,1,127423842,1,792906294,317827973,17,971385163,575594,622797579,61,754492610,99266246,17,63893436,153624,373412815,1071371457,4614,61,777177650,15180106,35175,382018914,272248078,0,107920700,4614,65,6,2,300,289518,8,1,146356532,777177650,35266,35265,35282,106211174,431484053,511447679
17,145165669,1,127423842,1,792906294,317827973,17,971385163,575594,622797579,61,754492610,99266246,17,63893436,153624,373412815,1071371457,4614,61,777177650,15180106,35175,382018914,272248078,0,107920700,4614,8,1,3,3600,3268800,10,4,146356532,777177650,35249,35240,35251,106211174,1001693018,2962880
17,145165669,1,127423842,1,792906294,317827973,17,971385163,575594,622797579,61,754492610,99266246,17,63893436,153624,373412815,1071371457,4614,61,777177650,15180106,35175,382018914,272248078,0,107920700,4614,126,9,4,600,615672,9,1,146356532,777177650,35225,35213,35247,785149710,1001693018,259563413
17,145165669,1,127423842,1,792906294,317827973,17,971385163,575594,622797579,61,754492610,99266246,17,63893436,153624,373412815,1071371457,4614,61,777177650,15180106,35175,382018914,272248078,0,107920700,4614,73,3,5,2400,2335368,7,6,146356532,777177650,35245,35238,35252,785149710,1001693018,222047663
17,145165669,1,127423842,1,792906294,317827973,17,971385163,575594,622797579,61,754492610,99266246,17,63893436,153624,373412815,1071371457,4614,61,777177650,15180106,35175,382018914,272248078,0,107920700,4614,34,5,6,3200,2988896,10,5,146356532,777177650,35296,35211,35322,106211174,1001693018,800476440
17,145165669,1,127423842,1,792906294,317827973,17,971385163,575594,622797579,61,754492610,99266246,17,63893436,153624,373412815,1071371457,4614,61,777177650,15180106,35175,382018914,272248078,0,107920700,4614,128,1,7,4100,4215292,1,7,146356532,777177650,35275,35256,35291,785149710,1001693018,821987841
17,145165669,1,127423842,8,292608994,956262271,17,801108420,762785,918253410,61,754492610,99266246,17,63893436,153624,373412815,1071371457,4614,61,777177650,15180106,35175,382018914,272248078,0,107920700,4614,7,2,1,1900,1723300,9,8,146356532,777177650,35200,35235,35222,862871618,365042431,204778884
17,145165669,1,127423842,8,292608994,956262271,17,801108420,762785,918253410,61,754492610,99266246,17,63893436,153624,373412815,1071371457,4614,61,777177650,15180106,35175,382018914,272248078,0,107920700,4614,65,6,2,300,289518,8,1,146356532,777177650,35266,35265,35282,106211174,431484053,511447679
17,145165669,1,127423842,8,292608994,956262271,17,801108420,762785,918253410,61,754492610,99266246,17,63893436,153624,373412815,1071371457,4614,61,777177650,15180106,35175,382018914,272248078,0,107920700,4614,8,1,3,3600,3268800,10,4,146356532,777177650,35249,35240,35251,106211174,1001693018,2962880
17,145165669,1,127423842,8,292608994,956262271,17,801108420,762785,918253410,61,754492610,99266246,17,63893436,153624,373412815,1071371457,4614,61,777177650,15180106,35175,382018914,272248078,0,107920700,4614,126,9,4,600,615672,9,1,146356532,777177650,35225,35213,35247,785149710,1001693018,259563413
17,145165669,1,127423842,8,292608994,956262271,17,801108420,762785,918253410,61,754492610,99266246,17,63893436,153624,373412815,1071371457,4614,61,777177650,15180106,35175,382018914,272248078,0,107920700,4614,73,3,5,2400,2335368,7,6,146356532,777177650,35245,35238,35252,785149710,1001693018,222047663
17,145165669,1,127423842,8,292608994,956262271,17,801108420,762785,918253410,61,754492610,99266246,17,63893436,153624,373412815,1071371457,4614,61,777177650,15180106,35175,382018914,272248078,0,107920700,4614,34,5,6,3200,2988896,10,5,146356532,777177650,35296,35211,35322,106211174,1001693018,800476440
17,145165669,1,127423842,8,292608994,956262271,17,801108420,762785,918253410,61,754492610,99266246,17,63893436,153624,373412815,1071371457,4614,61,777177650,15180106,35175,382018914,272248078,0,107920700,4614,128,1,7,4100,4215292,1,7,146356532,777177650,35275,35256,35291,785149710,1001693018,821987841
17,145165669,1,127423842,1,792906294,317827973,17,971385163,575594,622797579,97,135469562,256852182,17,351137718,216448,701940545,611744579,4640,97,777177650,8113817,35063,527479233,1009828457,0,415386065,4640,88,9,1,500,494039,3,8,146356532,777177650,35098,35107,35108,862871618,250142940,600312677
17,145165669,1,127423842,1,792906294,317827973,17,971385163,575594,622797579,97,135469562,256852182,17,351137718,216448,701940545,611744579,4640,97,777177650,8113817,35063,527479233,1009828457,0,415386065,4640,88,9,2,900,889271,3,5,146356532,777177650,35105,35107,35122,749443834,365042431,1024449175
17,145165669,1,127423842,1,792906294,317827973,17,971385163,575594,622797579,97,135469562,256852182,17,351137718,216448,701940545,611744579,4640,97,777177650,8113817,35063,527479233,1009828457,0,415386065,4640,27,10,3,1800,1668636,2,7,146356532,777177650,35121,35128,35150,749443834,250142940,571433089
17,145165669,1,127423842,1,792906294,317827973,17,971385163,575594,622797579,97,135469562,256852182,17,351137718,216448,701940545,611744579,4640,97,777177650,8113817,35063,527479233,1009828457,0,415386065,4640,23,2,4,3600,3322872,6,8,146356532,777177650,35065,35131,35073,749443834,250142940,608942053
17,145165669,1,127423842,1,792906294,317827973,17,971385163,575594,622797579,97,135469562,256852182,17,351137718,216448,701940545,611744579,4640,97,777177650,8113817,35063,527479233,1009828457,0,415386065,4640,156,1,5,1500,1584225,3,2,146356532,777177650,35141,35102,35164,862871618,944913022,181589938
17,145165669,1,127423842,8,292608994,956262271,17,801108420,762785,918253410,97,135469562,256852182,17,351137718,216448,701940545,611744579,4640,97,777177650,8113817,35063,527479233,1009828457,0,415386065,4640,88,9,1,500,494039,3,8,146356532,777177650,35098,35107,35108,862871618,250142940,600312677
17,145165669,1,127423842,8,292608994,956262271,17,801108420,762785,918253410,97,135469562,256852182,17,351137718,216448,701940545,611744579,4640,97,777177650,8113817,35063,527479233,1009828457,0,415386065,4640,88,9,2,900,889271,3,5,146356532,777177650,35105,35107,35122,749443834,365042431,1024449175
17,145165669,1,127423842,8,292608994,956262271,17,801108420,762785,918253410,97,135469562,256852182,17,351137718,216448,701940545,611744579,4640,97,777177650,8113817,35063,527479233,1009828457,0,415386065,4640,27,10,3,1800,1668636,2,7,146356532,777177650,35121,35128,35150,749443834,250142940,571433089
17,145165669,1,127423842,8,292608994,956262271,17,801108420,762785,918253410,97,135469562,256852182,17,351137718,216448,701940545,611744579,4640,97,777177650,8113817,35063,527479233,1009828457,0,415386065,4640,23,2,4,3600,3322872,6,8,146356532,777177650,35065,35131,35073,749443834,250142940,608942053
17,145165669,1,127423842,8,292608994,956262271,17,801108420,762785,918253410,97,135469562,256852182,17,351137718,216448,701940545,611744579,4640,97,777177650,8113817,35063,527479233,1009828457,0,415386065,4640,156,1,5,1500,1584225,3,2,146356532,777177650,35141,35102,35164,862871618,944913022,181589938
11,319240162,4,108891028,5,64952534,366176741,11,103869805,-28383,275262022,134,987180522,314377204,11,814495129,460889,1028181460,724055480,4641,134,330563436,9848521,33987,483467692,744964893,0,418321684,4641,190,1,1,4500,4905855,7,3,378580043,330563436,34098,34076,34108,749443834,431484053,215564009
11,319240162,4,108891028,5,64952534,366176741,11,103869805,-28383,275262022,134,987180522,314377204,11,814495129,460889,1028181460,724055480,4641,134,330563436,9848521,33987,483467692,744964893,0,418321684,4641,95,7,2,3900,3880851,6,0,378580043,330563436,34008,34032,34013,862871618,1001693018,276628108
11,319240162,4,108891028,5,64952534,366176741,11,103869805,-28383,275262022,134,987180522,314377204,11,814495129,460889,1028181460,724055480,4641,134,330563436,9848521,33987,483467692,744964893,0,418321684,4641,36,7,3,1500,1404045,1,8,378580043,330563436,33992,34066,34003,862871618,365042431,121403134
11,319240162,4,108891028,5,64952534,366176741,11,103869805,-28383,275262022,148,120951395,335387568,11,608291700,213560,750198692,672328102,4642,148,330563436,11753787,34755,382018914,27515260,0,637552771,4642,194,7,1,1100,1203609,4,7,449642453,330563436,34840,34813,34852,785149710,86983390,950223201
11,319240162,4,108891028,5,64952534,366176741,11,103869805,-28383,275262022,148,120951395,335387568,11,608291700,213560,750198692,672328102,4642,148,330563436,11753787,34755,382018914,27515260,0,637552771,4642,180,10,2,3400,3672612,4,7,378580043,330563436,34788,34828,34810,785149710,407419891,358599306
11,319240162,4,108891028,5,64952534,366176741,11,103869805,-28383,275262022,148,120951395,335387568,11,608291700,213560,750198692,672328102,4642,148,330563436,11753787,34755,382018914,27515260,0,637552771,4642,21,2,3,1000,921020,4,2,378580043,330563436,34803,34815,34811,785149710,250142940,134724236
11,319240162,4,108891028,5,64952534,366176741,11,103869805,-28383,275262022,148,120951395,335387568,11,608291700,213560,750198692,672328102,4642,148,330563436,11753787,34755,382018914,27515260,0,637552771,4642,94,7,4,1800,1789362,0,4,146356532,330563436,34864,34803,34869,106211174,86983390,1000147716
11,319240162,4,108891028,5,64952534,366176741,11,103869805,-28383,275262022,148,120951395,335387568,11,608291700,213560,750198692,672328102,4642,148,330563436,11753787,34755,382018914,27515260,0,637552771,4642,179,10,5,4100,4424597,10,0,378580043,330563436,34795,34800,34818,749443834,431484053,46866693
15,962519746,0,265433381,4,829353804,938198330,15,991041614,464108,693080424,79,620373923,918253789,15,1003789897,512128,797027742,999752886,4672,79,777177650,19959371,35008,382018914,403518783,0,885998146,4672,59,7,1,2200,2109910,1,7,146356532,777177650,35034,35039,35048,785149710,365042431,673919369
15,962519746,0,265433381,4,829353804,938198330,15,991041614,464108,693080424,79,620373923,918253789,15,1003789897,512128,797027742,999752886,4672,79,777177650,19959371,35008,382018914,403518783,0,885998146,4672,61,10,2,4100,3940346,0,0,146356532,777177650,35032,35046,35043,785149710,250142940,70126287
15,962519746,0,265433381,4,829353804,938198330,15,991041614,464108,693080424,79,620373923,918253789,15,1003789897,512128,797027742,999752886,4672,79,777177650,19959371,35008,382018914,403518783,0,885998146,4672,163,10,3,2400,2551584,4,3,146356532,777177650,35012,35059,35035,106211174,1001693018,1008424751
15,962519746,0,265433381,4,829353804,938198330,15,991041614,464108,693080424,79,620373923,918253789,15,1003789897,512128,797027742,999752886,4672,79,777177650,19959371,35008,382018914,403518783,0,885998146,4672,57,2,4,1300,1244165,10,3,146356532,777177650,35095,35044,35124,749443834,250142940,847237001
15,962519746,0,265433381,4,829353804,938198330,15,991041614,464108,693080424,79,620373923,918253789,15,1003789897,512128,797027742,999752886,4672,79,777177650,19959371,35008,382018914,403518783,0,885998146,4672,55,10,5,4500,4297725,8,7,146356532,777177650,35100,35078,35107,749443834,431484053,875989622
15,962519746,0,265433381,4,829353804,938198330,15,991041614,464108,693080424,79,620373923,918253789,15,1003789897,512128,797027742,999752886,4672,79,777177650,19959371,35008,382018914,403518783,0,885998146,4672,141,8,6,2000,2082280,2,7,146356532,777177650,35039,35087,35050,785149710,1001693018,565068962
15,962519746,0,265433381,4,829353804,938198330,15,991041614,464108,693080424,79,620373923,918253789,15,1003789897,512128,797027742,999752886,4672,79,777177650,19959371,35008,382018914,403518783,0,885998146,4672,72,10,7,3800,3693866,1,1,146356532,777177650,35029,35039,35044,785149710,407419891,325945915
1,559044011,1,1004765669,3,458785,31140224,1,73682198,419239,154263564,14,959061040,122146912,1,339030647,526630,373412815,789218819,4676,14,777177650,18202595,34941,919150108,43049297,0,218439551,4676,165,2,1,4700,5006252,3,6,146356532,777177650,35051,34974,35071,106211174,365042431,555393894
1,559044011,1,1004765669,3,458785,31140224,1,73682198,419239,154263564,14,959061040,122146912,1,339030647,526630,373412815,789218819,4676,14,777177650,18202595,34941,919150108,43049297,0,218439551,4676,6,1,2,3300,2989800,8,5,146356532,777177650,35060,34971,35080,862871618,944913022,689532235
1,559044011,1,1004765669,3,458785,31140224,1,73682198,419239,154263564,14,959061040,122146912,1,339030647,526630,373412815,789218819,4676,14,777177650,18202595,34941,919150108,43049297,0,218439551,4676,146,3,3,400,418456,10,6,146356532,777177650,35043,34992,35044,862871618,86983390,951122078
1,559044011,1,1004765669,3,458785,31140224,1,73682198,419239,154263564,14,959061040,122146912,1,339030647,526630,373412815,789218819,4676,14,777177650,18202595,34941,919150108,43049297,0,218439551,4676,111,2,4,5000,5055550,7,1,146356532,777177650,34960,35021,34988,862871618,365042431,849817042
1,559044011,1,1004765669,3,458785,31140224,1,73682198,419239,154263564,14,959061040,122146912,1,339030647,526630,373412815,789218819,4676,14,777177650,18202595,34941,919150108,43049297,0,218439551,4676,122,7,5,2900,2964148,1,2,146356532,777177650,35060,35013,35068,862871618,250142940,250120072
1,559044011,1,1004765669,3,458785,31140224,1,73682198,419239,154263564,14,959061040,122146912,1,339030647,526630,373412815,789218819,4676,14,777177650,18202595,34941,919150108,43049297,0,218439551,4676,46,7,6,800,756832,8,8,146356532,777177650,35036,34988,35064,785149710,365042431,846966283
1,559044011,1,1004765669,3,458785,31140224,1,73682198,419239,154263564,14,959061040,122146912,1,339030647,526630,373412815,789218819,4676,14,777177650,18202595,34941,919150108,43049297,0,218439551,4676,64,1,7,1300,1253278,5,7,146356532,777177650,35019,35008,35041,862871618,86983390,350364838
5,529057841,0,890382161,2,549623314,849027485,5,58126162,403268,958596215,85,1001770604,231357394,5,608676529,338664,373412815,725868244,4708,85,330563436,5699836,34606,382018914,241791762,0,946987105,4708,191,4,1,1800,1964141,2,4,449642453,330563436,34647,34651,34662,106211174,1001693018,923094994
5,529057841,0,890382161,2,549623314,849027485,5,58126162,403268,958596215,85,1001770604,231357394,5,608676529,338664,373412815,725868244,4708,85,330563436,5699836,34606,382018914,241791762,0,946987105,4708,75,3,2,500,487535,5,5,449642453,330563436,34620,34668,34648,785149710,431484053,1007417638
5,529057841,0,890382161,2,549623314,849027485,5,58126162,403268,958596215,85,1001770604,231357394,5,608676529,338664,373412815,725868244,4708,85,330563436,5699836,34606,382018914,241791762,0,946987105,4708,77,7,3,3200,3126624,4,7,449642453,330563436,34648,34650,34659,862871618,431484053,89030756
15,962519746,0,265433381,4,829353804,938198330,15,991041614,464108,693080424,79,620373923,918253789,15,1003789897,512128,797027742,999752886,4737,79,330563436,6201451,34037,483467692,421211526,0,231678732,4737,191,5,1,3700,4037403,3,4,378580043,330563436,34104,34067,34117,749443834,86983390,738103277
15,962519746,0,265433381,4,829353804,938198330,15,991041614,464108,693080424,79,620373923,918253789,15,1003789897,512128,797027742,999752886,4737,79,330563436,6201451,34037,483467692,421211526,0,231678732,4737,69,8,2,2200,2131932,4,4,449642453,330563436,34055,34109,34073,862871618,250142940,702417450
11,319240162,4,108891028,5,64952534,366176741,11,103869805,-28383,275262022,148,120951395,335387568,11,608291700,213560,750198692,672328102,4739,148,330563436,6825582,34019,527479233,151476396,0,844470469,4739,168,9,1,800,854528,7,7,378580043,330563436,34140,34097,34159,862871618,407419891,177727582
11,319240162,4,108891028,5,64952534,366176741,11,103869805,-28383,275262022,148,120951395,335387568,11,608291700,213560,750198692,672328102,4739,148,330563436,6825582,34019,527479233,151476396,0,844470469,4739,185,6,2,3100,3364058,9,6,378580043,330563436,34138,34105,34144,785149710,407419891,378191871
11,319240162,4,108891028,5,64952534,366176741,11,103869805,-28383,275262022,148,120951395,335387568,11,608291700,213560,750198692,672328102,4739,148,330563436,6825582,34019,527479233,151476396,0,844470469,4739,100,4,3,3000,3000300,9,0,449642453,330563436,34116,34069,34136,106211174,86983390,925052877
17,145165669,1,127423842,1,792906294,317827973,17,971385163,575594,622797579,97,135469562,256852182,17,351137718,216448,701940545,611744579,4743,97,330563436,6570239,34057,527479233,752870490,0,433399194,4743,60,5,1,1900,1824114,4,7,449642453,330563436,34141,34090,34168,785149710,365042431,238170461
17,145165669,1,127423842,1,792906294,317827973,17,971385163,575594,622797579,97,135469562,256852182,17,351137718,216448,701940545,611744579,4743,97,330563436,6570239,34057,527479233,752870490,0,433399194,4743,159,4,2,300,317745,1,3,378580043,330563436,34071,34126,34096,106211174,86983390,200049522
17,145165669,1,127423842,1,792906294,317827973,17,971385163,575594,622797579,97,135469562,256852182,17,351137718,216448,701940545,611744579,4743,97,330563436,6570239,34057,527479233,752870490,0,433399194,4743,73,2,3,2100,2043447,8,3,449642453,330563436,34150,34133,34174,749443834,250142940,744420754
17,145165669,1,127423842,1,792906294,317827973,17,971385163,575594,622797579,97,135469562,256852182,17,351137718,216448,701940545,611744579,4743,97,330563436,6570239,34057,527479233,752870490,0,433399194,4743,34,5,4,2700,2521881,8,5,378580043,330563436,34174,34114,34203,749443834,365042431,58317271
17,145165669,1,127423842,8,292608994,956262271,17,801108420,762785,918253410,97,135469562,256852182,17,351137718,216448,701940545,611744579,4743,97,330563436,6570239,34057,527479233,752870490,0,433399194,4743,60,5,1,1900,1824114,4,7,449642453,330563436,34141,34090,34168,785149710,365042431,238170461
17,145165669,1,127423842,8,292608994,956262271,17,801108420,762785,918253410,97,135469562,256852182,17,351137718,216448,701940545,611744579,4743,97,330563436,6570239,34057,527479233,752870490,0,433399194,4743,159,4,2,300,317745,1,3,378580043,330563436,34071,34126,34096,106211174,86983390,200049522
17,145165669,1,127423842,8,292608994,956262271,17,801108420,762785,918253410,97,135469562,256852182,17,351137718,216448,701940545,611744579,4743,97,330563436,6570239,34057,527479233,752870490,0,433399194,4743,73,2,3,2100,2043447,8,3,449642453,330563436,34150,34133,34174,749443834,250142940,744420754
17,145165669,1,127423842,8,292608994,956262271,17,801108420,762785,918253410,97,135469562,256852182,17,351137718,216448,701940545,611744579,4743,97,330563436,6570239,34057,527479233,752870490,0,433399194,4743,34,5,4,2700,2521881,8,5,378580043,330563436,34174,34114,34203,749443834,365042431,58317271
17,145165669,1,127423842,1,792906294,317827973,17,971385163,575594,622797579,121,1022863173,231361516,17,736496255,642832,1028181460,1027337841,4769,121,836745293,13676503,34801,483467692,518073688,0,319831628,4769,35,1,1,1600,1496048,8,5,146356532,777177650,34894,34883,34900,862871618,944913022,423077205
17,145165669,1,127423842,1,792906294,317827973,17,971385163,575594,622797579,121,1022863173,231361516,17,736496255,642832,1028181460,1027337841,4769,121,836745293,13676503,34801,483467692,518073688,0,319831628,4769,63,8,2,3400,3274404,6,7,146356532,777177650,34904,34835,34912,785149710,1001693018,340597995
17,145165669,1,127423842,1,792906294,317827973,17,971385163,575594,622797579,121,1022863173,231361516,17,736496255,642832,1028181460,1027337841,4769,121,836745293,13676503,34801,483467692,518073688,0,319831628,4769,47,10,3,3600,3409344,10,3,146356532,777177650,34900,34864,34920,106211174,250142940,980875797
17,145165669,1,127423842,1,792906294,317827973,17,971385163,575594,622797579,121,1022863173,231361516,17,736496255,642832,1028181460,1027337841,4769,121,836745293,13676503,34801,483467692,518073688,0,319831628,4769,69,10,4,4500,4360770,8,6,378580043,330563436,34849,34891,34852,862871618,250142940,972886708
17,145165669,1,127423842,1,792906294,317827973,17,971385163,575594,622797579,121,1022863173,231361516,17,736496255,642832,1028181460,1027337841,4769,121,836745293,13676503,34801,483467692,518073688,0,319831628,4769,112,6,5,1500,1518165,7,8,146356532,330563436,34860,34885,34882,106211174,407419891,286289222
17,145165669,1,127423842,8,292608994,956262271,17,801108420,762785,918253410,121,1022863173,231361516,17,736496255,642832,1028181460,1027337841,4769,121,836745293,13676503,34801,483467692,518073688,0,319831628,4769,35,1,1,1600,1496048,8,5,146356532,777177650,34894,34883,34900,862871618,944913022,423077205
17,145165669,1,127423842,8,292608994,956262271,17,801108420,762785,918253410,121,1022863173,231361516,17,736496255,642832,1028181460,1027337841,4769,121,836745293,13676503,34801,483467692,518073688,0,319831628,4769,63,8,2,3400,3274404,6,7,146356532,777177650,34904,34835,34912,785149710,1001693018,340597995
17,145165669,1,127423842,8,292608994,956262271,17,801108420,762785,918253410,121,1022863173,231361516,17,736496255,642832,1028181460,1027337841,4769,121,836745293,13676503,34801,483467692,518073688,0,319831628,4769,47,10,3,3600,3409344,10,3,146356532,777177650,34900,34864,34920,106211174,250142940,980875797
17,145165669,1,127423842,8,292608994,956262271,17,801108420,762785,918253410,121,1022863173,231361516,17,736496255,642832,1028181460,1027337841,4769,121,836745293,13676503,34801,483467692,518073688,0,319831628,4769,69,10,4,4500,4360770,8,6,378580043,330563436,34849,34891,34852,862871618,250142940,972886708
17,145165669,1,127423842,8,292608994,956262271,17,801108420,762785,918253410,121,1022863173,231361516,17,736496255,642832,1028181460,1027337841,4769,121,836745293,13676503,34801,483467692,518073688,0,319831628,4769,112,6,5,1500,1518165,7,8,146356532,330563436,34860,34885,34882,106211174,407419891,286289222
1,559044011,1,1004765669,3,458785,31140224,1,73682198,419239,154263564,59,423000473,655613612,1,237474603,345860,797027742,1021373874,4770,59,777177650,7215067,34868,919150108,1029675538,0,50928749,4770,32,8,1,4100,3821323,0,8,146356532,777177650,34944,34917,34950,785149710,944913022,917811003
1,559044011,1,1004765669,3,458785,31140224,1,73682198,419239,154263564,59,423000473,655613612,1,237474603,345860,797027742,1021373874,4770,59,777177650,7215067,34868,919150108,1029675538,0,50928749,4770,157,5,2,3000,3171450,9,7,146356532,777177650,34934,34936,34947,785149710,407419891,545538711
15,962519746,0,265433381,4,829353804,938198330,15,991041614,464108,693080424,95,516470774,709679413,15,640996999,532738,797027742,363255963,4771,95,330563436,4962521,33950,382018914,600901946,0,801137722,4771,49,10,1,900,854136,1,0,378580043,330563436,34026,34017,34051,106211174,944913022,146865353
15,962519746,0,265433381,4,829353804,938198330,15,991041614,464108,693080424,95,516470774,709679413,15,640996999,532738,797027742,363255963,4771,95,330563436,4962521,33950,382018914,600901946,0,801137722,4771,16,7,2,2100,1923621,9,1,378580043,330563436,33986,34008,33999,106211174,944913022,806588199
15,962519746,0,265433381,4,829353804,938198330,15,991041614,464108,693080424,95,516470774,709679413,15,640996999,532738,797027742,363255963,4771,95,330563436,4962521,33950,382018914,600901946,0,801137722,4771,12,3,3,500,456005,6,8,378580043,330563436,33974,33986,33993,106211174,250142940,347454700
15,962519746,0,265433381,4,829353804,938198330,15,991041614,464108,693080424,95,516470774,709679413,15,640996999,532738,797027742,363255963,4771,95,330563436,4962521,33950,382018914,600901946,0,801137722,4771,9,4,4,2100,1908900,5,4,449642453,330563436,33956,33989,33962,862871618,407419891,908212570
11,319240162,4,108891028,5,64952534,366176741,11,103869805,-28383,275262022,52,749902188,199806749,11,982273298,563028,750198692,628614943,4774,52,330563436,12438073,34077,1030545334,155972164,0,354331580,4774,84,5,1,4500,4428360,10,0,378580043,330563436,34155,34126,34179,785149710,86983390,209418454
11,319240162,4,108891028,5,64952534,366176741,11,103869805,-28383,275262022,52,749902188,199806749,11,982273298,563028,750198692,628614943,4774,52,330563436,12438073,34077,1030545334,155972164,0,354331580,4774,39,5,2,400,375612,2,3,449642453,330563436,34182,34117,34198,785149710,944913022,257586823
11,319240162,4,108891028,5,64952534,366176741,11,103869805,-28383,275262022,52,749902188,199806749,11,982273298,563028,750198692,628614943,4774,52,330563436,12438073,34077,1030545334,155972164,0,354331580,4774,173,4,3,4700,5043899,10,8,378580043,330563436,34131,34152,34157,862871618,944913022,613686418
11,319240162,4,108891028,5,64952534,366176741,11,103869805,-28383,275262022,52,749902188,199806749,11,982273298,563028,750198692,628614943,4774,52,330563436,12438073,34077,1030545334,155972164,0,354331580,4774,130,3,4,3000,3090390,5,8,449642453,330563436,34197,34126,34200,749443834,1001693018,625283280
10,185743883,4,261867689,9,895777001,658451645,10,73320802,530237,726765942,16,606299054,831166561,10,851711143,468103,373412815,551498780,4805,16,330563436,17210296,33717,483467692,212136680,0,85282878,4805,150,1,1,700,735105,9,3,449642453,330563436,33723,33792,33731,106211174,944913022,846845831
10,185743883,4,261867689,9,895777001,658451645,10,73320802,530237,726765942,16,606299054,831166561,10,851711143,468103,373412815,551498780,4805,16,330563436,17210296,33717,483467692,212136680,0,85282878,4805,189,10,2,4500,4901310,2,3,378580043,330563436,33769,33761,33786,106211174,86983390,369150258
10,185743883,4,261867689,9,895777001,658451645,10,73320802,530237,726765942,16,606299054,831166561,10,851711143,468103,373412815,551498780,4805,16,330563436,17210296,33717,483467692,212136680,0,85282878,4805,154,6,3,4400,4638260,1,2,378580043,330563436,33736,33776,33747,749443834,407419891,512718294
10,185743883,4,261867689,9,895777001,658451645,10,73320802,530237,726765942,16,606299054,831166561,10,851711143,468103,373412815,551498780,4805,16,330563436,17210296,33717,483467692,212136680,0,85282878,4805,65,2,4,1300,1254578,4,4,378580043,330563436,33799,33760,33824,785149710,365042431,200751694
10,185743883,4,261867689,9,895777001,658451645,10,73320802,530237,726765942,16,606299054,831166561,10,851711143,468103,373412815,551498780,4805,16,330563436,17210296,33717,483467692,212136680,0,85282878,4805,9,10,5,4200,3817800,3,3,378580043,330563436,33831,33786,33859,106211174,1001693018,877422107
10,185743883,4,261867689,9,895777001,658451645,10,73320802,530237,726765942,16,606299054,831166561,10,851711143,468103,373412815,551498780,4805,16,330563436,17210296,33717,483467692,212136680,0,85282878,4805,136,7,6,1800,1865034,6,4,449642453,330563436,33760,33793,33765,785149710,86983390,398810163
15,962519746,0,265433381,4,829353804,938198330,15,991041614,464108,693080424,53,1039100764,494421651,15,378811987,411364,750198692,860477758,4807,53,777177650,13890223,35437,1030545334,1040323467,0,520650630,4807,122,1,1,900,919908,4,8,146356532,777177650,35541,35488,35563,862871618,86983390,880463194
15,962519746,0,265433381,4,829353804,938198330,15,991041614,464108,693080424,53,1039100764,494421651,15,378811987,411364,750198692,860477758,4807,53,777177650,13890223,35437,1030545334,1040323467,0,520650630,4807,10,1,2,4100,3731041,7,8,146356532,777177650,35550,35518,35563,862871618,365042431,1031944652
15,962519746,0,265433381,4,829353804,938198330,15,991041614,464108,693080424,53,1039100764,494421651,15,378811987,411364,750198692,860477758,4807,53,777177650,13890223,35437,1030545334,1040323467,0,520650630,4807,145,6,3,3400,3553476,6,2,146356532,777177650,35459,35500,35460,106211174,407419891,754313489
15,962519746,0,265433381,4,829353804,938198330,15,991041614,464108,693080424,53,1039100764,494421651,15,378811987,411364,750198692,860477758,4807,53,777177650,13890223,35437,1030545334,1040323467,0,520650630,4807,190,1,4,3200,3488608,5,0,146356532,777177650,35522,35508,35534,106211174,250142940,458518423
15,962519746,0,265433381,4,829353804,938198330,15,991041614,464108,693080424,53,1039100764,494421651,15,378811987,411364,750198692,860477758,4807,53,777177650,13890223,35437,1030545334,1040323467,0,520650630,4807,159,1,5,200,211830,2,5,146356532,777177650,35557,35521,35584,862871618,250142940,784501703
15,962519746,0,265433381,4,829353804,938198330,15,991041614,464108,693080424,53,1039100764,494421651,15,378811987,411364,750198692,860477758,4807,53,777177650,13890223,35437,1030545334,1040323467,0,520650630,4807,160,1,6,2200,2332352,9,6,146356532,777177650,35500,35482,35519,106211174,944913022,473174058
15,962519746,0,265433381,4,829353804,938198330,15,991041614,464108,693080424,34,3104980,1067983329,15,829251106,858970,750198692,421313236,4832,34,777177650,8495479,35766,1030545334,24636074,0,582985418,4832,15,6,1,2300,2104523,3,1,146356532,777177650,35767,35798,35772,106211174,250142940,958708523
15,962519746,0,265433381,4,829353804,938198330,15,991041614,464108,693080424,34,3104980,1067983329,15,829251106,858970,750198692,421313236,4832,34,777177650,8495479,35766,1030545334,24636074,0,582985418,4832,152,4,2,1000,1052150,0,6,146356532,777177650,35801,35825,35804,749443834,431484053,1044428963
15,962519746,0,265433381,4,829353804,938198330,15,991041614,464108,693080424,34,3104980,1067983329,15,829251106,858970,750198692,421313236,4832,34,777177650,8495479,35766,1030545334,24636074,0,582985418,4832,149,6,3,400,419656,4,1,146356532,777177650,35809,35836,35832,862871618,365042431,13894392
15,962519746,0,265433381,4,829353804,938198330,15,991041614,464108,693080424,34,3104980,1067983329,15,829251106,858970,750198692,421313236,4832,34,777177650,8495479,35766,1030545334,24636074,0,582985418,4832,64,5,4,600,578436,2,1,146356532,777177650,35770,35827,35772,785149710,86983390,277104694
15,962519746,0,265433381,4,829353804,938198330,15,991041614,464108,693080424,34,3104980,1067983329,15,829251106,858970,750198692,421313236,4832,34,777177650,8495479,35766,1030545334,24636074,0,582985418,4832,138,4,5,4300,4463959,10,8,146356532,777177650,35793,35844,35819,785149710,250142940,86496043
17,145165669,1,127423842,1,792906294,317827973,17,971385163,575594,622797579,133,727108991,150278347,17,63836414,231467,701940545,136299243,4833,133,777177650,8480044,35195,1030545334,574398530,0,603899658,4833,107,10,1,3100,3122010,8,4,146356532,777177650,35238,35259,35246,106211174,407419891,386381577
17,145165669,1,127423842,1,792906294,317827973,17,971385163,575594,622797579,133,727108991,150278347,17,63836414,231467,701940545,136299243,4833,133,777177650,8480044,35195,1030545334,574398530,0,603899658,4833,117,7,2,1100,1118821,3,1,146356532,777177650,35299,35270,35325,106211174,1001693018,685804763
17,145165669,1,127423842,1,792906294,317827973,17,971385163,575594,622797579,133,727108991,150278347,17,63836414,231467,701940545,136299243,4833,133,777177650,8480044,35195,1030545334,574398530,0,603899658,4833,18,9,3,2600,2386826,8,4,146356532,777177650,35196,35256,35214,106211174,407419891,565069942
17,145165669,1,127423842,1,792906294,317827973,17,971385163,575594,622797579,133,727108991,150278347,17,63836414,231467,701940545,136299243,4833,133,777177650,8480044,35195,1030545334,574398530,0,603899658,4833,36,7,4,1900,1778457,7,7,146356532,777177650,35296,35253,35316,862871618,365042431,887177201
17,145165669,1,127423842,1,792906294,317827973,17,971385163,575594,622797579,133,727108991,150278347,17,63836414,231467,701940545,136299243,4833,133,777177650,8480044,35195,1030545334,574398530,0,603899658,4833,35,1,5,400,374012,10,2,146356532,777177650,35291,35243,35297,106211174,365042431,122523275
17,145165669,1,127423842,8,292608994,956262271,17,801108420,762785,918253410,133,727108991,150278347,17,63836414,231467,701940545,136299243,4833,133,777177650,8480044,35195,1030545334,574398530,0,603899658,4833,107,10,1,3100,3122010,8,4,146356532,777177650,35238,35259,35246,106211174,407419891,386381577
17,145165669,1,127423842,8,292608994,956262271,17,801108420,762785,918253410,133,727108991,150278347,17,63836414,231467,701940545,136299243,4833,133,777177650,8480044,35195,1030545334,574398530,0,603899658,4833,117,7,2,1100,1118821,3,1,146356532,777177650,35299,35270,35325,106211174,1001693018,685804763
17,145165669,1,127423842,8,292608994,956262271,17,801108420,762785,918253410,133,727108991,150278347,17,63836414,231467,701940545,136299243,4833,133,777177650,8480044,35195,1030545334,574398530,0,603899658,4833,18,9,3,2600,2386826,8,4,146356532,777177650,35196,35256,35214,106211174,407419891,565069942
17,145165669,1,127423842,8,292608994,956262271,17,801108420,762785,918253410,133,727108991,150278347,17,63836414,231467,701940545,136299243,4833,133,777177650,8480044,35195,1030545334,574398530,0,603899658,4833,36,7,4,1900,1778457,7,7,146356532,777177650,35296,35253,35316,862871618,365042431,887177201
17,145165669,1,127423842,8,292608994,956262271,17,801108420,762785,918253410,133,727108991,150278347,17,63836414,231467,701940545,136299243,4833,133,777177650,8480044,35195,1030545334,574398530,0,603899658,4833,35,1,5,400,374012,10,2,146356532,777177650,35291,35243,35297,106211174,365042431,122523275
23,536896580,3,94114815,7,11315813,791810943,23,1051077640,682035,798884201,65,281052985,65225523,23,531840509,879516,701940545,1044095204,4836,65,777177650,7871139,35415,382018914,894068361,0,128498040,4836,162,1,1,2200,2336752,1,3,146356532,777177650,35490,35482,35491,106211174,407419891,903326905
23,536896580,3,94114815,7,11315813,791810943,23,1051077640,682035,798884201,65,281052985,65225523,23,531840509,879516,701940545,1044095204,4836,65,777177650,7871139,35415,382018914,894068361,0,128498040,4836,48,5,2,1600,1516864,7,8,146356532,777177650,35442,35492,35458,785149710,431484053,774339550
23,536896580,3,94114815,7,11315813,791810943,23,1051077640,682035,798884201,65,281052985,65225523,23,531840509,879516,701940545,1044095204,4836,65,777177650,7871139,35415,382018914,894068361,0,128498040,4836,76,4,3,1400,1366498,3,8,146356532,777177650,35480,35465,35495,785149710,431484053,576141083
23,536896580,3,94114815,7,11315813,791810943,23,1051077640,682035,798884201,65,281052985,65225523,23,531840509,879516,701940545,1044095204,4836,65,777177650,7871139,35415,382018914,894068361,0,128498040,4836,106,1,4,1500,1509150,10,0,146356532,777177650,35495,35501,35517,862871618,86983390,93512796
23,536896580,3,94114815,7,11315813,791810943,23,1051077640,682035,798884201,65,281052985,65225523,23,531840509,879516,701940545,1044095204,4836,65,777177650,7871139,35415,382018914,894068361,0,128498040,4836,51,6,5,1200,1141260,1,4,146356532,777177650,35461,35469,35462,785149710,86983390,44640778
5,529057841,0,890382161,2,549623314,849027485,5,58126162,403268,958596215,85,1001770604,231357394,5,608676529,338664,373412815,725868244,4865,85,777177650,16211346,35586,1030545334,575772390,0,970314666,4865,162,7,1,1600,1699456,7,5,146356532,777177650,35703,35660,35705,785149710,86983390,549658478
5,529057841,0,890382161,2,549623314,849027485,5,58126162,403268,958596215,85,1001770604,231357394,5,608676529,338664,373412815,725868244,4865,85,777177650,16211346,35586,1030545334,575772390,0,970314666,4865,137,8,2,400,414852,7,1,146356532,777177650,35633,35634,35647,862871618,944913022,181883082
5,529057841,0,890382161,2,549623314,849027485,5,58126162,403268,958596215,85,1001770604,231357394,5,608676529,338664,373412815,725868244,4865,85,777177650,16211346,35586,1030545334,575772390,0,970314666,4865,68,3,3,4400,4259464,10,8,146356532,777177650,35634,35660,35662,785149710,944913022,385523236
5,529057841,0,890382161,2,549623314,849027485,5,58126162,403268,958596215,85,1001770604,231357394,5,608676529,338664,373412815,725868244,4865,85,777177650,16211346,35586,1030545334,575772390,0,970314666,4865,50,3,4,2100,1995105,4,2,146356532,777177650,35626,35650,35630,106211174,250142940,103934304
5,529057841,0,890382161,2,549623314,849027485,5,58126162,403268,958596215,85,1001770604,231357394,5,608676529,338664,373412815,725868244,4865,85,777177650,16211346,35586,1030545334,575772390,0,970314666,4865,54,9,5,3300,3148365,0,5,146356532,777177650,35626,35656,35639,862871618,944913022,256236190
5,529057841,0,890382161,2,549623314,849027485,5,58126162,403268,958596215,85,1001770604,231357394,5,608676529,338664,373412815,725868244,4865,85,777177650,16211346,35586,1030545334,575772390,0,970314666,4865,65,2,6,4700,4535782,0,5,146356532,777177650,35666,35647,35671,106211174,250142940,128856931
15,962519746,0,265433381,4,829353804,938198330,15,991041614,464108,693080424,53,1039100764,494421651,15,378811987,411364,750198692,860477758,4866,53,777177650,2576707,35647,919150108,129378495,0,377140965,4866,11,8,1,900,819909,1,5,146356532,777177650,35670,35689,35695,862871618,431484053,1036736393
15,962519746,0,265433381,4,829353804,938198330,15,991041614,464108,693080424,53,1039100764,494421651,15,378811987,411364,750198692,860477758,4866,53,777177650,2576707,35647,919150108,129378495,0,377140965,4866,102,3,2,100,100210,6,0,146356532,777177650,35716,35702,35746,862871618,365042431,753306229
15,962519746,0,265433381,4,829353804,938198330,15,991041614,464108,693080424,53,1039100764,494421651,15,378811987,411364,750198692,860477758,4866,53,777177650,2576707,35647,919150108,129378495,0,377140965,4866,131,7,3,1700,1752921,7,0,146356532,777177650,35758,35712,35774,785149710,86983390,170313862
5,529057841,0,890382161,2,549623314,849027485,5,58126162,403268,958596215,10,798437489,808791061,5,205635831,275354,750198692,908197369,4867,10,330563436,974103,33743,382018914,186573168,0,254065080,4867,82,3,1,700,687456,9,3,449642453,330563436,33800,33831,33805,785149710,944913022,2409762
5,529057841,0,890382161,2,549623314,849027485,5,58126162,403268,958596215,10,798437489,808791061,5,205635831,275354,750198692,908197369,4867,10,330563436,974103,33743,382018914,186573168,0,254065080,4867,160,8,2,300,318048,4,8,378580043,330563436,33787,33798,33804,106211174,365042431,57326189
5,529057841,0,890382161,2,549623314,849027485,5,58126162,403268,958596215,85,1001770604,231357394,5,608676529,338664,373412815,725868244,4896,85,330563436,9320635,33836,382018914,546139338,0,36922661,4896,41,2,1,1900,1787975,9,5,449642453,330563436,33949,33919,33976,106211174,365042431,860760445
5,529057841,0,890382161,2,549623314,849027485,5,58126162,403268,958596215,85,1001770604,231357394,5,608676529,338664,373412815,725868244,4896,85,330563436,9320635,33836,382018914,546139338,0,36922661,4896,140,1,2,4400,4576616,4,3,449642453,330563436,33930,33921,33954,785149710,431484053,438791653
5,529057841,0,890382161,2,549623314,849027485,5,58126162,403268,958596215,85,1001770604,231357394,5,608676529,338664,373412815,725868244,4896,85,330563436,9320635,33836,382018914,546139338,0,36922661,4896,58,10,3,600,574830,4,4,449642453,330563436,33905,33918,33934,749443834,86983390,961795060
5,529057841,0,890382161,2,549623314,849027485,5,58126162,403268,958596215,85,1001770604,231357394,5,608676529,338664,373412815,725868244,4896,85,330563436,9320635,33836,382018914,546139338,0,36922661,4896,23,4,4,500,461510,8,2,378580043,330563436,33938,33917,33955,785149710,407419891,154565892
5,529057841,0,890382161,2,549623314,849027485,5,58126162,403268,958596215,85,1001770604,231357394,5,608676529,338664,373412815,725868244,4896,85,330563436,9320635,33836,382018914,546139338,0,36922661,4896,86,7,5,2100,2070768,7,8,378580043,330563436,33924,33924,33935,749443834,86983390,968624468
1,559044011,1,1004765669,3,458785,31140224,1,73682198,419239,154263564,14,959061040,122146912,1,339030647,526630,373412815,789218819,4898,14,330563436,4057264,34524,483467692,46236452,0,367676851,4898,72,1,1,4400,4277108,7,2,449642453,330563436,34588,34562,34591,106211174,944913022,162845397
17,145165669,1,127423842,1,792906294,317827973,17,971385163,575594,622797579,61,754492610,99266246,17,63893436,153624,373412815,1071371457,4899,61,330563436,1229183,34258,483467692,846915311,0,12556172,4899,34,10,1,1400,1307642,6,0,378580043,330563436,34281,34342,34291,106211174,1001693018,435784870
17,145165669,1,127423842,8,292608994,956262271,17,801108420,762785,918253410,61,754492610,99266246,17,63893436,153624,373412815,1071371457,4899,61,330563436,1229183,34258,483467692,846915311,0,12556172,4899,34,10,1,1400,1307642,6,0,378580043,330563436,34281,34342,34291,106211174,1001693018,435784870
15,962519746,0,265433381,4,829353804,938198330,15,991041614,464108,693080424,79,620373923,918253789,15,1003789897,512128,797027742,999752886,4901,79,777177650,14629828,35793,483467692,416383800,0,862019512,4901,141,10,1,3700,3852218,0,4,146356532,777177650,35819,35844,35824,749443834,86983390,406576752
15,962519746,0,265433381,4,829353804,938198330,15,991041614,464108,693080424,79,620373923,918253789,15,1003789897,512128,797027742,999752886,4901,79,777177650,14629828,35793,483467692,416383800,0,862019512,4901,165,4,2,1200,1278192,0,4,146356532,777177650,35805,35830,35827,785149710,1001693018,665177035
15,962519746,0,265433381,4,829353804,938198330,15,991041614,464108,693080424,79,620373923,918253789,15,1003789897,512128,797027742,999752886,4901,79,777177650,14629828,35793,483467692,416383800,0,862019512,4901,120,4,3,1600,1632192,5,8,146356532,777177650,35902,35870,35904,106211174,365042431,483485340
15,962519746,0,265433381,4,829353804,938198330,15,991041614,464108,693080424,79,620373923,918253789,15,1003789897,512128,797027742,999752886,4901,79,777177650,14629828,35793,483467692,416383800,0,862019512,4901,36,7,4,4100,3837723,3,0,146356532,777177650,35870,35842,35897,862871618,365042431,370336104
15,962519746,0,265433381,4,829353804,938198330,15,991041614,464108,693080424,79,620373923,918253789,15,1003789897,512128,797027742,999752886,4901,79,777177650,14629828,35793,483467692,416383800,0,862019512,4901,116,7,5,4000,4064440,6,2,146356532,777177650,35801,35823,35808,749443834,431484053,713916549
10,185743883,4,261867689,9,895777001,658451645,10,73320802,530237,726765942,104,133204033,240401202,10,569591890,-58838,373412815,427642554,4962,104,330563436,4478132,34176,1030545334,837855014,0,922140863,4962,19,6,1,4600,4227446,1,7,378580043,330563436,34202,34214,34206,785149710,1001693018,833554103
15,962519746,0,265433381,4,829353804,938198330,15,991041614,464108,693080424,34,3104980,1067983329,15,829251106,858970,750198692,421313236,4963,34,777177650,5417535,35374,1030545334,595180046,0,693859324,4963,168,5,1,3800,4059008,8,2,146356532,777177650,35422,35409,35430,785149710,365042431,478281045
15,962519746,0,265433381,4,829353804,938198330,15,991041614,464108,693080424,34,3104980,1067983329,15,829251106,858970,750198692,421313236,4963,34,777177650,5417535,35374,1030545334,595180046,0,693859324,4963,76,4,2,1600,1561712,0,3,146356532,777177650,35387,35441,35403,785149710,431484053,582721766
11,319240162,4,108891028,5,64952534,366176741,11,103869805,-28383,275262022,52,749902188,199806749,11,982273298,563028,750198692,628614943,4965,52,330563436,11062682,34261,527479233,404933390,0,1054260605,4965,131,2,1,2800,2887164,5,3,449642453,330563436,34334,34291,34336,862871618,1001693018,166427075
11,319240162,4,108891028,5,64952534,366176741,11,103869805,-28383,275262022,52,749902188,199806749,11,982273298,563028,750198692,628614943,4965,52,330563436,11062682,34261,527479233,404933390,0,1054260605,4965,13,10,2,2500,2282525,10,2,378580043,330563436,34368,34316,34387,862871618,431484053,311615365
11,319240162,4,108891028,5,64952534,366176741,11,103869805,-28383,275262022,52,749902188,199806749,11,982273298,563028,750198692,628614943,4965,52,330563436,11062682,34261,527479233,404933390,0,1054260605,4965,101,8,3,2700,2702970,5,6,378580043,330563436,34277,34325,34301,862871618,407419891,496093505
11,319240162,4,108891028,5,64952534,366176741,11,103869805,-28383,275262022,52,749902188,199806749,11,982273298,563028,750198692,628614943,4965,52,330563436,11062682,34261,527479233,404933390,0,1054260605,4965,138,9,4,3300,3425829,4,4,449642453,330563436,34332,34300,34359,749443834,1001693018,1027202906
17,145165669,1,127423842,1,792906294,317827973,17,971385163,575594,622797579,133,727108991,150278347,17,63836414,231467,701940545,136299243,4996,133,330563436,10075067,33859,1030545334,733807844,0,1049276054,4996,56,1,1,3500,3346175,7,1,449642453,330563436,33905,33902,33911,862871618,407419891,777699670
17,145165669,1,127423842,1,792906294,317827973,17,971385163,575594,622797579,133,727108991,150278347,17,63836414,231467,701940545,136299243,4996,133,330563436,10075067,33859,1030545334,733807844,0,1049276054,4996,156,7,2,3900,4118985,2,7,449642453,330563436,33864,33894,33881,785149710,944913022,708596445
17,145165669,1,127423842,1,792906294,317827973,17,971385163,575594,622797579,133,727108991,150278347,17,63836414,231467,701940545,136299243,4996,133,330563436,10075067,33859,1030545334,733807844,0,1049276054,4996,128,7,3,1200,1233744,4,6,378580043,330563436,33976,33928,34002,749443834,407419891,447724850
17,145165669,1,127423842,1,792906294,317827973,17,971385163,575594,622797579,133,727108991,150278347,17,63836414,231467,701940545,136299243,4996,133,330563436,10075067,33859,1030545334,733807844,0,1049276054,4996,144,3,4,1300,1357382,0,0,449642453,330563436,33862,33938,33882,749443834,86983390,332500036
17,145165669,1,127423842,8,292608994,956262271,17,801108420,762785,918253410,133,727108991,150278347,17,63836414,231467,701940545,136299243,4996,133,330563436,10075067,33859,1030545334,733807844,0,1049276054,4996,56,1,1,3500,3346175,7,1,449642453,330563436,33905,33902,33911,862871618,407419891,777699670
17,145165669,1,127423842,8,292608994,956262271,17,801108420,762785,918253410,133,727108991,150278347,17,63836414,231467,701940545,136299243,4996,133,330563436,10075067,33859,1030545334,733807844,0,1049276054,4996,156,7,2,3900,4118985,2,7,449642453,330563436,33864,33894,33881,785149710,944913022,708596445
17,145165669,1,127423842,8,292608994,956262271,17,801108420,762785,918253410,133,727108991,150278347,17,63836414,231467,701940545,136299243,4996,133,330563436,10075067,33859,1030545334,733807844,0,1049276054,4996,128,7,3,1200,1233744,4,6,378580043,330563436,33976,33928,34002,749443834,407419891,447724850
17,145165669,1,127423842,8,292608994,956262271,17,801108420,762785,918253410,133,727108991,150278347,17,63836414,231467,701940545,136299243,4996,133,330563436,10075067,33859,1030545334,733807844,0,1049276054,4996,144,3,4,1300,1357382,0,0,449642453,330563436,33862,33938,33882,749443834,86983390,332500036
15,962519746,0,265433381,4,829353804,938198330,15,991041614,464108,693080424,32,42617135,948840554,15,120905608,347153,1028181460,156874928,4998,32,330563436,12909680,33612,483467692,1058664649,0,554222674,4998,154,2,1,1200,1264980,4,3,449642453,330563436,33652,33667,33662,862871618,250142940,384881246
15,962519746,0,265433381,4,829353804,938198330,15,991041614,464108,693080424,32,42617135,948840554,15,120905608,347153,1028181460,156874928,4998,32,330563436,12909680,33612,483467692,1058664649,0,554222674,4998,183,4,2,1500,1624770,6,0,378580043,330563436,33716,33682,33724,106211174,1001693018,328087568
15,962519746,0,265433381,4,829353804,938198330,15,991041614,464108,693080424,32,42617135,948840554,15,120905608,347153,1028181460,156874928,4998,32,330563436,12909680,33612,483467692,1058664649,0,554222674,4998,59,10,3,2700,2589435,6,2,378580043,330563436,33678,33658,33697,749443834,431484053,53361578
15,962519746,0,265433381,4,829353804,938198330,15,991041614,464108,693080424,32,42617135,948840554,15,120905608,347153,1028181460,156874928,4998,32,330563436,12909680,33612,483467692,1058664649,0,554222674,4998,63,10,4,4700,4526382,10,4,449642453,330563436,33639,33668,33651,749443834,86983390,924798929
15,962519746,0,265433381,4,829353804,938198330,15,991041614,464108,693080424,32,42617135,948840554,15,120905608,347153,1028181460,156874928,4998,32,330563436,12909680,33612,483467692,1058664649,0,554222674,4998,145,4,5,2400,2508336,1,4,378580043,330563436,33626,33677,33628,785149710,1001693018,76787426
15,962519746,0,265433381,4,829353804,938198330,15,991041614,464108,693080424,32,42617135,948840554,15,120905608,347153,1028181460,156874928,4998,32,330563436,12909680,33612,483467692,1058664649,0,554222674,4998,99,1,6,800,799272,3,7,449642453,330563436,33723,33664,33746,862871618,365042431,805898391
5,529057841,0,890382161,2,549623314,849027485,5,58126162,403268,958596215,85,1001770604,231357394,5,608676529,338664,373412815,725868244,4999,85,330563436,9864317,34144,919150108,856407972,0,246263474,4999,153,8,1,3000,3159450,0,2,449642453,330563436,34199,34194,34209,106211174,365042431,825390320
5,529057841,0,890382161,2,549623314,849027485,5,58126162,403268,958596215,85,1001770604,231357394,5,608676529,338664,373412815,725868244,4999,85,330563436,9864317,34144,919150108,856407972,0,246263474,4999,10,1,2,4400,4004044,3,1,449642453,330563436,34180,34183,34196,785149710,1001693018,296052403
5,529057841,0,890382161,2,549623314,849027485,5,58126162,403268,958596215,85,1001770604,231357394,5,608676529,338664,373412815,725868244,4999,85,330563436,9864317,34144,919150108,856407972,0,246263474,4999,86,7,3,3000,2958240,9,1,378580043,330563436,34169,34190,34199,749443834,250142940,10515963
17,145165669,1,127423842,1,792906294,317827973,17,971385163,575594,622797579,121,1022863173,231361516,17,736496255,642832,1028181460,1027337841,5025,121,777177650,2009943,35462,527479233,866625499,0,76319232,5025,30,9,1,1100,1023033,0,4,146356532,777177650,35480,35534,35501,785149710,407419891,541974125
17,145165669,1,127423842,1,792906294,317827973,17,971385163,575594,622797579,121,1022863173,231361516,17,736496255,642832,1028181460,1027337841,5025,121,777177650,2009943,35462,527479233,866625499,0,76319232,5025,78,7,2,1000,978070,7,4,146356532,777177650,35583,35547,35607,785149710,250142940,274405307
17,145165669,1,127423842,8,292608994,956262271,17,801108420,762785,918253410,121,1022863173,231361516,17,736496255,642832,1028181460,1027337841,5025,121,777177650,2009943,35462,527479233,866625499,0,76319232,5025,30,9,1,1100,1023033,0,4,146356532,777177650,35480,35534,35501,785149710,407419891,541974125
17,145165669,1,127423842,8,292608994,956262271,17,801108420,762785,918253410,121,1022863173,231361516,17,736496255,642832,1028181460,1027337841,5025,121,777177650,2009943,35462,527479233,866625499,0,76319232,5025,78,7,2,1000,978070,7,4,146356532,777177650,35583,35547,35607,785149710,250142940,274405307
11,319240162,4,108891028,5,64952534,366176741,11,103869805,-28383,275262022,148,120951395,335387568,11,608291700,213560,750198692,672328102,5027,148,777177650,18134656,35670,919150108,602978792,0,788594012,5027,98,2,1,600,598854,4,5,146356532,777177650,35699,35756,35726,106211174,944913022,1011792327
11,319240162,4,108891028,5,64952534,366176741,11,103869805,-28383,275262022,148,120951395,335387568,11,608291700,213560,750198692,672328102,5027,148,777177650,18134656,35670,919150108,602978792,0,788594012,5027,62,3,2,3900,3752033,6,1,146356532,777177650,35680,35745,35692,862871618,944913022,958137774
11,319240162,4,108891028,5,64952534,366176741,11,103869805,-28383,275262022,148,120951395,335387568,11,608291700,213560,750198692,672328102,5027,148,777177650,18134656,35670,919150108,602978792,0,788594012,5027,126,5,3,3200,3283583,0,1,146356532,777177650,35745,35730,35750,862871618,250142940,705315143
11,319240162,4,108891028,5,64952534,366176741,11,103869805,-28383,275262022,148,120951395,335387568,11,608291700,213560,750198692,672328102,5027,148,777177650,18134656,35670,919150108,602978792,0,788594012,5027,26,7,4,3700,3426274,2,0,146356532,777177650,35706,35731,35727,106211174,1001693018,683706848
11,319240162,4,108891028,5,64952534,366176741,11,103869805,-28383,275262022,148,120951395,335387568,11,608291700,213560,750198692,672328102,5027,148,777177650,18134656,35670,919150108,602978792,0,788594012,5027,143,4,5,300,312942,3,6,146356532,777177650,35701,35758,35706,749443834,365042431,547930309
11,319240162,4,108891028,5,64952534,366176741,11,103869805,-28383,275262022,148,120951395,335387568,11,608291700,213560,750198692,672328102,5027,148,777177650,18134656,35670,919150108,602978792,0,788594012,5027,87,8,6,2500,2467700,6,0,146356532,777177650,35687,35757,35709,862871618,250142940,984890026
11,319240162,4,108891028,5,64952534,366176741,11,103869805,-28383,275262022,148,120951395,335387568,11,608291700,213560,750198692,672328102,5027,148,777177650,18134656,35670,919150108,602978792,0,788594012,5027,81,2,7,5000,4905400,7,2,146356532,777177650,35689,35739,35706,749443834,431484053,156506555
23,536896580,3,94114815,7,11315813,791810943,23,1051077640,682035,798884201,11,732482108,436872609,23,274108524,-27260,1028181460,230725263,5029,11,330563436,1981168,33920,1030545334,66799206,0,935056653,5029,154,5,1,1700,1792055,2,1,449642453,330563436,34038,33954,34059,749443834,944913022,933974891
23,536896580,3,94114815,7,11315813,791810943,23,1051077640,682035,798884201,11,732482108,436872609,23,274108524,-27260,1028181460,230725263,5029,11,330563436,1981168,33920,1030545334,66799206,0,935056653,5029,97,9,2,200,199418,0,4,449642453,330563436,33931,33971,33956,749443834,431484053,897046776
1,559044011,1,1004765669,3,458785,31140224,1,73682198,419239,154263564,106,864562228,957626520,1,147772690,328842,797027742,268933212,5030,106,777177650,7178123,35938,483467692,798568506,0,319862424,5030,102,3,1,2200,2204620,4,6,146356532,777177650,36037,36020,36066,862871618,86983390,473260550
1,559044011,1,1004765669,3,458785,31140224,1,73682198,419239,154263564,106,864562228,957626520,1,147772690,328842,797027742,268933212,5030,106,777177650,7178123,35938,483467692,798568506,0,319862424,5030,80,9,2,5000,4900400,5,6,146356532,777177650,36027,35999,36054,862871618,944913022,232602693
11,319240162,4,108891028,5,64952534,366176741,11,103869805,-28383,275262022,52,749902188,199806749,11,982273298,563028,750198692,628614943,5056,52,777177650,6225818,35474,527479233,1060934244,0,5538586,5056,48,7,1,700,663628,9,1,146356532,777177650,35546,35525,35563,749443834,86983390,134502186
11,319240162,4,108891028,5,64952534,366176741,11,103869805,-28383,275262022,52,749902188,199806749,11,982273298,563028,750198692,628614943,5056,52,777177650,6225818,35474,527479233,1060934244,0,5538586,5056,197,1,2,1900,2084661,4,0,146356532,777177650,35511,35553,35541,749443834,365042431,237463157
11,319240162,4,108891028,5,64952534,366176741,11,103869805,-28383,275262022,52,749902188,199806749,11,982273298,563028,750198692,628614943,5056,52,777177650,6225818,35474,527479233,1060934244,0,5538586,5056,90,1,3,2300,2277207,2,5,146356532,777177650,35560,35546,35573,106211174,407419891,109984673
11,319240162,4,108891028,5,64952534,366176741,11,103869805,-28383,275262022,52,749902188,199806749,11,982273298,563028,750198692,628614943,5056,52,777177650,6225818,35474,527479233,1060934244,0,5538586,5056,87,8,4,1400,1381912,8,0,146356532,777177650,35588,35531,35615,785149710,407419891,853092317
17,145165669,1,127423842,1,792906294,317827973,17,971385163,575594,622797579,61,754492610,99266246,17,63893436,153624,373412815,1071371457,5062,61,330563436,10924700,33883,1030545334,19909882,0,1021280133,5062,101,4,1,900,900990,8,0,378580043,330563436,33969,33937,33987,862871618,431484053,988274401
17,145165669,1,127423842,1,792906294,317827973,17,971385163,575594,622797579,61,754492610,99266246,17,63893436,153624,373412815,1071371457,5062,61,330563436,10924700,33883,1030545334,19909882,0,1021280133,5062,75,6,2,400,390028,2,2,378580043,330563436,34004,33950,34029,749443834,365042431,906317915
17,145165669,1,127423842,1,792906294,317827973,17,971385163,575594,622797579,61,754492610,99266246,17,63893436,153624,373412815,1071371457,5062,61,330563436,10924700,33883,1030545334,19909882,0,1021280133,5062,159,10,3,5000,5295750,9,7,449642453,330563436,33961,33949,33965,862871618,431484053,599931572
17,145165669,1,127423842,1,792906294,317827973,17,971385163,575594,622797579,61,754492610,99266246,17,63893436,153624,373412815,1071371457,5062,61,330563436,10924700,33883,1030545334,19909882,0,1021280133,5062,161,10,4,1800,1910088,3,7,378580043,330563436,33910,33961,33911,106211174,407419891,877399742
17,145165669,1,127423842,1,792906294,317827973,17,971385163,575594,622797579,61,754492610,99266246,17,63893436,153624,373412815,1071371457,5062,61,330563436,10924700,33883,1030545334,19909882,0,1021280133,5062,194,8,5,2500,2735475,8,2,378580043,330563436,33951,33923,33968,106211174,86983390,693562416
17,145165669,1,127423842,8,292608994,956262271,17,801108420,762785,918253410,61,754492610,99266246,17,63893436,153624,373412815,1071371457,5062,61,330563436,10924700,33883,1030545334,19909882,0,1021280133,5062,101,4,1,900,900990,8,0,378580043,330563436,33969,33937,33987,862871618,431484053,988274401
17,145165669,1,127423842,8,292608994,956262271,17,801108420,762785,918253410,61,754492610,99266246,17,63893436,153624,373412815,1071371457,5062,61,330563436,10924700,33883,1030545334,19909882,0,1021280133,5062,75,6,2,400,390028,2,2,378580043,330563436,34004,33950,34029,749443834,365042431,906317915
17,145165669,1,127423842,8,292608994,956262271,17,801108420,762785,918253410,61,754492610,99266246,17,63893436,153624,373412815,1071371457,5062,61,330563436,10924700,33883,1030545334,19909882,0,1021280133,5062,159,10,3,5000,5295750,9,7,449642453,330563436,33961,33949,33965,862871618,431484053,599931572
17,145165669,1,127423842,8,292608994,956262271,17,801108420,762785,918253410,61,754492610,99266246,17,63893436,153624,373412815,1071371457,5062,61,330563436,10924700,33883,1030545334,19909882,0,1021280133,5062,161,10,4,1800,1910088,3,7,378580043,330563436,33910,33961,33911,106211174,407419891,877399742
17,145165669,1,127423842,8,292608994,956262271,17,801108420,762785,918253410,61,754492610,99266246,17,63893436,153624,373412815,1071371457,5062,61,330563436,10924700,33883,1030545334,19909882,0,1021280133,5062,194,8,5,2500,2735475,8,2,378580043,330563436,33951,33923,33968,106211174,86983390,693562416
14,188440933,0,29958364,6,564123676,816784291,14,177982233,136579,447900922,89,468529770,948964647,14,106551305,153076,373412815,1009632679,5090,89,777177650,13283849,35496,382018914,952710790,0,1068894298,5090,22,3,1,2200,2028443,7,0,146356532,777177650,35558,35573,35572,862871618,86983390,1011267182
14,188440933,0,29958364,6,564123676,816784291,14,177982233,136579,447900922,89,468529770,948964647,14,106551305,153076,373412815,1009632679,5090,89,777177650,13283849,35496,382018914,952710790,0,1068894298,5090,129,10,2,4600,4733952,5,0,146356532,777177650,35523,35532,35549,785149710,1001693018,1043264185
14,188440933,0,29958364,6,564123676,816784291,14,177982233,136579,447900922,89,468529770,948964647,14,106551305,153076,373412815,1009632679,5090,89,777177650,13283849,35496,382018914,952710790,0,1068894298,5090,2,9,3,2200,1984400,9,5,146356532,777177650,35612,35530,35635,106211174,1001693018,700001344
14,188440933,0,29958364,6,564123676,816784291,14,177982233,136579,447900922,89,468529770,948964647,14,106551305,153076,373412815,1009632679,5090,89,777177650,13283849,35496,382018914,952710790,0,1068894298,5090,114,8,4,200,202822,3,6,146356532,777177650,35525,35541,35549,862871618,365042431,624113372
14,188440933,0,29958364,6,564123676,816784291,14,177982233,136579,447900922,89,468529770,948964647,14,106551305,153076,373412815,1009632679,5090,89,777177650,13283849,35496,382018914,952710790,0,1068894298,5090,48,9,5,2100,1990884,10,2,146356532,777177650,35516,35542,35543,862871618,944913022,701732194
14,188440933,0,29958364,6,564123676,816784291,14,177982233,136579,447900922,89,468529770,948964647,14,106551305,153076,373412815,1009632679,5090,89,777177650,13283849,35496,382018914,952710790,0,1068894298,5090,80,9,6,3000,2940240,2,3,146356532,777177650,35552,35532,35578,785149710,431484053,259484010
11,319240162,4,108891028,5,64952534,366176741,11,103869805,-28383,275262022,148,120951395,335387568,11,608291700,213560,750198692,672328102,5091,148,777177650,4785206,35934,1030545334,512287034,0,538348873,5091,78,6,1,5000,4890350,5,3,146356532,777177650,35995,35966,36000,785149710,1001693018,206227159
15,962519746,0,265433381,4,829353804,938198330,15,991041614,464108,693080424,79,620373923,918253789,15,1003789897,512128,797027742,999752886,5093,79,330563436,19069392,34213,1030545334,1228602,0,562257908,5093,168,9,1,4000,4272640,5,1,378580043,330563436,34226,34275,34245,862871618,1001693018,1028163203
15,962519746,0,265433381,4,829353804,938198330,15,991041614,464108,693080424,79,620373923,918253789,15,1003789897,512128,797027742,999752886,5093,79,330563436,19069392,34213,1030545334,1228602,0,562257908,5093,74,2,2,1500,1461105,1,4,449642453,330563436,34303,34289,34333,749443834,944913022,606407978
15,962519746,0,265433381,4,829353804,938198330,15,991041614,464108,693080424,79,620373923,918253789,15,1003789897,512128,797027742,999752886,5093,79,330563436,19069392,34213,1030545334,1228602,0,562257908,5093,151,9,3,3100,3258565,0,2,378580043,330563436,34232,34285,34236,862871618,1001693018,189952237
15,962519746,0,265433381,4,829353804,938198330,15,991041614,464108,693080424,79,620373923,918253789,15,1003789897,512128,797027742,999752886,5093,79,330563436,19069392,34213,1030545334,1228602,0,562257908,5093,156,1,4,3700,3907755,4,0,449642453,330563436,34266,34303,34267,106211174,86983390,893288624
15,962519746,0,265433381,4,829353804,938198330,15,991041614,464108,693080424,79,620373923,918253789,15,1003789897,512128,797027742,999752886,5093,79,330563436,19069392,34213,1030545334,1228602,0,562257908,5093,115,2,5,3000,3045330,6,5,449642453,330563436,34293,34298,34315,749443834,86983390,58836922
15,962519746,0,265433381,4,829353804,938198330,15,991041614,464108,693080424,79,620373923,918253789,15,1003789897,512128,797027742,999752886,5093,79,330563436,19069392,34213,1030545334,1228602,0,562257908,5093,121,6,6,3100,3165472,1,8,449642453,330563436,34318,34285,34334,106211174,407419891,569461934
1,559044011,1,1004765669,3,458785,31140224,1,73682198,419239,154263564,106,864562228,957626520,1,147772690,328842,797027742,268933212,5094,106,330563436,7489208,34055,483467692,987651998,0,40817382,5094,143,10,1,1900,1981966,3,3,378580043,330563436,34057,34130,34061,106211174,365042431,956164861
1,559044011,1,1004765669,3,458785,31140224,1,73682198,419239,154263564,106,864562228,957626520,1,147772690,328842,797027742,268933212,5094,106,330563436,7489208,34055,483467692,987651998,0,40817382,5094,108,5,2,2300,2318630,5,7,378580043,330563436,34131,34106,34154,106211174,431484053,222039152
1,559044011,1,1004765669,3,458785,31140224,1,73682198,419239,154263564,106,864562228,957626520,1,147772690,328842,797027742,268933212,5094,106,330563436,7489208,34055,483467692,987651998,0,40817382,5094,92,6,3,1100,1091299,4,8,449642453,330563436,34143,34142,34166,862871618,431484053,725063028
1,559044011,1,1004765669,3,458785,31140224,1,73682198,419239,154263564,106,864562228,957626520,1,147772690,328842,797027742,268933212,5094,106,330563436,7489208,34055,483467692,987651998,0,40817382,5094,79,10,4,2100,2056047,9,8,378580043,330563436,34174,34090,34195,106211174,431484053,364184358
17,145165669,1,127423842,1,792906294,317827973,17,971385163,575594,622797579,97,135469562,256852182,17,351137718,216448,701940545,611744579,5095,97,330563436,18458399,33714,919150108,347516643,0,778295778,5095,65,10,1,4600,4439276,7,1,449642453,330563436,33779,33778,33788,785149710,250142940,200691059
17,145165669,1,127423842,1,792906294,317827973,17,971385163,575594,622797579,97,135469562,256852182,17,351137718,216448,701940545,611744579,5095,97,330563436,18458399,33714,919150108,347516643,0,778295778,5095,106,3,2,200,201220,7,8,449642453,330563436,33792,33747,33804,749443834,1001693018,151366495
17,145165669,1,127423842,1,792906294,317827973,17,971385163,575594,622797579,97,135469562,256852182,17,351137718,216448,701940545,611744579,5095,97,330563436,18458399,33714,919150108,347516643,0,778295778,5095,123,8,3,2800,2864736,1,4,449642453,330563436,33773,33780,33775,749443834,365042431,967530550
17,145165669,1,127423842,1,792906294,317827973,17,971385163,575594,622797579,97,135469562,256852182,17,351137718,216448,701940545,611744579,5095,97,330563436,18458399,33714,919150108,347516643,0,778295778,5095,178,7,4,4200,4528314,8,8,378580043,330563436,33745,33754,33771,785149710,86983390,264395885
17,145165669,1,127423842,1,792906294,317827973,17,971385163,575594,622797579,97,135469562,256852182,17,351137718,216448,701940545,611744579,5095,97,330563436,18458399,33714,919150108,347516643,0,778295778,5095,166,7,5,900,959544,10,7,378580043,330563436,33828,33776,33830,862871618,1001693018,834703800
17,145165669,1,127423842,1,792906294,317827973,17,971385163,575594,622797579,97,135469562,256852182,17,351137718,216448,701940545,611744579,5095,97,330563436,18458399,33714,919150108,347516643,0,778295778,5095,97,8,6,1500,1495635,1,6,449642453,330563436,33794,33795,33823,785149710,365042431,229361491
17,145165669,1,127423842,1,792906294,317827973,17,971385163,575594,622797579,97,135469562,256852182,17,351137718,216448,701940545,611744579,5095,97,330563436,18458399,33714,919150108,347516643,0,778295778,5095,169,10,7,4000,4276640,5,2,449642453,330563436,33794,33760,33809,749443834,431484053,141256065
17,145165669,1,127423842,8,292608994,956262271,17,801108420,762785,918253410,97,135469562,256852182,17,351137718,216448,701940545,611744579,5095,97,330563436,18458399,33714,919150108,347516643,0,778295778,5095,65,10,1,4600,4439276,7,1,449642453,330563436,33779,33778,33788,785149710,250142940,200691059
17,145165669,1,127423842,8,292608994,956262271,17,801108420,762785,918253410,97,135469562,256852182,17,351137718,216448,701940545,611744579,5095,97,330563436,18458399,33714,919150108,347516643,0,778295778,5095,106,3,2,200,201220,7,8,449642453,330563436,33792,33747,33804,749443834,1001693018,151366495
17,145165669,1,127423842,8,292608994,956262271,17,801108420,762785,918253410,97,135469562,256852182,17,351137718,216448,701940545,611744579,5095,97,330563436,18458399,33714,919150108,347516643,0,778295778,5095,123,8,3,2800,2864736,1,4,449642453,330563436,33773,33780,33775,749443834,365042431,967530550
17,145165669,1,127423842,8,292608994,956262271,17,801108420,762785,918253410,97,135469562,256852182,17,351137718,216448,701940545,611744579,5095,97,330563436,18458399,33714,919150108,347516643,0,778295778,5095,178,7,4,4200,4528314,8,8,378580043,330563436,33745,33754,33771,785149710,86983390,264395885
17,145165669,1,127423842,8,292608994,956262271,17,801108420,762785,918253410,97,135469562,256852182,17,351137718,216448,701940545,611744579,5095,97,330563436,18458399,33714,919150108,347516643,0,778295778,5095,166,7,5,900,959544,10,7,378580043,330563436,33828,33776,33830,862871618,1001693018,834703800
17,145165669,1,127423842,8,292608994,956262271,17,801108420,762785,918253410,97,135469562,256852182,17,351137718,216448,701940545,611744579,5095,97,330563436,18458399,33714,919150108,347516643,0,778295778,5095,97,8,6,1500,1495635,1,6,449642453,330563436,33794,33795,33823,785149710,365042431,229361491
17,145165669,1,127423842,8,292608994,956262271,17,801108420,762785,918253410,97,135469562,256852182,17,351137718,216448,701940545,611744579,5095,97,330563436,18458399,33714,919150108,347516643,0,778295778,5095,169,10,7,4000,4276640,5,2,449642453,330563436,33794,33760,33809,749443834,431484053,141256065
10,185743883,4,261867689,9,895777001,658451645,10,73320802,530237,726765942,16,606299054,831166561,10,851711143,468103,373412815,551498780,5120,16,777177650,2800773,35219,382018914,532998809,0,892773418,5120,133,4,1,2800,2892764,6,3,146356532,777177650,35264,35306,35281,106211174,250142940,788859837
17,145165669,1,127423842,1,792906294,317827973,17,971385163,575594,622797579,133,727108991,150278347,17,63836414,231467,701940545,136299243,5121,133,330563436,15033457,33733,483467692,663478748,0,908691321,5121,184,5,1,2300,2493614,6,1,449642453,330563436,33740,33773,33755,862871618,1001693018,861365259
17,145165669,1,127423842,1,792906294,317827973,17,971385163,575594,622797579,133,727108991,150278347,17,63836414,231467,701940545,136299243,5121,133,330563436,15033457,33733,483467692,663478748,0,908691321,5121,111,1,2,4500,4549995,8,4,449642453,330563436,33827,33810,33857,106211174,86983390,927106472
17,145165669,1,127423842,1,792906294,317827973,17,971385163,575594,622797579,133,727108991,150278347,17,63836414,231467,701940545,136299243,5121,133,330563436,15033457,33733,483467692,663478748,0,908691321,5121,97,10,3,2700,2692143,8,7,378580043,330563436,33770,33764,33772,106211174,431484053,670538101
17,145165669,1,127423842,1,792906294,317827973,17,971385163,575594,622797579,133,727108991,150278347,17,63836414,231467,701940545,136299243,5121,133,330563436,15033457,33733,483467692,663478748,0,908691321,5121,68,7,4,1000,968060,4,5,378580043,330563436,33761,33793,33785,862871618,944913022,502372613
17,145165669,1,127423842,1,792906294,317827973,17,971385163,575594,622797579,133,727108991,150278347,17,63836414,231467,701940545,136299243,5121,133,330563436,15033457,33733,483467692,663478748,0,908691321,5121,89,10,5,4600,4549768,3,2,378580043,330563436,33749,33802,33750,862871618,944913022,619222456
17,145165669,1,127423842,1,792906294,317827973,17,971385163,575594,622797579,133,727108991,150278347,17,63836414,231467,701940545,136299243,5121,133,330563436,15033457,33733,483467692,663478748,0,908691321,5121,1,8,6,200,180200,4,7,378580043,330563436,33824,33781,33825,106211174,944913022,267977554
17,145165669,1,127423842,8,292608994,956262271,17,801108420,762785,918253410,133,727108991,150278347,17,63836414,231467,701940545,136299243,5121,133,330563436,15033457,33733,483467692,663478748,0,908691321,5121,184,5,1,2300,2493614,6,1,449642453,330563436,33740,33773,33755,862871618,1001693018,861365259
17,145165669,1,127423842,8,292608994,956262271,17,801108420,762785,918253410,133,727108991,150278347,17,63836414,231467,701940545,136299243,5121,133,330563436,15033457,33733,483467692,663478748,0,908691321,5121,111,1,2,4500,4549995,8,4,449642453,330563436,33827,33810,33857,106211174,86983390,927106472
17,145165669,1,127423842,8,292608994,956262271,17,801108420,762785,918253410,133,727108991,150278347,17,63836414,231467,701940545,136299243,5121,133,330563436,15033457,33733,483467692,663478748,0,908691321,5121,97,10,3,2700,2692143,8,7,378580043,330563436,33770,33764,33772,106211174,431484053,670538101
17,145165669,1,127423842,8,292608994,956262271,17,801108420,762785,918253410,133,727108991,150278347,17,63836414,231467,701940545,136299243,5121,133,330563436,15033457,33733,483467692,663478748,0,908691321,5121,68,7,4,1000,968060,4,5,378580043,330563436,33761,33793,33785,862871618,944913022,502372613
17,145165669,1,127423842,8,292608994,956262271,17,801108420,762785,918253410,133,727108991,150278347,17,63836414,231467,701940545,136299243,5121,133,330563436,15033457,33733,483467692,663478748,0,908691321,5121,89,10,5,4600,4549768,3,2,378580043,330563436,33749,33802,33750,862871618,944913022,619222456
17,145165669,1,127423842,8,292608994,956262271,17,801108420,762785,918253410,133,727108991,150278347,17,63836414,231467,701940545,136299243,5121,133,330563436,15033457,33733,483467692,663478748,0,908691321,5121,1,8,6,200,180200,4,7,378580043,330563436,33824,33781,33825,106211174,944913022,267977554
5,529057841,0,890382161,2,549623314,849027485,5,58126162,403268,958596215,10,798437489,808791061,5,205635831,275354,750198692,908197369,5123,10,777177650,1185045,35834,382018914,974731986,0,247430465,5123,26,7,1,1300,1203826,8,7,146356532,777177650,35930,35875,35946,785149710,431484053,466264979
17,145165669,1,127423842,1,792906294,317827973,17,971385163,575594,622797579,8,922454654,11853917,17,342305859,681974,1028181460,844824201,5154,8,777177650,2807086,35531,1030545334,323232623,0,998532141,5154,190,1,1,1100,1199209,2,5,146356532,777177650,35646,35609,35675,106211174,250142940,1026734646
17,145165669,1,127423842,1,792906294,317827973,17,971385163,575594,622797579,8,922454654,11853917,17,342305859,681974,1028181460,844824201,5154,8,777177650,2807086,35531,1030545334,323232623,0,998532141,5154,144,5,2,1500,1566210,7,8,146356532,777177650,35602,35620,35620,106211174,365042431,360097768
17,145165669,1,127423842,8,292608994,956262271,17,801108420,762785,918253410,8,922454654,11853917,17,342305859,681974,1028181460,844824201,5154,8,777177650,2807086,35531,1030545334,323232623,0,998532141,5154,190,1,1,1100,1199209,2,5,146356532,777177650,35646,35609,35675,106211174,250142940,1026734646
17,145165669,1,127423842,8,292608994,956262271,17,801108420,762785,918253410,8,922454654,11853917,17,342305859,681974,1028181460,844824201,5154,8,777177650,2807086,35531,1030545334,323232623,0,998532141,5154,144,5,2,1500,1566210,7,8,146356532,777177650,35602,35620,35620,106211174,365042431,360097768
17,145165669,1,127423842,1,792906294,317827973,17,971385163,575594,622797579,77,824012780,958172237,17,860353878,173887,1028181460,653253715,5155,77,330563436,7018328,34495,919150108,356031414,0,594390663,5155,48,9,1,100,94804,0,0,449642453,330563436,34516,34555,34542,785149710,944913022,666675563
17,145165669,1,127423842,1,792906294,317827973,17,971385163,575594,622797579,77,824012780,958172237,17,860353878,173887,1028181460,653253715,5155,77,330563436,7018328,34495,919150108,356031414,0,594390663,5155,188,9,2,500,544090,8,2,449642453,330563436,34513,34557,34528,862871618,365042431,465015890
17,145165669,1,127423842,1,792906294,317827973,17,971385163,575594,622797579,77,824012780,958172237,17,860353878,173887,1028181460,653253715,5155,77,330563436,7018328,34495,919150108,356031414,0,594390663,5155,106,3,3,2800,2817080,5,2,378580043,330563436,34514,34532,34531,785149710,1001693018,70185176
17,145165669,1,127423842,1,792906294,317827973,17,971385163,575594,622797579,77,824012780,958172237,17,860353878,173887,1028181460,653253715,5155,77,330563436,7018328,34495,919150108,356031414,0,594390663,5155,79,7,4,3900,3818373,9,6,449642453,330563436,34569,34576,34593,785149710,86983390,865956050
17,145165669,1,127423842,8,292608994,956262271,17,801108420,762785,918253410,77,824012780,958172237,17,860353878,173887,1028181460,653253715,5155,77,330563436,7018328,34495,919150108,356031414,0,594390663,5155,48,9,1,100,94804,0,0,449642453,330563436,34516,34555,34542,785149710,944913022,666675563
17,145165669,1,127423842,8,292608994,956262271,17,801108420,762785,918253410,77,824012780,958172237,17,860353878,173887,1028181460,653253715,5155,77,330563436,7018328,34495,919150108,356031414,0,594390663,5155,188,9,2,500,544090,8,2,449642453,330563436,34513,34557,34528,862871618,365042431,465015890
17,145165669,1,127423842,8,292608994,956262271,17,801108420,762785,918253410,77,824012780,958172237,17,860353878,173887,1028181460,653253715,5155,77,330563436,7018328,34495,919150108,356031414,0,594390663,5155,106,3,3,2800,2817080,5,2,378580043,330563436,34514,34532,34531,785149710,1001693018,70185176
17,145165669,1,127423842,8,292608994,956262271,17,801108420,762785,918253410,77,824012780,958172237,17,860353878,173887,1028181460,653253715,5155,77,330563436,7018328,34495,919150108,356031414,0,594390663,5155,79,7,4,3900,3818373,9,6,449642453,330563436,34569,34576,34593,785149710,86983390,865956050
1,559044011,1,1004765669,3,458785,31140224,1,73682198,419239,154263564,106,864562228,957626520,1,147772690,328842,797027742,268933212,5159,106,777177650,14754326,35331,382018914,439528400,0,38432502,5159,124,7,1,3900,3994068,6,7,146356532,777177650,35414,35405,35438,785149710,431484053,185703228
1,559044011,1,1004765669,3,458785,31140224,1,73682198,419239,154263564,106,864562228,957626520,1,147772690,328842,797027742,268933212,5159,106,777177650,14754326,35331,382018914,439528400,0,38432502,5159,17,1,2,4600,4218246,1,1,146356532,777177650,35412,35404,35427,749443834,407419891,468399439
1,559044011,1,1004765669,3,458785,31140224,1,73682198,419239,154263564,106,864562228,957626520,1,147772690,328842,797027742,268933212,5159,106,777177650,14754326,35331,382018914,439528400,0,38432502,5159,152,4,3,2200,2314730,1,2,146356532,777177650,35373,35371,35382,862871618,407419891,137655607
1,559044011,1,1004765669,3,458785,31140224,1,73682198,419239,154263564,106,864562228,957626520,1,147772690,328842,797027742,268933212,5159,106,777177650,14754326,35331,382018914,439528400,0,38432502,5159,52,3,4,500,476025,10,0,146356532,777177650,35392,35416,35422,862871618,944913022,737269004
1,559044011,1,1004765669,3,458785,31140224,1,73682198,419239,154263564,106,864562228,957626520,1,147772690,328842,797027742,268933212,5159,106,777177650,14754326,35331,382018914,439528400,0,38432502,5159,198,10,5,3600,3953483,6,1,146356532,777177650,35452,35374,35467,106211174,1001693018,685306817
5,529057841,0,890382161,2,549623314,849027485,5,58126162,403268,958596215,85,1001770604,231357394,5,608676529,338664,373412815,725868244,5184,85,777177650,20915548,35994,527479233,666343547,0,770463208,5184,153,8,1,3300,3475394,7,4,146356532,777177650,36022,36082,36029,862871618,365042431,231187044
5,529057841,0,890382161,2,549623314,849027485,5,58126162,403268,958596215,85,1001770604,231357394,5,608676529,338664,373412815,725868244,5184,85,777177650,20915548,35994,527479233,666343547,0,770463208,5184,16,6,2,4700,4305247,5,1,146356532,777177650,36099,36024,36104,785149710,86983390,705650694
5,529057841,0,890382161,2,549623314,849027485,5,58126162,403268,958596215,85,1001770604,231357394,5,608676529,338664,373412815,725868244,5184,85,777177650,20915548,35994,527479233,666343547,0,770463208,5184,88,9,3,3900,3853512,3,6,146356532,777177650,36093,36083,36116,749443834,944913022,186920853
5,529057841,0,890382161,2,549623314,849027485,5,58126162,403268,958596215,85,1001770604,231357394,5,608676529,338664,373412815,725868244,5184,85,777177650,20915548,35994,527479233,666343547,0,770463208,5184,176,7,4,2600,2798042,5,8,146356532,777177650,36108,36031,36128,862871618,86983390,1059441835
5,529057841,0,890382161,2,549623314,849027485,5,58126162,403268,958596215,85,1001770604,231357394,5,608676529,338664,373412815,725868244,5184,85,777177650,20915548,35994,527479233,666343547,0,770463208,5184,124,9,5,1900,1945828,6,3,146356532,777177650,36112,36078,36118,785149710,1001693018,111557567
5,529057841,0,890382161,2,549623314,849027485,5,58126162,403268,958596215,85,1001770604,231357394,5,608676529,338664,373412815,725868244,5184,85,777177650,20915548,35994,527479233,666343547,0,770463208,5184,80,9,6,4900,4802392,2,0,146356532,777177650,36054,36033,36080,785149710,944913022,919215401
11,319240162,4,108891028,5,64952534,366176741,11,103869805,-28383,275262022,148,120951395,335387568,11,608291700,213560,750198692,672328102,5185,148,777177650,20617968,35634,1030545334,799892158,0,743856280,5185,197,1,1,3700,4059603,0,4,146356532,777177650,35648,35679,35654,785149710,407419891,376030943
11,319240162,4,108891028,5,64952534,366176741,11,103869805,-28383,275262022,148,120951395,335387568,11,608291700,213560,750198692,672328102,5185,148,777177650,20617968,35634,1030545334,799892158,0,743856280,5185,25,8,2,3200,2960064,6,0,146356532,777177650,35657,35701,35664,862871618,1001693018,62815816
11,319240162,4,108891028,5,64952534,366176741,11,103869805,-28383,275262022,148,120951395,335387568,11,608291700,213560,750198692,672328102,5185,148,777177650,20617968,35634,1030545334,799892158,0,743856280,5185,196,9,3,4100,4494379,0,5,146356532,777177650,35716,35712,35734,785149710,1001693018,203499462
11,319240162,4,108891028,5,64952534,366176741,11,103869805,-28383,275262022,148,120951395,335387568,11,608291700,213560,750198692,672328102,5185,148,777177650,20617968,35634,1030545334,799892158,0,743856280,5185,96,7,4,3000,2988270,9,4,146356532,777177650,35718,35687,35724,862871618,407419891,203184915
11,319240162,4,108891028,5,64952534,366176741,11,103869805,-28383,275262022,148,120951395,335387568,11,608291700,213560,750198692,672328102,5185,148,777177650,20617968,35634,1030545334,799892158,0,743856280,5185,128,9,5,800,822495,4,0,146356532,777177650,35670,35673,35693,785149710,1001693018,710337712
11,319240162,4,108891028,5,64952534,366176741,11,103869805,-28383,275262022,148,120951395,335387568,11,608291700,213560,750198692,672328102,5185,148,777177650,20617968,35634,1030545334,799892158,0,743856280,5185,146,9,6,5000,5230700,3,4,146356532,777177650,35716,35720,35738,862871618,944913022,333404423
11,319240162,4,108891028,5,64952534,366176741,11,103869805,-28383,275262022,52,749902188,199806749,11,982273298,563028,750198692,628614943,5186,52,777177650,20889263,35278,382018914,532998809,0,5875578,5186,55,10,1,3800,3629190,6,2,146356532,777177650,35390,35327,35408,749443834,431484053,412680576
11,319240162,4,108891028,5,64952534,366176741,11,103869805,-28383,275262022,52,749902188,199806749,11,982273298,563028,750198692,628614943,5186,52,777177650,20889263,35278,382018914,532998809,0,5875578,5186,91,2,2,3100,3072379,9,3,146356532,777177650,35355,35332,35361,862871618,1001693018,399109398
11,319240162,4,108891028,5,64952534,366176741,11,103869805,-28383,275262022,52,749902188,199806749,11,982273298,563028,750198692,628614943,5186,52,777177650,20889263,35278,382018914,532998809,0,5875578,5186,89,10,3,2600,2571608,3,2,146356532,777177650,35283,35341,35296,749443834,944913022,860299942
11,319240162,4,108891028,5,64952534,366176741,11,103869805,-28383,275262022,52,749902188,199806749,11,982273298,563028,750198692,628614943,5186,52,777177650,20889263,35278,382018914,532998809,0,5875578,5186,90,1,4,800,792072,10,5,146356532,777177650,35329,35335,35336,785149710,250142940,843875957
11,319240162,4,108891028,5,64952534,366176741,11,103869805,-28383,275262022,52,749902188,199806749,11,982273298,563028,750198692,628614943,5186,52,777177650,20889263,35278,382018914,532998809,0,5875578,5186,18,2,5,2800,2570428,9,3,146356532,777177650,35341,35363,35355,862871618,250142940,269694536
11,319240162,4,108891028,5,64952534,366176741,11,103869805,-28383,275262022,52,749902188,199806749,11,982273298,563028,750198692,628614943,5186,52,777177650,20889263,35278,382018914,532998809,0,5875578,5186,82,3,6,3500,3437280,0,5,146356532,777177650,35356,35348,35379,862871618,250142940,577860819
11,319240162,4,108891028,5,64952534,366176741,11,103869805,-28383,275262022,52,749902188,199806749,11,982273298,563028,750198692,628614943,5186,52,777177650,20889263,35278,382018914,532998809,0,5875578,5186,198,10,7,4400,4832036,0,8,146356532,777177650,35329,35350,35337,106211174,86983390,522757896
10,185743883,4,261867689,9,895777001,658451645,10,73320802,530237,726765942,55,292749220,212078962,10,611195724,457210,797027742,482627384,5187,55,777177650,4638069,35625,1030545334,410372609,0,514666674,5187,11,1,1,4900,4463949,4,6,146356532,777177650,35721,35713,35727,749443834,365042431,1036357745
10,185743883,4,261867689,9,895777001,658451645,10,73320802,530237,726765942,55,292749220,212078962,10,611195724,457210,797027742,482627384,5187,55,777177650,4638069,35625,1030545334,410372609,0,514666674,5187,83,4,2,100,98308,10,8,146356532,777177650,35648,35664,35662,749443834,1001693018,761290919
17,145165669,1,127423842,1,792906294,317827973,17,971385163,575594,622797579,77,824012780,958172237,17,860353878,173887,1028181460,653253715,5191,77,330563436,11991004,34677,483467692,1141672,0,377894137,5191,115,6,1,4100,4161951,0,8,449642453,330563436,34733,34755,34743,749443834,365042431,619112688
17,145165669,1,127423842,1,792906294,317827973,17,971385163,575594,622797579,77,824012780,958172237,17,860353878,173887,1028181460,653253715,5191,77,330563436,11991004,34677,483467692,1141672,0,377894137,5191,168,7,2,4000,4272640,2,1,449642453,330563436,34787,34749,34789,106211174,365042431,705247443
17,145165669,1,127423842,1,792906294,317827973,17,971385163,575594,622797579,77,824012780,958172237,17,860353878,173887,1028181460,653253715,5191,77,330563436,11991004,34677,483467692,1141672,0,377894137,5191,43,4,3,2700,2546208,7,5,449642453,330563436,34692,34721,34711,749443834,250142940,861385835
17,145165669,1,127423842,1,792906294,317827973,17,971385163,575594,622797579,77,824012780,958172237,17,860353878,173887,1028181460,653253715,5191,77,330563436,11991004,34677,483467692,1141672,0,377894137,5191,183,4,4,700,758226,1,4,449642453,330563436,34780,34727,34786,106211174,250142940,71940844
17,145165669,1,127423842,8,292608994,956262271,17,801108420,762785,918253410,77,824012780,958172237,17,860353878,173887,1028181460,653253715,5191,77,330563436,11991004,34677,483467692,1141672,0,377894137,5191,115,6,1,4100,4161951,0,8,449642453,330563436,34733,34755,34743,749443834,365042431,619112688
17,145165669,1,127423842,8,292608994,956262271,17,801108420,762785,918253410,77,824012780,958172237,17,860353878,173887,1028181460,653253715,5191,77,330563436,11991004,34677,483467692,1141672,0,377894137,5191,168,7,2,4000,4272640,2,1,449642453,330563436,34787,34749,34789,106211174,365042431,705247443
17,145165669,1,127423842,8,292608994,956262271,17,801108420,762785,918253410,77,824012780,958172237,17,860353878,173887,1028181460,653253715,5191,77,330563436,11991004,34677,483467692,1141672,0,377894137,5191,43,4,3,2700,2546208,7,5,449642453,330563436,34692,34721,34711,749443834,250142940,861385835
17,145165669,1,127423842,8,292608994,956262271,17,801108420,762785,918253410,77,824012780,958172237,17,860353878,173887,1028181460,653253715,5191,77,330563436,11991004,34677,483467692,1141672,0,377894137,5191,183,4,4,700,758226,1,4,449642453,330563436,34780,34727,34786,106211174,250142940,71940844
1,559044011,1,1004765669,3,458785,31140224,1,73682198,419239,154263564,59,423000473,655613612,1,237474603,345860,797027742,1021373874,5216,59,777177650,1676395,35654,1030545334,575772390,0,690648165,5216,69,10,1,1700,1647402,4,6,146356532,777177650,35660,35739,35685,785149710,944913022,534150951
17,145165669,1,127423842,1,792906294,317827973,17,971385163,575594,622797579,35,838315206,970339776,17,936827836,122824,750198692,831183110,5217,35,777177650,13574557,34983,919150108,323230386,0,961935366,5217,80,1,1,5000,4900400,5,2,146356532,777177650,35057,35022,35086,749443834,431484053,511579259
17,145165669,1,127423842,1,792906294,317827973,17,971385163,575594,622797579,35,838315206,970339776,17,936827836,122824,750198692,831183110,5217,35,777177650,13574557,34983,919150108,323230386,0,961935366,5217,16,7,2,2300,2106823,6,7,146356532,777177650,35080,35055,35103,785149710,250142940,330673364
17,145165669,1,127423842,1,792906294,317827973,17,971385163,575594,622797579,35,838315206,970339776,17,936827836,122824,750198692,831183110,5217,35,777177650,13574557,34983,919150108,323230386,0,961935366,5217,102,7,3,2300,2304830,3,2,146356532,777177650,35016,35048,35028,749443834,944913022,171211988
17,145165669,1,127423842,1,792906294,317827973,17,971385163,575594,622797579,35,838315206,970339776,17,936827836,122824,750198692,831183110,5217,35,777177650,13574557,34983,919150108,323230386,0,961935366,5217,81,2,4,4700,4611076,4,0,146356532,777177650,35025,35056,35026,785149710,365042431,393720289
17,145165669,1,127423842,8,292608994,956262271,17,801108420,762785,918253410,35,838315206,970339776,17,936827836,122824,750198692,831183110,5217,35,777177650,13574557,34983,919150108,323230386,0,961935366,5217,80,1,1,5000,4900400,5,2,146356532,777177650,35057,35022,35086,749443834,431484053,511579259
17,145165669,1,127423842,8,292608994,956262271,17,801108420,762785,918253410,35,838315206,970339776,17,936827836,122824,750198692,831183110,5217,35,777177650,13574557,34983,919150108,323230386,0,961935366,5217,16,7,2,2300,2106823,6,7,146356532,777177650,35080,35055,35103,785149710,250142940,330673364
17,145165669,1,127423842,8,292608994,956262271,17,801108420,762785,918253410,35,838315206,970339776,17,936827836,122824,750198692,831183110,5217,35,777177650,13574557,34983,919150108,323230386,0,961935366,5217,102,7,3,2300,2304830,3,2,146356532,777177650,35016,35048,35028,749443834,944913022,171211988
17,145165669,1,127423842,8,292608994,956262271,17,801108420,762785,918253410,35,838315206,970339776,17,936827836,122824,750198692,831183110,5217,35,777177650,13574557,34983,919150108,323230386,0,961935366,5217,81,2,4,4700,4611076,4,0,146356532,777177650,35025,35056,35026,785149710,365042431,393720289
5,529057841,0,890382161,2,549623314,849027485,5,58126162,403268,958596215,10,798437489,808791061,5,205635831,275354,750198692,908197369,5220,10,330563436,2484439,33813,919150108,991252487,0,214710727,5220,83,4,1,2700,2654316,10,4,378580043,330563436,33866,33843,33891,749443834,250142940,171852888
17,145165669,1,127423842,1,792906294,317827973,17,971385163,575594,622797579,97,135469562,256852182,17,351137718,216448,701940545,611744579,5250,97,777177650,2967373,34894,919150108,253109335,0,768086435,5250,44,3,1,200,188808,8,4,146356532,777177650,34918,34980,34922,785149710,365042431,982999579
17,145165669,1,127423842,1,792906294,317827973,17,971385163,575594,622797579,97,135469562,256852182,17,351137718,216448,701940545,611744579,5250,97,777177650,2967373,34894,919150108,253109335,0,768086435,5250,192,6,2,2700,2948913,10,5,146356532,777177650,34994,34943,35019,785149710,86983390,1036895420
17,145165669,1,127423842,8,292608994,956262271,17,801108420,762785,918253410,97,135469562,256852182,17,351137718,216448,701940545,611744579,5250,97,777177650,2967373,34894,919150108,253109335,0,768086435,5250,44,3,1,200,188808,8,4,146356532,777177650,34918,34980,34922,785149710,365042431,982999579
17,145165669,1,127423842,8,292608994,956262271,17,801108420,762785,918253410,97,135469562,256852182,17,351137718,216448,701940545,611744579,5250,97,777177650,2967373,34894,919150108,253109335,0,768086435,5250,192,6,2,2700,2948913,10,5,146356532,777177650,34994,34943,35019,785149710,86983390,1036895420
15,962519746,0,265433381,4,829353804,938198330,15,991041614,464108,693080424,34,3104980,1067983329,15,829251106,858970,750198692,421313236,5251,34,777177650,3400448,34799,1030545334,325853957,0,457798458,5251,139,10,1,3600,3740868,10,1,146356532,777177650,34894,34883,34906,749443834,944913022,547561104
11,319240162,4,108891028,5,64952534,366176741,11,103869805,-28383,275262022,148,120951395,335387568,11,608291700,213560,750198692,672328102,5253,148,836745293,10836146,34798,919150108,421211526,0,754272443,5253,31,2,1,3500,3258605,2,0,146356532,777177650,34901,34860,34912,749443834,365042431,36076619
11,319240162,4,108891028,5,64952534,366176741,11,103869805,-28383,275262022,148,120951395,335387568,11,608291700,213560,750198692,672328102,5253,148,836745293,10836146,34798,919150108,421211526,0,754272443,5253,150,7,2,3800,3990569,2,6,146356532,777177650,34912,34862,34936,749443834,1001693018,892037927
11,319240162,4,108891028,5,64952534,366176741,11,103869805,-28383,275262022,148,120951395,335387568,11,608291700,213560,750198692,672328102,5253,148,836745293,10836146,34798,919150108,421211526,0,754272443,5253,14,5,3,900,822609,3,8,146356532,330563436,34856,34829,34871,749443834,1001693018,1058034189
11,319240162,4,108891028,5,64952534,366176741,11,103869805,-28383,275262022,148,120951395,335387568,11,608291700,213560,750198692,672328102,5253,148,836745293,10836146,34798,919150108,421211526,0,754272443,5253,166,1,4,2500,2665400,4,3,449642453,330563436,34838,34861,34857,785149710,86983390,1006423812
15,962519746,0,265433381,4,829353804,938198330,15,991041614,464108,693080424,34,3104980,1067983329,15,829251106,858970,750198692,421313236,5280,34,777177650,6805270,35765,1030545334,355844317,0,1021854530,5280,97,9,1,1600,1595344,2,3,146356532,777177650,35881,35821,35886,862871618,407419891,569392542
15,962519746,0,265433381,4,829353804,938198330,15,991041614,464108,693080424,34,3104980,1067983329,15,829251106,858970,750198692,421313236,5280,34,777177650,6805270,35765,1030545334,355844317,0,1021854530,5280,176,5,2,4600,4950382,1,6,146356532,777177650,35797,35814,35827,862871618,944913022,12477582
11,319240162,4,108891028,5,64952534,366176741,11,103869805,-28383,275262022,131,177759885,35988995,11,534137668,859553,750198692,317345255,5283,131,330563436,1859466,34487,1030545334,155599602,0,351053303,5283,5,2,1,2000,1810000,5,2,449642453,330563436,34591,34547,34620,862871618,86983390,897236476
11,319240162,4,108891028,5,64952534,366176741,11,103869805,-28383,275262022,131,177759885,35988995,11,534137668,859553,750198692,317345255,5283,131,330563436,1859466,34487,1030545334,155599602,0,351053303,5283,186,7,2,100,108618,10,8,378580043,330563436,34503,34547,34514,785149710,944913022,715808246
17,145165669,1,127423842,1,792906294,317827973,17,971385163,575594,622797579,61,754492610,99266246,17,63893436,153624,373412815,1071371457,5284,61,777177650,4054899,34887,483467692,37386955,0,1060519429,5284,173,1,1,1600,1717072,4,2,146356532,777177650,34926,34932,34935,749443834,86983390,253241942
17,145165669,1,127423842,1,792906294,317827973,17,971385163,575594,622797579,61,754492610,99266246,17,63893436,153624,373412815,1071371457,5284,61,777177650,4054899,34887,483467692,37386955,0,1060519429,5284,44,7,2,2400,2265696,3,8,146356532,777177650,34991,34932,34997,785149710,365042431,531780896
17,145165669,1,127423842,8,292608994,956262271,17,801108420,762785,918253410,61,754492610,99266246,17,63893436,153624,373412815,1071371457,5284,61,777177650,4054899,34887,483467692,37386955,0,1060519429,5284,173,1,1,1600,1717072,4,2,146356532,777177650,34926,34932,34935,749443834,86983390,253241942
17,145165669,1,127423842,8,292608994,956262271,17,801108420,762785,918253410,61,754492610,99266246,17,63893436,153624,373412815,1071371457,5284,61,777177650,4054899,34887,483467692,37386955,0,1060519429,5284,44,7,2,2400,2265696,3,8,146356532,777177650,34991,34932,34997,785149710,365042431,531780896
23,536896580,3,94114815,7,11315813,791810943,23,1051077640,682035,798884201,65,281052985,65225523,23,531840509,879516,701940545,1044095204,5312,65,330563436,6669795,34752,919150108,430691860,0,486946221,5312,61,6,1,2700,2594862,4,8,449642453,330563436,34807,34796,34812,785149710,407419891,725273925
23,536896580,3,94114815,7,11315813,791810943,23,1051077640,682035,798884201,65,281052985,65225523,23,531840509,879516,701940545,1044095204,5312,65,330563436,6669795,34752,919150108,430691860,0,486946221,5312,2,5,2,4300,3878600,5,8,449642453,330563436,34780,34824,34784,106211174,86983390,901498091
15,962519746,0,265433381,4,829353804,938198330,15,991041614,464108,693080424,34,3104980,1067983329,15,829251106,858970,750198692,421313236,5314,34,777177650,2699983,34850,919150108,1000676156,0,1022044749,5314,118,9,1,1000,1018110,7,5,146356532,777177650,34966,34902,34989,749443834,250142940,179659418
15,962519746,0,265433381,4,829353804,938198330,15,991041614,464108,693080424,34,3104980,1067983329,15,829251106,858970,750198692,421313236,5314,34,777177650,2699983,34850,919150108,1000676156,0,1022044749,5314,125,6,2,1600,1640191,0,4,146356532,777177650,34965,34886,34987,785149710,407419891,977456064
1,559044011,1,1004765669,3,458785,31140224,1,73682198,419239,154263564,59,423000473,655613612,1,237474603,345860,797027742,1021373874,5318,59,330563436,10693519,34061,919150108,129378495,0,603649378,5318,61,6,1,1300,1249378,10,4,378580043,330563436,34163,34143,34192,785149710,1001693018,866484805
1,559044011,1,1004765669,3,458785,31140224,1,73682198,419239,154263564,59,423000473,655613612,1,237474603,345860,797027742,1021373874,5318,59,330563436,10693519,34061,919150108,129378495,0,603649378,5318,180,1,2,2600,2808468,0,4,378580043,330563436,34155,34110,34176,785149710,407419891,902397046
1,559044011,1,1004765669,3,458785,31140224,1,73682198,419239,154263564,59,423000473,655613612,1,237474603,345860,797027742,1021373874,5318,59,330563436,10693519,34061,919150108,129378495,0,603649378,5318,7,10,3,3700,3355900,7,5,449642453,330563436,34157,34140,34169,785149710,407419891,640815790
1,559044011,1,1004765669,3,458785,31140224,1,73682198,419239,154263564,59,423000473,655613612,1,237474603,345860,797027742,1021373874,5318,59,330563436,10693519,34061,919150108,129378495,0,603649378,5318,142,5,4,3100,3230634,1,4,378580043,330563436,34176,34093,34185,749443834,1001693018,245845200
23,536896580,3,94114815,7,11315813,791810943,23,1051077640,682035,798884201,31,855445084,1027402851,23,969728011,523689,750198692,449809331,5345,31,777177650,11192456,35664,382018914,749041001,0,995930205,5345,83,4,1,300,294924,5,1,146356532,777177650,35772,35704,35798,785149710,407419891,917136229
23,536896580,3,94114815,7,11315813,791810943,23,1051077640,682035,798884201,31,855445084,1027402851,23,969728011,523689,750198692,449809331,5345,31,777177650,11192456,35664,382018914,749041001,0,995930205,5345,146,5,2,200,209228,10,2,146356532,777177650,35750,35713,35770,106211174,431484053,541837896
23,536896580,3,94114815,7,11315813,791810943,23,1051077640,682035,798884201,31,855445084,1027402851,23,969728011,523689,750198692,449809331,5345,31,777177650,11192456,35664,382018914,749041001,0,995930205,5345,192,5,3,4600,5024074,6,4,146356532,777177650,35707,35698,35719,785149710,1001693018,718712666
23,536896580,3,94114815,7,11315813,791810943,23,1051077640,682035,798884201,31,855445084,1027402851,23,969728011,523689,750198692,449809331,5345,31,777177650,11192456,35664,382018914,749041001,0,995930205,5345,114,4,4,3700,3752207,1,1,146356532,777177650,35733,35710,35758,749443834,365042431,140158332
23,536896580,3,94114815,7,11315813,791810943,23,1051077640,682035,798884201,31,855445084,1027402851,23,969728011,523689,750198692,449809331,5345,31,777177650,11192456,35664,382018914,749041001,0,995930205,5345,34,10,5,2200,2054866,2,2,146356532,777177650,35667,35754,35681,862871618,431484053,903681681
10,185743883,4,261867689,9,895777001,658451645,10,73320802,530237,726765942,49,58080412,277187647,10,223001803,457393,373412815,529457660,5347,49,330563436,17302471,34750,1030545334,872565884,0,414401336,5347,83,4,1,4800,4718784,4,8,449642453,330563436,34753,34813,34782,106211174,407419891,89549352
10,185743883,4,261867689,9,895777001,658451645,10,73320802,530237,726765942,49,58080412,277187647,10,223001803,457393,373412815,529457660,5347,49,330563436,17302471,34750,1030545334,872565884,0,414401336,5347,124,3,2,4700,4813364,2,1,146356532,330563436,34853,34785,34876,785149710,365042431,31899479
10,185743883,4,261867689,9,895777001,658451645,10,73320802,530237,726765942,49,58080412,277187647,10,223001803,457393,373412815,529457660,5347,49,330563436,17302471,34750,1030545334,872565884,0,414401336,5347,23,2,3,3400,3138268,6,0,449642453,330563436,34835,34791,34850,749443834,407419891,859307093
10,185743883,4,261867689,9,895777001,658451645,10,73320802,530237,726765942,49,58080412,277187647,10,223001803,457393,373412815,529457660,5347,49,330563436,17302471,34750,1030545334,872565884,0,414401336,5347,40,1,4,400,376016,6,3,449642453,330563436,34780,34790,34788,106211174,407419891,23787286
10,185743883,4,261867689,9,895777001,658451645,10,73320802,530237,726765942,49,58080412,277187647,10,223001803,457393,373412815,529457660,5347,49,330563436,17302471,34750,1030545334,872565884,0,414401336,5347,131,2,5,2100,2165373,8,4,378580043,330563436,34788,34803,34810,106211174,407419891,202668622
10,185743883,4,261867689,9,895777001,658451645,10,73320802,530237,726765942,49,58080412,277187647,10,223001803,457393,373412815,529457660,5347,49,330563436,17302471,34750,1030545334,872565884,0,414401336,5347,56,1,6,600,573630,6,2,449642453,330563436,34798,34801,34819,106211174,86983390,339485747
10,185743883,4,261867689,9,895777001,658451645,10,73320802,530237,726765942,49,58080412,277187647,10,223001803,457393,373412815,529457660,5347,49,330563436,17302471,34750,1030545334,872565884,0,414401336,5347,50,7,7,1800,1710090,1,1,146356532,330563436,34841,34824,34867,106211174,944913022,795724665
15,962519746,0,265433381,4,829353804,938198330,15,991041614,464108,693080424,53,1039100764,494421651,15,378811987,411364,750198692,860477758,5348,53,777177650,11916496,35740,527479233,660150212,0,906554532,5348,69,4,1,2100,2035025,10,4,146356532,777177650,35773,35786,35790,106211174,1001693018,149357593
15,962519746,0,265433381,4,829353804,938198330,15,991041614,464108,693080424,53,1039100764,494421651,15,378811987,411364,750198692,860477758,5348,53,777177650,11916496,35740,527479233,660150212,0,906554532,5348,156,1,2,3100,3274065,7,2,146356532,777177650,35797,35771,35810,785149710,250142940,508985587
15,962519746,0,265433381,4,829353804,938198330,15,991041614,464108,693080424,53,1039100764,494421651,15,378811987,411364,750198692,860477758,5348,53,777177650,11916496,35740,527479233,660150212,0,906554532,5348,17,8,3,1600,1467216,6,8,146356532,777177650,35852,35787,35864,749443834,365042431,365392417
15,962519746,0,265433381,4,829353804,938198330,15,991041614,464108,693080424,53,1039100764,494421651,15,378811987,411364,750198692,860477758,5348,53,777177650,11916496,35740,527479233,660150212,0,906554532,5348,20,4,4,700,644014,4,0,146356532,777177650,35822,35782,35834,749443834,250142940,977441576
15,962519746,0,265433381,4,829353804,938198330,15,991041614,464108,693080424,53,1039100764,494421651,15,378811987,411364,750198692,860477758,5348,53,777177650,11916496,35740,527479233,660150212,0,906554532,5348,2,5,5,3700,3337400,6,7,146356532,777177650,35763,35826,35769,106211174,944913022,666713705
15,962519746,0,265433381,4,829353804,938198330,15,991041614,464108,693080424,53,1039100764,494421651,15,378811987,411364,750198692,860477758,5348,53,777177650,11916496,35740,527479233,660150212,0,906554532,5348,143,10,6,1400,1460396,6,5,146356532,777177650,35778,35805,35786,785149710,944913022,308868918
14,188440933,0,29958364,6,564123676,816784291,14,177982233,136579,447900922,89,468529770,948964647,14,106551305,153076,373412815,1009632679,5379,89,777177650,4701015,34917,919150108,16217384,0,399452497,5379,199,1,1,4000,4396760,1,8,146356532,777177650,34971,34989,35000,785149710,431484053,483859504
11,319240162,4,108891028,5,64952534,366176741,11,103869805,-28383,275262022,148,120951395,335387568,11,608291700,213560,750198692,672328102,5380,148,777177650,12301483,35713,382018914,766994113,0,379730262,5380,182,3,1,1400,1515052,10,1,146356532,777177650,35780,35765,35799,106211174,250142940,702007066
11,319240162,4,108891028,5,64952534,366176741,11,103869805,-28383,275262022,148,120951395,335387568,11,608291700,213560,750198692,672328102,5380,148,777177650,12301483,35713,382018914,766994113,0,379730262,5380,147,6,2,1000,1047140,9,5,146356532,777177650,35756,35803,35783,785149710,365042431,393198332
11,319240162,4,108891028,5,64952534,366176741,11,103869805,-28383,275262022,148,120951395,335387568,11,608291700,213560,750198692,672328102,5380,148,777177650,12301483,35713,382018914,766994113,0,379730262,5380,184,5,3,4000,4336720,2,8,146356532,777177650,35792,35759,35802,749443834,407419891,926543897
11,319240162,4,108891028,5,64952534,366176741,11,103869805,-28383,275262022,148,120951395,335387568,11,608291700,213560,750198692,672328102,5380,148,777177650,12301483,35713,382018914,766994113,0,379730262,5380,66,3,4,600,579636,9,5,146356532,777177650,35747,35801,35773,785149710,431484053,843479183
11,319240162,4,108891028,5,64952534,366176741,11,103869805,-28383,275262022,148,120951395,335387568,11,608291700,213560,750198692,672328102,5380,148,777177650,12301483,35713,382018914,766994113,0,379730262,5380,107,8,5,4800,4834080,4,3,146356532,777177650,35763,35790,35767,749443834,944913022,166984544
15,962519746,0,265433381,4,829353804,938198330,15,991041614,464108,693080424,32,42617135,948840554,15,120905608,347153,1028181460,156874928,5381,32,330563436,22399546,33996,527479233,560258212,0,849662612,5381,188,9,1,3700,4026266,4,1,449642453,330563436,34065,34064,34069,749443834,407419891,720578447
15,962519746,0,265433381,4,829353804,938198330,15,991041614,464108,693080424,32,42617135,948840554,15,120905608,347153,1028181460,156874928,5381,32,330563436,22399546,33996,527479233,560258212,0,849662612,5381,111,8,2,4800,4853328,4,3,378580043,330563436,34079,34074,34101,862871618,944913022,339832754
15,962519746,0,265433381,4,829353804,938198330,15,991041614,464108,693080424,32,42617135,948840554,15,120905608,347153,1028181460,156874928,5381,32,330563436,22399546,33996,527479233,560258212,0,849662612,5381,192,3,3,1300,1419847,8,3,378580043,330563436,34096,34083,34112,106211174,944913022,820333429
15,962519746,0,265433381,4,829353804,938198330,15,991041614,464108,693080424,32,42617135,948840554,15,120905608,347153,1028181460,156874928,5381,32,330563436,22399546,33996,527479233,560258212,0,849662612,5381,168,3,4,1700,1815872,5,5,378580043,330563436,34112,34071,34135,106211174,431484053,11802750
15,962519746,0,265433381,4,829353804,938198330,15,991041614,464108,693080424,32,42617135,948840554,15,120905608,347153,1028181460,156874928,5381,32,330563436,22399546,33996,527479233,560258212,0,849662612,5381,63,8,5,4900,4718994,6,2,378580043,330563436,34095,34064,34121,106211174,944913022,878872989
15,962519746,0,265433381,4,829353804,938198330,15,991041614,464108,693080424,32,42617135,948840554,15,120905608,347153,1028181460,156874928,5381,32,330563436,22399546,33996,527479233,560258212,0,849662612,5381,132,3,6,3300,3406029,10,0,449642453,330563436,34066,34060,34079,749443834,407419891,46619072
15,962519746,0,265433381,4,829353804,938198330,15,991041614,464108,693080424,32,42617135,948840554,15,120905608,347153,1028181460,156874928,5381,32,330563436,22399546,33996,527479233,560258212,0,849662612,5381,44,3,7,3100,2926524,4,5,449642453,330563436,34067,34048,34070,862871618,431484053,249828678
17,145165669,1,127423842,1,792906294,317827973,17,971385163,575594,622797579,35,838315206,970339776,17,936827836,122824,750198692,831183110,5382,35,330563436,13842303,33614,527479233,972070541,0,305836849,5382,153,8,1,3400,3580710,3,3,378580043,330563436,33654,33650,33663,749443834,944913022,634882216
17,145165669,1,127423842,1,792906294,317827973,17,971385163,575594,622797579,35,838315206,970339776,17,936827836,122824,750198692,831183110,5382,35,330563436,13842303,33614,527479233,972070541,0,305836849,5382,55,3,2,1300,1241565,9,6,449642453,330563436,33617,33673,33638,106211174,431484053,859579067
17,145165669,1,127423842,1,792906294,317827973,17,971385163,575594,622797579,35,838315206,970339776,17,936827836,122824,750198692,831183110,5382,35,330563436,13842303,33614,527479233,972070541,0,305836849,5382,149,10,3,300,314742,10,6,449642453,330563436,33683,33667,33711,862871618,365042431,151771746
17,145165669,1,127423842,1,792906294,317827973,17,971385163,575594,622797579,35,838315206,970339776,17,936827836,122824,750198692,831183110,5382,35,330563436,13842303,33614,527479233,972070541,0,305836849,5382,62,9,4,2000,1924120,8,2,449642453,330563436,33687,33649,33707,749443834,944913022,113648732
17,145165669,1,127423842,1,792906294,317827973,17,971385163,575594,622797579,35,838315206,970339776,17,936827836,122824,750198692,831183110,5382,35,330563436,13842303,33614,527479233,972070541,0,305836849,5382,177,8,5,1400,1508038,2,2,449642453,330563436,33697,33697,33726,862871618,944913022,926145574
17,145165669,1,127423842,1,792906294,317827973,17,971385163,575594,622797579,35,838315206,970339776,17,936827836,122824,750198692,831183110,5382,35,330563436,13842303,33614,527479233,972070541,0,305836849,5382,180,9,6,600,648108,2,1,449642453,330563436,33668,33694,33679,862871618,944913022,606203410
17,145165669,1,127423842,1,792906294,317827973,17,971385163,575594,622797579,35,838315206,970339776,17,936827836,122824,750198692,831183110,5382,35,330563436,13842303,33614,527479233,972070541,0,305836849,5382,105,2,7,4800,4824480,5,5,449642453,330563436,33646,33680,33657,749443834,1001693018,353824630
17,145165669,1,127423842,8,292608994,956262271,17,801108420,762785,918253410,35,838315206,970339776,17,936827836,122824,750198692,831183110,5382,35,330563436,13842303,33614,527479233,972070541,0,305836849,5382,153,8,1,3400,3580710,3,3,378580043,330563436,33654,33650,33663,749443834,944913022,634882216
17,145165669,1,127423842,8,292608994,956262271,17,801108420,762785,918253410,35,838315206,970339776,17,936827836,122824,750198692,831183110,5382,35,330563436,13842303,33614,527479233,972070541,0,305836849,5382,55,3,2,1300,1241565,9,6,449642453,330563436,33617,33673,33638,106211174,431484053,859579067
17,145165669,1,127423842,8,292608994,956262271,17,801108420,762785,918253410,35,838315206,970339776,17,936827836,122824,750198692,831183110,5382,35,330563436,13842303,33614,527479233,972070541,0,305836849,5382,149,10,3,300,314742,10,6,449642453,330563436,33683,33667,33711,862871618,365042431,151771746
17,145165669,1,127423842,8,292608994,956262271,17,801108420,762785,918253410,35,838315206,970339776,17,936827836,122824,750198692,831183110,5382,35,330563436,13842303,33614,527479233,972070541,0,305836849,5382,62,9,4,2000,1924120,8,2,449642453,330563436,33687,33649,33707,749443834,944913022,113648732
17,145165669,1,127423842,8,292608994,956262271,17,801108420,762785,918253410,35,838315206,970339776,17,936827836,122824,750198692,831183110,5382,35,330563436,13842303,33614,527479233,972070541,0,305836849,5382,177,8,5,1400,1508038,2,2,449642453,330563436,33697,33697,33726,862871618,944913022,926145574
17,145165669,1,127423842,8,292608994,956262271,17,801108420,762785,918253410,35,838315206,970339776,17,936827836,122824,750198692,831183110,5382,35,330563436,13842303,33614,527479233,972070541,0,305836849,5382,180,9,6,600,648108,2,1,449642453,330563436,33668,33694,33679,862871618,944913022,606203410
17,145165669,1,127423842,8,292608994,956262271,17,801108420,762785,918253410,35,838315206,970339776,17,936827836,122824,750198692,831183110,5382,35,330563436,13842303,33614,527479233,972070541,0,305836849,5382,105,2,7,4800,4824480,5,5,449642453,330563436,33646,33680,33657,749443834,1001693018,353824630
23,536896580,3,94114815,7,11315813,791810943,23,1051077640,682035,798884201,31,855445084,1027402851,23,969728011,523689,750198692,449809331,5383,31,777177650,1147495,34843,527479233,778902010,0,271581004,5383,96,7,1,1200,1195308,4,0,146356532,777177650,34880,34925,34910,862871618,365042431,395001253
17,145165669,1,127423842,1,792906294,317827973,17,971385163,575594,622797579,61,754492610,99266246,17,63893436,153624,373412815,1071371457,5411,61,777177650,6254127,35564,1030545334,321496747,0,935983844,5411,96,9,1,1700,1693353,5,1,146356532,777177650,35631,35623,35639,862871618,1001693018,568515719
17,145165669,1,127423842,1,792906294,317827973,17,971385163,575594,622797579,61,754492610,99266246,17,63893436,153624,373412815,1071371457,5411,61,777177650,6254127,35564,1030545334,321496747,0,935983844,5411,113,7,2,1000,1013110,8,1,146356532,777177650,35628,35644,35635,862871618,431484053,919280070
17,145165669,1,127423842,1,792906294,317827973,17,971385163,575594,622797579,61,754492610,99266246,17,63893436,153624,373412815,1071371457,5411,61,777177650,6254127,35564,1030545334,321496747,0,935983844,5411,56,7,3,500,478025,10,1,146356532,777177650,35683,35643,35694,749443834,944913022,850029365
17,145165669,1,127423842,1,792906294,317827973,17,971385163,575594,622797579,61,754492610,99266246,17,63893436,153624,373412815,1071371457,5411,61,777177650,6254127,35564,1030545334,321496747,0,935983844,5411,129,8,4,1500,1543680,8,5,146356532,777177650,35610,35624,35616,785149710,250142940,774342800
17,145165669,1,127423842,1,792906294,317827973,17,971385163,575594,622797579,61,754492610,99266246,17,63893436,153624,373412815,1071371457,5411,61,777177650,6254127,35564,1030545334,321496747,0,935983844,5411,4,5,5,1900,1717600,5,8,146356532,777177650,35573,35639,35598,785149710,250142940,914835545
17,145165669,1,127423842,8,292608994,956262271,17,801108420,762785,918253410,61,754492610,99266246,17,63893436,153624,373412815,1071371457,5411,61,777177650,6254127,35564,1030545334,321496747,0,935983844,5411,96,9,1,1700,1693353,5,1,146356532,777177650,35631,35623,35639,862871618,1001693018,568515719
17,145165669,1,127423842,8,292608994,956262271,17,801108420,762785,918253410,61,754492610,99266246,17,63893436,153624,373412815,1071371457,5411,61,777177650,6254127,35564,1030545334,321496747,0,935983844,5411,113,7,2,1000,1013110,8,1,146356532,777177650,35628,35644,35635,862871618,431484053,919280070
17,145165669,1,127423842,8,292608994,956262271,17,801108420,762785,918253410,61,754492610,99266246,17,63893436,153624,373412815,1071371457,5411,61,777177650,6254127,35564,1030545334,321496747,0,935983844,5411,56,7,3,500,478025,10,1,146356532,777177650,35683,35643,35694,749443834,944913022,850029365
17,145165669,1,127423842,8,292608994,956262271,17,801108420,762785,918253410,61,754492610,99266246,17,63893436,153624,373412815,1071371457,5411,61,777177650,6254127,35564,1030545334,321496747,0,935983844,5411,129,8,4,1500,1543680,8,5,146356532,777177650,35610,35624,35616,785149710,250142940,774342800
17,145165669,1,127423842,8,292608994,956262271,17,801108420,762785,918253410,61,754492610,99266246,17,63893436,153624,373412815,1071371457,5411,61,777177650,6254127,35564,1030545334,321496747,0,935983844,5411,4,5,5,1900,1717600,5,8,146356532,777177650,35573,35639,35598,785149710,250142940,914835545
10,185743883,4,261867689,9,895777001,658451645,10,73320802,530237,726765942,41,548472177,102959959,10,589189525,27095,750198692,81122026,5441,41,330563436,13189104,34534,483467692,283718059,0,826664238,5441,164,1,1,300,319248,0,2,378580043,330563436,34556,34619,34576,862871618,1001693018,598536952
10,185743883,4,261867689,9,895777001,658451645,10,73320802,530237,726765942,41,548472177,102959959,10,589189525,27095,750198692,81122026,5441,41,330563436,13189104,34534,483467692,283718059,0,826664238,5441,131,2,2,4900,5052537,2,3,449642453,330563436,34598,34597,34627,106211174,944913022,710632172
10,185743883,4,261867689,9,895777001,658451645,10,73320802,530237,726765942,41,548472177,102959959,10,589189525,27095,750198692,81122026,5441,41,330563436,13189104,34534,483467692,283718059,0,826664238,5441,144,3,3,3300,3445662,9,2,378580043,330563436,34614,34611,34635,749443834,86983390,214939846
10,185743883,4,261867689,9,895777001,658451645,10,73320802,530237,726765942,41,548472177,102959959,10,589189525,27095,750198692,81122026,5441,41,330563436,13189104,34534,483467692,283718059,0,826664238,5441,67,4,4,4700,4545182,7,8,378580043,330563436,34655,34621,34682,862871618,944913022,513105725
11,319240162,4,108891028,5,64952534,366176741,11,103869805,-28383,275262022,131,177759885,35988995,11,534137668,859553,750198692,317345255,5443,131,777177650,12495079,35346,483467692,415568494,0,858994372,5443,178,9,1,1400,1509438,2,0,146356532,777177650,35363,35378,35388,749443834,250142940,761327434
11,319240162,4,108891028,5,64952534,366176741,11,103869805,-28383,275262022,131,177759885,35988995,11,534137668,859553,750198692,317345255,5443,131,777177650,12495079,35346,483467692,415568494,0,858994372,5443,72,3,2,3900,3791073,3,7,146356532,777177650,35368,35397,35386,106211174,250142940,707888465
11,319240162,4,108891028,5,64952534,366176741,11,103869805,-28383,275262022,131,177759885,35988995,11,534137668,859553,750198692,317345255,5443,131,777177650,12495079,35346,483467692,415568494,0,858994372,5443,160,5,3,2500,2650400,5,0,146356532,777177650,35404,35436,35433,106211174,944913022,700020927
11,319240162,4,108891028,5,64952534,366176741,11,103869805,-28383,275262022,131,177759885,35988995,11,534137668,859553,750198692,317345255,5443,131,777177650,12495079,35346,483467692,415568494,0,858994372,5443,191,4,4,600,654714,5,2,146356532,777177650,35384,35400,35397,862871618,365042431,87773722
11,319240162,4,108891028,5,64952534,366176741,11,103869805,-28383,275262022,131,177759885,35988995,11,534137668,859553,750198692,317345255,5443,131,777177650,12495079,35346,483467692,415568494,0,858994372,5443,83,4,5,4000,3932319,3,3,146356532,777177650,35456,35407,35472,106211174,944913022,1067425462
23,536896580,3,94114815,7,11315813,791810943,23,1051077640,682035,798884201,65,281052985,65225523,23,531840509,879516,701940545,1044095204,5473,65,330563436,6304133,33686,483467692,794698923,0,807821202,5473,48,5,1,900,853236,3,7,378580043,330563436,33756,33752,33762,862871618,365042431,821873071
23,536896580,3,94114815,7,11315813,791810943,23,1051077640,682035,798884201,65,281052985,65225523,23,531840509,879516,701940545,1044095204,5473,65,330563436,6304133,33686,483467692,794698923,0,807821202,5473,70,1,2,2700,2619189,1,3,449642453,330563436,33698,33718,33721,862871618,431484053,481790141
23,536896580,3,94114815,7,11315813,791810943,23,1051077640,682035,798884201,65,281052985,65225523,23,531840509,879516,701940545,1044095204,5473,65,330563436,6304133,33686,483467692,794698923,0,807821202,5473,15,5,3,3300,3019533,9,0,378580043,330563436,33740,33763,33766,862871618,431484053,1014519528
10,185743883,4,261867689,9,895777001,658451645,10,73320802,530237,726765942,55,292749220,212078962,10,611195724,457210,797027742,482627384,5474,55,330563436,13107951,33754,483467692,271136853,0,405874212,5474,184,5,1,3800,4119883,1,8,449642453,330563436,33798,33799,33803,106211174,1001693018,619244658
10,185743883,4,261867689,9,895777001,658451645,10,73320802,530237,726765942,55,292749220,212078962,10,611195724,457210,797027742,482627384,5474,55,330563436,13107951,33754,483467692,271136853,0,405874212,5474,94,8,2,1000,994090,6,0,378580043,330563436,33822,33824,33838,862871618,86983390,636140462
10,185743883,4,261867689,9,895777001,658451645,10,73320802,530237,726765942,55,292749220,212078962,10,611195724,457210,797027742,482627384,5474,55,330563436,13107951,33754,483467692,271136853,0,405874212,5474,48,1,3,3100,2938924,0,8,378580043,330563436,33816,33795,33818,106211174,86983390,499688372
10,185743883,4,261867689,9,895777001,658451645,10,73320802,530237,726765942,55,292749220,212078962,10,611195724,457210,797027742,482627384,5474,55,330563436,13107951,33754,483467692,271136853,0,405874212,5474,90,1,4,4600,4554414,3,4,449642453,330563436,33760,33794,33775,106211174,86983390,926456198
15,962519746,0,265433381,4,829353804,938198330,15,991041614,464108,693080424,107,392705759,421077337,15,489730719,251415,701940545,177090971,5477,107,777177650,13012564,35792,527479233,916219907,0,996274006,5477,80,8,1,2000,1960159,3,1,146356532,777177650,35873,35833,35890,862871618,407419891,812814596
15,962519746,0,265433381,4,829353804,938198330,15,991041614,464108,693080424,107,392705759,421077337,15,489730719,251415,701940545,177090971,5477,107,777177650,13012564,35792,527479233,916219907,0,996274006,5477,77,7,2,2100,2051847,3,0,146356532,777177650,35821,35839,35848,862871618,407419891,454694853
15,962519746,0,265433381,4,829353804,938198330,15,991041614,464108,693080424,107,392705759,421077337,15,489730719,251415,701940545,177090971,5477,107,777177650,13012564,35792,527479233,916219907,0,996274006,5477,134,5,3,3100,3205803,4,1,146356532,777177650,35804,35823,35828,749443834,431484053,574522742
15,962519746,0,265433381,4,829353804,938198330,15,991041614,464108,693080424,107,392705759,421077337,15,489730719,251415,701940545,177090971,5477,107,777177650,13012564,35792,527479233,916219907,0,996274006,5477,193,6,4,1600,1749104,0,1,146356532,777177650,35859,35864,35889,785149710,250142940,760313166
15,962519746,0,265433381,4,829353804,938198330,15,991041614,464108,693080424,107,392705759,421077337,15,489730719,251415,701940545,177090971,5477,107,777177650,13012564,35792,527479233,916219907,0,996274006,5477,96,9,5,2300,2291007,0,6,146356532,777177650,35797,35847,35817,106211174,1001693018,118433348
15,962519746,0,265433381,4,829353804,938198330,15,991041614,464108,693080424,107,392705759,421077337,15,489730719,251415,701940545,177090971,5477,107,777177650,13012564,35792,527479233,916219907,0,996274006,5477,121,6,6,1900,1940128,10,3,146356532,777177650,35827,35823,35856,862871618,431484053,660778965
15,962519746,0,265433381,4,829353804,938198330,15,991041614,464108,693080424,95,516470774,709679413,15,640996999,532738,797027742,363255963,5505,95,777177650,14732951,35705,527479233,138236881,0,975886177,5505,25,8,1,4300,3977586,7,1,146356532,777177650,35792,35760,35802,862871618,86983390,615480812
15,962519746,0,265433381,4,829353804,938198330,15,991041614,464108,693080424,95,516470774,709679413,15,640996999,532738,797027742,363255963,5505,95,777177650,14732951,35705,527479233,138236881,0,975886177,5505,182,3,2,3300,3571194,5,8,146356532,777177650,35804,35743,35823,862871618,365042431,96595883
15,962519746,0,265433381,4,829353804,938198330,15,991041614,464108,693080424,95,516470774,709679413,15,640996999,532738,797027742,363255963,5505,95,777177650,14732951,35705,527479233,138236881,0,975886177,5505,155,10,3,1000,1055150,6,1,146356532,777177650,35729,35759,35730,749443834,365042431,560086226
15,962519746,0,265433381,4,829353804,938198330,15,991041614,464108,693080424,95,516470774,709679413,15,640996999,532738,797027742,363255963,5505,95,777177650,14732951,35705,527479233,138236881,0,975886177,5505,40,1,4,1800,1692072,4,4,146356532,777177650,35726,35774,35731,862871618,250142940,15196459
15,962519746,0,265433381,4,829353804,938198330,15,991041614,464108,693080424,95,516470774,709679413,15,640996999,532738,797027742,363255963,5505,95,777177650,14732951,35705,527479233,138236881,0,975886177,5505,162,9,5,4600,4885936,5,0,146356532,777177650,35799,35736,35828,862871618,407419891,972750909
10,185743883,4,261867689,9,895777001,658451645,10,73320802,530237,726765942,56,1002271304,628821590,10,666136321,653086,373412815,658726857,5508,56,777177650,380805,35235,382018914,851285018,0,820809079,5508,117,7,1,400,406844,10,4,146356532,777177650,35307,35277,35323,785149710,365042431,844337011
15,962519746,0,265433381,4,829353804,938198330,15,991041614,464108,693080424,79,620373923,918253789,15,1003789897,512128,797027742,999752886,5511,79,330563436,15108996,34665,382018914,715267408,0,641980963,5511,165,4,1,1600,1704256,10,5,449642453,330563436,34730,34703,34747,862871618,250142940,53980276
15,962519746,0,265433381,4,829353804,938198330,15,991041614,464108,693080424,79,620373923,918253789,15,1003789897,512128,797027742,999752886,5511,79,330563436,15108996,34665,382018914,715267408,0,641980963,5511,165,10,2,3100,3301996,9,1,449642453,330563436,34751,34718,34758,785149710,1001693018,368912454
15,962519746,0,265433381,4,829353804,938198330,15,991041614,464108,693080424,79,620373923,918253789,15,1003789897,512128,797027742,999752886,5511,79,330563436,15108996,34665,382018914,715267408,0,641980963,5511,128,3,3,4900,5037788,5,5,378580043,330563436,34687,34724,34692,106211174,1001693018,1011696720
15,962519746,0,265433381,4,829353804,938198330,15,991041614,464108,693080424,79,620373923,918253789,15,1003789897,512128,797027742,999752886,5511,79,330563436,15108996,34665,382018914,715267408,0,641980963,5511,122,7,4,400,408848,8,2,378580043,330563436,34694,34713,34721,862871618,250142940,936639551
15,962519746,0,265433381,4,829353804,938198330,15,991041614,464108,693080424,79,620373923,918253789,15,1003789897,512128,797027742,999752886,5511,79,330563436,15108996,34665,382018914,715267408,0,641980963,5511,9,2,5,2300,2090700,10,7,449642453,330563436,34767,34718,34783,862871618,86983390,477052164
15,962519746,0,265433381,4,829353804,938198330,15,991041614,464108,693080424,79,620373923,918253789,15,1003789897,512128,797027742,999752886,5511,79,330563436,15108996,34665,382018914,715267408,0,641980963,5511,188,9,6,500,544090,8,5,378580043,330563436,34695,34713,34721,749443834,431484053,136707744
15,962519746,0,265433381,4,829353804,938198330,15,991041614,464108,693080424,79,620373923,918253789,15,1003789897,512128,797027742,999752886,5511,79,330563436,15108996,34665,382018914,715267408,0,641980963,5511,143,2,7,2300,2399222,2,7,378580043,330563436,34731,34702,34746,785149710,1001693018,629168130
10,185743883,4,261867689,9,895777001,658451645,10,73320802,530237,726765942,49,58080412,277187647,10,223001803,457393,373412815,529457660,5542,49,777177650,640241,35173,483467692,245344717,0,334659076,5542,189,10,1,600,653508,3,1,146356532,777177650,35228,35211,35255,749443834,86983390,777877370
23,536896580,3,94114815,7,11315813,791810943,23,1051077640,682035,798884201,31,855445084,1027402851,23,969728011,523689,750198692,449809331,5568,31,777177650,10542109,34855,1030545334,121362185,0,254560978,5568,166,5,1,5000,5330800,5,5,146356532,777177650,34892,34944,34912,785149710,86983390,472436328
23,536896580,3,94114815,7,11315813,791810943,23,1051077640,682035,798884201,31,855445084,1027402851,23,969728011,523689,750198692,449809331,5568,31,777177650,10542109,34855,1030545334,121362185,0,254560978,5568,44,5,2,1800,1699272,1,8,146356532,777177650,34928,34927,34933,749443834,407419891,807023976
23,536896580,3,94114815,7,11315813,791810943,23,1051077640,682035,798884201,31,855445084,1027402851,23,969728011,523689,750198692,449809331,5568,31,777177650,10542109,34855,1030545334,121362185,0,254560978,5568,89,10,3,3500,3461780,8,7,146356532,777177650,34957,34944,34984,106211174,407419891,519814109
17,145165669,1,127423842,1,792906294,317827973,17,971385163,575594,622797579,8,922454654,11853917,17,342305859,681974,1028181460,844824201,5572,8,330563436,18296639,34530,919150108,951957401,0,122696672,5572,22,1,1,2400,2212848,8,8,378580043,330563436,34635,34607,34663,862871618,431484053,53368663
17,145165669,1,127423842,1,792906294,317827973,17,971385163,575594,622797579,8,922454654,11853917,17,342305859,681974,1028181460,844824201,5572,8,330563436,18296639,34530,919150108,951957401,0,122696672,5572,172,10,2,2700,2894859,3,4,449642453,330563436,34573,34585,34574,862871618,407419891,193880205
17,145165669,1,127423842,1,792906294,317827973,17,971385163,575594,622797579,8,922454654,11853917,17,342305859,681974,1028181460,844824201,5572,8,330563436,18296639,34530,919150108,951957401,0,122696672,5572,87,8,3,1900,1875452,10,0,449642453,330563436,34556,34612,34576,749443834,250142940,447257691
17,145165669,1,127423842,1,792906294,317827973,17,971385163,575594,622797579,8,922454654,11853917,17,342305859,681974,1028181460,844824201,5572,8,330563436,18296639,34530,919150108,951957401,0,122696672,5572,135,1,4,4600,4761598,2,1,378580043,330563436,34583,34619,34606,106211174,1001693018,169324288
17,145165669,1,127423842,1,792906294,317827973,17,971385163,575594,622797579,8,922454654,11853917,17,342305859,681974,1028181460,844824201,5572,8,330563436,18296639,34530,919150108,951957401,0,122696672,5572,24,3,5,3400,3141668,10,8,378580043,330563436,34627,34560,34644,106211174,86983390,538371396
17,145165669,1,127423842,1,792906294,317827973,17,971385163,575594,622797579,8,922454654,11853917,17,342305859,681974,1028181460,844824201,5572,8,330563436,18296639,34530,919150108,951957401,0,122696672,5572,101,2,6,1400,1401540,4,5,449642453,330563436,34638,34595,34639,785149710,250142940,537254057
17,145165669,1,127423842,1,792906294,317827973,17,971385163,575594,622797579,8,922454654,11853917,17,342305859,681974,1028181460,844824201,5572,8,330563436,18296639,34530,919150108,951957401,0,122696672,5572,26,1,7,2400,2222448,1,5,378580043,330563436,34601,34579,34627,749443834,944913022,254892969
17,145165669,1,127423842,8,292608994,956262271,17,801108420,762785,918253410,8,922454654,11853917,17,342305859,681974,1028181460,844824201,5572,8,330563436,18296639,34530,919150108,951957401,0,122696672,5572,22,1,1,2400,2212848,8,8,378580043,330563436,34635,34607,34663,862871618,431484053,53368663
17,145165669,1,127423842,8,292608994,956262271,17,801108420,762785,918253410,8,922454654,11853917,17,342305859,681974,1028181460,844824201,5572,8,330563436,18296639,34530,919150108,951957401,0,122696672,5572,172,10,2,2700,2894859,3,4,449642453,330563436,34573,34585,34574,862871618,407419891,193880205
17,145165669,1,127423842,8,292608994,956262271,17,801108420,762785,918253410,8,922454654,11853917,17,342305859,681974,1028181460,844824201,5572,8,330563436,18296639,34530,919150108,951957401,0,122696672,5572,87,8,3,1900,1875452,10,0,449642453,330563436,34556,34612,34576,749443834,250142940,447257691
17,145165669,1,127423842,8,292608994,956262271,17,801108420,762785,918253410,8,922454654,11853917,17,342305859,681974,1028181460,844824201,5572,8,330563436,18296639,34530,919150108,951957401,0,122696672,5572,135,1,4,4600,4761598,2,1,378580043,330563436,34583,34619,34606,106211174,1001693018,169324288
17,145165669,1,127423842,8,292608994,956262271,17,801108420,762785,918253410,8,922454654,11853917,17,342305859,681974,1028181460,844824201,5572,8,330563436,18296639,34530,919150108,951957401,0,122696672,5572,24,3,5,3400,3141668,10,8,378580043,330563436,34627,34560,34644,106211174,86983390,538371396
17,145165669,1,127423842,8,292608994,956262271,17,801108420,762785,918253410,8,922454654,11853917,17,342305859,681974,1028181460,844824201,5572,8,330563436,18296639,34530,919150108,951957401,0,122696672,5572,101,2,6,1400,1401540,4,5,449642453,330563436,34638,34595,34639,785149710,250142940,537254057
17,145165669,1,127423842,8,292608994,956262271,17,801108420,762785,918253410,8,922454654,11853917,17,342305859,681974,1028181460,844824201,5572,8,330563436,18296639,34530,919150108,951957401,0,122696672,5572,26,1,7,2400,2222448,1,5,378580043,330563436,34601,34579,34627,749443834,944913022,254892969
15,962519746,0,265433381,4,829353804,938198330,15,991041614,464108,693080424,95,516470774,709679413,15,640996999,532738,797027742,363255963,5600,95,777177650,5364935,35467,483467692,574407843,0,77236785,5600,187,8,1,3400,3696412,2,0,146356532,777177650,35509,35523,35527,862871618,431484053,407638202
15,962519746,0,265433381,4,829353804,938198330,15,991041614,464108,693080424,95,516470774,709679413,15,640996999,532738,797027742,363255963,5600,95,777177650,5364935,35467,483467692,574407843,0,77236785,5600,8,5,2,1900,1725200,0,1,146356532,777177650,35528,35511,35534,862871618,86983390,984364882
23,536896580,3,94114815,7,11315813,791810943,23,1051077640,682035,798884201,11,732482108,436872609,23,274108524,-27260,1028181460,230725263,5601,11,330563436,11857079,33607,919150108,862251529,0,393305622,5601,38,4,1,2900,2720287,9,4,449642453,330563436,33698,33656,33721,749443834,86983390,809420841
23,536896580,3,94114815,7,11315813,791810943,23,1051077640,682035,798884201,11,732482108,436872609,23,274108524,-27260,1028181460,230725263,5601,11,330563436,11857079,33607,919150108,862251529,0,393305622,5601,164,1,2,4500,4788720,10,7,449642453,330563436,33686,33695,33696,862871618,431484053,740971078
23,536896580,3,94114815,7,11315813,791810943,23,1051077640,682035,798884201,11,732482108,436872609,23,274108524,-27260,1028181460,230725263,5601,11,330563436,11857079,33607,919150108,862251529,0,393305622,5601,73,4,3,3800,3697666,7,0,449642453,330563436,33609,33662,33610,862871618,1001693018,688815828
23,536896580,3,94114815,7,11315813,791810943,23,1051077640,682035,798884201,11,732482108,436872609,23,274108524,-27260,1028181460,230725263,5601,11,330563436,11857079,33607,919150108,862251529,0,393305622,5601,148,5,4,1200,1257768,3,1,449642453,330563436,33659,33677,33688,785149710,86983390,537039946
17,145165669,1,127423842,1,792906294,317827973,17,971385163,575594,622797579,35,838315206,970339776,17,936827836,122824,750198692,831183110,5605,35,777177650,17289984,35297,919150108,649013128,0,831780459,5605,87,8,1,5000,4935400,8,5,146356532,777177650,35301,35351,35310,862871618,250142940,309422502
17,145165669,1,127423842,1,792906294,317827973,17,971385163,575594,622797579,35,838315206,970339776,17,936827836,122824,750198692,831183110,5605,35,777177650,17289984,35297,919150108,649013128,0,831780459,5605,151,2,2,700,735805,6,1,146356532,777177650,35410,35349,35412,862871618,944913022,997125647
17,145165669,1,127423842,1,792906294,317827973,17,971385163,575594,622797579,35,838315206,970339776,17,936827836,122824,750198692,831183110,5605,35,777177650,17289984,35297,919150108,649013128,0,831780459,5605,173,2,3,300,321951,1,2,146356532,777177650,35307,35338,35326,862871618,365042431,862284206
17,145165669,1,127423842,1,792906294,317827973,17,971385163,575594,622797579,35,838315206,970339776,17,936827836,122824,750198692,831183110,5605,35,777177650,17289984,35297,919150108,649013128,0,831780459,5605,55,3,4,4500,4297725,0,1,146356532,777177650,35311,35340,35319,785149710,944913022,688052239
17,145165669,1,127423842,1,792906294,317827973,17,971385163,575594,622797579,35,838315206,970339776,17,936827836,122824,750198692,831183110,5605,35,777177650,17289984,35297,919150108,649013128,0,831780459,5605,70,7,5,3900,3783273,0,8,146356532,777177650,35410,35370,35421,749443834,1001693018,518329536
17,145165669,1,127423842,1,792906294,317827973,17,971385163,575594,622797579,35,838315206,970339776,17,936827836,122824,750198692,831183110,5605,35,777177650,17289984,35297,919150108,649013128,0,831780459,5605,166,7,6,2900,3091864,8,8,146356532,777177650,35325,35358,35342,749443834,407419891,39315263
17,145165669,1,127423842,8,292608994,956262271,17,801108420,762785,918253410,35,838315206,970339776,17,936827836,122824,750198692,831183110,5605,35,777177650,17289984,35297,919150108,649013128,0,831780459,5605,87,8,1,5000,4935400,8,5,146356532,777177650,35301,35351,35310,862871618,250142940,309422502
17,145165669,1,127423842,8,292608994,956262271,17,801108420,762785,918253410,35,838315206,970339776,17,936827836,122824,750198692,831183110,5605,35,777177650,17289984,35297,919150108,649013128,0,831780459,5605,151,2,2,700,735805,6,1,146356532,777177650,35410,35349,35412,862871618,944913022,997125647
17,145165669,1,127423842,8,292608994,956262271,17,801108420,762785,918253410,35,838315206,970339776,17,936827836,122824,750198692,831183110,5605,35,777177650,17289984,35297,919150108,649013128,0,831780459,5605,173,2,3,300,321951,1,2,146356532,777177650,35307,35338,35326,862871618,365042431,862284206
17,145165669,1,127423842,8,292608994,956262271,17,801108420,762785,918253410,35,838315206,970339776,17,936827836,122824,750198692,831183110,5605,35,777177650,17289984,35297,919150108,649013128,0,831780459,5605,55,3,4,4500,4297725,0,1,146356532,777177650,35311,35340,35319,785149710,944913022,688052239
17,145165669,1,127423842,8,292608994,956262271,17,801108420,762785,918253410,35,838315206,970339776,17,936827836,122824,750198692,831183110,5605,35,777177650,17289984,35297,919150108,649013128,0,831780459,5605,70,7,5,3900,3783273,0,8,146356532,777177650,35410,35370,35421,749443834,1001693018,518329536
17,145165669,1,127423842,8,292608994,956262271,17,801108420,762785,918253410,35,838315206,970339776,17,936827836,122824,750198692,831183110,5605,35,777177650,17289984,35297,919150108,649013128,0,831780459,5605,166,7,6,2900,3091864,8,8,146356532,777177650,35325,35358,35342,749443834,407419891,39315263
15,962519746,0,265433381,4,829353804,938198330,15,991041614,464108,693080424,79,620373923,918253789,15,1003789897,512128,797027742,999752886,5632,79,777177650,8950311,35098,382018914,355372531,0,185723514,5632,10,3,1,4800,4368048,6,6,146356532,777177650,35191,35146,35218,862871618,944913022,305699786
15,962519746,0,265433381,4,829353804,938198330,15,991041614,464108,693080424,79,620373923,918253789,15,1003789897,512128,797027742,999752886,5632,79,777177650,8950311,35098,382018914,355372531,0,185723514,5632,106,7,2,2100,2112810,2,8,146356532,777177650,35144,35132,35163,106211174,365042431,989264041
15,962519746,0,265433381,4,829353804,938198330,15,991041614,464108,693080424,79,620373923,918253789,15,1003789897,512128,797027742,999752886,5632,79,777177650,8950311,35098,382018914,355372531,0,185723514,5632,67,2,3,2400,2320944,4,6,146356532,777177650,35145,35155,35152,862871618,431484053,461511458
15,962519746,0,265433381,4,829353804,938198330,15,991041614,464108,693080424,79,620373923,918253789,15,1003789897,512128,797027742,999752886,5633,79,777177650,20711983,35944,1030545334,46236452,0,143968652,5633,160,2,1,2800,2968448,2,0,146356532,777177650,36019,35998,36031,862871618,407419891,829490590
15,962519746,0,265433381,4,829353804,938198330,15,991041614,464108,693080424,79,620373923,918253789,15,1003789897,512128,797027742,999752886,5633,79,777177650,20711983,35944,1030545334,46236452,0,143968652,5633,102,3,2,1000,1002100,9,4,146356532,777177650,35989,36008,36008,785149710,365042431,808262819
15,962519746,0,265433381,4,829353804,938198330,15,991041614,464108,693080424,79,620373923,918253789,15,1003789897,512128,797027742,999752886,5633,79,777177650,20711983,35944,1030545334,46236452,0,143968652,5633,46,7,3,2700,2554308,3,2,146356532,777177650,36064,36002,36078,749443834,365042431,869501676
15,962519746,0,265433381,4,829353804,938198330,15,991041614,464108,693080424,79,620373923,918253789,15,1003789897,512128,797027742,999752886,5633,79,777177650,20711983,35944,1030545334,46236452,0,143968652,5633,164,5,4,5000,5320800,2,5,146356532,777177650,35997,35983,36026,749443834,86983390,186263804
15,962519746,0,265433381,4,829353804,938198330,15,991041614,464108,693080424,79,620373923,918253789,15,1003789897,512128,797027742,999752886,5633,79,777177650,20711983,35944,1030545334,46236452,0,143968652,5633,100,2,5,4800,4800480,1,5,146356532,777177650,35968,35996,35992,749443834,86983390,796498757
15,962519746,0,265433381,4,829353804,938198330,15,991041614,464108,693080424,79,620373923,918253789,15,1003789897,512128,797027742,999752886,5633,79,777177650,20711983,35944,1030545334,46236452,0,143968652,5633,107,2,6,100,100710,2,3,146356532,777177650,36065,36033,36085,106211174,250142940,520569398
15,962519746,0,265433381,4,829353804,938198330,15,991041614,464108,693080424,79,620373923,918253789,15,1003789897,512128,797027742,999752886,5633,79,777177650,20711983,35944,1030545334,46236452,0,143968652,5633,11,5,7,3900,3552939,2,8,146356532,777177650,35986,35977,35987,785149710,86983390,93361824
1,559044011,1,1004765669,3,458785,31140224,1,73682198,419239,154263564,14,959061040,122146912,1,339030647,526630,373412815,789218819,5666,14,330563436,12166368,34365,919150108,858942835,0,631856353,5666,122,5,1,700,715484,9,8,378580043,330563436,34462,34428,34473,106211174,944913022,332753648
1,559044011,1,1004765669,3,458785,31140224,1,73682198,419239,154263564,14,959061040,122146912,1,339030647,526630,373412815,789218819,5666,14,330563436,12166368,34365,919150108,858942835,0,631856353,5666,36,7,2,1400,1310442,8,1,449642453,330563436,34390,34433,34397,749443834,86983390,951818034
1,559044011,1,1004765669,3,458785,31140224,1,73682198,419239,154263564,14,959061040,122146912,1,339030647,526630,373412815,789218819,5666,14,330563436,12166368,34365,919150108,858942835,0,631856353,5666,193,6,3,3900,4263441,0,1,449642453,330563436,34465,34424,34495,749443834,86983390,361798652
1,559044011,1,1004765669,3,458785,31140224,1,73682198,419239,154263564,14,959061040,122146912,1,339030647,526630,373412815,789218819,5666,14,330563436,12166368,34365,919150108,858942835,0,631856353,5666,131,2,4,2400,2474712,7,1,378580043,330563436,34377,34400,34397,749443834,944913022,212561017
1,559044011,1,1004765669,3,458785,31140224,1,73682198,419239,154263564,14,959061040,122146912,1,339030647,526630,373412815,789218819,5666,14,330563436,12166368,34365,919150108,858942835,0,631856353,5666,109,10,5,3600,3632760,7,7,378580043,330563436,34406,34407,34409,785149710,86983390,834434710
10,185743883,4,261867689,9,895777001,658451645,10,73320802,530237,726765942,55,292749220,212078962,10,611195724,457210,797027742,482627384,5697,55,330563436,9917769,33880,382018914,917151749,0,809936511,5697,55,7,1,2400,2292120,10,7,378580043,330563436,33902,33934,33926,106211174,250142940,483654590
10,185743883,4,261867689,9,895777001,658451645,10,73320802,530237,726765942,55,292749220,212078962,10,611195724,457210,797027742,482627384,5697,55,330563436,9917769,33880,382018914,917151749,0,809936511,5697,16,10,2,4300,3938843,6,2,378580043,330563436,33944,33939,33953,862871618,944913022,1029186310
10,185743883,4,261867689,9,895777001,658451645,10,73320802,530237,726765942,55,292749220,212078962,10,611195724,457210,797027742,482627384,5697,55,330563436,9917769,33880,382018914,917151749,0,809936511,5697,56,8,3,4200,4015410,3,1,449642453,330563436,33955,33944,33970,785149710,86983390,161448149
15,962519746,0,265433381,4,829353804,938198330,15,991041614,464108,693080424,95,516470774,709679413,15,640996999,532738,797027742,363255963,5698,95,330563436,15493643,34473,1030545334,303226175,0,566225673,5698,11,8,1,3000,2733030,1,5,449642453,330563436,34478,34560,34502,785149710,365042431,440556829
15,962519746,0,265433381,4,829353804,938198330,15,991041614,464108,693080424,95,516470774,709679413,15,640996999,532738,797027742,363255963,5698,95,330563436,15493643,34473,1030545334,303226175,0,566225673,5698,163,4,2,2500,2657900,8,7,378580043,330563436,34550,34504,34569,106211174,407419891,992914572
15,962519746,0,265433381,4,829353804,938198330,15,991041614,464108,693080424,95,516470774,709679413,15,640996999,532738,797027742,363255963,5698,95,330563436,15493643,34473,1030545334,303226175,0,566225673,5698,155,3,3,4500,4748175,3,1,449642453,330563436,34506,34557,34515,106211174,944913022,314118528
15,962519746,0,265433381,4,829353804,938198330,15,991041614,464108,693080424,95,516470774,709679413,15,640996999,532738,797027742,363255963,5698,95,330563436,15493643,34473,1030545334,303226175,0,566225673,5698,58,6,4,1500,1437075,7,8,378580043,330563436,34512,34516,34515,785149710,1001693018,840597815
15,962519746,0,265433381,4,829353804,938198330,15,991041614,464108,693080424,95,516470774,709679413,15,640996999,532738,797027742,363255963,5698,95,330563436,15493643,34473,1030545334,303226175,0,566225673,5698,140,1,5,3700,3848518,6,6,449642453,330563436,34513,34506,34535,862871618,407419891,248671834
15,962519746,0,265433381,4,829353804,938198330,15,991041614,464108,693080424,95,516470774,709679413,15,640996999,532738,797027742,363255963,5698,95,330563436,15493643,34473,1030545334,303226175,0,566225673,5698,188,9,6,100,108818,6,4,378580043,330563436,34483,34523,34486,749443834,431484053,15902524
17,145165669,1,127423842,1,792906294,317827973,17,971385163,575594,622797579,97,135469562,256852182,17,351137718,216448,701940545,611744579,5702,97,330563436,15302428,34217,483467692,695909384,0,992206400,5702,77,7,1,4400,4299108,6,2,378580043,330563436,34336,34296,34354,106211174,250142940,910831246
17,145165669,1,127423842,1,792906294,317827973,17,971385163,575594,622797579,97,135469562,256852182,17,351137718,216448,701940545,611744579,5702,97,330563436,15302428,34217,483467692,695909384,0,992206400,5702,86,7,2,3700,3648496,10,5,378580043,330563436,34315,34261,34340,106211174,944913022,158755361
17,145165669,1,127423842,1,792906294,317827973,17,971385163,575594,622797579,97,135469562,256852182,17,351137718,216448,701940545,611744579,5702,97,330563436,15302428,34217,483467692,695909384,0,992206400,5702,131,7,3,4400,4536972,0,2,378580043,330563436,34299,34303,34323,106211174,86983390,416809787
17,145165669,1,127423842,1,792906294,317827973,17,971385163,575594,622797579,97,135469562,256852182,17,351137718,216448,701940545,611744579,5702,97,330563436,15302428,34217,483467692,695909384,0,992206400,5702,63,8,4,3100,2985486,0,4,449642453,330563436,34336,34262,34358,749443834,86983390,509339313
17,145165669,1,127423842,8,292608994,956262271,17,801108420,762785,918253410,97,135469562,256852182,17,351137718,216448,701940545,611744579,5702,97,330563436,15302428,34217,483467692,695909384,0,992206400,5702,77,7,1,4400,4299108,6,2,378580043,330563436,34336,34296,34354,106211174,250142940,910831246
17,145165669,1,127423842,8,292608994,956262271,17,801108420,762785,918253410,97,135469562,256852182,17,351137718,216448,701940545,611744579,5702,97,330563436,15302428,34217,483467692,695909384,0,992206400,5702,86,7,2,3700,3648496,10,5,378580043,330563436,34315,34261,34340,106211174,944913022,158755361
17,145165669,1,127423842,8,292608994,956262271,17,801108420,762785,918253410,97,135469562,256852182,17,351137718,216448,701940545,611744579,5702,97,330563436,15302428,34217,483467692,695909384,0,992206400,5702,131,7,3,4400,4536972,0,2,378580043,330563436,34299,34303,34323,106211174,86983390,416809787
17,145165669,1,127423842,8,292608994,956262271,17,801108420,762785,918253410,97,135469562,256852182,17,351137718,216448,701940545,611744579,5702,97,330563436,15302428,34217,483467692,695909384,0,992206400,5702,63,8,4,3100,2985486,0,4,449642453,330563436,34336,34262,34358,749443834,86983390,509339313
17,145165669,1,127423842,1,792906294,317827973,17,971385163,575594,622797579,121,1022863173,231361516,17,736496255,642832,1028181460,1027337841,5703,121,330563436,181628,34103,1030545334,6778098,0,992967570,5703,88,9,1,200,197616,9,1,378580043,330563436,34116,34174,34123,862871618,1001693018,322154074
17,145165669,1,127423842,8,292608994,956262271,17,801108420,762785,918253410,121,1022863173,231361516,17,736496255,642832,1028181460,1027337841,5703,121,330563436,181628,34103,1030545334,6778098,0,992967570,5703,88,9,1,200,197616,9,1,378580043,330563436,34116,34174,34123,862871618,1001693018,322154074
23,536896580,3,94114815,7,11315813,791810943,23,1051077640,682035,798884201,11,732482108,436872609,23,274108524,-27260,1028181460,230725263,5730,11,777177650,1093484,35780,382018914,74193575,0,867226937,5730,151,2,1,200,210230,8,0,146356532,777177650,35848,35867,35863,785149710,407419891,368922046
23,536896580,3,94114815,7,11315813,791810943,23,1051077640,682035,798884201,11,732482108,436872609,23,274108524,-27260,1028181460,230725263,5730,11,777177650,1093484,35780,382018914,74193575,0,867226937,5730,200,1,2,900,990179,10,1,146356532,777177650,35857,35826,35880,749443834,431484053,248766748
17,145165669,1,127423842,1,792906294,317827973,17,971385163,575594,622797579,8,922454654,11853917,17,342305859,681974,1028181460,844824201,5731,8,777177650,5782337,35565,527479233,46236452,0,599033096,5731,192,6,1,1300,1419847,2,4,146356532,777177650,35639,35602,35653,785149710,250142940,1027586084
17,145165669,1,127423842,1,792906294,317827973,17,971385163,575594,622797579,8,922454654,11853917,17,342305859,681974,1028181460,844824201,5731,8,777177650,5782337,35565,527479233,46236452,0,599033096,5731,105,6,2,1100,1105610,0,8,146356532,777177650,35585,35617,35604,106211174,431484053,668620290
17,145165669,1,127423842,1,792906294,317827973,17,971385163,575594,622797579,8,922454654,11853917,17,342305859,681974,1028181460,844824201,5731,8,777177650,5782337,35565,527479233,46236452,0,599033096,5731,111,2,3,600,606666,1,4,146356532,777177650,35611,35610,35617,785149710,407419891,66804320
17,145165669,1,127423842,1,792906294,317827973,17,971385163,575594,622797579,8,922454654,11853917,17,342305859,681974,1028181460,844824201,5731,8,777177650,5782337,35565,527479233,46236452,0,599033096,5731,14,1,4,600,548406,3,6,146356532,777177650,35678,35599,35691,862871618,250142940,608117002
17,145165669,1,127423842,1,792906294,317827973,17,971385163,575594,622797579,8,922454654,11853917,17,342305859,681974,1028181460,844824201,5731,8,777177650,5782337,35565,527479233,46236452,0,599033096,5731,195,6,5,1900,2080861,8,2,146356532,777177650,35608,35606,35624,106211174,1001693018,448812161
17,145165669,1,127423842,8,292608994,956262271,17,801108420,762785,918253410,8,922454654,11853917,17,342305859,681974,1028181460,844824201,5731,8,777177650,5782337,35565,527479233,46236452,0,599033096,5731,192,6,1,1300,1419847,2,4,146356532,777177650,35639,35602,35653,785149710,250142940,1027586084
17,145165669,1,127423842,8,292608994,956262271,17,801108420,762785,918253410,8,922454654,11853917,17,342305859,681974,1028181460,844824201,5731,8,777177650,5782337,35565,527479233,46236452,0,599033096,5731,105,6,2,1100,1105610,0,8,146356532,777177650,35585,35617,35604,106211174,431484053,668620290
17,145165669,1,127423842,8,292608994,956262271,17,801108420,762785,918253410,8,922454654,11853917,17,342305859,681974,1028181460,844824201,5731,8,777177650,5782337,35565,527479233,46236452,0,599033096,5731,111,2,3,600,606666,1,4,146356532,777177650,35611,35610,35617,785149710,407419891,66804320
17,145165669,1,127423842,8,292608994,956262271,17,801108420,762785,918253410,8,922454654,11853917,17,342305859,681974,1028181460,844824201,5731,8,777177650,5782337,35565,527479233,46236452,0,599033096,5731,14,1,4,600,548406,3,6,146356532,777177650,35678,35599,35691,862871618,250142940,608117002
17,145165669,1,127423842,8,292608994,956262271,17,801108420,762785,918253410,8,922454654,11853917,17,342305859,681974,1028181460,844824201,5731,8,777177650,5782337,35565,527479233,46236452,0,599033096,5731,195,6,5,1900,2080861,8,2,146356532,777177650,35608,35606,35624,106211174,1001693018,448812161
10,185743883,4,261867689,9,895777001,658451645,10,73320802,530237,726765942,16,606299054,831166561,10,851711143,468103,373412815,551498780,5761,16,777177650,13034590,35980,1030545334,1052364112,0,447953482,5761,47,6,1,4100,3882864,8,0,146356532,777177650,36005,36014,36013,862871618,86983390,757126765
10,185743883,4,261867689,9,895777001,658451645,10,73320802,530237,726765942,16,606299054,831166561,10,851711143,468103,373412815,551498780,5761,16,777177650,13034590,35980,1030545334,1052364112,0,447953482,5761,108,9,2,3600,3629160,0,7,146356532,777177650,36043,36057,36047,862871618,86983390,935204891
10,185743883,4,261867689,9,895777001,658451645,10,73320802,530237,726765942,16,606299054,831166561,10,851711143,468103,373412815,551498780,5761,16,777177650,13034590,35980,1030545334,1052364112,0,447953482,5761,198,2,3,4900,5381131,4,8,146356532,777177650,35988,36025,35999,106211174,407419891,735299587
10,185743883,4,261867689,9,895777001,658451645,10,73320802,530237,726765942,49,58080412,277187647,10,223001803,457393,373412815,529457660,5762,49,777177650,16501932,35473,382018914,58568181,0,354008491,5762,175,6,1,600,645102,5,2,146356532,777177650,35525,35512,35550,106211174,365042431,977026473
10,185743883,4,261867689,9,895777001,658451645,10,73320802,530237,726765942,49,58080412,277187647,10,223001803,457393,373412815,529457660,5762,49,777177650,16501932,35473,382018914,58568181,0,354008491,5762,102,9,2,2700,2705670,2,8,146356532,777177650,35480,35556,35510,106211174,1001693018,27781152
10,185743883,4,261867689,9,895777001,658451645,10,73320802,530237,726765942,49,58080412,277187647,10,223001803,457393,373412815,529457660,5762,49,777177650,16501932,35473,382018914,58568181,0,354008491,5762,89,10,3,4000,3956319,0,8,146356532,777177650,35548,35557,35556,785149710,407419891,365983969
10,185743883,4,261867689,9,895777001,658451645,10,73320802,530237,726765942,49,58080412,277187647,10,223001803,457393,373412815,529457660,5762,49,777177650,16501932,35473,382018914,58568181,0,354008491,5762,133,4,4,4700,4855711,5,6,146356532,777177650,35489,35510,35506,106211174,250142940,712830692
10,185743883,4,261867689,9,895777001,658451645,10,73320802,530237,726765942,49,58080412,277187647,10,223001803,457393,373412815,529457660,5762,49,777177650,16501932,35473,382018914,58568181,0,354008491,5762,25,6,5,2800,2590056,2,6,146356532,777177650,35481,35512,35483,862871618,407419891,298684903
10,185743883,4,261867689,9,895777001,658451645,10,73320802,530237,726765942,49,58080412,277187647,10,223001803,457393,373412815,529457660,5762,49,777177650,16501932,35473,382018914,58568181,0,354008491,5762,12,6,6,1200,1094412,0,6,146356532,777177650,35536,35545,35559,749443834,1001693018,544651029
17,145165669,1,127423842,1,792906294,317827973,17,971385163,575594,622797579,8,922454654,11853917,17,342305859,681974,1028181460,844824201,5763,8,777177650,14083810,35970,483467692,410356764,0,213667718,5763,131,2,1,3200,3299616,2,6,146356532,777177650,35990,36049,36007,749443834,944913022,580438499
17,145165669,1,127423842,1,792906294,317827973,17,971385163,575594,622797579,8,922454654,11853917,17,342305859,681974,1028181460,844824201,5763,8,777177650,14083810,35970,483467692,410356764,0,213667718,5763,136,2,2,2300,2383099,9,4,146356532,777177650,35999,36057,36020,749443834,407419891,7439253
17,145165669,1,127423842,1,792906294,317827973,17,971385163,575594,622797579,8,922454654,11853917,17,342305859,681974,1028181460,844824201,5763,8,777177650,14083810,35970,483467692,410356764,0,213667718,5763,13,3,3,2500,2282525,1,2,146356532,777177650,36070,36021,36075,749443834,1001693018,184287383
17,145165669,1,127423842,1,792906294,317827973,17,971385163,575594,622797579,8,922454654,11853917,17,342305859,681974,1028181460,844824201,5763,8,777177650,14083810,35970,483467692,410356764,0,213667718,5763,121,6,4,4700,4799264,9,0,146356532,777177650,36027,36058,36040,106211174,1001693018,306467898
17,145165669,1,127423842,1,792906294,317827973,17,971385163,575594,622797579,8,922454654,11853917,17,342305859,681974,1028181460,844824201,5763,8,777177650,14083810,35970,483467692,410356764,0,213667718,5763,123,4,5,800,818496,6,5,146356532,777177650,36059,36051,36063,749443834,86983390,375359087
17,145165669,1,127423842,1,792906294,317827973,17,971385163,575594,622797579,8,922454654,11853917,17,342305859,681974,1028181460,844824201,5763,8,777177650,14083810,35970,483467692,410356764,0,213667718,5763,190,1,6,900,981170,8,2,146356532,777177650,36060,36037,36068,106211174,365042431,773660326
17,145165669,1,127423842,8,292608994,956262271,17,801108420,762785,918253410,8,922454654,11853917,17,342305859,681974,1028181460,844824201,5763,8,777177650,14083810,35970,483467692,410356764,0,213667718,5763,131,2,1,3200,3299616,2,6,146356532,777177650,35990,36049,36007,749443834,944913022,580438499
17,145165669,1,127423842,8,292608994,956262271,17,801108420,762785,918253410,8,922454654,11853917,17,342305859,681974,1028181460,844824201,5763,8,777177650,14083810,35970,483467692,410356764,0,213667718,5763,136,2,2,2300,2383099,9,4,146356532,777177650,35999,36057,36020,749443834,407419891,7439253
17,145165669,1,127423842,8,292608994,956262271,17,801108420,762785,918253410,8,922454654,11853917,17,342305859,681974,1028181460,844824201,5763,8,777177650,14083810,35970,483467692,410356764,0,213667718,5763,13,3,3,2500,2282525,1,2,146356532,777177650,36070,36021,36075,749443834,1001693018,184287383
17,145165669,1,127423842,8,292608994,956262271,17,801108420,762785,918253410,8,922454654,11853917,17,342305859,681974,1028181460,844824201,5763,8,777177650,14083810,35970,483467692,410356764,0,213667718,5763,121,6,4,4700,4799264,9,0,146356532,777177650,36027,36058,36040,106211174,1001693018,306467898
17,145165669,1,127423842,8,292608994,956262271,17,801108420,762785,918253410,8,922454654,11853917,17,342305859,681974,1028181460,844824201,5763,8,777177650,14083810,35970,483467692,410356764,0,213667718,5763,123,4,5,800,818496,6,5,146356532,777177650,36059,36051,36063,749443834,86983390,375359087
17,145165669,1,127423842,8,292608994,956262271,17,801108420,762785,918253410,8,922454654,11853917,17,342305859,681974,1028181460,844824201,5763,8,777177650,14083810,35970,483467692,410356764,0,213667718,5763,190,1,6,900,981170,8,2,146356532,777177650,36060,36037,36068,106211174,365042431,773660326
11,319240162,4,108891028,5,64952534,366176741,11,103869805,-28383,275262022,131,177759885,35988995,11,534137668,859553,750198692,317345255,5764,131,330563436,5321295,34243,483467692,476829975,0,428492615,5764,101,2,1,2800,2803080,4,4,449642453,330563436,34308,34321,34327,862871618,250142940,907172940
11,319240162,4,108891028,5,64952534,366176741,11,103869805,-28383,275262022,131,177759885,35988995,11,534137668,859553,750198692,317345255,5764,131,330563436,5321295,34243,483467692,476829975,0,428492615,5764,200,3,2,2000,2200400,10,5,449642453,330563436,34257,34325,34258,862871618,944913022,198602620
11,319240162,4,108891028,5,64952534,366176741,11,103869805,-28383,275262022,131,177759885,35988995,11,534137668,859553,750198692,317345255,5764,131,330563436,5321295,34243,483467692,476829975,0,428492615,5764,188,9,3,400,435272,3,5,449642453,330563436,34265,34324,34277,749443834,365042431,923569952
11,319240162,4,108891028,5,64952534,366176741,11,103869805,-28383,275262022,52,749902188,199806749,11,982273298,563028,750198692,628614943,5765,52,330563436,24990042,34681,527479233,596520665,0,684023688,5765,162,7,1,3100,3292696,0,6,449642453,330563436,34708,34741,34720,862871618,365042431,178213584
11,319240162,4,108891028,5,64952534,366176741,11,103869805,-28383,275262022,52,749902188,199806749,11,982273298,563028,750198692,628614943,5765,52,330563436,24990042,34681,527479233,596520665,0,684023688,5765,124,9,2,2900,2969948,7,8,449642453,330563436,34695,34729,34723,106211174,250142940,107458058
11,319240162,4,108891028,5,64952534,366176741,11,103869805,-28383,275262022,52,749902188,199806749,11,982273298,563028,750198692,628614943,5765,52,330563436,24990042,34681,527479233,596520665,0,684023688,5765,139,10,3,3100,3221303,5,1,378580043,330563436,34757,34720,34787,862871618,1001693018,121439706
11,319240162,4,108891028,5,64952534,366176741,11,103869805,-28383,275262022,52,749902188,199806749,11,982273298,563028,750198692,628614943,5765,52,330563436,24990042,34681,527479233,596520665,0,684023688,5765,152,4,4,4600,4839890,7,7,378580043,330563436,34769,34740,34776,749443834,431484053,904828228
11,319240162,4,108891028,5,64952534,366176741,11,103869805,-28383,275262022,52,749902188,199806749,11,982273298,563028,750198692,628614943,5765,52,330563436,24990042,34681,527479233,596520665,0,684023688,5765,174,3,5,4800,5156016,9,2,449642453,330563436,34786,34711,34796,749443834,407419891,247468248
11,319240162,4,108891028,5,64952534,366176741,11,103869805,-28383,275262022,52,749902188,199806749,11,982273298,563028,750198692,628614943,5765,52,330563436,24990042,34681,527479233,596520665,0,684023688,5765,83,4,6,4100,4030628,4,0,449642453,330563436,34697,34739,34714,862871618,407419891,436238175
11,319240162,4,108891028,5,64952534,366176741,11,103869805,-28383,275262022,52,749902188,199806749,11,982273298,563028,750198692,628614943,5765,52,330563436,24990042,34681,527479233,596520665,0,684023688,5765,42,5,7,2100,1978284,5,4,378580043,330563436,34792,34740,34822,785149710,86983390,780457286
10,185743883,4,261867689,9,895777001,658451645,10,73320802,530237,726765942,49,58080412,277187647,10,223001803,457393,373412815,529457660,5766,49,330563436,4794051,34237,527479233,413797471,0,946488398,5766,188,9,1,100,108818,10,1,378580043,330563436,34348,34287,34355,106211174,431484053,515492440
10,185743883,4,261867689,9,895777001,658451645,10,73320802,530237,726765942,49,58080412,277187647,10,223001803,457393,373412815,529457660,5766,49,330563436,4794051,34237,527479233,413797471,0,946488398,5766,149,8,2,3900,4091646,2,7,449642453,330563436,34264,34308,34279,749443834,407419891,853109887
10,185743883,4,261867689,9,895777001,658451645,10,73320802,530237,726765942,49,58080412,277187647,10,223001803,457393,373412815,529457660,5766,49,330563436,4794051,34237,527479233,413797471,0,946488398,5766,118,8,3,400,407244,8,8,378580043,330563436,34281,34270,34302,785149710,86983390,65225591
17,145165669,1,127423842,1,792906294,317827973,17,971385163,575594,622797579,8,922454654,11853917,17,342305859,681974,1028181460,844824201,5794,8,330563436,12282378,34062,527479233,75052175,0,30977034,5794,158,9,1,4200,4444230,6,5,378580043,330563436,34147,34117,34176,785149710,1001693018,122979749
17,145165669,1,127423842,1,792906294,317827973,17,971385163,575594,622797579,8,922454654,11853917,17,342305859,681974,1028181460,844824201,5794,8,330563436,12282378,34062,527479233,75052175,0,30977034,5794,115,2,2,1400,1421154,9,2,378580043,330563436,34076,34150,34105,785149710,407419891,882900212
17,145165669,1,127423842,1,792906294,317827973,17,971385163,575594,622797579,8,922454654,11853917,17,342305859,681974,1028181460,844824201,5794,8,330563436,12282378,34062,527479233,75052175,0,30977034,5794,7,8,3,1500,1360500,9,6,378580043,330563436,34143,34145,34157,106211174,431484053,633201886
17,145165669,1,127423842,1,792906294,317827973,17,971385163,575594,622797579,8,922454654,11853917,17,342305859,681974,1028181460,844824201,5794,8,330563436,12282378,34062,527479233,75052175,0,30977034,5794,137,3,4,4700,4874511,0,8,449642453,330563436,34164,34139,34184,862871618,1001693018,620458281
17,145165669,1,127423842,8,292608994,956262271,17,801108420,762785,918253410,8,922454654,11853917,17,342305859,681974,1028181460,844824201,5794,8,330563436,12282378,34062,527479233,75052175,0,30977034,5794,158,9,1,4200,4444230,6,5,378580043,330563436,34147,34117,34176,785149710,1001693018,122979749
17,145165669,1,127423842,8,292608994,956262271,17,801108420,762785,918253410,8,922454654,11853917,17,342305859,681974,1028181460,844824201,5794,8,330563436,12282378,34062,527479233,75052175,0,30977034,5794,115,2,2,1400,1421154,9,2,378580043,330563436,34076,34150,34105,785149710,407419891,882900212
17,145165669,1,127423842,8,292608994,956262271,17,801108420,762785,918253410,8,922454654,11853917,17,342305859,681974,1028181460,844824201,5794,8,330563436,12282378,34062,527479233,75052175,0,30977034,5794,7,8,3,1500,1360500,9,6,378580043,330563436,34143,34145,34157,106211174,431484053,633201886
17,145165669,1,127423842,8,292608994,956262271,17,801108420,762785,918253410,8,922454654,11853917,17,342305859,681974,1028181460,844824201,5794,8,330563436,12282378,34062,527479233,75052175,0,30977034,5794,137,3,4,4700,4874511,0,8,449642453,330563436,34164,34139,34184,862871618,1001693018,620458281
1,559044011,1,1004765669,3,458785,31140224,1,73682198,419239,154263564,106,864562228,957626520,1,147772690,328842,797027742,268933212,5798,106,777177650,12501192,35882,527479233,292100860,0,345715217,5798,127,8,1,200,205423,9,0,146356532,777177650,35938,35966,35953,785149710,944913022,56878971
1,559044011,1,1004765669,3,458785,31140224,1,73682198,419239,154263564,106,864562228,957626520,1,147772690,328842,797027742,268933212,5798,106,777177650,12501192,35882,527479233,292100860,0,345715217,5798,124,9,2,1400,1433768,6,5,146356532,777177650,35884,35958,35910,106211174,250142940,598082474
1,559044011,1,1004765669,3,458785,31140224,1,73682198,419239,154263564,106,864562228,957626520,1,147772690,328842,797027742,268933212,5798,106,777177650,12501192,35882,527479233,292100860,0,345715217,5798,134,5,3,2200,2275086,2,1,146356532,777177650,35968,35950,35994,785149710,86983390,827423839
1,559044011,1,1004765669,3,458785,31140224,1,73682198,419239,154263564,106,864562228,957626520,1,147772690,328842,797027742,268933212,5798,106,777177650,12501192,35882,527479233,292100860,0,345715217,5798,146,3,4,4000,4184560,8,6,146356532,777177650,35983,35968,35990,106211174,86983390,779879519
1,559044011,1,1004765669,3,458785,31140224,1,73682198,419239,154263564,106,864562228,957626520,1,147772690,328842,797027742,268933212,5798,106,777177650,12501192,35882,527479233,292100860,0,345715217,5798,149,8,5,700,734398,6,7,146356532,777177650,35950,35923,35951,106211174,407419891,387657000
1,559044011,1,1004765669,3,458785,31140224,1,73682198,419239,154263564,106,864562228,957626520,1,147772690,328842,797027742,268933212,5798,106,777177650,12501192,35882,527479233,292100860,0,345715217,5798,38,4,6,900,844227,6,2,146356532,777177650,35918,35938,35922,749443834,1001693018,346139839
1,559044011,1,1004765669,3,458785,31140224,1,73682198,419239,154263564,106,864562228,957626520,1,147772690,328842,797027742,268933212,5798,106,777177650,12501192,35882,527479233,292100860,0,345715217,5798,115,9,7,3200,3248352,8,1,146356532,777177650,35910,35916,35921,862871618,1001693018,717801336
10,185743883,4,261867689,9,895777001,658451645,10,73320802,530237,726765942,56,1002271304,628821590,10,666136321,653086,373412815,658726857,5824,56,777177650,16910785,35400,919150108,28420584,0,637395452,5824,77,7,1,4000,3908280,6,6,146356532,777177650,35442,35445,35461,106211174,1001693018,881746979
10,185743883,4,261867689,9,895777001,658451645,10,73320802,530237,726765942,56,1002271304,628821590,10,666136321,653086,373412815,658726857,5824,56,777177650,16910785,35400,919150108,28420584,0,637395452,5824,182,3,2,4200,4545156,9,0,146356532,777177650,35460,35479,35466,785149710,407419891,1053362389
10,185743883,4,261867689,9,895777001,658451645,10,73320802,530237,726765942,56,1002271304,628821590,10,666136321,653086,373412815,658726857,5824,56,777177650,16910785,35400,919150108,28420584,0,637395452,5824,73,1,3,1600,1556912,3,2,146356532,777177650,35472,35435,35476,862871618,86983390,825061891
10,185743883,4,261867689,9,895777001,658451645,10,73320802,530237,726765942,56,1002271304,628821590,10,666136321,653086,373412815,658726857,5824,56,777177650,16910785,35400,919150108,28420584,0,637395452,5824,92,5,4,3200,3174688,3,2,146356532,777177650,35475,35452,35479,749443834,250142940,708299394
10,185743883,4,261867689,9,895777001,658451645,10,73320802,530237,726765942,56,1002271304,628821590,10,666136321,653086,373412815,658726857,5824,56,777177650,16910785,35400,919150108,28420584,0,637395452,5824,107,8,5,4400,4431240,8,3,146356532,777177650,35452,35459,35470,785149710,86983390,141670570
17,145165669,1,127423842,1,792906294,317827973,17,971385163,575594,622797579,61,754492610,99266246,17,63893436,153624,373412815,1071371457,5825,61,330563436,2302062,34749,527479233,304902292,0,245275067,5825,159,7,1,2300,2436045,10,5,378580043,330563436,34827,34815,34830,749443834,86983390,489126890
17,145165669,1,127423842,8,292608994,956262271,17,801108420,762785,918253410,61,754492610,99266246,17,63893436,153624,373412815,1071371457,5825,61,330563436,2302062,34749,527479233,304902292,0,245275067,5825,159,7,1,2300,2436045,10,5,378580043,330563436,34827,34815,34830,749443834,86983390,489126890
23,536896580,3,94114815,7,11315813,791810943,23,1051077640,682035,798884201,31,855445084,1027402851,23,969728011,523689,750198692,449809331,5827,31,777177650,13729771,35997,1030545334,302893045,0,530381588,5827,187,8,1,3000,3261540,3,5,146356532,777177650,36108,36063,36127,749443834,250142940,393793661
23,536896580,3,94114815,7,11315813,791810943,23,1051077640,682035,798884201,31,855445084,1027402851,23,969728011,523689,750198692,449809331,5827,31,777177650,13729771,35997,1030545334,302893045,0,530381588,5827,103,6,2,2300,2307130,9,5,146356532,777177650,36113,36050,36114,785149710,250142940,969742880
23,536896580,3,94114815,7,11315813,791810943,23,1051077640,682035,798884201,31,855445084,1027402851,23,969728011,523689,750198692,449809331,5827,31,777177650,13729771,35997,1030545334,302893045,0,530381588,5827,164,1,3,300,319248,3,6,146356532,777177650,36083,36065,36094,749443834,431484053,567451288
23,536896580,3,94114815,7,11315813,791810943,23,1051077640,682035,798884201,31,855445084,1027402851,23,969728011,523689,750198692,449809331,5827,31,777177650,13729771,35997,1030545334,302893045,0,530381588,5827,200,1,4,2600,2860520,6,0,146356532,777177650,36003,36060,36004,749443834,407419891,373386123
23,536896580,3,94114815,7,11315813,791810943,23,1051077640,682035,798884201,31,855445084,1027402851,23,969728011,523689,750198692,449809331,5827,31,777177650,13729771,35997,1030545334,302893045,0,530381588,5827,112,9,5,3800,3846018,3,6,146356532,777177650,36084,36032,36089,862871618,86983390,861568786
23,536896580,3,94114815,7,11315813,791810943,23,1051077640,682035,798884201,31,855445084,1027402851,23,969728011,523689,750198692,449809331,5827,31,777177650,13729771,35997,1030545334,302893045,0,530381588,5827,17,4,6,1400,1283814,5,1,146356532,777177650,36036,36042,36049,862871618,250142940,282204630
5,529057841,0,890382161,2,549623314,849027485,5,58126162,403268,958596215,85,1001770604,231357394,5,608676529,338664,373412815,725868244,5830,85,330563436,2822357,34051,1030545334,263387417,0,541109424,5830,160,2,1,2900,3074464,10,2,378580043,330563436,34137,34097,34161,749443834,1001693018,801189661
23,536896580,3,94114815,7,11315813,791810943,23,1051077640,682035,798884201,65,281052985,65225523,23,531840509,879516,701940545,1044095204,5863,65,330563436,6794153,34293,1030545334,901187979,0,634094916,5863,161,10,1,4500,4775220,7,6,449642453,330563436,34320,34357,34337,106211174,1001693018,766714502
23,536896580,3,94114815,7,11315813,791810943,23,1051077640,682035,798884201,65,281052985,65225523,23,531840509,879516,701940545,1044095204,5863,65,330563436,6794153,34293,1030545334,901187979,0,634094916,5863,160,8,2,2100,2226336,9,3,378580043,330563436,34345,34341,34360,749443834,944913022,682240162
10,185743883,4,261867689,9,895777001,658451645,10,73320802,530237,726765942,49,58080412,277187647,10,223001803,457393,373412815,529457660,5890,49,330563436,4116224,33910,919150108,837142724,0,948358766,5890,113,4,1,3800,3849818,1,8,449642453,330563436,34012,33945,34025,785149710,944913022,471727814
23,536896580,3,94114815,7,11315813,791810943,23,1051077640,682035,798884201,31,855445084,1027402851,23,969728011,523689,750198692,449809331,5924,31,777177650,10682397,34980,1030545334,733807844,0,902695784,5924,176,5,1,3800,4089446,6,5,146356532,777177650,35048,35042,35068,862871618,365042431,732876602
23,536896580,3,94114815,7,11315813,791810943,23,1051077640,682035,798884201,31,855445084,1027402851,23,969728011,523689,750198692,449809331,5924,31,777177650,10682397,34980,1030545334,733807844,0,902695784,5924,53,1,2,4900,4669945,4,0,146356532,777177650,34995,35042,35009,106211174,431484053,468173470
23,536896580,3,94114815,7,11315813,791810943,23,1051077640,682035,798884201,31,855445084,1027402851,23,969728011,523689,750198692,449809331,5924,31,777177650,10682397,34980,1030545334,733807844,0,902695784,5924,17,8,3,2400,2200824,9,8,146356532,777177650,35074,35044,35087,785149710,1001693018,143449498
11,319240162,4,108891028,5,64952534,366176741,11,103869805,-28383,275262022,148,120951395,335387568,11,608291700,213560,750198692,672328102,5952,148,777177650,12862499,35532,1030545334,804243021,0,787726415,5952,200,2,1,4900,5390980,10,2,146356532,777177650,35609,35619,35611,785149710,365042431,826475931
11,319240162,4,108891028,5,64952534,366176741,11,103869805,-28383,275262022,148,120951395,335387568,11,608291700,213560,750198692,672328102,5952,148,777177650,12862499,35532,1030545334,804243021,0,787726415,5952,191,5,2,1100,1200309,10,5,146356532,777177650,35561,35583,35575,749443834,944913022,246460882
11,319240162,4,108891028,5,64952534,366176741,11,103869805,-28383,275262022,148,120951395,335387568,11,608291700,213560,750198692,672328102,5952,148,777177650,12862499,35532,1030545334,804243021,0,787726415,5952,71,2,3,4300,4175601,1,1,146356532,777177650,35608,35585,35624,785149710,431484053,944407054
11,319240162,4,108891028,5,64952534,366176741,11,103869805,-28383,275262022,148,120951395,335387568,11,608291700,213560,750198692,672328102,5952,148,777177650,12862499,35532,1030545334,804243021,0,787726415,5952,158,3,4,2300,2433745,0,7,146356532,777177650,35561,35606,35568,106211174,86983390,797192260
14,188440933,0,29958364,6,564123676,816784291,14,177982233,136579,447900922,89,468529770,948964647,14,106551305,153076,373412815,1009632679,5957,89,330563436,23094945,34328,919150108,1034037627,0,313609076,5957,15,9,1,3700,3385537,7,0,449642453,330563436,34440,34382,34463,106211174,365042431,451073823
14,188440933,0,29958364,6,564123676,816784291,14,177982233,136579,447900922,89,468529770,948964647,14,106551305,153076,373412815,1009632679,5957,89,330563436,23094945,34328,919150108,1034037627,0,313609076,5957,59,4,2,4600,4411630,4,8,449642453,330563436,34355,34362,34370,106211174,407419891,863108677
14,188440933,0,29958364,6,564123676,816784291,14,177982233,136579,447900922,89,468529770,948964647,14,106551305,153076,373412815,1009632679,5957,89,330563436,23094945,34328,919150108,1034037627,0,313609076,5957,2,7,3,1700,1533400,1,1,449642453,330563436,34356,34379,34371,862871618,407419891,450787973
14,188440933,0,29958364,6,564123676,816784291,14,177982233,136579,447900922,89,468529770,948964647,14,106551305,153076,373412815,1009632679,5957,89,330563436,23094945,34328,919150108,1034037627,0,313609076,5957,132,3,4,2900,2993177,1,3,378580043,330563436,34387,34395,34399,785149710,1001693018,370269020
14,188440933,0,29958364,6,564123676,816784291,14,177982233,136579,447900922,89,468529770,948964647,14,106551305,153076,373412815,1009632679,5957,89,330563436,23094945,34328,919150108,1034037627,0,313609076,5957,88,9,5,4000,3952319,4,4,378580043,330563436,34339,34368,34358,749443834,407419891,981682362
14,188440933,0,29958364,6,564123676,816784291,14,177982233,136579,447900922,89,468529770,948964647,14,106551305,153076,373412815,1009632679,5957,89,330563436,23094945,34328,919150108,1034037627,0,313609076,5957,6,1,6,4100,3714600,10,7,378580043,330563436,34416,34383,34422,749443834,431484053,301318991
14,188440933,0,29958364,6,564123676,816784291,14,177982233,136579,447900922,89,468529770,948964647,14,106551305,153076,373412815,1009632679,5957,89,330563436,23094945,34328,919150108,1034037627,0,313609076,5957,159,1,7,3200,3389280,10,7,449642453,330563436,34396,34383,34400,106211174,86983390,148162592
23,536896580,3,94114815,7,11315813,791810943,23,1051077640,682035,798884201,31,855445084,1027402851,23,969728011,523689,750198692,449809331,5988,31,330563436,4165551,34293,483467692,800075590,0,809450395,5988,172,1,1,4100,4395897,8,3,378580043,330563436,34352,34369,34373,785149710,365042431,200671236
