U5_USERKEY,U5_INDEG,U5_OUTDEG,U5_ACTIVITY,U5_JOINDATE,U5_REGTIME
4,494,16,510,54876,54876
28,7,7,14,117724,117724
71,456,11,467,133785,133785
88,3235,39,3274,133921,133921
107,1,1,2,71305,71305
131,21,24,45,155853,155853
165,3,5,8,163540,163540
167,5,0,5,55027,55027
228,21,3,24,152104,152104
232,6,7,13,125547,125547
233,4,3,7,152137,152137
308,740,6,746,141327,141327
313,1,1,2,90334,90334
319,5,7,12,143955,143955
328,2,4,6,140386,140386
368,14,5,19,94847,94847
389,54,12,66,172725,172725
411,32,5,37,133717,133717
438,18,21,39,139813,139813
439,172,45,217,36881,36881
457,3,5,8,55133,55133
461,151,7,158,161576,161576
468,310,87,397,155286,155286
478,14,12,26,168911,168911
492,333,74,407,135223,135223
502,265,102,367,137272,137272
505,72,15,87,159577,159577
510,121,5,126,55118,55118
511,482,68,550,137458,137458
531,255,6,261,73123,73123
540,67,13,80,167542,167542
541,30,12,42,56125,56125
550,158,8,166,150323,150323
553,152,57,209,118867,118867
559,9,9,18,167723,167723
580,56,36,92,149205,149205
621,10,2,12,77424,77424
637,2,2,4,151090,151090
657,2,3,5,149699,149699
697,7,2,9,149742,149742
722,2,4,6,63928,63928
723,5,4,9,128199,128199
769,3,4,7,164031,164031
783,10,5,15,79015,79015
786,3,9,12,44586,44586
832,621,19,640,144063,144063
844,14,4,18,133793,133793
885,203,17,220,137306,137306
912,1,0,1,137738,137738
931,4,9,13,133612,133612
948,2,1,3,129071,129071
1043,21,13,34,132116,132116
1054,1,1,2,39208,39208
1118,8,8,16,77230,77230
1126,0,1,1,59698,59698
1134,17,4,21,165270,165270
1142,22,10,32,131384,131384
1147,1,4,5,74471,74471
1152,13,17,30,163401,163401
1160,10,11,21,73860,73860
1170,29,26,55,139452,139452
1185,3,2,5,133120,133120
1215,0,3,3,144069,144069
1255,12,6,18,140968,140968
1262,56,4,60,85445,85445
1272,11,5,16,142285,142285
1276,1461,27,1488,143859,143859
1309,33,2,35,148572,148572
1357,163,10,173,163813,163813
1358,3,5,8,65109,65109
1359,3,2,5,65062,65062
1379,5,5,10,65132,65132
1385,4,5,9,104005,104005
1386,3,2,5,64490,64490
1400,12,6,18,57999,57999
1455,22,35,57,168276,168276
1471,9,18,27,127299,127299
1487,11,1,12,110479,110479
1526,7,0,7,145364,145364
1551,23,6,29,65117,65117
1579,6,6,12,159335,159335
1593,0,0,0,157811,157811
1609,7,6,13,118577,118577
1633,6,11,17,160972,160972
1654,16,4,20,94035,94035
1665,17,19,36,149994,149994
1694,3,4,7,85685,85685
1711,12,2,14,85984,85984
1725,1,1,2,129230,129230
1739,2,4,6,158080,158080
1774,24,3,27,147638,147638
1805,54,19,73,70242,70242
1825,0,2,2,55482,55482
1892,1,1,2,157048,157048
1898,0,6,6,138143,138143
1902,22,5,27,154749,154749
1912,27,18,45,43348,43348
1917,4,0,4,134179,134179
1945,178,3,181,162677,162677
1958,3,2,5,138291,138291
1999,115,16,131,133056,133056
2011,24,7,31,166026,166026
2034,0,1,1,138901,138901
2149,8,9,17,34125,34125
2171,4,0,4,135531,135531
2173,67,11,78,84067,84067
2175,70,16,86,142710,142710
2177,433,13,446,160644,160644
2180,36,2,38,138218,138218
2203,2,7,9,144145,144145
2230,52,29,81,148671,148671
2294,2,6,8,167606,167606
2298,17,11,28,62237,62237
2301,5,3,8,142806,142806
2303,3,6,9,34371,34371
2325,10,13,23,79929,79929
2330,6,13,19,132282,132282
2333,11,7,18,170088,170088
2351,36,2,38,133322,133322
2369,74,39,113,128815,128815
2374,13,21,34,56863,56863
2417,987,11,998,165630,165630
2426,9,15,24,81863,81863
2430,3,8,11,159339,159339
2440,1,2,3,134029,134029
2445,6,8,14,143811,143811
2465,7,20,27,130479,130479
2480,85,55,140,101068,101068
2491,2,1,3,158850,158850
2517,46,41,87,85731,85731
2563,27,29,56,155959,155959
2564,1,10,11,150656,150656
2565,5,3,8,154800,154800
2567,191,6,197,127845,127845
2570,7,5,12,143842,143842
2579,2,3,5,161057,161057
2602,5,8,13,166063,166063
2615,0,3,3,170893,170893
2696,288,0,288,138294,138294
2733,27,15,42,3908,3908
2746,75,1,76,132152,132152
2753,168,3,171,105230,105230
2779,12,14,26,108944,108944
2862,11,9,20,139802,139802
2866,24,15,39,129718,129718
2881,16,13,29,129827,129827
2882,28,19,47,130605,130605
2891,13,8,21,141007,141007
2892,9,9,18,129859,129859
2911,27,4,31,147998,147998
2912,8,10,18,39084,39084
2916,7,15,22,150485,150485
2925,16,11,27,130239,130239
2940,78,1,79,135674,135674
2944,5,6,11,86476,86476
2948,12,7,19,92395,92395
2960,0,1,1,88046,88046
3013,45,79,124,98082,98082
3064,1,7,8,98115,98115
3066,15,6,21,8576,8576
3099,4,11,15,160493,160493
3104,10,19,29,151396,151396
3117,1,6,7,155135,155135
3120,1,4,5,148797,148797
3125,5,2,7,133501,133501
3172,1,5,6,44375,44375
3182,0,2,2,153399,153399
3186,2,6,8,119955,119955
3206,2,15,17,163344,163344
3214,13,20,33,142338,142338
3248,0,0,0,61895,61895
3262,5,8,13,131522,131522
3287,3,30,33,135731,135731
3289,48,21,69,134753,134753
3295,8,7,15,95791,95791
3320,0,2,2,133217,133217
3347,11,4,15,170761,170761
3353,46,8,54,140797,140797
3359,27,4,31,136436,136436
3360,146,3,149,155802,155802
3369,812,10,822,65963,65963
3437,11,16,27,166035,166035
3533,40,9,49,133694,133694
3542,15,21,36,151286,151286
3546,18,0,18,18456,18456
3547,191,75,266,136327,136327
3562,11,7,18,144930,144930
3584,14,4,18,130790,130790
3593,18,30,48,142456,142456
3598,26,42,68,137195,137195
3603,197,54,251,103399,103399
3604,509,28,537,62646,62646
3623,3,0,3,127396,127396
3624,1,3,4,57846,57846
3629,16,8,24,132898,132898
3636,7,12,19,58527,58527
3724,10,2,12,97690,97690
3742,6,4,10,123140,123140
3759,4,3,7,118626,118626
3807,68,15,83,155941,155941
3845,9,1,10,141433,141433
3882,10,13,23,143107,143107
3891,0,2,2,142464,142464
3905,0,2,2,144710,144710
3919,7,11,18,73797,73797
3933,1,8,9,62852,62852
3947,1,8,9,138946,138946
3952,2,9,11,167205,167205
3962,4,1,5,167477,167477
3972,177,79,256,138900,138900
3994,262,29,291,138280,138280
3998,444,2,446,134083,134083
4024,1,2,3,103146,103146
4034,1,2,3,150013,150013
4069,7,2,9,143418,143418
4125,0,4,4,132724,132724
4127,24,4,28,155342,155342
4129,16,1,17,148196,148196
4165,4,8,12,156528,156528
4177,128,106,234,134957,134957
4310,16,28,44,75287,75287
4319,1,5,6,55208,55208
4346,27,5,32,122630,122630
4348,5,24,29,117343,117343
4364,11,3,14,157686,157686
4378,118,6,124,122562,122562
4381,7,5,12,151017,151017
4394,11,5,16,58368,58368
4407,30,47,77,142568,142568
4412,88,11,99,78442,78442
4456,1,1,2,109819,109819
4475,34,14,48,67926,67926
4490,1,2,3,151860,151860
4514,29,4,33,89181,89181
4519,10,15,25,66213,66213
4528,20,12,32,151369,151369
4561,9,9,18,151469,151469
4564,9,17,26,89589,89589
4567,13,10,23,152098,152098
4570,18,13,31,154726,154726
4582,2,3,5,61516,61516
4619,12,16,28,131162,131162
4665,214,72,286,2064,2064
4690,3,2,5,94429,94429
4718,24,32,56,116186,116186
4732,18,1,19,133468,133468
4798,1,1,2,73327,73327
4804,1,2,3,73597,73597
4839,0,0,0,105134,105134
4876,3,5,8,97573,97573
4884,6,8,14,72440,72440
4926,1,2,3,152908,152908
4974,54,15,69,102434,102434
5021,12,14,26,68301,68301
5054,1,0,1,154234,154234
5087,49,48,97,76946,76946
5114,46,28,74,71971,71971
5122,1,2,3,153985,153985
5123,134,38,172,58906,58906
5137,160,99,259,88153,88153
5143,89,63,152,169701,169701
5155,72,54,126,147325,147325
5157,28,1,29,77838,77838
5163,116,14,130,147757,147757
5186,48,13,61,122103,122103
5189,42,7,49,107999,107999
5191,35,3,38,131632,131632
5192,18,0,18,63603,63603
5222,0,1,1,145502,145502
5226,1257,164,1421,111466,111466
5237,4,5,9,159973,159973
5265,5,7,12,89072,89072
5281,60,38,98,117064,117064
5310,5,0,5,71960,71960
5339,2,5,7,141396,141396
5377,1,10,11,137510,137510
5387,6,26,32,115610,115610
5392,6,6,12,149602,149602
5393,78,5,83,1863,1863
5444,2,8,10,15388,15388
5455,1,2,3,140776,140776
5500,100,23,123,136090,136090
5506,2,5,7,73746,73746
5524,0,1,1,139809,139809
5537,7,12,19,155305,155305
5550,16,4,20,97171,97171
5664,43,0,43,167056,167056
5695,3,2,5,70435,70435
5753,6,13,19,154647,154647
5843,16,23,39,134400,134400
5847,0,1,1,121367,121367
5851,7,15,22,152031,152031
5899,6,1,7,55624,55624
5948,70,19,89,160462,160462
6029,3,6,9,139221,139221
6039,26,22,48,132778,132778
6053,39,3,42,75147,75147
6072,7,25,32,119926,119926
6078,89,15,104,57007,57007
6081,97,10,107,128626,128626
6104,25,19,44,134373,134373
6130,2,2,4,142290,142290
6150,22,10,32,167866,167866
6184,4,5,9,148450,148450
6193,2,9,11,148416,148416
6232,1,4,5,128302,128302
6269,11,14,25,55517,55517
6329,22,11,33,134320,134320
6338,83,46,129,48478,48478
6443,1,2,3,66740,66740
6477,1,14,15,153124,153124
6493,7,4,11,87258,87258
6520,2,6,8,142022,142022
6551,5,9,14,73356,73356
6568,1,2,3,142860,142860
6578,2,0,2,166022,166022
6588,4,13,17,146392,146392
6590,15,8,23,128100,128100
6625,3,8,11,118029,118029
6637,4,2,6,102509,102509
6642,38,9,47,101216,101216
6645,69,34,103,9872,9872
6658,73,22,95,13064,13064
6662,32,34,66,135884,135884
6668,33,17,50,101444,101444
6669,27,24,51,8491,8491
6672,41,3,44,11843,11843
6674,72,21,93,119767,119767
6677,44,7,51,22490,22490
6688,14,13,27,127329,127329
6692,37,32,69,23947,23947
6701,36,33,69,12052,12052
6704,18,58,76,37459,37459
6707,19,15,34,100862,100862
6708,22,38,60,20114,20114
6759,10,6,16,161094,161094
6817,8,16,24,150930,150930
6821,2,3,5,102106,102106
6835,17,12,29,56806,56806
6882,10,9,19,148166,148166
6940,368,56,424,111471,111471
6944,0,0,0,113275,113275
6963,43,2,45,152764,152764
6982,45,59,104,60818,60818
6992,2,8,10,130714,130714
6999,6,6,12,55025,55025
7020,1,10,11,145952,145952
7091,2,6,8,134866,134866
7100,12,7,19,156573,156573
7121,4,9,13,151773,151773
7185,4,2,6,70531,70531
7200,2,5,7,155714,155714
7245,1,3,4,58343,58343
7257,0,3,3,145134,145134
7259,15,22,37,148006,148006
7271,36,7,43,136407,136407
7281,1,3,4,136273,136273
7319,1,6,7,128678,128678
7320,5,4,9,158345,158345
7360,1,0,1,160077,160077
7377,10,21,31,118830,118830
7394,8,6,14,55027,55027
7406,80,48,128,162514,162514
7457,4,11,15,155427,155427
7462,22,25,47,99318,99318
7476,25,23,48,130630,130630
7501,165,45,210,149815,149815
7520,7,8,15,146702,146702
7551,690,51,741,146443,146443
7614,8,13,21,106119,106119
7617,5,5,10,75509,75509
7684,4,1,5,82328,82328
7695,0,2,2,117061,117061
7779,28,23,51,147418,147418
7801,26,36,62,77958,77958
7811,1,1,2,135609,135609
7856,5,7,12,55951,55951
7882,3,1,4,134267,134267
8004,1,1,2,108512,108512
8098,1,1,2,162772,162772
8122,52,5,57,127987,127987
8247,0,0,0,142424,142424
8253,0,1,1,145656,145656
8266,22,8,30,140699,140699
8291,2,2,4,137564,137564
8324,0,2,2,165174,165174
8352,8,13,21,98036,98036
8374,0,5,5,157291,157291
8391,241,31,272,136644,136644
8410,21,3,24,112551,112551
8431,0,2,2,135652,135652
8437,0,1,1,134124,134124
8442,0,0,0,163202,163202
8451,4,3,7,163097,163097
8454,12,26,38,170325,170325
8460,27,4,31,168506,168506
8497,15,2,17,78767,78767
8568,13,3,16,164578,164578
8591,7,18,25,152214,152214
8592,4,5,9,137068,137068
8633,1,8,9,85759,85759
8655,0,3,3,150082,150082
8702,50,10,60,71341,71341
8711,225,7,232,147727,147727
8755,79,10,89,73048,73048
8760,1,3,4,78923,78923
8794,3,3,6,71573,71573
8811,25,7,32,146634,146634
8846,1,0,1,90037,90037
8855,17,16,33,138433,138433
8864,2,6,8,148820,148820
8897,4,11,15,71918,71918
8903,108,23,131,141942,141942
8966,14,96,110,69401,69401
8992,26,15,41,162834,162834
9011,3,17,20,131508,131508
9021,62,66,128,138539,138539
9036,48,49,97,139225,139225
9060,2,6,8,134143,134143
9090,5,2,7,137873,137873
9096,11,15,26,155590,155590
9099,0,4,4,147538,147538
9102,6,1,7,127414,127414
9107,36,15,51,131805,131805
9129,10,3,13,108769,108769
9131,1,1,2,56617,56617
9161,16,26,42,123147,123147
9186,7,23,30,102389,102389
9206,8,8,16,95346,95346
9208,41,10,51,25547,25547
9210,7,7,14,101842,101842
9217,11,9,20,134067,134067
9223,9,4,13,105392,105392
9229,11,9,20,7802,7802
9231,28,2,30,10158,10158
9232,2,16,18,144853,144853
9254,30,11,41,119214,119214
9288,8,1,9,50838,50838
9299,24,15,39,151475,151475
9304,12,12,24,167453,167453
9305,10,1,11,148807,148807
9311,13,27,40,145382,145382
9312,2,3,5,130857,130857
9324,1,4,5,73781,73781
9351,30,11,41,58292,58292
9380,1,12,13,137065,137065
9384,4,2,6,105345,105345
9385,5,4,9,137807,137807
9391,2,1,3,134033,134033
9398,2,1,3,151187,151187
9417,22,46,68,118915,118915
9445,0,0,0,152673,152673
9476,4,18,22,114179,114179
9494,4,7,11,167465,167465
9508,43,13,56,169106,169106
9514,10,31,41,77983,77983
9539,0,9,9,100496,100496
9586,2,5,7,109135,109135
9596,7,17,24,132201,132201
9604,55,23,78,132991,132991
9605,62,30,92,161923,161923
9672,84,4,88,149178,149178
9681,2,2,4,133904,133904
9704,94,6,100,107256,107256
9727,3,4,7,142392,142392
9731,61,6,67,135977,135977
9756,1,3,4,170505,170505
9792,5,8,13,155030,155030
9800,26,6,32,139801,139801
9815,11,4,15,126138,126138
9816,9,16,25,137365,137365
9861,2,2,4,164212,164212
9874,3,7,10,155615,155615
9883,1,1,2,134017,134017
9920,2,0,2,129210,129210
9931,2,2,4,169219,169219
9940,3,7,10,134598,134598
9941,27,39,66,97242,97242
9947,24,8,32,140602,140602
9951,40,40,80,69062,69062
9960,30,45,75,163464,163464
9964,162,23,185,102582,102582
9972,155,29,184,161423,161423
10013,10,24,34,136817,136817
10017,4,5,9,149954,149954
10021,4,4,8,131761,131761
10044,52,4,56,168154,168154
10053,32,9,41,44670,44670
10084,3,4,7,142098,142098
10087,4,38,42,134722,134722
10091,8,7,15,73168,73168
10105,1,10,11,153740,153740
10112,2,0,2,155571,155571
10140,16,1,17,108289,108289
10168,12,10,22,74301,74301
10179,37,52,89,46374,46374
10193,15,14,29,140528,140528
10224,12,15,27,133105,133105
10241,4,16,20,29526,29526
10269,12,5,17,54890,54890
10273,11,21,32,82009,82009
10282,1,2,3,136311,136311
10284,8,25,33,1230,1230
10305,3,15,18,163225,163225
10309,11,3,14,155168,155168
10319,7,5,12,97706,97706
10333,6,18,24,119046,119046
10335,13,40,53,21843,21843
10343,7,23,30,29636,29636
10350,6,26,32,159632,159632
10351,2,5,7,160722,160722
10352,4,5,9,136354,136354
10367,6,7,13,10570,10570
10381,9,25,34,23116,23116
10385,1,8,9,150963,150963
10650,53,32,85,148026,148026
10691,5,2,7,157113,157113
10816,15,21,36,104535,104535
10817,14,9,23,161630,161630
10837,6,6,12,129127,129127
10853,161,78,239,117471,117471
10925,37,24,61,118725,118725
10941,2,2,4,117594,117594
10945,7,11,18,63090,63090
10950,2,4,6,63560,63560
10985,5,6,11,140249,140249
11029,16,4,20,48935,48935
11036,228,53,281,105743,105743
11047,0,5,5,38975,38975
11049,4,5,9,147957,147957
11050,22,4,26,47873,47873
11094,7,5,12,152263,152263
11135,26,25,51,43276,43276
11176,68,1,69,151445,151445
11197,28,7,35,149799,149799
11208,6,12,18,162524,162524
11223,0,2,2,45920,45920
11255,4,6,10,143670,143670
11256,16,23,39,57044,57044
11257,5,5,10,91334,91334
11264,8,12,20,157924,157924
11315,4,4,8,125814,125814
11336,25,6,31,100416,100416
11342,32,16,48,142108,142108
11375,4,10,14,155606,155606
11393,15,3,18,125910,125910
11474,0,1,1,107833,107833
11506,1,1,2,130717,130717
11516,10,11,21,53771,53771
11521,7,10,17,118124,118124
11530,4,19,23,154011,154011
11542,24,29,53,108544,108544
11547,16,4,20,133477,133477
11569,70,8,78,142014,142014
11622,6,3,9,98811,98811
11656,12,18,30,147874,147874
11677,171,25,196,118166,118166
11692,21,36,57,115558,115558
11744,2,7,9,73323,73323
11760,1,15,16,155509,155509
11769,5,11,16,148578,148578
11844,28,0,28,158823,158823
11856,1,8,9,130811,130811
11876,96,47,143,69557,69557
11892,0,2,2,140868,140868
11901,0,1,1,169410,169410
11905,28,103,131,108598,108598
11962,11,12,23,83286,83286
11971,2,2,4,160135,160135
11978,16,6,22,71032,71032
11979,22,6,28,164740,164740
11981,87,15,102,131646,131646
11991,348,53,401,132728,132728
11992,2,2,4,73220,73220
12022,143,43,186,141903,141903
12038,2,9,11,133455,133455
12042,4,5,9,71238,71238
12045,0,4,4,137691,137691
12122,0,5,5,132817,132817
12132,1,2,3,142756,142756
12159,3,6,9,141354,141354
12281,207,2,209,152654,152654
12304,6,10,16,146642,146642
12340,3,6,9,153080,153080
12383,2,9,11,155492,155492
12462,17,16,33,123145,123145
12468,3,2,5,150942,150942
12477,11,31,42,108595,108595
12510,59,0,59,20609,20609
12554,0,0,0,152726,152726
12580,0,1,1,66082,66082
12619,3,7,10,133135,133135
12641,11,2,13,68368,68368
12651,40,53,93,137132,137132
12692,0,8,8,83490,83490
12700,12,11,23,159126,159126
12715,41,11,52,167474,167474
12745,16,9,25,149669,149669
12751,275,68,343,57592,57592
12792,2,3,5,77935,77935
12806,42,30,72,138500,138500
12843,3,12,15,73951,73951
12879,15,16,31,83269,83269
12891,42,0,42,80053,80053
12959,2,9,11,149183,149183
13013,4,2,6,58438,58438
13084,6,4,10,163728,163728
13116,29,25,54,136205,136205
13123,127,55,182,27021,27021
13131,36,15,51,124167,124167
13139,52,20,72,159395,159395
13149,2,19,21,151759,151759
13153,21,72,93,149259,149259
13163,67,75,142,131711,131711
13179,3,2,5,165116,165116
13235,27,27,54,160764,160764
13239,8,6,14,135134,135134
13244,6,11,17,145939,145939
13254,0,1,1,101199,101199
13315,2,6,8,125291,125291
13354,7,10,17,153457,153457
13383,38,10,48,102619,102619
13384,8,4,12,121804,121804
13394,0,1,1,122111,122111
13405,0,1,1,85694,85694
13468,4,2,6,125110,125110
13488,0,1,1,159367,159367
13502,54,27,81,151093,151093
13505,91,49,140,151103,151103
13506,103,46,149,151997,151997
13508,45,35,80,150785,150785
13509,52,26,78,151766,151766
13510,51,41,92,150792,150792
13511,51,105,156,151000,151000
13512,2,2,4,163893,163893
13516,134,45,179,149028,149028
13537,1,2,3,65230,65230
13567,3,7,10,100052,100052
13577,2,5,7,122722,122722
13578,0,3,3,74464,74464
13609,23,17,40,109195,109195
13625,0,5,5,172214,172214
13627,21,1,22,97806,97806
13720,1,3,4,159865,159865
13754,12,23,35,162496,162496
13765,57,8,65,132869,132869
13766,44,25,69,147278,147278
13769,0,0,0,149594,149594
13773,28,38,66,111999,111999
13778,28,29,57,116837,116837
13790,48,33,81,29797,29797
13798,208,57,265,153745,153745
13808,261,58,319,32392,32392
13811,269,85,354,112841,112841
13815,0,2,2,74640,74640
13820,99,71,170,137111,137111
13852,1,2,3,168373,168373
13865,1,3,4,143913,143913
13874,9,18,27,140935,140935
13879,49,29,78,133725,133725
13881,6,11,17,136739,136739
13898,1,4,5,142700,142700
13937,4,4,8,148091,148091
13968,2,22,24,59389,59389
14044,6,4,10,147949,147949
14054,7,3,10,55271,55271
14064,168,24,192,146242,146242
14108,0,2,2,123217,123217
14123,9,0,9,99221,99221
14130,5,11,16,165160,165160
14133,2,4,6,115518,115518
14164,11,10,21,43661,43661
14166,114,54,168,150253,150253
14167,12,4,16,154678,154678
14170,10,15,25,73143,73143
14173,5,2,7,154248,154248
14193,4,1,5,138318,138318
14219,3,1,4,145868,145868
14241,6,4,10,138430,138430
14289,2,2,4,153658,153658
14294,2,1,3,99982,99982
14299,4,3,7,155702,155702
14333,3,5,8,73188,73188
14368,2,2,4,57675,57675
14375,2,4,6,76341,76341
14392,9,16,25,169505,169505
14415,6,0,6,148983,148983
14436,0,2,2,167739,167739
14444,4,1,5,168635,168635
14473,10,22,32,158112,158112
14489,6,9,15,106039,106039
14511,0,1,1,142039,142039
14517,3,6,9,55674,55674
14543,25,7,32,149621,149621
14544,10,7,17,73431,73431
14563,2,4,6,154237,154237
14570,81,16,97,71306,71306
14585,2,3,5,146672,146672
14586,5,4,9,139854,139854
14588,36,61,97,146526,146526
14589,171,19,190,148430,148430
14609,131,9,140,146229,146229
14611,166,58,224,121452,121452
14615,435,36,471,147097,147097
14628,14,17,31,120911,120911
14699,3,5,8,156283,156283
14721,72,28,100,124950,124950
14797,20,21,41,133263,133263
14825,11,13,24,32436,32436
14844,17,20,37,120441,120441
14861,0,6,6,138413,138413
14899,2,3,5,155992,155992
14907,131,11,142,115478,115478
14910,0,6,6,149158,149158
14947,10,9,19,129515,129515
14957,120,98,218,132457,132457
14960,9,7,16,164160,164160
14966,1,1,2,83132,83132
15013,3,5,8,142052,142052
15016,4,4,8,134191,134191
15169,9,13,22,130473,130473
15184,64,23,87,140853,140853
15188,86,36,122,154849,154849
15196,214,34,248,154512,154512
15221,1,0,1,168274,168274
15277,1,1,2,107877,107877
15294,4,10,14,101388,101388
15376,1,4,5,133433,133433
15410,0,2,2,167196,167196
15439,16,62,78,136800,136800
15458,85,11,96,129914,129914
15483,6,9,15,163588,163588
15489,146,13,159,157948,157948
15508,16,15,31,16734,16734
15513,65,9,74,147440,147440
15555,0,2,2,136509,136509
15596,9,1,10,131741,131741
15687,16,18,34,129402,129402
15688,4,5,9,133900,133900
15694,2,4,6,133022,133022
15717,3,5,8,68953,68953
15722,0,2,2,166884,166884
15741,23,27,50,153844,153844
15794,33,39,72,146734,146734
15814,3,4,7,141656,141656
15871,4,10,14,155199,155199
15885,60,1,61,67416,67416
15911,2,1,3,85704,85704
15934,15,7,22,131301,131301
15975,4,6,10,162662,162662
15976,2,2,4,98692,98692
16016,10,11,21,57043,57043
16022,19,0,19,64999,64999
16025,3,10,13,151221,151221
16038,5,6,11,136948,136948
16091,34,4,38,15211,15211
16115,2,15,17,104503,104503
16140,5,15,20,133957,133957
16155,5,13,18,97048,97048
16210,22,2,24,159860,159860
16231,0,0,0,137227,137227
16303,19,33,52,148167,148167
16304,5,19,24,55577,55577
16309,1,3,4,72874,72874
16326,1,3,4,155845,155845
16363,0,1,1,58799,58799
16405,0,2,2,137329,137329
16429,32,26,58,89389,89389
16431,15,16,31,68799,68799
16433,8,2,10,70155,70155
16460,45,2,47,159903,159903
16511,0,1,1,150770,150770
16514,30,14,44,126379,126379
16528,35,37,72,71527,71527
16536,14,0,14,155703,155703
16547,66,19,85,146880,146880
16549,10,5,15,165136,165136
16571,5,5,10,126368,126368
16578,9,11,20,62316,62316
16649,192,4,196,59439,59439
16682,3,2,5,145631,145631
16721,1,1,2,136372,136372
16723,1,3,4,130658,130658
16758,0,5,5,157420,157420
16766,21,20,41,128203,128203
16770,23,13,36,40196,40196
16772,37,9,46,154015,154015
16801,47,49,96,20364,20364
16822,18,6,24,135179,135179
16824,33,7,40,112587,112587
16869,1,1,2,71454,71454
16901,3,9,12,120997,120997
16927,8,3,11,149603,149603
16936,2,9,11,57044,57044
16959,0,0,0,105606,105606
16970,13,36,49,43526,43526
16973,6,9,15,123784,123784
16978,53,18,71,137058,137058
16990,8,11,19,118091,118091
17035,8,8,16,149250,149250
17111,9,9,18,146726,146726
17133,5,19,24,148510,148510
17172,6,6,12,17273,17273
17183,10,8,18,62489,62489
17185,49,49,98,106165,106165
17191,11,30,41,128354,128354
17192,7,12,19,133676,133676
17193,5,35,40,154658,154658
17205,1,4,5,135433,135433
17240,11,8,19,141992,141992
17244,2,11,13,81765,81765
17270,5,1,6,136179,136179
17283,1,5,6,37770,37770
17346,2,3,5,132040,132040
17448,0,2,2,158184,158184
17487,12,2,14,105724,105724
17513,5,7,12,64104,64104
17520,7,9,16,56046,56046
17527,14,46,60,132277,132277
17531,16,7,23,160122,160122
17538,34,3,37,168825,168825
17555,5,8,13,158574,158574
17561,4,7,11,58638,58638
17568,1,7,8,162133,162133
17573,9,14,23,137733,137733
17600,0,3,3,52592,52592
17647,9,18,27,90186,90186
17705,2,1,3,123704,123704
17708,2,3,5,139477,139477
17748,1,3,4,103476,103476
17808,2,5,7,112793,112793
17856,0,0,0,142353,142353
17915,15,35,50,123216,123216
17926,2,2,4,163572,163572
17939,57,17,74,140405,140405
17991,1,0,1,134408,134408
18034,10,0,10,137969,137969
18036,22,9,31,130772,130772
18040,20,38,58,155346,155346
18057,8,1,9,58155,58155
18065,1,7,8,155348,155348
18077,3,6,9,168425,168425
18086,32,31,63,147869,147869
18097,45,48,93,151859,151859
18183,6,0,6,120250,120250
18223,46,4,50,146709,146709
18270,0,3,3,55284,55284
18309,35,39,74,164598,164598
18318,5,5,10,160482,160482
18368,5,2,7,151692,151692
18395,5,5,10,159495,159495
18506,40,28,68,53917,53917
18526,15,7,22,164652,164652
18598,1,4,5,161867,161867
18600,4,8,12,136228,136228
18602,2,3,5,85984,85984
18608,23,12,35,134210,134210
18624,9,16,25,163867,163867
18626,4,22,26,3406,3406
18641,14,8,22,148678,148678
18665,10,26,36,55607,55607
18666,23,36,59,155810,155810
18674,1,6,7,167323,167323
18675,17,20,37,133976,133976
18712,15,6,21,137573,137573
18719,1,0,1,142843,142843
18764,2,7,9,128227,128227
18777,2,2,4,161808,161808
18852,1,2,3,66131,66131
18861,0,1,1,56646,56646
18863,0,7,7,140599,140599
18895,7,11,18,78553,78553
18906,3,5,8,74168,74168
18965,4,4,8,160729,160729
18966,6,19,25,34448,34448
18973,4,8,12,73908,73908
18975,0,1,1,69567,69567
18979,0,1,1,159794,159794
18987,1,5,6,49155,49155
19002,1,17,18,136399,136399
19010,1,5,6,167942,167942
19023,0,1,1,161561,161561
19047,19,7,26,150112,150112
19048,8,5,13,58618,58618
19074,4,4,8,141120,141120
19113,1,1,2,58284,58284
19143,2,4,6,157815,157815
19166,0,1,1,104764,104764
19178,17,43,60,164974,164974
19246,2,6,8,141559,141559
19262,4,34,38,136260,136260
19265,10,9,19,145723,145723
19284,5,7,12,149116,149116
19295,0,2,2,59643,59643
19331,0,3,3,105941,105941
19335,0,3,3,59231,59231
19347,6,5,11,134433,134433
19431,5,0,5,151326,151326
19504,1,2,3,104471,104471
19535,4,2,6,71498,71498
19563,5,9,14,154285,154285
19570,3,3,6,131939,131939
19574,0,3,3,170674,170674
19593,23,13,36,129369,129369
19604,404,18,422,132878,132878
19605,28,25,53,164251,164251
19640,2,4,6,51782,51782
19643,5,5,10,52880,52880
19792,5,6,11,138740,138740
19808,10,7,17,162163,162163
19827,0,1,1,61438,61438
19837,10,17,27,121524,121524
19860,5,3,8,73336,73336
19862,19,15,34,139200,139200
19880,68,23,91,142889,142889
19886,6,8,14,117965,117965
19890,6,8,14,114734,114734
19919,1,2,3,153787,153787
19920,6,3,9,148998,148998
20031,1,6,7,58020,58020
20072,5,4,9,160797,160797
20073,9,21,30,104502,104502
20188,0,2,2,136990,136990
20219,1,6,7,122392,122392
20261,6,10,16,122967,122967
20265,6,6,12,120671,120671
20273,19,22,41,151534,151534
20327,17,9,26,74404,74404
20346,14,22,36,133043,133043
20358,34,0,34,48143,48143
20378,6,15,21,147882,147882
20411,0,0,0,81271,81271
20457,3,2,5,81783,81783
20488,1,4,5,57065,57065
20504,2,1,3,122417,122417
20516,0,1,1,153194,153194
20580,1,2,3,143272,143272
20595,2,0,2,163110,163110
20716,14,10,24,121660,121660
20849,2,1,3,64721,64721
20863,1,1,2,147693,147693
20876,3,14,17,149812,149812
20891,2,2,4,98800,98800
20896,2,5,7,130802,130802
20937,10,9,19,160791,160791
20947,14,13,27,153048,153048
20949,6,16,22,148940,148940
20952,21,6,27,113003,113003
20971,10,20,30,149119,149119
21006,18,33,51,33844,33844
21039,0,0,0,115546,115546
21062,37,3,40,152087,152087
21132,1,3,4,132727,132727
21133,4,4,8,138002,138002
21155,5,13,18,101587,101587
21159,3,9,12,152466,152466
21184,4,8,12,149601,149601
21218,2,5,7,87242,87242
21265,2,10,12,160106,160106
21267,17,5,22,155849,155849
21327,10,13,23,116657,116657
21339,5,6,11,151266,151266
21416,7,8,15,132785,132785
21485,1,4,5,157348,157348
21507,18,21,39,140615,140615
21565,4,3,7,75218,75218
21608,3,5,8,74506,74506
21609,3,6,9,152130,152130
21715,31,13,44,118440,118440
21730,1,3,4,72537,72537
21736,0,0,0,142319,142319
21741,7,8,15,141841,141841
21753,1,1,2,151055,151055
21755,1,1,2,103067,103067
21782,12,14,26,70911,70911
21804,0,2,2,59910,59910
21822,5,8,13,139490,139490
21929,40,5,45,132794,132794
21942,5,5,10,98958,98958
21961,4,0,4,115050,115050
21979,48,50,98,146711,146711
22029,0,0,0,149249,149249
22034,17,10,27,102546,102546
22036,0,7,7,61121,61121
22051,54,2,56,163276,163276
22072,4,12,16,147065,147065
22073,7,4,11,145393,145393
22075,0,7,7,148101,148101
22137,2,5,7,105407,105407
22181,1,2,3,85451,85451
22217,0,1,1,100040,100040
22221,2,13,15,134429,134429
22236,49,16,65,122707,122707
22240,34,32,66,61948,61948
22288,3,25,28,104792,104792
22306,2,3,5,116318,116318
22313,8,2,10,66113,66113
22339,5,12,17,103939,103939
22343,1,2,3,172595,172595
22345,1,6,7,162487,162487
22346,0,3,3,152154,152154
22376,4,6,10,123984,123984
22392,6,4,10,114063,114063
22416,2,3,5,122609,122609
22428,1,5,6,130274,130274
22445,11,3,14,108460,108460
22446,7,10,17,155322,155322
22450,44,80,124,163466,163466
22455,28,42,70,136047,136047
22458,22,11,33,163456,163456
22463,19,1,20,128329,128329
22487,3,2,5,134676,134676
22502,7,8,15,63466,63466
22505,1,6,7,55876,55876
22512,2,12,14,136509,136509
22555,15,89,104,137648,137648
22556,3,2,5,102625,102625
22566,6,16,22,55001,55001
22567,2,6,8,81506,81506
22616,2,21,23,133912,133912
22642,39,2,41,144983,144983
22682,0,3,3,55252,55252
22701,5,21,26,126843,126843
22727,12,7,19,100292,100292
22743,0,2,2,70385,70385
22750,7,9,16,137327,137327
22808,35,31,66,158000,158000
22814,32,40,72,83944,83944
22849,46,65,111,164604,164604
22869,6,7,13,159023,159023
22907,0,4,4,137770,137770
22924,44,34,78,125507,125507
22977,4,7,11,166880,166880
23055,0,2,2,163479,163479
23061,3,3,6,99098,99098
23105,2,3,5,141384,141384
23116,18,2,20,67118,67118
23120,18,3,21,66591,66591
23148,7,10,17,89850,89850
23155,3,3,6,136900,136900
23159,15,30,45,114870,114870
23189,0,1,1,136023,136023
23200,29,32,61,77323,77323
23208,25,1,26,122543,122543
23213,3,8,11,148504,148504
23214,25,6,31,68839,68839
23221,1,1,2,146667,146667
23227,16,15,31,125364,125364
23243,1,2,3,27428,27428
23278,5,18,23,142188,142188
23279,2,7,9,104658,104658
23284,1,2,3,77392,77392
23287,1,6,7,135244,135244
23301,1,2,3,141744,141744
23308,3,17,20,158941,158941
23315,1,5,6,168989,168989
23318,27,21,48,138619,138619
23346,1,2,3,77412,77412
23373,1,6,7,162720,162720
23384,0,2,2,130578,130578
23414,2,1,3,144317,144317
23422,8,15,23,137421,137421
23423,0,0,0,131833,131833
23472,4,5,9,98519,98519
23484,0,3,3,138885,138885
23489,2,5,7,101779,101779
23497,7,7,14,75096,75096
23535,0,2,2,74129,74129
23581,1,0,1,118644,118644
23610,5,13,18,63061,63061
23616,5,4,9,54107,54107
23635,11,10,21,109912,109912
23642,8,12,20,130963,130963
23665,7,9,16,116624,116624
23710,2,6,8,151102,151102
23713,18,5,23,44531,44531
23774,0,1,1,58235,58235
23809,1,1,2,151269,151269
23826,0,0,0,149668,149668
23866,48,35,83,117571,117571
23910,3,8,11,67079,67079
23913,0,1,1,154533,154533
23956,195,70,265,147997,147997
23958,27,1,28,142243,142243
23960,24,54,78,130704,130704
23973,22,31,53,150068,150068
23976,15,28,43,58370,58370
23979,13,25,38,54168,54168
23980,24,0,24,145926,145926
23982,3,25,28,166356,166356
23988,0,3,3,138657,138657
24021,1,4,5,159693,159693
24025,93,0,93,136240,136240
24077,1,2,3,156545,156545
24140,4,10,14,156329,156329
24146,4,2,6,134997,134997
24182,0,4,4,141337,141337
24195,0,6,6,144935,144935
24215,17,15,32,61057,61057
24225,1,2,3,136697,136697
24253,0,1,1,159563,159563
24263,1,1,2,123079,123079
24289,0,4,4,147407,147407
24291,9,14,23,162720,162720
24299,0,2,2,58709,58709
24323,6,8,14,160985,160985
24341,3,6,9,133986,133986
24342,1,3,4,154922,154922
24343,0,4,4,29173,29173
24370,8,8,16,142541,142541
24387,4,2,6,170849,170849
24395,4,8,12,142568,142568
24410,2,3,5,73471,73471
24443,2,6,8,160991,160991
24493,0,1,1,134407,134407
24513,0,1,1,57539,57539
24548,2,4,6,135673,135673
24563,4,9,13,150401,150401
24593,2,2,4,58723,58723
24628,3,3,6,165499,165499
24629,4,8,12,62549,62549
24636,13,24,37,99239,99239
24637,3,1,4,148874,148874
24658,4,7,11,68972,68972
24685,1,1,2,101695,101695
24688,0,2,2,55347,55347
24704,67,86,153,145930,145930
24759,1,1,2,86869,86869
24821,13,21,34,74049,74049
24832,5,2,7,137666,137666
24848,2,2,4,163226,163226
24888,5,1,6,113251,113251
24890,1,1,2,59207,59207
24913,0,10,10,163159,163159
24919,31,14,45,52379,52379
24954,16,19,35,162688,162688
24955,1,11,12,155480,155480
24985,0,2,2,125843,125843
24992,2,6,8,99955,99955
25018,4,2,6,67741,67741
25024,0,2,2,61942,61942
25048,1,1,2,133491,133491
25057,1,1,2,159534,159534
25065,7,9,16,151183,151183
25083,0,0,0,73762,73762
25088,6,8,14,142711,142711
25089,24,32,56,138674,138674
25100,14,14,28,105296,105296
25125,4,10,14,97147,97147
25168,1,1,2,160620,160620
25180,11,8,19,126125,126125
25183,0,3,3,63724,63724
25203,1,9,10,134764,134764
25243,1,5,6,171145,171145
25247,0,2,2,167503,167503
25258,3,5,8,134352,134352
25284,8,15,23,70251,70251
25291,6,7,13,122876,122876
25315,3,5,8,150425,150425
25326,2,2,4,150398,150398
25389,2,6,8,159183,159183
25436,1,3,4,150533,150533
25600,8,40,48,142773,142773
25607,0,0,0,146586,146586
25628,1,1,2,73275,73275
25631,4,4,8,106558,106558
25661,15,14,29,68848,68848
25667,3,2,5,95195,95195
25674,3,5,8,136250,136250
25702,2,3,5,131496,131496
25706,6,7,13,136525,136525
25728,1,3,4,164107,164107
25730,1,3,4,164309,164309
25733,1,3,4,154883,154883
25742,8,5,13,159359,159359
25752,0,0,0,148912,148912
25771,11,12,23,132884,132884
25781,7,9,16,149135,149135
25862,0,0,0,55409,55409
25892,3,4,7,139075,139075
25907,27,35,62,56392,56392
25911,4,4,8,132080,132080
25942,1,1,2,148143,148143
25988,2,2,4,90184,90184
26043,6,9,15,68336,68336
26054,1,0,1,73630,73630
26067,26,43,69,134533,134533
26072,30,35,65,53002,53002
26078,74,9,83,90202,90202
26079,39,4,43,136521,136521
26091,101,118,219,143799,143799
26092,110,43,153,76607,76607
26140,4,6,10,153936,153936
26153,197,19,216,135466,135466
26158,106,32,138,117451,117451
26175,1,3,4,139292,139292
26200,2,6,8,131980,131980
26203,0,1,1,145802,145802
26211,3,6,9,153321,153321
26238,1,4,5,44138,44138
26251,4,4,8,45462,45462
26289,9,24,33,159325,159325
26310,0,0,0,162309,162309
26340,8,5,13,148555,148555
26370,3,5,8,146869,146869
26375,3,7,10,383,383
26396,3,14,17,136321,136321
26398,151,75,226,69984,69984
26407,2,3,5,148318,148318
26417,11,6,17,57497,57497
26418,1,2,3,153719,153719
26425,3,7,10,99597,99597
26428,2,1,3,102933,102933
26440,0,2,2,136070,136070
26454,18,14,32,140805,140805
26458,11,14,25,140746,140746
26471,6,4,10,131564,131564
26486,21,5,26,49796,49796
26502,36,4,40,133381,133381
26509,33,6,39,145500,145500
26629,21,16,37,30164,30164
26640,27,18,45,112781,112781
26645,2,1,3,142272,142272
26692,3,2,5,146260,146260
26708,2,6,8,88784,88784
26709,3,9,12,136136,136136
26724,0,0,0,106778,106778
26738,0,1,1,120499,120499
26757,11,10,21,86617,86617
26762,25,6,31,142157,142157
26764,26,12,38,150118,150118
26857,2,2,4,102768,102768
26944,0,0,0,157088,157088
26963,3,6,9,72968,72968
26972,2,3,5,59748,59748
27026,0,0,0,128690,128690
27045,2,2,4,151934,151934
27081,2,10,12,150715,150715
27104,0,5,5,121438,121438
27176,0,1,1,138715,138715
27177,0,0,0,155487,155487
27202,4,3,7,58692,58692
27212,0,3,3,144347,144347
27223,1,1,2,147931,147931
27246,3,9,12,141237,141237
27252,9,5,14,57317,57317
27311,29,47,76,161563,161563
27349,21,1,22,106603,106603
27357,3,12,15,55386,55386
27381,22,16,38,23893,23893
27394,14,8,22,81550,81550
27399,3,3,6,144070,144070
27412,7,16,23,127012,127012
27452,3,5,8,133125,133125
27466,0,2,2,131231,131231
27474,8,10,18,151188,151188
27475,15,7,22,149524,149524
27483,88,28,116,147650,147650
27484,57,4,61,78437,78437
27569,1,3,4,127404,127404
27577,0,1,1,86903,86903
27592,0,3,3,149542,149542
27676,23,4,27,75822,75822
27682,4,3,7,80891,80891
27687,7,5,12,133852,133852
27695,0,0,0,98855,98855
27723,122,16,138,150337,150337
27725,0,0,0,120033,120033
27730,44,8,52,148786,148786
27741,34,44,78,147471,147471
27766,5,27,32,117914,117914
27791,15,7,22,157092,157092
27811,23,33,56,141640,141640
27816,8,26,34,148820,148820
27818,10,11,21,78806,78806
27916,1,2,3,73226,73226
27917,13,8,21,147274,147274
27959,0,1,1,55628,55628
27980,6,6,12,101181,101181
27983,1,2,3,21579,21579
27991,6,3,9,159510,159510
28036,0,3,3,134129,134129
28059,2,1,3,159591,159591
28067,36,37,73,112401,112401
28092,46,26,72,151663,151663
28102,10,8,18,153212,153212
28103,16,4,20,150704,150704
28107,7,14,21,73184,73184
28115,10,7,17,147811,147811
28148,2,5,7,153146,153146
28156,0,2,2,151651,151651
28245,8,9,17,56804,56804
28254,7,3,10,55546,55546
28261,1,4,5,134105,134105
28327,6,6,12,130060,130060
28331,4,3,7,76165,76165
28333,2,3,5,55111,55111
28339,1,1,2,118516,118516
28375,14,14,28,135060,135060
28383,11,13,24,57141,57141
28390,31,22,53,81017,81017
28396,0,5,5,146552,146552
28425,2,5,7,145126,145126
28446,1,11,12,135077,135077
28462,50,5,55,120771,120771
28529,1,1,2,139614,139614
28539,2,1,3,66563,66563
28545,1,9,10,153995,153995
28548,27,9,36,78479,78479
28572,0,1,1,86226,86226
28578,1,1,2,79604,79604
28596,0,4,4,66488,66488
28673,22,6,28,67103,67103
28715,5,2,7,130388,130388
28727,10,8,18,144747,144747
28757,4,0,4,140213,140213
28794,2,20,22,147047,147047
28801,9,6,15,138594,138594
28806,10,18,28,110513,110513
28820,13,3,16,116341,116341
28829,2,6,8,43594,43594
28854,15,12,27,116685,116685
28857,0,7,7,119955,119955
28860,10,2,12,89539,89539
28866,2,11,13,21445,21445
28951,18,55,73,79907,79907
28958,5,5,10,71380,71380
28962,30,41,71,13933,13933
28964,4,5,9,99805,99805
28977,7,9,16,157830,157830
28993,9,5,14,71284,71284
29010,12,10,22,99488,99488
29012,18,12,30,82285,82285
29021,21,30,51,16822,16822
29078,4,17,21,144682,144682
29109,0,0,0,125841,125841
29113,0,1,1,92655,92655
29131,0,2,2,157054,157054
29135,1,14,15,135532,135532
29209,3,6,9,161523,161523
29228,4,12,16,91127,91127
29234,14,14,28,98847,98847
29241,0,1,1,170465,170465
29252,43,9,52,128685,128685
29343,2,0,2,25724,25724
29347,0,4,4,137949,137949
29388,9,6,15,172753,172753
29396,1,6,7,171442,171442
29417,2,15,17,125457,125457
29455,8,23,31,153889,153889
29459,0,3,3,55666,55666
29467,9,11,20,145937,145937
29477,2,11,13,160705,160705
29482,2,1,3,134032,134032
29487,3,4,7,171860,171860
29493,11,25,36,105939,105939
29504,4,13,17,141983,141983
29559,1,16,17,38737,38737
29597,0,1,1,143371,143371
29648,21,25,46,82069,82069
29698,0,2,2,101284,101284
29704,0,5,5,164843,164843
29710,20,23,43,148723,148723
29721,1,9,10,130486,130486
29724,1,1,2,154837,154837
29767,2,2,4,64293,64293
29768,1,3,4,127005,127005
29817,7,1,8,89185,89185
29855,5,11,16,111084,111084
29871,1,4,5,133885,133885
29919,0,1,1,71479,71479
29961,1,5,6,152624,152624
29963,0,1,1,76813,76813
29976,1,7,8,148738,148738
30030,8,12,20,36420,36420
30091,16,3,19,155056,155056
30096,4,7,11,57824,57824
30097,17,8,25,59218,59218
30105,0,0,0,136027,136027
30136,4,2,6,142469,142469
30153,19,26,45,142509,142509
30154,2,2,4,120395,120395
30225,117,29,146,125288,125288
30226,32,45,77,125772,125772
30294,3,2,5,152410,152410
30311,8,2,10,160924,160924
30351,2,3,5,77175,77175
30355,10,8,18,161339,161339
30422,0,1,1,59752,59752
30437,10,2,12,64038,64038
30454,1,0,1,172434,172434
30478,9,12,21,137745,137745
30479,0,0,0,116899,116899
30539,7,5,12,53870,53870
30573,15,15,30,172418,172418
30600,20,2,22,147460,147460
30603,4,6,10,147459,147459
30635,3,13,16,147432,147432
30638,0,0,0,140574,140574
30639,123,67,190,118938,118938
30660,0,4,4,127454,127454
30671,0,4,4,76867,76867
30831,7,2,9,152486,152486
30840,4,3,7,146811,146811
30852,2,3,5,99942,99942
31026,3,1,4,150517,150517
31032,0,1,1,63303,63303
31042,1,5,6,111571,111571
31054,1,1,2,140427,140427
31057,0,1,1,154990,154990
31082,0,2,2,71346,71346
31084,57,42,99,121088,121088
31107,3,8,11,135295,135295
31140,2,5,7,50495,50495
31141,6,8,14,149241,149241
31172,0,1,1,168537,168537
31185,9,10,19,119373,119373
31187,6,15,21,44996,44996
31201,1,13,14,146610,146610
31214,7,14,21,146770,146770
31239,1,6,7,146834,146834
31245,0,4,4,125432,125432
31271,7,3,10,86961,86961
31351,6,4,10,62204,62204
31427,11,45,56,107466,107466
31436,3,5,8,65911,65911
31468,1,17,18,165318,165318
31564,6,15,21,120453,120453
31607,7,5,12,78180,78180
31610,1,5,6,163960,163960
31627,0,0,0,159004,159004
31651,5,12,17,103795,103795
31661,5,7,12,147785,147785
31689,3,4,7,162971,162971
31709,20,21,41,150773,150773
31739,1,14,15,154217,154217
31740,26,31,57,146689,146689
31797,8,7,15,153105,153105
31829,6,20,26,151708,151708
31833,0,4,4,158037,158037
31850,21,24,45,28595,28595
31857,1,3,4,114570,114570
31887,13,1,14,172391,172391
31926,17,21,38,135247,135247
31954,0,1,1,153620,153620
31961,2,4,6,73641,73641
31966,10,14,24,134346,134346
31976,0,23,23,133977,133977
31985,2,0,2,166256,166256
31987,0,0,0,60332,60332
32010,0,0,0,165021,165021
32037,1,1,2,154517,154517
32184,0,1,1,150963,150963
32200,1,11,12,160737,160737
32229,39,41,80,134203,134203
32257,0,9,9,137884,137884
32264,31,52,83,142122,142122
32315,2,4,6,136587,136587
32349,5,11,16,142432,142432
32355,3,6,9,114550,114550
32390,1,1,2,161507,161507
32433,2,4,6,76681,76681
32460,3,4,7,136276,136276
32495,2,4,6,160823,160823
32510,3,3,6,131192,131192
32515,4,9,13,135198,135198
32534,14,77,91,135084,135084
32567,0,1,1,102893,102893
32641,9,6,15,75754,75754
32669,28,30,58,147265,147265
32682,0,2,2,117428,117428
32696,1,2,3,136815,136815
32746,3,6,9,141674,141674
32754,1,15,16,140787,140787
32772,4,5,9,85487,85487
32780,6,12,18,62350,62350
32806,1,1,2,38510,38510
32956,0,3,3,166752,166752
32958,0,7,7,143349,143349
32967,0,3,3,152464,152464
33036,2,22,24,144173,144173
33051,15,10,25,108248,108248
33057,1,4,5,109134,109134
33068,2,1,3,111082,111082
33097,3,7,10,61523,61523
33136,5,5,10,126437,126437
33140,1,1,2,109414,109414
33142,3,6,9,60742,60742
33171,21,9,30,121926,121926
33197,4,3,7,142886,142886
33269,15,3,18,137254,137254
33288,0,3,3,147951,147951
33356,1,5,6,73619,73619
33360,4,2,6,79341,79341
33376,8,15,23,149070,149070
33463,0,1,1,8984,8984
33512,1,2,3,139206,139206
33513,2,8,10,155657,155657
33514,39,24,63,170082,170082
33548,4,5,9,56945,56945
33551,3,2,5,56009,56009
33625,0,1,1,112832,112832
33642,2,2,4,146802,146802
33648,4,10,14,147111,147111
33673,0,4,4,170726,170726
33719,3,11,14,129567,129567
33728,6,3,9,48350,48350
33732,3,3,6,137258,137258
33765,1,5,6,116030,116030
33825,10,7,17,101524,101524
33833,22,38,60,6183,6183
33849,8,8,16,71612,71612
33919,0,1,1,121515,121515
33942,17,10,27,162745,162745
33946,6,4,10,1092,1092
33962,0,1,1,55821,55821
34052,1,2,3,148774,148774
34133,0,1,1,134528,134528
34148,5,6,11,73159,73159
34167,0,7,7,76407,76407
34192,0,0,0,122355,122355
34202,11,16,27,140465,140465
34227,4,10,14,146265,146265
34271,0,0,0,93287,93287
34300,0,4,4,153429,153429
34324,10,5,15,122787,122787
34396,3,4,7,154812,154812
34426,3,5,8,149172,149172
34476,0,0,0,143061,143061
34487,0,1,1,153989,153989
34517,1,1,2,149372,149372
34523,1,3,4,83666,83666
34531,2,1,3,159849,159849
34537,5,1,6,159925,159925
34553,7,7,14,124491,124491
34605,8,8,16,133500,133500
34622,15,6,21,126038,126038
34678,1,2,3,133561,133561
34708,0,1,1,112602,112602
34790,4,14,18,7106,7106
34838,17,60,77,131801,131801
34893,2,5,7,133912,133912
34912,1,5,6,149930,149930
34934,1,12,13,147875,147875
34989,3,9,12,146644,146644
35004,0,3,3,148269,148269
35015,10,13,23,72247,72247
35050,2,5,7,165716,165716
35077,1,5,6,163823,163823
35090,2,7,9,152346,152346
35101,7,15,22,146783,146783
35105,16,12,28,150718,150718
35128,9,9,18,120942,120942
35131,4,13,17,113003,113003
35170,3,2,5,31407,31407
35184,18,19,37,61618,61618
35207,3,5,8,73151,73151
35209,1,1,2,76584,76584
35245,2,3,5,74445,74445
35249,0,5,5,74996,74996
35265,8,15,23,152772,152772
35304,74,29,103,148950,148950
35339,6,12,18,112389,112389
35348,52,12,64,116719,116719
35361,17,4,21,152189,152189
35376,142,47,189,124570,124570
35378,1,8,9,159526,159526
35382,6,14,20,104874,104874
35383,4,2,6,155258,155258
35401,4,9,13,128092,128092
35424,0,8,8,112136,112136
35436,8,11,19,153887,153887
35512,1,1,2,134509,134509
35514,0,1,1,89498,89498
35551,2,8,10,146076,146076
35604,6,10,16,134586,134586
35619,4,4,8,50982,50982
35652,12,22,34,160698,160698
35711,3,8,11,143894,143894
35722,3,9,12,133970,133970
35727,3,9,12,131077,131077
35729,34,51,85,113524,113524
35731,18,16,34,151362,151362
35738,95,39,134,148232,148232
35784,0,3,3,145537,145537
35799,3,6,9,131768,131768
35809,12,25,37,61904,61904
35837,12,4,16,118687,118687
35839,33,53,86,58999,58999
35930,0,3,3,147736,147736
35945,0,4,4,134485,134485
35985,0,1,1,72994,72994
35997,0,1,1,107278,107278
36058,0,4,4,148653,148653
36093,28,30,58,133248,133248
36158,1,0,1,155975,155975
36214,1,1,2,145080,145080
36378,1,4,5,159855,159855
36474,2,7,9,83785,83785
36521,13,16,29,65394,65394
36634,3,7,10,55759,55759
36705,1,5,6,66200,66200
36757,1,3,4,135033,135033
36773,0,5,5,159966,159966
36805,11,2,13,160754,160754
36810,31,13,44,57769,57769
36836,2,11,13,114910,114910
36854,10,9,19,130746,130746
36894,12,14,26,143304,143304
36914,1,1,2,75211,75211
36919,5,23,28,149783,149783
36950,2,2,4,55301,55301
36956,1,4,5,165525,165525
36970,0,3,3,35573,35573
36973,1,2,3,142369,142369
36982,72,19,91,141900,141900
36984,6,10,16,151673,151673
36987,2,3,5,133982,133982
36989,110,0,110,156526,156526
37001,9,12,21,55991,55991
37113,9,18,27,165745,165745
37122,1,7,8,128948,128948
37162,12,6,18,125751,125751
37197,1,7,8,153071,153071
37198,0,0,0,100317,100317
37240,1,2,3,55014,55014
37265,6,12,18,40884,40884
37308,10,8,18,73959,73959
37318,7,0,7,74404,74404
37325,4,1,5,138646,138646
37361,0,3,3,43482,43482
37384,26,57,83,155268,155268
37412,0,2,2,67397,67397
37505,14,6,20,146869,146869
37582,18,11,29,120243,120243
37603,0,1,1,144720,144720
37609,1,5,6,147860,147860
37635,2,0,2,96821,96821
37650,6,6,12,170263,170263
37657,4,3,7,55754,55754
37660,0,2,2,135958,135958
37685,14,8,22,131412,131412
37694,1,10,11,55670,55670
37785,1,6,7,167325,167325
37787,3,6,9,161840,161840
37793,6,17,23,97557,97557
37808,5,15,20,153948,153948
37834,3,7,10,147980,147980
37901,3,2,5,138260,138260
37923,0,2,2,141167,141167
37983,2,14,16,60465,60465
38001,14,18,32,130642,130642
38007,14,9,23,129600,129600
38010,7,10,17,129774,129774
38022,2,2,4,141032,141032
38028,6,9,15,140068,140068
38048,2,2,4,129747,129747
38105,0,2,2,164958,164958
38161,4,5,9,148825,148825
38166,0,1,1,141781,141781
38198,0,3,3,73330,73330
38204,1,3,4,75504,75504
38327,4,14,18,68433,68433
38334,5,4,9,161167,161167
38342,3,4,7,109408,109408
38365,4,12,16,156391,156391
38455,6,13,19,140897,140897
38456,9,18,27,140112,140112
38478,0,1,1,133996,133996
38480,0,6,6,140470,140470
38490,0,0,0,128384,128384
38502,1,2,3,135348,135348
38514,1,1,2,120694,120694
38517,5,3,8,9359,9359
38532,0,1,1,60172,60172
38535,0,0,0,137193,137193
38572,21,13,34,95972,95972
38599,4,6,10,82137,82137
38602,34,5,39,70595,70595
38642,6,3,9,123586,123586
38654,2,7,9,126051,126051
38785,12,7,19,160399,160399
38804,28,19,47,130503,130503
38815,80,45,125,147227,147227
38819,26,23,49,5936,5936
38865,7,15,22,136374,136374
38878,3,10,13,128119,128119
38881,3,16,19,139282,139282
38908,5,3,8,89956,89956
38927,1,1,2,162842,162842
38937,8,2,10,34246,34246
38941,24,4,28,94126,94126
39076,5,6,11,107909,107909
39089,51,27,78,35357,35357
39094,6,0,6,95152,95152
39100,3,13,16,95366,95366
39106,2,10,12,146176,146176
39124,70,36,106,71142,71142
39129,0,0,0,151525,151525
39131,11,18,29,123420,123420
39157,2,3,5,146595,146595
39243,5,6,11,140384,140384
39261,10,12,22,146464,146464
39272,3,22,25,116022,116022
39285,3,7,10,159243,159243
39321,0,11,11,142554,142554
39381,4,3,7,103430,103430
39410,1,13,14,107206,107206
39502,1,1,2,149079,149079
39514,6,4,10,77851,77851
39557,0,13,13,145465,145465
39564,5,12,17,166557,166557
39566,8,3,11,148745,148745
39581,9,11,20,135367,135367
39585,0,4,4,130716,130716
39601,3,1,4,133361,133361
39606,3,8,11,73211,73211
39614,0,2,2,147318,147318
39658,14,20,34,118985,118985
39660,31,15,46,101616,101616
39709,0,1,1,132714,132714
39782,35,32,67,137452,137452
39852,2,1,3,118879,118879
39883,8,11,19,109792,109792
39885,59,40,99,70202,70202
39889,71,28,99,66832,66832
39899,10,10,20,162632,162632
39903,2,0,2,139266,139266
39948,1,3,4,168758,168758
40022,0,0,0,132390,132390
40050,1,5,6,157972,157972
40056,3,5,8,76123,76123
40059,2,2,4,141271,141271
40071,2,3,5,142614,142614
40176,2,1,3,82227,82227
40184,37,42,79,150985,150985
40190,26,17,43,128503,128503
40191,39,16,55,143295,143295
40201,7,3,10,149975,149975
40242,4,4,8,137736,137736
40245,2,3,5,154791,154791
40249,3,10,13,71224,71224
40255,1,1,2,71402,71402
40375,0,2,2,152959,152959
40429,50,45,95,148769,148769
40446,6,10,16,140123,140123
40457,2,2,4,122131,122131
40474,1,7,8,158050,158050
40533,0,0,0,154162,154162
40550,18,20,38,112476,112476
40581,6,14,20,67940,67940
40585,3,0,3,137132,137132
40618,12,7,19,151146,151146
40624,3,2,5,156281,156281
40669,13,11,24,112617,112617
40698,27,2,29,135122,135122
40721,0,8,8,146497,146497
40744,14,6,20,159309,159309
40812,2,4,6,153928,153928
40819,3,7,10,22235,22235
40823,6,6,12,135340,135340
40851,2,4,6,55190,55190
40857,2,14,16,133162,133162
40861,3,4,7,157282,157282
40919,17,20,37,156977,156977
40937,0,1,1,133548,133548
40957,5,2,7,169861,169861
40973,94,94,188,67931,67931
40974,23,56,79,161465,161465
40992,2,3,5,131812,131812
40996,44,13,57,132607,132607
41041,3,3,6,102456,102456
41051,2,3,5,60872,60872
41136,4,5,9,133864,133864
41146,2,3,5,152118,152118
41152,7,11,18,61237,61237
41180,15,20,35,147746,147746
41280,0,5,5,155255,155255
41281,4,18,22,146679,146679
41328,5,1,6,136339,136339
41378,0,2,2,64396,64396
41384,0,2,2,147155,147155
41399,0,0,0,76506,76506
41462,0,0,0,139441,139441
41469,3,4,7,140069,140069
41470,1,1,2,124704,124704
41476,3,4,7,130419,130419
41511,21,22,43,135746,135746
41609,2,7,9,152474,152474
41633,0,1,1,61082,61082
41655,6,20,26,96284,96284
41674,4,5,9,131866,131866
41679,0,0,0,136165,136165
41685,5,9,14,135714,135714
41709,0,4,4,157750,157750
41735,1,2,3,148375,148375
41740,6,26,32,129600,129600
41768,2,6,8,138110,138110
41791,0,3,3,86536,86536
41792,20,28,48,103272,103272
41800,1,2,3,165065,165065
41842,9,14,23,157428,157428
41849,14,25,39,160810,160810
41894,5,6,11,134262,134262
41906,1,4,5,162682,162682
41945,0,0,0,143862,143862
41949,0,0,0,123768,123768
41988,1,2,3,86048,86048
41989,1,4,5,147355,147355
42019,2,3,5,153691,153691
42033,0,1,1,163782,163782
42069,19,12,31,134974,134974
42096,2,5,7,142371,142371
42119,0,2,2,73913,73913
42125,3,3,6,170464,170464
42137,1,8,9,50434,50434
42160,6,1,7,136861,136861
42166,16,7,23,143638,143638
42169,1,16,17,135784,135784
42170,13,11,24,104975,104975
42172,66,45,111,113339,113339
42173,31,7,38,133479,133479
42179,11,13,24,20856,20856
42180,22,14,36,21044,21044
42182,51,14,65,129567,129567
42189,1,1,2,131265,131265
42194,2,17,19,143907,143907
42251,3,8,11,69646,69646
42276,0,3,3,121407,121407
42289,0,1,1,42666,42666
42311,0,1,1,73304,73304
42333,0,1,1,134519,134519
42335,9,10,19,50967,50967
42356,2,5,7,145321,145321
42369,1,1,2,162262,162262
42418,6,11,17,21675,21675
42475,2,5,7,125140,125140
42478,2,4,6,165652,165652
42490,16,21,37,131425,131425
42546,4,5,9,123980,123980
42667,11,4,15,148693,148693
42753,1,3,4,157030,157030
42776,0,4,4,137334,137334
42777,3,1,4,89838,89838
42815,8,18,26,155739,155739
42829,3,7,10,153661,153661
42831,25,34,59,24302,24302
42843,5,18,23,107917,107917
42850,8,71,79,48818,48818
42866,5,5,10,88864,88864
42900,40,30,70,130343,130343
42909,24,40,64,72655,72655
42913,0,5,5,48458,48458
42951,3,8,11,133278,133278
42959,1,5,6,55924,55924
42976,9,15,24,160810,160810
42984,6,15,21,107100,107100
43004,4,6,10,117623,117623
43017,7,11,18,90580,90580
43055,2,2,4,71458,71458
43056,2,4,6,73143,73143
43064,3,7,10,134540,134540
43088,4,25,29,142025,142025
43147,6,0,6,140222,140222
43160,0,1,1,163271,163271
43177,2,3,5,147211,147211
43209,0,1,1,145847,145847
43242,1,1,2,170143,170143
43296,0,2,2,154853,154853
43313,8,7,15,112602,112602
43322,5,4,9,72422,72422
43327,4,4,8,125130,125130
43332,0,7,7,7667,7667
43352,4,8,12,50668,50668
43394,0,3,3,137694,137694
43400,0,1,1,161997,161997
43420,1,4,5,59140,59140
43422,4,5,9,142631,142631
43437,0,7,7,159523,159523
43484,0,0,0,170181,170181
43492,5,1,6,166768,166768
43515,14,14,28,36854,36854
43592,3,5,8,99913,99913
43597,28,7,35,82011,82011
43610,1,2,3,125917,125917
43676,2,1,3,55858,55858
43693,0,2,2,53864,53864
43702,0,4,4,124625,124625
43712,1,3,4,70427,70427
43716,28,18,46,78922,78922
43722,38,8,46,164680,164680
43726,11,18,29,166539,166539
43742,198,0,198,128634,128634
43751,2,10,12,133536,133536
43772,2,6,8,155698,155698
43789,0,0,0,132578,132578
43810,1,1,2,80406,80406
43812,2,2,4,80052,80052
43815,11,15,26,172391,172391
43848,2,3,5,159643,159643
43867,11,3,14,157784,157784
43872,4,4,8,149683,149683
43877,5,4,9,161444,161444
43880,1,2,3,161716,161716
43896,1,2,3,74847,74847
43899,1,2,3,76025,76025
43912,9,10,19,149846,149846
43914,46,18,64,147704,147704
43925,14,5,19,134521,134521
43934,17,19,36,150035,150035
43939,3,3,6,73967,73967
43975,62,1,63,146522,146522
43982,0,12,12,162481,162481
43996,10,22,32,71790,71790
44013,3,23,26,147026,147026
44024,8,7,15,136236,136236
44049,0,5,5,149039,149039
44060,4,2,6,156863,156863
44080,4,13,17,105480,105480
44086,8,12,20,81580,81580
44119,5,9,14,73872,73872
44141,1,1,2,101425,101425
44191,1,7,8,144998,144998
44246,52,60,112,137420,137420
44307,9,15,24,118677,118677
44308,11,11,22,84375,84375
44316,6,13,19,72690,72690
44324,2,3,5,144849,144849
44354,0,1,1,156913,156913
44415,0,3,3,77684,77684
44446,202,56,258,149278,149278
44484,3,3,6,149436,149436
44492,1,1,2,151468,151468
44493,1,2,3,149485,149485
44516,0,4,4,141353,141353
44524,4,5,9,63674,63674
44545,1,0,1,166643,166643
44548,3,3,6,140666,140666
44576,2,1,3,141686,141686
44620,11,8,19,120447,120447
44644,12,9,21,89765,89765
44652,5,5,10,115180,115180
44657,2,4,6,146778,146778
44682,0,1,1,157178,157178
44686,0,0,0,138349,138349
44726,2,2,4,22983,22983
44738,5,6,11,100619,100619
44768,0,2,2,143250,143250
44784,0,0,0,44169,44169
44798,1,1,2,68778,68778
44799,3,8,11,59928,59928
44873,0,1,1,150627,150627
44883,6,6,12,138823,138823
44898,0,0,0,134054,134054
44933,15,3,18,75028,75028
44946,2,10,12,126361,126361
44960,0,0,0,150198,150198
44969,1,8,9,112385,112385
44973,4,2,6,157331,157331
44989,1,4,5,74343,74343
45006,17,10,27,98482,98482
45008,5,0,5,110727,110727
45013,42,41,83,149637,149637
45063,9,27,36,141992,141992
45082,2,8,10,154008,154008
45091,0,1,1,161953,161953
45166,2,0,2,148819,148819
45213,0,1,1,131287,131287
45230,3,0,3,127740,127740
45262,2,4,6,148086,148086
45272,7,5,12,146253,146253
45308,0,2,2,19423,19423
45350,18,5,23,163084,163084
45363,0,1,1,165630,165630
45405,0,1,1,126728,126728
45424,4,11,15,149922,149922
45426,3,14,17,146573,146573
45431,10,15,25,73178,73178
45432,0,2,2,151066,151066
45449,1,4,5,124103,124103
45463,5,17,22,71248,71248
45494,1,1,2,138202,138202
45545,4,6,10,138192,138192
45566,7,4,11,132973,132973
45567,2,1,3,133817,133817
45572,3,16,19,148074,148074
45604,7,31,38,107275,107275
45605,59,44,103,153495,153495
45640,1,1,2,154227,154227
45641,0,1,1,166146,166146
45643,2,2,4,165311,165311
45651,3,4,7,169090,169090
45677,0,3,3,58795,58795
45702,2,13,15,108799,108799
45745,3,8,11,112684,112684
45755,0,2,2,158017,158017
45782,7,7,14,160093,160093
45786,2,3,5,150620,150620
45795,2,7,9,158113,158113
45841,0,2,2,121092,121092
45843,7,12,19,140159,140159
45853,1,1,2,161066,161066
45893,6,9,15,140522,140522
45898,0,2,2,102246,102246
45904,0,1,1,110483,110483
46031,0,7,7,68786,68786
46046,36,64,100,130312,130312
46053,3,7,10,54765,54765
46056,10,21,31,49158,49158
46085,5,9,14,128192,128192
46148,1,0,1,166634,166634
46172,0,3,3,166319,166319
46217,3,8,11,139143,139143
46255,1,2,3,161715,161715
46260,0,6,6,75492,75492
46275,2,3,5,142585,142585
46283,9,13,22,163871,163871
46295,1,10,11,106938,106938
46317,0,0,0,79264,79264
46342,4,11,15,90040,90040
46351,0,0,0,160844,160844
46381,2,10,12,149154,149154
46418,13,4,17,59627,59627
46439,5,3,8,148671,148671
46452,1,2,3,128416,128416
46456,4,8,12,165277,165277
46525,8,6,14,134601,134601
46530,25,5,30,162275,162275
46535,7,13,20,157751,157751
46578,10,12,22,147588,147588
46581,1,2,3,104422,104422
46713,0,3,3,149797,149797
46726,10,6,16,122683,122683
46730,8,5,13,150561,150561
46733,20,47,67,74143,74143
46754,45,58,103,159177,159177
46759,4,10,14,156182,156182
46818,7,6,13,105509,105509
46839,3,34,37,160907,160907
46842,23,54,77,146403,146403
46905,0,1,1,159882,159882
46985,14,7,21,147263,147263
46996,8,8,16,6918,6918
47001,0,1,1,100268,100268
47015,97,16,113,118927,118927
47036,1,1,2,160898,160898
47043,1,3,4,132838,132838
47068,0,0,0,160316,160316
47084,2,10,12,129413,129413
47140,1,3,4,77958,77958
47165,5,2,7,148797,148797
47179,0,1,1,155719,155719
47220,1,7,8,66697,66697
47223,9,19,28,47420,47420
47231,0,1,1,150189,150189
47270,1,2,3,123966,123966
47273,5,6,11,170693,170693
47290,2,10,12,112734,112734
47309,1,1,2,59376,59376
47320,1,5,6,161187,161187
47321,4,3,7,85773,85773
47329,1,1,2,166318,166318
47379,3,12,15,135597,135597
47402,2,2,4,63132,63132
47460,28,26,54,68033,68033
47469,3,7,10,64113,64113
47470,26,20,46,115671,115671
47479,8,6,14,146363,146363
47494,19,11,30,120223,120223
47498,12,13,25,28086,28086
47499,20,7,27,12657,12657
47500,14,7,21,100532,100532
47506,12,15,27,109706,109706
47517,6,9,15,9657,9657
47519,3,0,3,28222,28222
47523,6,5,11,102076,102076
47534,4,8,12,123102,123102
47543,8,1,9,146133,146133
47574,1,3,4,152479,152479
47615,1,2,3,66631,66631
47619,0,1,1,2846,2846
47622,0,5,5,149036,149036
47646,1,8,9,144134,144134
47655,1,1,2,124894,124894
47728,5,9,14,131049,131049
47758,2,11,13,133278,133278
47817,0,7,7,150634,150634
47818,0,4,4,142956,142956
47847,0,4,4,159510,159510
47868,2,10,12,172159,172159
47885,31,20,51,146575,146575
47895,0,1,1,127372,127372
47936,0,4,4,144688,144688
47971,0,0,0,141298,141298
48039,15,20,35,143319,143319
48084,1,2,3,58940,58940
48092,0,0,0,157533,157533
48096,3,8,11,149874,149874
48163,3,7,10,131727,131727
48164,1,1,2,170438,170438
48170,5,5,10,168630,168630
48226,16,19,35,58105,58105
48232,1,8,9,142438,142438
48238,2,2,4,156140,156140
48271,22,25,47,133998,133998
48277,44,40,84,141680,141680
48278,17,8,25,141036,141036
48281,9,20,29,142990,142990
48290,3,4,7,89928,89928
48305,32,33,65,133842,133842
48314,15,1,16,154438,154438
48331,1,1,2,143587,143587
48344,2,0,2,21414,21414
48373,1,18,19,131505,131505
48374,1,4,5,118182,118182
48376,1,18,19,141972,141972
48385,0,1,1,110697,110697
48438,3,15,18,151230,151230
48441,5,5,10,131509,131509
48453,1,4,5,159100,159100
48455,1,4,5,162100,162100
48485,3,7,10,161117,161117
48507,3,3,6,162957,162957
48523,15,16,31,93589,93589
48526,1,2,3,159350,159350
48535,0,2,2,114236,114236
48556,1,4,5,131526,131526
48595,3,6,9,154831,154831
48617,1,1,2,159898,159898
48663,0,1,1,137196,137196
48681,17,29,46,133390,133390
48746,6,10,16,129307,129307
48761,2,1,3,121471,121471
48768,18,1,19,66439,66439
48779,2,4,6,153249,153249
48781,1,3,4,139854,139854
48920,80,21,101,135736,135736
48929,6,2,8,145969,145969
48963,0,34,34,131691,131691
48977,13,2,15,149105,149105
48985,2,8,10,54992,54992
49040,2,3,5,156944,156944
49041,3,6,9,144602,144602
49061,0,0,0,155182,155182
49080,8,23,31,149995,149995
49082,13,23,36,128630,128630
49086,9,7,16,144131,144131
49090,16,4,20,142511,142511
49125,74,29,103,135222,135222
49131,5,6,11,149740,149740
49138,23,16,39,141977,141977
49146,2,1,3,153740,153740
49178,2,3,5,146624,146624
49179,58,48,106,107735,107735
49184,12,22,34,71158,71158
49207,8,8,16,141561,141561
49212,91,37,128,151239,151239
49217,4,6,10,67636,67636
49249,5,4,9,135098,135098
49254,1,4,5,171600,171600
49273,0,1,1,160767,160767
49334,8,7,15,158824,158824
49342,7,28,35,130246,130246
49384,1,2,3,142555,142555
49490,0,8,8,163318,163318
49520,7,9,16,127245,127245
49534,0,1,1,99258,99258
49553,2,3,5,152105,152105
49557,0,1,1,132735,132735
49605,1,7,8,59149,59149
49615,1,2,3,130755,130755
49637,1,5,6,146495,146495
49661,1,2,3,146624,146624
49761,4,18,22,125480,125480
49803,3,10,13,89567,89567
49806,5,7,12,105297,105297
49825,7,3,10,106540,106540
49831,19,20,39,140944,140944
49841,0,0,0,61563,61563
49845,7,4,11,162127,162127
49877,0,3,3,149265,149265
49885,0,2,2,137141,137141
49947,1,2,3,158163,158163
49950,2,8,10,149378,149378
50013,2,4,6,159040,159040
50041,0,7,7,63890,63890
50047,27,17,44,155888,155888
50096,5,4,9,148228,148228
50104,0,2,2,142897,142897
50112,1,3,4,96905,96905
50114,5,23,28,62095,62095
50118,2,5,7,136896,136896
50151,6,19,25,156290,156290
50157,30,51,81,137423,137423
50175,2,1,3,101317,101317
50186,0,1,1,146354,146354
50190,8,6,14,146892,146892
50200,49,10,59,137357,137357
50215,1,9,10,147638,147638
50216,18,30,48,161115,161115
50217,4,1,5,135809,135809
50218,28,29,57,44873,44873
50219,29,43,72,2624,2624
50222,2,2,4,6296,6296
50227,35,25,60,166448,166448
50231,11,11,22,6468,6468
50241,11,57,68,79355,79355
50242,9,10,19,144071,144071
50244,8,15,23,152137,152137
50250,14,29,43,93919,93919
50265,22,30,52,151341,151341
50266,16,20,36,65454,65454
50279,6,7,13,149182,149182
50286,13,5,18,136022,136022
50295,7,12,19,5876,5876
50300,3,8,11,134162,134162
50303,1,3,4,124297,124297
50309,1,7,8,147988,147988
50314,9,9,18,153142,153142
50315,3,7,10,71499,71499
50319,7,8,15,73566,73566
50322,6,17,23,73143,73143
50326,6,2,8,153156,153156
50335,18,23,41,148048,148048
50346,3,8,11,127942,127942
50347,11,13,24,143276,143276
50349,23,16,39,125860,125860
50350,34,18,52,165519,165519
50353,7,4,11,74542,74542
50354,0,7,7,131504,131504
50423,4,11,15,107815,107815
50434,25,5,30,60114,60114
50469,4,2,6,95076,95076
50512,3,1,4,26514,26514
50523,2,3,5,139462,139462
50559,1,1,2,110265,110265
50570,0,3,3,74629,74629
50620,20,53,73,137448,137448
50663,3,1,4,128382,128382
50682,1,0,1,142912,142912
50698,11,11,22,109834,109834
50746,0,1,1,135299,135299
50748,1,3,4,147734,147734
50763,2,12,14,136472,136472
50796,17,17,34,120669,120669
50802,1,14,15,123696,123696
50804,0,7,7,153466,153466
50811,0,2,2,135289,135289
50836,0,11,11,136854,136854
50854,10,3,13,161279,161279
50862,2,1,3,83263,83263
50882,15,10,25,154749,154749
50897,8,8,16,153980,153980
50899,4,36,40,133659,133659
50901,2,17,19,154718,154718
50910,35,43,78,29209,29209
50930,21,46,67,111685,111685
50938,3,5,8,145519,145519
50940,38,59,97,144285,144285
50948,20,32,52,157327,157327
50952,1,2,3,60852,60852
50962,24,64,88,31608,31608
51015,3,2,5,131632,131632
51021,5,2,7,140537,140537
51071,14,23,37,73154,73154
51081,2,5,7,145197,145197
51100,0,0,0,150192,150192
51107,0,1,1,161012,161012
51112,15,20,35,138500,138500
51152,12,4,16,160764,160764
51166,30,8,38,69883,69883
51176,23,13,36,111215,111215
51177,49,44,93,46270,46270
51181,0,12,12,146384,146384
51230,2,4,6,158468,158468
51241,17,31,48,47843,47843
51247,16,16,32,105768,105768
51259,2,2,4,138546,138546
51274,0,6,6,148811,148811
51292,19,20,39,96521,96521
51316,1,9,10,139097,139097
51319,21,49,70,67971,67971
51364,29,40,69,154527,154527
51370,2,17,19,155096,155096
51373,16,28,44,90768,90768
51374,2,10,12,124460,124460
51383,1,5,6,136849,136849
51385,3,7,10,151785,151785
51390,13,15,28,98695,98695
51423,1,1,2,160565,160565
51430,3,6,9,149873,149873
51436,3,11,14,161432,161432
51445,5,4,9,145058,145058
51449,1,0,1,165047,165047
51460,1,7,8,94460,94460
51472,17,28,45,135165,135165
51486,5,4,9,162951,162951
51488,14,20,34,148667,148667
51513,1,2,3,124049,124049
51531,0,1,1,159340,159340
51542,3,4,7,134771,134771
51555,3,6,9,147258,147258
51557,0,1,1,140239,140239
51580,3,10,13,79451,79451
51607,0,2,2,142722,142722
51613,13,9,22,171214,171214
51638,1,0,1,62040,62040
51640,90,0,90,154928,154928
51652,3,4,7,55003,55003
51682,0,4,4,71498,71498
51685,5,7,12,147698,147698
51702,2,7,9,73277,73277
51810,3,4,7,159907,159907
51811,3,2,5,151513,151513
51816,3,7,10,71412,71412
51853,7,7,14,54809,54809
51856,5,15,20,48493,48493
51858,3,7,10,147349,147349
51873,4,4,8,149828,149828
51878,21,14,35,149219,149219
51886,13,17,30,90269,90269
51887,23,30,53,130404,130404
51914,2,3,5,147327,147327
51965,0,2,2,133948,133948
51983,1,6,7,166651,166651
51992,1,2,3,73147,73147
52013,0,1,1,63742,63742
52015,5,5,10,106935,106935
52058,0,11,11,149695,149695
52093,1,1,2,76106,76106
52103,0,2,2,102276,102276
52127,1,0,1,143026,143026
52141,0,1,1,147797,147797
52156,2,7,9,112066,112066
52159,9,13,22,146561,146561
52165,4,14,18,159777,159777
52166,2,5,7,154696,154696
52205,5,6,11,147277,147277
52210,3,3,6,72171,72171
52293,5,8,13,73254,73254
52297,12,15,27,160570,160570
52321,4,6,10,152329,152329
52322,2,5,7,71249,71249
52361,1,2,3,73118,73118
52369,0,5,5,144500,144500
52402,1,1,2,169844,169844
52427,3,8,11,125235,125235
52456,10,21,31,147877,147877
52468,9,13,22,139808,139808
52472,7,27,34,148887,148887
52490,7,22,29,147307,147307
52541,0,0,0,118809,118809
52682,0,1,1,148223,148223
52694,2,2,4,155364,155364
52700,1,1,2,127147,127147
52709,9,6,15,128010,128010
52711,1,4,5,135446,135446
52730,1,1,2,59237,59237
52745,0,1,1,165381,165381
52761,8,47,55,143308,143308
52784,2,2,4,109269,109269
52852,0,2,2,125594,125594
52862,4,1,5,130140,130140
52902,4,5,9,133693,133693
52908,16,38,54,135263,135263
52912,3,3,6,143310,143310
52936,10,17,27,15146,15146
52940,9,26,35,157568,157568
52941,2,4,6,137339,137339
52942,1,13,14,135179,135179
52944,0,5,5,57382,57382
52947,3,4,7,146466,146466
53061,2,6,8,140033,140033
53100,0,2,2,79016,79016
53103,0,1,1,132720,132720
53117,4,4,8,148297,148297
53144,0,2,2,65156,65156
53174,2,7,9,150454,150454
53189,3,3,6,73552,73552
53213,0,10,10,146488,146488
53243,2,9,11,71449,71449
53247,25,28,53,159742,159742
53257,4,13,17,158687,158687
53273,2,8,10,149926,149926
53279,0,4,4,147719,147719
53281,0,5,5,71522,71522
53285,8,9,17,147382,147382
53286,18,12,30,148968,148968
53302,0,14,14,74245,74245
53366,0,2,2,152997,152997
53383,6,12,18,153079,153079
53393,1,1,2,60943,60943
53435,1,6,7,146737,146737
53478,5,4,9,73427,73427
53506,2,3,5,136128,136128
53508,7,21,28,131375,131375
53517,1,1,2,136819,136819
53575,11,29,40,64687,64687
53613,9,10,19,71272,71272
53637,2,3,5,147763,147763
53645,2,5,7,133747,133747
53667,0,4,4,161352,161352
53707,2,2,4,138459,138459
53718,5,3,8,67394,67394
53755,8,9,17,115056,115056
53775,1,1,2,157564,157564
53787,9,8,17,67398,67398
53800,18,15,33,67563,67563
53810,10,10,20,68000,68000
53811,9,17,26,116085,116085
53819,4,4,8,68413,68413
53822,12,7,19,156679,156679
53859,13,14,27,67864,67864
53902,4,5,9,152059,152059
53920,21,3,24,142886,142886
53921,15,2,17,169090,169090
53930,59,47,106,105907,105907
53936,7,10,17,127455,127455
53944,7,31,38,149067,149067
53950,43,19,62,129294,129294
53962,2,6,8,160633,160633
53964,14,5,19,141930,141930
53966,11,16,27,148945,148945
53967,77,22,99,22158,22158
54028,1,2,3,72357,72357
54029,7,10,17,153339,153339
54047,0,0,0,156160,156160
54060,10,24,34,143721,143721
54066,29,37,66,121371,121371
54191,0,3,3,146181,146181
54218,33,17,50,130153,130153
54222,64,14,78,171397,171397
54224,21,7,28,162310,162310
54242,0,0,0,172401,172401
54258,50,21,71,141197,141197
54272,2,11,13,135994,135994
54286,8,5,13,152022,152022
54288,3,11,14,137634,137634
54289,0,2,2,101849,101849
54292,14,7,21,143336,143336
54300,0,0,0,144968,144968
54301,2,0,2,113095,113095
54303,10,6,16,131757,131757
54312,0,7,7,68406,68406
54319,18,13,31,148863,148863
54343,1,1,2,136116,136116
54344,20,15,35,147047,147047
54352,2,3,5,151280,151280
54365,7,9,16,158458,158458
54367,6,7,13,150758,150758
54371,4,3,7,147143,147143
54408,0,9,9,131804,131804
54413,2,2,4,166360,166360
54446,3,2,5,158676,158676
54451,4,0,4,157134,157134
54582,0,1,1,147586,147586
54584,0,1,1,150787,150787
54656,2,10,12,70161,70161
54663,1,1,2,167163,167163
54735,1,4,5,142694,142694
54738,0,5,5,55560,55560
54755,3,27,30,43653,43653
54855,4,1,5,132494,132494
54873,1,3,4,9056,9056
54921,7,16,23,126026,126026
54938,1,1,2,169477,169477
54945,0,1,1,108253,108253
54967,3,3,6,160657,160657
54987,2,10,12,150606,150606
54992,3,6,9,138310,138310
54999,1,1,2,130779,130779
55007,1,1,2,134501,134501
55021,2,4,6,108363,108363
55030,6,3,9,104341,104341
55038,0,1,1,87552,87552
55052,2,5,7,131955,131955
55064,0,0,0,153873,153873
55126,2,15,17,116496,116496
55127,0,0,0,116556,116556
55201,4,4,8,155845,155845
55222,0,1,1,143145,143145
55226,7,15,22,130136,130136
55232,1,10,11,147938,147938
55283,0,17,17,132171,132171
55488,0,1,1,160101,160101
55526,17,13,30,139417,139417
55537,1,4,5,97998,97998
55539,44,23,67,140233,140233
55634,3,8,11,150821,150821
55651,0,2,2,157584,157584
55660,22,7,29,139959,139959
55664,18,21,39,160655,160655
55733,0,3,3,128373,128373
55783,2,3,5,162903,162903
55807,0,1,1,58370,58370
55853,0,2,2,156278,156278
55874,1,1,2,134348,134348
55902,3,3,6,150676,150676
55906,4,4,8,131690,131690
55921,0,1,1,92707,92707
55938,1,7,8,162699,162699
55939,1,2,3,130554,130554
55975,1,2,3,141243,141243
55976,6,13,19,74187,74187
55983,2,1,3,126617,126617
55991,0,1,1,111505,111505
56022,29,15,44,105154,105154
56037,0,0,0,155012,155012
56067,3,0,3,147259,147259
56085,6,7,13,146496,146496
56132,0,6,6,55644,55644
56203,2,2,4,169253,169253
56216,0,0,0,150789,150789
56259,0,2,2,161681,161681
56271,1,1,2,146589,146589
56303,10,37,47,106007,106007
56315,1,0,1,152363,152363
56327,3,5,8,168858,168858
56333,17,37,54,126566,126566
56352,6,25,31,141071,141071
56353,5,15,20,154545,154545
56357,8,18,26,140956,140956
56361,2,2,4,135093,135093
56426,76,16,92,34824,34824
56488,2,9,11,145768,145768
56511,3,11,14,142371,142371
56536,2,5,7,83350,83350
56543,1,7,8,71449,71449
56546,1,6,7,134616,134616
56547,0,0,0,163970,163970
56563,3,5,8,128796,128796
56608,3,20,23,149186,149186
56675,3,7,10,150782,150782
56696,0,0,0,166895,166895
56699,4,4,8,155726,155726
56702,3,3,6,156660,156660
56731,4,5,9,146888,146888
56733,27,32,59,136839,136839
56747,2,12,14,146498,146498
56757,11,11,22,129378,129378
56869,0,4,4,95682,95682
56873,2,0,2,95641,95641
56881,4,3,7,138007,138007
56903,3,7,10,55678,55678
56929,0,2,2,129561,129561
56939,5,3,8,165827,165827
56952,2,1,3,161510,161510
56953,2,1,3,146076,146076
56968,71,49,120,131795,131795
56980,1,3,4,139365,139365
57019,5,2,7,135909,135909
57045,9,11,20,147426,147426
57064,4,3,7,150054,150054
57071,6,14,20,146160,146160
57087,1,2,3,113122,113122
57103,1,3,4,160181,160181
57104,0,2,2,164062,164062
57105,41,36,77,150373,150373
57114,14,3,17,42677,42677
57118,2,7,9,112554,112554
57136,2,7,9,146605,146605
57254,12,18,30,73074,73074
57256,1,1,2,151685,151685
57277,13,5,18,107331,107331
57292,0,1,1,142270,142270
57367,2,11,13,82526,82526
57373,0,7,7,158665,158665
57395,7,13,20,146910,146910
57418,1,6,7,146942,146942
57421,3,7,10,156747,156747
57427,0,2,2,157175,157175
57434,4,4,8,77328,77328
57435,9,15,24,169495,169495
57447,1,5,6,146190,146190
57453,4,2,6,152626,152626
57458,3,5,8,154578,154578
57473,2,6,8,71319,71319
57504,0,1,1,147612,147612
57518,8,7,15,146794,146794
57525,9,15,24,112447,112447
57556,7,7,14,125497,125497
57623,4,6,10,35185,35185
57648,23,33,56,54945,54945
57654,2,12,14,130040,130040
57655,1,2,3,156863,156863
57688,37,27,64,147893,147893
57709,0,2,2,142610,142610
57721,2,2,4,59315,59315
57731,7,8,15,146306,146306
57747,1,4,5,160817,160817
57748,1,3,4,134875,134875
57769,8,10,18,151275,151275
57790,1,3,4,163200,163200
57885,0,1,1,131336,131336
57942,17,39,56,134183,134183
57963,3,4,7,145017,145017
57974,2,8,10,148090,148090
57977,18,31,49,71496,71496
57982,0,1,1,157510,157510
57984,1,6,7,146446,146446
57993,7,9,16,71580,71580
58011,5,3,8,146782,146782
58048,27,32,59,147141,147141
58062,1,2,3,152592,152592
58068,15,26,41,147166,147166
58074,23,15,38,110330,110330
58075,4,5,9,152818,152818
58083,1,2,3,146940,146940
58095,6,10,16,146728,146728
58114,13,62,75,148441,148441
58179,5,3,8,147351,147351
58188,3,15,18,127309,127309
58212,13,0,13,143210,143210
58264,6,18,24,147380,147380
58283,14,27,41,147708,147708
58294,18,0,18,29802,29802
58297,5,27,32,126930,126930
58299,6,51,57,131035,131035
58323,1,4,5,162413,162413
58334,3,6,9,142329,142329
58344,0,0,0,172214,172214
58353,1,6,7,90294,90294
58377,1,1,2,130830,130830
58488,2,1,3,57481,57481
58514,22,13,35,157170,157170
58524,1,0,1,130187,130187
58529,1,1,2,154032,154032
58547,4,4,8,147491,147491
58578,0,3,3,136361,136361
58651,0,2,2,155270,155270
58672,7,9,16,146350,146350
58693,1,0,1,134216,134216
58711,0,0,0,75635,75635
58718,0,0,0,144916,144916
58737,4,6,10,159352,159352
58766,3,4,7,160923,160923
58769,0,12,12,59021,59021
58774,0,1,1,155551,155551
58870,2,3,5,71426,71426
58874,3,2,5,134121,134121
58891,1,1,2,126507,126507
58898,4,6,10,172552,172552
58939,6,22,28,71153,71153
58990,1,8,9,78308,78308
58994,2,18,20,39140,39140
59000,62,75,137,33971,33971
59012,96,95,191,158932,158932
59026,99,107,206,152018,152018
59027,98,56,154,151951,151951
59072,2,1,3,54905,54905
59075,0,2,2,150738,150738
59136,14,19,33,160944,160944
59173,5,9,14,42935,42935
59177,8,20,28,111626,111626
59194,10,19,29,145542,145542
59195,14,1,15,138054,138054
59234,14,15,29,148248,148248
59261,0,1,1,141416,141416
59312,2,4,6,149028,149028
59314,2,1,3,147238,147238
59327,6,3,9,164927,164927
59334,3,3,6,139464,139464
59343,11,16,27,7929,7929
59356,2,3,5,71342,71342
59361,4,6,10,146155,146155
59383,9,10,19,152517,152517
59424,8,40,48,144163,144163
59437,0,0,0,135208,135208
59478,0,0,0,161875,161875
59482,1,5,6,149175,149175
59499,0,1,1,128935,128935
59515,3,3,6,172519,172519
59549,0,3,3,77135,77135
59602,0,2,2,77473,77473
59612,1,2,3,157837,157837
59715,1,0,1,138321,138321
59733,12,6,18,151673,151673
59767,0,0,0,157702,157702
59818,3,2,5,120609,120609
59896,27,27,54,140203,140203
59905,0,51,51,127674,127674
59909,2,18,20,144773,144773
59917,7,22,29,152652,152652
59926,1,3,4,153535,153535
59993,3,10,13,153962,153962
60003,2,7,9,158889,158889
60021,58,9,67,166404,166404
60035,59,42,101,146193,146193
60049,11,37,48,38712,38712
60059,1,5,6,147188,147188
60167,4,14,18,146857,146857
60180,1,1,2,156350,156350
60201,1,2,3,50233,50233
60245,3,2,5,118711,118711
60291,0,2,2,142628,142628
60347,1,4,5,141937,141937
60367,1,4,5,146779,146779
60386,10,4,14,129804,129804
60395,7,8,15,147124,147124
60406,7,3,10,156850,156850
60453,13,3,16,159529,159529
60465,11,4,15,158341,158341
60466,4,6,10,157560,157560
60469,10,2,12,150608,150608
60555,3,8,11,152048,152048
60587,2,8,10,59763,59763
60631,0,0,0,159283,159283
60662,2,8,10,168352,168352
60686,85,34,119,158795,158795
60739,19,9,28,136913,136913
60785,0,1,1,112243,112243
60835,4,13,17,130855,130855
60845,10,9,19,45866,45866
60857,4,8,12,56225,56225
60867,2,3,5,156186,156186
60876,2,2,4,138536,138536
60920,1,2,3,143574,143574
60954,2,3,5,148929,148929
60957,1,3,4,138023,138023
60966,0,1,1,165687,165687
61002,0,1,1,104273,104273
61005,15,13,28,120284,120284
61012,3,1,4,117749,117749
61013,1,1,2,148779,148779
61029,0,1,1,147875,147875
61075,6,42,48,168477,168477
61133,1,1,2,148215,148215
61138,13,5,18,147437,147437
61142,1,2,3,27930,27930
61193,2,2,4,129253,129253
61271,0,8,8,141435,141435
61293,5,7,12,75125,75125
61302,0,1,1,117060,117060
61322,1,3,4,137977,137977
61332,1,1,2,155638,155638
61395,2,5,7,144518,144518
61422,0,0,0,138681,138681
61481,0,2,2,155983,155983
61508,13,25,38,152335,152335
61521,2,5,7,154526,154526
61524,4,6,10,152083,152083
61536,0,1,1,155913,155913
61544,2,3,5,124321,124321
61545,1,1,2,149290,149290
61548,0,5,5,165066,165066
61596,0,1,1,141606,141606
61657,4,3,7,170574,170574
61687,0,1,1,77106,77106
61698,6,17,23,149059,149059
61705,0,0,0,109812,109812
61732,6,3,9,59667,59667
61740,2,13,15,73351,73351
61742,0,1,1,75573,75573
61753,8,11,19,122821,122821
61786,1,3,4,144287,144287
61816,5,20,25,120348,120348
61817,3,1,4,147765,147765
61833,9,2,11,115972,115972
61856,7,10,17,133632,133632
61874,1,3,4,102149,102149
61876,1,2,3,146632,146632
61924,0,0,0,133745,133745
61990,4,6,10,139773,139773
62001,5,11,16,73138,73138
62002,9,14,23,97401,97401
62013,2,5,7,137220,137220
62080,1,4,5,117819,117819
62086,6,6,12,12315,12315
62095,0,0,0,165381,165381
62104,1,1,2,151290,151290
62107,1,4,5,133855,133855
62118,0,1,1,66255,66255
62130,4,3,7,138302,138302
62195,6,7,13,130538,130538
62334,0,4,4,162990,162990
62353,14,15,29,64636,64636
62358,15,33,48,149582,149582
62391,6,20,26,144746,144746
62439,6,8,14,106021,106021
62445,1,4,5,161133,161133
62455,7,9,16,60245,60245
62480,12,33,45,121110,121110
62530,2,2,4,157927,157927
62551,3,3,6,76588,76588
62564,2,3,5,72222,72222
62576,1,1,2,76884,76884
62593,0,1,1,132153,132153
62618,4,3,7,156643,156643
62619,1,8,9,165128,165128
62627,4,5,9,162764,162764
62720,6,7,13,164336,164336
62733,1,15,16,157181,157181
62734,1,8,9,146939,146939
62809,3,10,13,89499,89499
62877,1,8,9,68067,68067
62883,0,15,15,70974,70974
62906,31,26,57,156145,156145
63038,3,2,5,123902,123902
63067,2,4,6,157755,157755
63070,2,7,9,70945,70945
63090,0,1,1,74029,74029
63105,1,2,3,130871,130871
63143,38,43,81,112375,112375
63144,7,3,10,21663,21663
63204,4,10,14,147951,147951
63206,4,5,9,147543,147543
63247,0,5,5,153246,153246
63279,2,1,3,66561,66561
63290,0,3,3,138134,138134
63344,1,4,5,155950,155950
63360,1,5,6,108883,108883
63365,0,1,1,80252,80252
63373,0,0,0,148837,148837
63386,3,4,7,71976,71976
63406,0,1,1,56269,56269
63480,2,4,6,73859,73859
63481,4,3,7,147522,147522
63483,0,3,3,65367,65367
63485,3,4,7,149657,149657
63486,3,2,5,76247,76247
63592,9,17,26,153462,153462
63598,4,4,8,131843,131843
63644,6,4,10,67890,67890
63652,1,0,1,171279,171279
63677,0,2,2,129331,129331
63708,2,3,5,160484,160484
63765,5,5,10,150955,150955
63777,2,3,5,147648,147648
63808,27,39,66,147074,147074
63816,6,10,16,149892,149892
63817,3,6,9,133411,133411
63839,3,5,8,30700,30700
63874,0,0,0,122977,122977
63930,14,40,54,126415,126415
63961,1,7,8,150070,150070
63966,0,2,2,149438,149438
63983,18,38,56,128487,128487
63986,0,0,0,154287,154287
64016,0,6,6,86553,86553
64048,4,7,11,128693,128693
64049,5,4,9,150117,150117
64050,3,6,9,128312,128312
64065,3,4,7,87110,87110
64084,4,7,11,135666,135666
64086,0,7,7,133596,133596
64113,0,2,2,164908,164908
64176,9,3,12,116118,116118
64180,1,5,6,165591,165591
64257,1,2,3,72934,72934
64327,1,2,3,73554,73554
64347,2,2,4,142483,142483
64355,0,1,1,113028,113028
64367,0,9,9,68004,68004
64375,0,10,10,4724,4724
64389,1,3,4,132916,132916
64412,2,27,29,153217,153217
64413,3,7,10,42198,42198
64474,0,0,0,107265,107265
64528,2,3,5,55585,55585
64606,1,2,3,58286,58286
64613,1,10,11,109164,109164
64627,2,2,4,147549,147549
64723,2,10,12,73191,73191
64729,22,34,56,71247,71247
64733,0,1,1,133328,133328
64753,0,2,2,166031,166031
64767,9,12,21,137653,137653
64808,0,5,5,140076,140076
64833,2,9,11,154385,154385
64860,0,0,0,140833,140833
64863,0,5,5,143976,143976
64867,5,7,12,140795,140795
64879,0,3,3,168629,168629
64899,19,0,19,134336,134336
64911,93,125,218,17714,17714
64912,4,10,14,161594,161594
64950,6,6,12,170753,170753
64965,68,4,72,75569,75569
64967,4,7,11,134045,134045
64987,18,27,45,47784,47784
64993,35,39,74,155270,155270
64994,11,17,28,120696,120696
64998,9,24,33,13421,13421
65032,9,9,18,68986,68986
65106,1,2,3,67319,67319
65122,0,0,0,167859,167859
65150,2,7,9,146399,146399
65156,10,25,35,146862,146862
65159,1,9,10,76505,76505
65187,8,4,12,61591,61591
65216,10,28,38,154138,154138
65219,9,8,17,147011,147011
65223,7,10,17,76011,76011
65224,25,31,56,153713,153713
65253,2,6,8,71175,71175
65254,6,24,30,149503,149503
65256,11,24,35,147178,147178
65305,4,12,16,165246,165246
65309,1,3,4,161589,161589
65312,1,1,2,112865,112865
65317,0,1,1,118049,118049
65343,0,2,2,153897,153897
65375,3,1,4,172297,172297
65474,1,4,5,58701,58701
65528,0,1,1,66173,66173
65541,3,4,7,114387,114387
65545,4,6,10,145003,145003
65548,17,21,38,144971,144971
65560,0,2,2,159283,159283
65612,0,1,1,155254,155254
65619,0,6,6,167540,167540
65634,10,15,25,161223,161223
65636,1,1,2,166450,166450
65644,1,4,5,85963,85963
65708,5,3,8,153207,153207
65774,6,13,19,74635,74635
65851,2,2,4,67152,67152
65853,2,5,7,160718,160718
65871,3,2,5,136280,136280
65904,8,6,14,99607,99607
65919,9,10,19,21211,21211
65951,0,4,4,131979,131979
65993,15,11,26,158626,158626
66002,1,1,2,78460,78460
66009,1,9,10,122635,122635
66060,1,2,3,157687,157687
66089,0,2,2,153319,153319
66166,11,21,32,142177,142177
66206,1,1,2,105664,105664
66255,0,1,1,165675,165675
66257,0,0,0,145412,145412
66262,0,2,2,155500,155500
66279,9,10,19,73293,73293
66282,1,1,2,125553,125553
66371,65,33,98,150201,150201
66378,2,5,7,136192,136192
66383,16,25,41,10975,10975
66423,21,25,46,166045,166045
66483,1,3,4,157345,157345
66555,2,9,11,166070,166070
66583,0,0,0,158633,158633
66605,5,4,9,154338,154338
66617,2,3,5,148680,148680
66644,0,2,2,163996,163996
66669,7,12,19,135762,135762
66707,2,5,7,172134,172134
66726,3,0,3,138837,138837
66731,3,8,11,146312,146312
66782,1,1,2,138552,138552
66784,1,2,3,130486,130486
66829,7,2,9,165506,165506
66838,6,11,17,144258,144258
66891,14,0,14,91042,91042
66917,1,6,7,78793,78793
66969,5,8,13,127551,127551
66982,3,1,4,147969,147969
67002,1,2,3,148923,148923
67062,13,2,15,74256,74256
67063,0,6,6,161541,161541
67086,0,0,0,143534,143534
67087,1,2,3,160658,160658
67090,1,6,7,144902,144902
67105,0,1,1,151578,151578
67119,7,10,17,134472,134472
67132,21,9,30,91708,91708
67135,16,13,29,156200,156200
67166,0,12,12,134172,134172
67178,47,47,94,87482,87482
67181,13,23,36,163732,163732
67190,37,44,81,165893,165893
67234,1,5,6,136379,136379
67349,0,2,2,122350,122350
67371,7,17,24,26134,26134
67374,2,7,9,100506,100506
67382,85,20,105,14050,14050
67472,0,3,3,161060,161060
67501,1,12,13,135538,135538
67503,5,1,6,20930,20930
67504,19,65,84,82857,82857
67515,6,5,11,36402,36402
67517,15,40,55,21189,21189
67530,3,1,4,139784,139784
67581,23,23,46,124629,124629
67601,0,1,1,70476,70476
67614,0,0,0,55918,55918
67666,39,9,48,158994,158994
67740,3,17,20,146282,146282
67777,1,3,4,141445,141445
67868,1,1,2,23797,23797
67925,0,1,1,167984,167984
68068,0,4,4,141248,141248
68110,3,3,6,135610,135610
68133,21,31,52,105415,105415
68191,23,83,106,156392,156392
68206,15,40,55,134638,134638
68213,0,1,1,150297,150297
68221,0,8,8,59531,59531
68223,4,13,17,31560,31560
68307,55,10,65,162324,162324
68308,71,4,75,158063,158063
68380,1,8,9,131029,131029
68381,53,54,107,150281,150281
68391,1,1,2,49800,49800
68400,3,2,5,155761,155761
68498,3,7,10,43801,43801
68539,6,2,8,75067,75067
68542,0,1,1,100993,100993
68563,0,7,7,112851,112851
68619,2,1,3,152440,152440
68633,1,3,4,100412,100412
68658,1,7,8,147577,147577
68665,0,1,1,120407,120407
68707,0,2,2,152309,152309
68758,15,6,21,126847,126847
68855,1,6,7,169733,169733
68904,4,8,12,135358,135358
68938,0,1,1,171056,171056
68939,5,6,11,62998,62998
68970,1,17,18,122817,122817
69019,0,5,5,160496,160496
69034,0,2,2,75867,75867
69041,0,3,3,134501,134501
69127,4,8,12,115480,115480
69219,5,2,7,159142,159142
69224,2,3,5,171726,171726
69234,0,0,0,164049,164049
69269,5,7,12,63163,63163
69308,0,2,2,67025,67025
69322,0,2,2,143805,143805
69340,5,4,9,172219,172219
69430,1,3,4,142030,142030
69451,26,30,56,128597,128597
69458,2,2,4,117060,117060
69459,2,6,8,147856,147856
69468,0,0,0,131228,131228
69515,0,3,3,55347,55347
69549,1,1,2,123450,123450
69550,8,1,9,167406,167406
69578,9,16,25,134137,134137
69583,4,5,9,152595,152595
69590,1,4,5,167058,167058
69597,6,4,10,155371,155371
69600,0,0,0,129505,129505
69642,22,20,42,74522,74522
69643,23,13,36,140954,140954
69648,44,43,87,151806,151806
69788,16,19,35,164042,164042
69813,0,1,1,103386,103386
69879,1,3,4,152842,152842
69883,30,31,61,147849,147849
69906,0,2,2,103754,103754
69958,1,1,2,162684,162684
69970,28,16,44,160991,160991
70013,2,1,3,119021,119021
70018,8,6,14,149630,149630
70033,1,4,5,147956,147956
70057,5,18,23,47240,47240
70064,2,3,5,155488,155488
70065,1,1,2,160148,160148
70071,0,0,0,55949,55949
70111,0,1,1,58218,58218
70148,6,16,22,143891,143891
70190,12,0,12,146728,146728
70191,13,21,34,86466,86466
70275,13,23,36,166621,166621
70301,32,50,82,11039,11039
70303,19,29,48,170059,170059
70309,34,52,86,99225,99225
70329,7,4,11,136136,136136
70350,1,0,1,170508,170508
70376,2,2,4,133944,133944
70408,2,4,6,69756,69756
70422,2,2,4,125051,125051
70439,3,7,10,89578,89578
70447,2,2,4,167938,167938
70448,4,7,11,168713,168713
70491,7,6,13,129019,129019
70503,0,4,4,169158,169158
70514,1,19,20,130855,130855
70518,8,5,13,172101,172101
70524,4,5,9,74611,74611
70554,3,3,6,168736,168736
70612,1,2,3,164874,164874
70617,4,4,8,153155,153155
70622,0,0,0,154078,154078
70628,0,1,1,157730,157730
70629,1,6,7,71358,71358
70632,3,7,10,148413,148413
70654,3,7,10,71523,71523
70726,0,1,1,148592,148592
70757,3,9,12,162668,162668
70787,9,15,24,111955,111955
70810,0,0,0,136443,136443
70869,0,0,0,146969,146969
70889,3,6,9,78085,78085
70948,0,3,3,172405,172405
71005,2,3,5,127793,127793
71006,3,9,12,139045,139045
71072,3,4,7,74445,74445
71079,0,1,1,89124,89124
71133,2,2,4,78284,78284
71134,3,4,7,146912,146912
71141,9,2,11,134226,134226
71148,0,5,5,51616,51616
71157,1,3,4,167650,167650
71167,3,2,5,149821,149821
71178,0,0,0,143703,143703
71180,1,3,4,155944,155944
71206,3,4,7,159501,159501
71240,11,3,14,104953,104953
71246,1,2,3,73252,73252
71305,3,2,5,131402,131402
71311,2,5,7,108457,108457
71339,35,28,63,109357,109357
71367,0,0,0,169742,169742
71379,0,1,1,172004,172004
71430,2,10,12,58310,58310
71485,16,18,34,71176,71176
71526,1,3,4,146471,146471
71549,15,14,29,140146,140146
71551,3,7,10,145401,145401
71559,0,2,2,149569,149569
71619,13,14,27,151126,151126
71729,0,5,5,40646,40646
71765,3,3,6,149309,149309
71777,1,7,8,153672,153672
71786,0,0,0,172607,172607
71787,1,3,4,124437,124437
71822,11,6,17,125922,125922
71848,4,6,10,136226,136226
71897,2,3,5,58514,58514
71909,2,2,4,69815,69815
71943,0,3,3,162696,162696
72077,2,2,4,169137,169137
72080,1,2,3,168887,168887
72135,1,2,3,64879,64879
72252,3,3,6,58631,58631
72278,0,2,2,99819,99819
72280,0,3,3,155887,155887
72296,0,2,2,130405,130405
72338,1,6,7,127378,127378
72339,0,15,15,146971,146971
72349,12,11,23,149784,149784
72388,2,12,14,75260,75260
72390,1,0,1,97468,97468
72479,0,0,0,124221,124221
72540,2,2,4,149014,149014
72557,2,3,5,148192,148192
72596,0,1,1,139740,139740
72639,1,2,3,172770,172770
72648,5,0,5,141705,141705
72729,0,8,8,166893,166893
72776,0,1,1,116467,116467
72961,1,1,2,132710,132710
72991,0,5,5,150221,150221
73004,0,1,1,107935,107935
73033,0,2,2,170701,170701
73034,18,10,28,84378,84378
73041,1,11,12,169015,169015
73051,0,0,0,151629,151629
73063,0,4,4,146745,146745
73091,6,12,18,139647,139647
73119,5,5,10,135571,135571
73122,1,6,7,170128,170128
73125,0,2,2,140210,140210
73134,6,25,31,148717,148717
73206,0,3,3,146551,146551
73227,36,45,81,166889,166889
73257,1,1,2,145398,145398
73328,6,11,17,111818,111818
73365,29,36,65,80664,80664
73367,28,36,64,17055,17055
73371,0,6,6,59591,59591
73394,2,2,4,143596,143596
73442,2,16,18,67596,67596
73444,2,4,6,162394,162394
73487,13,2,15,169315,169315
73496,2,8,10,138428,138428
73501,0,0,0,168806,168806
73537,5,8,13,160061,160061
73561,1,8,9,131438,131438
73591,0,4,4,68433,68433
73604,5,6,11,83307,83307
73608,7,7,14,133774,133774
73618,2,2,4,93083,93083
73627,17,17,34,156748,156748
73667,16,17,33,160941,160941
73709,20,23,43,76802,76802
73710,19,24,43,76862,76862
73720,3,15,18,99642,99642
73725,1,10,11,46190,46190
73777,1,5,6,168846,168846
73788,1,2,3,57258,57258
73792,2,5,7,94010,94010
73796,0,0,0,171260,171260
73813,6,8,14,59043,59043
73819,6,5,11,150607,150607
73861,2,5,7,76557,76557
73888,1,1,2,146598,146598
73892,3,2,5,137578,137578
74000,0,0,0,150545,150545
74016,2,5,7,101392,101392
74030,15,13,28,149567,149567
74039,8,28,36,122508,122508
74068,4,6,10,142496,142496
74207,88,104,192,151215,151215
74218,2,5,7,140560,140560
74297,1,15,16,160786,160786
74324,12,23,35,148907,148907
74354,2,11,13,113308,113308
74372,2,10,12,126403,126403
74376,4,8,12,76097,76097
74377,19,5,24,144888,144888
74457,3,4,7,160816,160816
74494,0,2,2,159224,159224
74508,0,1,1,157907,157907
74518,1,1,2,108727,108727
74548,1,2,3,167627,167627
74559,3,6,9,155333,155333
74594,13,7,20,157339,157339
74635,0,1,1,149902,149902
74691,1,6,7,130924,130924
74701,5,3,8,150239,150239
74713,2,4,6,56230,56230
74745,1,1,2,66294,66294
74765,3,13,16,68699,68699
74766,22,15,37,134345,134345
74778,13,35,48,119481,119481
74779,34,30,64,132939,132939
74876,3,8,11,147762,147762
74936,2,4,6,56894,56894
74938,4,3,7,55504,55504
74981,1,7,8,171197,171197
75030,0,1,1,149011,149011
75037,6,3,9,134082,134082
75054,2,5,7,143376,143376
75083,27,55,82,932,932
75088,18,18,36,138961,138961
75095,19,18,37,148101,148101
75121,0,1,1,155027,155027
75123,0,12,12,166326,166326
75247,0,0,0,158665,158665
75272,3,4,7,131939,131939
75309,0,1,1,104243,104243
75325,0,1,1,138282,138282
75405,0,2,2,159144,159144
75409,2,3,5,85874,85874
75415,1,1,2,170507,170507
75427,4,1,5,153886,153886
75441,15,14,29,146900,146900
75446,12,14,26,132987,132987
75453,18,7,25,160540,160540
75458,8,13,21,171146,171146
75467,5,7,12,15078,15078
75470,8,27,35,5791,5791
75535,1,1,2,122169,122169
75546,8,7,15,140160,140160
75548,4,3,7,143047,143047
75578,2,2,4,67040,67040
75580,0,1,1,63705,63705
75598,9,14,23,170467,170467
75682,15,12,27,96436,96436
75684,4,4,8,150547,150547
75689,9,14,23,59518,59518
75744,2,2,4,159991,159991
75759,0,0,0,110286,110286
75771,1,4,5,151438,151438
75795,6,19,25,130268,130268
75797,14,7,21,108487,108487
75798,20,20,40,118181,118181
75805,1,1,2,153540,153540
75806,0,0,0,163046,163046
75857,0,0,0,135538,135538
75970,3,8,11,142542,142542
75993,5,4,9,147425,147425
76044,1,9,10,117307,117307
76102,0,1,1,76594,76594
76116,1,7,8,126281,126281
76132,3,7,10,58590,58590
76138,7,17,24,143727,143727
76141,7,17,24,131837,131837
76150,0,1,1,147930,147930
76162,0,7,7,124324,124324
76165,45,16,61,38371,38371
76166,22,16,38,130620,130620
76225,1,2,3,152679,152679
76273,0,0,0,47454,47454
76309,5,6,11,162735,162735
76365,1,3,4,158554,158554
76373,6,7,13,115306,115306
76404,7,10,17,149812,149812
76423,1,3,4,145629,145629
76433,0,0,0,139010,139010
76442,0,1,1,166915,166915
76460,1,3,4,101229,101229
76471,3,5,8,73149,73149
76473,0,0,0,150154,150154
76491,1,3,4,106555,106555
76495,3,2,5,107886,107886
76533,0,1,1,141488,141488
76567,2,5,7,156165,156165
76605,0,0,0,139017,139017
76630,2,4,6,153623,153623
76637,1,3,4,151228,151228
76640,0,2,2,165121,165121
76646,4,3,7,152602,152602
76665,0,0,0,137578,137578
76689,4,4,8,148975,148975
76693,3,1,4,162700,162700
76721,3,3,6,151692,151692
76725,0,1,1,136080,136080
76726,0,3,3,151840,151840
76792,2,8,10,115413,115413
76793,1,8,9,164677,164677
76811,0,0,0,151630,151630
76826,2,2,4,98407,98407
76835,1,1,2,110494,110494
76879,3,4,7,126502,126502
76911,1,3,4,142513,142513
76920,11,7,18,78136,78136
76934,1,1,2,159437,159437
76940,4,17,21,58330,58330
76941,1,3,4,160223,160223
76950,0,3,3,157983,157983
76977,1,1,2,162283,162283
77005,0,2,2,141388,141388
77008,1,2,3,128829,128829
77013,6,5,11,107433,107433
77030,1,18,19,136784,136784
77040,0,1,1,91483,91483
77052,4,2,6,91875,91875
77058,0,2,2,18908,18908
77138,13,8,21,74201,74201
77155,0,1,1,138712,138712
77156,12,20,32,161462,161462
77275,1,0,1,119746,119746
77346,0,1,1,60696,60696
77355,0,1,1,154692,154692
77400,0,11,11,72261,72261
77457,1,1,2,63155,63155
77464,4,5,9,63553,63553
77472,3,5,8,110815,110815
77539,16,2,18,137208,137208
77555,19,22,41,147726,147726
77557,2,5,7,150787,150787
77562,0,8,8,79406,79406
77579,3,16,19,148725,148725
77601,0,1,1,102204,102204
77602,1,2,3,66804,66804
77616,2,4,6,57907,57907
77634,5,7,12,139459,139459
77670,2,6,8,130136,130136
77683,7,21,28,171173,171173
77700,8,20,28,71366,71366
77747,1,3,4,144780,144780
77768,1,1,2,55067,55067
77778,3,4,7,166557,166557
77822,0,3,3,134680,134680
77846,7,17,24,52243,52243
77848,1,4,5,143220,143220
77861,0,12,12,110805,110805
77864,1,36,37,62276,62276
77876,0,1,1,162284,162284
77937,19,11,30,131170,131170
77943,0,1,1,68416,68416
77950,0,0,0,148874,148874
77956,1,1,2,114141,114141
77969,0,1,1,140276,140276
77975,1,2,3,157547,157547
77982,0,2,2,41542,41542
77999,1,3,4,30155,30155
78028,10,18,28,147282,147282
78041,0,1,1,67424,67424
78043,1,3,4,73564,73564
78057,0,1,1,132830,132830
78071,2,3,5,155978,155978
78106,3,7,10,135669,135669
78108,0,0,0,137402,137402
78109,1,4,5,71874,71874
78114,6,7,13,159348,159348
78126,1,3,4,152415,152415
78130,2,2,4,159495,159495
78133,3,4,7,133462,133462
78160,2,2,4,136120,136120
78166,3,3,6,137562,137562
78189,1,0,1,165955,165955
78238,0,3,3,78778,78778
78328,12,10,22,57563,57563
78330,0,1,1,150238,150238
78347,8,4,12,54984,54984
78374,0,1,1,136155,136155
78375,1,1,2,101764,101764
78377,1,1,2,154474,154474
78406,2,3,5,64867,64867
78413,0,1,1,98307,98307
78456,2,6,8,118511,118511
78537,2,2,4,162890,162890
78556,0,1,1,72314,72314
78593,0,2,2,63457,63457
78653,1,9,10,137754,137754
78666,8,15,23,116052,116052
78672,4,12,16,162111,162111
78698,0,1,1,137447,137447
78701,7,15,22,154672,154672
78750,2,2,4,56045,56045
78770,15,19,34,72506,72506
79021,0,16,16,153101,153101
79100,6,8,14,161077,161077
79156,10,8,18,150583,150583
79168,5,3,8,147349,147349
79175,3,4,7,140319,140319
79185,9,16,25,63235,63235
79194,5,8,13,150901,150901
79201,19,26,45,150858,150858
79208,0,3,3,147332,147332
79247,10,14,24,136110,136110
79268,6,9,15,107012,107012
79288,0,1,1,166389,166389
79338,0,2,2,55676,55676
79348,1,9,10,145232,145232
79354,4,6,10,158021,158021
79359,0,1,1,147183,147183
79411,0,1,1,137072,137072
79449,6,18,24,121851,121851
79457,13,10,23,169767,169767
79460,1,2,3,65827,65827
79516,1,2,3,138302,138302
79543,0,1,1,143498,143498
79551,4,7,11,142111,142111
79571,0,0,0,142065,142065
79608,0,0,0,162975,162975
79611,1,1,2,109989,109989
79639,4,15,19,135090,135090
79657,3,11,14,74452,74452
79687,5,6,11,139618,139618
79691,0,1,1,171721,171721
79698,3,2,5,171597,171597
79732,4,3,7,164345,164345
79743,1,8,9,57095,57095
79751,0,7,7,149302,149302
79769,2,10,12,134013,134013
79783,1,2,3,152272,152272
79805,1,3,4,151539,151539
79893,1,11,12,127219,127219
79924,0,3,3,159357,159357
79927,2,2,4,101077,101077
79941,1,4,5,154018,154018
79983,4,4,8,138633,138633
79986,3,8,11,104178,104178
80009,2,7,9,126083,126083
80035,1,2,3,73667,73667
80077,1,2,3,43738,43738
80084,8,11,19,46190,46190
80101,13,75,88,3830,3830
80163,2,4,6,75288,75288
80198,0,0,0,172031,172031
80229,0,1,1,142485,142485
80267,12,14,26,98907,98907
80281,7,8,15,68942,68942
80369,4,4,8,149911,149911
80429,21,36,57,153159,153159
80568,3,17,20,136321,136321
80579,0,4,4,159687,159687
80583,0,6,6,153933,153933
80591,4,6,10,162639,162639
80592,2,9,11,77009,77009
80638,0,0,0,164674,164674
80673,0,4,4,156755,156755
80690,1,1,2,165377,165377
80726,4,0,4,162956,162956
80760,0,0,0,151472,151472
80783,1,1,2,145079,145079
80818,12,12,24,71712,71712
80858,0,5,5,71199,71199
80864,15,46,61,119508,119508
80876,1,2,3,151916,151916
80881,3,22,25,133468,133468
80888,10,20,30,77129,77129
80895,2,11,13,149099,149099
80900,1,18,19,153501,153501
80920,7,16,23,165967,165967
80945,13,12,25,101177,101177
80952,3,44,47,57147,57147
81105,0,5,5,29668,29668
81122,4,10,14,146071,146071
81150,1,5,6,157026,157026
81171,0,2,2,141481,141481
81173,5,12,17,70526,70526
81181,10,23,33,22713,22713
81190,7,4,11,151312,151312
81202,0,1,1,66632,66632
81241,1,2,3,85657,85657
81274,1,3,4,137757,137757
81340,2,1,3,171104,171104
81358,0,1,1,156327,156327
81405,3,57,60,73222,73222
81477,0,1,1,171377,171377
81574,0,2,2,100594,100594
81602,5,11,16,68058,68058
81659,3,6,9,92889,92889
81666,1,4,5,69982,69982
81674,27,35,62,74699,74699
81699,3,1,4,84162,84162
81723,3,4,7,153185,153185
81761,0,2,2,113266,113266
81838,1,1,2,120937,120937
81933,1,3,4,79095,79095
81990,3,8,11,162840,162840
82000,2,5,7,147323,147323
82019,6,4,10,150616,150616
82049,1,2,3,149868,149868
82093,0,0,0,151396,151396
82128,2,12,14,146654,146654
82142,1,4,5,44515,44515
82150,2,3,5,131386,131386
82214,1,1,2,148376,148376
82228,1,2,3,151644,151644
82240,1,5,6,146250,146250
82289,0,2,2,159738,159738
82322,1,1,2,158338,158338
82369,0,8,8,149201,149201
82373,1,15,16,154847,154847
82382,1,7,8,157760,157760
82406,1,6,7,136225,136225
82461,1,6,7,41710,41710
82466,0,0,0,155714,155714
82508,1,9,10,122612,122612
82566,0,28,28,150531,150531
82625,9,25,34,154921,154921
82658,0,1,1,155429,155429
82661,8,3,11,125470,125470
82679,2,8,10,49657,49657
82686,2,2,4,73319,73319
82689,1,3,4,73106,73106
82700,1,3,4,87689,87689
82729,3,10,13,158912,158912
82732,0,7,7,8147,8147
82741,37,39,76,44030,44030
82768,3,13,16,115857,115857
82775,1,1,2,148326,148326
82781,2,8,10,72786,72786
82810,3,4,7,151975,151975
82811,1,2,3,151394,151394
82813,1,1,2,152961,152961
82814,1,1,2,171735,171735
82826,28,17,45,147124,147124
82834,0,0,0,81999,81999
82861,2,2,4,77791,77791
82894,0,0,0,143624,143624
82944,3,5,8,129714,129714
82973,1,4,5,153485,153485
82979,1,4,5,156502,156502
82997,0,2,2,104833,104833
83004,0,1,1,169944,169944
83119,0,1,1,73094,73094
83129,1,7,8,146284,146284
83168,1,5,6,112714,112714
83235,2,2,4,152444,152444
83261,4,7,11,130276,130276
83384,1,9,10,149763,149763
83428,4,11,15,136088,136088
83435,5,7,12,147833,147833
83461,2,7,9,138040,138040
83479,17,15,32,52224,52224
83516,0,2,2,103995,103995
83518,2,10,12,123050,123050
83622,2,5,7,49892,49892
83640,3,3,6,152701,152701
83684,0,0,0,133959,133959
83722,0,1,1,146179,146179
83739,1,2,3,153118,153118
83763,1,1,2,139960,139960
83771,4,10,14,146505,146505
83810,15,21,36,161558,161558
83829,0,1,1,148343,148343
83836,2,2,4,147281,147281
83967,5,1,6,117074,117074
83970,3,6,9,75275,75275
84000,1,1,2,147376,147376
84007,1,2,3,146409,146409
84008,2,2,4,159023,159023
84018,3,5,8,158744,158744
84025,0,1,1,150123,150123
84032,7,10,17,142693,142693
84112,13,9,22,11320,11320
84216,2,2,4,91107,91107
84219,5,3,8,164678,164678
84225,4,5,9,82864,82864
84275,2,3,5,144373,144373
84328,1,2,3,137291,137291
84397,2,8,10,153120,153120
84438,1,1,2,164368,164368
84460,8,5,13,167427,167427
84474,0,1,1,159192,159192
84507,3,2,5,111063,111063
84524,1,1,2,132829,132829
84556,0,2,2,147619,147619
84572,2,11,13,135400,135400
84647,51,37,88,47062,47062
84731,2,2,4,170572,170572
84736,3,5,8,151422,151422
84739,6,14,20,144631,144631
84745,3,20,23,153299,153299
84752,5,28,33,85327,85327
84764,1,2,3,134325,134325
84780,4,9,13,150392,150392
84821,0,8,8,150101,150101
84836,2,5,7,149841,149841
84894,0,2,2,141917,141917
84948,4,7,11,119353,119353
84953,0,3,3,60750,60750
84984,2,5,7,150415,150415
85050,1,1,2,135880,135880
85090,3,8,11,73671,73671
85108,8,5,13,130734,130734
85139,17,11,28,89229,89229
85147,4,10,14,103764,103764
85177,0,6,6,104564,104564
85211,2,2,4,151668,151668
85257,1,4,5,156661,156661
85265,2,5,7,155724,155724
85361,3,1,4,172028,172028
85441,0,1,1,61243,61243
85460,2,2,4,101554,101554
85461,1,1,2,103716,103716
85475,0,2,2,87888,87888
85502,0,1,1,158093,158093
85509,2,6,8,145710,145710
85515,0,2,2,154159,154159
85550,2,7,9,89460,89460
85557,0,3,3,162196,162196
85589,5,4,9,126420,126420
85648,0,1,1,157989,157989
85683,1,1,2,138820,138820
85697,1,5,6,139868,139868
85740,2,15,17,135851,135851
85742,0,2,2,126801,126801
85752,2,5,7,137065,137065
85795,6,12,18,134152,134152
85796,0,2,2,148459,148459
85804,2,3,5,146343,146343
85805,3,14,17,152832,152832
85831,3,13,16,148132,148132
85847,0,2,2,58174,58174
85994,0,0,0,159348,159348
86008,5,16,21,130222,130222
86021,1,1,2,121857,121857
86037,1,2,3,126095,126095
86066,10,21,31,135543,135543
86079,1,7,8,72812,72812
86100,4,7,11,136316,136316
86103,4,5,9,138744,138744
86108,0,8,8,141542,141542
86172,2,2,4,133447,133447
86176,0,0,0,138173,138173
86180,0,0,0,16121,16121
86244,2,4,6,103401,103401
86258,10,14,24,158248,158248
86271,1,2,3,63346,63346
86298,1,5,6,102899,102899
86358,8,31,39,111535,111535
86368,2,36,38,130250,130250
86371,2,2,4,159108,159108
86395,7,6,13,146362,146362
86409,2,2,4,169381,169381
86464,0,1,1,149310,149310
86491,13,9,22,139450,139450
86498,2,8,10,131727,131727
86511,1,2,3,165777,165777
86514,0,4,4,167615,167615
86523,8,24,32,118260,118260
86605,0,1,1,166039,166039
86645,5,7,12,163010,163010
86692,1,5,6,166032,166032
86725,4,12,16,147364,147364
86734,2,5,7,131772,131772
86763,0,0,0,159798,159798
86809,1,4,5,151001,151001
86825,9,7,16,152376,152376
86826,3,3,6,158634,158634
86828,2,3,5,158406,158406
86876,1,4,5,150743,150743
86898,2,8,10,148051,148051
86903,20,33,53,71387,71387
86932,0,5,5,73392,73392
86948,4,9,13,106390,106390
86995,2,2,4,74673,74673
87074,0,2,2,10157,10157
87102,2,7,9,158189,158189
87210,0,1,1,139146,139146
87213,2,1,3,149065,149065
87239,2,3,5,165683,165683
87268,1,2,3,74580,74580
87274,4,3,7,144331,144331
87330,11,8,19,46929,46929
87349,0,2,2,153052,153052
87354,8,10,18,148836,148836
87358,3,3,6,125624,125624
87389,0,0,0,154856,154856
87397,0,0,0,36694,36694
87414,2,2,4,163291,163291
87436,0,1,1,133954,133954
87442,7,15,22,171110,171110
87449,8,8,16,80467,80467
87466,0,4,4,153102,153102
87619,0,4,4,134586,134586
87623,3,4,7,148995,148995
87639,0,1,1,57439,57439
87642,0,3,3,142573,142573
87697,0,2,2,101206,101206
87740,3,3,6,145447,145447
87756,0,1,1,172547,172547
87770,1,1,2,76375,76375
87889,0,1,1,55924,55924
87890,1,3,4,55761,55761
87919,0,2,2,133870,133870
87929,0,0,0,157070,157070
87955,1,2,3,150479,150479
87986,2,6,8,148616,148616
87987,6,10,16,73240,73240
87992,4,7,11,158202,158202
87993,1,11,12,127297,127297
88028,0,11,11,122740,122740
88029,4,11,15,148791,148791
88078,1,1,2,7250,7250
88093,0,1,1,162701,162701
88095,1,3,4,159580,159580
88105,0,5,5,141563,141563
88146,2,8,10,135653,135653
88167,1,2,3,159435,159435
88207,1,2,3,135150,135150
88247,10,17,27,166969,166969
88262,0,18,18,151273,151273
88286,5,8,13,160019,160019
88306,2,8,10,110566,110566
88350,0,1,1,154703,154703
88383,1,0,1,144445,144445
88407,1,2,3,103339,103339
88438,0,0,0,168828,168828
88491,1,6,7,66028,66028
88540,0,1,1,42207,42207
88604,2,8,10,151092,151092
88665,15,31,46,145840,145840
88678,4,8,12,129919,129919
88679,1,3,4,156858,156858
88690,1,4,5,148726,148726
88691,6,16,22,113633,113633
88700,19,17,36,136240,136240
88712,6,45,51,112579,112579
88720,1,9,10,142122,142122
88729,0,3,3,164019,164019
88740,0,0,0,137739,137739
88750,0,0,0,149635,149635
88804,11,3,14,156616,156616
88816,3,4,7,57378,57378
88831,0,7,7,132222,132222
88838,11,25,36,72020,72020
88843,4,16,20,148277,148277
88870,0,0,0,133321,133321
88875,2,9,11,133456,133456
88883,3,1,4,159925,159925
88893,2,1,3,141090,141090
88945,1,2,3,139297,139297
88949,0,5,5,149063,149063
88951,2,4,6,112886,112886
88963,1,8,9,80612,80612
89043,1,4,5,157112,157112
89082,2,4,6,129520,129520
89085,0,1,1,149132,149132
89233,1,7,8,146807,146807
89248,1,3,4,57669,57669
89290,1,7,8,135391,135391
89316,22,21,43,123546,123546
89329,0,2,2,147002,147002
89341,0,4,4,171863,171863
89357,1,2,3,156893,156893
89363,7,4,11,136004,136004
89377,1,2,3,156596,156596
89381,2,2,4,151409,151409
89451,1,5,6,158870,158870
89477,0,4,4,150028,150028
89479,0,4,4,150062,150062
89497,0,2,2,146580,146580
89512,7,10,17,166935,166935
89543,2,9,11,124040,124040
89558,1,13,14,142612,142612
89619,1,5,6,57001,57001
89698,7,5,12,130648,130648
89751,1,3,4,134716,134716
89752,0,7,7,145743,145743
89771,1,14,15,149490,149490
89802,6,22,28,111977,111977
89803,3,2,5,112271,112271
89805,37,48,85,3670,3670
89807,30,102,132,26185,26185
89866,0,2,2,153055,153055
89880,0,0,0,102798,102798
89904,0,4,4,139598,139598
89921,2,2,4,135404,135404
89922,0,2,2,66707,66707
89961,2,2,4,117398,117398
89979,0,5,5,154466,154466
89991,1,3,4,103031,103031
90013,1,1,2,145046,145046
90023,4,7,11,165073,165073
90041,2,5,7,151848,151848
90064,1,3,4,149905,149905
90168,12,16,28,141492,141492
90182,0,9,9,170767,170767
90227,22,32,54,147420,147420
90244,0,4,4,161737,161737
90278,3,4,7,106682,106682
90298,0,3,3,159050,159050
90311,3,7,10,159345,159345
90325,7,16,23,159113,159113
90351,0,1,1,149476,149476
90356,0,3,3,163317,163317
90366,0,5,5,61335,61335
90431,0,10,10,136718,136718
90459,0,1,1,56280,56280
90473,2,10,12,157678,157678
90515,1,7,8,137367,137367
90528,2,6,8,145595,145595
90540,53,99,152,158463,158463
90556,3,7,10,143770,143770
90573,1,2,3,149247,149247
90578,0,5,5,126241,126241
90597,0,1,1,123808,123808
90626,0,1,1,153851,153851
90640,8,4,12,148086,148086
90654,8,13,21,139402,139402
90664,0,1,1,134326,134326
90709,0,1,1,161814,161814
90718,7,11,18,148305,148305
90732,0,1,1,142608,142608
90800,0,1,1,87149,87149
90804,1,8,9,133519,133519
90821,0,1,1,145259,145259
90840,0,5,5,86406,86406
90847,15,3,18,163386,163386
90853,0,2,2,172390,172390
90951,1,5,6,146416,146416
90970,5,2,7,145684,145684
90979,2,3,5,117722,117722
90990,3,4,7,150901,150901
91006,4,25,29,128242,128242
91025,3,2,5,145199,145199
91139,12,5,17,151964,151964
91140,3,5,8,63742,63742
91170,3,20,23,136028,136028
91242,7,14,21,110068,110068
91264,64,47,111,151173,151173
91335,1,3,4,105974,105974
91434,2,2,4,134722,134722
91439,0,0,0,103268,103268
91453,1,2,3,134215,134215
91512,0,0,0,155502,155502
91574,2,6,8,155949,155949
91627,2,20,22,122624,122624
91742,2,4,6,140910,140910
91765,0,0,0,172491,172491
91843,2,14,16,152966,152966
91873,2,2,4,113238,113238
91891,1,1,2,132987,132987
91916,1,3,4,92749,92749
91950,23,4,27,149177,149177
91965,1,8,9,59864,59864
91992,0,3,3,55967,55967
92007,3,3,6,118869,118869
92036,2,3,5,136413,136413
92037,15,25,40,67302,67302
92138,5,11,16,149253,149253
92149,2,12,14,135336,135336
92150,5,13,18,134363,134363
92153,7,7,14,796,796
92160,2,22,24,160174,160174
92172,2,17,19,147500,147500
92193,0,4,4,126982,126982
92219,1,2,3,65768,65768
92221,4,13,17,72940,72940
92239,0,3,3,152484,152484
92243,2,2,4,152707,152707
92274,70,22,92,36889,36889
92302,0,3,3,143049,143049
92308,0,0,0,138900,138900
92363,1,10,11,115163,115163
92434,3,22,25,115631,115631
92441,0,0,0,129940,129940
92458,4,5,9,123650,123650
92459,10,19,29,134207,134207
92485,6,6,12,130045,130045
92499,0,2,2,74477,74477
92510,0,0,0,168403,168403
92522,1,7,8,147791,147791
92528,1,2,3,59886,59886
92547,0,2,2,142504,142504
92589,3,5,8,144735,144735
92599,3,7,10,150871,150871
92603,5,4,9,164464,164464
92625,1,4,5,115457,115457
92688,19,36,55,51010,51010
92692,1,8,9,142092,142092
92693,26,50,76,141964,141964
92768,2,8,10,120596,120596
92775,6,11,17,135127,135127
92884,0,5,5,134530,134530
92920,16,5,21,95446,95446
93023,2,5,7,150043,150043
93024,4,34,38,143797,143797
93028,0,5,5,160154,160154
93076,2,5,7,142555,142555
93100,8,5,13,119115,119115
93106,11,13,24,74459,74459
93107,31,32,63,135940,135940
93109,7,23,30,145211,145211
93118,14,23,37,92460,92460
93147,32,39,71,136497,136497
93171,21,63,84,34258,34258
93180,15,18,33,155227,155227
93189,0,0,0,142902,142902
93195,1,2,3,56686,56686
93249,0,4,4,75968,75968
93252,19,11,30,11767,11767
93258,27,19,46,109785,109785
93268,7,7,14,121144,121144
93269,14,8,22,2881,2881
93274,26,30,56,14133,14133
93275,6,15,21,119916,119916
93279,26,16,42,59631,59631
93293,19,36,55,40524,40524
93294,3,6,9,77739,77739
93296,41,27,68,101205,101205
93297,39,11,50,109764,109764
93308,37,39,76,14821,14821
93311,21,48,69,109058,109058
93314,28,25,53,32635,32635
93317,11,12,23,16597,16597
93321,11,18,29,17329,17329
93325,28,25,53,141401,141401
93331,7,21,28,97960,97960
93336,6,13,19,22922,22922
93337,26,29,55,11027,11027
93339,4,5,9,41894,41894
93379,3,3,6,137226,137226
93387,0,0,0,134050,134050
93418,2,5,7,135222,135222
93432,2,5,7,162866,162866
93459,0,2,2,136324,136324
93476,7,17,24,137813,137813
93480,5,10,15,74357,74357
93481,6,6,12,74967,74967
93485,3,2,5,131818,131818
93487,9,7,16,130897,130897
93488,16,18,34,65909,65909
93502,8,7,15,138509,138509
93523,7,4,11,148637,148637
93529,8,27,35,124657,124657
93593,4,4,8,134338,134338
93594,1,3,4,141266,141266
93596,0,2,2,74634,74634
93601,9,4,13,73721,73721
93606,2,10,12,153343,153343
93607,0,1,1,121440,121440
93620,0,2,2,60008,60008
93625,0,0,0,163626,163626
93688,3,18,21,145667,145667
93735,16,26,42,92766,92766
93751,0,2,2,112817,112817
93765,2,3,5,166642,166642
93907,1,6,7,142872,142872
93922,0,1,1,156505,156505
93977,0,0,0,143805,143805
94002,2,4,6,134298,134298
94012,0,1,1,141806,141806
94062,2,3,5,72309,72309
94119,2,9,11,133818,133818
94123,4,11,15,121558,121558
94132,0,4,4,165276,165276
94148,0,3,3,161451,161451
94158,2,10,12,128364,128364
94179,0,1,1,136458,136458
94200,1,4,5,135396,135396
94254,4,4,8,119339,119339
94269,1,8,9,49539,49539
94399,2,5,7,165432,165432
94422,1,1,2,125054,125054
94427,1,1,2,107106,107106
94436,0,0,0,171861,171861
94443,1,2,3,165901,165901
94453,0,1,1,159860,159860
94555,0,2,2,139093,139093
94583,0,7,7,134409,134409
94588,0,0,0,122401,122401
94615,4,6,10,155713,155713
94705,0,0,0,161850,161850
94713,5,5,10,103508,103508
94716,21,49,70,159389,159389
94723,3,7,10,131156,131156
94768,0,3,3,103522,103522
94792,1,2,3,107390,107390
94800,0,0,0,166710,166710
94830,2,7,9,30797,30797
94869,1,2,3,109750,109750
94880,11,2,13,66087,66087
94940,2,5,7,98049,98049
94969,0,1,1,159489,159489
94974,5,14,19,147866,147866
94984,2,6,8,153114,153114
95036,6,8,14,118520,118520
95037,6,10,16,72369,72369
95079,5,11,16,151991,151991
95081,15,33,48,112506,112506
95085,5,8,13,148038,148038
95201,0,1,1,168924,168924
95212,2,6,8,147601,147601
95235,11,2,13,73983,73983
95266,0,7,7,141415,141415
95306,2,3,5,147831,147831
95352,0,1,1,157708,157708
95377,4,10,14,132085,132085
95394,12,17,29,159155,159155
95402,0,6,6,156622,156622
95429,6,7,13,150659,150659
95435,1,1,2,160203,160203
95455,2,4,6,55154,55154
95470,3,7,10,129623,129623
95484,1,3,4,148620,148620
95510,12,28,40,141951,141951
95562,1,3,4,145691,145691
95586,1,1,2,47016,47016
95644,5,14,19,57107,57107
95660,5,4,9,74519,74519
95676,1,5,6,172181,172181
95697,1,2,3,47097,47097
95702,30,32,62,170041,170041
95728,3,4,7,25962,25962
95800,4,5,9,104181,104181
95823,3,6,9,147448,147448
95829,1,4,5,73858,73858
95835,1,0,1,74422,74422
95848,11,42,53,37217,37217
95871,36,6,42,126206,126206
95878,2,2,4,140137,140137
95935,1,6,7,76650,76650
95977,0,0,0,138399,138399
95986,4,10,14,117020,117020
95989,13,35,48,154167,154167
95995,0,3,3,118713,118713
96022,55,30,85,122398,122398
96030,0,5,5,170488,170488
96078,0,0,0,132409,132409
96118,0,0,0,135197,135197
96184,0,0,0,153736,153736
96189,7,10,17,150292,150292
96202,7,13,20,154693,154693
96263,0,2,2,90973,90973
96291,25,29,54,58472,58472
96349,2,4,6,156238,156238
96350,4,9,13,161517,161517
96413,6,48,54,126381,126381
96419,0,5,5,154533,154533
96536,5,6,11,158130,158130
96537,0,3,3,21846,21846
96540,0,1,1,154338,154338
96585,5,11,16,150352,150352
96597,0,3,3,143461,143461
96665,0,0,0,168762,168762
96717,0,1,1,158366,158366
96734,1,1,2,74664,74664
96756,12,15,27,155208,155208
96781,2,1,3,106958,106958
96811,0,4,4,149629,149629
96813,1,4,5,146419,146419
96823,2,10,12,71706,71706
96829,0,2,2,151255,151255
96859,1,4,5,104130,104130
96893,0,1,1,114354,114354
96918,1,3,4,160196,160196
96934,0,0,0,133718,133718
96937,1,1,2,66734,66734
96991,0,4,4,133503,133503
97015,5,10,15,149345,149345
97028,0,0,0,147792,147792
97045,3,2,5,152734,152734
97049,5,9,14,151193,151193
97129,0,10,10,130214,130214
97154,0,5,5,10293,10293
97170,7,18,25,101467,101467
97203,0,1,1,116184,116184
97209,0,1,1,112368,112368
97210,4,9,13,146470,146470
97221,2,6,8,148994,148994
97222,2,3,5,146771,146771
97227,0,1,1,71726,71726
97260,0,1,1,104764,104764
97284,0,1,1,161627,161627
97293,2,4,6,57057,57057
97301,1,3,4,57838,57838
97309,4,6,10,157714,157714
97319,1,3,4,137353,137353
97326,0,3,3,149170,149170
97382,2,1,3,82290,82290
97385,1,2,3,82545,82545
97433,0,3,3,134141,134141
97465,6,12,18,169356,169356
97466,3,11,14,134461,134461
97493,7,5,12,96707,96707
97501,2,1,3,163163,163163
97506,11,12,23,151553,151553
97560,2,0,2,55354,55354
97635,6,7,13,125362,125362
97755,0,0,0,129493,129493
97756,1,1,2,128647,128647
97757,3,7,10,168988,168988
97764,0,1,1,163216,163216
97786,2,2,4,132484,132484
97826,1,4,5,134735,134735
97871,1,1,2,80270,80270
97881,1,3,4,80665,80665
97882,1,4,5,144729,144729
97919,0,0,0,117423,117423
97979,3,4,7,73261,73261
98056,3,4,7,131109,131109
98075,1,3,4,62758,62758
98091,0,0,0,168824,168824
98100,4,4,8,74471,74471
98104,1,1,2,152671,152671
98132,0,0,0,163397,163397
98204,50,18,68,90403,90403
98212,1,3,4,151444,151444
98239,2,4,6,142929,142929
98240,2,4,6,163927,163927
98243,4,6,10,163574,163574
98269,1,1,2,115913,115913
98311,1,1,2,74878,74878
98315,1,2,3,123850,123850
98319,1,3,4,114756,114756
98377,0,17,17,128625,128625
98430,2,6,8,77354,77354
98439,2,2,4,160932,160932
98453,7,76,83,31267,31267
98472,1,3,4,134847,134847
98473,0,1,1,66063,66063
98484,0,0,0,121588,121588
98493,1,2,3,161505,161505
98501,0,2,2,144737,144737
98505,0,0,0,146393,146393
98542,1,1,2,160497,160497
98549,6,2,8,130954,130954
98551,0,1,1,168727,168727
98625,1,2,3,73961,73961
98636,1,1,2,130124,130124
98639,6,12,18,73349,73349
98671,1,2,3,132879,132879
98728,9,7,16,93997,93997
98734,11,8,19,155711,155711
98761,1,4,5,148992,148992
98762,12,16,28,117943,117943
98791,3,4,7,159865,159865
98829,0,12,12,74853,74853
98831,0,0,0,70872,70872
98851,1,7,8,99556,99556
98856,0,2,2,134571,134571
98857,4,2,6,121703,121703
98863,0,0,0,75394,75394
98897,7,12,19,86916,86916
98905,19,20,39,149609,149609
98938,2,4,6,147732,147732
98945,0,1,1,158490,158490
99021,0,9,9,148791,148791
99027,0,5,5,146249,146249
99029,3,15,18,146766,146766
99032,0,4,4,99533,99533
99068,0,1,1,149479,149479
99102,1,6,7,146885,146885
99107,6,24,30,116423,116423
99134,0,11,11,147841,147841
99258,1,8,9,463,463
99280,9,16,25,136819,136819
99292,1,2,3,141855,141855
99357,4,2,6,143784,143784
99364,1,1,2,63075,63075
99393,3,24,27,77747,77747
99403,2,4,6,132894,132894
99535,1,9,10,149167,149167
99549,1,0,1,165522,165522
99573,1,3,4,72869,72869
99596,1,1,2,148929,148929
99668,1,3,4,161506,161506
99707,5,17,22,58700,58700
99743,13,12,25,149832,149832
99790,0,2,2,140391,140391
99791,0,5,5,160120,160120
99846,1,0,1,55498,55498
99867,2,5,7,141334,141334
99873,1,0,1,135030,135030
99879,2,1,3,158995,158995
99885,1,2,3,155402,155402
99917,0,1,1,154057,154057
99919,13,7,20,78684,78684
99975,3,1,4,102403,102403
100016,1,4,5,147822,147822
100026,2,2,4,126213,126213
100061,0,1,1,169632,169632
100127,38,28,66,80229,80229
100132,1,2,3,151854,151854
100152,0,2,2,75381,75381
100156,0,2,2,153041,153041
100196,1,1,2,67766,67766
100253,2,2,4,125822,125822
100284,1,0,1,120364,120364
100291,1,8,9,133497,133497
100306,0,4,4,51060,51060
100316,2,3,5,72128,72128
100318,2,5,7,146447,146447
100411,4,0,4,131770,131770
100414,7,4,11,50157,50157
100436,0,7,7,155130,155130
100444,0,10,10,148660,148660
100477,0,0,0,137494,137494
100489,1,2,3,170536,170536
100592,8,18,26,148105,148105
100611,1,3,4,138398,138398
100673,0,2,2,128243,128243
100700,2,2,4,144944,144944
100703,17,15,32,94203,94203
100706,0,0,0,162686,162686
100771,1,3,4,44038,44038
100773,0,2,2,142826,142826
100777,0,1,1,168506,168506
100808,11,0,11,150859,150859
100827,0,1,1,123712,123712
100868,0,0,0,51859,51859
100941,2,9,11,130839,130839
101028,4,9,13,122403,122403
101033,0,1,1,152703,152703
101109,4,19,23,20267,20267
101118,0,1,1,142452,142452
101139,0,4,4,146345,146345
101209,3,8,11,38235,38235
101211,3,4,7,132827,132827
101238,6,34,40,18849,18849
101244,2,2,4,148182,148182
101304,0,0,0,154429,154429
101307,2,6,8,146693,146693
101308,1,7,8,163416,163416
101362,2,4,6,169019,169019
101373,0,5,5,117861,117861
101396,0,2,2,157519,157519
101425,1,6,7,162876,162876
101447,6,0,6,126100,126100
101550,0,1,1,65214,65214
101557,0,0,0,132871,132871
101586,0,2,2,106357,106357
101592,3,4,7,99393,99393
101609,1,1,2,146781,146781
101742,0,3,3,130712,130712
101745,1,11,12,137929,137929
101796,2,4,6,151328,151328
101816,2,2,4,38972,38972
101845,4,11,15,146683,146683
101888,0,2,2,152123,152123
101906,0,2,2,56931,56931
101932,2,4,6,130797,130797
101956,0,2,2,129861,129861
101977,5,4,9,74576,74576
102027,1,3,4,156281,156281
102091,1,0,1,154842,154842
102124,1,2,3,153302,153302
102140,0,1,1,145320,145320
102141,3,2,5,156520,156520
102144,3,2,5,141442,141442
102206,1,2,3,125281,125281
102223,0,0,0,82720,82720
102255,1,2,3,141634,141634
102266,1,3,4,144649,144649
102300,0,12,12,154580,154580
102309,3,5,8,150593,150593
102337,1,3,4,126257,126257
102340,0,3,3,146886,146886
102342,2,7,9,126656,126656
102348,0,2,2,120737,120737
102394,1,9,10,146239,146239
102406,2,8,10,71349,71349
102425,2,2,4,149243,149243
102427,4,11,15,160683,160683
102439,3,3,6,146553,146553
102459,0,2,2,147144,147144
102461,0,2,2,83598,83598
102477,0,14,14,71162,71162
102501,4,10,14,146326,146326
102502,0,9,9,148353,148353
102506,0,11,11,149344,149344
102545,3,5,8,148249,148249
102661,0,2,2,80748,80748
102721,9,9,18,130312,130312
102802,4,5,9,138222,138222
102804,2,1,3,61570,61570
102840,0,4,4,104363,104363
102902,0,0,0,133053,133053
102929,1,2,3,117605,117605
102952,0,2,2,146691,146691
102956,1,1,2,154986,154986
103003,4,14,18,115227,115227
103008,0,7,7,148554,148554
103100,0,1,1,121310,121310
103114,5,6,11,146527,146527
103127,0,1,1,148205,148205
103135,0,0,0,84994,84994
103140,1,1,2,128111,128111
103167,5,3,8,132407,132407
103172,2,3,5,152175,152175
103174,0,6,6,145041,145041
103201,1,0,1,142839,142839
103226,8,6,14,161449,161449
103275,2,3,5,134098,134098
103278,1,2,3,119692,119692
103285,1,4,5,154146,154146
103293,3,18,21,103624,103624
103313,0,0,0,145702,145702
103416,2,2,4,137425,137425
103424,0,9,9,137623,137623
103427,1,4,5,159671,159671
103447,57,84,141,20064,20064
103475,0,0,0,134027,134027
103498,3,20,23,162001,162001
103502,1,5,6,144921,144921
103517,20,47,67,132499,132499
103537,2,5,7,163717,163717
103550,2,7,9,81988,81988
103555,1,12,13,133944,133944
103573,1,5,6,140485,140485
103624,0,0,0,157658,157658
103629,2,2,4,166180,166180
103684,1,3,4,133653,133653
103700,0,0,0,156563,156563
103724,5,6,11,148831,148831
103757,2,1,3,145985,145985
103759,7,13,20,58790,58790
103787,2,1,3,74552,74552
103849,0,1,1,158192,158192
103921,90,38,128,151955,151955
103943,2,4,6,164141,164141
103977,1,12,13,158781,158781
103986,2,4,6,131948,131948
104049,2,8,10,150862,150862
104057,2,10,12,60745,60745
104059,4,0,4,56324,56324
104161,0,13,13,160978,160978
104208,0,1,1,152392,152392
104211,0,2,2,121531,121531
104321,1,2,3,1994,1994
104409,0,3,3,150778,150778
104412,1,6,7,161563,161563
104487,0,1,1,106155,106155
104498,2,0,2,5639,5639
104500,4,4,8,155766,155766
104519,0,2,2,135809,135809
104521,0,2,2,71128,71128
104536,2,4,6,137313,137313
104541,6,9,15,52868,52868
104544,8,3,11,153183,153183
104550,1,0,1,147253,147253
104552,1,3,4,146816,146816
104561,0,2,2,146733,146733
104567,13,21,34,27945,27945
104571,15,50,65,71559,71559
104577,19,24,43,113779,113779
104612,2,15,17,154688,154688
104652,1,2,3,124701,124701
104697,2,24,26,112165,112165
104712,2,0,2,112389,112389
104731,0,2,2,159783,159783
104770,1,1,2,154335,154335
104827,2,2,4,107692,107692
104863,0,0,0,113038,113038
104867,0,0,0,161641,161641
104870,2,2,4,137891,137891
104875,0,2,2,136808,136808
104889,2,4,6,77486,77486
104895,1,11,12,129388,129388
104943,0,1,1,109059,109059
105041,1,1,2,83015,83015
105143,0,4,4,162393,162393
105170,3,2,5,70356,70356
105175,1,2,3,110350,110350
105229,0,1,1,133721,133721
105267,0,11,11,148646,148646
105294,0,0,0,142706,142706
105363,0,4,4,14983,14983
105407,1,0,1,13499,13499
105452,1,3,4,94547,94547
105473,1,1,2,134114,134114
105498,12,20,32,95688,95688
105543,1,1,2,92784,92784
105544,2,12,14,61081,61081
105545,1,5,6,30045,30045
105562,3,2,5,157599,157599
105625,0,0,0,129237,129237
105731,8,23,31,118405,118405
105758,1,2,3,133374,133374
105814,1,13,14,113230,113230
105827,1,6,7,124003,124003
105828,1,8,9,70797,70797
105834,0,3,3,74163,74163
105883,4,8,12,133645,133645
105939,1,4,5,152742,152742
105968,4,4,8,103944,103944
105969,0,2,2,152620,152620
105979,2,8,10,112674,112674
106142,0,1,1,153127,153127
106200,8,10,18,88598,88598
106209,21,62,83,42714,42714
106211,1,8,9,71002,71002
106217,5,14,19,46120,46120
106221,2,30,32,53313,53313
106247,0,0,0,60193,60193
106256,0,2,2,143788,143788
106359,0,1,1,134862,134862
106428,1,1,2,116717,116717
106507,0,0,0,148354,148354
106558,3,6,9,95056,95056
106569,11,5,16,73447,73447
106570,9,4,13,71117,71117
106575,2,8,10,147935,147935
106644,0,4,4,59689,59689
106646,5,9,14,122891,122891
106650,17,25,42,130008,130008
106666,1,6,7,55426,55426
106734,0,0,0,133253,133253
106741,0,1,1,79121,79121
106743,3,1,4,148592,148592
106748,6,11,17,57100,57100
106760,1,0,1,120491,120491
106880,0,2,2,66459,66459
106978,0,0,0,155713,155713
106983,1,1,2,150090,150090
107006,1,11,12,55328,55328
107044,25,31,56,141022,141022
107045,1,0,1,119733,119733
107200,5,13,18,146887,146887
107250,3,1,4,87483,87483
107353,1,4,5,61284,61284
107376,0,2,2,50973,50973
107383,0,2,2,154189,154189
107442,2,3,5,74500,74500
107456,3,6,9,146364,146364
107471,1,2,3,162908,162908
107496,1,9,10,124723,124723
107517,1,10,11,158945,158945
107535,0,5,5,133857,133857
107542,3,40,43,135892,135892
107585,8,11,19,53095,53095
107617,0,0,0,162400,162400
107619,2,2,4,54888,54888
107638,0,4,4,136003,136003
107640,6,6,12,10292,10292
107647,4,7,11,127906,127906
107653,4,16,20,167534,167534
107668,0,0,0,163927,163927
107693,1,8,9,60926,60926
107743,3,11,14,47928,47928
107772,1,8,9,149269,149269
107787,1,3,4,133221,133221
107791,2,3,5,157941,157941
107820,1,4,5,159016,159016
107825,1,1,2,103265,103265
107829,1,4,5,135288,135288
107932,2,2,4,95101,95101
107934,2,2,4,95095,95095
107962,1,2,3,128678,128678
107986,0,2,2,99511,99511
108007,0,0,0,133740,133740
108099,0,7,7,90466,90466
108123,0,0,0,163421,163421
108133,19,21,40,72774,72774
108162,9,3,12,152434,152434
108224,1,4,5,99539,99539
108272,1,32,33,147644,147644
108290,0,5,5,154820,154820
108343,1,1,2,106562,106562
108366,2,18,20,136561,136561
108367,1,17,18,112872,112872
108380,2,4,6,55404,55404
108383,3,18,21,59562,59562
108395,2,3,5,135074,135074
108484,1,2,3,163470,163470
108536,1,2,3,142803,142803
108558,2,5,7,118707,118707
108568,0,2,2,159324,159324
108577,0,6,6,154762,154762
108608,0,0,0,157683,157683
108653,1,9,10,69749,69749
108668,0,2,2,143747,143747
108705,0,5,5,159581,159581
108731,1,7,8,135880,135880
108742,4,21,25,118489,118489
108744,0,3,3,144954,144954
108746,0,1,1,154245,154245
108751,1,2,3,167559,167559
108801,1,1,2,58034,58034
108821,1,9,10,155262,155262
108832,3,6,9,150176,150176
108920,5,3,8,75013,75013
108988,0,1,1,157943,157943
109001,0,1,1,78301,78301
109032,0,0,0,105803,105803
109036,2,2,4,158505,158505
109044,8,8,16,137311,137311
109047,0,1,1,59487,59487
109097,1,4,5,152090,152090
109112,1,1,2,167211,167211
109113,1,2,3,66434,66434
109119,1,3,4,151673,151673
109171,8,2,10,147021,147021
109184,0,1,1,133900,133900
109203,1,3,4,152227,152227
109246,10,46,56,73896,73896
109324,14,10,24,131475,131475
109369,9,5,14,146362,146362
109391,5,6,11,13702,13702
109417,1,4,5,134017,134017
109418,2,1,3,123045,123045
109485,1,5,6,127360,127360
109506,1,9,10,131288,131288
109513,0,0,0,146972,146972
109515,1,1,2,151562,151562
109527,6,32,38,26296,26296
109562,2,1,3,162858,162858
109608,6,7,13,137231,137231
109610,5,9,14,106199,106199
109621,7,10,17,159823,159823
109631,2,2,4,111346,111346
109635,18,27,45,132882,132882
109647,23,36,59,135613,135613
109648,1,29,30,78960,78960
109652,7,29,36,149040,149040
109740,3,2,5,145316,145316
109775,2,1,3,135913,135913
109966,0,5,5,136316,136316
109975,1,3,4,165664,165664
109994,2,2,4,76195,76195
110015,0,1,1,150708,150708
110070,0,1,1,153505,153505
110075,0,0,0,161828,161828
110093,6,8,14,57908,57908
110101,0,5,5,159768,159768
110170,2,7,9,73416,73416
110177,3,3,6,136072,136072
110188,0,1,1,139333,139333
110204,0,5,5,112211,112211
110229,0,1,1,161652,161652
110249,1,8,9,110514,110514
110262,1,0,1,57045,57045
110271,0,3,3,138519,138519
110283,2,3,5,132027,132027
110318,2,1,3,159761,159761
110319,1,9,10,150134,150134
110366,2,3,5,157521,157521
110388,1,8,9,62774,62774
110395,2,1,3,121612,121612
110403,0,1,1,133603,133603
110413,0,1,1,158647,158647
110433,11,18,29,141414,141414
110442,0,1,1,74522,74522
110463,2,28,30,74592,74592
110497,7,12,19,132038,132038
110577,5,12,17,38779,38779
110592,0,12,12,61628,61628
110699,0,1,1,150724,150724
110737,1,1,2,157436,157436
110794,0,1,1,152891,152891
110881,0,0,0,167013,167013
110895,1,2,3,138492,138492
110903,66,38,104,134985,134985
110916,6,8,14,148325,148325
110989,1,3,4,158439,158439
111005,0,5,5,72868,72868
111029,4,1,5,172468,172468
111054,0,0,0,171444,171444
111102,4,11,15,168205,168205
111105,17,47,64,167928,167928
111114,1,9,10,148132,148132
111127,0,1,1,94839,94839
111162,1,4,5,131253,131253
111181,2,4,6,72400,72400
111185,1,3,4,73469,73469
111189,2,16,18,110343,110343
111203,1,13,14,133860,133860
111205,2,7,9,154638,154638
111208,5,8,13,99641,99641
111280,1,3,4,160114,160114
111342,1,2,3,150420,150420
111343,2,6,8,149038,149038
111452,8,14,22,168704,168704
111570,0,2,2,110317,110317
111592,6,16,22,71538,71538
111627,6,13,19,81274,81274
111710,2,2,4,133978,133978
111730,0,5,5,73295,73295
111732,1,3,4,75781,75781
111792,0,1,1,165214,165214
111821,0,1,1,42327,42327
111984,0,3,3,109409,109409
112002,0,3,3,156602,156602
112018,0,1,1,72383,72383
112096,0,1,1,113625,113625
112117,0,0,0,143348,143348
112142,2,4,6,162241,162241
112186,0,1,1,167631,167631
112221,0,2,2,149330,149330
112228,22,64,86,103700,103700
112241,1,1,2,150604,150604
112260,2,2,4,134862,134862
112336,4,4,8,105251,105251
112359,4,10,14,153741,153741
112462,0,2,2,138107,138107
112479,1,6,7,146514,146514
112481,1,6,7,145431,145431
112542,0,0,0,160170,160170
112572,0,1,1,130439,130439
112582,1,1,2,68230,68230
112588,1,1,2,136297,136297
112589,1,1,2,139148,139148
112617,1,4,5,156040,156040
112642,1,4,5,147029,147029
112667,0,1,1,44874,44874
112688,0,0,0,172363,172363
112699,4,4,8,160486,160486
112707,3,10,13,146721,146721
112743,16,34,50,169482,169482
112779,2,2,4,151884,151884
112862,1,6,7,59004,59004
112879,0,1,1,136994,136994
112916,0,1,1,133993,133993
112952,0,2,2,143334,143334
113005,3,10,13,146500,146500
113050,0,0,0,107956,107956
113066,3,4,7,147331,147331
113078,3,15,18,38681,38681
113084,0,1,1,160170,160170
113088,0,4,4,127180,127180
113135,1,1,2,72890,72890
113142,4,4,8,129755,129755
113223,5,41,46,115292,115292
113232,2,1,3,55602,55602
113281,6,8,14,146907,146907
113282,1,0,1,159941,159941
113299,1,3,4,141751,141751
113319,3,1,4,73170,73170
113330,1,2,3,160624,160624
113334,0,1,1,143356,143356
113336,1,3,4,146763,146763
113366,10,11,21,129496,129496
113395,3,4,7,73383,73383
113400,2,7,9,73279,73279
113412,1,2,3,161168,161168
113501,6,1,7,143872,143872
113524,0,0,0,163579,163579
113541,2,3,5,163022,163022
113542,1,2,3,143835,143835
113561,2,4,6,140467,140467
113564,5,3,8,122687,122687
113596,5,1,6,118255,118255
113600,0,9,9,134584,134584
113604,4,22,26,141820,141820
113614,0,0,0,171431,171431
113655,0,0,0,153779,153779
113690,20,31,51,152070,152070
113700,2,3,5,132375,132375
113705,3,6,9,165319,165319
113774,3,1,4,79671,79671
113776,5,9,14,155253,155253
113779,11,20,31,154998,154998
113783,0,1,1,97608,97608
113850,0,3,3,111053,111053
113880,1,4,5,148622,148622
113895,0,4,4,155182,155182
114027,5,30,35,135212,135212
114039,0,2,2,149968,149968
114104,0,5,5,73250,73250
114105,1,9,10,171676,171676
114140,5,3,8,65137,65137
114187,1,1,2,166769,166769
114221,7,13,20,134301,134301
114230,5,6,11,171989,171989
114244,2,6,8,142910,142910
114247,2,1,3,84877,84877
114289,2,12,14,111463,111463
114314,0,1,1,150002,150002
114351,0,5,5,6242,6242
114377,0,0,0,156107,156107
114386,1,8,9,144579,144579
114456,0,3,3,51451,51451
114490,1,41,42,154090,154090
114523,0,3,3,146312,146312
114548,0,9,9,101986,101986
114578,0,0,0,114790,114790
114618,0,0,0,119427,119427
114647,1,1,2,138025,138025
114693,3,4,7,81469,81469
114715,0,0,0,159847,159847
114733,0,0,0,136457,136457
114738,1,3,4,150339,150339
114763,4,5,9,160609,160609
114766,1,1,2,150369,150369
114788,1,6,7,153289,153289
114791,0,4,4,146643,146643
114833,1,1,2,163499,163499
114857,2,8,10,71585,71585
114914,2,4,6,157014,157014
115005,1,34,35,59194,59194
115018,0,1,1,160440,160440
115038,9,19,28,70065,70065
115051,10,10,20,162976,162976
115054,10,26,36,112799,112799
115064,4,15,19,148622,148622
115074,9,4,13,109971,109971
115086,0,7,7,128688,128688
115126,1,12,13,138064,138064
115136,10,4,14,134337,134337
115139,1,2,3,141897,141897
115191,0,1,1,150422,150422
115204,0,4,4,94859,94859
115229,6,9,15,125538,125538
115246,1,5,6,126708,126708
115292,3,3,6,156217,156217
115342,0,0,0,138071,138071
115393,0,0,0,153093,153093
115447,3,2,5,126754,126754
115453,3,0,3,130440,130440
115557,0,1,1,154569,154569
115562,1,1,2,170892,170892
115567,1,2,3,71991,71991
115584,2,12,14,144107,144107
115660,0,7,7,149575,149575
115675,3,5,8,106994,106994
115684,0,1,1,98115,98115
115756,0,2,2,160554,160554
115818,2,3,5,37404,37404
115840,0,1,1,68173,68173
115889,0,0,0,67007,67007
115896,2,1,3,170654,170654
115920,3,2,5,164433,164433
115949,2,2,4,130234,130234
115966,0,2,2,62988,62988
115969,1,3,4,155347,155347
116070,7,15,22,129800,129800
116076,1,4,5,150173,150173
116139,1,5,6,126385,126385
116191,2,4,6,169203,169203
116193,0,3,3,135037,135037
116255,5,20,25,135439,135439
116284,7,20,27,71183,71183
116320,1,6,7,145844,145844
116323,20,18,38,46468,46468
116438,1,6,7,147526,147526
116545,0,1,1,150577,150577
116631,1,5,6,147815,147815
116632,4,5,9,145452,145452
116633,15,6,21,77392,77392
116638,6,6,12,152478,152478
116677,0,4,4,148266,148266
116686,1,3,4,71736,71736
116745,2,2,4,147665,147665
116762,0,2,2,154121,154121
116780,10,13,23,149491,149491
116791,1,4,5,148596,148596
116792,2,2,4,161304,161304
116797,0,7,7,147944,147944
116820,1,11,12,137077,137077
116838,2,5,7,164193,164193
116887,3,2,5,152579,152579
116936,0,9,9,130298,130298
116940,1,2,3,74235,74235
116950,0,0,0,171327,171327
116959,0,3,3,170004,170004
116966,9,21,30,149132,149132
116972,4,5,9,163049,163049
117033,3,5,8,70372,70372
117037,2,3,5,94050,94050
117051,1,2,3,55853,55853
117100,1,3,4,113958,113958
117134,1,1,2,131450,131450
117190,0,1,1,150012,150012
117234,2,4,6,135235,135235
117246,1,9,10,141785,141785
117297,0,1,1,144172,144172
117421,10,20,30,127272,127272
117424,6,14,20,110491,110491
117439,2,23,25,145973,145973
117495,2,8,10,162982,162982
117514,3,2,5,130029,130029
117538,4,6,10,133981,133981
117550,1,1,2,135114,135114
117609,0,0,0,137051,137051
117636,0,0,0,128262,128262
117651,0,0,0,168610,168610
117693,3,8,11,72476,72476
117717,3,3,6,146288,146288
117754,0,0,0,158808,158808
117783,0,1,1,124565,124565
117825,2,5,7,139923,139923
117882,3,2,5,113160,113160
118040,0,1,1,135998,135998
118088,0,10,10,149245,149245
118132,2,7,9,160016,160016
118147,4,4,8,154282,154282
118154,1,5,6,132811,132811
118274,2,12,14,72759,72759
118282,1,1,2,147094,147094
118283,2,4,6,154851,154851
118290,2,10,12,153659,153659
118304,10,15,25,162443,162443
118326,0,1,1,56051,56051
118355,0,0,0,146744,146744
118365,6,20,26,46320,46320
118370,2,7,9,46501,46501
118375,1,3,4,45362,45362
118378,0,0,0,141291,141291
118422,2,3,5,152809,152809
118483,1,4,5,164674,164674
118505,0,4,4,156639,156639
118508,14,20,34,130503,130503
118513,4,5,9,77266,77266
118514,1,3,4,81895,81895
118526,3,9,12,147462,147462
118527,4,22,26,151077,151077
118544,0,0,0,136257,136257
118555,6,5,11,134048,134048
118574,0,5,5,84843,84843
118602,0,0,0,65233,65233
118727,0,0,0,138081,138081
118729,3,4,7,161117,161117
118735,1,1,2,133990,133990
118814,0,1,1,73572,73572
118853,1,5,6,156487,156487
118888,0,1,1,143294,143294
118892,15,27,42,130074,130074
118927,2,4,6,68354,68354
118951,0,2,2,165819,165819
118970,2,6,8,54917,54917
118988,2,2,4,77654,77654
118992,1,0,1,158663,158663
119054,2,3,5,146394,146394
119092,0,0,0,149011,149011
119126,0,3,3,138164,138164
119137,1,5,6,160946,160946
119169,0,3,3,124817,124817
119214,0,2,2,157796,157796
119238,0,1,1,146033,146033
119239,0,1,1,96458,96458
119282,0,15,15,68524,68524
119333,7,37,44,136735,136735
119357,1,1,2,115968,115968
119364,1,1,2,83469,83469
119385,5,18,23,155342,155342
119399,1,2,3,150045,150045
119401,0,2,2,148299,148299
119403,1,5,6,148943,148943
119429,1,4,5,115978,115978
119460,8,50,58,117214,117214
119521,0,2,2,171191,171191
119522,0,2,2,100680,100680
119553,0,4,4,29346,29346
119586,0,2,2,139787,139787
119646,0,0,0,118786,118786
119670,2,3,5,159421,159421
119704,1,2,3,78557,78557
119705,1,2,3,80981,80981
119726,2,5,7,132089,132089
119769,9,10,19,70418,70418
119810,6,20,26,114975,114975
119840,0,1,1,15998,15998
119985,1,3,4,157230,157230
120015,0,0,0,131720,131720
120032,2,1,3,143779,143779
120050,2,4,6,66962,66962
120055,3,11,14,154514,154514
120115,5,1,6,70715,70715
120131,1,4,5,71757,71757
120190,3,2,5,149319,149319
120195,0,2,2,143431,143431
120216,0,0,0,130195,130195
120222,6,21,27,149071,149071
120250,18,30,48,6520,6520
120301,0,4,4,71151,71151
120303,1,0,1,169295,169295
120311,0,2,2,140630,140630
120327,6,11,17,15066,15066
120339,0,2,2,153853,153853
120340,0,3,3,134535,134535
120360,0,5,5,171237,171237
120370,1,3,4,148194,148194
120373,0,5,5,164120,164120
120398,0,0,0,161679,161679
120456,0,1,1,157816,157816
120465,0,0,0,110618,110618
120484,1,1,2,152397,152397
120495,1,4,5,142550,142550
120514,3,4,7,109033,109033
120531,0,0,0,99123,99123
120590,2,12,14,136895,136895
120630,1,9,10,144590,144590
120670,9,9,18,126279,126279
120697,0,1,1,141569,141569
120719,4,6,10,133960,133960
120721,2,2,4,142662,142662
120747,0,5,5,159354,159354
120758,1,1,2,153572,153572
120759,2,2,4,146727,146727
120782,0,0,0,158675,158675
120800,1,2,3,167253,167253
120834,0,1,1,150943,150943
120837,1,5,6,163183,163183
120841,1,1,2,147902,147902
120897,3,5,8,156400,156400
121011,0,1,1,148571,148571
121074,2,6,8,161702,161702
121110,0,0,0,147933,147933
121222,2,2,4,141114,141114
121284,0,0,0,158202,158202
121375,0,0,0,135951,135951
121379,1,0,1,153755,153755
121381,1,1,2,131364,131364
121389,0,4,4,168650,168650
121394,11,20,31,132948,132948
121428,4,23,27,159128,159128
121433,8,15,23,121996,121996
121586,26,15,41,78992,78992
121587,1,1,2,135552,135552
121599,0,2,2,134503,134503
121639,0,0,0,153219,153219
121640,0,4,4,158663,158663
121697,3,5,8,138059,138059
121743,0,3,3,143534,143534
121757,5,17,22,153330,153330
121799,1,2,3,154961,154961
121801,6,9,15,73870,73870
121821,0,2,2,150010,150010
121883,1,2,3,136690,136690
121887,1,1,2,74483,74483
121910,0,1,1,92907,92907
121916,2,3,5,100901,100901
121932,6,17,23,9668,9668
121993,0,1,1,163378,163378
122067,1,2,3,140234,140234
122070,2,15,17,147787,147787
122087,3,5,8,56479,56479
122106,2,4,6,43591,43591
122138,1,2,3,134810,134810
122190,5,3,8,36425,36425
122193,2,12,14,21971,21971
122348,0,1,1,136929,136929
122356,0,2,2,127688,127688
122368,1,1,2,148037,148037
122381,1,6,7,157771,157771
122399,0,0,0,164585,164585
122529,23,30,53,25761,25761
122551,2,5,7,126699,126699
122570,1,0,1,156769,156769
122627,1,4,5,162491,162491
122663,5,6,11,74194,74194
122678,1,1,2,151414,151414
122680,4,23,27,118607,118607
122685,0,1,1,162057,162057
122689,0,1,1,134886,134886
122711,3,5,8,83056,83056
122719,0,3,3,171138,171138
122723,0,0,0,145247,145247
122729,0,7,7,44824,44824
122745,3,17,20,132853,132853
122756,1,3,4,74131,74131
122839,0,2,2,112353,112353
122880,7,22,29,106236,106236
122925,0,5,5,158707,158707
122939,1,0,1,50929,50929
122957,0,3,3,159144,159144
122961,0,2,2,93564,93564
123165,37,31,68,67999,67999
123166,2,4,6,153310,153310
123167,1,3,4,156775,156775
123175,3,2,5,169440,169440
123219,2,1,3,157348,157348
123269,6,11,17,148173,148173
123373,1,0,1,99544,99544
123385,0,0,0,163052,163052
123414,1,4,5,159025,159025
123471,0,3,3,148764,148764
123472,1,1,2,113310,113310
123476,3,2,5,145489,145489
123568,1,1,2,77626,77626
123618,0,2,2,113853,113853
123619,1,2,3,146624,146624
123630,2,7,9,148671,148671
123688,0,2,2,147914,147914
123705,1,12,13,166664,166664
123727,0,0,0,156596,156596
123862,0,0,0,161467,161467
123876,0,0,0,141190,141190
123912,0,2,2,147224,147224
123925,17,12,29,151757,151757
123973,1,1,2,122904,122904
123982,2,2,4,75198,75198
124076,0,0,0,169960,169960
124086,1,3,4,71605,71605
124110,0,3,3,63808,63808
124186,0,2,2,117782,117782
124202,0,2,2,168580,168580
124257,3,1,4,134305,134305
124258,0,7,7,149120,149120
124274,3,14,17,156121,156121
124298,0,1,1,66114,66114
124342,0,1,1,55660,55660
124378,20,24,44,72635,72635
124379,7,11,18,38025,38025
124398,18,4,22,63936,63936
124410,0,4,4,78809,78809
124442,0,2,2,146315,146315
124454,0,1,1,25169,25169
124459,3,8,11,147964,147964
124503,0,2,2,149472,149472
124521,1,0,1,169430,169430
124524,3,16,19,153757,153757
124546,3,10,13,154726,154726
124547,1,9,10,133437,133437
124549,0,3,3,58709,58709
124648,1,5,6,137098,137098
124662,0,3,3,151884,151884
124690,1,10,11,146904,146904
124692,1,2,3,152724,152724
124844,2,4,6,153559,153559
124898,0,3,3,71199,71199
124904,0,5,5,37506,37506
124980,1,4,5,163001,163001
124993,0,1,1,136518,136518
125013,0,0,0,146573,146573
125077,1,3,4,65732,65732
125235,5,4,9,139157,139157
125279,5,3,8,118865,118865
125312,1,1,2,148808,148808
125335,3,28,31,143905,143905
125337,1,2,3,154304,154304
125370,1,3,4,159499,159499
125393,1,2,3,66511,66511
125419,2,3,5,65995,65995
125423,4,5,9,109962,109962
125427,1,1,2,71555,71555
125436,1,5,6,70622,70622
125612,3,15,18,130490,130490
125614,0,0,0,60251,60251
125640,1,1,2,75539,75539
125696,0,3,3,157606,157606
125752,0,0,0,168181,168181
125794,0,1,1,158669,158669
125842,1,17,18,126319,126319
125857,0,2,2,149594,149594
125869,9,10,19,147397,147397
125946,65,58,123,151184,151184
126024,1,5,6,143073,143073
126099,1,3,4,75882,75882
126142,0,0,0,126304,126304
126208,1,2,3,126920,126920
126231,5,13,18,79503,79503
126272,1,2,3,131064,131064
126281,1,4,5,134507,134507
126298,11,12,23,127394,127394
126308,0,0,0,144806,144806
126349,0,2,2,125917,125917
126380,0,1,1,133780,133780
126391,0,4,4,150275,150275
126458,7,25,32,69883,69883
126462,1,9,10,101606,101606
126479,2,1,3,55803,55803
126485,0,0,0,161377,161377
126500,2,6,8,45930,45930
126562,3,22,25,148850,148850
126571,2,5,7,57827,57827
126621,0,0,0,169649,169649
126658,1,4,5,22783,22783
126659,6,2,8,162240,162240
126681,0,2,2,153962,153962
126683,0,1,1,150051,150051
126714,4,11,15,57133,57133
126734,1,4,5,49274,49274
126768,0,1,1,138433,138433
126814,10,54,64,34817,34817
126857,0,0,0,108004,108004
126878,4,12,16,73503,73503
126892,0,1,1,150340,150340
126956,3,19,22,147869,147869
127004,0,0,0,146221,146221
127086,0,9,9,142602,142602
127087,2,4,6,155630,155630
127156,0,0,0,136908,136908
127231,0,0,0,155863,155863
127280,0,1,1,146247,146247
127334,0,1,1,121660,121660
127399,1,1,2,153048,153048
127416,1,2,3,131318,131318
127443,7,16,23,146047,146047
127453,4,9,13,119857,119857
127479,1,6,7,170553,170553
127503,0,0,0,170260,170260
127535,2,2,4,150461,150461
127614,2,4,6,147963,147963
127634,4,11,15,108898,108898
127661,1,3,4,151146,151146
127662,1,2,3,151078,151078
127808,0,0,0,20035,20035
127831,0,2,2,138958,138958
127879,0,1,1,99629,99629
127904,3,11,14,135179,135179
127927,3,14,17,120116,120116
127975,0,6,6,131739,131739
128006,2,2,4,153992,153992
128070,0,3,3,103718,103718
128091,1,0,1,164029,164029
128097,3,2,5,151391,151391
128234,1,0,1,64228,64228
128238,3,4,7,154624,154624
128270,0,3,3,78109,78109
128344,2,9,11,73209,73209
128424,1,3,4,149764,149764
128441,3,5,8,146613,146613
128457,2,2,4,150313,150313
128459,2,6,8,167536,167536
128477,1,3,4,155742,155742
128506,0,0,0,131478,131478
128513,2,20,22,165368,165368
128556,0,1,1,136511,136511
128580,0,2,2,112694,112694
128581,0,0,0,118947,118947
128623,2,7,9,52527,52527
128702,1,1,2,155814,155814
128727,0,0,0,31338,31338
128733,1,4,5,148620,148620
128768,1,12,13,130577,130577
128775,9,7,16,166806,166806
128781,41,38,79,109904,109904
128794,10,32,42,161472,161472
128795,4,15,19,134534,134534
128799,3,1,4,130792,130792
128811,1,3,4,27055,27055
128817,0,3,3,58894,58894
128833,6,2,8,171643,171643
128835,5,4,9,151400,151400
128863,2,4,6,121841,121841
128869,3,8,11,136552,136552
128871,5,6,11,58114,58114
128880,0,1,1,135403,135403
128927,5,5,10,154026,154026
129017,0,2,2,147801,147801
129208,3,1,4,125125,125125
129211,6,3,9,152823,152823
129235,1,1,2,155733,155733
129244,2,10,12,148542,148542
129284,1,3,4,126279,126279
129289,2,4,6,82657,82657
129303,0,3,3,147138,147138
129336,0,2,2,67939,67939
129341,7,20,27,57113,57113
129360,0,5,5,150333,150333
129368,1,1,2,110124,110124
129446,0,1,1,150433,150433
129456,5,2,7,143887,143887
129479,0,2,2,98988,98988
129505,8,15,23,36030,36030
129511,3,7,10,135982,135982
129528,15,36,51,172483,172483
129561,9,19,28,153767,153767
129697,3,9,12,134160,134160
129730,0,1,1,151553,151553
129733,0,1,1,163288,163288
129742,1,1,2,141942,141942
129743,1,1,2,134412,134412
129766,0,0,0,149938,149938
129795,0,1,1,129678,129678
129824,3,2,5,157162,157162
129847,0,1,1,100282,100282
129848,2,2,4,170828,170828
129852,2,7,9,132986,132986
129869,2,5,7,135231,135231
129877,0,1,1,158353,158353
129896,0,1,1,151185,151185
129897,1,21,22,152532,152532
129923,2,10,12,142571,142571
129924,0,26,26,61080,61080
129929,3,21,24,77236,77236
130029,0,0,0,139523,139523
130054,0,4,4,156223,156223
130080,0,3,3,65835,65835
130103,0,0,0,134789,134789
130151,1,1,2,170539,170539
130153,2,2,4,73429,73429
130183,1,1,2,155543,155543
130227,5,25,30,158829,158829
130246,9,12,21,163961,163961
130257,0,2,2,142193,142193
130283,0,1,1,152236,152236
130318,1,1,2,128555,128555
130319,0,3,3,146482,146482
130322,0,1,1,157969,157969
130325,1,3,4,152093,152093
130335,0,0,0,136117,136117
130338,3,10,13,108266,108266
130345,2,0,2,130937,130937
130394,0,3,3,147047,147047
130535,1,2,3,55397,55397
130555,11,5,16,139135,139135
130582,0,1,1,58476,58476
130586,1,21,22,161625,161625
130621,9,4,13,6016,6016
130622,16,19,35,74568,74568
130627,13,17,30,95028,95028
130629,15,16,31,110222,110222
130653,3,12,15,150929,150929
130670,2,2,4,98673,98673
130682,2,4,6,158409,158409
130703,0,1,1,155981,155981
130712,3,10,13,22150,22150
130733,3,5,8,69365,69365
130757,3,35,38,47272,47272
130761,0,15,15,75486,75486
130782,5,10,15,165208,165208
130791,0,1,1,47585,47585
130796,0,1,1,163024,163024
130856,10,8,18,137904,137904
130881,2,3,5,170975,170975
130892,0,0,0,77974,77974
130939,4,15,19,94479,94479
131100,0,1,1,170764,170764
131103,1,6,7,132039,132039
131130,0,33,33,131658,131658
131161,0,0,0,156491,156491
131327,4,9,13,121069,121069
131340,1,2,3,143213,143213
131388,14,27,41,69540,69540
131389,1,2,3,158061,158061
131429,0,4,4,143411,143411
131430,0,1,1,55423,55423
131538,1,12,13,71237,71237
131554,3,9,12,138119,138119
131555,9,52,61,126616,126616
131619,3,2,5,118406,118406
131640,9,10,19,70372,70372
131692,0,0,0,163199,163199
131712,1,7,8,111734,111734
131743,0,2,2,156592,156592
131771,2,4,6,171395,171395
131798,1,6,7,159635,159635
131859,2,5,7,147091,147091
131889,0,1,1,140741,140741
131952,2,6,8,147554,147554
131959,0,0,0,142463,142463
131967,0,7,7,66838,66838
131992,2,3,5,145654,145654
132017,0,0,0,158415,158415
132025,0,0,0,171364,171364
132029,2,0,2,131046,131046
132037,0,0,0,150014,150014
132041,6,12,18,153236,153236
132076,6,7,13,169898,169898
132087,0,0,0,156980,156980
132125,7,29,36,36110,36110
132140,1,3,4,148130,148130
132182,1,6,7,72295,72295
132271,0,1,1,148048,148048
132305,2,12,14,154918,154918
132306,2,2,4,128318,128318
132360,1,3,4,138420,138420
132361,1,16,17,167376,167376
132366,4,5,9,172562,172562
132394,7,14,21,139762,139762
132395,3,3,6,140667,140667
132399,7,12,19,136831,136831
132404,9,9,18,133640,133640
132406,2,6,8,142969,142969
132408,9,5,14,93661,93661
132409,8,8,16,91984,91984
132436,2,7,9,63049,63049
132458,0,0,0,152360,152360
132463,3,3,6,155160,155160
132478,0,6,6,61242,61242
132596,5,16,21,81793,81793
132630,5,14,19,143384,143384
132642,0,11,11,166022,166022
132648,1,2,3,155789,155789
132650,3,17,20,134618,134618
132675,9,18,27,124264,124264
132709,1,1,2,168233,168233
132815,2,2,4,143024,143024
132823,19,51,70,150226,150226
132827,29,32,61,2864,2864
132829,24,56,80,67288,67288
132833,21,48,69,145544,145544
132847,0,2,2,64400,64400
132851,5,7,12,171284,171284
132853,24,35,59,160190,160190
132857,1,31,32,18546,18546
132864,11,13,24,143825,143825
132896,0,0,0,163788,163788
133011,5,7,12,135930,135930
133017,0,5,5,68303,68303
133045,1,4,5,153153,153153
133067,1,2,3,57685,57685
133079,0,1,1,145191,145191
133111,2,13,15,11953,11953
133247,1,5,6,154227,154227
133250,2,3,5,71736,71736
133257,1,1,2,138859,138859
133265,0,5,5,74110,74110
133311,0,2,2,148645,148645
133338,0,0,0,100351,100351
133418,6,42,48,107851,107851
133428,0,2,2,152120,152120
133478,4,8,12,149678,149678
133528,1,1,2,80665,80665
133556,0,0,0,78334,78334
133564,0,1,1,135360,135360
133571,0,7,7,58502,58502
133574,0,6,6,77452,77452
133576,2,4,6,153903,153903
133595,1,2,3,155999,155999
133598,1,1,2,156631,156631
133616,2,9,11,121325,121325
133641,0,1,1,95656,95656
133756,0,1,1,79975,79975
133773,6,11,17,148975,148975
133795,0,3,3,141927,141927
133810,0,1,1,71602,71602
133812,1,5,6,8917,8917
133825,1,2,3,172068,172068
133841,6,6,12,75085,75085
133854,1,4,5,76988,76988
133863,4,7,11,161535,161535
133864,9,9,18,95613,95613
133915,2,2,4,154962,154962
133918,2,2,4,158196,158196
133932,0,1,1,150904,150904
133978,0,1,1,112893,112893
133983,3,8,11,135135,135135
134023,0,2,2,61790,61790
134107,2,8,10,61950,61950
134257,0,1,1,150937,150937
134283,3,4,7,60932,60932
134290,3,1,4,57655,57655
134301,1,1,2,126579,126579
134330,0,2,2,144201,144201
134333,8,13,21,64346,64346
134352,1,2,3,77437,77437
134387,0,3,3,137042,137042
134389,0,0,0,158958,158958
134443,3,7,10,140443,140443
134528,0,3,3,148107,148107
134554,0,17,17,3068,3068
134594,1,2,3,153513,153513
134595,1,11,12,146814,146814
134605,1,1,2,142714,142714
134651,0,0,0,148908,148908
134672,4,11,15,140988,140988
134718,1,2,3,119715,119715
134767,0,0,0,108841,108841
134853,4,12,16,71475,71475
135060,0,0,0,142642,142642
135079,0,0,0,67612,67612
135094,1,5,6,95082,95082
135133,9,0,9,128049,128049
135186,0,0,0,128963,128963
135236,1,2,3,156532,156532
135249,2,2,4,138700,138700
135259,1,5,6,149010,149010
135265,3,5,8,38993,38993
135312,0,0,0,162879,162879
135333,2,1,3,156603,156603
135348,0,2,2,141796,141796
135364,0,3,3,152643,152643
135369,1,3,4,135596,135596
135427,2,3,5,58750,58750
135486,1,5,6,155802,155802
135500,3,3,6,151731,151731
135508,1,2,3,151801,151801
135552,2,11,13,147551,147551
135555,3,8,11,46931,46931
135556,3,5,8,151817,151817
135575,1,2,3,125660,125660
135607,13,64,77,127071,127071
135630,2,2,4,149676,149676
135693,1,7,8,151331,151331
135747,2,7,9,149975,149975
135840,2,3,5,139862,139862
135916,0,4,4,55860,55860
136012,0,5,5,116911,116911
136126,1,5,6,159350,159350
136133,11,13,24,139466,139466
136138,4,12,16,154621,154621
136147,0,1,1,157286,157286
136165,0,0,0,168743,168743
136190,0,3,3,133373,133373
136247,1,3,4,136462,136462
136256,1,0,1,143907,143907
136343,0,1,1,112526,112526
136398,0,11,11,131875,131875
136399,1,3,4,121151,121151
136424,3,6,9,165717,165717
136472,1,2,3,140485,140485
136506,2,1,3,127217,127217
136524,1,2,3,149073,149073
136540,0,1,1,169061,169061
136542,0,1,1,155495,155495
136546,0,0,0,145799,145799
136550,1,17,18,142013,142013
136597,0,0,0,137143,137143
136607,15,17,32,147966,147966
136608,0,2,2,164682,164682
136629,1,1,2,166532,166532
136635,5,5,10,158881,158881
136643,1,2,3,142662,142662
136644,2,2,4,158512,158512
136658,2,5,7,152633,152633
136683,14,13,27,135242,135242
136694,0,0,0,170345,170345
136726,3,3,6,59201,59201
136778,3,5,8,117508,117508
136794,0,2,2,162962,162962
136797,0,2,2,161433,161433
136801,1,1,2,73624,73624
136841,1,2,3,138037,138037
136867,1,6,7,140237,140237
136870,0,2,2,156952,156952
136872,0,6,6,112415,112415
136897,6,22,28,103506,103506
136907,1,4,5,72526,72526
136965,0,0,0,138255,138255
137059,1,4,5,73283,73283
137111,1,5,6,141300,141300
137136,2,3,5,124531,124531
137174,2,0,2,34073,34073
137179,0,2,2,86682,86682
137188,0,1,1,59305,59305
137199,9,20,29,171437,171437
137200,13,10,23,100795,100795
137233,5,36,41,123519,123519
137237,61,104,165,150721,150721
137238,102,38,140,150981,150981
137239,84,106,190,150759,150759
137240,94,106,200,150810,150810
137241,102,87,189,158921,158921
137242,99,38,137,150927,150927
137243,87,40,127,150922,150922
137244,79,32,111,150824,150824
137245,50,31,81,151010,151010
137246,88,105,193,150640,150640
137247,84,49,133,150648,150648
137248,58,99,157,150715,150715
137249,85,42,127,151070,151070
137250,50,28,78,150652,150652
137251,52,43,95,158727,158727
137252,80,31,111,151136,151136
137253,84,104,188,150844,150844
137254,54,100,154,151031,151031
137255,55,27,82,158925,158925
137256,73,37,110,151060,151060
137257,66,29,95,151225,151225
137258,67,31,98,151231,151231
137259,64,21,85,150828,150828
137261,47,104,151,150725,150725
137262,72,68,140,151119,151119
137263,54,26,80,150755,150755
137264,86,39,125,150959,150959
137266,25,17,42,150976,150976
137267,102,83,185,158935,158935
137268,84,78,162,150669,150669
137269,83,47,130,150875,150875
137270,69,32,101,150963,150963
137271,102,64,166,158648,158648
137272,57,39,96,151748,151748
137273,76,31,107,151024,151024
137274,94,45,139,150850,150850
137275,51,103,154,150818,150818
137276,70,105,175,158651,158651
137277,54,104,158,158668,158668
137278,78,103,181,151067,151067
137279,56,29,85,151187,151187
137280,63,37,100,151131,151131
137281,48,103,151,151125,151125
137282,84,100,184,150709,150709
137283,82,91,173,151796,151796
137284,53,87,140,151144,151144
137285,60,100,160,151133,151133
137286,100,43,143,151745,151745
137287,60,103,163,151472,151472
137288,85,72,157,151100,151100
137289,47,99,146,151045,151045
137290,50,98,148,151222,151222
137291,63,102,165,150706,150706
137292,80,60,140,151180,151180
137293,99,100,199,151969,151969
137294,95,105,200,151152,151152
137295,57,104,161,151003,151003
137296,49,104,153,150872,150872
137297,63,102,165,150776,150776
137298,54,102,156,150889,150889
137299,53,103,156,150947,150947
137300,67,18,85,158393,158393
137301,89,104,193,150762,150762
137302,46,99,145,150688,150688
137303,52,99,151,151438,151438
137304,49,37,86,150680,150680
137305,54,98,152,151962,151962
137306,67,102,169,150841,150841
137307,55,103,158,150914,150914
137308,57,103,160,151122,151122
137309,24,27,51,150971,150971
137310,53,40,93,151019,151019
137311,59,105,164,150624,150624
137312,45,47,92,151008,151008
137314,47,29,76,150833,150833
137316,55,103,158,150990,150990
137317,73,48,121,150769,150769
137318,56,98,154,158437,158437
137319,68,48,116,151039,151039
137320,55,101,156,151147,151147
137321,88,55,143,151829,151829
137322,49,38,87,150655,150655
137323,46,92,138,150666,150666
137324,30,26,56,151510,151510
137325,29,35,64,151168,151168
137326,61,105,166,150859,150859
137327,82,51,133,150930,150930
137328,96,29,125,150884,150884
137329,2,4,6,138750,138750
137330,45,102,147,158748,158748
137331,51,24,75,150658,150658
137339,0,10,10,140400,140400
137358,4,6,10,133402,133402
137405,1,1,2,132271,132271
137448,0,2,2,144130,144130
137453,0,2,2,147926,147926
137490,2,1,3,59987,59987
137496,0,3,3,159018,159018
137515,0,1,1,150035,150035
137549,1,6,7,144255,144255
137584,1,1,2,70021,70021
137639,1,22,23,145661,145661
137652,2,12,14,13086,13086
137656,2,3,5,148094,148094
137674,2,6,8,149056,149056
137686,1,5,6,136531,136531
137722,7,19,26,99550,99550
137745,0,7,7,130841,130841
137785,2,9,11,136149,136149
137811,1,4,5,165739,165739
137825,1,3,4,103455,103455
137838,1,1,2,133288,133288
137843,0,19,19,149995,149995
137967,0,0,0,26441,26441
138012,0,4,4,134712,134712
138041,1,3,4,74973,74973
138058,0,2,2,143722,143722
138060,10,21,31,125001,125001
138089,2,15,17,56574,56574
138135,0,5,5,148405,148405
138152,0,0,0,152300,152300
138173,4,4,8,56096,56096
138191,3,10,13,144555,144555
138202,2,9,11,142218,142218
138216,0,1,1,76195,76195
138255,4,13,17,151480,151480
138320,0,1,1,100895,100895
138328,3,2,5,142332,142332
138369,1,7,8,105711,105711
138470,2,3,5,134422,134422
138522,4,6,10,129631,129631
138532,4,3,7,162467,162467
138535,1,2,3,137664,137664
138578,1,1,2,151534,151534
138580,2,19,21,122334,122334
138591,4,14,18,64728,64728
138614,5,15,20,137554,137554
138620,8,33,41,147544,147544
138645,2,2,4,149942,149942
138663,9,14,23,57684,57684
138665,3,2,5,61455,61455
138666,4,10,14,58151,58151
138739,0,1,1,77233,77233
138744,1,8,9,148002,148002
138746,3,4,7,128074,128074
138766,16,38,54,78104,78104
138767,1,2,3,156028,156028
138771,6,7,13,154595,154595
138800,0,2,2,147343,147343
138801,0,1,1,57674,57674
138802,0,1,1,156122,156122
138807,3,4,7,141767,141767
138824,1,2,3,146285,146285
138830,0,1,1,79623,79623
138860,0,0,0,161460,161460
138875,0,1,1,165319,165319
138938,0,3,3,128321,128321
139010,1,2,3,149260,149260
139029,0,4,4,168858,168858
139030,3,1,4,162326,162326
139034,0,1,1,133048,133048
139060,3,3,6,129388,129388
139061,0,0,0,129324,129324
139096,2,3,5,152272,152272
139112,1,5,6,58483,58483
139188,0,2,2,172712,172712
139198,0,3,3,77200,77200
139233,0,1,1,119475,119475
139246,2,2,4,147500,147500
139342,0,2,2,103573,103573
139359,1,2,3,56809,56809
139472,0,1,1,143201,143201
139475,3,4,7,147463,147463
139497,0,1,1,156568,156568
139524,3,11,14,171670,171670
139593,1,2,3,25162,25162
139652,0,0,0,141688,141688
139661,1,3,4,135064,135064
139663,0,6,6,163105,163105
139664,0,4,4,141857,141857
139726,5,11,16,73194,73194
139743,0,2,2,148472,148472
139744,0,2,2,168576,168576
139801,1,0,1,160232,160232
139884,8,10,18,118663,118663
139898,4,14,18,120484,120484
139941,1,2,3,166164,166164
139974,0,1,1,97249,97249
139986,0,1,1,135207,135207
140016,1,3,4,139753,139753
140018,2,6,8,145336,145336
140029,3,3,6,150071,150071
140030,3,6,9,150304,150304
140031,1,3,4,158817,158817
140081,0,1,1,156050,156050
140089,1,5,6,60030,60030
140109,1,11,12,69914,69914
140117,2,3,5,100163,100163
140156,0,1,1,111639,111639
140157,3,0,3,66280,66280
140180,3,4,7,153624,153624
140218,0,4,4,148286,148286
140301,1,2,3,51439,51439
140307,0,1,1,131175,131175
140323,0,2,2,132193,132193
140333,0,1,1,153524,153524
140345,0,1,1,143887,143887
140349,0,0,0,171187,171187
140370,1,9,10,137046,137046
140383,5,6,11,168317,168317
140422,0,0,0,63251,63251
140517,1,12,13,129492,129492
140518,3,3,6,161424,161424
140575,0,1,1,144022,144022
140595,1,3,4,107645,107645
140622,0,1,1,133951,133951
140627,0,0,0,158357,158357
140644,2,4,6,154892,154892
140650,0,0,0,84095,84095
140746,4,18,22,146230,146230
140756,1,1,2,162419,162419
140784,2,5,7,149778,149778
140815,2,2,4,60979,60979
140837,1,5,6,170192,170192
140970,0,2,2,57246,57246
140976,1,1,2,160775,160775
141039,0,1,1,72687,72687
141049,7,12,19,170044,170044
141099,0,0,0,155820,155820
141111,2,8,10,128868,128868
141112,1,3,4,172403,172403
141146,0,2,2,134138,134138
141168,3,3,6,149268,149268
141175,0,1,1,122146,122146
141185,0,3,3,148505,148505
141189,0,3,3,146224,146224
141204,1,2,3,69066,69066
141238,2,6,8,155654,155654
141247,0,5,5,139292,139292
141253,1,2,3,86361,86361
141300,0,0,0,117066,117066
141350,1,1,2,145019,145019
141367,0,2,2,71555,71555
141483,2,1,3,109457,109457
141526,0,1,1,165459,165459
141604,23,6,29,98233,98233
141619,10,8,18,111373,111373
141628,7,27,34,98251,98251
141691,0,5,5,144104,144104
141694,1,0,1,128347,128347
141722,1,2,3,56519,56519
141739,0,4,4,143166,143166
141750,0,1,1,169083,169083
141756,0,1,1,74377,74377
141809,0,1,1,160010,160010
141864,0,4,4,134110,134110
141889,3,21,24,149223,149223
141902,0,13,13,149547,149547
141905,0,9,9,154093,154093
141930,0,0,0,70286,70286
141983,0,7,7,156867,156867
142002,1,2,3,75737,75737
142028,0,8,8,117966,117966
142050,0,3,3,126468,126468
142069,0,1,1,69653,69653
142087,0,5,5,164110,164110
142114,0,11,11,118238,118238
142116,0,5,5,137563,137563
142125,0,2,2,55352,55352
142136,0,0,0,95222,95222
142148,1,18,19,122970,122970
142168,1,5,6,149444,149444
142187,1,2,3,133093,133093
142223,0,4,4,138644,138644
142245,1,3,4,118069,118069
142361,0,1,1,134063,134063
142408,1,5,6,71239,71239
142437,1,2,3,157905,157905
142454,0,1,1,53101,53101
142467,0,1,1,162352,162352
142478,0,0,0,162232,162232
142496,0,0,0,121541,121541
142537,0,3,3,161251,161251
142558,0,2,2,139469,139469
142606,1,1,2,157762,157762
142623,0,2,2,55707,55707
142644,0,3,3,55168,55168
142707,0,1,1,148089,148089
142741,0,2,2,155543,155543
142818,6,9,15,106661,106661
142826,5,7,12,67842,67842
142835,4,4,8,68361,68361
142844,3,3,6,121820,121820
142856,4,4,8,115919,115919
142862,2,3,5,67673,67673
142867,2,2,4,139676,139676
142900,1,2,3,117798,117798
142947,1,3,4,117779,117779
142990,1,1,2,132202,132202
142992,1,1,2,41826,41826
143052,2,4,6,165896,165896
143056,0,6,6,140246,140246
143099,0,4,4,118095,118095
143128,0,0,0,156763,156763
143159,0,5,5,135584,135584
143191,1,4,5,114961,114961
143211,8,8,16,67533,67533
143294,0,1,1,149922,149922
143310,5,4,9,134605,134605
143379,3,18,21,133098,133098
143397,0,4,4,169981,169981
143412,1,5,6,63807,63807
143441,3,0,3,135798,135798
143455,0,1,1,135493,135493
143481,0,2,2,144959,144959
143517,2,8,10,76472,76472
143525,1,8,9,141635,141635
143528,3,4,7,77576,77576
143536,9,9,18,159595,159595
143545,9,3,12,120839,120839
143546,5,7,12,68658,68658
143547,8,32,40,141378,141378
143548,1,3,4,114605,114605
143554,9,16,25,85907,85907
143563,8,6,14,158502,158502
143579,1,5,6,55353,55353
143639,0,1,1,136961,136961
143654,1,3,4,55143,55143
143704,1,1,2,80329,80329
143844,8,15,23,127058,127058
143898,2,27,29,150852,150852
143912,1,17,18,15424,15424
143938,0,1,1,172482,172482
143963,0,1,1,134261,134261
143977,3,0,3,41006,41006
144003,11,3,14,163480,163480
144019,0,1,1,151176,151176
144026,3,20,23,151967,151967
144099,5,6,11,127060,127060
144100,2,3,5,163990,163990
144120,0,1,1,115676,115676
144146,0,1,1,155097,155097
144166,0,9,9,148732,148732
144247,2,2,4,56303,56303
144338,22,30,52,37576,37576
144339,1,3,4,66027,66027
144344,7,11,18,155843,155843
144357,0,0,0,142016,142016
144359,0,0,0,151456,151456
144380,1,7,8,152620,152620
144384,1,2,3,136550,136550
144422,0,6,6,88864,88864
144459,0,1,1,149523,149523
144474,1,1,2,152324,152324
144476,1,2,3,162524,162524
144484,1,1,2,140757,140757
144499,0,11,11,30592,30592
144530,1,3,4,151061,151061
144535,1,3,4,148318,148318
144568,1,4,5,72390,72390
144585,0,0,0,132768,132768
144646,0,9,9,58326,58326
144667,1,10,11,143493,143493
144719,0,0,0,142931,142931
144750,0,3,3,168128,168128
144815,4,10,14,57879,57879
144865,0,1,1,161677,161677
144869,0,0,0,167478,167478
144918,2,10,12,170083,170083
144942,0,3,3,134430,134430
144971,1,4,5,139663,139663
144977,0,4,4,66670,66670
144996,0,0,0,23897,23897
144997,0,7,7,152444,152444
145108,2,4,6,60025,60025
145133,3,3,6,165772,165772
145159,3,2,5,140646,140646
145202,0,0,0,144966,144966
145207,3,4,7,133886,133886
145231,0,0,0,164563,164563
145237,0,2,2,150892,150892
145287,3,3,6,52657,52657
145298,0,0,0,138658,138658
145405,4,4,8,106020,106020
145407,1,1,2,169568,169568
145408,4,12,16,38581,38581
145501,4,5,9,74404,74404
145538,1,2,3,148575,148575
145550,3,5,8,62978,62978
145675,1,8,9,126314,126314
145693,0,0,0,145078,145078
145696,0,1,1,104533,104533
145697,2,4,6,153582,153582
145733,0,3,3,159748,159748
145845,1,6,7,140625,140625
145852,0,1,1,157991,157991
145859,0,8,8,138320,138320
145888,2,4,6,41236,41236
145908,0,0,0,134383,134383
145918,1,8,9,57525,57525
145926,9,4,13,159910,159910
146005,0,5,5,86495,86495
146064,0,1,1,116671,116671
146166,1,1,2,155557,155557
146284,2,0,2,72062,72062
146393,0,3,3,146492,146492
146480,4,4,8,131578,131578
146526,2,2,4,126336,126336
146594,4,8,12,149860,149860
146597,5,11,16,130967,130967
146599,1,2,3,164856,164856
146604,0,9,9,155358,155358
146642,7,10,17,29063,29063
146704,0,13,13,58314,58314
146727,1,5,6,164757,164757
146799,0,2,2,104990,104990
146800,3,1,4,163282,163282
146802,1,0,1,138444,138444
146808,1,4,5,130972,130972
146819,0,1,1,141568,141568
146820,0,2,2,141676,141676
146847,0,2,2,9062,9062
146945,1,2,3,154700,154700
147012,0,0,0,109380,109380
147036,1,3,4,57344,57344
147156,1,2,3,133631,133631
147228,1,1,2,38437,38437
147235,2,2,4,144919,144919
147236,3,4,7,162449,162449
147260,1,0,1,142731,142731
147279,2,6,8,172654,172654
147286,2,3,5,134626,134626
147297,1,2,3,141678,141678
147322,0,0,0,71575,71575
147324,1,1,2,82156,82156
147325,1,1,2,71028,71028
147366,1,9,10,132935,132935
147406,0,0,0,116346,116346
147421,3,4,7,56826,56826
147510,4,11,15,8357,8357
147524,1,2,3,156658,156658
147599,4,2,6,158045,158045
147653,3,10,13,160479,160479
147672,2,2,4,154156,154156
147687,0,1,1,139790,139790
147717,0,0,0,35770,35770
147749,0,2,2,153168,153168
147754,1,3,4,110424,110424
147786,1,0,1,133479,133479
147789,3,5,8,142371,142371
147804,7,29,36,120590,120590
147808,1,9,10,61505,61505
147908,1,1,2,150995,150995
147909,3,3,6,119893,119893
147932,2,4,6,158871,158871
147954,1,2,3,165425,165425
147973,0,1,1,137924,137924
147993,18,18,36,57313,57313
147997,7,11,18,70355,70355
148002,1,10,11,170949,170949
148014,1,6,7,130612,130612
148067,0,1,1,135988,135988
148121,1,3,4,152240,152240
148122,0,1,1,80620,80620
148192,0,1,1,158923,158923
148218,1,0,1,156024,156024
148228,1,4,5,102086,102086
148232,0,2,2,73138,73138
148237,9,36,45,47244,47244
148247,0,1,1,56831,56831
148258,1,18,19,150068,150068
148273,0,3,3,103386,103386
148309,0,1,1,125391,125391
148325,0,1,1,110517,110517
148377,5,11,16,157482,157482
148407,0,2,2,114362,114362
148421,1,1,2,76369,76369
148431,0,1,1,136413,136413
148526,0,4,4,73747,73747
148546,1,2,3,142287,142287
148602,0,3,3,55454,55454
148644,0,2,2,157045,157045
148660,2,2,4,165672,165672
148667,1,3,4,162845,162845
148731,1,1,2,159591,159591
148764,1,2,3,148586,148586
148800,2,2,4,143068,143068
148807,1,1,2,139914,139914
148876,0,1,1,147439,147439
148884,0,0,0,151494,151494
148901,0,3,3,141923,141923
148923,10,2,12,164969,164969
149046,2,3,5,154959,154959
149053,2,5,7,70845,70845
149204,0,0,0,142193,142193
149212,7,0,7,122129,122129
149249,0,1,1,69255,69255
149268,2,6,8,23861,23861
149288,0,1,1,172509,172509
149298,2,2,4,147880,147880
149311,2,1,3,133390,133390
149318,0,3,3,135144,135144
149320,0,5,5,137739,137739
149324,5,15,20,132094,132094
149327,7,12,19,117518,117518
149344,2,11,13,154326,154326
149346,1,1,2,57317,57317
149402,3,10,13,104929,104929
149403,6,16,22,4216,4216
149467,4,12,16,65363,65363
149557,0,4,4,133755,133755
149566,0,0,0,139173,139173
149598,2,2,4,140505,140505
149629,0,0,0,133209,133209
149666,0,7,7,167441,167441
149677,1,1,2,136897,136897
149691,15,61,76,71903,71903
149700,7,23,30,137820,137820
149705,1,8,9,155090,155090
149734,0,3,3,151158,151158
149737,0,5,5,50864,50864
149771,0,0,0,172549,172549
149809,2,5,7,159977,159977
149824,0,1,1,45004,45004
149842,2,2,4,134626,134626
149918,3,3,6,104717,104717
149937,0,1,1,159565,159565
149965,0,0,0,134318,134318
149978,1,0,1,122867,122867
150132,0,0,0,157966,157966
150140,1,12,13,138964,138964
150233,0,0,0,171966,171966
150281,0,2,2,147860,147860
150302,3,7,10,107479,107479
150341,4,6,10,121737,121737
150365,1,4,5,92695,92695
150389,7,20,27,138890,138890
150402,0,0,0,161379,161379
150411,1,1,2,166237,166237
150432,0,4,4,140960,140960
150469,0,2,2,123285,123285
150521,2,2,4,165925,165925
150534,2,3,5,133747,133747
150622,0,1,1,153009,153009
150680,4,17,21,148826,148826
150704,0,1,1,67187,67187
150753,1,1,2,143112,143112
150805,0,4,4,8796,8796
150818,1,3,4,162580,162580
150837,0,0,0,138101,138101
150866,2,3,5,150830,150830
150889,3,2,5,130915,130915
150890,2,4,6,130108,130108
150904,1,3,4,146716,146716
150912,1,2,3,77311,77311
150919,1,1,2,147971,147971
151039,3,9,12,137495,137495
151040,0,1,1,142190,142190
151045,0,9,9,63620,63620
151054,0,1,1,74352,74352
151103,0,0,0,125549,125549
151159,1,1,2,84854,84854
151204,1,2,3,103345,103345
151205,1,2,3,112853,112853
151223,0,2,2,112710,112710
151290,0,1,1,149406,149406
151304,0,2,2,148394,148394
151316,0,0,0,144425,144425
151366,0,5,5,137890,137890
151383,6,6,12,148436,148436
151415,1,3,4,139908,139908
151428,1,2,3,101307,101307
151442,1,1,2,140038,140038
151450,0,3,3,151656,151656
151566,0,0,0,154478,154478
151571,0,3,3,116264,116264
151609,1,0,1,158262,158262
151632,3,5,8,141536,141536
151681,0,2,2,156558,156558
151683,0,1,1,98043,98043
151687,0,1,1,172013,172013
151690,0,1,1,170900,170900
151707,1,1,2,156606,156606
151750,1,2,3,125806,125806
151754,0,3,3,134620,134620
151783,0,1,1,111750,111750
151810,1,4,5,122629,122629
151845,0,7,7,97775,97775
151883,0,1,1,161727,161727
151891,0,5,5,164949,164949
151961,0,0,0,130768,130768
151979,1,3,4,56027,56027
151987,2,2,4,156048,156048
151995,0,5,5,149686,149686
152011,1,6,7,146914,146914
152027,0,0,0,12210,12210
152054,0,3,3,124019,124019
152095,1,1,2,55252,55252
152112,0,2,2,150453,150453
152140,0,2,2,136296,136296
152243,2,5,7,170286,170286
152248,3,6,9,111591,111591
152258,1,4,5,109465,109465
152298,0,1,1,153190,153190
152308,0,1,1,154171,154171
152329,1,1,2,150236,150236
152363,3,1,4,110499,110499
152370,0,2,2,122380,122380
152400,1,5,6,47755,47755
152407,1,9,10,60373,60373
152421,2,0,2,149969,149969
152500,0,0,0,43510,43510
152503,0,3,3,136752,136752
152506,1,1,2,147674,147674
152507,3,9,12,151632,151632
152555,0,1,1,155907,155907
152579,1,7,8,55775,55775
152597,1,7,8,147714,147714
152669,0,0,0,169557,169557
152688,0,0,0,162813,162813
152718,1,3,4,150320,150320
152727,0,2,2,160245,160245
152800,0,1,1,122011,122011
152836,1,5,6,146962,146962
152854,0,0,0,148476,148476
152873,0,1,1,129257,129257
152882,1,2,3,136134,136134
152884,1,1,2,147201,147201
152912,1,1,2,64210,64210
152985,3,6,9,72911,72911
152989,13,7,20,138475,138475
152990,1,6,7,145016,145016
153003,0,2,2,73470,73470
153030,0,4,4,116399,116399
153062,0,2,2,141987,141987
153098,0,1,1,106704,106704
153247,0,1,1,117869,117869
153249,1,3,4,145385,145385
153265,0,1,1,132212,132212
153273,0,5,5,134753,134753
153278,0,1,1,120415,120415
153340,1,3,4,160508,160508
153358,0,0,0,134926,134926
153367,0,1,1,156888,156888
153386,2,12,14,67185,67185
153414,1,2,3,155092,155092
153436,1,4,5,133948,133948
153457,0,2,2,157656,157656
153499,0,4,4,156436,156436
153562,0,0,0,158420,158420
153566,0,1,1,22228,22228
153569,1,2,3,152718,152718
153572,0,12,12,158854,158854
153579,2,2,4,154468,154468
153606,12,16,28,138031,138031
153637,1,5,6,116981,116981
153649,0,1,1,109975,109975
153653,5,3,8,98495,98495
153669,0,2,2,127286,127286
153699,8,19,27,142053,142053
153741,2,26,28,140636,140636
153751,0,1,1,156267,156267
153793,11,18,29,65522,65522
153800,1,4,5,144489,144489
153821,0,1,1,152200,152200
153854,2,2,4,99505,99505
153917,0,4,4,171262,171262
153938,6,8,14,146135,146135
153950,11,6,17,135215,135215
153959,3,2,5,151001,151001
153962,3,3,6,150905,150905
153989,0,2,2,131310,131310
154068,1,15,16,117327,117327
154082,0,17,17,136643,136643
154107,2,28,30,129881,129881
154179,0,0,0,147832,147832
154217,0,2,2,149968,149968
154234,1,1,2,117384,117384
154257,1,1,2,131393,131393
154320,1,9,10,157139,157139
154321,2,8,10,136770,136770
154344,2,1,3,168767,168767
154363,0,1,1,135937,135937
154401,0,3,3,146547,146547
154475,3,5,8,157188,157188
154480,0,0,0,107798,107798
154573,12,28,40,50159,50159
154577,16,5,21,111187,111187
154579,0,1,1,99960,99960
154581,13,60,73,122306,122306
154584,13,15,28,46312,46312
154597,0,0,0,151372,151372
154598,1,16,17,158942,158942
154615,1,0,1,151818,151818
154695,0,1,1,121358,121358
154702,1,7,8,147669,147669
154758,5,2,7,168101,168101
154763,0,0,0,155797,155797
154833,0,2,2,55680,55680
154884,0,2,2,113142,113142
154962,0,1,1,147902,147902
155034,0,2,2,59345,59345
155063,1,1,2,156840,156840
155105,2,14,16,55386,55386
155204,2,4,6,165656,165656
155273,0,3,3,159543,159543
155277,1,2,3,125722,125722
155393,0,1,1,134827,134827
155398,0,5,5,66168,66168
155413,0,0,0,125732,125732
155471,0,1,1,56115,56115
155495,0,2,2,140305,140305
155513,4,14,18,149175,149175
155546,0,1,1,131775,131775
155554,0,1,1,77000,77000
155637,0,0,0,59451,59451
155642,0,0,0,158727,158727
155672,0,3,3,71209,71209
155734,0,7,7,172553,172553
155737,0,2,2,141309,141309
155753,0,1,1,153747,153747
155779,0,2,2,134210,134210
155867,1,12,13,143658,143658
155926,0,0,0,145868,145868
156005,0,0,0,145755,145755
156007,1,3,4,66568,66568
156069,0,5,5,136263,136263
156085,0,5,5,137270,137270
156105,0,0,0,70789,70789
156132,0,0,0,158874,158874
156135,0,3,3,167364,167364
156143,0,1,1,123427,123427
156176,0,4,4,164742,164742
156213,0,2,2,148785,148785
156225,3,3,6,123598,123598
156339,1,2,3,133371,133371
156342,1,5,6,154389,154389
156362,0,3,3,150622,150622
156374,3,5,8,147797,147797
156398,1,0,1,161853,161853
156466,0,1,1,142965,142965
156472,1,3,4,137087,137087
156485,0,4,4,129855,129855
156655,3,11,14,131875,131875
156668,6,18,24,122921,122921
156686,6,35,41,133013,133013
156701,0,0,0,138247,138247
156703,2,1,3,159404,159404
156780,1,1,2,164659,164659
156811,0,7,7,131381,131381
156832,2,3,5,149321,149321
156841,0,1,1,135820,135820
156846,1,5,6,31712,31712
156869,1,2,3,118291,118291
156871,2,4,6,149668,149668
156882,1,4,5,138662,138662
156936,0,3,3,141014,141014
157002,1,2,3,172312,172312
157031,0,1,1,143788,143788
157043,0,0,0,160213,160213
157059,3,2,5,118620,118620
157073,1,1,2,139342,139342
157094,3,10,13,134015,134015
157176,3,8,11,129208,129208
157180,0,0,0,143207,143207
157211,0,0,0,129401,129401
157227,0,0,0,111752,111752
157267,0,0,0,110062,110062
157276,0,2,2,78223,78223
157291,0,1,1,134470,134470
157297,0,5,5,154106,154106
157317,0,1,1,107632,107632
157336,2,8,10,150821,150821
157370,1,0,1,150852,150852
157405,0,4,4,143379,143379
157472,0,1,1,146591,146591
157557,5,1,6,109883,109883
157573,4,10,14,136145,136145
157599,1,3,4,58556,58556
157601,2,11,13,125925,125925
157624,7,14,21,135088,135088
157658,0,3,3,162849,162849
157717,0,2,2,130916,130916
157728,0,1,1,160564,160564
157730,1,17,18,147289,147289
157733,2,6,8,132414,132414
157735,1,21,22,122624,122624
157737,1,22,23,126221,126221
157744,0,3,3,156357,156357
157837,0,5,5,147792,147792
157853,2,4,6,109035,109035
157865,0,3,3,142087,142087
157878,1,3,4,150693,150693
157892,0,0,0,79711,79711
158065,1,4,5,73572,73572
158066,2,16,18,145243,145243
158075,9,12,21,148483,148483
158076,1,5,6,150655,150655
158082,1,1,2,169669,169669
158083,1,1,2,155220,155220
158086,2,3,5,148938,148938
158097,2,2,4,59745,59745
158109,4,3,7,156169,156169
158120,0,0,0,140568,140568
158125,0,2,2,141554,141554
158141,2,5,7,129806,129806
158193,0,1,1,92359,92359
158242,1,1,2,97920,97920
158289,2,2,4,57151,57151
158315,1,4,5,42097,42097
158392,2,2,4,145615,145615
158400,9,10,19,142553,142553
158431,0,4,4,101266,101266
158446,0,1,1,87114,87114
158476,2,2,4,91178,91178
158584,1,2,3,77207,77207
158612,0,0,0,155666,155666
158678,0,0,0,166509,166509
158683,0,5,5,132914,132914
158688,0,1,1,117452,117452
158696,0,3,3,143009,143009
158704,1,3,4,136193,136193
158744,0,1,1,131326,131326
158758,2,2,4,165901,165901
158763,1,2,3,146132,146132
158770,0,0,0,140413,140413
158836,0,0,0,65844,65844
158909,1,1,2,160861,160861
158920,1,6,7,129657,129657
158932,2,4,6,110568,110568
158936,5,2,7,162609,162609
158944,4,7,11,154832,154832
158955,3,18,21,75164,75164
158961,4,3,7,169464,169464
158965,2,10,12,155963,155963
158970,1,0,1,96984,96984
159000,3,1,4,153070,153070
159061,4,4,8,144718,144718
159066,1,9,10,144142,144142
159076,0,0,0,142668,142668
159101,0,0,0,121018,121018
159116,2,4,6,74647,74647
159181,0,3,3,148051,148051
159225,0,1,1,149411,149411
159230,0,0,0,143179,143179
159267,1,4,5,136709,136709
159276,4,7,11,135365,135365
159296,1,1,2,105850,105850
159313,0,0,0,169009,169009
159332,0,2,2,74927,74927
159357,1,1,2,147268,147268
159380,0,4,4,121340,121340
159493,3,2,5,126837,126837
159505,2,2,4,111413,111413
159525,0,5,5,72093,72093
159527,1,1,2,162505,162505
159544,1,6,7,161803,161803
159620,2,11,13,73556,73556
159627,6,17,23,170274,170274
159788,1,1,2,147938,147938
159894,0,1,1,168782,168782
159912,1,1,2,154244,154244
159977,0,1,1,163226,163226
159981,1,1,2,55072,55072
159983,3,3,6,55057,55057
159992,0,1,1,154525,154525
160038,24,27,51,80817,80817
160041,2,1,3,131785,131785
160055,8,11,19,16054,16054
160059,8,15,23,152975,152975
160069,1,6,7,143213,143213
160103,0,1,1,149618,149618
160115,1,1,2,144960,144960
160124,2,1,3,148111,148111
160135,2,15,17,163540,163540
160144,0,1,1,152543,152543
160176,0,2,2,74949,74949
160238,4,10,14,137408,137408
160246,0,3,3,153950,153950
160266,1,1,2,152246,152246
160382,3,1,4,58260,58260
160410,2,1,3,158876,158876
160450,0,1,1,147216,147216
160512,1,2,3,114302,114302
160561,0,3,3,165900,165900
160612,1,4,5,58727,58727
160615,1,2,3,104075,104075
160621,0,2,2,155782,155782
160629,3,10,13,57342,57342
160633,1,2,3,60147,60147
160819,2,6,8,33717,33717
160844,1,6,7,124774,124774
160909,0,1,1,130740,130740
160926,1,1,2,129799,129799
161056,0,1,1,134749,134749
161063,1,5,6,137886,137886
161069,0,1,1,56009,56009
161084,1,4,5,166923,166923
161085,4,2,6,155103,155103
161182,0,3,3,148628,148628
161224,0,1,1,166544,166544
161237,0,0,0,130173,130173
161250,1,2,3,127180,127180
161272,1,8,9,128515,128515
161376,1,1,2,114400,114400
161384,0,6,6,170777,170777
161436,0,3,3,138412,138412
161487,1,4,5,133580,133580
161509,0,0,0,145250,145250
161517,0,6,6,131067,131067
161580,0,0,0,159000,159000
161588,12,13,25,121526,121526
161664,0,1,1,113257,113257
161735,0,2,2,138931,138931
161803,0,1,1,162203,162203
161805,0,1,1,99870,99870
161828,3,7,10,110535,110535
161833,2,11,13,135750,135750
161839,2,3,5,105047,105047
161846,2,2,4,126630,126630
161885,4,5,9,151289,151289
161886,1,1,2,159089,159089
161889,2,4,6,146552,146552
162024,1,6,7,110063,110063
162085,1,2,3,51007,51007
162118,2,10,12,148376,148376
162133,0,3,3,172663,172663
162134,1,3,4,127376,127376
162173,1,1,2,159152,159152
162222,1,1,2,153469,153469
162234,0,1,1,134602,134602
162265,2,7,9,159010,159010
162268,9,6,15,37866,37866
162301,1,4,5,156172,156172
162325,6,8,14,70654,70654
162332,0,0,0,156003,156003
162342,3,3,6,161479,161479
162386,3,3,6,7519,7519
162402,6,13,19,120250,120250
162454,0,0,0,147349,147349
162486,0,1,1,158077,158077
162536,0,3,3,66357,66357
162541,1,0,1,69177,69177
162554,1,1,2,142794,142794
162558,0,0,0,141347,141347
162569,2,2,4,74974,74974
162580,0,0,0,115445,115445
162608,2,2,4,159562,159562
162634,2,11,13,154219,154219
162635,1,7,8,136882,136882
162636,0,10,10,147259,147259
162639,0,1,1,31749,31749
162684,2,2,4,144669,144669
162686,0,1,1,81545,81545
162713,1,4,5,153012,153012
162719,0,0,0,68090,68090
162721,4,4,8,68212,68212
162733,7,6,13,135932,135932
162736,0,1,1,152557,152557
162744,2,3,5,124060,124060
162766,4,7,11,133834,133834
162789,0,0,0,131538,131538
162843,1,1,2,138045,138045
162855,1,15,16,44757,44757
162863,0,14,14,62080,62080
162869,0,1,1,147145,147145
162895,0,3,3,102272,102272
162899,3,0,3,133500,133500
162952,0,1,1,85875,85875
162998,1,4,5,136623,136623
163003,3,12,15,169275,169275
163014,2,3,5,154495,154495
163037,0,0,0,159493,159493
163114,0,0,0,156204,156204
163148,0,0,0,172111,172111
163149,2,11,13,1061,1061
163156,1,4,5,170940,170940
163166,0,1,1,134546,134546
163200,0,0,0,99065,99065
163211,0,2,2,149185,149185
163212,1,0,1,149135,149135
163224,0,0,0,161656,161656
163278,0,12,12,161675,161675
163308,1,1,2,171174,171174
163347,0,2,2,59714,59714
163378,15,15,30,130520,130520
163428,0,0,0,171101,171101
163505,0,12,12,147500,147500
163514,0,1,1,134975,134975
163524,1,2,3,96520,96520
163564,0,0,0,152840,152840
163614,3,4,7,134906,134906
163684,3,7,10,72103,72103
163757,0,4,4,165900,165900
163806,1,3,4,156926,156926
163986,0,1,1,87129,87129
164031,0,0,0,69128,69128
164048,3,6,9,147967,147967
164053,1,1,2,114284,114284
164111,2,1,3,108760,108760
164114,0,4,4,141905,141905
164116,4,9,13,83530,83530
164139,0,1,1,66121,66121
164151,4,3,7,69074,69074
164167,2,8,10,172081,172081
164250,0,3,3,142712,142712
164267,0,3,3,103938,103938
164279,0,0,0,140148,140148
164294,0,3,3,147304,147304
164338,1,3,4,153812,153812
164341,1,2,3,154274,154274
164360,0,1,1,171288,171288
164370,1,10,11,168471,168471
164405,0,1,1,132621,132621
164416,0,17,17,156254,156254
164471,7,33,40,105437,105437
164493,0,6,6,74053,74053
164503,1,2,3,56027,56027
164519,0,0,0,88122,88122
164567,0,1,1,139076,139076
164573,0,0,0,142256,142256
164588,0,1,1,137378,137378
164621,0,0,0,160686,160686
164677,0,1,1,134368,134368
164681,0,3,3,150383,150383
164694,0,11,11,136150,136150
164744,2,3,5,54577,54577
164745,0,2,2,32417,32417
164822,0,0,0,138490,138490
164834,1,2,3,150719,150719
164845,0,6,6,133265,133265
164910,16,22,38,144505,144505
164944,2,2,4,104157,104157
165010,0,0,0,149083,149083
165043,0,1,1,138264,138264
165133,0,0,0,162787,162787
165397,0,6,6,138488,138488
165411,0,0,0,151063,151063
165425,0,4,4,112199,112199
165429,0,4,4,170164,170164
165473,0,0,0,138703,138703
165551,1,2,3,134617,134617
165573,0,0,0,67290,67290
165614,0,2,2,158685,158685
165626,0,5,5,148613,148613
165644,4,5,9,154641,154641
165668,1,1,2,162716,162716
165693,2,7,9,135117,135117
165696,0,3,3,161073,161073
165703,0,7,7,134597,134597
165721,0,1,1,105070,105070
165750,2,4,6,165975,165975
165791,2,3,5,15805,15805
165806,3,3,6,151434,151434
165809,0,1,1,141655,141655
165856,1,2,3,134201,134201
165884,0,2,2,168470,168470
165916,0,3,3,146725,146725
165951,0,1,1,142467,142467
165957,0,3,3,85731,85731
165978,6,11,17,9525,9525
165988,0,1,1,160660,160660
165992,0,1,1,82421,82421
165998,0,1,1,144016,144016
166137,1,4,5,137215,137215
166145,0,4,4,136379,136379
166159,2,13,15,129997,129997
166160,0,1,1,153197,153197
166163,0,3,3,135140,135140
166166,5,43,48,149125,149125
166169,1,6,7,154321,154321
166174,3,7,10,29356,29356
166176,0,3,3,152019,152019
166216,5,25,30,109530,109530
166257,0,2,2,161675,161675
166261,1,1,2,143146,143146
166336,3,4,7,98988,98988
166392,1,2,3,137284,137284
166407,0,0,0,119763,119763
166421,0,2,2,162171,162171
166428,0,5,5,146361,146361
166445,0,1,1,132442,132442
166447,1,5,6,111551,111551
166454,3,17,20,67117,67117
166455,0,1,1,105722,105722
166459,0,7,7,142413,142413
166461,1,6,7,158035,158035
166476,1,6,7,73189,73189
166498,0,2,2,97226,97226
166551,0,2,2,149740,149740
166599,0,1,1,135220,135220
166628,0,0,0,58499,58499
166629,1,0,1,78568,78568
166643,0,1,1,143033,143033
166682,1,1,2,24396,24396
166686,1,0,1,125999,125999
166720,0,0,0,151883,151883
166764,1,1,2,154611,154611
166786,2,4,6,149029,149029
166842,0,2,2,69778,69778
166859,0,2,2,137898,137898
166945,1,2,3,57079,57079
167045,2,2,4,159264,159264
167060,0,3,3,165049,165049
167139,0,1,1,165899,165899
167144,0,1,1,143791,143791
167197,1,0,1,150312,150312
167208,0,1,1,139134,139134
167234,9,11,20,136869,136869
167260,3,5,8,142701,142701
167290,2,1,3,75589,75589
167306,1,1,2,65636,65636
167327,0,1,1,96839,96839
167376,1,5,6,171598,171598
167381,0,1,1,112099,112099
167411,0,2,2,169008,169008
167412,0,0,0,139887,139887
167451,0,0,0,137924,137924
167531,0,0,0,147945,147945
167533,0,0,0,143735,143735
167547,0,1,1,67607,67607
167578,0,0,0,133785,133785
167583,2,5,7,153483,153483
167593,1,1,2,138063,138063
167596,0,11,11,160960,160960
167606,6,13,19,164776,164776
167671,1,17,18,156302,156302
167681,1,8,9,58160,58160
167696,0,3,3,143334,143334
167702,0,0,0,134848,134848
167739,1,4,5,67768,67768
167744,1,5,6,157972,157972
167764,1,4,5,131091,131091
167769,4,16,20,60106,60106
167776,0,1,1,137552,137552
167846,0,2,2,55363,55363
167851,3,5,8,141167,141167
167856,0,0,0,146218,146218
167868,0,0,0,156864,156864
167955,0,3,3,142632,142632
168039,0,1,1,132187,132187
168096,0,0,0,118414,118414
168124,0,2,2,59998,59998
168132,0,0,0,150790,150790
168207,2,3,5,171803,171803
168224,0,1,1,145872,145872
168228,2,2,4,143061,143061
168250,0,0,0,163780,163780
168273,2,3,5,114592,114592
168283,0,1,1,74375,74375
168293,0,2,2,98600,98600
168340,0,1,1,163342,163342
168365,2,3,5,3422,3422
168393,1,3,4,154102,154102
168394,1,5,6,154152,154152
168416,1,2,3,156093,156093
168424,1,2,3,33987,33987
168470,1,4,5,161733,161733
168545,3,9,12,125916,125916
168554,1,6,7,5597,5597
168572,0,0,0,171612,171612
168585,1,6,7,77734,77734
168586,1,2,3,152412,152412
168616,0,0,0,167091,167091
168623,2,12,14,58424,58424
168651,1,16,17,142647,142647
168677,0,3,3,59573,59573
168699,0,4,4,135106,135106
168710,1,0,1,99368,99368
168728,0,1,1,141159,141159
168757,0,11,11,107210,107210
168791,0,4,4,154440,154440
168804,1,1,2,134090,134090
168821,0,2,2,149286,149286
168827,0,25,25,142467,142467
168835,1,7,8,150038,150038
168859,1,6,7,158130,158130
168870,0,6,6,153788,153788
168910,0,1,1,147973,147973
168933,11,22,33,134928,134928
168935,11,24,35,59432,59432
169031,0,3,3,73204,73204
169136,4,0,4,157831,157831
169181,0,2,2,143849,143849
169187,0,2,2,124069,124069
169205,1,1,2,158752,158752
169253,0,0,0,85833,85833
169254,8,8,16,159875,159875
169256,8,3,11,157816,157816
169257,7,7,14,158148,158148
169259,9,9,18,164293,164293
169260,9,11,20,159015,159015
169261,8,3,11,157938,157938
169262,10,14,24,158468,158468
169263,5,8,13,160080,160080
169287,1,4,5,140358,140358
169303,0,5,5,156864,156864
169315,0,0,0,165399,165399
169327,0,2,2,138202,138202
169367,0,1,1,148730,148730
169388,1,1,2,130713,130713
169395,1,8,9,117982,117982
169478,0,2,2,141043,141043
169512,3,4,7,139004,139004
169517,1,4,5,147771,147771
169522,1,6,7,147326,147326
169525,1,2,3,120771,120771
169551,0,0,0,172252,172252
169567,0,1,1,133964,133964
169593,1,1,2,162491,162491
169614,3,5,8,72067,72067
169664,2,19,21,72671,72671
169697,0,3,3,115289,115289
169712,0,2,2,155301,155301
169802,0,2,2,126214,126214
169894,0,7,7,156971,156971
169924,0,2,2,142252,142252
170099,2,6,8,149818,149818
170101,3,3,6,16472,16472
170103,3,4,7,106131,106131
170120,0,5,5,142069,142069
170121,0,3,3,148583,148583
170122,0,3,3,169490,169490
170141,0,2,2,51513,51513
170161,2,9,11,137028,137028
170204,2,6,8,149224,149224
170261,1,1,2,74257,74257
170345,1,2,3,116557,116557
170404,0,1,1,151616,151616
170519,0,0,0,148963,148963
170534,1,25,26,151977,151977
170536,9,13,22,106324,106324
170537,0,0,0,161129,161129
170583,1,3,4,160299,160299
170606,0,0,0,152522,152522
170607,2,3,5,170431,170431
170657,2,5,7,150301,150301
170661,1,9,10,84618,84618
170667,1,6,7,119859,119859
170672,0,0,0,135300,135300
170681,0,1,1,172722,172722
170684,3,5,8,164970,164970
170689,0,6,6,139644,139644
170702,3,9,12,55272,55272
170743,4,23,27,138280,138280
170755,0,7,7,163239,163239
170766,0,5,5,117736,117736
170769,0,2,2,162177,162177
170787,1,2,3,71173,71173
170806,0,2,2,141104,141104
170844,0,0,0,76589,76589
170861,6,4,10,94928,94928
170862,44,24,68,130562,130562
170925,7,6,13,48961,48961
170926,1,2,3,149514,149514
170952,1,0,1,25054,25054
170986,3,7,10,132534,132534
170997,0,2,2,137100,137100
171000,2,8,10,55372,55372
171010,0,1,1,142525,142525
171033,0,1,1,142779,142779
171034,0,1,1,158081,158081
171049,0,1,1,80168,80168
171050,2,5,7,66689,66689
171071,2,3,5,76982,76982
171095,0,12,12,62362,62362
171107,0,2,2,148601,148601
171136,0,1,1,117275,117275
171145,2,4,6,53541,53541
171199,0,6,6,169197,169197
171213,0,2,2,91776,91776
171264,1,0,1,145357,145357
171272,0,0,0,135044,135044
171293,0,2,2,147402,147402
171317,0,4,4,145547,145547
171322,1,2,3,163504,163504
171326,0,0,0,143745,143745
171422,1,2,3,127887,127887
171423,1,1,2,135837,135837
171457,0,0,0,147622,147622
171499,1,8,9,146567,146567
171509,1,0,1,142762,142762
171554,1,3,4,154865,154865
171691,4,3,7,71653,71653
171706,2,3,5,158923,158923
171719,0,2,2,162575,162575
171763,4,6,10,70324,70324
171788,5,6,11,146812,146812
171790,2,4,6,136684,136684
171828,7,20,27,165159,165159
171853,3,2,5,144750,144750
171870,0,9,9,138670,138670
171911,0,0,0,163799,163799
171912,0,0,0,169562,169562
171962,0,2,2,168853,168853
171983,0,4,4,116941,116941
171997,1,4,5,153592,153592
172008,0,2,2,159900,159900
172017,0,0,0,99280,99280
172026,0,2,2,142788,142788
172082,1,3,4,153140,153140
172118,0,0,0,170042,170042
172127,1,0,1,165449,165449
172139,1,1,2,94390,94390
172246,1,8,9,171402,171402
172256,0,1,1,112667,112667
172274,0,1,1,130828,130828
172304,2,5,7,150652,150652
172315,1,15,16,112744,112744
172389,5,5,10,83833,83833
172426,0,0,0,161836,161836
172469,0,2,2,156731,156731
172473,1,2,3,55754,55754
172534,0,3,3,66115,66115
172574,1,1,2,169721,169721
172586,0,1,1,102949,102949
172593,0,2,2,137684,137684
172613,1,9,10,147353,147353
172648,0,1,1,133986,133986
172669,0,1,1,151791,151791
172770,3,3,6,142600,142600
172780,1,3,4,126537,126537
172794,2,2,4,155025,155025
172861,0,1,1,130697,130697
172965,1,1,2,137701,137701
172966,1,3,4,141361,141361
173011,0,3,3,105400,105400
173052,0,5,5,123930,123930
173112,1,2,3,149724,149724
173131,1,6,7,66013,66013
173137,1,4,5,148660,148660
173138,2,5,7,21240,21240
173154,0,0,0,168870,168870
173222,0,2,2,138333,138333
173241,1,0,1,167896,167896
173391,2,6,8,71115,71115
173392,4,5,9,70896,70896
173395,4,3,7,154006,154006
173398,1,4,5,146346,146346
173400,6,13,19,125827,125827
173401,2,4,6,130820,130820
173406,1,10,11,80557,80557
173412,1,3,4,66078,66078
173415,2,3,5,83757,83757
173416,6,20,26,156065,156065
173422,1,8,9,71006,71006
173452,4,3,7,133279,133279
173476,1,1,2,159174,159174
173585,0,0,0,121371,121371
173593,0,0,0,170638,170638
173673,4,8,12,145623,145623
173700,3,4,7,141720,141720
173702,1,2,3,138695,138695
173712,0,2,2,119653,119653
173728,0,0,0,22622,22622
173752,4,4,8,133186,133186
173754,1,8,9,134537,134537
173756,2,1,3,141377,141377
173761,1,1,2,139211,139211
173772,4,9,13,163019,163019
173781,0,1,1,61100,61100
173782,0,2,2,104111,104111
173805,1,1,2,168634,168634
173870,2,5,7,162660,162660
173918,0,0,0,149623,149623
173941,0,4,4,139195,139195
173945,0,1,1,142694,142694
173955,0,1,1,152043,152043
173968,0,3,3,120784,120784
174005,0,2,2,93117,93117
174024,4,12,16,167622,167622
174072,0,2,2,157871,157871
174200,0,1,1,131699,131699
174245,0,5,5,148180,148180
174289,0,6,6,166072,166072
174315,4,16,20,137813,137813
174346,0,0,0,51631,51631
174359,0,3,3,160855,160855
174383,1,6,7,101083,101083
174412,2,2,4,115704,115704
174418,3,3,6,148866,148866
174439,0,1,1,117908,117908
174446,1,12,13,141488,141488
174448,1,4,5,154303,154303
174458,0,0,0,136486,136486
174556,1,3,4,166240,166240
174565,0,0,0,118617,118617
174623,0,0,0,138409,138409
174624,0,1,1,100202,100202
174627,0,0,0,109216,109216
174678,3,3,6,77678,77678
174691,0,1,1,158600,158600
174697,0,0,0,160178,160178
174716,1,4,5,128410,128410
174730,1,2,3,138021,138021
174750,0,1,1,31717,31717
174754,1,0,1,10447,10447
174903,5,7,12,124160,124160
174920,0,2,2,167638,167638
174929,1,4,5,155895,155895
175035,0,2,2,79842,79842
175065,10,25,35,72401,72401
175077,1,2,3,153308,153308
175114,1,1,2,133878,133878
175196,5,5,10,140446,140446
175200,3,5,8,152578,152578
175259,1,2,3,136358,136358
175261,2,4,6,164144,164144
175268,2,5,7,147436,147436
175283,5,13,18,8831,8831
175289,1,2,3,156781,156781
175355,0,0,0,120177,120177
175371,1,1,2,133835,133835
175424,0,2,2,160731,160731
175465,1,0,1,156449,156449
175493,1,3,4,161244,161244
175567,0,1,1,71223,71223
175569,2,4,6,58122,58122
175570,0,2,2,140001,140001
175582,0,3,3,150017,150017
175592,2,3,5,140814,140814
175596,0,1,1,89657,89657
175687,0,0,0,158746,158746
175719,2,9,11,11955,11955
175797,0,0,0,147007,147007
175804,1,4,5,67668,67668
175805,0,24,24,131074,131074
175819,2,1,3,142784,142784
175821,0,0,0,135331,135331
175868,1,3,4,148996,148996
175911,1,2,3,83144,83144
176009,0,1,1,162305,162305
176035,1,16,17,140964,140964
176199,2,16,18,62799,62799
176235,0,4,4,152437,152437
176267,0,1,1,100411,100411
176341,3,3,6,66336,66336
176365,2,3,5,147746,147746
176368,0,1,1,155492,155492
176388,0,1,1,66949,66949
176420,1,2,3,141496,141496
176436,4,3,7,123238,123238
176481,2,15,17,1451,1451
176487,2,5,7,134274,134274
176488,0,3,3,14212,14212
176500,0,6,6,149927,149927
176502,0,3,3,134992,134992
176505,1,0,1,142249,142249
176506,0,12,12,138981,138981
176520,1,9,10,164835,164835
176523,0,3,3,149318,149318
176528,3,34,37,158898,158898
176531,3,21,24,146601,146601
176555,0,4,4,142988,142988
176668,2,2,4,146958,146958
176705,0,1,1,132165,132165
176755,0,0,0,152523,152523
176785,4,7,11,161208,161208
176817,0,3,3,158322,158322
176829,1,2,3,127001,127001
176849,1,5,6,138895,138895
176859,5,23,28,66882,66882
176919,1,8,9,159362,159362
176951,0,8,8,137076,137076
176956,0,4,4,136620,136620
177002,0,5,5,156222,156222
177051,0,1,1,97727,97727
177111,1,9,10,114363,114363
177114,2,2,4,156988,156988
177117,2,2,4,156089,156089
177127,1,3,4,146837,146837
177145,0,0,0,112838,112838
177148,0,3,3,147619,147619
177265,5,11,16,83754,83754
177306,4,1,5,164976,164976
177323,0,1,1,161852,161852
177343,0,2,2,166516,166516
177364,2,5,7,163059,163059
177376,5,11,16,157366,157366
177392,1,1,2,155977,155977
177483,0,0,0,150624,150624
177517,1,6,7,157783,157783
177528,0,4,4,151554,151554
177570,0,1,1,122377,122377
177572,0,6,6,152083,152083
177589,0,3,3,144044,144044
177610,0,0,0,155414,155414
177648,0,4,4,162928,162928
177663,1,3,4,128119,128119
177667,1,1,2,134507,134507
177672,1,7,8,69362,69362
177678,0,2,2,97484,97484
177715,0,4,4,135798,135798
177743,0,5,5,167815,167815
177749,0,3,3,137798,137798
177791,1,4,5,140697,140697
177829,0,2,2,128033,128033
177881,3,1,4,138937,138937
177943,1,7,8,74895,74895
177984,0,1,1,147642,147642
178008,0,1,1,73734,73734
178011,1,9,10,135839,135839
178032,1,6,7,161776,161776
178100,0,1,1,141440,141440
178145,1,21,22,161364,161364
178184,2,2,4,162032,162032
178191,0,2,2,109037,109037
178216,0,17,17,139526,139526
178263,4,4,8,171113,171113
178265,0,0,0,171815,171815
178316,3,4,7,151674,151674
178337,1,2,3,46357,46357
178371,0,3,3,150995,150995
178396,1,3,4,71530,71530
178547,0,0,0,142723,142723
178611,0,0,0,164922,164922
178621,0,2,2,138506,138506
178634,1,1,2,74556,74556
178660,2,4,6,145881,145881
178758,0,1,1,153931,153931
178834,0,4,4,143234,143234
178871,0,0,0,150466,150466
178897,0,12,12,145461,145461
178935,2,2,4,96010,96010
178937,2,2,4,97600,97600
178957,1,2,3,86927,86927
179104,0,0,0,111337,111337
179128,1,2,3,100133,100133
179136,0,7,7,170652,170652
179166,1,10,11,107967,107967
179187,1,0,1,169377,169377
179193,0,3,3,161064,161064
179220,4,15,19,147637,147637
179237,0,1,1,169375,169375
179239,0,1,1,56982,56982
179253,5,29,34,161971,161971
179254,2,2,4,70560,70560
179259,1,17,18,152015,152015
179322,2,3,5,66875,66875
179384,0,12,12,153778,153778
179400,0,0,0,131663,131663
179478,0,3,3,121108,121108
179606,6,12,18,146548,146548
179622,5,13,18,68371,68371
179645,1,2,3,99591,99591
179680,1,1,2,148624,148624
179712,1,2,3,104230,104230
179728,0,2,2,135416,135416
179758,0,1,1,141256,141256
179771,0,1,1,145229,145229
179789,0,0,0,140261,140261
179792,1,1,2,122758,122758
179799,3,3,6,74475,74475
179800,0,1,1,138197,138197
179809,1,1,2,169017,169017
179823,0,0,0,156385,156385
179828,3,4,7,142609,142609
179851,0,7,7,130424,130424
179881,0,2,2,143268,143268
179882,0,3,3,74508,74508
179939,1,1,2,151880,151880
179946,1,1,2,157529,157529
180058,0,1,1,19780,19780
180078,0,0,0,69622,69622
180142,0,2,2,135936,135936
180156,0,2,2,142492,142492
180180,0,3,3,164974,164974
180270,0,0,0,149170,149170
180276,1,9,10,129317,129317
180279,1,4,5,137605,137605
180325,0,5,5,166962,166962
180332,0,3,3,168021,168021
180340,0,0,0,171872,171872
180352,1,0,1,97525,97525
180353,3,11,14,150201,150201
180459,1,17,18,172446,172446
180483,2,16,18,157776,157776
180494,0,1,1,151623,151623
180543,0,0,0,161786,161786
180546,0,0,0,144421,144421
180597,4,12,16,45648,45648
180614,0,3,3,147893,147893
180715,0,8,8,131957,131957
180747,0,1,1,167754,167754
180751,0,1,1,105939,105939
180816,2,4,6,141575,141575
180842,0,2,2,55583,55583
180854,1,12,13,148256,148256
180932,0,1,1,107918,107918
181022,1,5,6,134084,134084
181080,1,5,6,143250,143250
181082,1,2,3,130637,130637
181102,0,1,1,91345,91345
181110,3,14,17,157095,157095
181131,0,1,1,153618,153618
181190,0,0,0,118149,118149
181296,0,3,3,120094,120094
181338,0,2,2,157893,157893
181346,1,5,6,137075,137075
181364,0,1,1,56441,56441
181396,0,3,3,135509,135509
181576,13,13,26,91259,91259
181596,0,1,1,133804,133804
181603,0,0,0,131584,131584
181611,0,2,2,138243,138243
181621,1,2,3,166666,166666
181704,1,2,3,128105,128105
181755,3,8,11,160809,160809
181756,1,6,7,154389,154389
181800,0,1,1,84054,84054
181836,0,0,0,154646,154646
181842,1,1,2,150642,150642
181941,0,2,2,160351,160351
181949,1,1,2,139398,139398
181968,0,0,0,149381,149381
181969,8,5,13,142793,142793
182007,0,1,1,75138,75138
182008,2,20,22,143723,143723
182013,0,1,1,143289,143289
182014,0,11,11,118095,118095
182039,0,0,0,12360,12360
182043,4,5,9,40124,40124
182048,0,4,4,147502,147502
182158,2,3,5,148265,148265
182195,2,7,9,151898,151898
182254,1,19,20,83746,83746
182279,1,15,16,134433,134433
182369,0,3,3,132744,132744
182412,0,3,3,130913,130913
182424,0,3,3,78490,78490
182460,1,2,3,160889,160889
182493,0,1,1,137833,137833
182497,5,8,13,70046,70046
182520,0,4,4,107703,107703
182631,0,0,0,163419,163419
182640,0,5,5,115938,115938
182708,0,13,13,143183,143183
182723,0,0,0,157006,157006
182736,0,2,2,135899,135899
182794,0,0,0,164445,164445
182812,2,2,4,139469,139469
182866,0,0,0,134811,134811
182906,13,16,29,37098,37098
182969,1,5,6,151077,151077
182979,6,2,8,69384,69384
183073,0,0,0,171979,171979
183133,0,3,3,141525,141525
183153,1,1,2,114510,114510
183241,2,2,4,140181,140181
183271,0,1,1,123896,123896
183323,1,1,2,131774,131774
183325,0,0,0,12730,12730
183390,0,2,2,144314,144314
183449,1,2,3,70140,70140
183496,0,11,11,34146,34146
183504,0,3,3,148218,148218
183509,1,2,3,157042,157042
183511,1,0,1,100172,100172
183563,2,4,6,130033,130033
183569,0,2,2,56892,56892
183592,0,1,1,152025,152025
183598,1,1,2,113001,113001
183633,1,1,2,144237,144237
183732,0,0,0,135921,135921
183734,0,0,0,160126,160126
183745,0,1,1,145018,145018
183768,0,1,1,74018,74018
183832,0,2,2,152261,152261
183905,0,0,0,116529,116529
183914,0,1,1,156496,156496
183946,1,2,3,104101,104101
183958,2,2,4,150076,150076
183976,1,4,5,75924,75924
183992,0,0,0,143013,143013
184039,2,3,5,71277,71277
184106,0,10,10,141952,141952
184242,0,9,9,147892,147892
184285,1,1,2,108093,108093
184298,0,1,1,140572,140572
184334,0,1,1,157658,157658
184424,0,0,0,139493,139493
184449,2,5,7,144277,144277
184467,1,5,6,144402,144402
184536,0,2,2,153915,153915
184604,0,1,1,151168,151168
184615,1,1,2,723,723
184623,0,1,1,51268,51268
184638,0,1,1,142774,142774
184727,0,4,4,90666,90666
184761,3,15,18,138796,138796
184778,0,1,1,154137,154137
184805,1,20,21,10171,10171
184828,0,1,1,148611,148611
184880,1,10,11,103556,103556
184891,0,0,0,128429,128429
184994,1,0,1,69291,69291
185057,0,1,1,59388,59388
185145,4,8,12,148880,148880
185176,0,3,3,144504,144504
185220,1,2,3,103127,103127
185254,1,1,2,82687,82687
185276,0,0,0,168188,168188
185294,0,1,1,134112,134112
185321,1,3,4,148772,148772
185339,1,4,5,146462,146462
185341,2,9,11,158202,158202
185374,2,8,10,60128,60128
185379,0,0,0,104897,104897
185397,2,3,5,151156,151156
185422,0,6,6,117117,117117
185465,1,6,7,142714,142714
185466,0,1,1,155945,155945
185573,1,0,1,160016,160016
185591,0,1,1,55642,55642
185595,0,6,6,70665,70665
185600,1,6,7,161332,161332
185616,0,0,0,147679,147679
185652,0,0,0,142235,142235
185654,1,1,2,143319,143319
185735,4,5,9,38923,38923
185741,0,0,0,171928,171928
185901,4,10,14,4564,4564
185902,0,0,0,148465,148465
185905,0,0,0,129018,129018
185938,0,3,3,164789,164789
185993,0,5,5,76255,76255
186017,0,1,1,155445,155445
186030,1,1,2,73464,73464
186040,0,0,0,170249,170249
186081,1,3,4,144994,144994
186091,0,6,6,76671,76671
186126,1,1,2,126388,126388
186184,8,20,28,10812,10812
186199,0,2,2,134211,134211
186275,0,0,0,169025,169025
186282,1,1,2,140992,140992
186310,1,7,8,159769,159769
186317,0,4,4,156448,156448
186390,1,3,4,161644,161644
186458,1,10,11,170558,170558
186459,0,0,0,77314,77314
186521,1,3,4,169577,169577
186573,4,6,10,136800,136800
186581,0,1,1,135288,135288
186590,0,1,1,113241,113241
186674,2,7,9,141408,141408
186696,1,0,1,157727,157727
186700,1,1,2,153001,153001
186866,3,1,4,105108,105108
186910,0,3,3,149525,149525
186927,1,3,4,160664,160664
186962,0,4,4,172553,172553
186965,1,3,4,136481,136481
186968,0,4,4,144879,144879
186997,0,2,2,151696,151696
187010,0,6,6,161498,161498
187011,0,4,4,124721,124721
187016,3,13,16,163813,163813
187022,5,10,15,112233,112233
187094,1,1,2,66539,66539
187096,0,1,1,146561,146561
187182,0,0,0,103505,103505
187200,4,8,12,125405,125405
187225,0,0,0,84299,84299
187228,0,1,1,54051,54051
187236,0,4,4,135448,135448
187440,0,1,1,136043,136043
187515,0,7,7,119243,119243
187540,0,0,0,157003,157003
187553,0,3,3,171746,171746
187570,0,2,2,172643,172643
187621,5,5,10,140263,140263
187639,0,0,0,141257,141257
187642,0,5,5,154845,154845
187678,0,2,2,161050,161050
187719,0,3,3,78640,78640
187732,0,1,1,142263,142263
187737,1,2,3,135095,135095
187743,2,2,4,98589,98589
187764,1,8,9,125068,125068
187769,0,1,1,132482,132482
187796,1,1,2,156555,156555
187801,1,1,2,161468,161468
187818,1,4,5,97130,97130
187832,1,3,4,139273,139273
187858,0,2,2,161943,161943
187864,0,3,3,153026,153026
187871,1,6,7,136333,136333
187903,0,1,1,18798,18798
187918,4,36,40,48314,48314
187920,4,5,9,130869,130869
187924,1,8,9,137280,137280
187938,1,1,2,153015,153015
187990,2,1,3,168160,168160
187992,0,1,1,92076,92076
187995,0,0,0,152293,152293
188032,4,13,17,130227,130227
188050,5,3,8,150150,150150
188065,0,0,0,151177,151177
188084,0,2,2,149939,149939
188168,0,5,5,148948,148948
188212,1,4,5,125917,125917
188346,0,0,0,141158,141158
188384,1,3,4,130702,130702
188408,1,2,3,79439,79439
188432,0,1,1,136868,136868
188460,0,4,4,130816,130816
188482,2,3,5,153495,153495
188494,0,1,1,161232,161232
188511,0,1,1,164452,164452
188586,1,2,3,143273,143273
188664,0,0,0,135624,135624
188676,0,1,1,75347,75347
188754,1,4,5,168166,168166
188761,1,2,3,53762,53762
188786,0,0,0,141332,141332
188875,1,4,5,111813,111813
189146,1,8,9,77292,77292
189183,0,3,3,109545,109545
189189,1,5,6,137637,137637
189199,0,2,2,169537,169537
189241,0,0,0,161547,161547
189328,0,1,1,33276,33276
189336,3,7,10,118836,118836
189345,5,5,10,164628,164628
189366,0,3,3,136597,136597
189389,0,2,2,153411,153411
189395,0,4,4,157941,157941
189451,1,2,3,135826,135826
189488,1,2,3,147161,147161
189570,0,1,1,97767,97767
189574,0,0,0,145653,145653
189661,1,7,8,144702,144702
189685,2,2,4,144315,144315
189706,0,0,0,145797,145797
189779,8,6,14,47098,47098
189861,1,1,2,152306,152306
189921,0,0,0,159244,159244
189922,0,1,1,143363,143363
189938,0,5,5,154973,154973
189955,0,2,2,41506,41506
189998,2,9,11,147552,147552
190060,0,0,0,145132,145132
190062,1,1,2,8890,8890
190120,0,0,0,59554,59554
190157,1,1,2,158792,158792
190158,1,1,2,158940,158940
190168,1,5,6,150105,150105
190181,1,5,6,164114,164114
190215,1,4,5,165138,165138
190282,3,9,12,136277,136277
190284,1,4,5,67613,67613
190295,0,2,2,66208,66208
190296,3,5,8,66521,66521
190299,1,4,5,88091,88091
190316,1,7,8,56455,56455
190323,0,0,0,157409,157409
190403,0,2,2,60063,60063
190520,0,2,2,80081,80081
190551,0,0,0,169788,169788
190621,1,2,3,166274,166274
190663,0,2,2,120485,120485
190674,0,1,1,148952,148952
190737,0,1,1,150918,150918
190748,0,2,2,129017,129017
190751,0,0,0,137174,137174
190770,0,2,2,154307,154307
190835,1,1,2,154054,154054
190847,1,3,4,69148,69148
190887,0,2,2,59532,59532
190918,1,8,9,150052,150052
190936,2,4,6,125434,125434
191005,1,1,2,66875,66875
191006,0,4,4,121327,121327
191048,0,1,1,94961,94961
191049,1,8,9,78797,78797
191121,0,2,2,135334,135334
191140,2,2,4,119779,119779
191212,4,3,7,151541,151541
191232,0,1,1,143726,143726
191354,2,4,6,148308,148308
191395,0,0,0,108968,108968
191445,0,1,1,69443,69443
191507,0,5,5,162226,162226
191510,0,7,7,73428,73428
191528,0,3,3,139660,139660
191533,0,1,1,165437,165437
191607,0,5,5,47125,47125
191627,0,1,1,156595,156595
191629,2,2,4,66985,66985
191659,0,1,1,151024,151024
191732,1,1,2,126550,126550
191754,0,0,0,156299,156299
191790,2,8,10,144683,144683
191791,2,5,7,165886,165886
191794,0,5,5,29133,29133
191798,1,8,9,148603,148603
191800,0,1,1,155974,155974
191855,1,2,3,144110,144110
191942,1,2,3,146752,146752
191974,0,1,1,131642,131642
191981,0,2,2,146278,146278
192000,0,2,2,119849,119849
192017,0,1,1,66489,66489
192021,0,2,2,154764,154764
192027,0,0,0,167495,167495
192086,2,1,3,60753,60753
192088,1,1,2,128029,128029
192102,2,4,6,92220,92220
192113,0,1,1,120768,120768
192128,0,10,10,71255,71255
192130,0,0,0,158774,158774
192175,0,1,1,171113,171113
192183,0,5,5,154049,154049
192275,0,3,3,146420,146420
192349,0,1,1,157505,157505
192413,0,1,1,150201,150201
192414,2,1,3,26864,26864
192416,0,1,1,135346,135346
192430,0,2,2,136247,136247
192478,1,15,16,150876,150876
192484,0,4,4,150794,150794
192549,0,6,6,159583,159583
192688,1,2,3,147094,147094
192737,0,0,0,107790,107790
192761,0,2,2,172124,172124
192871,0,1,1,158845,158845
192913,0,2,2,79483,79483
192947,1,4,5,133474,133474
192972,0,0,0,142706,142706
193046,0,2,2,156763,156763
193098,1,2,3,131752,131752
193111,5,4,9,142653,142653
193112,7,10,17,44212,44212
193230,0,4,4,30155,30155
193236,1,5,6,154359,154359
193280,0,1,1,159468,159468
193293,0,0,0,158601,158601
193323,0,5,5,133328,133328
193337,0,0,0,165748,165748
193356,0,2,2,149534,149534
193359,0,1,1,113877,113877
193390,0,1,1,171535,171535
193405,1,3,4,149206,149206
193428,0,2,2,170508,170508
193462,1,3,4,167270,167270
193469,1,1,2,129363,129363
193471,2,2,4,169309,169309
193475,1,3,4,130092,130092
193496,1,4,5,148756,148756
193506,2,5,7,116618,116618
193514,1,1,2,154633,154633
193522,1,7,8,126641,126641
193539,0,2,2,146016,146016
193558,0,1,1,136597,136597
193580,0,0,0,153447,153447
193604,0,1,1,66610,66610
193606,0,2,2,136681,136681
193611,0,4,4,160647,160647
193643,1,2,3,110037,110037
193679,1,2,3,67002,67002
193726,1,4,5,159661,159661
193766,0,0,0,141839,141839
193819,2,3,5,109008,109008
193952,2,4,6,161641,161641
194027,0,0,0,157082,157082
194051,0,1,1,136522,136522
194061,0,0,0,125233,125233
194069,2,5,7,36429,36429
194076,3,5,8,87533,87533
194077,1,10,11,158673,158673
194172,0,3,3,135004,135004
194192,0,1,1,58465,58465
194253,0,1,1,68375,68375
194256,0,0,0,124464,124464
194272,0,0,0,125903,125903
194315,0,2,2,148788,148788
194338,0,1,1,137399,137399
194399,1,5,6,140695,140695
194408,2,2,4,80523,80523
194409,1,1,2,94821,94821
194516,9,35,44,118516,118516
194536,0,1,1,165192,165192
194659,5,0,5,129401,129401
194662,0,1,1,133159,133159
194811,2,3,5,98138,98138
194887,1,2,3,146493,146493
194948,0,2,2,134136,134136
194952,0,1,1,73788,73788
195017,0,0,0,155708,155708
195029,0,3,3,134079,134079
195059,0,4,4,15216,15216
195096,1,1,2,74345,74345
195111,0,13,13,136216,136216
195113,0,1,1,157366,157366
195202,2,10,12,132026,132026
195281,0,4,4,154089,154089
195294,0,1,1,134567,134567
195326,0,2,2,130851,130851
195339,0,6,6,137606,137606
195446,2,0,2,51835,51835
195510,0,0,0,161967,161967
195517,3,3,6,66950,66950
195518,3,3,6,66705,66705
195520,2,2,4,86159,86159
195521,3,4,7,166552,166552
195528,1,13,14,140370,140370
195532,0,16,16,140895,140895
195535,8,12,20,163333,163333
195541,0,9,9,75235,75235
195552,0,2,2,156978,156978
195555,0,1,1,74172,74172
195643,3,24,27,132840,132840
195766,0,1,1,159097,159097
195816,14,36,50,107179,107179
195847,0,2,2,137520,137520
195850,2,2,4,116815,116815
195861,3,3,6,146933,146933
195873,4,4,8,149709,149709
195886,0,3,3,6290,6290
195926,0,1,1,140395,140395
195999,0,1,1,83514,83514
196130,3,8,11,11610,11610
196145,0,0,0,5110,5110
196146,1,8,9,137266,137266
196162,1,1,2,68623,68623
196300,0,0,0,145273,145273
196301,0,3,3,133453,133453
196329,1,8,9,97909,97909
196353,1,1,2,102015,102015
196369,0,0,0,135303,135303
196393,0,0,0,145639,145639
196406,0,3,3,110448,110448
196438,0,2,2,120513,120513
196491,0,1,1,77663,77663
196520,1,2,3,157046,157046
196530,2,5,7,59965,59965
196531,1,2,3,60807,60807
196561,1,1,2,153890,153890
196662,0,1,1,66721,66721
196741,0,1,1,159978,159978
196752,0,0,0,121347,121347
196754,0,3,3,86667,86667
196780,0,2,2,148617,148617
196786,0,1,1,136519,136519
196921,0,0,0,114958,114958
196934,0,1,1,137792,137792
196945,1,8,9,150342,150342
197024,1,1,2,74886,74886
197042,0,2,2,163713,163713
197061,0,6,6,5710,5710
197097,0,0,0,4411,4411
197107,0,5,5,166849,166849
197111,0,0,0,169537,169537
197231,1,5,6,137989,137989
197236,1,2,3,141394,141394
197282,1,1,2,122897,122897
197283,0,2,2,148492,148492
197320,0,0,0,154367,154367
197337,0,0,0,133826,133826
197341,0,6,6,154002,154002
197344,1,1,2,122730,122730
197349,0,1,1,142546,142546
197357,1,2,3,20746,20746
197427,0,0,0,52710,52710
197442,0,3,3,140125,140125
197552,1,5,6,107341,107341
197608,0,0,0,138268,138268
197609,1,3,4,152283,152283
197627,1,1,2,113844,113844
197629,0,0,0,138170,138170
197653,0,0,0,142555,142555
197815,1,3,4,151759,151759
197816,1,1,2,159521,159521
197826,0,0,0,150811,150811
197899,0,0,0,137291,137291
197923,1,3,4,73375,73375
197947,0,0,0,146429,146429
198004,2,5,7,154266,154266
198110,0,0,0,142331,142331
198128,3,10,13,35645,35645
198140,1,2,3,134477,134477
198177,2,6,8,151015,151015
198186,1,7,8,91028,91028
198216,0,0,0,138937,138937
198231,1,2,3,141996,141996
198275,0,0,0,142575,142575
198282,0,10,10,142250,142250
198298,0,1,1,17591,17591
198300,0,2,2,136855,136855
198315,0,0,0,163503,163503
198347,5,9,14,71834,71834
198351,0,0,0,135472,135472
198419,0,3,3,144579,144579
198429,2,2,4,153622,153622
198446,1,7,8,165016,165016
198447,1,7,8,143595,143595
198461,0,4,4,168446,168446
198472,0,3,3,145778,145778
198531,2,3,5,61166,61166
198535,0,1,1,136823,136823
198589,1,0,1,42111,42111
198639,2,5,7,48258,48258
198681,1,1,2,135670,135670
198706,0,2,2,141430,141430
198726,3,11,14,116434,116434
198764,0,1,1,154021,154021
198790,1,4,5,141622,141622
198848,0,1,1,141707,141707
198862,0,1,1,135090,135090
198867,0,4,4,150229,150229
198884,0,0,0,107238,107238
198907,0,2,2,81276,81276
198924,0,3,3,50649,50649
198975,0,2,2,169904,169904
199000,0,0,0,154969,154969
199020,2,10,12,66905,66905
199046,0,0,0,155844,155844
199080,1,1,2,161933,161933
199102,0,4,4,156266,156266
199121,0,6,6,8677,8677
199130,0,4,4,142769,142769
199164,2,6,8,138897,138897
199165,3,2,5,127267,127267
199226,3,5,8,69878,69878
199234,0,2,2,74816,74816
199267,7,5,12,168831,168831
199283,0,0,0,113205,113205
199318,1,1,2,167393,167393
199356,0,1,1,138523,138523
199365,0,0,0,147164,147164
199657,0,5,5,157114,157114
199677,6,3,9,100595,100595
199693,2,16,18,25267,25267
199695,3,25,28,38847,38847
199703,6,17,23,98397,98397
199748,0,1,1,55380,55380
199775,0,5,5,141399,141399
199793,0,9,9,160909,160909
199834,0,0,0,162615,162615
199845,3,9,12,66069,66069
199937,0,2,2,132143,132143
199981,0,4,4,64601,64601
200004,0,7,7,148328,148328
200020,0,0,0,169150,169150
200050,4,3,7,95353,95353
200055,0,0,0,115804,115804
200174,0,0,0,112228,112228
200192,3,16,19,147086,147086
200195,0,8,8,135083,135083
200209,0,1,1,164366,164366
200217,0,0,0,146038,146038
200218,0,0,0,72898,72898
200250,0,1,1,136446,136446
200258,3,3,6,158692,158692
200266,0,0,0,136054,136054
200278,0,9,9,136670,136670
200305,0,1,1,165926,165926
200317,2,7,9,137302,137302
200332,3,5,8,72119,72119
200370,1,5,6,136368,136368
200371,0,1,1,76537,76537
200423,0,0,0,77669,77669
200462,1,6,7,150005,150005
200539,1,1,2,148794,148794
200552,0,6,6,91817,91817
200595,0,9,9,160907,160907
200597,0,9,9,131274,131274
200616,0,1,1,148076,148076
200645,1,1,2,69940,69940
200647,0,1,1,155128,155128
200662,0,3,3,71517,71517
200681,0,2,2,148507,148507
200707,0,2,2,148944,148944
200711,1,2,3,73888,73888
200738,2,2,4,135049,135049
200881,1,2,3,65248,65248
200953,0,2,2,154894,154894
200958,0,2,2,139471,139471
200968,1,4,5,66365,66365
200985,1,1,2,150261,150261
200991,1,1,2,164530,164530
200996,0,1,1,119366,119366
201023,0,2,2,151782,151782
201107,0,1,1,166516,166516
201144,0,0,0,111509,111509
201150,0,0,0,159242,159242
201182,2,3,5,133185,133185
201307,0,1,1,81773,81773
201308,0,2,2,57536,57536
201350,0,0,0,161516,161516
201405,0,0,0,154821,154821
201461,0,1,1,144471,144471
201556,0,1,1,130881,130881
201592,0,0,0,137473,137473
201607,5,4,9,100381,100381
201615,2,13,15,113094,113094
201638,0,2,2,166985,166985
201649,0,1,1,68629,68629
201659,2,9,11,139872,139872
201839,0,2,2,159687,159687
201841,0,17,17,139054,139054
201893,2,2,4,74642,74642
202007,0,2,2,130973,130973
202047,0,0,0,142357,142357
202131,0,1,1,164140,164140
202323,4,1,5,136974,136974
202336,0,11,11,149297,149297
202382,3,1,4,150101,150101
202418,2,6,8,142932,142932
202427,0,1,1,169926,169926
202439,0,5,5,79721,79721
202476,4,3,7,78073,78073
202479,2,1,3,76869,76869
202480,3,4,7,16001,16001
202482,2,4,6,77171,77171
202487,0,1,1,141879,141879
202555,0,0,0,102248,102248
202558,0,0,0,136533,136533
202609,0,0,0,148137,148137
202619,0,0,0,39838,39838
202648,0,2,2,80758,80758
202684,1,5,6,137456,137456
202689,0,12,12,56958,56958
202694,0,6,6,92688,92688
202696,3,5,8,134458,134458
202698,0,8,8,142914,142914
202700,0,8,8,134566,134566
202732,0,1,1,138807,138807
202743,0,0,0,69313,69313
202821,0,2,2,125557,125557
202891,2,2,4,144366,144366
202892,2,2,4,144334,144334
202895,0,1,1,130426,130426
202914,0,2,2,159404,159404
202936,1,4,5,112018,112018
203001,1,0,1,55303,55303
203004,0,6,6,142051,142051
203046,0,12,12,69124,69124
203128,0,2,2,97522,97522
203171,0,1,1,165121,165121
203181,0,2,2,138968,138968
203202,2,15,17,130693,130693
203229,0,0,0,153357,153357
203231,0,0,0,157895,157895
203251,0,1,1,136785,136785
203334,0,1,1,154850,154850
203358,0,0,0,3715,3715
203379,0,0,0,163206,163206
203405,0,2,2,154321,154321
203424,1,5,6,141837,141837
203508,0,0,0,156951,156951
203555,0,2,2,141611,141611
203576,3,2,5,142711,142711
203720,0,2,2,160383,160383
203724,1,2,3,158739,158739
203728,0,8,8,121075,121075
203778,1,3,4,139799,139799
203790,1,1,2,161274,161274
203810,1,1,2,137276,137276
203811,0,0,0,137575,137575
203903,0,2,2,143840,143840
203904,2,1,3,155979,155979
203967,1,2,3,145148,145148
204111,3,3,6,50078,50078
204197,1,4,5,139363,139363
204199,0,7,7,120804,120804
204210,0,1,1,146620,146620
204216,0,0,0,162569,162569
204230,2,3,5,66637,66637
204258,0,0,0,134304,134304
204290,2,6,8,61564,61564
204296,1,1,2,122903,122903
204307,0,8,8,116781,116781
204373,1,10,11,153302,153302
204403,0,1,1,138042,138042
204480,0,0,0,100406,100406
204485,2,3,5,154999,154999
204518,2,3,5,34578,34578
204522,4,3,7,101383,101383
204658,0,1,1,145607,145607
204702,1,1,2,148459,148459
204743,0,0,0,157341,157341
204766,0,0,0,150579,150579
204768,0,3,3,96472,96472
204863,0,1,1,134163,134163
204932,4,9,13,76961,76961
204983,3,5,8,150423,150423
205080,0,2,2,139647,139647
205114,0,0,0,139737,139737
205159,8,8,16,62456,62456
205208,1,9,10,162420,162420
205214,0,0,0,168927,168927
205247,0,1,1,154365,154365
205329,0,3,3,139334,139334
205375,0,2,2,160080,160080
205399,0,3,3,143791,143791
205514,0,3,3,147123,147123
205627,1,0,1,159732,159732
205651,0,0,0,145451,145451
205737,0,0,0,121673,121673
205759,0,2,2,64915,64915
205763,0,0,0,138772,138772
205787,1,1,2,26321,26321
205864,0,0,0,2642,2642
205891,0,1,1,69451,69451
205945,0,2,2,44425,44425
206087,2,1,3,142531,142531
206217,0,0,0,153305,153305
206224,1,2,3,117137,117137
206354,5,18,23,59870,59870
206361,1,9,10,144314,144314
206362,2,22,24,3314,3314
206364,0,1,1,155353,155353
206385,0,1,1,168676,168676
206392,4,6,10,26047,26047
206398,1,1,2,157168,157168
206494,3,5,8,136916,136916
206506,2,3,5,150924,150924
206507,0,1,1,66164,66164
206523,0,0,0,140853,140853
206607,2,3,5,144080,144080
206684,0,0,0,172715,172715
206703,0,3,3,152961,152961
206705,0,1,1,131696,131696
206828,1,3,4,129169,129169
206874,0,21,21,169832,169832
206905,1,1,2,131169,131169
207059,0,6,6,131179,131179
207098,0,0,0,144931,144931
207121,0,7,7,68590,68590
207169,3,16,19,160600,160600
207197,0,1,1,162535,162535
207240,2,13,15,106978,106978
207241,2,2,4,101977,101977
207261,0,2,2,66002,66002
207348,0,3,3,151540,151540
207385,1,7,8,104821,104821
207541,0,0,0,156430,156430
207564,0,5,5,148211,148211
207704,1,8,9,52099,52099
207705,1,9,10,150093,150093
207707,2,9,11,7447,7447
207710,1,7,8,138609,138609
207711,8,8,16,77303,77303
207712,2,20,22,171976,171976
207722,2,6,8,77489,77489
207728,2,3,5,59689,59689
207825,0,0,0,143689,143689
207841,0,0,0,154983,154983
207884,0,1,1,143186,143186
207888,1,1,2,159894,159894
207933,1,2,3,66201,66201
207995,0,0,0,126070,126070
208009,0,3,3,135547,135547
208100,0,0,0,117715,117715
208154,0,0,0,130544,130544
208279,0,1,1,33546,33546
208308,0,0,0,142840,142840
208309,0,2,2,154925,154925
208327,5,9,14,122245,122245
208328,5,9,14,71323,71323
208355,0,1,1,78183,78183
208361,0,4,4,91069,91069
208384,0,0,0,161489,161489
208385,0,1,1,155854,155854
208424,0,1,1,150958,150958
208442,0,1,1,72987,72987
208470,0,1,1,147517,147517
208472,1,2,3,85521,85521
208473,1,3,4,143528,143528
208505,0,1,1,67287,67287
208518,1,5,6,107036,107036
208623,0,3,3,72764,72764
208641,3,12,15,73217,73217
208651,0,3,3,136566,136566
208666,4,15,19,172253,172253
208716,0,6,6,74391,74391
208797,0,0,0,149342,149342
208863,5,11,16,113775,113775
208867,1,6,7,102327,102327
208901,0,1,1,137484,137484
208942,1,2,3,142068,142068
208997,1,4,5,50005,50005
209038,1,2,3,152190,152190
209045,1,7,8,161891,161891
209129,1,9,10,62741,62741
209266,0,2,2,158833,158833
209272,1,3,4,142585,142585
209311,0,0,0,132678,132678
209350,7,11,18,108688,108688
209374,0,1,1,136687,136687
209383,0,1,1,153580,153580
209392,1,10,11,129456,129456
209404,2,8,10,107680,107680
209427,0,4,4,129126,129126
209441,0,3,3,171898,171898
209474,0,10,10,55033,55033
209528,8,12,20,146682,146682
209558,2,4,6,163993,163993
209567,1,1,2,68364,68364
209601,0,1,1,131050,131050
209611,1,3,4,22170,22170
209613,1,6,7,155261,155261
209664,0,2,2,68880,68880
209669,0,0,0,122085,122085
209797,1,3,4,121242,121242
209832,2,5,7,146051,146051
209842,1,3,4,155823,155823
210063,1,2,3,132584,132584
210075,1,11,12,135232,135232
210089,0,3,3,138461,138461
210094,0,4,4,129877,129877
210100,0,3,3,55352,55352
210119,1,2,3,66133,66133
210135,0,2,2,95814,95814
210177,0,3,3,155810,155810
210229,2,22,24,130503,130503
210259,0,1,1,165241,165241
210365,0,2,2,132452,132452
210367,1,2,3,125037,125037
210399,0,0,0,103662,103662
210424,0,1,1,137014,137014
210436,0,18,18,164373,164373
210526,0,1,1,161301,161301
210602,0,6,6,139140,139140
210651,2,13,15,141492,141492
210685,0,2,2,165610,165610
210739,0,2,2,157340,157340
210774,0,1,1,166963,166963
210809,0,0,0,112452,112452
210820,0,3,3,133024,133024
210822,0,0,0,142155,142155
210837,0,2,2,148223,148223
210845,1,6,7,141709,141709
210904,0,9,9,75012,75012
210905,0,3,3,57649,57649
211011,0,1,1,148886,148886
211017,0,2,2,152212,152212
211020,0,2,2,138215,138215
211061,0,1,1,147753,147753
211179,0,0,0,135566,135566
211212,0,2,2,167712,167712
211235,1,4,5,142666,142666
211270,0,4,4,125048,125048
211323,1,1,2,135448,135448
211327,0,0,0,156574,156574
211343,0,0,0,145868,145868
211369,0,2,2,58999,58999
211400,0,0,0,172144,172144
211431,4,0,4,63353,63353
211436,0,2,2,159291,159291
211454,0,0,0,102730,102730
211465,0,2,2,153059,153059
211477,0,0,0,133842,133842
211506,2,8,10,156123,156123
211529,0,1,1,69479,69479
211577,0,11,11,160193,160193
211600,2,2,4,154829,154829
211603,0,2,2,139122,139122
211640,1,2,3,53978,53978
211680,0,4,4,151145,151145
211690,0,2,2,150356,150356
211701,0,0,0,50788,50788
211729,0,2,2,156085,156085
211730,0,5,5,72664,72664
211740,0,3,3,76605,76605
211803,0,1,1,144336,144336
211911,3,5,8,105742,105742
211942,0,1,1,167259,167259
212101,0,2,2,142653,142653
212125,0,3,3,154186,154186
212156,0,4,4,26098,26098
212163,0,0,0,109203,109203
212221,0,0,0,150198,150198
212237,0,2,2,135050,135050
212282,1,3,4,161308,161308
212312,0,1,1,131520,131520
212348,0,1,1,87500,87500
212353,0,1,1,143745,143745
212363,0,1,1,72399,72399
212367,0,0,0,159703,159703
212440,0,1,1,161042,161042
212560,1,2,3,44013,44013
212688,0,3,3,119119,119119
212726,1,1,2,74146,74146
212781,3,3,6,55942,55942
212805,0,1,1,59507,59507
212866,0,1,1,73471,73471
212891,1,0,1,136475,136475
213016,0,2,2,168665,168665
213163,4,6,10,4966,4966
213164,0,1,1,142771,142771
213193,0,0,0,160165,160165
213220,0,3,3,117338,117338
213228,0,0,0,135492,135492
213353,0,2,2,170736,170736
213389,1,1,2,84889,84889
213439,0,3,3,68623,68623
213452,0,1,1,134166,134166
213518,1,1,2,60734,60734
213519,2,2,4,51603,51603
213592,10,17,27,80011,80011
213601,0,0,0,158434,158434
213680,1,10,11,147501,147501
213693,0,0,0,151589,151589
213744,0,2,2,147401,147401
213749,0,1,1,148339,148339
213753,0,4,4,124201,124201
213776,0,2,2,141116,141116
213792,0,8,8,73281,73281
213817,0,2,2,145998,145998
213880,0,1,1,149157,149157
213891,0,3,3,137846,137846
213897,2,4,6,75179,75179
213991,3,9,12,105453,105453
214014,0,1,1,130629,130629
214025,4,4,8,73445,73445
214036,0,20,20,134325,134325
214041,0,8,8,143412,143412
214042,0,3,3,69658,69658
214046,0,6,6,65994,65994
214047,1,2,3,146662,146662
214056,0,5,5,152707,152707
214078,0,1,1,159995,159995
214082,0,2,2,153609,153609
214087,1,6,7,37597,37597
214092,3,9,12,125171,125171
214099,0,5,5,161053,161053
214133,1,11,12,152442,152442
214161,0,0,0,158270,158270
214193,0,0,0,151452,151452
214335,0,1,1,141532,141532
214408,1,9,10,147016,147016
214444,0,4,4,156957,156957
214455,1,11,12,128047,128047
214479,0,2,2,120690,120690
214480,1,0,1,119214,119214
214507,0,2,2,66111,66111
214614,3,4,7,144216,144216
214724,0,3,3,142703,142703
214765,0,0,0,109766,109766
214799,0,6,6,154604,154604
214857,1,1,2,61718,61718
214880,0,1,1,100356,100356
214999,0,1,1,66477,66477
215024,0,2,2,74683,74683
215057,0,6,6,149345,149345
215090,0,1,1,73127,73127
215171,0,1,1,77938,77938
215213,1,3,4,167234,167234
215260,1,2,3,137542,137542
215276,0,0,0,160731,160731
215486,0,0,0,163612,163612
215612,1,1,2,161599,161599
215613,1,5,6,161370,161370
215662,2,19,21,155173,155173
215673,1,7,8,91099,91099
215675,1,4,5,56316,56316
215681,0,2,2,136202,136202
215778,0,3,3,144531,144531
215785,1,2,3,69131,69131
215859,0,1,1,75680,75680
215936,0,1,1,150880,150880
215967,0,0,0,99279,99279
215987,0,0,0,134588,134588
216048,1,1,2,155771,155771
216053,0,5,5,147639,147639
216058,0,2,2,163873,163873
216073,0,0,0,161529,161529
216150,0,7,7,111555,111555
216183,0,4,4,135490,135490
216211,0,5,5,64939,64939
216214,0,1,1,132747,132747
216271,3,5,8,163910,163910
216344,0,3,3,149561,149561
216345,4,5,9,86461,86461
216348,0,0,0,85622,85622
216358,1,3,4,122382,122382
216365,1,3,4,79926,79926
216374,9,11,20,67983,67983
216483,1,2,3,17525,17525
216602,0,4,4,41062,41062
216623,0,0,0,123090,123090
216690,0,2,2,142599,142599
216817,0,2,2,56467,56467
216877,0,1,1,149412,149412
216998,1,1,2,138146,138146
217029,0,8,8,67323,67323
217097,0,1,1,171906,171906
217136,0,0,0,145360,145360
217157,0,0,0,157598,157598
217192,0,6,6,150328,150328
217226,0,2,2,130258,130258
217322,0,3,3,54783,54783
217335,2,3,5,157418,157418
217366,0,1,1,135571,135571
217370,3,2,5,129054,129054
217381,0,6,6,124192,124192
217388,11,12,23,127998,127998
217390,0,1,1,150663,150663
217443,0,1,1,146705,146705
217467,0,3,3,103231,103231
217514,1,2,3,147669,147669
217536,0,3,3,155903,155903
217581,0,7,7,162158,162158
217719,0,1,1,154490,154490
217736,0,1,1,164801,164801
217828,0,0,0,63491,63491
217864,0,13,13,155806,155806
217906,1,1,2,136023,136023
217948,0,1,1,66035,66035
217962,0,4,4,145013,145013
217972,0,0,0,62357,62357
218098,0,0,0,159978,159978
218125,0,5,5,156884,156884
218142,0,2,2,153902,153902
218174,0,1,1,110305,110305
218320,0,3,3,102482,102482
218321,1,1,2,143754,143754
218418,1,3,4,145276,145276
218423,0,0,0,141780,141780
218425,0,2,2,168771,168771
218433,4,6,10,135757,135757
218450,0,3,3,139650,139650
218465,0,0,0,154066,154066
218524,0,2,2,149757,149757
218584,1,1,2,28438,28438
218659,2,5,7,145757,145757
218662,3,11,14,150694,150694
218667,0,4,4,156285,156285
218735,0,1,1,150277,150277
218783,2,5,7,151771,151771
218828,0,0,0,131764,131764
218842,1,0,1,164469,164469
218853,0,3,3,154913,154913
218896,0,3,3,162531,162531
218916,0,0,0,152545,152545
218996,0,0,0,160080,160080
219007,0,3,3,74785,74785
219047,0,1,1,154392,154392
219218,0,1,1,55267,55267
219287,1,1,2,147996,147996
219303,1,0,1,69627,69627
219325,0,1,1,148797,148797
219343,1,2,3,134623,134623
219345,0,9,9,150335,150335
219403,1,3,4,161484,161484
219410,2,4,6,150841,150841
219490,4,24,28,73694,73694
219551,1,9,10,113621,113621
219754,1,2,3,146946,146946
219755,1,2,3,150045,150045
219774,0,2,2,63950,63950
219792,0,5,5,127743,127743
219842,1,1,2,106969,106969
219883,0,1,1,120198,120198
219951,0,0,0,154205,154205
219952,1,2,3,126136,126136
220020,1,2,3,138747,138747
220165,1,2,3,152344,152344
220169,0,1,1,142576,142576
220181,0,3,3,135810,135810
220206,0,1,1,139378,139378
220324,2,3,5,140903,140903
220331,1,8,9,134476,134476
220512,0,1,1,170532,170532
220523,0,3,3,53395,53395
220557,1,3,4,75091,75091
220581,1,1,2,154259,154259
220591,0,16,16,163766,163766
220796,2,7,9,84277,84277
220817,1,1,2,155614,155614
220830,1,2,3,108957,108957
220861,0,0,0,153620,153620
220871,0,1,1,146892,146892
220886,0,5,5,165340,165340
220918,1,9,10,149201,149201
220939,0,1,1,152588,152588
220950,0,2,2,168634,168634
220954,2,11,13,56944,56944
220957,1,8,9,119065,119065
221069,0,1,1,66649,66649
221100,1,5,6,159601,159601
221113,0,2,2,134780,134780
221164,0,4,4,133839,133839
221226,0,1,1,127554,127554
221294,2,3,5,149215,149215
221339,1,4,5,66009,66009
221430,1,7,8,65011,65011
221448,0,4,4,161577,161577
221449,3,3,6,153711,153711
221492,2,5,7,148079,148079
221496,0,2,2,59685,59685
221526,0,10,10,135018,135018
221645,1,2,3,114635,114635
221646,0,0,0,153900,153900
221777,7,11,18,156493,156493
221823,0,1,1,68519,68519
221849,0,0,0,119486,119486
221874,2,5,7,162638,162638
222048,2,2,4,165498,165498
222096,0,0,0,140681,140681
222198,4,3,7,166518,166518
222199,4,4,8,155878,155878
222270,0,3,3,140539,140539
222312,1,1,2,119326,119326
222321,0,1,1,154299,154299
222388,2,7,9,170109,170109
222405,0,1,1,165428,165428
222421,0,1,1,82642,82642
222484,1,2,3,159542,159542
222533,0,5,5,1486,1486
222604,0,0,0,149505,149505
222621,0,0,0,169644,169644
222637,2,2,4,153328,153328
222649,0,0,0,147663,147663
222663,0,2,2,21412,21412
222728,0,1,1,154290,154290
222755,1,2,3,160598,160598
222771,0,1,1,146957,146957
222831,0,2,2,60223,60223
222851,0,6,6,156744,156744
222869,1,1,2,151234,151234
222902,0,12,12,152423,152423
222926,0,2,2,141446,141446
223029,0,2,2,166166,166166
223096,1,3,4,151862,151862
223125,1,17,18,43999,43999
223143,0,0,0,44762,44762
223332,0,1,1,161945,161945
223369,0,0,0,149553,149553
223602,0,3,3,100058,100058
223726,0,0,0,58630,58630
223767,2,19,21,133858,133858
223789,2,2,4,172,172
223818,1,2,3,44474,44474
223914,2,2,4,59789,59789
223917,0,2,2,66523,66523
223940,0,1,1,128165,128165
224006,0,0,0,116191,116191
224023,0,4,4,168506,168506
224135,1,3,4,150364,150364
224157,1,6,7,137561,137561
224218,0,6,6,155296,155296
224237,0,1,1,75351,75351
224282,0,3,3,163071,163071
224307,0,1,1,157389,157389
224480,8,5,13,2533,2533
224595,2,3,5,75927,75927
224603,0,1,1,75996,75996
224671,0,1,1,150666,150666
224707,0,1,1,149286,149286
224711,3,3,6,125773,125773
224747,0,0,0,127984,127984
224777,0,2,2,161854,161854
224879,1,11,12,109823,109823
224882,1,2,3,141955,141955
224959,1,3,4,161212,161212
225036,1,2,3,162908,162908
225078,0,0,0,145779,145779
225101,0,2,2,154306,154306
225103,0,0,0,165572,165572
225122,0,1,1,67767,67767
225227,1,5,6,133070,133070
225252,0,7,7,134773,134773
225254,0,2,2,132538,132538
225261,0,0,0,125719,125719
225286,0,0,0,136559,136559
225311,0,2,2,158848,158848
225418,1,5,6,139533,139533
225467,1,1,2,172058,172058
225528,0,2,2,157897,157897
225547,3,4,7,135057,135057
225563,0,4,4,153780,153780
225572,1,10,11,66102,66102
225633,0,0,0,145665,145665
225700,0,0,0,158386,158386
225714,0,3,3,69905,69905
225791,6,6,12,114491,114491
225833,0,0,0,168848,168848
225851,0,4,4,148157,148157
225874,0,1,1,99999,99999
225920,0,2,2,160975,160975
226078,1,13,14,142121,142121
226098,0,0,0,155964,155964
226133,0,0,0,71920,71920
226304,2,2,4,92036,92036
226372,0,0,0,73756,73756
226406,0,1,1,135240,135240
226500,0,0,0,172401,172401
226555,0,1,1,61312,61312
226566,0,1,1,106667,106667
226575,2,7,9,106020,106020
226653,3,3,6,146896,146896
226677,0,1,1,78470,78470
226695,0,2,2,131298,131298
226735,0,2,2,156119,156119
226803,1,0,1,10906,10906
227028,0,8,8,135664,135664
227235,3,9,12,133946,133946
227242,0,2,2,136906,136906
227257,1,0,1,138650,138650
227261,0,1,1,163807,163807
227306,0,2,2,156675,156675
227321,2,3,5,26241,26241
227395,0,3,3,106631,106631
227432,0,0,0,123396,123396
227547,0,9,9,160291,160291
227558,0,0,0,47559,47559
227765,0,1,1,169398,169398
227774,1,2,3,112385,112385
227889,0,0,0,153247,153247
227895,2,4,6,140809,140809
227951,0,0,0,155098,155098
227988,1,2,3,141780,141780
228000,0,2,2,155202,155202
228102,1,0,1,164663,164663
228123,0,11,11,162060,162060
228125,0,3,3,143379,143379
228126,1,0,1,131804,131804
228135,0,2,2,161672,161672
228148,0,0,0,66052,66052
228182,2,2,4,156512,156512
228183,2,3,5,156487,156487
228184,2,3,5,156421,156421
228201,0,3,3,153637,153637
228269,0,1,1,145262,145262
228294,0,0,0,155158,155158
228311,6,8,14,15104,15104
228379,0,4,4,79336,79336
228395,0,2,2,116705,116705
228404,0,1,1,138085,138085
228557,1,5,6,71505,71505
228608,2,2,4,148565,148565
228613,0,0,0,106513,106513
228633,1,3,4,150022,150022
228656,1,1,2,67467,67467
228672,4,15,19,134573,134573
228702,0,3,3,161889,161889
228724,0,0,0,162212,162212
228805,0,0,0,156909,156909
228816,0,4,4,136336,136336
228854,1,5,6,153276,153276
228896,0,2,2,152167,152167
228914,4,8,12,142124,142124
228918,0,1,1,142760,142760
228998,0,0,0,157266,157266
229006,0,0,0,136421,136421
229025,2,8,10,165666,165666
229055,0,0,0,170608,170608
229083,0,2,2,14822,14822
229121,1,2,3,106573,106573
229172,0,2,2,135350,135350
229207,1,0,1,129830,129830
229230,0,3,3,67121,67121
229243,0,1,1,152388,152388
229266,0,1,1,160192,160192
229299,0,2,2,150054,150054
229305,0,4,4,167296,167296
229331,0,5,5,149788,149788
229359,0,0,0,142013,142013
229468,0,0,0,161649,161649
229489,0,1,1,149632,149632
229527,0,0,0,159564,159564
229563,0,1,1,153500,153500
229566,0,12,12,149723,149723
229600,0,1,1,168097,168097
229624,0,1,1,66498,66498
229639,0,0,0,165510,165510
229649,0,0,0,129756,129756
229691,2,3,5,81330,81330
229706,0,2,2,66114,66114
229839,1,9,10,131790,131790
229857,0,1,1,160697,160697
229885,0,11,11,139919,139919
229912,1,1,2,97678,97678
229941,0,1,1,152197,152197
229950,0,1,1,131027,131027
229953,2,10,12,144046,144046
229960,0,0,0,154957,154957
229976,0,1,1,146848,146848
229983,0,0,0,146847,146847
230030,0,3,3,130779,130779
230063,1,5,6,131150,131150
230115,1,9,10,125990,125990
230147,0,0,0,71203,71203
230172,0,1,1,160021,160021
230175,0,0,0,165516,165516
230217,0,1,1,131625,131625
230234,0,2,2,150259,150259
230259,0,1,1,164952,164952
230276,0,1,1,66197,66197
230370,6,5,11,134839,134839
230408,0,3,3,140708,140708
230450,0,2,2,163611,163611
230462,0,1,1,66000,66000
230470,0,0,0,162305,162305
230472,1,1,2,150646,150646
230483,1,2,3,66076,66076
230491,1,1,2,143029,143029
230539,0,5,5,134844,134844
230541,0,3,3,89421,89421
230553,0,1,1,159875,159875
230614,0,0,0,138956,138956
230622,0,3,3,131411,131411
230727,0,0,0,137078,137078
230753,0,1,1,81616,81616
230758,0,1,1,168125,168125
230760,0,2,2,167213,167213
230771,0,2,2,137430,137430
230960,0,0,0,142353,142353
231017,0,0,0,169466,169466
231036,0,2,2,143666,143666
231054,0,1,1,143947,143947
231065,0,2,2,164719,164719
231117,0,4,4,134140,134140
231277,0,4,4,142894,142894
231369,1,9,10,167733,167733
231411,0,0,0,162213,162213
231416,0,1,1,154441,154441
231476,0,0,0,162122,162122
231549,0,0,0,163565,163565
231570,0,1,1,166387,166387
231601,0,0,0,171469,171469
231725,0,1,1,126211,126211
231868,0,3,3,126028,126028
231884,0,8,8,118034,118034
231918,0,0,0,49725,49725
231937,1,3,4,142690,142690
231957,8,9,17,160925,160925
232001,1,2,3,165040,165040
232003,0,1,1,148212,148212
232010,0,0,0,152706,152706
232023,0,1,1,134618,134618
232087,0,1,1,150246,150246
232205,0,5,5,138391,138391
232220,0,3,3,136550,136550
232237,6,9,15,136801,136801
232316,0,3,3,120390,120390
232353,0,3,3,168422,168422
232451,0,2,2,137990,137990
232481,1,3,4,147500,147500
232501,1,3,4,134462,134462
232519,0,2,2,130724,130724
232521,0,0,0,135317,135317
232751,0,4,4,141495,141495
232754,0,0,0,112558,112558
232762,0,4,4,116384,116384
232769,1,7,8,150789,150789
232778,0,1,1,143261,143261
232798,1,2,3,136475,136475
232834,0,0,0,81162,81162
232850,2,16,18,27545,27545
232851,1,0,1,154328,154328
232868,0,2,2,108469,108469
232891,0,0,0,52072,52072
232928,0,3,3,123900,123900
232981,1,25,26,83460,83460
233045,0,2,2,138546,138546
233047,1,1,2,112768,112768
233128,1,2,3,76627,76627
233135,0,7,7,129673,129673
233229,0,1,1,166847,166847
233350,0,2,2,141627,141627
233358,0,1,1,126334,126334
233395,0,0,0,165727,165727
233404,3,26,29,51603,51603
233547,1,5,6,157086,157086
233601,1,1,2,168314,168314
233663,0,1,1,77438,77438
233675,0,0,0,137319,137319
233687,0,0,0,154042,154042
233730,0,2,2,55368,55368
233778,0,6,6,155797,155797
233959,1,4,5,146999,146999
234003,0,0,0,68047,68047
234066,0,4,4,125969,125969
234140,0,2,2,147712,147712
234208,0,0,0,159250,159250
234244,1,2,3,148443,148443
234302,1,4,5,145183,145183
234305,0,0,0,66959,66959
234388,1,15,16,158931,158931
234492,0,0,0,172709,172709
234502,0,0,0,131740,131740
234508,0,1,1,66094,66094
234511,0,2,2,145516,145516
234513,0,14,14,158899,158899
234561,0,1,1,155349,155349
234582,1,2,3,76737,76737
234614,0,3,3,134072,134072
234621,4,4,8,77502,77502
234622,4,36,40,147054,147054
234644,0,0,0,161130,161130
234668,0,0,0,155235,155235
234670,0,0,0,103599,103599
234707,0,0,0,167962,167962
234725,0,1,1,171424,171424
234776,0,2,2,145387,145387
234798,6,9,15,146044,146044
234807,0,3,3,151867,151867
234849,0,0,0,130879,130879
234952,0,0,0,146349,146349
234955,0,2,2,71915,71915
235112,2,2,4,171890,171890
235140,0,0,0,138401,138401
235189,0,1,1,155997,155997
235206,2,10,12,133960,133960
235272,0,0,0,124372,124372
235296,0,2,2,69045,69045
235332,0,2,2,164219,164219
235343,1,2,3,151209,151209
235383,0,7,7,147401,147401
235395,0,0,0,63215,63215
235399,3,5,8,63574,63574
235421,0,5,5,167588,167588
235445,1,5,6,146491,146491
235473,0,4,4,149617,149617
235529,0,2,2,155468,155468
235619,1,1,2,121904,121904
235655,2,1,3,156459,156459
235686,0,0,0,160190,160190
235687,0,0,0,161592,161592
235712,0,3,3,82806,82806
235741,0,1,1,159650,159650
235795,0,5,5,89906,89906
235811,0,0,0,131286,131286
235819,0,0,0,161930,161930
235844,0,3,3,134976,134976
235890,0,16,16,129958,129958
235901,0,3,3,149755,149755
235957,1,2,3,4173,4173
235998,0,0,0,137183,137183
236024,0,0,0,161690,161690
236064,1,1,2,72382,72382
236079,0,4,4,150416,150416
236113,0,12,12,86168,86168
236128,0,0,0,156386,156386
236226,0,0,0,157774,157774
236249,1,1,2,151463,151463
236328,1,1,2,125961,125961
236354,2,3,5,133933,133933
236398,1,1,2,159691,159691
236401,1,2,3,156651,156651
236405,1,6,7,131276,131276
236406,0,3,3,54650,54650
236416,0,5,5,147304,147304
236423,0,1,1,63277,63277
236600,0,0,0,130794,130794
236757,0,2,2,143467,143467
236781,0,1,1,158697,158697
236793,0,1,1,142223,142223
236826,0,3,3,161851,161851
236840,0,3,3,142069,142069
236853,0,2,2,136293,136293
236892,0,4,4,133654,133654
237008,0,1,1,166154,166154
237059,1,2,3,108917,108917
237069,3,13,16,121091,121091
237167,0,1,1,157995,157995
237211,0,0,0,119268,119268
237221,0,1,1,66346,66346
237366,0,0,0,94230,94230
237381,0,3,3,154060,154060
237389,1,2,3,146931,146931
237393,0,1,1,165644,165644
237415,0,0,0,94416,94416
237451,0,0,0,161310,161310
237462,1,4,5,168400,168400
237473,0,0,0,151775,151775
237700,0,0,0,156459,156459
237751,0,1,1,159652,159652
237814,0,0,0,136744,136744
237818,0,0,0,154452,154452
237831,0,0,0,165001,165001
237849,0,1,1,163692,163692
237971,0,1,1,148057,148057
237987,0,0,0,31784,31784
238003,0,0,0,139969,139969
238176,0,6,6,157500,157500
238308,0,1,1,136552,136552
238353,1,1,2,140190,140190
238481,1,2,3,75340,75340
238540,0,1,1,159483,159483
238558,0,1,1,138922,138922
238559,0,5,5,125965,125965
238570,6,7,13,151595,151595
238619,0,0,0,158114,158114
238641,1,1,2,164934,164934
238743,0,0,0,66566,66566
238756,1,3,4,144956,144956
238758,1,2,3,143150,143150
238798,0,1,1,93177,93177
238911,0,2,2,68973,68973
238960,0,0,0,169210,169210
239024,0,5,5,132145,132145
239052,0,1,1,60457,60457
239074,1,3,4,66800,66800
239093,1,2,3,140854,140854
239103,0,1,1,135342,135342
239144,0,2,2,66859,66859
239177,0,2,2,146962,146962
239180,0,1,1,93010,93010
239201,0,2,2,148870,148870
239203,0,3,3,73618,73618
239210,1,2,3,142938,142938
239215,0,6,6,168674,168674
239218,0,1,1,156274,156274
239277,0,1,1,158207,158207
239510,0,0,0,170904,170904
239526,5,5,10,164303,164303
239538,0,1,1,157338,157338
239552,2,7,9,160736,160736
239596,0,4,4,147702,147702
239608,0,2,2,134373,134373
239638,0,1,1,94216,94216
239654,0,1,1,130338,130338
239657,1,1,2,154506,154506
239812,0,2,2,144564,144564
239825,0,1,1,157301,157301
239829,0,0,0,72891,72891
239867,4,3,7,121991,121991
239935,0,2,2,160754,160754
239964,0,0,0,142555,142555
240008,1,4,5,151699,151699
240158,1,3,4,153776,153776
240286,0,2,2,138374,138374
240304,0,1,1,135159,135159
240327,0,5,5,166910,166910
240334,1,3,4,134498,134498
240490,0,3,3,120611,120611
240547,0,1,1,67814,67814
240646,1,1,2,136354,136354
240695,0,0,0,139926,139926
240709,0,4,4,136529,136529
240711,0,2,2,162776,162776
240738,0,3,3,148623,148623
240770,0,1,1,158898,158898
240790,0,2,2,127608,127608
240879,0,0,0,171941,171941
240889,1,6,7,153580,153580
240896,0,2,2,69915,69915
240898,0,1,1,104547,104547
240922,0,1,1,66838,66838
240932,0,0,0,112815,112815
240949,0,0,0,136590,136590
240985,0,4,4,23360,23360
240987,3,5,8,142735,142735
241012,0,0,0,132084,132084
241016,2,1,3,171362,171362
241064,1,2,3,143596,143596
241204,0,1,1,144550,144550
241222,1,0,1,141912,141912
241331,0,1,1,108121,108121
241355,0,0,0,161546,161546
241427,0,4,4,122319,122319
241562,0,0,0,150122,150122
241614,2,4,6,165851,165851
241617,3,7,10,140719,140719
241645,0,5,5,152004,152004
241731,0,3,3,141522,141522
241739,0,1,1,108937,108937
241776,8,7,15,88192,88192
241836,1,6,7,98622,98622
241874,1,4,5,167630,167630
241878,1,1,2,132148,132148
241885,0,1,1,166524,166524
241892,1,3,4,143301,143301
241940,1,1,2,136093,136093
242082,0,0,0,149933,149933
242089,0,1,1,61224,61224
242104,0,1,1,155414,155414
242126,0,0,0,131709,131709
242149,0,0,0,150134,150134
242165,0,0,0,84625,84625
242234,0,1,1,24936,24936
242261,0,0,0,44524,44524
242304,0,4,4,150440,150440
242347,1,1,2,107449,107449
242386,2,2,4,12509,12509
242429,0,2,2,151191,151191
242520,0,0,0,98748,98748
242523,0,0,0,67229,67229
242583,0,1,1,147785,147785
242588,2,13,15,134011,134011
242626,0,1,1,71859,71859
242724,0,1,1,66984,66984
242744,0,7,7,142220,142220
242778,0,0,0,163685,163685
242782,0,1,1,147716,147716
242792,0,1,1,141571,141571
242800,0,0,0,160406,160406
242812,0,0,0,70444,70444
242832,2,1,3,135514,135514
242840,2,3,5,52608,52608
242875,0,0,0,147750,147750
242896,1,6,7,153184,153184
242932,0,0,0,159116,159116
242934,0,8,8,146570,146570
242935,2,6,8,148398,148398
242959,0,1,1,129169,129169
242999,0,1,1,143574,143574
243007,0,1,1,153313,153313
243025,2,2,4,73018,73018
243041,0,4,4,155395,155395
243150,0,0,0,158347,158347
243237,0,20,20,147965,147965
243238,1,3,4,151321,151321
243262,1,5,6,138161,138161
243274,0,2,2,152789,152789
243282,0,3,3,68186,68186
243316,2,0,2,150431,150431
243349,0,1,1,66157,66157
243560,0,1,1,160362,160362
243571,0,6,6,73079,73079
243601,0,1,1,154923,154923
243643,1,2,3,79931,79931
243649,0,0,0,152131,152131
243735,0,1,1,155659,155659
243740,0,4,4,118707,118707
243794,0,13,13,149931,149931
243882,1,2,3,27799,27799
243921,0,0,0,154144,154144
244005,0,2,2,128898,128898
244043,0,4,4,53466,53466
244093,0,1,1,74169,74169
244187,0,0,0,97065,97065
244191,0,1,1,67482,67482
244222,0,1,1,149985,149985
244301,0,1,1,167185,167185
244355,1,4,5,136084,136084
244358,0,1,1,72211,72211
244392,1,1,2,152019,152019
244395,1,3,4,141303,141303
244407,0,2,2,164087,164087
244425,1,1,2,130353,130353
244578,1,3,4,135760,135760
244631,0,1,1,151064,151064
244704,0,0,0,143536,143536
244872,0,0,0,144251,144251
244940,0,2,2,171871,171871
244984,1,1,2,103703,103703
245004,1,1,2,164541,164541
245012,0,1,1,141038,141038
245025,3,2,5,135455,135455
245061,0,1,1,132606,132606
245086,0,1,1,162618,162618
245087,2,4,6,153667,153667
245088,4,12,16,122371,122371
245145,0,0,0,161566,161566
245202,0,1,1,53476,53476
245211,1,2,3,127635,127635
245223,1,1,2,152332,152332
245297,0,0,0,155029,155029
245308,0,3,3,77086,77086
245376,2,2,4,114840,114840
245543,0,1,1,58071,58071
245594,0,5,5,142611,142611
245607,1,4,5,74309,74309
245610,3,2,5,155689,155689
245762,0,4,4,149071,149071
245763,0,1,1,89198,89198
245794,0,0,0,162804,162804
245817,0,1,1,56553,56553
245829,0,0,0,140402,140402
245876,0,1,1,155024,155024
245950,0,0,0,150307,150307
245959,1,6,7,146868,146868
246045,0,2,2,142021,142021
246065,0,4,4,161270,161270
246104,0,3,3,144040,144040
246174,0,1,1,147402,147402
246346,0,0,0,44093,44093
246397,0,1,1,130552,130552
246415,3,4,7,157870,157870
246418,0,2,2,166575,166575
246461,0,0,0,170178,170178
246478,0,7,7,144857,144857
246523,0,1,1,158820,158820
246596,0,0,0,154392,154392
246628,0,11,11,170236,170236
246661,1,1,2,150727,150727
246729,0,3,3,163205,163205
246741,0,0,0,161574,161574
246753,0,9,9,155533,155533
246816,0,0,0,162145,162145
246949,2,8,10,136644,136644
247011,0,0,0,156401,156401
247061,0,6,6,157418,157418
247101,0,1,1,129461,129461
247125,1,2,3,2462,2462
247132,1,4,5,146530,146530
247173,0,5,5,139999,139999
247238,1,5,6,146532,146532
247249,0,0,0,145344,145344
247265,0,1,1,171617,171617
247267,0,3,3,108827,108827
247273,0,0,0,68694,68694
247345,0,4,4,151573,151573
247379,0,1,1,152817,152817
247414,0,0,0,150843,150843
247455,0,2,2,138875,138875
247512,0,2,2,163328,163328
247581,0,2,2,20834,20834
247596,0,0,0,151506,151506
247605,0,5,5,138360,138360
247644,2,21,23,139428,139428
247672,3,3,6,158016,158016
247673,3,4,7,138197,138197
247674,0,0,0,6093,6093
247775,0,3,3,58276,58276
247779,0,1,1,142714,142714
247780,1,1,2,168819,168819
247814,0,0,0,133764,133764
247876,0,2,2,136021,136021
247906,0,0,0,73495,73495
247959,1,1,2,163440,163440
247996,2,2,4,71272,71272
248083,0,2,2,97892,97892
248112,1,5,6,98501,98501
248156,0,1,1,81761,81761
248224,0,9,9,151616,151616
248295,1,1,2,134694,134694
248298,1,4,5,171709,171709
248304,1,2,3,136379,136379
248409,0,3,3,142051,142051
248466,0,3,3,58718,58718
248489,1,1,2,84333,84333
248521,0,0,0,160421,160421
248523,0,1,1,145102,145102
248527,0,1,1,67544,67544
248530,0,2,2,133985,133985
248532,1,3,4,130979,130979
248600,0,0,0,146179,146179
248696,1,2,3,140577,140577
248704,1,0,1,150870,150870
248721,3,3,6,155695,155695
248785,0,10,10,144653,144653
248823,2,3,5,108359,108359
248852,1,3,4,159277,159277
248863,1,2,3,154944,154944
248878,0,1,1,164147,164147
248899,0,3,3,67641,67641
248930,0,0,0,165517,165517
248971,0,11,11,55116,55116
249079,0,0,0,161052,161052
249092,0,3,3,137718,137718
249095,0,1,1,63102,63102
249114,0,0,0,143904,143904
249137,1,1,2,159798,159798
249143,0,0,0,66103,66103
249184,0,1,1,144604,144604
249264,0,2,2,145540,145540
249266,1,1,2,126311,126311
249277,1,1,2,124565,124565
249280,1,1,2,128669,128669
249353,0,1,1,151600,151600
249440,0,1,1,147970,147970
249461,0,1,1,164096,164096
249555,0,0,0,156523,156523
249636,2,8,10,111204,111204
249776,0,1,1,138561,138561
249827,0,5,5,146584,146584
249877,0,0,0,57610,57610
249927,0,2,2,142280,142280
249989,0,0,0,169162,169162
250001,0,2,2,136540,136540
250003,0,0,0,168015,168015
250056,0,0,0,143590,143590
250083,0,2,2,143532,143532
250124,0,5,5,148389,148389
250138,0,1,1,101561,101561
250146,0,0,0,166494,166494
250195,0,0,0,112354,112354
250211,0,1,1,133943,133943
250231,0,0,0,33114,33114
250241,0,2,2,144083,144083
250393,0,1,1,76560,76560
250401,1,0,1,7979,7979
250434,1,0,1,158279,158279
250507,0,1,1,135348,135348
250519,3,1,4,65495,65495
250575,1,4,5,131101,131101
250592,0,0,0,154771,154771
250615,0,12,12,130745,130745
250626,0,1,1,68717,68717
250776,0,1,1,172201,172201
250805,0,0,0,143523,143523
250901,0,1,1,161809,161809
250913,0,0,0,155440,155440
250948,1,6,7,156991,156991
250950,3,5,8,154427,154427
251005,0,5,5,134616,134616
251035,0,0,0,128880,128880
251068,0,8,8,151462,151462
251090,0,2,2,148961,148961
251178,0,1,1,151798,151798
251191,0,4,4,148680,148680
251199,6,10,16,119382,119382
251204,3,6,9,146210,146210
251223,0,1,1,168193,168193
251382,0,3,3,140817,140817
251401,0,5,5,158761,158761
251492,0,0,0,143080,143080
251497,1,1,2,68479,68479
251549,0,1,1,124746,124746
251566,0,1,1,162810,162810
251587,0,1,1,148629,148629
251685,0,6,6,161340,161340
251756,0,0,0,112390,112390
251860,0,5,5,150607,150607
251886,1,1,2,119566,119566
252059,0,2,2,107022,107022
252220,0,1,1,151776,151776
252235,0,4,4,37256,37256
252236,0,12,12,143993,143993
252249,0,3,3,151360,151360
252288,0,6,6,135164,135164
252321,0,2,2,154147,154147
252361,5,6,11,128519,128519
252477,0,3,3,146583,146583
252554,0,0,0,152552,152552
252561,0,10,10,149742,149742
252584,0,1,1,147333,147333
252636,0,3,3,69192,69192
252658,1,1,2,161362,161362
252668,0,1,1,134142,134142
252711,0,1,1,155250,155250
252733,0,1,1,61899,61899
252786,0,10,10,146508,146508
252801,0,7,7,137695,137695
252855,0,2,2,165231,165231
252899,2,6,8,148829,148829
252900,3,6,9,153489,153489
252912,0,2,2,149992,149992
252956,0,0,0,140972,140972
253004,1,1,2,165138,165138
253042,0,2,2,160788,160788
253063,0,0,0,160519,160519
253090,0,1,1,138596,138596
253094,2,2,4,45095,45095
253172,4,8,12,162422,162422
253173,4,5,9,158207,158207
253243,0,1,1,158412,158412
253273,0,1,1,149935,149935
253287,0,1,1,168053,168053
253304,0,17,17,137353,137353
253305,0,6,6,124310,124310
253345,0,1,1,147188,147188
253365,0,2,2,147551,147551
253403,0,1,1,66598,66598
253409,0,1,1,157485,157485
253468,3,4,7,151625,151625
253529,0,4,4,136219,136219
253607,0,5,5,144447,144447
253609,1,1,2,164565,164565
253658,0,2,2,162549,162549
253722,0,1,1,162759,162759
253783,2,10,12,133237,133237
253794,0,0,0,160577,160577
253808,0,2,2,150762,150762
253829,0,3,3,121880,121880
253886,0,0,0,161722,161722
253928,0,4,4,144155,144155
253982,0,3,3,162388,162388
254136,0,2,2,158836,158836
254154,1,1,2,126159,126159
254166,1,0,1,133969,133969
254186,0,1,1,138529,138529
254206,0,4,4,120308,120308
254280,0,0,0,125893,125893
254289,0,3,3,154339,154339
254292,1,4,5,151594,151594
254325,0,3,3,142602,142602
254342,1,0,1,141084,141084
254345,0,1,1,142975,142975
254393,0,9,9,146734,146734
254528,0,0,0,150606,150606
254576,0,4,4,166390,166390
254599,0,1,1,91714,91714
254611,3,8,11,41250,41250
254614,0,0,0,109254,109254
254697,0,2,2,147409,147409
254705,0,2,2,151486,151486
254710,1,3,4,159340,159340
254780,0,2,2,168872,168872
254806,0,0,0,128109,128109
254860,1,1,2,121115,121115
254991,0,2,2,151298,151298
254994,0,0,0,144743,144743
255008,2,3,5,135006,135006
255010,2,3,5,138251,138251
255035,0,1,1,106762,106762
255055,0,1,1,67453,67453
255080,0,2,2,170449,170449
255126,0,3,3,141992,141992
255157,0,0,0,169882,169882
255195,1,2,3,152022,152022
255211,1,1,2,129426,129426
255217,0,2,2,66468,66468
255242,0,0,0,59545,59545
255249,0,10,10,138585,138585
255259,0,1,1,89208,89208
255309,0,0,0,147563,147563
255320,2,0,2,42745,42745
255332,0,0,0,142966,142966
255340,1,3,4,142740,142740
255455,0,2,2,160640,160640
255525,0,2,2,155909,155909
255656,0,1,1,134005,134005
255676,0,2,2,100165,100165
255706,0,1,1,154291,154291
255757,0,4,4,142619,142619
255766,0,5,5,133012,133012
255791,0,1,1,156196,156196
255820,0,0,0,134380,134380
255849,0,3,3,55118,55118
255850,0,1,1,37748,37748
255879,0,1,1,144054,144054
255911,0,4,4,66332,66332
255983,1,1,2,135960,135960
256016,1,2,3,64155,64155
256071,0,1,1,149781,149781
256292,1,5,6,137093,137093
256414,0,2,2,155325,155325
256532,0,0,0,144277,144277
256568,1,3,4,134621,134621
256580,0,0,0,163275,163275
256615,0,0,0,126139,126139
256618,0,1,1,157322,157322
256665,0,2,2,140364,140364
256673,1,1,2,146925,146925
256680,0,3,3,149947,149947
256698,0,3,3,165710,165710
256738,0,0,0,158262,158262
256757,0,1,1,143319,143319
256772,0,1,1,62354,62354
256774,2,4,6,82581,82581
256987,3,4,7,151537,151537
257017,0,0,0,166275,166275
257068,0,0,0,172576,172576
257071,0,0,0,84852,84852
257098,0,0,0,81088,81088
257249,0,0,0,77690,77690
257339,1,3,4,100562,100562
257364,0,6,6,66723,66723
257424,0,3,3,148606,148606
257607,0,2,2,149411,149411
257662,1,3,4,148753,148753
257674,0,1,1,136928,136928
257685,0,4,4,130628,130628
257762,0,4,4,171864,171864
257829,0,0,0,73618,73618
257901,0,6,6,134338,134338
257908,0,2,2,154486,154486
257972,0,0,0,134082,134082
257980,1,3,4,148611,148611
257993,0,7,7,105757,105757
258004,0,1,1,140552,140552
258170,0,2,2,146586,146586
258181,1,0,1,150274,150274
258242,0,1,1,152421,152421
258279,0,2,2,147819,147819
258313,2,2,4,46823,46823
258317,2,2,4,68480,68480
258327,0,1,1,150442,150442
258348,5,9,14,111688,111688
258454,0,3,3,161889,161889
258496,0,3,3,159499,159499
258526,0,2,2,66541,66541
258532,0,1,1,164343,164343
258538,0,1,1,66779,66779
258542,0,1,1,158330,158330
258546,0,2,2,152855,152855
258638,0,1,1,115421,115421
258676,3,3,6,138718,138718
258751,1,1,2,56479,56479
258830,0,3,3,109120,109120
258838,1,2,3,147597,147597
258914,0,0,0,168401,168401
258932,0,4,4,138143,138143
258933,0,0,0,170757,170757
259079,0,0,0,137329,137329
259122,0,7,7,153122,153122
259214,0,0,0,143905,143905
259237,3,14,17,134682,134682
259245,1,1,2,152346,152346
259257,0,0,0,166711,166711
259292,0,1,1,154660,154660
259390,1,3,4,106582,106582
259408,0,1,1,143517,143517
259460,0,1,1,142809,142809
259593,0,2,2,70616,70616
259766,1,3,4,92284,92284
259769,0,0,0,70388,70388
259919,0,2,2,151673,151673
259958,2,6,8,125252,125252
259963,0,3,3,160058,160058
259975,0,0,0,163776,163776
260012,0,1,1,154008,154008
260015,0,0,0,171921,171921
260017,0,0,0,160767,160767
260225,0,5,5,140327,140327
260264,0,0,0,159906,159906
260274,0,2,2,155553,155553
260282,0,1,1,153806,153806
260289,1,4,5,149708,149708
260302,0,1,1,158024,158024
260304,0,9,9,138526,138526
260307,0,0,0,135044,135044
260311,2,6,8,146445,146445
260323,1,1,2,57379,57379
260375,1,1,2,49612,49612
260437,0,1,1,127848,127848
260472,0,3,3,156078,156078
260484,0,0,0,132527,132527
260617,0,1,1,171155,171155
260650,0,3,3,143481,143481
260660,0,0,0,157285,157285
260738,0,1,1,124856,124856
260753,0,4,4,154112,154112
260787,1,3,4,161152,161152
260796,0,0,0,148229,148229
260850,1,2,3,151870,151870
260900,0,1,1,141390,141390
260911,1,3,4,149319,149319
260929,0,4,4,158100,158100
260997,2,2,4,63528,63528
261031,0,1,1,143127,143127
261060,0,1,1,139453,139453
261069,1,1,2,141996,141996
261100,0,1,1,57402,57402
261106,2,3,5,170782,170782
261126,0,0,0,153334,153334
261135,0,1,1,141765,141765
261145,3,4,7,68289,68289
261146,1,0,1,169641,169641
261160,6,7,13,143166,143166
261179,0,0,0,158506,158506
261212,1,4,5,62739,62739
261250,0,3,3,139481,139481
261257,0,2,2,149168,149168
261373,0,2,2,74446,74446
261419,0,1,1,120543,120543
261470,0,3,3,109013,109013
261594,0,0,0,59063,59063
261651,0,1,1,149926,149926
261655,6,7,13,143165,143165
261656,6,6,12,143167,143167
261657,6,8,14,143168,143168
261658,6,6,12,143168,143168
261659,7,7,14,143167,143167
261660,6,6,12,143165,143165
261698,1,1,2,64403,64403
261774,0,2,2,155263,155263
261834,0,2,2,142716,142716
262039,0,6,6,109656,109656
262151,0,1,1,67424,67424
262192,0,1,1,125209,125209
262195,0,1,1,101646,101646
262258,0,2,2,74207,74207
262279,0,2,2,147984,147984
262283,0,2,2,146780,146780
262307,0,10,10,125910,125910
262389,0,2,2,78757,78757
262395,0,0,0,133682,133682
262420,0,9,9,159211,159211
262469,1,2,3,155717,155717
262501,0,1,1,78703,78703
262562,0,0,0,168986,168986
262576,0,2,2,66300,66300
262590,1,1,2,88718,88718
262600,0,2,2,147880,147880
262612,0,0,0,171713,171713
262634,0,1,1,147355,147355
262708,1,1,2,168734,168734
262739,0,1,1,142615,142615
262795,1,1,2,160751,160751
262831,0,0,0,160825,160825
262843,0,3,3,167545,167545
262889,0,7,7,140493,140493
263076,3,5,8,141664,141664
263119,1,1,2,132956,132956
263132,0,1,1,135867,135867
263167,0,0,0,132868,132868
263235,0,1,1,102537,102537
263239,0,0,0,149967,149967
263434,0,0,0,133940,133940
263665,0,2,2,134077,134077
263747,1,3,4,149857,149857
263791,0,0,0,171813,171813
263813,0,1,1,150575,150575
263849,0,1,1,141783,141783
263853,0,5,5,135719,135719
263868,0,0,0,161211,161211
263870,1,4,5,74434,74434
263893,0,2,2,147867,147867
263930,0,5,5,135842,135842
264041,0,7,7,78638,78638
264063,0,3,3,51416,51416
264168,0,7,7,117387,117387
264171,0,0,0,137009,137009
264199,0,1,1,165318,165318
264216,0,1,1,160228,160228
264230,0,1,1,135703,135703
264232,0,3,3,59522,59522
264285,0,2,2,68720,68720
264319,0,1,1,169299,169299
264381,0,0,0,159687,159687
264400,1,8,9,142166,142166
264411,0,0,0,58402,58402
264610,0,2,2,156209,156209
264646,0,0,0,63565,63565
264772,1,2,3,149214,149214
264792,0,0,0,168719,168719
264814,0,0,0,136666,136666
264874,0,2,2,74540,74540
265010,0,19,19,165535,165535
265028,3,2,5,118125,118125
265102,0,1,1,149469,149469
265242,0,0,0,143088,143088
265273,0,1,1,169302,169302
265361,0,0,0,152166,152166
265365,0,0,0,168735,168735
265367,1,4,5,62491,62491
265368,1,6,7,135708,135708
265407,2,3,5,149471,149471
265408,2,6,8,71258,71258
265484,1,5,6,148996,148996
265531,0,1,1,66666,66666
265547,0,2,2,109758,109758
265557,1,5,6,133333,133333
265559,3,4,7,14305,14305
265562,0,1,1,134156,134156
265588,0,0,0,159061,159061
265590,0,0,0,162184,162184
265684,0,0,0,170241,170241
265700,0,0,0,71821,71821
265705,0,1,1,161430,161430
265719,0,1,1,163621,163621
265776,3,4,7,151126,151126
265813,1,1,2,41979,41979
265816,1,1,2,52367,52367
265846,0,1,1,134527,134527
265898,0,4,4,134057,134057
265917,0,1,1,134611,134611
265939,0,0,0,162230,162230
265959,0,1,1,163346,163346
266037,0,1,1,76373,76373
266075,0,2,2,147359,147359
266171,1,1,2,134776,134776
266188,0,1,1,141896,141896
266326,0,0,0,150103,150103
266400,0,0,0,127844,127844
266450,1,2,3,143309,143309
266542,0,0,0,149924,149924
266557,1,2,3,47016,47016
266569,0,2,2,87092,87092
266651,0,2,2,168122,168122
266675,0,2,2,150671,150671
266688,0,1,1,100468,100468
266706,0,1,1,151091,151091
266708,0,1,1,132131,132131
266825,0,1,1,62249,62249
266925,0,0,0,135966,135966
266930,1,1,2,105542,105542
266959,0,3,3,158261,158261
266992,0,2,2,136313,136313
267013,0,1,1,161357,161357
267143,0,0,0,167762,167762
267168,1,14,15,149615,149615
267206,0,2,2,66488,66488
267227,0,2,2,161825,161825
267257,0,1,1,93278,93278
267269,4,13,17,137592,137592
267317,2,7,9,158427,158427
267326,0,1,1,142572,142572
267399,0,1,1,163539,163539
267467,3,2,5,161595,161595
267805,0,0,0,137592,137592
268063,0,1,1,129196,129196
268111,0,1,1,125101,125101
268170,0,1,1,55007,55007
268263,0,7,7,67510,67510
268339,0,0,0,144070,144070
268521,0,3,3,133215,133215
268533,0,1,1,139195,139195
268545,0,1,1,77367,77367
268559,0,0,0,150118,150118
268606,0,2,2,132503,132503
268658,0,1,1,141583,141583
268702,0,1,1,105737,105737
268727,1,1,2,166159,166159
268777,0,1,1,142694,142694
268948,0,2,2,156547,156547
268997,0,0,0,170732,170732
269032,0,0,0,160090,160090
269068,0,2,2,110525,110525
269085,1,4,5,149623,149623
269088,1,3,4,149344,149344
269149,0,0,0,166716,166716
269170,0,2,2,144198,144198
269299,0,1,1,170787,170787
269308,0,0,0,157634,157634
269340,1,5,6,40073,40073
269367,0,1,1,153683,153683
269512,1,3,4,85074,85074
269527,1,1,2,95988,95988
269587,1,1,2,109302,109302
269674,0,1,1,155230,155230
269811,0,1,1,134031,134031
269816,0,5,5,156581,156581
269817,0,4,4,140773,140773
269881,1,4,5,163552,163552
269899,0,1,1,122199,122199
269905,0,2,2,147020,147020
270056,0,4,4,167843,167843
270066,0,0,0,145873,145873
270082,0,0,0,141187,141187
270102,0,2,2,146666,146666
270161,0,0,0,121044,121044
270166,0,0,0,171129,171129
270205,1,2,3,137378,137378
270209,0,2,2,148131,148131
270257,0,0,0,161523,161523
270306,0,1,1,73688,73688
270439,0,0,0,164955,164955
270513,0,3,3,49874,49874
270530,0,1,1,158696,158696
270537,0,0,0,156502,156502
270763,0,0,0,140206,140206
270813,0,2,2,162834,162834
270833,1,5,6,117575,117575
270989,1,1,2,142772,142772
271021,0,1,1,167111,167111
271069,1,1,2,149768,149768
271112,0,1,1,62597,62597
271120,0,1,1,142679,142679
271136,0,8,8,153935,153935
271148,0,0,0,90547,90547
271154,0,2,2,156324,156324
271166,1,1,2,102423,102423
271222,0,0,0,142878,142878
271257,0,6,6,69978,69978
271322,0,0,0,139323,139323
271422,1,1,2,136147,136147
271435,0,0,0,160509,160509
271447,0,2,2,162599,162599
271518,0,2,2,60340,60340
271643,0,1,1,60009,60009
271676,0,0,0,154053,154053
271712,0,0,0,150067,150067
271733,0,0,0,144157,144157
271865,0,0,0,159219,159219
271870,0,1,1,171264,171264
271951,0,0,0,135184,135184
271972,1,4,5,142649,142649
271995,2,5,7,12023,12023
272042,0,1,1,113408,113408
272067,0,2,2,146607,146607
272092,0,4,4,146604,146604
272099,0,1,1,66741,66741
272102,0,2,2,148962,148962
272131,1,10,11,133181,133181
272232,0,2,2,97451,97451
272273,0,9,9,73685,73685
272319,1,1,2,168706,168706
272348,1,1,2,74566,74566
272349,1,3,4,74095,74095
272353,0,0,0,138186,138186
272461,3,3,6,134716,134716
272516,0,2,2,68385,68385
272519,0,7,7,129645,129645
272565,0,0,0,86507,86507
272570,0,1,1,44302,44302
272605,0,1,1,154478,154478
272625,0,1,1,150410,150410
272652,1,4,5,60790,60790
272656,0,3,3,73953,73953
272693,1,19,20,73232,73232
272749,2,13,15,148189,148189
272765,0,3,3,73163,73163
272772,0,0,0,102428,102428
272818,1,11,12,126062,126062
272880,0,4,4,123600,123600
272996,0,2,2,146116,146116
273011,1,6,7,117135,117135
273022,0,2,2,150776,150776
273054,0,1,1,139879,139879
273084,0,0,0,137342,137342
273098,0,0,0,151101,151101
273163,0,1,1,100714,100714
273168,2,5,7,149498,149498
273282,0,3,3,153537,153537
273341,0,1,1,108831,108831
273539,0,1,1,162128,162128
273610,0,0,0,148253,148253
273642,0,6,6,105987,105987
273680,0,0,0,72064,72064
273724,0,5,5,154829,154829
273748,0,2,2,71478,71478
273750,0,2,2,153274,153274
273752,0,3,3,83421,83421
273816,1,1,2,85309,85309
273860,0,1,1,59810,59810
273963,0,0,0,154093,154093
274026,0,1,1,151717,151717
274027,0,4,4,131955,131955
274049,0,1,1,68576,68576
274185,0,1,1,153225,153225
274216,0,1,1,153280,153280
274253,1,6,7,146852,146852
274266,0,2,2,81281,81281
274321,0,3,3,157328,157328
274344,0,4,4,150960,150960
274404,0,0,0,133695,133695
274415,2,14,16,147679,147679
274428,2,3,5,156682,156682
274454,0,0,0,155392,155392
274494,0,2,2,134996,134996
274508,1,2,3,125571,125571
274612,0,0,0,105326,105326
274637,0,5,5,126315,126315
274649,0,1,1,67439,67439
274729,0,20,20,130095,130095
274732,0,1,1,135345,135345
274775,0,0,0,169641,169641
274779,0,2,2,167982,167982
274788,0,0,0,162542,162542
274789,0,0,0,134235,134235
274791,0,1,1,144407,144407
274882,0,0,0,142613,142613
274908,4,10,14,138436,138436
274928,1,7,8,153037,153037
274977,0,1,1,131770,131770
274995,0,2,2,105284,105284
275020,0,2,2,167141,167141
275165,0,1,1,106715,106715
275237,0,0,0,160942,160942
275285,0,1,1,98938,98938
275325,1,2,3,150837,150837
275355,0,0,0,133902,133902
275382,1,6,7,61373,61373
275487,0,3,3,146486,146486
275552,0,8,8,112265,112265
275554,0,1,1,66907,66907
275561,1,2,3,141372,141372
275575,0,1,1,119854,119854
275625,0,1,1,159232,159232
275664,0,1,1,134330,134330
275745,0,0,0,147786,147786
275842,2,1,3,161669,161669
275852,1,4,5,137856,137856
275947,0,0,0,106939,106939
275993,0,1,1,151073,151073
276071,1,3,4,54319,54319
276095,0,4,4,154667,154667
276146,0,1,1,103090,103090
276154,0,0,0,154748,154748
276191,1,1,2,143442,143442
276204,0,0,0,141291,141291
276420,0,6,6,153726,153726
276492,1,4,5,92691,92691
276561,0,1,1,136592,136592
276653,0,1,1,87298,87298
276716,1,3,4,167186,167186
276735,0,1,1,149526,149526
276745,0,1,1,68369,68369
276830,0,2,2,151991,151991
276866,0,0,0,153195,153195
276891,0,3,3,58282,58282
276916,0,1,1,155019,155019
276917,0,1,1,141579,141579
276984,1,1,2,87868,87868
276998,1,4,5,146439,146439
277139,0,0,0,155249,155249
277147,0,9,9,164460,164460
277157,0,0,0,159318,159318
277218,0,0,0,156440,156440
277309,0,0,0,156217,156217
277321,0,3,3,61606,61606
277329,0,1,1,77517,77517
277353,0,3,3,149472,149472
277514,0,0,0,158045,158045
277522,0,0,0,161583,161583
277554,0,0,0,86410,86410
277614,2,12,14,132051,132051
277656,1,1,2,148672,148672
277659,0,2,2,66125,66125
277748,0,1,1,162629,162629
277801,0,0,0,152602,152602
277858,1,2,3,82425,82425
277890,0,0,0,131087,131087
277939,1,2,3,161495,161495
278036,5,6,11,164297,164297
278040,0,3,3,65689,65689
278045,0,0,0,144756,144756
278079,0,1,1,134298,134298
278116,0,1,1,136240,136240
278251,1,3,4,74043,74043
278259,0,0,0,153449,153449
278325,0,0,0,160715,160715
278360,0,0,0,159918,159918
278509,0,0,0,99297,99297
278548,0,1,1,72387,72387
278561,1,5,6,128451,128451
278564,1,2,3,144087,144087
278632,0,0,0,152566,152566
278652,0,1,1,155223,155223
278730,0,1,1,141831,141831
278753,0,0,0,138237,138237
278767,0,0,0,116244,116244
278775,0,1,1,58685,58685
278799,1,2,3,162912,162912
278849,0,3,3,152815,152815
279049,0,1,1,73148,73148
279050,0,1,1,74790,74790
279133,1,2,3,94608,94608
279143,0,1,1,66239,66239
279205,0,2,2,110363,110363
279207,1,4,5,57969,57969
279291,0,1,1,113048,113048
279316,0,8,8,29596,29596
279344,0,10,10,158408,158408
279367,0,0,0,137101,137101
279419,0,3,3,153065,153065
279497,0,0,0,142673,142673
279516,0,1,1,154213,154213
279541,0,6,6,125956,125956
279602,1,1,2,64088,64088
279653,1,1,2,100196,100196
279690,1,2,3,155772,155772
279771,0,1,1,73975,73975
279805,0,2,2,68878,68878
279845,1,1,2,150466,150466
279875,0,0,0,74666,74666
279876,0,0,0,153695,153695
279880,0,0,0,55923,55923
279983,1,1,2,49703,49703
279985,0,4,4,16878,16878
280000,0,1,1,143058,143058
280016,0,0,0,114074,114074
280018,0,0,0,161575,161575
280229,0,2,2,145458,145458
280247,0,1,1,145088,145088
280422,1,1,2,146497,146497
280425,0,2,2,67856,67856
280470,1,6,7,147595,147595
280473,1,2,3,160183,160183
280510,0,2,2,142543,142543
280583,0,3,3,147860,147860
280635,0,1,1,130269,130269
280639,1,3,4,147447,147447
280645,0,1,1,67558,67558
280703,0,0,0,156919,156919
280728,1,1,2,134523,134523
280783,0,3,3,74519,74519
280814,0,0,0,67847,67847
280818,0,0,0,161168,161168
280850,0,0,0,130544,130544
280863,0,0,0,158636,158636
280933,0,9,9,148564,148564
280974,0,1,1,150091,150091
281003,0,2,2,92478,92478
281188,0,1,1,66707,66707
281229,0,0,0,130353,130353
281242,0,0,0,150616,150616
281298,1,2,3,159204,159204
281350,0,3,3,163866,163866
281361,0,1,1,127686,127686
281405,1,2,3,125439,125439
281408,0,0,0,139237,139237
281412,0,1,1,156479,156479
281493,0,1,1,59122,59122
281503,0,4,4,135161,135161
281572,0,8,8,146536,146536
281612,1,2,3,152490,152490
281613,0,1,1,148812,148812
281674,0,10,10,160559,160559
281693,0,2,2,142803,142803
281741,0,2,2,153867,153867
281742,0,2,2,172391,172391
281766,0,1,1,113098,113098
281920,0,0,0,138174,138174
281951,0,4,4,10780,10780
281977,0,1,1,108518,108518
281982,0,3,3,153033,153033
282095,0,1,1,67772,67772
282128,1,3,4,135678,135678
282151,0,0,0,133693,133693
282163,0,0,0,152995,152995
282188,0,1,1,152659,152659
282200,0,1,1,66177,66177
282467,0,0,0,112027,112027
282502,0,1,1,142975,142975
282617,0,0,0,113819,113819
282620,1,2,3,158460,158460
282734,0,3,3,160685,160685
282736,0,3,3,144852,144852
282758,2,8,10,65217,65217
282759,2,2,4,142041,142041
282805,0,0,0,136884,136884
282884,0,0,0,163406,163406
282887,1,5,6,165708,165708
282905,1,1,2,127574,127574
282910,0,1,1,153869,153869
282933,0,0,0,158270,158270
282954,0,1,1,156615,156615
282957,0,1,1,140230,140230
282983,0,1,1,98808,98808
283041,1,2,3,139913,139913
283095,0,2,2,133287,133287
283206,0,2,2,147847,147847
283284,0,2,2,76532,76532
283295,0,0,0,125980,125980
283305,0,2,2,148654,148654
283364,0,1,1,162011,162011
283387,0,1,1,151645,151645
283400,0,1,1,148799,148799
283485,0,0,0,80511,80511
283614,0,9,9,40442,40442
283649,0,1,1,153238,153238
283681,0,0,0,144315,144315
283825,1,1,2,161263,161263
283941,1,6,7,107015,107015
284022,0,1,1,150766,150766
284098,0,2,2,161595,161595
284127,2,1,3,154434,154434
284178,0,9,9,113003,113003
284207,0,0,0,172484,172484
284222,0,3,3,107862,107862
284239,0,0,0,148468,148468
284302,0,4,4,138323,138323
284331,1,1,2,150029,150029
284389,1,3,4,157171,157171
284443,0,5,5,150553,150553
284564,0,0,0,153694,153694
284651,0,0,0,155436,155436
284687,0,3,3,144862,144862
284875,0,4,4,143682,143682
284882,0,1,1,78920,78920
284917,0,1,1,73735,73735
284978,1,1,2,145417,145417
284994,0,2,2,86337,86337
285005,0,0,0,168607,168607
285010,0,0,0,159486,159486
285052,0,0,0,94278,94278
285107,2,61,63,171860,171860
285165,0,0,0,143613,143613
285294,0,4,4,149343,149343
285368,0,2,2,149131,149131
285443,0,4,4,134083,134083
285471,0,2,2,163751,163751
285491,0,0,0,75447,75447
285571,0,2,2,109069,109069
285585,0,2,2,137999,137999
285647,0,0,0,153733,153733
285661,0,2,2,151533,151533
285664,0,3,3,140409,140409
285736,0,1,1,109285,109285
285762,0,1,1,144797,144797
285831,1,1,2,89823,89823
285889,0,2,2,154647,154647
285913,2,3,5,15734,15734
285914,2,2,4,14761,14761
285923,0,5,5,150495,150495
286005,0,2,2,59481,59481
286030,1,1,2,75022,75022
286094,0,1,1,77332,77332
286100,0,0,0,169090,169090
286148,1,1,2,127089,127089
286171,0,0,0,152546,152546
286172,0,0,0,113896,113896
286219,0,0,0,138872,138872
286222,0,2,2,108502,108502
286309,0,0,0,167034,167034
286338,0,1,1,115921,115921
286355,0,2,2,69131,69131
286367,1,4,5,134577,134577
286444,0,3,3,144074,144074
286479,0,0,0,84056,84056
286739,2,1,3,149668,149668
286845,1,6,7,147065,147065
286850,0,9,9,146665,146665
286903,0,3,3,136100,136100
286986,0,2,2,130754,130754
287031,0,0,0,162880,162880
287046,0,1,1,170063,170063
287057,0,3,3,71278,71278
287068,0,2,2,59827,59827
287121,0,3,3,134897,134897
287134,0,0,0,103183,103183
287142,0,3,3,104303,104303
287185,0,0,0,158535,158535
287311,0,0,0,156011,156011
287335,0,0,0,141725,141725
287412,2,2,4,151059,151059
287454,0,2,2,113842,113842
287480,0,2,2,155832,155832
287604,0,3,3,150726,150726
287630,1,1,2,147016,147016
287639,0,1,1,139244,139244
287654,0,1,1,154284,154284
287700,0,1,1,66153,66153
287724,0,3,3,160389,160389
287725,0,2,2,147427,147427
287823,1,2,3,130950,130950
287880,0,0,0,163159,163159
287935,0,0,0,75511,75511
287954,1,3,4,47541,47541
287973,0,0,0,169842,169842
287992,0,4,4,119496,119496
287994,2,3,5,153003,153003
287998,0,0,0,135210,135210
288008,0,1,1,70238,70238
288039,0,2,2,108991,108991
288075,0,2,2,148289,148289
288094,1,2,3,163069,163069
288141,0,0,0,154550,154550
288300,0,1,1,155425,155425
288341,0,0,0,146133,146133
288343,0,2,2,156915,156915
288386,0,5,5,13795,13795
288408,1,1,2,49731,49731
288542,1,2,3,172189,172189
288556,0,0,0,164357,164357
288644,0,0,0,167617,167617
288659,1,1,2,143945,143945
288843,0,1,1,137775,137775
288953,0,1,1,153061,153061
289031,1,7,8,163949,163949
289037,2,7,9,82834,82834
289042,0,1,1,139152,139152
289161,2,3,5,162150,162150
289241,0,0,0,142547,142547
289269,0,0,0,153831,153831
289345,0,4,4,122434,122434
289396,0,0,0,152875,152875
289457,0,2,2,167590,167590
289487,0,1,1,118834,118834
289536,0,7,7,75188,75188
289547,2,6,8,145154,145154
289619,0,2,2,146170,146170
289639,0,0,0,158944,158944
289650,0,1,1,70323,70323
289733,0,2,2,171018,171018
289756,0,0,0,134172,134172
289883,1,3,4,145280,145280
290053,0,0,0,143938,143938
290147,0,0,0,164417,164417
290179,0,1,1,134068,134068
290193,0,0,0,77180,77180
290226,2,2,4,121954,121954
290304,2,2,4,69157,69157
290324,0,1,1,150350,150350
290335,1,3,4,147472,147472
290362,1,1,2,130705,130705
290461,1,1,2,130300,130300
290629,0,1,1,137066,137066
290671,0,2,2,134804,134804
290717,0,2,2,68071,68071
290739,0,0,0,151079,151079
290756,0,0,0,55435,55435
290830,0,0,0,125142,125142
291027,1,2,3,159504,159504
291043,1,1,2,169512,169512
291044,1,2,3,67638,67638
291086,0,0,0,144162,144162
291139,0,1,1,135538,135538
291170,0,5,5,115020,115020
291179,0,1,1,162454,162454
291213,0,1,1,133843,133843
291390,1,1,2,23138,23138
291484,0,0,0,133612,133612
291500,5,17,22,153339,153339
291626,0,3,3,139173,139173
291652,0,1,1,147016,147016
291668,0,0,0,147820,147820
291714,0,0,0,169157,169157
291749,0,2,2,140666,140666
291899,0,2,2,159929,159929
291956,0,1,1,140532,140532
291965,0,3,3,153233,153233
292033,1,1,2,73825,73825
292035,1,1,2,72816,72816
292113,2,2,4,128188,128188
292342,0,0,0,125412,125412
292372,0,0,0,148374,148374
292393,1,5,6,123357,123357
292402,0,1,1,154280,154280
292494,0,3,3,110011,110011
292499,0,0,0,125612,125612
292506,0,5,5,146746,146746
292602,0,7,7,152726,152726
292647,1,1,2,169612,169612
292660,1,2,3,164583,164583
292721,1,1,2,74281,74281
292722,0,1,1,156284,156284
292738,0,1,1,88220,88220
292754,0,8,8,90766,90766
292757,0,1,1,143901,143901
292835,0,0,0,103282,103282
292933,0,1,1,79791,79791
292948,0,0,0,145897,145897
292986,0,1,1,134774,134774
293045,0,3,3,149044,149044
293078,1,1,2,148048,148048
293099,0,0,0,143522,143522
293156,0,1,1,56614,56614
293215,1,1,2,168794,168794
293237,0,1,1,68853,68853
293247,0,0,0,168686,168686
293249,0,4,4,138783,138783
293275,2,1,3,154225,154225
293312,0,1,1,159564,159564
293448,0,0,0,100775,100775
293450,0,3,3,147076,147076
293533,0,1,1,156493,156493
293541,0,1,1,150839,150839
293564,0,0,0,142529,142529
293653,0,1,1,166272,166272
293734,0,0,0,115893,115893
293802,0,3,3,66105,66105
293846,0,1,1,139880,139880
293949,1,3,4,155230,155230
293965,0,0,0,87277,87277
294038,0,1,1,132668,132668
294073,0,1,1,156786,156786
294220,0,0,0,145882,145882
294403,2,4,6,8558,8558
294416,0,1,1,80979,80979
294439,0,0,0,139749,139749
294461,0,1,1,136679,136679
294508,0,1,1,135873,135873
294527,0,2,2,116748,116748
294532,0,0,0,147345,147345
294547,0,0,0,22865,22865
294602,0,1,1,142026,142026
294654,0,2,2,169334,169334
294689,1,3,4,146664,146664
294745,0,2,2,142134,142134
294868,0,0,0,152070,152070
294956,0,1,1,67613,67613
294978,0,0,0,73470,73470
295113,0,1,1,167422,167422
295183,0,1,1,147148,147148
295200,1,1,2,161672,161672
295207,0,3,3,135527,135527
295225,0,0,0,64861,64861
295227,0,2,2,56064,56064
295236,0,2,2,169463,169463
295272,0,1,1,151120,151120
295373,0,0,0,142864,142864
295403,0,0,0,161769,161769
295413,1,3,4,67745,67745
295426,0,2,2,149903,149903
295507,0,2,2,125793,125793
295584,1,3,4,52107,52107
295620,0,0,0,136380,136380
295714,0,1,1,145248,145248
295742,0,1,1,74958,74958
295761,0,1,1,67681,67681
295820,0,3,3,72094,72094
295858,0,0,0,126215,126215
295866,1,1,2,24039,24039
295879,0,3,3,133284,133284
295881,1,0,1,149766,149766
295882,0,3,3,42092,42092
295958,1,1,2,8302,8302
295959,1,1,2,34667,34667
295966,0,1,1,146528,146528
296059,0,6,6,114436,114436
296119,1,1,2,12895,12895
296120,1,2,3,12834,12834
296157,2,2,4,147777,147777
296173,0,0,0,159222,159222
296176,0,1,1,163811,163811
296184,0,0,0,121215,121215
296252,3,6,9,136771,136771
296255,1,1,2,153687,153687
296296,0,1,1,110249,110249
296524,0,0,0,11576,11576
296607,2,8,10,133287,133287
296659,0,2,2,147476,147476
296670,0,0,0,161472,161472
296845,0,1,1,151867,151867
296906,0,2,2,140151,140151
296921,0,0,0,131397,131397
296970,0,0,0,134252,134252
297005,0,8,8,149474,149474
297054,0,1,1,157885,157885
297071,1,1,2,161448,161448
297081,0,1,1,83215,83215
297085,1,0,1,145027,145027
297144,1,2,3,113614,113614
297225,0,0,0,24331,24331
297237,2,2,4,160551,160551
297289,0,0,0,170670,170670
297348,0,3,3,167133,167133
297533,0,1,1,113205,113205
297596,0,1,1,166247,166247
297624,0,3,3,70009,70009
297671,1,1,2,170232,170232
297677,0,0,0,144057,144057
297847,0,1,1,125847,125847
297892,0,0,0,87257,87257
297949,0,8,8,138603,138603
297978,0,0,0,148648,148648
298048,1,2,3,97367,97367
298130,1,12,13,112537,112537
298164,0,1,1,150867,150867
298234,0,0,0,146177,146177
298237,0,2,2,61419,61419
298248,0,1,1,169207,169207
298257,0,0,0,172134,172134
298290,0,0,0,133580,133580
298329,0,1,1,147680,147680
298336,0,1,1,151366,151366
298461,0,0,0,152187,152187
298559,0,7,7,39497,39497
298579,0,4,4,136304,136304
298622,0,0,0,142616,142616
298623,0,1,1,68964,68964
298696,3,4,7,74175,74175
298744,1,1,2,155750,155750
298749,1,4,5,115394,115394
298794,3,8,11,161528,161528
298801,0,2,2,133258,133258
298853,0,0,0,168092,168092
298862,0,0,0,163476,163476
298959,0,3,3,153095,153095
298994,1,4,5,156931,156931
298995,1,2,3,145360,145360
299023,0,2,2,160268,160268
299189,0,0,0,117670,117670
299397,1,2,3,140193,140193
299547,0,0,0,128276,128276
299554,2,2,4,112802,112802
299557,0,1,1,75254,75254
299573,0,0,0,162178,162178
299599,0,1,1,156940,156940
299635,0,0,0,145858,145858
299704,2,1,3,171803,171803
299765,0,5,5,149108,149108
299771,0,0,0,83704,83704
299848,0,2,2,134532,134532
299850,0,3,3,145093,145093
299867,0,0,0,139471,139471
299869,0,6,6,111619,111619
299949,0,1,1,153864,153864
299993,1,4,5,163778,163778
299994,0,12,12,111449,111449
300092,0,4,4,138937,138937
300137,1,3,4,145673,145673
300140,0,14,14,148965,148965
300186,0,1,1,156304,156304
300196,0,2,2,141495,141495
300334,1,0,1,150999,150999
300432,0,2,2,140137,140137
300433,0,3,3,144476,144476
300580,0,1,1,74949,74949
300607,0,2,2,75196,75196
300621,0,1,1,96565,96565
300796,1,1,2,146258,146258
300804,0,2,2,139122,139122
300832,0,2,2,148972,148972
300856,0,1,1,3208,3208
300949,0,1,1,149698,149698
300983,1,0,1,58735,58735
301047,0,0,0,65493,65493
301225,0,0,0,110435,110435
301350,1,2,3,155920,155920
301355,0,1,1,152573,152573
301390,0,0,0,138170,138170
301422,0,1,1,64027,64027
301473,0,2,2,122491,122491
301497,1,3,4,146550,146550
301547,0,1,1,139637,139637
301593,0,0,0,170861,170861
301618,1,1,2,77917,77917
301695,0,2,2,67911,67911
301735,1,2,3,145663,145663
301842,3,3,6,164789,164789
301897,0,0,0,77957,77957
301925,0,0,0,149972,149972
301967,0,0,0,169349,169349
301968,0,1,1,109154,109154
301974,0,4,4,135934,135934
301983,0,3,3,156554,156554
301991,3,3,6,150300,150300
302219,0,1,1,82517,82517
302387,0,0,0,163240,163240
302393,0,0,0,166664,166664
302434,0,0,0,151499,151499
302505,0,0,0,147607,147607
302519,0,2,2,58435,58435
302527,1,1,2,68224,68224
302529,0,11,11,130674,130674
302547,0,3,3,136576,136576
302647,3,3,6,144895,144895
302648,3,3,6,144463,144463
302702,0,0,0,127186,127186
302749,0,1,1,135935,135935
302797,3,16,19,153800,153800
302840,0,2,2,120353,120353
302856,0,14,14,117969,117969
302964,0,2,2,136866,136866
302981,1,1,2,147072,147072
302990,1,2,3,89953,89953
303031,0,9,9,131665,131665
303035,0,1,1,82242,82242
303148,0,0,0,138655,138655
303159,0,1,1,150525,150525
303217,0,4,4,101721,101721
303233,0,0,0,103436,103436
303384,0,1,1,133491,133491
303480,0,0,0,164266,164266
303506,0,0,0,136508,136508
303539,2,2,4,154876,154876
303589,1,1,2,87893,87893
303623,1,1,2,158066,158066
303664,1,3,4,59475,59475
303711,1,2,3,67588,67588
303727,0,0,0,100854,100854
303757,0,1,1,150882,150882
303838,0,5,5,108846,108846
303898,0,2,2,102213,102213
303967,0,0,0,70190,70190
304001,0,1,1,75807,75807
304038,0,0,0,135420,135420
304044,0,11,11,137097,137097
304080,1,7,8,145955,145955
304109,0,0,0,125728,125728
304175,1,3,4,153517,153517
304200,1,3,4,143691,143691
304228,0,1,1,147178,147178
304262,1,0,1,168775,168775
304310,0,1,1,143027,143027
304362,0,0,0,113396,113396
304388,0,1,1,128187,128187
304452,0,1,1,161752,161752
304490,0,4,4,107197,107197
304491,0,8,8,135357,135357
304552,0,1,1,66380,66380
304672,0,2,2,143452,143452
304684,0,1,1,136596,136596
304725,0,1,1,159562,159562
304741,1,2,3,136121,136121
304745,0,2,2,158502,158502
304820,0,1,1,144449,144449
304826,0,1,1,72442,72442
304850,0,0,0,168053,168053
305078,0,0,0,155374,155374
305108,0,2,2,147546,147546
305110,0,1,1,66204,66204
305121,0,1,1,73374,73374
305128,0,2,2,58491,58491
305168,1,1,2,170814,170814
305285,0,0,0,99164,99164
305309,0,1,1,142610,142610
305337,0,1,1,155742,155742
305489,0,0,0,126691,126691
305528,0,0,0,161471,161471
305541,0,0,0,83725,83725
305662,0,1,1,144755,144755
305693,3,3,6,105960,105960
305752,1,1,2,161737,161737
305861,1,2,3,126082,126082
305864,0,1,1,70158,70158
305865,1,1,2,27324,27324
305883,0,1,1,138139,138139
305946,0,0,0,171334,171334
306029,0,2,2,79469,79469
306171,0,1,1,77473,77473
306213,0,0,0,160125,160125
306233,0,1,1,142700,142700
306462,0,0,0,130445,130445
306502,0,1,1,137513,137513
306508,2,7,9,154184,154184
306512,0,0,0,135867,135867
306526,0,1,1,137398,137398
306636,1,1,2,162432,162432
306807,2,0,2,63186,63186
306994,0,0,0,77161,77161
307072,1,3,4,153048,153048
307079,0,5,5,165529,165529
307206,0,0,0,143464,143464
307214,0,2,2,95215,95215
307266,1,2,3,163967,163967
307292,1,2,3,127961,127961
307295,1,1,2,134031,134031
307383,0,1,1,82011,82011
307428,0,0,0,151407,151407
307493,0,1,1,156374,156374
307602,0,0,0,148942,148942
307629,1,4,5,134029,134029
307641,0,0,0,129123,129123
307673,0,0,0,136669,136669
307701,0,1,1,159399,159399
307764,0,1,1,172706,172706
307769,0,0,0,154945,154945
307777,0,0,0,156190,156190
307919,0,0,0,149365,149365
307927,1,4,5,164822,164822
307940,0,2,2,169122,169122
307970,0,1,1,85240,85240
308074,0,6,6,167433,167433
308329,1,1,2,154304,154304
308345,0,0,0,107249,107249
308370,1,2,3,67798,67798
308479,1,2,3,157057,157057
308493,0,1,1,167329,167329
308506,0,4,4,152508,152508
308521,0,2,2,134873,134873
308529,0,0,0,138547,138547
308795,0,3,3,161801,161801
308804,0,4,4,150101,150101
308878,0,3,3,159247,159247
308909,0,0,0,125640,125640
309094,0,1,1,123517,123517
309151,1,1,2,108617,108617
309207,0,7,7,154159,154159
309220,0,0,0,167784,167784
309306,0,1,1,138156,138156
309438,1,1,2,96059,96059
309469,0,2,2,60123,60123
309547,0,9,9,53759,53759
309613,0,3,3,129153,129153
309657,0,1,1,133304,133304
309670,0,2,2,134521,134521
309671,0,4,4,141372,141372
309752,0,2,2,133039,133039
309785,0,0,0,150920,150920
309994,0,2,2,137444,137444
310031,1,1,2,148785,148785
310034,0,1,1,134857,134857
310040,1,1,2,75482,75482
310092,0,2,2,150433,150433
310224,0,3,3,84653,84653
310272,0,1,1,146464,146464
310358,0,2,2,157347,157347
310368,1,2,3,144429,144429
310396,0,1,1,134002,134002
310446,0,2,2,147415,147415
310568,0,1,1,131417,131417
310590,0,1,1,150422,150422
310721,0,1,1,106922,106922
310788,0,1,1,68960,68960
310872,1,2,3,161510,161510
310954,0,0,0,124666,124666
311205,0,2,2,163412,163412
311268,1,1,2,153467,153467
311291,0,2,2,136709,136709
311361,0,1,1,131589,131589
311401,0,1,1,135827,135827
311431,0,1,1,112327,112327
311525,1,5,6,146303,146303
311570,0,0,0,164792,164792
311583,0,0,0,150814,150814
311589,0,1,1,76416,76416
311605,0,0,0,170094,170094
311611,0,0,0,170907,170907
311633,0,0,0,148984,148984
311706,0,1,1,77856,77856
311733,0,4,4,152004,152004
311793,0,2,2,151689,151689
311856,0,1,1,134975,134975
311935,1,1,2,156011,156011
312133,0,6,6,157158,157158
312363,0,2,2,64992,64992
312475,0,0,0,165451,165451
312498,0,2,2,67164,67164
312635,0,1,1,115398,115398
312873,0,1,1,163995,163995
313028,0,0,0,127356,127356
313039,0,1,1,155780,155780
313063,0,6,6,172271,172271
313065,0,2,2,133953,133953
313080,0,0,0,154267,154267
313247,0,1,1,66197,66197
313261,0,2,2,120942,120942
313274,0,0,0,125419,125419
313283,0,3,3,69747,69747
313367,0,0,0,139331,139331
313401,0,1,1,149030,149030
313486,0,2,2,159251,159251
313524,1,0,1,172581,172581
313557,2,2,4,153465,153465
313591,1,1,2,162673,162673
313705,0,0,0,162225,162225
313724,2,9,11,66707,66707
313770,1,6,7,146554,146554
313780,1,2,3,152506,152506
313812,0,1,1,144260,144260
313883,0,0,0,133394,133394
313885,1,1,2,100825,100825
313886,0,0,0,135760,135760
313900,0,0,0,154906,154906
313918,1,3,4,149406,149406
314104,2,2,4,164192,164192
314122,4,18,22,149612,149612
314127,0,1,1,63531,63531
314183,1,0,1,157193,157193
314236,1,4,5,160969,160969
314240,1,6,7,149655,149655
314411,0,0,0,38626,38626
314449,2,3,5,36522,36522
314478,0,2,2,132907,132907
314541,0,1,1,167667,167667
314545,0,0,0,156208,156208
314644,0,4,4,160112,160112
314671,0,4,4,132027,132027
314729,0,1,1,160062,160062
314759,0,2,2,62437,62437
314805,5,18,23,111733,111733
315031,0,1,1,147583,147583
315034,0,1,1,108590,108590
315119,0,0,0,143178,143178
315251,0,1,1,154899,154899
315333,0,1,1,145042,145042
315341,1,2,3,161919,161919
315402,2,4,6,34507,34507
315457,1,8,9,145811,145811
315496,0,0,0,168261,168261
315529,0,0,0,65716,65716
315536,0,0,0,155736,155736
315628,0,3,3,152322,152322
315714,0,1,1,149312,149312
315771,1,1,2,157961,157961
315776,0,1,1,154449,154449
315802,0,3,3,13259,13259
315855,0,1,1,71111,71111
315864,0,1,1,66732,66732
316104,0,0,0,146575,146575
316217,0,0,0,162745,162745
316223,0,0,0,170296,170296
316278,0,0,0,132738,132738
316385,0,2,2,114191,114191
316414,1,2,3,153621,153621
316513,0,1,1,146388,146388
316617,0,5,5,149538,149538
316680,0,0,0,145842,145842
317159,0,2,2,155926,155926
317205,0,5,5,146830,146830
317218,0,1,1,64073,64073
317249,0,2,2,154756,154756
317315,1,2,3,108178,108178
317417,0,0,0,162832,162832
317429,0,4,4,17209,17209
317441,0,0,0,156448,156448
317506,1,0,1,154201,154201
317528,0,0,0,166451,166451
317530,0,2,2,151454,151454
317549,0,0,0,148166,148166
317578,1,1,2,161531,161531
317811,1,4,5,147728,147728
317866,1,3,4,43025,43025
317887,2,3,5,165478,165478
317931,0,1,1,114243,114243
318019,0,0,0,158540,158540
318044,0,0,0,118529,118529
318104,0,1,1,146332,146332
318118,0,0,0,153541,153541
318182,0,3,3,142459,142459
318216,0,0,0,122344,122344
318242,0,0,0,145732,145732
318316,1,1,2,145499,145499
318387,1,1,2,114226,114226
318488,0,0,0,168462,168462
318551,0,1,1,118675,118675
318575,0,9,9,113992,113992
318591,0,0,0,138686,138686
318634,0,1,1,66833,66833
318635,1,1,2,65678,65678
318636,1,1,2,66593,66593
318694,0,2,2,142363,142363
318739,0,0,0,164412,164412
318763,0,0,0,172369,172369
318838,0,0,0,5701,5701
318868,0,3,3,132700,132700
319006,0,1,1,77270,77270
319010,0,0,0,154055,154055
319037,0,0,0,18078,18078
319152,0,0,0,137268,137268
319153,0,0,0,137380,137380
319162,0,2,2,73904,73904
319262,0,1,1,155659,155659
319479,0,0,0,157393,157393
319542,3,2,5,42334,42334
319571,1,8,9,142586,142586
319696,0,0,0,156519,156519
319742,0,1,1,130948,130948
319841,0,5,5,153101,153101
319849,0,5,5,123331,123331
320057,0,5,5,142922,142922
320089,0,9,9,48137,48137
320090,0,8,8,125285,125285
320134,0,0,0,47400,47400
320136,0,2,2,131056,131056
320214,0,1,1,106060,106060
320256,3,3,6,67432,67432
320286,0,0,0,138662,138662
320317,0,3,3,162378,162378
320347,0,1,1,136786,136786
320360,1,6,7,97595,97595
320464,2,2,4,161231,161231
320479,0,2,2,156252,156252
320558,1,1,2,171538,171538
320599,0,0,0,43733,43733
320642,0,0,0,162124,162124
320702,0,1,1,152248,152248
320755,0,1,1,149155,149155
320829,0,0,0,142654,142654
321022,0,2,2,161570,161570
321035,1,1,2,170378,170378
321061,0,2,2,67888,67888
321079,0,2,2,69325,69325
321105,0,1,1,146911,146911
321152,0,0,0,132850,132850
321175,0,12,12,149517,149517
321206,0,0,0,134702,134702
321340,0,0,0,9167,9167
321356,0,2,2,131900,131900
321383,0,2,2,134134,134134
321418,1,1,2,172195,172195
321476,2,6,8,101236,101236
321527,0,0,0,57568,57568
321565,1,7,8,156224,156224
321624,0,0,0,154423,154423
321667,1,1,2,126563,126563
321668,1,2,3,130557,130557
321677,0,0,0,165486,165486
321768,0,1,1,115610,115610
322023,0,2,2,110028,110028
322045,0,0,0,154363,154363
322068,0,15,15,154045,154045
322085,1,8,9,150671,150671
322090,0,1,1,167085,167085
322141,0,0,0,155491,155491
322204,0,1,1,143244,143244
322327,0,3,3,136588,136588
322428,0,1,1,162500,162500
322465,0,1,1,69132,69132
322495,0,0,0,57017,57017
322514,0,7,7,151466,151466
322557,0,2,2,149977,149977
322617,0,1,1,141771,141771
322720,0,1,1,136936,136936
322764,1,3,4,158696,158696
322797,1,6,7,155290,155290
322803,0,0,0,145337,145337
322874,0,0,0,137911,137911
322885,0,1,1,79852,79852
323050,0,1,1,148744,148744
323114,0,0,0,132040,132040
323281,0,0,0,137319,137319
323359,1,5,6,147271,147271
323360,1,2,3,145411,145411
323545,0,3,3,166659,166659
323646,0,1,1,160536,160536
323671,1,1,2,171918,171918
323675,1,1,2,172469,172469
323729,3,4,7,121769,121769
323730,1,1,2,121910,121910
323746,0,2,2,144582,144582
323776,0,1,1,147973,147973
323788,0,0,0,160483,160483
323848,0,8,8,138448,138448
323901,0,0,0,171912,171912
323919,0,0,0,172160,172160
323945,0,4,4,153337,153337
323953,2,3,5,160243,160243
323993,0,1,1,161298,161298
324033,0,1,1,71543,71543
324043,0,4,4,133537,133537
324070,0,0,0,154872,154872
324134,1,1,2,172056,172056
324195,0,1,1,154360,154360
324203,0,3,3,137778,137778
324345,0,0,0,71641,71641
324358,0,1,1,68762,68762
324368,1,5,6,148763,148763
324452,0,2,2,144831,144831
324583,0,2,2,163011,163011
324800,1,3,4,172135,172135
324805,0,0,0,126159,126159
324817,0,0,0,158182,158182
324955,0,5,5,41618,41618
325002,0,0,0,132247,132247
325054,0,2,2,150609,150609
325229,0,1,1,153812,153812
325463,0,3,3,138967,138967
325485,1,4,5,76984,76984
325566,1,2,3,153824,153824
325593,1,2,3,157140,157140
325669,0,1,1,135358,135358
325702,0,0,0,155275,155275
325782,0,0,0,137488,137488
325808,0,2,2,127430,127430
325810,0,0,0,71173,71173
325821,0,1,1,1341,1341
325837,0,0,0,136806,136806
325839,0,1,1,159554,159554
325915,1,1,2,2349,2349
325916,1,1,2,2300,2300
325938,1,5,6,145958,145958
325983,0,3,3,148878,148878
325999,0,0,0,168832,168832
326016,0,0,0,144133,144133
326051,2,7,9,46856,46856
326052,1,2,3,150359,150359
326157,1,4,5,147709,147709
326321,0,3,3,151155,151155
326344,2,2,4,157166,157166
326407,0,6,6,161899,161899
326408,0,1,1,146959,146959
326426,0,4,4,64702,64702
326558,1,2,3,99907,99907
326621,0,0,0,166707,166707
326821,0,1,1,162003,162003
326835,0,1,1,141482,141482
326850,0,0,0,155290,155290
326906,0,0,0,154254,154254
327106,0,1,1,167118,167118
327119,0,2,2,166569,166569
327132,0,3,3,99682,99682
327180,0,1,1,160778,160778
327186,0,1,1,120169,120169
327204,1,3,4,114838,114838
327307,0,5,5,138409,138409
327314,0,0,0,133752,133752
327431,0,1,1,76455,76455
327534,0,0,0,165429,165429
327595,1,2,3,148630,148630
327606,0,1,1,166728,166728
327652,0,0,0,149115,149115
327719,1,3,4,149531,149531
327787,0,2,2,167451,167451
327809,0,0,0,162796,162796
327844,0,0,0,62661,62661
327881,0,0,0,167096,167096
327935,0,15,15,113064,113064
328108,0,3,3,102511,102511
328110,0,3,3,126553,126553
328165,0,3,3,71572,71572
328251,0,2,2,147822,147822
328377,2,5,7,146444,146444
328386,0,0,0,137307,137307
328660,0,1,1,66163,66163
328678,1,4,5,147988,147988
328755,0,0,0,136230,136230
328840,0,1,1,169362,169362
328857,0,2,2,160500,160500
328870,0,1,1,58448,58448
328893,0,1,1,144540,144540
328938,0,3,3,166065,166065
328951,0,10,10,104376,104376
328953,1,0,1,167009,167009
329002,2,2,4,107974,107974
329011,0,0,0,48221,48221
329041,0,2,2,147010,147010
329065,0,1,1,25448,25448
329102,0,0,0,99042,99042
329223,0,3,3,146699,146699
329291,0,11,11,54904,54904
329357,1,7,8,165815,165815
329378,1,4,5,71502,71502
329388,1,2,3,48689,48689
329439,0,0,0,125768,125768
329569,0,2,2,131589,131589
329652,2,5,7,147278,147278
329677,0,1,1,151341,151341
329679,0,1,1,159889,159889
329762,0,0,0,41949,41949
329815,0,1,1,68159,68159
329854,0,0,0,139453,139453
329864,0,0,0,158736,158736
329959,0,1,1,168863,168863
329982,0,3,3,147609,147609
329986,0,5,5,156469,156469
330071,2,2,4,158947,158947
330122,0,0,0,118880,118880
330125,0,0,0,99290,99290
330158,0,0,0,29153,29153
330171,1,1,2,57604,57604
330236,0,2,2,137440,137440
330384,0,5,5,75088,75088
330398,0,1,1,160506,160506
330509,1,2,3,129734,129734
330510,1,1,2,162242,162242
330615,0,4,4,165504,165504
330639,0,2,2,60772,60772
330698,1,1,2,164744,164744
330816,0,4,4,124050,124050
330871,0,0,0,153161,153161
330895,0,1,1,63022,63022
330989,1,1,2,171961,171961
331105,0,2,2,142141,142141
331182,0,0,0,156311,156311
331228,0,2,2,66831,66831
331303,0,0,0,66845,66845
331318,0,0,0,148420,148420
331320,0,0,0,4687,4687
331334,0,1,1,147382,147382
331362,0,3,3,154951,154951
331456,0,1,1,78572,78572
331517,0,3,3,137998,137998
331579,0,1,1,122826,122826
331624,0,3,3,144225,144225
331661,0,1,1,165912,165912
331670,0,1,1,152311,152311
331689,0,1,1,84129,84129
331698,0,0,0,129509,129509
331789,1,0,1,139123,139123
331834,1,2,3,167771,167771
331835,1,1,2,168303,168303
331888,0,1,1,150616,150616
331905,0,2,2,106411,106411
331965,2,2,4,3689,3689
331966,2,2,4,148192,148192
331967,2,2,4,3991,3991
332051,1,2,3,153281,153281
332124,2,2,4,171991,171991
332125,1,1,2,172044,172044
332189,0,5,5,155921,155921
332257,0,0,0,60649,60649
332285,0,1,1,125680,125680
332307,0,0,0,153073,153073
332366,0,0,0,76867,76867
332445,0,1,1,153489,153489
332563,0,2,2,72388,72388
332569,0,1,1,171847,171847
332633,0,0,0,126135,126135
332752,1,1,2,153676,153676
332819,0,2,2,152833,152833
332827,0,2,2,31026,31026
332829,0,1,1,151671,151671
332831,0,1,1,151597,151597
333023,1,3,4,99984,99984
333209,0,2,2,150968,150968
333213,0,0,0,131552,131552
333225,0,1,1,169386,169386
333262,1,3,4,159346,159346
333308,0,0,0,142899,142899
333382,0,0,0,167200,167200
333406,0,2,2,137646,137646
333511,0,1,1,155902,155902
333515,0,4,4,136360,136360
333531,0,0,0,155009,155009
333565,1,3,4,141423,141423
333584,0,1,1,74534,74534
333686,0,6,6,142273,142273
333692,0,0,0,169031,169031
333771,0,0,0,153703,153703
333827,0,1,1,114876,114876
333837,0,0,0,139248,139248
333869,0,2,2,91029,91029
333973,0,2,2,67910,67910
334028,1,0,1,115229,115229
334122,0,0,0,157170,157170
334140,0,2,2,139053,139053
334147,0,1,1,162060,162060
334152,0,1,1,125535,125535
334214,0,0,0,94492,94492
334290,1,1,2,153474,153474
334305,0,2,2,149119,149119
334331,0,2,2,137043,137043
334376,0,0,0,148088,148088
334389,1,1,2,122382,122382
334452,1,2,3,117101,117101
334455,0,2,2,155148,155148
334575,0,2,2,110052,110052
334584,0,0,0,170016,170016
334612,0,4,4,157212,157212
334615,0,3,3,134305,134305
334640,0,0,0,160258,160258
334723,0,4,4,78838,78838
334892,0,6,6,127951,127951
334923,1,2,3,151574,151574
334930,1,10,11,72458,72458
334982,0,1,1,145882,145882
335209,0,1,1,66103,66103
335232,0,3,3,155535,155535
335243,0,1,1,142131,142131
335310,0,5,5,149878,149878
335575,0,2,2,154983,154983
335733,0,0,0,161469,161469
335775,2,6,8,150984,150984
335798,0,1,1,142150,142150
335810,0,2,2,74491,74491
335818,0,3,3,160799,160799
335905,0,7,7,146753,146753
335915,1,2,3,149484,149484
336003,0,1,1,166550,166550
336059,0,1,1,134004,134004
336091,1,2,3,146683,146683
336149,0,3,3,148788,148788
336269,0,1,1,134397,134397
336362,0,2,2,143404,143404
336446,0,0,0,146535,146535
336486,0,3,3,111999,111999
336508,0,1,1,56927,56927
336554,0,3,3,162968,162968
336594,0,7,7,141624,141624
336604,0,8,8,169569,169569
336668,0,4,4,141134,141134
336679,0,1,1,143435,143435
336747,0,0,0,116752,116752
336830,0,0,0,171898,171898
336832,0,1,1,171397,171397
336842,0,0,0,164589,164589
336883,2,1,3,158022,158022
336896,0,0,0,72819,72819
336911,0,1,1,78627,78627
337023,0,4,4,157946,157946
337050,0,2,2,166090,166090
337198,0,9,9,136184,136184
337214,0,0,0,167483,167483
337221,0,3,3,163995,163995
337321,1,0,1,66929,66929
337324,0,0,0,77333,77333
337326,0,0,0,171210,171210
337337,0,0,0,157367,157367
337426,0,0,0,134244,134244
337558,0,2,2,73471,73471
337623,0,2,2,86887,86887
337624,0,2,2,76485,76485
337756,0,2,2,146952,146952
337757,1,1,2,152242,152242
337798,0,0,0,79849,79849
337809,0,8,8,55646,55646
337877,0,1,1,114070,114070
337896,0,0,0,155917,155917
337920,0,1,1,152999,152999
337950,0,1,1,154633,154633
337951,0,3,3,134276,134276
337963,0,5,5,76269,76269
337978,0,0,0,149058,149058
338059,0,1,1,118466,118466
338080,0,0,0,170082,170082
338082,0,1,1,158172,158172
338085,1,5,6,153410,153410
338123,1,1,2,113450,113450
338142,0,0,0,150121,150121
338163,0,0,0,131990,131990
338231,0,4,4,142318,142318
338247,0,2,2,152279,152279
338273,1,1,2,154405,154405
338305,0,4,4,158345,158345
338331,0,2,2,165953,165953
338422,0,3,3,144181,144181
338517,1,1,2,142596,142596
338561,0,0,0,150914,150914
338632,0,0,0,105418,105418
338638,0,0,0,151558,151558
338681,0,1,1,143573,143573
338802,0,0,0,142548,142548
338862,0,1,1,77504,77504
338976,0,0,0,136924,136924
339022,0,0,0,161767,161767
339043,0,0,0,163905,163905
339064,0,1,1,121238,121238
339157,0,3,3,148497,148497
339211,0,0,0,171588,171588
339219,0,3,3,104202,104202
339266,0,1,1,74555,74555
339274,0,2,2,116758,116758
339281,0,0,0,135599,135599
339286,0,1,1,78110,78110
339395,1,1,2,172137,172137
339408,0,0,0,157247,157247
339438,0,2,2,155164,155164
339442,1,6,7,136522,136522
339514,0,2,2,139785,139785
339518,0,4,4,149784,149784
339526,0,3,3,137196,137196
339632,0,0,0,157626,157626
339780,0,1,1,147179,147179
339817,0,2,2,140886,140886
339921,0,0,0,143266,143266
339935,0,1,1,120117,120117
340007,0,0,0,50953,50953
340042,0,0,0,59266,59266
340108,0,2,2,122073,122073
340125,3,1,4,144622,144622
340182,0,0,0,148590,148590
340324,0,0,0,157558,157558
340343,1,1,2,154424,154424
340365,0,2,2,166733,166733
340452,0,2,2,118770,118770
340527,0,0,0,115048,115048
340545,0,0,0,150197,150197
340563,0,3,3,151306,151306
340641,0,6,6,158567,158567
340680,0,0,0,90203,90203
340695,0,0,0,172606,172606
340736,0,0,0,139919,139919
340757,0,0,0,154615,154615
340776,0,0,0,149772,149772
340791,0,0,0,115105,115105
340964,0,0,0,171915,171915
341003,0,5,5,72886,72886
341136,1,1,2,143685,143685
341261,0,4,4,71366,71366
341272,0,0,0,114580,114580
341282,0,1,1,172186,172186
341293,0,4,4,92650,92650
341298,0,2,2,66537,66537
341300,0,1,1,143886,143886
341401,0,1,1,142387,142387
341432,0,0,0,141022,141022
341496,0,1,1,108813,108813
341507,1,0,1,172414,172414
341536,0,3,3,149016,149016
341553,0,1,1,169581,169581
341610,3,4,7,147162,147162
341612,1,1,2,150677,150677
341674,0,0,0,170185,170185
341687,0,0,0,131771,131771
341712,0,1,1,162665,162665
341757,1,1,2,93091,93091
341759,0,0,0,51390,51390
341808,0,1,1,142686,142686
341819,0,2,2,144668,144668
341901,0,1,1,54518,54518
341908,0,2,2,152474,152474
341941,1,4,5,166115,166115
341960,0,0,0,169366,169366
341971,0,0,0,153790,153790
342112,0,0,0,132160,132160
342129,0,3,3,55963,55963
342179,0,0,0,156223,156223
342205,0,0,0,111110,111110
342210,0,0,0,142600,142600
342218,0,3,3,160186,160186
342229,0,1,1,27361,27361
342365,0,0,0,143123,143123
342399,0,0,0,93535,93535
342442,0,1,1,67402,67402
342449,0,1,1,66240,66240
342514,0,4,4,163374,163374
342520,0,9,9,131781,131781
342537,0,1,1,168553,168553
342545,3,6,9,160983,160983
342717,1,0,1,141954,141954
342770,0,0,0,164672,164672
342900,0,0,0,141651,141651
342910,3,4,7,71409,71409
342931,0,1,1,158672,158672
342980,0,1,1,66152,66152
343001,1,2,3,168007,168007
343005,0,0,0,142372,142372
343014,0,1,1,71446,71446
343164,1,3,4,66075,66075
343201,1,1,2,52665,52665
343241,1,6,7,157560,157560
343295,0,1,1,41199,41199
343308,1,3,4,113459,113459
343424,0,5,5,151544,151544
343631,0,1,1,115714,115714
343648,0,0,0,171062,171062
343677,0,0,0,49754,49754
343700,0,0,0,24766,24766
343744,1,5,6,138346,138346
343770,0,1,1,170083,170083
343778,0,0,0,137744,137744
343870,0,0,0,124787,124787
343909,0,0,0,165984,165984
343932,3,3,6,75899,75899
343984,1,1,2,81284,81284
344115,0,0,0,67348,67348
344120,0,0,0,142715,142715
344200,0,1,1,26516,26516
344220,0,0,0,146385,146385
344255,1,2,3,57491,57491
344287,0,4,4,56531,56531
344290,0,3,3,148362,148362
344306,0,3,3,141431,141431
344341,1,3,4,159481,159481
344349,0,1,1,135640,135640
344380,2,10,12,63196,63196
344444,0,0,0,161808,161808
344476,0,0,0,128984,128984
344521,0,3,3,148157,148157
344524,2,3,5,42461,42461
344527,0,12,12,150312,150312
344548,0,0,0,131711,131711
344571,0,3,3,153726,153726
344581,0,1,1,147491,147491
344591,0,0,0,140292,140292
344631,0,1,1,124257,124257
344640,1,1,2,150866,150866
344691,1,6,7,122378,122378
344696,0,6,6,131628,131628
344788,0,0,0,142442,142442
344922,0,2,2,148820,148820
345004,0,3,3,141898,141898
345037,4,8,12,153414,153414
345071,0,0,0,169426,169426
345211,1,0,1,166814,166814
345260,0,1,1,117207,117207
345281,0,0,0,172104,172104
345303,0,1,1,59516,59516
345576,0,0,0,95155,95155
345620,1,13,14,145393,145393
345626,0,0,0,132536,132536
345684,0,1,1,172472,172472
345714,0,2,2,140058,140058
345772,0,1,1,105597,105597
345799,0,3,3,106915,106915
345841,0,1,1,142069,142069
346068,0,1,1,145926,145926
346096,0,2,2,68657,68657
346098,0,0,0,143915,143915
346165,0,0,0,103663,103663
346234,0,8,8,72705,72705
346238,0,1,1,102552,102552
346255,5,16,21,69890,69890
346370,0,0,0,146997,146997
346376,1,2,3,163512,163512
346415,0,1,1,160905,160905
346418,0,1,1,62325,62325
346548,0,4,4,129435,129435
346662,0,0,0,130704,130704
346708,0,1,1,155396,155396
346776,0,0,0,144753,144753
346789,0,2,2,143576,143576
346895,0,0,0,134033,134033
347017,0,2,2,144016,144016
347047,0,1,1,153276,153276
347081,0,1,1,68765,68765
347190,0,0,0,162274,162274
347284,1,1,2,151707,151707
347319,0,1,1,146815,146815
347353,0,0,0,154494,154494
347428,0,2,2,66912,66912
347463,0,4,4,139334,139334
347520,0,0,0,160125,160125
347538,0,2,2,114787,114787
347622,0,0,0,70879,70879
347698,1,1,2,121264,121264
347784,0,1,1,162533,162533
347786,0,1,1,149821,149821
347866,0,4,4,154290,154290
347974,0,1,1,161954,161954
348121,0,2,2,154050,154050
348130,0,0,0,161702,161702
348143,0,0,0,133255,133255
348159,0,0,0,125764,125764
348184,0,1,1,67660,67660
348294,0,0,0,133554,133554
348321,0,2,2,143422,143422
348334,0,0,0,160409,160409
348388,0,2,2,75068,75068
348423,0,13,13,136845,136845
348466,0,4,4,156399,156399
348475,1,1,2,151041,151041
348524,0,0,0,133355,133355
348573,0,2,2,67394,67394
348652,0,0,0,154966,154966
348667,0,0,0,162089,162089
348674,0,0,0,144869,144869
348755,0,1,1,132709,132709
348950,0,0,0,170006,170006
349020,1,1,2,138411,138411
349085,0,0,0,121993,121993
349140,0,0,0,158723,158723
349149,0,0,0,141742,141742
349189,0,0,0,170669,170669
349193,0,1,1,149783,149783
349257,0,1,1,127255,127255
349265,0,1,1,148937,148937
349404,0,1,1,151821,151821
349449,0,6,6,142247,142247
349494,0,0,0,153168,153168
349532,0,2,2,147279,147279
349580,0,0,0,158158,158158
349624,0,0,0,160046,160046
349678,1,5,6,122308,122308
349771,2,20,22,136660,136660
349835,0,1,1,145151,145151
349882,1,1,2,147987,147987
349938,0,1,1,136709,136709
350007,0,0,0,147798,147798
350023,0,2,2,151745,151745
350052,0,3,3,139311,139311
350098,0,4,4,170264,170264
350132,0,1,1,142301,142301
350137,0,4,4,65982,65982
350138,0,0,0,162965,162965
350144,0,0,0,172753,172753
350153,0,0,0,119821,119821
350200,0,2,2,55103,55103
350234,0,0,0,77163,77163
350249,0,1,1,154363,154363
350270,0,0,0,113966,113966
350380,0,1,1,123277,123277
350401,0,1,1,157019,157019
350429,0,1,1,170616,170616
350459,0,1,1,143000,143000
350475,0,0,0,130928,130928
350517,0,3,3,147730,147730
350621,0,3,3,66299,66299
350625,0,0,0,171439,171439
350678,0,0,0,165604,165604
350740,1,10,11,159372,159372
350824,0,2,2,68720,68720
350844,0,1,1,155900,155900
350984,0,1,1,149813,149813
351018,0,2,2,26883,26883
351059,0,1,1,154243,154243
351122,0,1,1,147788,147788
351217,0,1,1,66246,66246
351252,0,1,1,142155,142155
351351,0,2,2,159345,159345
351427,0,5,5,156613,156613
351483,0,3,3,154182,154182
351546,0,0,0,135376,135376
351579,0,0,0,105097,105097
351608,1,2,3,18954,18954
351684,0,8,8,137216,137216
351694,4,7,11,102157,102157
351743,0,3,3,134755,134755
351807,0,1,1,153426,153426
351962,0,1,1,157351,157351
352093,0,0,0,166053,166053
352201,0,13,13,136552,136552
352267,0,1,1,149730,149730
352384,0,1,1,66340,66340
352386,0,2,2,158481,158481
352472,0,0,0,172122,172122
352517,0,1,1,165053,165053
352570,0,0,0,140953,140953
352733,0,7,7,171987,171987
352809,0,0,0,155671,155671
352830,0,1,1,159898,159898
352997,0,1,1,79385,79385
353037,0,0,0,136942,136942
353077,1,2,3,95187,95187
353131,0,3,3,158648,158648
353143,0,2,2,162958,162958
353172,0,0,0,130773,130773
353210,0,2,2,146597,146597
353289,0,2,2,158065,158065
353338,0,1,1,132870,132870
353353,0,1,1,110680,110680
353362,0,2,2,162008,162008
353388,1,5,6,152449,152449
353394,0,1,1,147492,147492
353441,0,0,0,116228,116228
353475,1,3,4,85384,85384
353531,1,2,3,147997,147997
353545,0,1,1,126192,126192
353709,0,2,2,71494,71494
353752,0,2,2,168363,168363
353794,0,2,2,94303,94303
353801,0,0,0,142954,142954
353830,0,1,1,72516,72516
353996,1,1,2,76911,76911
354023,1,1,2,147552,147552
354137,0,1,1,101899,101899
354323,0,2,2,58334,58334
354410,0,0,0,156885,156885
354470,0,3,3,59255,59255
354483,0,1,1,149620,149620
354631,0,1,1,148216,148216
354642,0,2,2,94186,94186
354819,0,2,2,98010,98010
354845,0,1,1,163257,163257
354906,0,2,2,66067,66067
355013,0,6,6,165909,165909
355014,0,2,2,139388,139388
355109,0,1,1,148350,148350
355203,0,5,5,69566,69566
355213,0,0,0,158463,158463
355252,0,1,1,146538,146538
355296,0,3,3,134763,134763
355428,0,0,0,137522,137522
355570,0,0,0,170286,170286
355643,0,1,1,151596,151596
355666,0,0,0,76471,76471
355678,0,0,0,159416,159416
355693,0,1,1,65466,65466
355792,0,0,0,157893,157893
355932,0,0,0,102178,102178
355990,0,1,1,130015,130015
356133,0,0,0,156008,156008
356177,0,1,1,73020,73020
356205,0,3,3,72352,72352
356499,0,0,0,135187,135187
356531,0,2,2,112300,112300
356663,0,0,0,161527,161527
356771,0,1,1,127311,127311
356784,0,1,1,109133,109133
356803,0,1,1,86030,86030
356859,0,0,0,158672,158672
356970,0,2,2,98424,98424
356993,0,0,0,67184,67184
357011,0,1,1,131812,131812
357012,0,1,1,118397,118397
357049,0,1,1,143242,143242
357068,2,2,4,39792,39792
357283,0,2,2,132537,132537
357368,1,1,2,171831,171831
357374,1,1,2,159357,159357
357414,0,4,4,163864,163864
357511,0,3,3,66300,66300
357642,0,2,2,11079,11079
357674,0,3,3,152057,152057
357734,0,2,2,168089,168089
357796,0,1,1,86319,86319
357800,0,1,1,162480,162480
357827,0,2,2,66979,66979
357942,0,1,1,133662,133662
358015,1,2,3,131500,131500
358062,0,0,0,172324,172324
358157,0,0,0,162972,162972
358240,0,0,0,152987,152987
358286,1,1,2,102761,102761
358297,1,2,3,151738,151738
358335,0,0,0,169241,169241
358365,1,3,4,146246,146246
358372,0,1,1,112913,112913
358493,0,0,0,171926,171926
358507,0,3,3,134942,134942
358551,3,5,8,135037,135037
358569,0,0,0,148406,148406
358677,0,2,2,39428,39428
358726,0,1,1,154168,154168
358808,0,3,3,147795,147795
358854,1,1,2,144909,144909
358862,0,1,1,162152,162152
358921,0,1,1,137185,137185
358951,0,1,1,121108,121108
358957,1,1,2,149659,149659
359022,0,9,9,154330,154330
359065,0,1,1,108808,108808
359120,0,1,1,74234,74234
359193,0,0,0,131223,131223
359255,1,1,2,121827,121827
359259,0,1,1,153449,153449
359295,0,1,1,171453,171453
359299,0,0,0,147485,147485
359356,0,0,0,159955,159955
359385,0,1,1,51325,51325
359454,0,1,1,152888,152888
359642,1,2,3,152796,152796
359645,0,1,1,125800,125800
359655,0,3,3,84254,84254
359714,0,0,0,133506,133506
359723,0,3,3,147315,147315
359726,0,1,1,137576,137576
359740,0,1,1,150091,150091
359808,1,1,2,161979,161979
359839,0,1,1,144741,144741
359965,1,3,4,147938,147938
360025,1,2,3,66474,66474
360026,1,1,2,104267,104267
360050,0,0,0,157375,157375
360072,1,1,2,72699,72699
360111,0,0,0,170133,170133
360137,0,0,0,171904,171904
360223,0,1,1,159892,159892
360286,0,1,1,156802,156802
360305,0,1,1,115496,115496
360370,0,0,0,135646,135646
360371,0,0,0,138577,138577
360406,0,1,1,147724,147724
360504,0,0,0,83985,83985
360526,0,4,4,134115,134115
360551,0,1,1,164761,164761
360557,0,1,1,58304,58304
360645,0,0,0,170819,170819
360658,0,2,2,154020,154020
360748,0,1,1,155274,155274
360751,0,3,3,88698,88698
360785,0,1,1,164870,164870
360905,0,0,0,64541,64541
360924,0,0,0,156169,156169
361106,0,0,0,172765,172765
361164,0,1,1,168558,168558
361264,0,0,0,161848,161848
361293,0,1,1,163357,163357
361605,0,0,0,158918,158918
361614,1,1,2,69248,69248
361661,0,6,6,135412,135412
361687,0,2,2,103892,103892
361707,0,0,0,155220,155220
361754,0,1,1,153912,153912
361813,0,2,2,152890,152890
361820,0,0,0,142247,142247
361879,0,1,1,134562,134562
361881,0,8,8,149001,149001
361904,0,1,1,151603,151603
361906,1,1,2,103811,103811
361932,0,1,1,64608,64608
362069,0,3,3,153942,153942
362218,0,1,1,66642,66642
362239,0,0,0,157296,157296
362314,0,1,1,68192,68192
362327,0,1,1,72956,72956
362341,2,2,4,122391,122391
362342,2,2,4,129395,129395
362343,2,2,4,122220,122220
362378,0,1,1,148870,148870
362462,0,3,3,147032,147032
362475,0,0,0,142569,142569
362624,0,1,1,67125,67125
362772,0,0,0,138566,138566
362950,0,1,1,163200,163200
362976,0,5,5,150258,150258
362986,0,5,5,113428,113428
362997,0,1,1,143680,143680
363009,0,1,1,69599,69599
363030,0,1,1,117983,117983
363114,0,0,0,161853,161853
363124,0,0,0,136975,136975
363125,0,0,0,172183,172183
363156,0,0,0,164095,164095
363292,0,1,1,143761,143761
363422,1,4,5,160204,160204
363424,0,0,0,121411,121411
363486,0,0,0,108598,108598
363897,0,1,1,150300,150300
364004,1,3,4,134867,134867
364026,0,1,1,142653,142653
364089,0,4,4,116965,116965
364112,0,0,0,143590,143590
364125,0,2,2,150947,150947
364152,0,1,1,133938,133938
364160,0,0,0,137689,137689
364175,0,0,0,147979,147979
364196,0,0,0,38610,38610
364203,0,4,4,138139,138139
364206,0,0,0,97754,97754
364294,0,1,1,172295,172295
364295,1,1,2,50117,50117
364354,0,10,10,153873,153873
364376,1,1,2,950,950
364398,0,2,2,159737,159737
364474,0,0,0,158367,158367
364482,0,0,0,103325,103325
364663,0,3,3,75380,75380
364689,3,3,6,150725,150725
364781,0,2,2,143178,143178
364840,0,0,0,155727,155727
364847,0,2,2,72278,72278
364864,0,2,2,142631,142631
364902,0,2,2,160928,160928
365035,0,2,2,137637,137637
365054,0,3,3,85628,85628
365099,0,6,6,156461,156461
365141,0,0,0,143510,143510
365151,3,6,9,92354,92354
365162,0,5,5,68040,68040
365227,0,2,2,155641,155641
365231,0,0,0,133805,133805
365233,0,1,1,149599,149599
365258,1,1,2,142248,142248
365259,1,1,2,142354,142354
365398,0,1,1,132271,132271
365400,0,4,4,73173,73173
365403,0,0,0,152972,152972
365471,0,2,2,170474,170474
365499,0,1,1,97690,97690
365518,1,2,3,72941,72941
365519,1,2,3,71896,71896
365524,1,3,4,149339,149339
365652,0,0,0,137596,137596
365879,0,1,1,157654,157654
366115,0,0,0,98156,98156
366154,0,1,1,128946,128946
366196,0,2,2,60211,60211
366234,0,2,2,155982,155982
366256,0,1,1,160639,160639
366288,0,1,1,90669,90669
366295,1,7,8,161397,161397
366297,1,2,3,155347,155347
366354,0,0,0,145518,145518
366491,0,0,0,169459,169459
366561,0,1,1,153132,153132
366563,0,0,0,169741,169741
366682,0,0,0,148673,148673
366762,0,4,4,135610,135610
366904,0,0,0,162583,162583
366905,0,2,2,145198,145198
367126,0,0,0,172169,172169
367140,0,1,1,147774,147774
367147,0,1,1,160431,160431
367175,0,1,1,151664,151664
367216,2,4,6,130828,130828
367247,0,1,1,151422,151422
367297,0,5,5,150398,150398
367322,0,0,0,153904,153904
367479,0,2,2,148940,148940
367593,0,1,1,148670,148670
367624,0,2,2,155781,155781
367633,0,0,0,142539,142539
367674,1,1,2,70675,70675
367675,1,2,3,68150,68150
367706,0,2,2,68127,68127
367713,0,1,1,66739,66739
367874,0,2,2,73123,73123
367891,0,1,1,97770,97770
367904,1,5,6,150882,150882
367957,0,4,4,155104,155104
368054,0,0,0,170699,170699
368091,0,1,1,108663,108663
368249,0,0,0,159408,159408
368257,0,1,1,144987,144987
368287,0,7,7,138054,138054
368358,0,1,1,135215,135215
368430,0,7,7,40789,40789
368514,0,0,0,162898,162898
368666,0,1,1,66416,66416
368677,0,0,0,26499,26499
368692,0,5,5,146441,146441
368703,0,1,1,144395,144395
368726,0,0,0,144172,144172
368774,0,1,1,166485,166485
368821,2,18,20,137246,137246
368841,0,0,0,146428,146428
368867,0,2,2,55155,55155
368929,0,2,2,66209,66209
369036,0,0,0,161718,161718
369056,0,1,1,154159,154159
369094,0,2,2,162881,162881
369100,0,1,1,153191,153191
369127,0,2,2,156307,156307
369148,0,1,1,12168,12168
369159,0,1,1,136449,136449
369185,0,1,1,159890,159890
369187,0,1,1,165673,165673
369222,0,0,0,156721,156721
369224,0,0,0,44264,44264
369236,0,0,0,52590,52590
369237,0,3,3,146446,146446
369293,0,0,0,152093,152093
369334,0,0,0,140640,140640
369453,0,4,4,142597,142597
369489,0,2,2,136860,136860
369576,0,1,1,78043,78043
369633,0,4,4,56829,56829
369736,0,0,0,143675,143675
369752,0,1,1,50590,50590
369761,0,1,1,168322,168322
369985,0,1,1,167312,167312
370155,0,1,1,142130,142130
370187,1,1,2,139596,139596
370198,0,2,2,146516,146516
370283,0,0,0,161231,161231
370313,0,0,0,125053,125053
370435,0,1,1,159211,159211
370456,0,1,1,101269,101269
370468,0,1,1,136330,136330
370500,0,1,1,66309,66309
370624,0,2,2,67183,67183
370852,0,1,1,134276,134276
370860,0,1,1,146813,146813
370873,0,1,1,142904,142904
370877,0,4,4,76419,76419
370881,0,0,0,150023,150023
370889,0,2,2,130304,130304
370907,0,0,0,171462,171462
370986,0,0,0,85231,85231
370993,0,0,0,168629,168629
371074,0,0,0,163409,163409
371075,0,4,4,72905,72905
371136,0,0,0,62131,62131
371154,0,4,4,149695,149695
371197,0,1,1,63140,63140
371212,0,2,2,154279,154279
371274,0,1,1,61120,61120
371345,0,1,1,151885,151885
371590,0,1,1,64696,64696
371633,0,0,0,124954,124954
371804,0,1,1,107507,107507
371841,0,1,1,169220,169220
371881,0,4,4,56340,56340
371892,0,0,0,129166,129166
371908,0,0,0,169815,169815
371956,0,1,1,68813,68813
371975,0,1,1,66778,66778
372013,0,0,0,155761,155761
372075,0,2,2,77834,77834
372080,0,0,0,155961,155961
372303,0,0,0,169823,169823
372343,0,2,2,87922,87922
372359,0,0,0,107750,107750
372698,0,1,1,60619,60619
372753,0,3,3,153765,153765
372796,0,6,6,156944,156944
372884,0,1,1,70638,70638
372897,1,4,5,151893,151893
372926,0,1,1,148363,148363
372932,0,0,0,157063,157063
372966,0,1,1,155801,155801
373515,0,1,1,67742,67742
373571,0,3,3,153989,153989
373610,0,3,3,157514,157514
373631,0,9,9,162231,162231
373751,0,1,1,44796,44796
373844,0,1,1,148386,148386
373958,0,0,0,125827,125827
374099,0,1,1,157846,157846
374125,0,4,4,145546,145546
374128,0,0,0,158219,158219
374148,0,1,1,155368,155368
374177,0,1,1,148612,148612
374224,0,1,1,146031,146031
374271,0,4,4,170003,170003
374273,0,1,1,134669,134669
374278,0,1,1,149880,149880
374338,0,5,5,165625,165625
374354,0,0,0,159841,159841
374434,0,2,2,132914,132914
374512,0,1,1,66230,66230
374513,0,1,1,165292,165292
374538,1,1,2,130369,130369
374675,0,2,2,153256,153256
374700,0,0,0,134310,134310
374703,0,0,0,18081,18081
374730,0,2,2,154664,154664
374746,0,0,0,143531,143531
374758,0,0,0,112354,112354
374809,1,1,2,34450,34450
375014,0,1,1,168711,168711
375047,1,2,3,156194,156194
375074,0,3,3,83157,83157
375078,0,3,3,126087,126087
375095,0,4,4,161088,161088
375102,0,2,2,149184,149184
375230,0,1,1,139484,139484
375326,0,3,3,98193,98193
375340,0,0,0,162563,162563
375341,0,0,0,157585,157585
375428,0,0,0,158157,158157
375477,0,0,0,153934,153934
375490,0,1,1,136216,136216
375534,0,10,10,126361,126361
375587,0,1,1,66620,66620
375626,0,1,1,72437,72437
375688,0,0,0,141252,141252
375697,1,4,5,146733,146733
375708,0,2,2,136152,136152
375711,0,0,0,121255,121255
375735,1,12,13,172657,172657
375746,0,0,0,69554,69554
375808,0,2,2,146483,146483
375874,0,1,1,117735,117735
375876,0,1,1,142358,142358
375877,0,4,4,156046,156046
375960,0,0,0,28636,28636
376144,1,1,2,160716,160716
376146,1,1,2,160998,160998
376324,0,1,1,66024,66024
376344,1,1,2,12614,12614
376345,1,1,2,38399,38399
376553,0,1,1,146732,146732
376565,0,5,5,140226,140226
376640,0,1,1,145439,145439
376680,0,0,0,132281,132281
376822,1,2,3,60804,60804
376838,0,0,0,156945,156945
376875,0,0,0,158876,158876
376903,0,1,1,69736,69736
376941,1,2,3,152054,152054
376989,1,7,8,381,381
377119,1,0,1,158795,158795
377166,0,1,1,159297,159297
377190,0,1,1,138511,138511
377228,0,1,1,151619,151619
377300,0,0,0,171287,171287
377320,0,0,0,140568,140568
377461,1,1,2,166451,166451
377520,0,0,0,125827,125827
377541,0,0,0,152650,152650
377573,0,0,0,136289,136289
377620,0,1,1,78814,78814
377682,1,4,5,91915,91915
377692,0,2,2,147950,147950
377783,0,0,0,145077,145077
377823,0,1,1,130262,130262
377839,0,0,0,63909,63909
377849,0,0,0,161418,161418
377866,0,3,3,150512,150512
377944,0,0,0,162135,162135
377952,0,0,0,159370,159370
377955,0,0,0,83445,83445
377978,0,0,0,169688,169688
378115,0,1,1,25495,25495
378245,0,7,7,128133,128133
378274,0,1,1,142226,142226
378310,0,2,2,33518,33518
378325,0,0,0,159262,159262
378352,0,4,4,159498,159498
378366,0,9,9,152607,152607
378444,0,2,2,127595,127595
378484,0,2,2,66175,66175
378549,0,0,0,162089,162089
378555,1,4,5,77703,77703
378575,0,0,0,159581,159581
378617,0,1,1,131833,131833
378648,0,7,7,166766,166766
378752,0,2,2,166294,166294
378873,0,3,3,80408,80408
378876,0,0,0,163465,163465
379012,0,1,1,71419,71419
379028,0,1,1,73457,73457
379031,0,1,1,95228,95228
379097,0,1,1,60152,60152
379177,1,1,2,165530,165530
379210,0,0,0,154625,154625
379254,0,2,2,66155,66155
379331,0,15,15,25852,25852
379363,1,4,5,159886,159886
379423,0,2,2,121320,121320
379575,0,1,1,139035,139035
379635,0,0,0,161547,161547
379826,0,0,0,143155,143155
379840,0,1,1,84766,84766
379841,0,3,3,133306,133306
379899,0,1,1,164908,164908
379929,0,5,5,163859,163859
379937,0,4,4,135915,135915
380013,0,0,0,150002,150002
380126,0,0,0,143161,143161
380155,0,0,0,163923,163923
380166,0,1,1,167988,167988
380307,0,2,2,148844,148844
380310,0,7,7,120117,120117
380338,0,0,0,1658,1658
380399,0,1,1,94092,94092
380469,0,5,5,126593,126593
380489,1,10,11,146480,146480
380506,2,4,6,123663,123663
380529,0,0,0,75556,75556
380555,0,2,2,92065,92065
380566,0,0,0,138776,138776
380663,0,1,1,157134,157134
380676,0,1,1,158270,158270
380697,0,1,1,152986,152986
380763,0,0,0,172343,172343
380809,0,0,0,136942,136942
380925,0,5,5,149701,149701
381017,0,1,1,137148,137148
381032,0,1,1,69442,69442
381224,1,2,3,139271,139271
381319,0,0,0,146472,146472
381414,1,0,1,48893,48893
381444,0,1,1,170803,170803
381470,0,0,0,167016,167016
381531,0,1,1,146106,146106
381578,0,0,0,87660,87660
381619,0,0,0,154489,154489
381627,0,3,3,147814,147814
381690,0,0,0,129395,129395
381704,0,0,0,23838,23838
381897,0,0,0,147971,147971
381956,0,1,1,34950,34950
381999,0,10,10,165369,165369
382090,0,1,1,147809,147809
382098,0,1,1,102934,102934
382113,0,2,2,138703,138703
382155,0,1,1,158297,158297
382211,0,1,1,141444,141444
382225,0,1,1,151415,151415
382416,1,3,4,145754,145754
382437,0,0,0,142103,142103
382525,0,1,1,93653,93653
382529,0,1,1,73177,73177
382556,0,0,0,168788,168788
382598,1,2,3,85104,85104
382670,0,1,1,89885,89885
382746,0,2,2,163426,163426
382860,0,3,3,141387,141387
382881,0,3,3,136311,136311
382892,0,0,0,134881,134881
382933,0,1,1,120720,120720
382954,0,0,0,133467,133467
382984,0,4,4,150422,150422
383024,0,1,1,150817,150817
383109,0,0,0,171474,171474
383168,0,5,5,154077,154077
383289,0,0,0,143012,143012
383308,0,3,3,69560,69560
383343,0,1,1,121852,121852
383386,0,0,0,142116,142116
383397,0,0,0,96795,96795
383437,0,1,1,134843,134843
383467,0,0,0,172400,172400
383474,0,1,1,82313,82313
383526,0,2,2,134084,134084
383597,0,0,0,165498,165498
383613,0,2,2,147514,147514
383639,0,4,4,162770,162770
383669,0,0,0,4012,4012
383674,0,0,0,171211,171211
383735,0,2,2,140360,140360
383807,0,0,0,57479,57479
383856,0,1,1,135987,135987
383869,0,1,1,137446,137446
383878,0,1,1,105443,105443
383974,0,0,0,132196,132196
384162,0,0,0,143549,143549
384164,0,2,2,68926,68926
384232,0,1,1,141849,141849
384272,0,1,1,164631,164631
384401,0,0,0,123001,123001
384489,1,1,2,101296,101296
384490,1,1,2,101152,101152
384633,0,1,1,164625,164625
384652,0,0,0,168958,168958
384712,0,1,1,139652,139652
384721,1,1,2,119088,119088
384778,0,2,2,134796,134796
384806,0,1,1,67489,67489
384845,1,4,5,130178,130178
384872,0,0,0,130762,130762
384873,1,0,1,154137,154137
384924,0,0,0,167071,167071
384939,0,0,0,148179,148179
384944,1,2,3,82389,82389
384946,0,1,1,68102,68102
385110,0,0,0,137299,137299
385188,2,3,5,76918,76918
385262,1,2,3,146760,146760
385356,0,1,1,96877,96877
385443,0,0,0,161232,161232
385517,0,3,3,160130,160130
385572,0,2,2,79582,79582
385590,0,9,9,119604,119604
385728,0,0,0,163911,163911
385739,0,0,0,163534,163534
385794,0,0,0,63950,63950
385804,0,1,1,166782,166782
385820,0,2,2,73414,73414
385985,0,2,2,142080,142080
386122,1,1,2,148427,148427
386146,0,0,0,154527,154527
386223,0,0,0,159392,159392
386251,0,7,7,42381,42381
386283,0,0,0,119802,119802
386338,0,0,0,160098,160098
386379,0,2,2,155086,155086
386384,0,1,1,67558,67558
386464,0,0,0,130493,130493
386519,0,2,2,134669,134669
386650,0,0,0,99493,99493
386734,1,2,3,153907,153907
386830,0,0,0,147944,147944
386917,0,0,0,156299,156299
386972,0,1,1,75706,75706
386978,0,3,3,157857,157857
387050,0,2,2,135790,135790
387122,0,1,1,126565,126565
387132,0,1,1,151305,151305
387150,0,0,0,162602,162602
387169,0,0,0,167567,167567
387223,0,1,1,53648,53648
387241,0,0,0,134795,134795
387282,0,0,0,137168,137168
387335,0,0,0,31667,31667
387380,0,1,1,151646,151646
387386,0,1,1,141561,141561
387435,0,0,0,125021,125021
387525,0,1,1,136685,136685
387534,0,4,4,122126,122126
387652,0,0,0,154194,154194
387663,0,1,1,65788,65788
387719,0,1,1,68116,68116
387726,1,2,3,87211,87211
387729,1,1,2,87314,87314
387776,0,0,0,155077,155077
387779,0,0,0,142671,142671
387811,0,2,2,75938,75938
387822,0,1,1,147826,147826
387825,0,0,0,126061,126061
387837,0,4,4,66066,66066
387952,0,1,1,169042,169042
388011,1,3,4,154716,154716
388033,0,0,0,145585,145585
388060,0,0,0,137164,137164
388097,0,2,2,136375,136375
388103,0,0,0,120514,120514
388161,0,6,6,145067,145067
388175,0,1,1,146576,146576
388191,0,2,2,156174,156174
388212,0,0,0,147954,147954
388222,1,1,2,84926,84926
388223,1,1,2,85013,85013
388272,0,7,7,145742,145742
388352,0,2,2,66216,66216
388404,0,1,1,145219,145219
388467,0,3,3,129795,129795
388473,0,0,0,172148,172148
388500,0,2,2,138498,138498
388700,0,0,0,143439,143439
388744,0,0,0,145143,145143
388770,0,3,3,66167,66167
388798,0,2,2,151712,151712
388826,0,2,2,156232,156232
388874,1,2,3,153836,153836
388875,1,5,6,154063,154063
388943,0,2,2,146299,146299
389053,0,4,4,131867,131867
389140,0,3,3,109134,109134
389149,0,2,2,142478,142478
389192,1,7,8,150049,150049
389234,0,1,1,145542,145542
389255,4,9,13,130038,130038
389295,0,0,0,97201,97201
389336,0,1,1,146477,146477
389375,0,0,0,159751,159751
389419,0,0,0,166623,166623
389572,0,0,0,159600,159600
389664,0,1,1,165244,165244
389704,0,1,1,115641,115641
389738,0,1,1,55372,55372
389752,0,0,0,171447,171447
389839,0,0,0,129942,129942
389890,0,13,13,55545,55545
389992,0,5,5,157852,157852
390155,0,3,3,161905,161905
390202,0,1,1,66130,66130
390215,0,1,1,67014,67014
390238,0,1,1,85179,85179
390240,0,2,2,154479,154479
390300,0,0,0,159623,159623
390304,0,3,3,150482,150482
390312,0,1,1,106757,106757
390328,0,1,1,131593,131593
390385,0,0,0,119227,119227
390428,0,0,0,79882,79882
390752,0,0,0,139567,139567
390812,0,1,1,146602,146602
390826,0,0,0,142794,142794
390834,1,7,8,135998,135998
390835,1,5,6,93730,93730
390902,0,11,11,122683,122683
390917,0,1,1,148756,148756
390945,0,0,0,162014,162014
391175,0,6,6,16420,16420
391180,1,2,3,149348,149348
391190,1,2,3,95201,95201
391223,0,2,2,146837,146837
391411,0,0,0,119993,119993
391437,0,1,1,151744,151744
391460,0,1,1,90774,90774
391463,0,0,0,133639,133639
391493,0,1,1,163312,163312
391535,0,1,1,128724,128724
391633,0,0,0,166323,166323
391727,0,0,0,158862,158862
391750,0,1,1,159939,159939
391760,0,0,0,157387,157387
391799,0,0,0,159621,159621
391836,0,2,2,137991,137991
391979,0,2,2,134303,134303
391988,0,0,0,148549,148549
392032,0,1,1,67418,67418
392040,0,2,2,134835,134835
392268,0,3,3,162883,162883
392342,0,0,0,130833,130833
392369,0,1,1,142278,142278
392560,0,1,1,172562,172562
392593,0,2,2,162719,162719
392644,0,0,0,137050,137050
392714,0,0,0,159461,159461
392719,0,0,0,172007,172007
392948,0,3,3,150340,150340
393040,0,1,1,83789,83789
393099,0,0,0,161618,161618
393305,0,0,0,120960,120960
393322,0,0,0,154309,154309
393343,0,0,0,76997,76997
393373,1,4,5,73455,73455
393417,0,2,2,163381,163381
393480,0,1,1,152727,152727
393493,2,3,5,150157,150157
393540,1,2,3,147300,147300
393710,0,3,3,83956,83956
393777,0,2,2,133996,133996
393903,0,4,4,171438,171438
393920,0,2,2,149687,149687
393942,0,3,3,131115,131115
393956,0,5,5,73281,73281
394025,0,3,3,134670,134670
394053,0,5,5,99839,99839
394139,0,3,3,59635,59635
394170,1,2,3,162571,162571
394174,0,0,0,149927,149927
394219,0,3,3,148393,148393
394259,1,1,2,93901,93901
394347,0,8,8,155266,155266
394353,0,1,1,167424,167424
394411,0,1,1,166186,166186
394419,0,1,1,105813,105813
394461,0,7,7,169278,169278
394499,0,1,1,166159,166159
394552,0,0,0,156494,156494
394570,0,3,3,73449,73449
394632,0,0,0,164775,164775
394701,0,1,1,148725,148725
394722,0,0,0,172213,172213
394729,0,1,1,157143,157143
394798,0,1,1,147022,147022
394804,0,2,2,142085,142085
394820,0,2,2,107935,107935
394849,1,1,2,147735,147735
395006,0,0,0,155617,155617
395194,0,3,3,69262,69262
395223,0,0,0,162009,162009
395234,1,5,6,119568,119568
395390,0,5,5,75632,75632
395476,0,1,1,44100,44100
395551,1,1,2,100543,100543
395552,1,1,2,103191,103191
395562,0,0,0,156635,156635
395609,0,2,2,150470,150470
395629,0,0,0,68772,68772
395647,0,2,2,93841,93841
395671,0,1,1,99745,99745
395786,0,1,1,68157,68157
395807,0,0,0,120046,120046
395864,0,1,1,137811,137811
395975,0,0,0,154686,154686
395980,0,1,1,66350,66350
395997,0,1,1,164193,164193
396005,0,1,1,154907,154907
396147,0,2,2,152431,152431
396171,0,1,1,139238,139238
396259,1,1,2,156640,156640
396270,0,0,0,167653,167653
396290,0,3,3,61903,61903
396362,0,1,1,70096,70096
396416,1,1,2,116017,116017
396492,1,7,8,152282,152282
396506,0,3,3,143227,143227
396594,0,0,0,148572,148572
396654,0,2,2,83406,83406
396659,0,5,5,148683,148683
396668,1,4,5,46892,46892
396669,1,2,3,47065,47065
396684,0,1,1,147485,147485
396685,0,2,2,66937,66937
397030,1,2,3,146517,146517
397035,0,0,0,163866,163866
397066,0,1,1,69971,69971
397067,0,0,0,148515,148515
397109,0,1,1,146687,146687
397128,1,4,5,69256,69256
397129,0,1,1,162986,162986
397380,0,2,2,64603,64603
397482,0,1,1,144564,144564
397486,0,1,1,66945,66945
397492,0,0,0,148986,148986
397740,0,0,0,143726,143726
397799,0,1,1,86063,86063
397925,0,0,0,145326,145326
398007,1,6,7,158903,158903
398014,0,1,1,114368,114368
398071,0,1,1,78481,78481
398112,1,4,5,136969,136969
398152,0,0,0,102465,102465
398186,1,1,2,144651,144651
398227,0,0,0,152642,152642
398232,0,0,0,153888,153888
398287,0,1,1,107656,107656
398291,0,1,1,70510,70510
398348,0,1,1,133773,133773
398361,0,1,1,67519,67519
398391,0,1,1,66974,66974
398420,0,2,2,169678,169678
398486,0,0,0,167165,167165
398492,0,0,0,169451,169451
398641,0,0,0,151090,151090
398652,0,1,1,68019,68019
398686,0,1,1,148318,148318
398720,0,0,0,158862,158862
398788,0,2,2,147890,147890
398816,0,0,0,159818,159818
398879,0,0,0,138162,138162
398963,0,3,3,136014,136014
398971,1,1,2,70592,70592
399037,0,0,0,142940,142940
399064,0,0,0,139805,139805
399085,0,1,1,152736,152736
399221,0,0,0,150269,150269
399281,0,5,5,149659,149659
399313,0,2,2,144030,144030
399371,0,0,0,172138,172138
399419,0,0,0,88708,88708
399422,0,2,2,164578,164578
399538,0,0,0,158514,158514
399551,0,2,2,67276,67276
399624,0,1,1,167095,167095
399677,0,0,0,149505,149505
399813,0,2,2,140484,140484
399891,0,0,0,140311,140311
399920,0,4,4,73684,73684
399931,0,1,1,172120,172120
400107,0,1,1,137278,137278
400139,0,0,0,110047,110047
400158,0,0,0,79553,79553
400195,0,0,0,142595,142595
400237,0,0,0,103579,103579
400242,0,2,2,69327,69327
400258,0,2,2,81288,81288
400283,0,5,5,67349,67349
400292,0,0,0,156320,156320
400339,0,0,0,159882,159882
400351,0,2,2,169572,169572
400394,0,10,10,164406,164406
400421,0,0,0,159576,159576
400487,0,1,1,137079,137079
400499,0,1,1,134490,134490
400586,0,4,4,155799,155799
400686,0,3,3,141500,141500
400736,0,1,1,63388,63388
400738,0,3,3,141423,141423
400739,0,2,2,138309,138309
400834,0,1,1,147952,147952
400973,0,1,1,138385,138385
401101,0,0,0,85796,85796
401264,0,4,4,147107,147107
401287,0,0,0,139711,139711
401291,0,1,1,98951,98951
401335,0,1,1,115312,115312
401377,0,1,1,149123,149123
401410,0,2,2,67979,67979
401447,0,14,14,147079,147079
401455,0,3,3,164145,164145
401625,0,1,1,123798,123798
401743,0,2,2,161712,161712
401752,0,0,0,147779,147779
401795,0,0,0,148787,148787
401801,0,1,1,130080,130080
401841,0,2,2,60521,60521
401878,0,1,1,90605,90605
401899,0,2,2,133044,133044
401910,0,0,0,170891,170891
401929,0,4,4,158443,158443
401948,0,0,0,168919,168919
402026,0,0,0,160149,160149
402081,0,1,1,166856,166856
402134,0,2,2,123434,123434
402196,0,2,2,66466,66466
402304,0,0,0,156197,156197
402450,0,1,1,93525,93525
402528,0,0,0,113408,113408
402536,0,2,2,142372,142372
402627,0,1,1,153108,153108
402640,0,2,2,148498,148498
402664,0,1,1,134326,134326
402673,0,4,4,66845,66845
402729,0,1,1,82704,82704
402748,0,2,2,149211,149211
402779,1,1,2,160208,160208
402843,0,0,0,137275,137275
402871,0,5,5,162949,162949
402999,0,4,4,75861,75861
403023,0,1,1,132123,132123
403136,0,0,0,160590,160590
403156,0,0,0,157729,157729
403227,0,0,0,158787,158787
403263,0,1,1,165019,165019
403275,0,1,1,95959,95959
403358,0,1,1,58725,58725
403452,0,0,0,153381,153381
403509,0,0,0,171636,171636
403556,0,1,1,141527,141527
403562,0,3,3,147731,147731
403586,0,1,1,144029,144029
403689,0,1,1,154028,154028
403726,0,2,2,67224,67224
403747,0,7,7,157831,157831
403823,0,1,1,156838,156838
403936,0,1,1,66118,66118
403954,0,14,14,51718,51718
403969,0,1,1,141876,141876
404017,0,2,2,69682,69682
404107,0,0,0,147585,147585
404159,0,0,0,171802,171802
404191,0,0,0,159378,159378
404276,0,1,1,160752,160752
404283,0,0,0,77874,77874
404330,0,1,1,17907,17907
404337,1,0,1,72996,72996
404522,0,3,3,146716,146716
404613,1,1,2,40241,40241
404614,1,1,2,45890,45890
404617,2,3,5,71481,71481
404784,0,1,1,147809,147809
404872,0,0,0,167748,167748
404878,0,1,1,99018,99018
404910,0,0,0,135949,135949
404928,1,1,2,76478,76478
404953,0,3,3,150241,150241
405010,1,2,3,143531,143531
405018,0,3,3,86366,86366
405033,1,1,2,144020,144020
405042,0,1,1,159242,159242
405101,0,1,1,28540,28540
405238,0,0,0,165323,165323
405253,0,0,0,143665,143665
405484,1,4,5,59959,59959
405487,0,0,0,147223,147223
405525,0,2,2,76414,76414
405543,0,0,0,165043,165043
405606,0,0,0,125600,125600
405630,0,0,0,142932,142932
405634,1,0,1,133581,133581
405667,0,0,0,71281,71281
405674,0,0,0,131863,131863
405749,0,1,1,70170,70170
405789,0,0,0,166130,166130
405801,0,0,0,161906,161906
405808,0,1,1,78421,78421
405836,0,3,3,130832,130832
405863,2,2,4,39971,39971
405864,1,2,3,73456,73456
405994,0,1,1,150332,150332
406033,0,1,1,80796,80796
406049,0,2,2,142911,142911
406187,0,2,2,118666,118666
406250,0,7,7,154248,154248
406318,0,8,8,147019,147019
406349,0,1,1,66698,66698
406353,0,8,8,104807,104807
406360,0,0,0,162331,162331
406365,1,1,2,87904,87904
406373,0,3,3,67755,67755
406408,0,0,0,137636,137636
406603,1,3,4,70094,70094
406711,0,2,2,154666,154666
406739,0,4,4,67469,67469
406769,0,0,0,163393,163393
406958,0,3,3,146231,146231
406997,0,5,5,138490,138490
407144,1,1,2,162949,162949
407162,0,0,0,143821,143821
407383,0,3,3,58333,58333
407465,0,1,1,152068,152068
407509,0,0,0,159664,159664
407944,0,0,0,157384,157384
407978,0,0,0,152604,152604
408030,0,0,0,150576,150576
408050,0,1,1,113310,113310
408145,0,0,0,98680,98680
408147,0,3,3,150359,150359
408157,0,3,3,73540,73540
408185,0,2,2,169473,169473
408212,0,1,1,66230,66230
408238,0,1,1,76077,76077
408291,0,1,1,156275,156275
408314,0,0,0,156193,156193
408376,0,0,0,2002,2002
408393,0,0,0,159966,159966
408440,0,1,1,66581,66581
408446,0,2,2,139472,139472
408452,0,0,0,163636,163636
408507,1,5,6,76109,76109
408509,0,1,1,66493,66493
408517,0,0,0,166855,166855
408601,1,1,2,137673,137673
408603,1,1,2,149413,149413
408678,0,0,0,156934,156934
408679,0,0,0,164269,164269
408688,0,0,0,159545,159545
408827,0,3,3,154585,154585
408845,0,0,0,161241,161241
408890,0,0,0,116337,116337
408939,0,1,1,150847,150847
409184,0,0,0,170542,170542
409193,0,0,0,73157,73157
409215,0,0,0,168913,168913
409221,0,4,4,172280,172280
409238,0,2,2,162833,162833
409329,0,1,1,39651,39651
409361,0,1,1,151919,151919
409390,0,2,2,150118,150118
409397,0,1,1,148129,148129
409401,0,1,1,169101,169101
409441,0,2,2,137110,137110
409455,0,2,2,170086,170086
409476,0,0,0,150414,150414
409493,0,0,0,160141,160141
409555,0,0,0,148257,148257
409580,0,3,3,140946,140946
409720,0,1,1,157678,157678
409764,0,1,1,144118,144118
409815,0,5,5,139227,139227
410024,1,1,2,127849,127849
410067,0,1,1,138209,138209
410191,0,2,2,147960,147960
410192,0,2,2,141591,141591
410253,0,0,0,154823,154823
410315,0,5,5,149512,149512
410583,0,1,1,149576,149576
410616,0,1,1,113320,113320
410627,0,2,2,61537,61537
410700,0,3,3,62626,62626
410711,0,1,1,136273,136273
410755,0,1,1,135587,135587
410808,1,1,2,158515,158515
410877,1,3,4,83997,83997
410906,0,3,3,64969,64969
410920,0,1,1,160922,160922
410955,0,0,0,147647,147647
410971,1,2,3,128620,128620
411139,0,0,0,140183,140183
411143,0,1,1,115081,115081
411233,0,2,2,145882,145882
411257,0,0,0,171103,171103
411422,0,1,1,69222,69222
411443,0,1,1,75025,75025
411447,0,1,1,158710,158710
411492,0,2,2,121853,121853
411530,0,0,0,81197,81197
411554,0,1,1,67949,67949
411588,1,3,4,150187,150187
411634,0,0,0,147971,147971
411679,0,2,2,112563,112563
411817,0,1,1,143992,143992
411854,0,0,0,151684,151684
411878,0,2,2,74987,74987
411898,0,1,1,145784,145784
411991,0,8,8,151330,151330
412017,0,3,3,153342,153342
412042,0,1,1,66844,66844
412169,0,3,3,149788,149788
412299,0,1,1,87618,87618
412394,0,2,2,131768,131768
412404,1,3,4,147629,147629
412426,0,3,3,168828,168828
412464,0,0,0,157625,157625
412606,0,1,1,155917,155917
412732,0,0,0,168833,168833
412749,0,0,0,158580,158580
412771,0,0,0,133510,133510
412863,0,1,1,106977,106977
412892,0,0,0,156425,156425
413023,0,0,0,162040,162040
413120,0,0,0,157888,157888
413174,0,1,1,167294,167294
413211,0,0,0,164844,164844
413221,0,0,0,158755,158755
413224,0,2,2,146827,146827
413242,0,0,0,160932,160932
413290,0,0,0,171530,171530
413322,0,2,2,155898,155898
413362,0,1,1,134874,134874
413392,0,2,2,150157,150157
413395,0,0,0,70322,70322
413449,0,1,1,152915,152915
413485,0,1,1,66838,66838
413489,0,1,1,145498,145498
413505,0,1,1,66327,66327
413506,0,0,0,160926,160926
413586,0,2,2,168573,168573
413591,0,0,0,25038,25038
413607,0,1,1,166572,166572
413635,1,2,3,115823,115823
413692,0,7,7,118701,118701
413835,0,5,5,150210,150210
413922,0,1,1,65028,65028
414059,0,2,2,135640,135640
414073,0,1,1,73056,73056
414121,0,0,0,170216,170216
414128,0,0,0,95668,95668
414163,0,0,0,61204,61204
414197,0,6,6,153867,153867
414226,0,0,0,118919,118919
414313,0,3,3,151111,151111
414396,0,1,1,149478,149478
414398,0,9,9,59752,59752
414423,0,6,6,145292,145292
414528,0,3,3,150569,150569
414608,0,3,3,145821,145821
414616,0,1,1,139724,139724
414627,0,2,2,143255,143255
414702,0,2,2,150395,150395
414706,0,0,0,132935,132935
414756,0,1,1,66021,66021
414870,0,1,1,168658,168658
414875,0,0,0,147448,147448
414901,0,0,0,21187,21187
414945,0,1,1,154428,154428
414960,0,0,0,118272,118272
415002,0,1,1,76249,76249
415013,0,2,2,160717,160717
415048,0,2,2,133378,133378
415071,0,0,0,171472,171472
415261,0,4,4,60723,60723
415290,1,1,2,161116,161116
415345,1,2,3,143486,143486
415362,0,2,2,132101,132101
415380,0,3,3,75264,75264
415407,0,1,1,49572,49572
415429,0,0,0,137924,137924
415523,1,2,3,113056,113056
415626,0,0,0,60409,60409
415700,1,2,3,111800,111800
415779,0,4,4,158209,158209
415849,3,4,7,158187,158187
415856,0,0,0,168787,168787
415950,0,1,1,166605,166605
416017,2,2,4,155493,155493
416018,2,2,4,155515,155515
416019,2,2,4,155472,155472
416098,0,1,1,4542,4542
416141,0,1,1,157281,157281
416263,0,1,1,160654,160654
416274,0,0,0,114769,114769
416293,0,3,3,154897,154897
416416,0,1,1,73695,73695
416509,0,0,0,160068,160068
416515,0,2,2,48240,48240
416526,0,5,5,63588,63588
416557,0,0,0,156735,156735
416588,0,2,2,162000,162000
416616,0,4,4,145884,145884
416668,0,0,0,171601,171601
416703,0,2,2,152366,152366
416757,0,0,0,158417,158417
416761,0,2,2,81619,81619
416773,0,2,2,66340,66340
416865,0,1,1,159497,159497
416909,0,1,1,141448,141448
416991,0,1,1,160126,160126
417025,0,0,0,156597,156597
417172,0,4,4,147552,147552
417244,2,2,4,67540,67540
417245,1,5,6,66528,66528
417298,1,9,10,136925,136925
417308,0,12,12,147822,147822
417395,0,4,4,149531,149531
417415,0,0,0,136588,136588
417551,0,0,0,158509,158509
417826,0,3,3,73886,73886
417843,0,1,1,68113,68113
417851,0,4,4,162991,162991
417871,0,2,2,137133,137133
418052,0,0,0,153257,153257
418087,0,2,2,145963,145963
418178,0,6,6,60590,60590
418310,0,0,0,75140,75140
418445,0,1,1,146628,146628
418453,1,1,2,159524,159524
418572,0,0,0,141027,141027
418589,0,0,0,149976,149976
418597,0,1,1,144891,144891
418602,0,2,2,153138,153138
418633,0,1,1,67248,67248
418659,0,0,0,145714,145714
418663,0,4,4,141428,141428
418672,1,2,3,149340,149340
418706,0,1,1,162916,162916
418755,0,0,0,148009,148009
418902,0,0,0,167590,167590
418991,0,3,3,148436,148436
418997,0,0,0,163015,163015
419014,0,1,1,85755,85755
419047,0,2,2,73336,73336
419141,0,0,0,150656,150656
419191,0,1,1,76871,76871
419196,0,1,1,134345,134345
419202,0,2,2,159833,159833
419209,0,1,1,134259,134259
419211,0,1,1,67140,67140
419298,0,0,0,157535,157535
419322,0,0,0,143197,143197
419378,0,0,0,172320,172320
419391,0,0,0,139565,139565
419397,0,0,0,136613,136613
419424,0,7,7,170662,170662
419518,0,0,0,165879,165879
419525,0,0,0,156132,156132
419550,0,2,2,140980,140980
419602,1,3,4,136605,136605
419603,1,2,3,135719,135719
419685,0,1,1,147122,147122
419750,0,0,0,126386,126386
419790,0,1,1,165972,165972
419852,0,0,0,143365,143365
419879,0,1,1,133307,133307
419971,0,1,1,142657,142657
420046,0,1,1,156889,156889
420062,0,0,0,122356,122356
420213,0,1,1,163293,163293
420214,0,0,0,142651,142651
420240,0,2,2,118972,118972
420244,0,0,0,170566,170566
420248,0,0,0,140045,140045
420253,0,0,0,141140,141140
420350,0,0,0,116727,116727
420502,0,2,2,125006,125006
420551,0,0,0,114026,114026
420585,0,0,0,38315,38315
420666,0,0,0,159356,159356
420683,0,1,1,73179,73179
420719,0,0,0,143662,143662
420733,0,1,1,138439,138439
420798,0,1,1,84747,84747
420868,0,1,1,151201,151201
420872,0,0,0,149288,149288
420926,0,0,0,110929,110929
420960,0,1,1,66828,66828
421074,0,0,0,162020,162020
421262,0,0,0,133409,133409
421272,0,2,2,155558,155558
421370,0,1,1,69269,69269
421510,0,0,0,98161,98161
421530,0,0,0,145960,145960
421605,1,3,4,76479,76479
421621,0,8,8,112724,112724
421625,0,1,1,168465,168465
421672,0,0,0,150430,150430
421819,0,1,1,68076,68076
421828,0,0,0,135678,135678
421886,0,2,2,145311,145311
421902,1,1,2,147695,147695
421925,0,0,0,73178,73178
421931,0,4,4,134013,134013
421993,0,1,1,139104,139104
422010,0,1,1,73347,73347
422097,0,4,4,451,451
422099,0,0,0,147418,147418
422104,0,0,0,77646,77646
422131,1,0,1,144304,144304
422138,0,0,0,163436,163436
422146,0,1,1,161761,161761
422195,0,1,1,146205,146205
422355,0,2,2,83258,83258
422386,0,1,1,158992,158992
422463,0,1,1,58271,58271
422519,0,1,1,123663,123663
422561,0,1,1,67087,67087
422593,0,1,1,114670,114670
422608,0,0,0,158112,158112
422670,0,2,2,152674,152674
422673,0,1,1,154015,154015
422689,0,2,2,64122,64122
422740,0,0,0,128636,128636
422784,0,3,3,125993,125993
422802,1,1,2,169261,169261
422803,1,9,10,159982,159982
422848,0,0,0,60362,60362
422883,0,0,0,136535,136535
423018,0,1,1,157384,157384
423059,0,0,0,132305,132305
423078,0,0,0,153349,153349
423090,0,3,3,151792,151792
423120,0,0,0,148419,148419
423145,0,0,0,97947,97947
423158,0,0,0,86063,86063
423159,0,1,1,147253,147253
423163,0,4,4,136796,136796
423493,0,4,4,145392,145392
423545,0,0,0,143634,143634
423584,0,0,0,119371,119371
423736,0,0,0,69195,69195
423818,0,1,1,67482,67482
423884,0,3,3,148468,148468
423889,0,4,4,150989,150989
423912,0,1,1,138541,138541
423981,0,3,3,76174,76174
424006,0,2,2,147094,147094
424033,0,1,1,68514,68514
424101,0,1,1,138893,138893
424105,0,1,1,150484,150484
424200,0,0,0,166986,166986
424205,0,0,0,159621,159621
424225,0,4,4,154579,154579
424239,0,0,0,50010,50010
424314,0,1,1,129340,129340
424350,0,1,1,172609,172609
424367,0,2,2,109197,109197
424441,0,0,0,144378,144378
424443,0,1,1,69854,69854
424465,0,1,1,78665,78665
424514,0,6,6,145386,145386
424543,0,3,3,150050,150050
424606,0,0,0,69213,69213
424611,0,2,2,162160,162160
424641,0,1,1,96458,96458
424730,0,0,0,68120,68120
424732,0,0,0,5279,5279
424842,0,0,0,143758,143758
424861,0,2,2,59946,59946
424879,0,0,0,157636,157636
424890,0,0,0,154110,154110
424996,0,0,0,167264,167264
425002,0,0,0,158413,158413
425093,0,1,1,141908,141908
425115,0,1,1,167761,167761
425124,0,1,1,70045,70045
425189,0,7,7,139246,139246
425246,0,1,1,156784,156784
425266,0,2,2,162681,162681
425273,0,0,0,137492,137492
425285,0,0,0,141188,141188
425343,0,7,7,24352,24352
425396,0,2,2,166961,166961
425406,0,0,0,151495,151495
425441,0,1,1,32359,32359
425467,0,3,3,67020,67020
425599,0,2,2,115578,115578
425629,0,2,2,166248,166248
425672,0,0,0,141144,141144
425690,0,0,0,172569,172569
425698,0,1,1,113952,113952
425773,0,3,3,142610,142610
425815,0,3,3,149338,149338
425923,1,3,4,136831,136831
426012,0,1,1,114680,114680
426280,0,1,1,70522,70522
426414,0,0,0,159384,159384
426445,0,5,5,71200,71200
426569,0,0,0,73552,73552
426711,1,2,3,148328,148328
426786,0,1,1,74397,74397
426794,1,10,11,133281,133281
426930,0,1,1,153542,153542
426961,0,0,0,170793,170793
427001,0,1,1,156420,156420
427070,0,1,1,112691,112691
427168,0,1,1,71469,71469
427240,0,0,0,123198,123198
427266,0,1,1,155177,155177
427276,0,1,1,70639,70639
427517,0,2,2,163458,163458
427519,0,0,0,151804,151804
427679,0,1,1,91728,91728
427699,0,1,1,157105,157105
427827,0,2,2,145719,145719
427890,0,0,0,161574,161574
427915,0,0,0,161008,161008
427963,0,0,0,136013,136013
427990,0,0,0,169204,169204
428014,0,1,1,144834,144834
428062,0,0,0,25523,25523
428124,1,7,8,160495,160495
428159,0,0,0,119060,119060
428185,0,0,0,158167,158167
428228,0,3,3,135879,135879
428296,0,1,1,89540,89540
428368,0,0,0,156017,156017
428416,0,1,1,85027,85027
428545,0,5,5,73634,73634
428614,0,2,2,67940,67940
428626,0,6,6,140344,140344
428629,0,0,0,57107,57107
428663,0,1,1,149197,149197
428691,0,1,1,134217,134217
429128,1,9,10,157468,157468
429140,0,1,1,79133,79133
429184,0,0,0,164768,164768
429242,0,0,0,166753,166753
429300,0,1,1,135253,135253
429449,0,2,2,154432,154432
429492,0,1,1,142431,142431
429507,0,0,0,142883,142883
429523,0,7,7,66745,66745
429581,0,1,1,151839,151839
429650,0,1,1,153347,153347
429661,0,1,1,128519,128519
429731,0,0,0,127292,127292
429786,0,0,0,147443,147443
429788,0,0,0,95951,95951
429815,0,0,0,74582,74582
429885,0,0,0,170282,170282
429921,0,0,0,94620,94620
429995,0,4,4,137991,137991
430138,0,0,0,170564,170564
430142,0,1,1,68789,68789
430150,0,0,0,19414,19414
430307,1,3,4,165664,165664
430418,0,0,0,163194,163194
430470,0,0,0,162726,162726
430515,0,0,0,66417,66417
430523,0,0,0,145354,145354
430576,0,0,0,136760,136760
430600,0,1,1,69128,69128
430694,0,1,1,101830,101830
430730,0,1,1,148786,148786
430840,0,1,1,144126,144126
430885,0,1,1,139426,139426
430894,0,1,1,67279,67279
430932,0,0,0,170496,170496
430934,0,1,1,169568,169568
431203,0,1,1,171720,171720
431215,0,1,1,142357,142357
431283,0,1,1,153267,153267
431284,0,1,1,139415,139415
431352,0,1,1,147949,147949
431370,0,0,0,98286,98286
431421,0,4,4,141721,141721
431442,0,1,1,163591,163591
431485,0,3,3,103009,103009
431729,0,1,1,159550,159550
431731,0,3,3,149893,149893
431804,0,1,1,147280,147280
431833,0,0,0,18091,18091
431834,0,0,0,18093,18093
431835,0,7,7,137700,137700
431847,0,0,0,160999,160999
431854,0,3,3,155543,155543
431866,0,3,3,114096,114096
431919,0,1,1,79613,79613
432097,0,2,2,162745,162745
432159,0,0,0,161403,161403
432176,0,2,2,139843,139843
432238,0,2,2,165046,165046
432242,0,5,5,71690,71690
432258,0,5,5,136120,136120
432438,0,1,1,85096,85096
432466,0,2,2,148540,148540
432622,0,2,2,8052,8052
432624,0,0,0,46739,46739
432626,0,1,1,32519,32519
432637,0,1,1,122447,122447
432658,0,2,2,73364,73364
432705,0,0,0,111213,111213
432864,0,1,1,151383,151383
432890,0,3,3,151380,151380
432896,0,1,1,151092,151092
432903,0,1,1,148433,148433
432916,0,0,0,159362,159362
433046,0,1,1,147447,147447
433074,0,0,0,132751,132751
433143,0,1,1,122176,122176
433144,0,2,2,83181,83181
433198,0,0,0,166472,166472
433199,1,3,4,139786,139786
433208,0,2,2,140275,140275
433230,0,1,1,151530,151530
433269,0,0,0,125961,125961
433283,1,3,4,156271,156271
433329,0,1,1,60137,60137
433378,1,1,2,57744,57744
433379,1,1,2,57711,57711
433390,0,1,1,160842,160842
433459,0,2,2,113788,113788
433476,1,2,3,63156,63156
433477,1,2,3,63808,63808
433504,0,4,4,33361,33361
433521,0,1,1,92429,92429
433576,0,0,0,156386,156386
433592,0,0,0,160110,160110
433800,0,0,0,120582,120582
433854,0,2,2,132637,132637
433927,0,0,0,142899,142899
433942,0,1,1,150546,150546
433986,0,0,0,158202,158202
433989,0,1,1,108329,108329
434032,0,2,2,147859,147859
434243,0,0,0,61017,61017
434247,0,0,0,148025,148025
434429,0,0,0,66905,66905
434450,0,2,2,133346,133346
434518,0,6,6,112406,112406
434592,0,2,2,122050,122050
434593,0,0,0,162720,162720
434671,0,1,1,143201,143201
434675,0,3,3,58121,58121
434785,0,0,0,154145,154145
434845,0,0,0,125919,125919
434877,0,1,1,67102,67102
434899,0,1,1,94960,94960
434932,0,3,3,61341,61341
434943,0,0,0,157645,157645
435061,1,1,2,162793,162793
435071,2,2,4,40096,40096
435146,0,0,0,166911,166911
435166,0,1,1,150587,150587
435205,0,3,3,67620,67620
435259,0,3,3,149928,149928
435284,0,3,3,152948,152948
435414,0,0,0,150182,150182
435429,0,1,1,167203,167203
435460,0,0,0,96542,96542
435474,0,5,5,73905,73905
435496,0,1,1,137449,137449
435579,0,0,0,154806,154806
435615,0,1,1,146598,146598
435663,0,1,1,147671,147671
435809,1,3,4,126113,126113
435848,0,0,0,159823,159823
435947,0,1,1,66302,66302
436094,0,0,0,20439,20439
436272,0,1,1,146767,146767
436350,0,3,3,136917,136917
436392,0,1,1,122128,122128
436446,0,2,2,142966,142966
436484,0,1,1,69737,69737
436537,0,0,0,129591,129591
436552,0,1,1,66219,66219
436710,0,0,0,157293,157293
436809,0,0,0,140252,140252
436916,0,0,0,128407,128407
436941,0,1,1,66068,66068
436998,0,0,0,111376,111376
437035,0,0,0,124611,124611
437045,1,2,3,162036,162036
437050,0,1,1,78785,78785
437098,0,4,4,147504,147504
437113,0,1,1,149055,149055
437121,0,2,2,149352,149352
437149,0,2,2,62771,62771
437156,0,0,0,163408,163408
437160,0,2,2,170024,170024
437266,0,1,1,137797,137797
437338,0,2,2,147201,147201
437386,0,0,0,149449,149449
437416,0,2,2,164867,164867
437422,0,3,3,121368,121368
437467,0,0,0,160600,160600
437536,0,1,1,160113,160113
437563,0,3,3,153836,153836
437607,0,0,0,167446,167446
437613,0,1,1,151434,151434
437618,0,0,0,156954,156954
437649,0,0,0,138144,138144
437786,0,1,1,10874,10874
437805,0,5,5,170607,170607
437809,0,3,3,136084,136084
437904,0,1,1,150956,150956
437910,0,1,1,69298,69298
437923,0,1,1,50218,50218
437952,0,0,0,137374,137374
437993,0,0,0,154175,154175
438096,0,1,1,155233,155233
438119,0,1,1,105252,105252
438145,0,0,0,160766,160766
438160,0,1,1,55729,55729
438225,0,0,0,145869,145869
438363,1,5,6,147843,147843
438382,0,0,0,149948,149948
438386,0,2,2,73894,73894
438416,0,1,1,169259,169259
438476,0,1,1,141331,141331
438695,0,1,1,169446,169446
438699,0,3,3,147368,147368
438770,0,1,1,170425,170425
438800,0,1,1,150386,150386
438806,0,1,1,131950,131950
438817,0,0,0,137779,137779
438888,0,2,2,159599,159599
438896,0,1,1,66186,66186
438992,0,0,0,159347,159347
439016,0,3,3,151542,151542
439037,0,1,1,164803,164803
439178,0,0,0,141430,141430
439263,0,2,2,134336,134336
439301,0,2,2,148979,148979
439563,0,1,1,166256,166256
439591,0,0,0,143917,143917
439659,0,2,2,151279,151279
439697,0,0,0,161577,161577
439760,0,0,0,155791,155791
439775,0,1,1,125296,125296
439861,0,0,0,131038,131038
439929,0,0,0,109419,109419
440006,0,1,1,160973,160973
440094,0,0,0,154435,154435
440245,0,1,1,137814,137814
440349,0,1,1,168589,168589
440378,0,1,1,68571,68571
440391,0,0,0,160535,160535
440430,0,1,1,66104,66104
440454,0,0,0,160166,160166
440554,0,5,5,60261,60261
440568,0,0,0,142561,142561
440858,0,0,0,169516,169516
440868,0,1,1,169442,169442
441035,0,2,2,136950,136950
441040,0,2,2,135542,135542
441094,0,2,2,151197,151197
441212,0,0,0,172532,172532
441309,0,1,1,111218,111218
441336,0,1,1,162297,162297
441379,0,3,3,151792,151792
441461,0,1,1,150029,150029
441519,1,1,2,154706,154706
441565,0,0,0,156182,156182
441595,0,0,0,133788,133788
441706,0,0,0,160649,160649
441740,0,1,1,158548,158548
441746,0,2,2,82590,82590
441827,0,1,1,134337,134337
441843,0,0,0,144674,144674
441921,0,1,1,167320,167320
441981,0,0,0,136788,136788
442071,0,1,1,1034,1034
442197,0,0,0,29807,29807
442230,0,1,1,66069,66069
442351,0,0,0,162040,162040
442352,0,4,4,164454,164454
442545,0,0,0,172485,172485
442714,0,2,2,152453,152453
442745,0,0,0,140363,140363
442791,0,1,1,169939,169939
442798,0,0,0,158502,158502
442873,0,1,1,135498,135498
442909,0,2,2,138167,138167
442917,0,4,4,142091,142091
442999,0,0,0,97162,97162
443036,0,2,2,140879,140879
443040,0,0,0,113337,113337
443042,0,0,0,145032,145032
443087,0,2,2,97853,97853
443112,0,2,2,142375,142375
443302,0,0,0,147644,147644
443377,0,3,3,148986,148986
443450,0,0,0,62427,62427
443527,0,0,0,159693,159693
443538,0,1,1,135266,135266
443594,0,1,1,68164,68164
443606,0,1,1,155485,155485
443649,0,2,2,141459,141459
443822,0,1,1,164072,164072
443861,0,0,0,142806,142806
443915,0,0,0,164472,164472
443980,0,1,1,157885,157885
443983,0,4,4,35530,35530
444060,0,1,1,150336,150336
444117,0,0,0,87690,87690
444142,0,2,2,89228,89228
444368,0,0,0,172637,172637
444369,0,1,1,84137,84137
444396,0,1,1,66462,66462
444454,0,1,1,104975,104975
444478,0,0,0,101156,101156
444512,0,1,1,146277,146277
444538,0,1,1,157338,157338
444564,0,0,0,135979,135979
444567,0,1,1,73866,73866
444856,0,0,0,107147,107147
444882,0,1,1,146314,146314
444888,0,1,1,133675,133675
444921,0,1,1,163186,163186
444996,0,4,4,144672,144672
445008,0,0,0,157810,157810
445083,0,1,1,81049,81049
445183,0,1,1,162339,162339
445188,0,2,2,132966,132966
445189,0,1,1,63481,63481
445226,0,0,0,128091,128091
445316,0,0,0,127706,127706
445421,0,2,2,134292,134292
445427,0,1,1,71482,71482
445621,0,0,0,171625,171625
445655,0,2,2,144066,144066
445659,0,0,0,170284,170284
445661,0,0,0,171715,171715
445734,0,0,0,18099,18099
445837,0,0,0,142907,142907
445899,0,0,0,7771,7771
445971,0,2,2,153960,153960
446105,0,1,1,144239,144239
446113,0,0,0,162694,162694
446125,0,1,1,167285,167285
446197,0,0,0,134583,134583
446240,0,0,0,69237,69237
446268,0,0,0,161803,161803
446313,0,0,0,159537,159537
446328,0,5,5,5747,5747
446453,0,0,0,155974,155974
446493,0,0,0,158507,158507
446553,0,0,0,134444,134444
446597,0,0,0,142595,142595
446623,0,0,0,103555,103555
446636,0,1,1,172507,172507
446759,0,0,0,81676,81676
446798,0,2,2,141803,141803
446962,0,1,1,73069,73069
447008,0,1,1,66015,66015
447036,0,1,1,69831,69831
447118,0,1,1,136563,136563
447143,0,1,1,151222,151222
447173,0,1,1,154402,154402
447217,0,1,1,160444,160444
447223,0,0,0,103205,103205
447292,0,1,1,146498,146498
447305,0,0,0,149489,149489
447310,0,0,0,159193,159193
447385,0,0,0,129228,129228
447398,0,0,0,62345,62345
447580,0,1,1,67380,67380
447588,0,2,2,132299,132299
447633,0,0,0,46913,46913
447688,0,3,3,136398,136398
447695,0,2,2,145915,145915
447778,0,2,2,71192,71192
447822,0,0,0,150291,150291
447852,0,2,2,59722,59722
447887,0,1,1,134087,134087
447934,0,2,2,165527,165527
447949,0,0,0,155246,155246
447972,0,1,1,164361,164361
448020,0,1,1,164847,164847
448055,0,0,0,144020,144020
448086,0,1,1,135037,135037
448155,0,3,3,74543,74543
448170,0,0,0,156094,156094
448181,0,0,0,87970,87970
448270,0,0,0,167734,167734
448317,0,1,1,144008,144008
448367,0,6,6,143969,143969
448381,0,0,0,160995,160995
448427,0,2,2,133257,133257
448518,0,0,0,143768,143768
448592,0,5,5,146099,146099
448663,0,4,4,148552,148552
448746,0,1,1,109741,109741
448817,0,2,2,140516,140516
448833,0,1,1,81422,81422
448867,0,1,1,147980,147980
448948,0,2,2,135501,135501
449066,0,0,0,150357,150357
449070,0,2,2,137347,137347
449315,0,2,2,75126,75126
449329,0,0,0,11304,11304
449417,0,2,2,78901,78901
449456,0,3,3,142793,142793
449554,0,1,1,66853,66853
449638,0,0,0,148580,148580
449670,0,0,0,149457,149457
449721,0,1,1,137976,137976
449725,0,1,1,164485,164485
449729,0,0,0,143843,143843
449759,0,0,0,99354,99354
449784,0,0,0,157267,157267
449834,0,0,0,161614,161614
449875,0,0,0,143673,143673
450027,0,1,1,122371,122371
450036,0,0,0,137968,137968
450050,0,2,2,158672,158672
450132,0,2,2,136170,136170
450176,0,0,0,170990,170990
450289,0,1,1,164831,164831
450292,0,1,1,146628,146628
450295,0,1,1,66329,66329
450656,0,1,1,134818,134818
450717,0,0,0,154135,154135
450718,0,0,0,125039,125039
450765,0,0,0,121065,121065
450774,0,3,3,54937,54937
450845,0,1,1,157409,157409
450865,0,0,0,149096,149096
450917,0,3,3,109105,109105
450936,0,1,1,156537,156537
450966,0,1,1,161530,161530
451012,0,1,1,71007,71007
451028,0,0,0,162479,162479
451162,0,0,0,133161,133161
451221,0,1,1,130374,130374
451224,0,1,1,143144,143144
451267,0,1,1,76125,76125
451309,0,2,2,145463,145463
451313,0,1,1,142005,142005
451348,0,1,1,66092,66092
451530,0,5,5,144046,144046
451768,0,0,0,25871,25871
451858,0,2,2,145479,145479
451999,0,2,2,150399,150399
452177,0,3,3,100755,100755
452221,0,1,1,154546,154546
452257,0,1,1,138838,138838
452284,0,0,0,169290,169290
452423,0,0,0,76590,76590
452438,0,3,3,71869,71869
452441,0,1,1,95674,95674
452459,0,1,1,149002,149002
452510,0,0,0,163121,163121
452524,0,0,0,144289,144289
452540,0,0,0,157650,157650
452555,0,2,2,138921,138921
452578,0,0,0,155969,155969
452649,0,0,0,172732,172732
452671,0,1,1,51436,51436
452701,0,3,3,134118,134118
452702,0,1,1,149218,149218
452709,0,0,0,146992,146992
452738,0,2,2,155247,155247
452835,0,1,1,138826,138826
452885,0,0,0,167940,167940
452892,0,4,4,133914,133914
453007,0,1,1,75892,75892
453034,0,0,0,162466,162466
453115,0,0,0,147774,147774
453301,0,0,0,154038,154038
453348,0,0,0,92727,92727
453378,0,0,0,153178,153178
453428,0,0,0,122356,122356
453534,0,0,0,163865,163865
453535,0,0,0,132198,132198
453556,0,4,4,134227,134227
453599,0,0,0,69252,69252
453694,0,0,0,144252,144252
453699,0,1,1,163199,163199
453773,0,2,2,153614,153614
453801,0,1,1,53572,53572
453820,0,0,0,149910,149910
453833,0,0,0,97812,97812
453850,0,1,1,408,408
453890,0,1,1,158810,158810
454056,0,0,0,172183,172183
454065,0,1,1,75825,75825
454087,0,1,1,96410,96410
454096,0,0,0,159488,159488
454365,0,7,7,155367,155367
454397,0,1,1,145286,145286
454404,0,1,1,162381,162381
454439,0,0,0,144358,144358
454460,0,0,0,122311,122311
454479,0,1,1,156262,156262
454589,0,0,0,152576,152576
454626,0,1,1,135453,135453
454650,0,3,3,148874,148874
454663,0,1,1,89305,89305
454734,0,0,0,69082,69082
454761,0,0,0,118310,118310
454773,0,0,0,160730,160730
454814,0,1,1,67741,67741
454931,0,0,0,18086,18086
454953,0,0,0,23420,23420
454961,0,1,1,148244,148244
455007,0,1,1,168702,168702
455039,0,3,3,68608,68608
455040,0,1,1,135407,135407
455122,0,2,2,124024,124024
455152,0,1,1,149555,149555
455168,0,0,0,155912,155912
455330,0,1,1,141966,141966
455332,0,0,0,152080,152080
455361,0,2,2,158803,158803
455371,0,2,2,153405,153405
455413,0,1,1,166143,166143
